kp_uav,kp_patch,raw_matches,good_matches,good_ratio,homography_inliers,homography_ratio,num_3d2d_corr,pnp_inliers_anchor,pnp_ratio_anchor,anchor_easting_est,anchor_northing_est,anchor_altitude_est,anchor_easting_delta,anchor_northing_delta,anchor_altitude_delta,anchor_yaw_est,anchor_pitch_est,anchor_roll_est,anchor_yaw_delta,anchor_pitch_delta,anchor_roll_delta,pnp_inliers_prior,pnp_ratio_prior,prior_easting_est,prior_northing_est,prior_altitude_est,prior_easting_delta,prior_northing_delta,prior_altitude_delta,prior_yaw_est,prior_pitch_est,prior_roll_est,prior_yaw_delta,prior_pitch_delta,prior_roll_delta,gps_easting,gps_northing,gps_altitude,imu_yaw,imu_pitch,imu_roll,image_id,filename
8000,8001,33,18,0.5454545454545454,18,1.0,18,11,0.6111111111111112,445658.4954564725,5696632.624101143,476.4433176314549,-5.54349450947484,1.6238770512863994,-3.4641225540920004,-136.53643544966968,-1.368826140937086,-31.847775412637592,-4.223617378636277,-12.397076483453503,-31.01506646390368,11,0.6111111111111112,-291688459.50484174,-36548529020.215416,-81839667981.07947,-292134123.5437927,-36554225651.21564,-81839668460.98691,-89.5528625457243,-10.779511140560261,161.48250363069826,42.759955525309124,-21.80776148307666,162.31521257943217,445664.038950982,5696631.000224092,479.9074401855469,-132.3128180710334,11.028250342516413,-0.8327089487338988,214,frame_000214.png
8000,8000,16,8,0.5,8,1.0,8,8,1.0,445659.06800472806,5696627.720255399,477.0853045134704,-2.7991087229456753,-1.0101631730794907,-2.838706716998388,-134.72624159562878,-0.6055306256925603,-12.408037704214474,-2.6871359821408305,-10.147355958405967,-10.368670599995255,8,1.0,-11547736.194464179,4264057.954133523,4374943.844626,-11993398.06157763,-1432570.7762850495,4374463.92061477,-25.54463925892544,18.415642014846643,-92.88142349351389,106.49446635456252,8.873816682133253,-90.84205638929468,445661.867113451,5696628.730418572,479.9240112304688,-132.03910561348795,9.5418253327134,-2.0393671042192123,215,frame_000215.png
8000,8000,25,9,0.36,9,1.0,9,7,0.7777777777777778,445660.10702266387,5696629.025994065,477.2711624393076,-0.6973366652964614,1.3957801423966885,-2.690507482567398,-133.17395099005438,-16.73753034828927,-12.752185957578815,-0.941992824189299,-25.76856084884278,-10.080392659770524,7,0.7777777777777778,519406.8700035813,8779816.237169925,-880410.1551555865,73746.06564425211,3083188.6069560023,-880890.1168255084,-103.11753867489406,22.099698784718,-122.81838376140104,29.114419490971017,13.068668284164488,-120.14659046359276,445660.80435932917,5696627.630213923,479.961669921875,-132.23195816586508,9.03103050055351,-2.6717932978082812,216,frame_000216.png
8001,8000,19,13,0.6842105263157895,13,1.0,13,9,0.6923076923076923,445658.5538803968,5696625.284043137,476.8572234772291,-1.2162109126220457,-1.264498645439744,-3.1207428313646233,-132.72827717231053,-9.261983164049287,-6.599733211201894,-0.5976870290268437,-14.415822411535032,-5.883612792237841,9,0.6923076923076923,-2363486.778903721,1966091.9126863484,1727488.0141440816,-2809146.54899503,-3730534.635855434,1727008.036177773,-51.48581106047608,-26.048332916887016,-132.52219984527426,80.64477908280759,-31.20217216437277,-131.8060794263102,445659.77009130944,5696626.548541782,479.97796630859375,-132.13059014328368,5.15383924748576,-0.716120418964055,217,frame_000217.png
8000,8000,24,11,0.4583333333333333,11,1.0,11,11,1.0,445656.394233456,5696623.872182692,477.16852545196645,-2.370323018345516,-1.6275283191353083,-2.7939074093616796,-133.75504590340623,-8.00613181117522,-9.257119604330667,-1.6971631810030772,-8.692245856713043,-8.169412089271106,11,1.0,-1372921.362785125,6501960.394796841,-63126.83505951695,-1818580.1273415992,805334.8950858293,-63606.797492378275,-125.10769982974996,19.53518621510865,152.1299631247831,6.950182892653174,18.84907216957083,153.21767063984265,445658.76455647434,5696625.499711012,479.9624328613281,-132.05788272240315,0.6861140455378161,-1.0877075150595585,218,frame_000218.png
8000,8000,15,8,0.5333333333333333,8,1.0,8,7,0.875,445652.88507963007,5696619.318757375,476.8504159312666,-3.9706917706644163,-4.197204494848847,-2.974809898811543,-134.83752019860387,-10.169617003907716,-5.236308592518575,-3.84479302136063,19.294786610034407,-3.0161307558191766,7,0.875,176786.50294403196,1546933.7379937987,3383065.697997538,-268870.35282736877,-4149689.777968071,3382585.872771708,33.13588472272143,-84.0394995969576,-176.2128285419196,164.12861189996465,-54.57509598301547,-173.9926507052202,445656.85577140073,5696623.51596187,479.8252258300781,-130.99272717724324,-29.464403613942117,-2.2201778366993925,219,frame_000219.png
8000,8000,37,18,0.4864864864864865,18,1.0,18,15,0.8333333333333334,445653.26321059186,5696619.141732199,476.99405102579453,-2.853877939749509,-3.5572024593129754,-2.8508281245960916,-134.01198228471722,-12.943929776455542,-5.449444017640603,-1.4758056137055178,10.944377886433386,-7.149582996315786,15,0.8333333333333334,-2530878.869654795,3431028.457020744,-1569710.0408233518,-2976534.9867433268,-2265594.241913914,-1570189.8857025022,-110.84661587023767,-32.803291520291225,90.05669413264678,21.689560800774018,-8.91498385740232,88.35655515397161,445656.1170885316,5696622.698934658,479.8448791503906,-132.5361766710117,-23.88830766288892,1.7001389786751886,220,frame_000220.png
8000,8000,38,27,0.7105263157894737,27,1.0,27,25,0.9259259259259259,445652.88674943463,5696619.628809796,477.3995788394856,-1.5335519743384793,-1.2753072883933783,-2.5378296077799973,-133.89953298042676,-12.305545340718794,-8.398741944594247,-1.3288332623417887,-6.852606391671287,-8.628690283113428,25,0.9259259259259259,-676278264653.6661,-179313770984.4409,198759456177.101,-676278710308.0864,-179319467605.345,198759455697.1636,-61.74879307543067,21.949753389669315,74.80271272491,70.82190664265431,27.402692338716804,74.57276438639082,445654.420301409,5696620.904117084,479.9374084472656,-132.57069971808497,-5.452938949047501,0.22994833851917465,221,frame_000221.png
8000,8000,28,21,0.75,21,1.0,21,18,0.8571428571428571,445653.0276241074,5696620.105863239,477.39617917793964,-1.3339882306172512,-0.7657086858525872,-2.4995117400291633,-132.98831384543323,-11.142192591994935,-9.652587721662675,-1.1078330279896136,-10.995626808849863,-10.084595387910696,18,0.8571428571428571,882548269.4617138,-104789136.1853337,-313568779.43277895,882102615.1001015,-110485757.05690563,-313569259.3284699,142.8368104296142,-3.34615602228459,-151.49582266907393,-85.2827087529422,-3.1995902391394964,-151.92783033532194,445654.361612338,5696620.871571925,479.8956909179688,-131.8804808174436,-0.14656578314508253,0.43200766624801845,222,frame_000222.png
8000,8000,40,30,0.75,30,1.0,30,28,0.9333333333333333,445653.30350721953,5696620.336404778,477.2129691726799,-1.1640546025591902,-0.6428495161235332,-2.703778874195109,-133.23143130919783,-9.00329126152642,-9.101829417611297,-1.048704372769265,-12.92553967291417,-9.580326550899457,28,0.9333333333333333,-379137108.3315019,-185299867.0282077,88564267.82623118,-379582762.79906374,-190996488.007462,88563787.90948313,-91.32470550452433,-0.5624289447490017,159.29036007555464,40.858021431904234,-4.484677356136757,158.8118629422665,445654.4675618221,5696620.979254294,479.916748046875,-132.18272693642857,3.9222484113877503,0.4784971332881627,223,frame_000223.png
8000,8001,30,22,0.7333333333333333,22,1.0,22,20,0.9090909090909091,445653.35055085394,5696620.27604713,477.08015535560065,-1.169831462961156,-0.7519326647743583,-2.8560018709618475,-133.4408132798286,-7.60273330468392,-8.673585382860754,-0.8703957740456758,-13.35011888144453,-9.110806188710512,20,0.9090909090909091,333381284.4237062,-138835336.83057362,1131707275.6471741,332935629.9033238,-144531957.8585534,1131706795.711017,26.471188941453917,43.30755124338508,39.30040266958458,159.04160644723686,37.56016566662447,38.86318186373481,445654.5203823169,5696621.027979795,479.9361572265625,-132.57041750578293,5.747385576760614,0.43722080584976025,224,frame_000224.png
8000,8001,35,32,0.9142857142857143,32,1.0,32,28,0.875,445653.4774372797,5696620.082757189,477.0704707921313,-1.116376083693467,-1.018107721582055,-2.868066805524961,-133.83430475946548,-7.463900782194738,-7.940371346334605,-0.9768325680295789,-12.425954542118461,-9.088912800643499,28,0.875,11269511.595025046,49543024.954677455,22060376.03624594,10823857.001211682,43846403.853812546,22059896.09770834,-132.96704931418535,-2.7400974236523448,-2.5579884039003677,-0.10957712274944242,-7.702151183576063,-3.7065298582092794,445654.5938133634,5696621.1008649105,479.93853759765625,-132.8574721914359,4.962053759923721,1.148541454308899,225,frame_000225.png
8000,8000,35,29,0.8285714285714286,29,1.0,29,27,0.9310344827586207,445653.3726941737,5696620.346789489,477.16278464213576,-1.2353744921274483,-0.7745442427694798,-2.780269557083045,-133.9617750594669,-8.22592496075429,-9.093219380056476,-0.9468600469301975,-12.790023783381969,-10.063403644076232,27,0.9310344827586207,-42440539.39639016,125355271.29161069,-116240786.45009586,-42886194.00445883,119658650.17027695,-116241266.39315006,-22.20209667969398,-33.92932720354439,154.50377063427473,110.81281833284271,-38.493426026172074,153.53358637025497,445654.60806866584,5696621.121333731,479.9430541992188,-133.0149150125367,4.564098822627692,0.9701842640197561,226,frame_000226.png
8000,8000,47,36,0.7659574468085106,36,1.0,36,34,0.9444444444444444,445653.33807656914,5696620.200947268,477.08514065043585,-1.2662973157712258,-0.931303957477212,-2.8638949940954603,-133.57516999724646,-7.869795592579388,-7.7670406080049545,-0.8853781281588624,-11.803872461184113,-7.347780307127778,34,0.9444444444444444,557201.5540000255,5869524.232501383,422997.138004442,111546.94962614059,172903.10025015753,422517.18896879745,163.4774664007362,41.86081938267701,-80.67902928674845,-63.83274173017617,37.92674251407229,-80.25976898587126,445654.6043738849,5696621.132251225,479.9490356445313,-132.6897918690876,3.9340768686047256,-0.41926030087718225,227,frame_000227.png
8000,8000,32,27,0.84375,27,1.0,27,25,0.9259259259259259,445653.6312213713,5696620.483359012,477.12673434880173,-0.9195340498699807,-0.6858527036383748,-2.8216909441670737,-129.0162796675909,-7.884005403074396,-8.00778240630943,-0.9114413630231866,-14.192903015864687,-7.724791881761234,25,0.9259259259259259,32596450.78966598,-705103893.1756532,2141427979.3746955,32150796.238910556,-710800514.344865,2141427499.4262702,-105.61932473736643,62.81431289871908,53.74831173137224,22.48551356720128,56.50541528592879,54.03130225592042,445654.55075542117,5696621.169211715,479.9484252929688,-128.10483830456772,6.308897612790297,-0.2829905245481869,228,frame_000228.png
8000,8000,41,34,0.8292682926829268,34,1.0,34,31,0.9117647058823529,445653.66118106194,5696620.136872628,477.04041049574613,-0.9115407980862074,-1.0655320975929499,-2.927668117535177,-128.03600785815357,-6.509707537107233,-6.997990304279125,-0.8033466400494262,-11.953723703439323,-6.985894885592899,31,0.9117647058823529,18053428.133091614,26139963.44160138,-27270583.190599732,17607773.560369752,20443342.239196654,-27271063.158678345,-136.1947630586128,-8.23034912395092,-138.18150477059848,-8.962101840508637,-13.67436529028302,-138.16940935191226,445654.57272186,5696621.202404725,479.9680786132813,-127.23266121810416,5.444016166332099,-0.012095418686215078,229,frame_000229.png
8000,8000,32,24,0.75,24,1.0,24,22,0.9166666666666666,445654.03162521246,5696621.022942633,476.9377803871171,-0.48432347481139004,-0.052056861110031605,-3.0827884605391773,-127.44717292744674,-5.245548833852083,-9.778997611144165,-0.5737419571135831,-20.508934655245753,-12.347796345770206,22,0.9166666666666666,6629060.040513208,5461174.527722117,2383957.8105625357,6183405.52456452,-235446.54727737792,2383477.789993688,-99.48989187056868,80.56484038827199,151.58411697626113,27.383539099764477,65.3014545668783,149.0153182416351,445654.5159486873,5696621.0749994945,480.02056884765625,-126.87343097033316,15.263385821393678,2.5687987346260304,230,frame_000230.png
8000,8000,28,19,0.6785714285714286,19,1.0,19,18,0.9473684210526315,445653.60317200085,5696621.322087013,477.1323717110143,-0.626181778148748,0.5955755459144711,-2.9180128104700884,-126.83689672172586,-5.548650240848926,-11.405771782374458,-0.43337815961209003,-24.49642255042474,-12.456913910009945,18,0.9473684210526315,-1186506.786064635,2543372.9575156886,-1777842.698607192,-1632161.015418414,-3153247.7689957786,-1778322.7489917134,101.70358325721588,12.428833476940513,-171.20801726681663,-131.89289818067033,-6.518938832635314,-172.25915939445213,445654.229353779,5696620.726511467,480.0503845214844,-126.40351856211377,18.94777230957582,1.051142127635491,231,frame_000231.png
8001,8000,36,22,0.6111111111111112,22,1.0,22,16,0.7272727272727273,445652.94880407763,5696619.934925144,476.806736228745,-0.7233235166058876,-0.11399347893893719,-3.2290608903956013,-127.66591021010628,-2.298232811843466,-9.395034270683357,-1.3763260875429069,-20.604327320275303,-10.72382055301074,16,0.7272727272727273,12682926.23353644,11718910.764683485,2088903.4395322835,12237272.561408848,6022290.7157648625,2088423.4037351643,118.13437710959002,77.86006001131243,-29.880970689420085,-115.57603876784663,59.55396550288057,-31.209756971747453,445653.67212759424,5696620.048918623,480.0357971191406,-126.28958412256338,18.306094508431848,1.328786282327373,232,frame_000232.png
8000,8000,26,19,0.7307692307692307,19,1.0,19,16,0.8421052631578947,445651.03529967164,5696620.071854352,477.4082311518915,-2.263142976386007,0.4883502507582307,-2.6194177738897793,-128.74548493670483,-1.4618848119182064,-18.22359479586301,-2.243997374485957,-18.509238855564917,-20.21409667874474,16,0.8421052631578947,4825980.916249889,9314304.336856268,-3996832.8637388013,4380327.617807241,3617684.753352167,-3997312.891387727,-93.89309225284988,-1.6265616127113682,-174.02961238005014,32.608395309369,-18.673915656358076,-176.02011426293186,445653.298442648,5696619.583504101,480.0276489257813,-126.50148756221888,17.047354043646706,1.9905018828817274,233,frame_000233.png
8000,8001,29,21,0.7241379310344828,21,1.0,21,15,0.7142857142857143,445649.08907794114,5696619.064119869,477.32851869228875,-3.7794950945535675,0.018045363947749138,-2.6863128506800535,-129.7693910980594,3.39666266540736,-22.509345502060665,-2.9245771750431118,-12.113386078852301,-24.572664451899158,15,0.7142857142857143,-681128.4085550423,7675276.851072673,1453478.1436043032,-1126781.277128078,1978657.8049981678,1452998.1287727603,-13.939257684256665,15.146061073876789,105.10851769545691,112.90555623875963,-0.36398767038286906,103.04519874561839,445652.8685730357,5696619.046074505,480.0148315429688,-126.84481392301628,15.510048744259652,2.063318949838503,234,frame_000234.png
8000,8000,46,37,0.8043478260869565,37,1.0,37,26,0.7027027027027027,445650.06171375385,5696615.5767518645,476.94773935231933,-1.2117520450265147,-1.5724022295325994,-3.0390465363525436,-128.38287924721442,-1.736592827857362,-6.572620371928681,-1.5236757056884755,-9.299492958053918,-6.817473988868471,26,0.7027027027027027,498085.34534595,5725062.723607258,321008.2945091061,52434.07188015111,28445.574453163892,320528.3077232174,39.79689039050465,-4.672783860508585,-58.92458775798426,166.65609393203056,-12.235683990705127,-59.16944137492405,445651.2734657989,5696617.149154094,479.9867858886719,-126.85920354152594,7.562900130196543,0.24485361693977864,235,frame_000235.png
8000,8001,56,45,0.8035714285714286,45,1.0,45,35,0.7777777777777778,445649.86035637,5696615.06616146,477.2506024344911,-0.83339183969656,-1.3963951682671905,-2.7054522530089002,-128.1191387275078,-7.900748127564376,-5.97739511525598,-1.164417362697634,-11.658165617125292,-6.295783647286584,35,0.7777777777777778,20235638.02545245,62014943.64715549,-36413595.001602456,19789987.33170424,56318327.18459886,-36414074.95765714,-77.43360225946306,-5.322929921959977,174.74869371249673,49.52111910534708,-9.080347411520904,174.43030518046612,445650.6937482097,5696616.4625566285,479.9560546875,-126.95472136481014,3.7574174895609302,0.3183885320306002,236,frame_000236.png
8000,8000,37,28,0.7567567567567568,28,1.0,28,19,0.6785714285714286,445648.46976388915,5696612.159411879,477.2226193572645,-0.06205379468156025,-1.7477147243916988,-2.6988589142198975,-126.36941533600243,-13.790983184738982,-1.0339735368125638,0.33141514751196155,-9.132975085276911,0.09432571739822038,19,0.6785714285714286,-303155251.83921635,164641487.1803677,598908050.3626509,-303600900.371034,158944873.2732411,598907570.4411726,-127.42701743429909,-33.9995319015536,-161.97825252492592,-0.7261869507846939,-29.34152380209153,-160.84995327071513,445648.53181768383,5696613.907126604,479.9214782714844,-126.7008304835144,-4.658008099462074,-1.128299254210774,237,frame_000237.png
8001,8000,21,16,0.7619047619047619,16,1.0,16,9,0.5625,445647.2825259249,5696611.833510467,477.38920451520636,-0.804535364441108,-1.5536330817267299,-2.512773023856141,-127.48259068513771,-15.937784050422989,-4.381244597745194,-0.7756565895394942,-6.29068969466087,-3.421980088104476,9,0.5625,-1031401032.4562341,-4183131367.645722,3925348239.0567527,-1031846680.5432954,-4188827981.0328655,3925347759.154775,-102.79219021163004,27.52653464381164,-122.10506743616924,23.914743883968185,37.173628999573765,-121.14580292652853,445648.08706128935,5696613.387143549,479.9019775390625,-126.70693409559823,-9.647094355762126,-0.9592645096407056,238,frame_000238.png
8000,8000,25,14,0.56,14,1.0,14,11,0.7857142857142857,445646.3142821549,5696611.2376179,477.71142459822255,-1.376208583416883,-1.692976837977767,-2.1709911732618252,-128.48174689728958,-16.209257939406456,-6.582716294083481,-1.9604007610316785,-2.5904226090439977,-5.5488731453835385,11,0.7857142857142857,-96832548.85777982,33486648.722136904,139931463.46644568,-97278196.54827055,27790035.791542165,139930983.5840299,-72.50265469303534,-51.549083373983095,-155.4469072686493,54.018691443222565,-37.93024804362065,-154.41306411994935,445647.6904907383,5696612.930594738,479.8824157714844,-126.5213461362579,-13.61883533036245,-1.0338431486999522,239,frame_000239.png
8000,8002,27,16,0.5925925925925926,16,1.0,16,16,1.0,445645.54360611667,5696609.875945542,477.4580189654563,-1.8326913205091842,-2.695282435975969,-2.40037947204371,-128.3751666881904,-11.185847189754448,-5.39025048476275,-1.941521978747403,2.633764716598023,-4.786835793880698,16,1.0,-952827158.8989615,-332378088.8166036,73650677.02706367,-953272806.275259,-338074701.38783157,73650197.16866523,-96.57402900641377,-27.03295611147874,138.79364568789276,29.85961570302922,-13.213344205126248,139.39706037877477,445647.3762974372,5696612.571227978,479.8583984375,-126.43364470944299,-13.819611906352478,-0.6034146908820397,240,frame_000240.png
8000,8000,31,21,0.6774193548387096,21,1.0,21,16,0.7619047619047619,445645.7482198112,5696610.488126093,477.51060453529095,-1.2394515596679412,-1.6605177652090788,-2.335983599474673,-128.39195434790506,-14.522133659112137,-5.872618346430816,-1.6557191342417354,-3.358521185967419,-4.860385386849259,16,0.7619047619047619,-5506061681.378777,-4127810520.603557,3836052172.8662233,-5506507328.366447,-4133507132.752201,3836051693.019635,-90.18157115821184,-0.009622392394117227,-179.94646843321752,36.55466405545147,11.153990080750617,-178.93423547363597,445646.98767137085,5696612.148643858,479.8465881347656,-126.7362352136633,-11.163612473144731,-1.0122329595815596,241,frame_000241.png
8002,8002,37,22,0.5945945945945946,22,1.0,22,17,0.7727272727272727,445645.68985772,5696610.411364524,477.43239354758333,-1.2119407972786576,-1.6668415702879429,-2.436197761010419,-128.10936980217477,-10.743707852923311,-5.181862759200781,-1.1590417191974325,-6.165490697542225,-2.6648234434936455,17,0.7727272727272727,-206285662958.85678,2342133699.0016375,136642674747.3781,-206286108605.75858,2336437086.9234314,136642674267.5095,-37.1677863048083,-19.794974947577426,23.248665397405183,89.78254177816905,-15.216757792196347,25.765704713112314,445646.90179851727,5696612.078206094,479.86859130859375,-126.95032808297734,-4.578217155381087,-2.5170393157071334,242,frame_000242.png
8000,8000,48,25,0.5208333333333334,25,1.0,25,19,0.76,445646.0435897437,5696610.324761175,477.0498915319208,-0.8139685997739434,-1.7402852233499289,-2.823368966126054,-127.76934362027637,-10.04730321249028,-2.387191270659397,-0.5645012367975255,-6.818414171694116,0.49424298738890116,19,0.76,-981931.021779207,8891109.223994825,-19220334.020007282,-1427577.8793375506,3194497.158948427,-19220813.89326778,163.90593596516558,-34.26738935327251,-114.46257875513953,-68.88922165135557,-31.038500312476344,-111.58114449709123,445646.8575583435,5696612.065046398,479.8732604980469,-127.20484238347883,-3.2288890407961772,-2.8814342580483085,243,frame_000243.png
8000,8000,50,24,0.48,24,1.0,24,18,0.75,445645.863808751,5696610.700899269,477.14973283647015,-0.9788874324294738,-1.3861714992672205,-2.6931931889204748,-128.2410002858856,-9.45332260205727,-4.368646743135373,-0.7533843645795173,-7.995828077028392,-1.6758651725418474,18,0.75,-25252392.384223066,-19431555.057466738,-22910351.35257958,-25698039.22691925,-25128167.14453751,-22910831.195505604,-177.83866857825768,-28.655091306762674,22.9488155469667,-50.351052656951595,-27.197596781733807,25.641597117560224,445646.8426961834,5696612.087070769,479.8429260253906,-127.48761592130607,-1.4574945250288824,-2.6927815705935347,244,frame_000244.png
8000,8001,54,32,0.5925925925925926,32,1.0,32,19,0.59375,445646.1145898501,5696610.709159293,476.72261200248613,-0.756344972003717,-1.4924758058041334,-2.8633865326701198,-127.67631509202317,-8.675239375677855,-2.135274708743439,-0.17427378006257754,-8.541703469589919,1.2596250712105075,19,0.59375,-13484004465.320534,-6102332704.38537,9724952157.803513,-13484450112.19147,-6108029316.587006,9724951678.217514,-88.72968048887846,6.3454167493913545,-173.2923875463899,38.772360823082124,6.478952655479276,-169.89748776643594,445646.87093482213,5696612.201635099,479.58599853515625,-127.5020413119606,-0.13353590608793464,-3.394899779953955,245,frame_000245.png
8000,8001,62,38,0.6129032258064516,38,1.0,38,25,0.6578947368421053,445645.93167073315,5696611.37940854,476.2279205215591,-1.0056186479632743,-0.9637541593983769,-2.718460093675276,-127.80352247839957,-9.561907503039956,-4.3971404124955855,-0.6966729692466913,-9.34248283068547,-1.776367576838453,25,0.6578947368421053,-584344.7211575196,21892192.21235083,-14976430.593703993,-1029991.6584469008,16195579.86918813,-14976909.540084608,165.24113067668299,15.47944605065983,107.32252737748748,-67.65201981416413,15.698870723014323,109.9433002131446,445646.9372893811,5696612.3431627,478.9463806152344,-127.10684950915288,-0.21942467235448834,-2.6207728356571205,246,frame_000246.png
8000,8000,58,39,0.6724137931034483,39,1.0,39,25,0.6410256410256411,445646.29276692524,5696612.011902493,475.8646041693037,-0.6941488176817074,-0.40783191099762917,-2.6210830865557,-126.79667746403315,-12.738315501369154,-4.108969867988409,-0.38579520989370053,-12.470967315404579,-1.644227337378652,25,0.6410256410256411,-186193452968.17987,-412288208756.6206,-247112782826.63315,-186193898615.16678,-412293905369.04034,-247112783305.11884,-97.99822748685149,-41.54544516523154,171.601773887943,28.41265476728796,-41.27809697926696,174.06651641855274,445646.9869157429,5696612.419734404,478.4856872558594,-126.41088225413945,-0.26734818596457355,-2.464742530609758,247,frame_000247.png
8000,8000,63,41,0.6507936507936508,41,1.0,41,25,0.6097560975609756,445646.3795732187,5696611.832825845,474.93281346416046,-0.7155907081323676,-0.7547420542687178,-2.5239431276364144,-124.96798774218034,-9.541229886543084,-1.3574936418436268,0.2177806230600936,-10.411587053833529,1.460725522878164,25,0.6097560975609756,-9568076.413227359,-5221936.88992431,10337819.537487248,-10013723.508391285,-10918549.47749221,10337342.080730656,-93.96923492337703,23.319855437644993,-154.87198012853602,31.21653344186342,22.449498270354553,-152.05376096381423,445647.09516392683,5696612.587567899,477.4567565917969,-125.18576836524043,0.8703571672904415,-2.818219164721798,248,frame_000248.png
8000,8001,67,41,0.6119402985074627,41,1.0,41,26,0.6341463414634146,445646.5901941725,5696612.453842792,474.4384914918418,-0.5677073539118282,-0.22152045276015997,-2.4733737425332265,-124.470049733385,-11.467931030200463,-0.5130060155125862,0.027859334018614845,-14.082600233069144,3.0462438204717444,26,0.6341463414634146,21445145.00915914,-36925051.6046664,-2637985.67262711,20999497.851257615,-42621664.28002964,-2638462.5844923444,-128.41645991002744,27.46347845446654,-41.820878877927385,-3.91855084262383,24.848809251597856,-38.26162904194305,445647.1579015264,5696612.6753632445,476.911865234375,-124.49790906740361,2.6146692028686784,-3.559249835984324,249,frame_000249.png
8000,8001,79,53,0.6708860759493671,53,1.0,53,21,0.39622641509433965,445644.2338018007,5696614.415656836,474.5978758502086,-3.003153348399792,1.6588787278160453,-1.7913758587757798,-128.91511186451382,-10.11299550085035,-22.62187896563584,-3.801750747887354,-14.417707104265531,-21.021505264764215,21,0.39622641509433965,-99831.44028875884,18003648.39008373,-8599198.950516984,-545478.6772439079,12307035.633305622,-8599675.339768693,-45.88921820389664,-45.22654018640943,112.36358936268186,79.2241429127298,-49.53125178982461,113.96396306355348,445647.2369551491,5696612.756778108,476.3892517089844,-125.11336111662645,4.304711603415176,-1.6003737008716248,250,frame_000250.png
8000,8000,75,56,0.7466666666666667,56,1.0,56,29,0.5178571428571429,445645.4164221996,5696613.509285339,473.89605604563855,-1.8978143745916896,0.6786496192216873,-1.9740001067052049,-127.55282435088175,-10.082677986158986,-12.05474076478425,-1.7186825318232763,-13.180481316462817,-10.757558590631135,29,0.5178571428571429,860995.0313457526,5499101.644294809,-1333282.0302874134,415347.7171091785,-197511.1863409113,-1333757.9003435657,-67.20510600707925,-69.16129175047304,-165.32593299418326,58.629035811979236,-72.25909508077687,-164.02875082003015,445647.31423657417,5696612.83063572,475.87005615234375,-125.83414181905847,3.097803330303838,-1.2971821741531182,251,frame_000251.png
8000,8001,82,69,0.8414634146341463,69,1.0,69,26,0.37681159420289856,445645.89528340276,5696612.009497625,472.57370227190813,-1.6134357149712741,-0.990581295453012,-2.0790382066074926,-128.7838912383023,0.32930345787645476,-0.7650340094372383,-2.493111329348892,-5.585943675815997,0.03934879290957838,26,0.37681159420289856,778834.9147530156,5739957.518156241,99636.75881753594,333187.4060338979,43344.51807732042,99162.10607705743,-117.18486893277345,54.415693355672616,163.78493762082843,9.105910976179928,48.500446221980155,164.58932042317525,445647.50871911773,5696613.00007892,474.6527404785156,-126.29077990895338,5.915247133692446,-0.8043828023468155,252,frame_000252.png
8000,8001,84,67,0.7976190476190477,67,1.0,67,31,0.4626865671641791,445645.4477564555,5696613.817025704,472.9505846881994,-2.1015272524091415,0.7953103007748723,-1.456886014925601,-128.87422766035832,-8.50547053212627,-13.345295593982662,-2.1499253911210303,-13.721962744561097,-13.507150416109482,31,0.4626865671641791,382554.43805197655,5663654.420946695,-86101.26884397533,-63093.11123173137,-32958.600768708624,-86575.67631467845,-97.91037084766185,-7.670862614192548,-174.1774881862282,28.813931421575433,-12.887354826627387,-174.339343008355,445647.5492837079,5696613.021715404,474.407470703125,-126.72430226923728,5.216492212434837,0.16185482212680968,253,frame_000253.png
8001,8000,80,64,0.8,64,1.0,64,32,0.5,445645.620642294,5696613.828341651,472.6984778025384,-1.909582445397973,0.8062547231093049,-1.4527978322272475,-121.72018696742792,-8.835928612454685,-10.845061506246589,-1.041578326231786,-13.260619429329438,-10.16599204208893,32,0.5,727809.0897498152,5859432.213701039,125726.50181000176,282161.5595250758,162819.19161411095,125252.350534367,-95.1593817318319,49.34923660181119,153.98898109514653,25.51922690936425,44.92454578493647,154.66805055930422,445647.5302247394,5696613.022086928,474.1512756347656,-120.67860864119615,4.42469081687474,-0.6790694641576549,254,frame_000254.png
8000,8000,77,59,0.7662337662337663,59,1.0,59,35,0.5932203389830508,445647.12368767866,5696613.10636489,472.4399875580704,-0.0030964467441663146,0.38569329027086496,-1.8080898345077117,-56.9601477257595,-5.889572145033343,3.715742081485824,-3.7650829396397967,-8.40256498580868,4.633506127938574,35,0.5932203389830508,5173146.044346529,23649243.620234974,9543488.394292973,4727498.917562404,17952630.899563372,9543014.14621558,-66.94741026165899,24.86158798525818,-115.47601684066893,-13.7523454755393,22.348595144482857,-114.55825279421619,445647.1267841254,5696612.7206716,474.2480773925781,-53.1950647861197,2.5129928407753233,-0.91776404645274,255,frame_000255.png
8000,8000,74,52,0.7027027027027027,52,1.0,52,30,0.5769230769230769,445646.1061627857,5696614.941225337,473.3876685397554,-0.96656551893102,2.5186005933210254,-0.8779869778227294,-34.76764753538008,-22.570973230102986,8.89290670193606,3.504006371884543,-24.611342302031176,9.122985545776402,30,0.5769230769230769,-66986996.95095794,80402879.11030988,30678191.955001265,-67432644.02368625,74706266.68768515,30677717.689345747,77.13340627691181,-12.8277788607091,-153.76073554979888,115.40506018417648,-14.8681479326373,-153.53065670595853,445647.07272830466,5696612.422624744,474.2656555175781,-38.27165390726463,2.040369071928189,-0.23007884384033955,256,frame_000256.png
8000,8001,77,50,0.6493506493506493,50,1.0,50,29,0.58,445646.6196938491,5696613.275422034,472.6641389368296,-0.48193106678081676,0.9173401715233922,-1.6064604284047732,-32.4276506315174,-9.501018388883262,1.5772440651940287,-0.7550006578564421,-11.569282379493615,1.1690517676201182,29,0.58,-12310694.74702335,-1778654.0056061875,10423841.10020439,-12756341.848648265,-7475266.36368805,10423366.829605024,-13.878149882578574,80.43727530283093,3.6863541844921603,17.79450009108237,78.36901131222055,3.278161886918241,445647.1016249159,5696612.358081862,474.2705993652344,-31.672649973660953,2.0682639906103506,0.40819229757392195,257,frame_000257.png
8000,8000,91,60,0.6593406593406593,60,1.0,60,32,0.5333333333333333,445514.2834766592,5696751.6739026075,679.7903920719929,-132.87102964747464,139.3102174308151,205.54161277511787,-46.7050965848346,15.854667991852503,-176.31111599309378,-15.708805999988272,12.565381641798183,179.82390303452598,32,0.5333333333333333,-742113416603.1084,-118811587720.30554,47693314241.85397,-742113862250.263,-118817284332.66922,47693313767.605194,-108.00056090056061,15.562619022125416,43.626344911508575,-77.00427031571428,12.273332672071092,39.7613639391283,445647.1545063067,5696612.363685177,474.248779296875,-30.996290584846328,3.2892863500543172,3.864980972380263,258,frame_000258.png
8001,8000,75,60,0.8,60,1.0,60,30,0.5,445645.4187224198,5696615.893548661,452.2049271239387,-1.8107105374801904,3.509617816656828,-22.055692993248783,-7.388777518031004,27.39078367678135,179.74905769318556,23.44606818221206,22.072398917510128,176.41817096274718,30,0.5,16492960418.73713,11215483781.839476,34255191910.0965,16492514771.507696,11209787169.455545,34255191435.83588,6.861195305914288,-27.799723546620037,167.05151272802541,37.696041006157344,-33.11810830589127,163.72062599758704,445647.2294329573,5696612.383930844,474.2606201171875,-30.83484570024305,5.3183847592712254,3.330886730438388,259,frame_000259.png
8001,8001,87,72,0.8275862068965517,72,1.0,72,29,0.4027777777777778,445647.103835875,5696618.203316696,471.57579055803956,-0.17625644599320367,5.834718951955438,-2.7025602720385677,-10.29015431492633,-15.27853395321349,39.9772559028462,20.41552558588549,-23.36822561028538,37.002947459900724,29,0.4027777777777778,559267585.7425224,1128330963.8119388,1175666530.7796364,558821938.46243,1122634351.443341,1175666056.5012856,-79.43513462503677,10.670243748400871,174.53568680074116,-48.72945472422495,2.5805520913289968,171.56137835779566,445647.280092321,5696612.368597744,474.2783508300781,-30.705679900811823,8.089691657071885,2.974308442945495,260,frame_000260.png
8000,8000,70,49,0.7,49,1.0,49,20,0.40816326530612246,446023.4330220956,5697245.501219106,1936.0793954489618,376.0788237429806,633.1687911907211,1461.777942812243,-88.20440076504681,3.6631476241178746,-162.35598506376604,-57.575260915658674,-7.930230704212619,-165.61089289791917,20,0.40816326530612246,65375424.464052424,-243913470.85800076,280248522.9211221,64929777.10985407,-249610083.19042867,280248048.61966944,-139.3988892149405,-25.20119972266242,175.97050587568282,-108.76974936555237,-36.794578050992925,172.7155980415297,445647.3541983526,5696612.332427915,474.3014526367188,-30.62913984938814,11.593378328330504,3.254907834153121,261,frame_000261.png
8000,8001,79,59,0.7468354430379747,59,1.0,59,30,0.5084745762711864,445643.9094874249,5696616.95016716,471.01584247592837,-4.1296227252460085,5.0582162626087666,-3.292598686181009,-7.667077533635896,-52.28778083279719,30.01027353254534,23.539941038424132,-56.64629294516979,27.602581197084533,30,0.5084745762711864,-7600102.244960687,1351265.7246431718,5268100.620096598,-8045750.284070837,-4345346.167307725,5267626.311655436,-57.04762869257504,-24.583384855094234,59.901757259196955,-25.84061012051501,-28.941896967466846,57.49406492373615,445648.03911015013,5696611.891950897,474.3084411621094,-31.20701857206002,4.358512112372602,2.4076923354608066,262,frame_000262.png
8001,8000,106,79,0.7452830188679245,79,1.0,79,41,0.5189873417721519,445639.41643953533,5696613.393156035,449.1466304114633,-9.42423288320424,2.0233367765322328,-25.10251509634918,-108.78551317656587,25.94076018205343,-157.12645794557355,-76.93489595950868,32.03590801761433,-159.42824523016043,41,0.5189873417721519,118119.28571922076,5850173.115509095,725040.7486965011,-327529.5549531978,153561.74568983633,724566.4995509933,82.9908019559296,81.84582839437275,69.8876246526908,114.84141917298678,87.94097622993365,67.58583736810394,445648.84067241853,5696611.369819258,474.2491455078125,-31.850617217057195,-6.09514783556091,2.3017872845868697,263,frame_000263.png
8000,8001,118,92,0.7796610169491526,92,1.0,92,57,0.6195652173913043,445593.4858881588,5696724.699092074,728.9374879148444,-55.442805811122525,113.3817030871287,254.66170056132876,46.960756878988185,-20.156497754464144,20.152153162035766,78.44863773960606,-19.217943749204125,17.732104868457384,57,0.6195652173913043,-9161490114.749454,-23141482362.37501,-1694531504.7502508,-9161935763.678148,-23147178973.6924,-1694531979.0260382,-150.84072592598835,-8.505036605719514,-32.47903023844498,-119.35284506537047,-7.566482600459494,-34.89907853202337,445648.9286939699,5696611.317388987,474.2757873535156,-31.48788086061787,-0.9385540052600241,2.4200482935783874,264,frame_000264.png
8000,8000,107,86,0.8037383177570093,86,1.0,86,49,0.5697674418604651,445624.15847201156,5696681.185617617,526.7957439655406,-24.8367928188527,69.90117807965726,52.52541925850932,-22.849725935972884,-73.71190835955406,34.331225197719775,8.52010842907822,-72.17660286118004,31.63362920552956,49,0.5697674418604651,812321.651835157,74141691.52449614,2713193.9072116613,366672.65657032654,68445080.2400566,2712719.6368869543,-87.4291097038131,40.393079642303434,-147.0457849128774,-56.059275338762006,41.92838514067745,-149.7433809050676,445648.9952648304,5696611.284439538,474.2703247070313,-31.36983436505109,-1.5353054983740144,2.6975959921902155,265,frame_000265.png
8000,8000,106,84,0.7924528301886793,84,1.0,84,58,0.6904761904761905,363828.116507399,5731102.716556239,-251304.63059037816,-81820.9695060373,34491.493419751525,-251778.9155635227,-70.8610050368489,42.81102870789891,-167.89409508238398,-39.64060742109217,41.85614745184594,-170.20417737460596,58,0.6904761904761905,3839298.72686114,10207193.41910082,-3193200.207106965,3393649.640847704,4510582.195964332,-3193674.4920801097,-89.99995267776563,-0.000462327327867023,179.99815158681048,-58.779555062008924,-0.9553435833808521,177.6880692945885,445649.0860134363,5696611.223136487,474.2849731445313,-31.220397615756706,0.9548812560529722,2.3100822922219773,266,frame_000266.png
8000,8000,121,102,0.8429752066115702,102,1.0,102,66,0.6470588235294118,139105047.4627953,167985847.3895723,25642431.059522614,138659398.3662907,162289236.17245877,25641956.778516755,68.34058256160961,52.23169204624041,-25.681689625254606,99.57877796187051,51.582462554979,-27.86759398385692,66,0.6470588235294118,217767.9737066558,5663541.7374304,561259.1644367576,-227881.12279793748,-33069.479683119804,560784.8834308982,-59.71656555411143,35.07039094832761,22.16409620436173,-28.478370153850506,34.421161457066205,19.978191845759397,445649.09650459327,5696611.21711352,474.281005859375,-31.238195400260935,0.6492294912614067,2.185904358602319,267,frame_000267.png
8000,8000,109,88,0.8073394495412844,88,1.0,88,62,0.7045454545454546,445459.0081041022,5696592.015928337,-150.27904426142118,-190.10332258144626,-19.193033950403333,-624.5614234118118,-94.42595632247735,27.230271473412863,-164.87875854527434,-63.16585574732137,26.443067726374096,-167.29686716756885,62,0.7045454545454546,41806548.316511296,21183886.735822603,26998117.558339156,41360899.205084614,15487275.526860315,26997643.275960006,174.6095339334177,3.764152813614788,-3.1805209399388445,-154.13036549142635,2.976949066576026,-5.598629562233356,445649.11142668367,5696611.208962288,474.2823791503906,-31.260100575155978,0.78720374703877,2.4181086222945067,268,frame_000268.png
8000,8001,98,86,0.8775510204081632,86,1.0,86,55,0.6395348837209303,445443.3734866103,5696552.717927722,929.4347213882,-205.72987372463103,-58.47707990463823,455.1475814956219,-90.50158292435674,-22.67030957600219,-32.30934903181925,-59.33450439586778,-23.559124402248614,-34.05873328144068,55,0.6395348837209303,-8159118.620201946,31947300.988898907,-613271.1416122373,-8604767.723562282,26250689.79389128,-613745.4287521299,-80.2301979453658,27.960965327822482,-148.05733360246873,-49.063119416876845,27.07215050157606,-149.80671785209015,445649.10336033494,5696611.195007627,474.2871398925781,-31.167078528488954,0.8888148262464176,1.7493842496214234,269,frame_000269.png
8000,8001,117,95,0.811965811965812,95,1.0,95,71,0.7473684210526316,445626.6716848798,5696686.150959398,393.0628547494121,-22.376592706888914,74.93337641656399,-81.2342033560567,133.26986769099287,20.68912042393819,-151.74687933960502,164.85620311072256,19.321108522912425,-153.94045777209635,71,0.7473684210526316,-127631017.44473897,52503596.73204245,-19109541.253594182,-128076666.49301656,46806985.51445947,-19110015.550652288,-62.888592513799345,24.1204310315347,-68.93805357539374,-31.30225709406966,22.75241913050894,-71.13163200788507,445649.0482775867,5696611.217582981,474.2970581054688,-31.58633541972968,1.3680119010257712,2.1935784324913374,270,frame_000270.png
8000,8000,125,101,0.808,101,1.0,101,65,0.6435643564356436,446134.91981269326,5697459.783281159,882.2240078910495,485.88583542214474,848.551322536543,407.931893633237,52.19324276670147,38.25566302328402,3.3632420995313694,83.70610505884736,36.87170289136827,1.5868487557654305,65,0.6435643564356436,497547.5239035537,5641166.605982202,-63341.06963772634,51898.48992628261,-55444.62597642001,-63815.36175198415,68.86286473969784,-17.869820906981097,-4.041391422927003,100.37572703184378,-19.253781038896847,-5.817784766692938,445649.0339772711,5696611.231958622,474.2921142578125,-31.51286229214591,1.3839601319157562,1.7763933437659434,271,frame_000271.png
8000,8001,104,82,0.7884615384615384,82,1.0,82,49,0.5975609756097561,445589.5270346663,5696696.465423519,495.8605701443127,-59.453793986234814,85.22404410410672,21.551854324000203,88.12750839364064,-78.57449332556716,135.80993412004884,119.47989928500891,-80.36145181949607,134.28519125568266,49,0.5975609756097561,726840.7968996647,6121583.650095204,299661.58521523495,281191.8160710122,424972.4087157892,299187.27649941464,-55.21659944358887,12.676743777353963,-173.01057264279265,-23.864208552220617,10.889785283425056,-174.53531550715883,445648.9808286525,5696611.241379415,474.3087158203125,-31.352390891368263,1.7869584939289112,1.524742864366182,272,frame_000272.png
8000,8000,106,93,0.8773584905660378,93,1.0,93,58,0.6236559139784946,445648.61051683786,5696612.239210098,472.7211112753645,-0.36353239085292444,0.9933842364698648,-1.5929451211198966,-32.45953734826907,-9.577067638090238,2.029789285730787,-1.1492982363098179,-11.885276603669865,0.4095776163939888,58,0.6236559139784946,1908149.6427044128,6437663.878725902,728392.8754591171,1462500.668655184,741052.6329000406,727918.5614027206,-92.28066321997271,-3.217151438211147,-173.67279088729305,-60.97042410801345,-5.525360403790785,-175.29300255662986,445648.9740492287,5696611.245825862,474.3140563964844,-31.310239111959266,2.308208965579641,1.6202116693367994,273,frame_000273.png
8000,8001,110,80,0.7272727272727273,80,1.0,80,56,0.7,445646.4180270952,5696617.487743288,474.2060972834305,-2.5533125795191154,6.236277230083942,-0.10621961110081202,-20.91828078156278,-41.7346794002639,25.81365029094706,10.278852154281907,-43.804110529494466,24.426382454578516,56,0.7,12019809.594487093,9508612.294265935,4930010.184381069,11574160.623147419,3812001.042799877,4929535.872064174,-91.25755296973828,-60.95388041389245,-176.42379400927146,-60.06042003389359,-63.023311543123015,-177.81106184564,445648.9713396747,5696611.251466058,474.3123168945313,-31.197132935844685,2.0694311292305634,1.3872678363685595,274,frame_000274.png
8000,8000,116,94,0.8103448275862069,94,1.0,94,60,0.6382978723404256,445659.17459598737,5696560.715014549,757.1608616982712,10.201480373449158,-50.53999917861074,282.8484532510056,-69.66491243846845,-15.852773274893762,-6.063722220603822,-38.46326602148332,-17.53678118195282,-7.746951797115656,60,0.6382978723404256,35516348899.83533,18686882484.874645,-24574592855.185787,35515903250.86221,18681185873.619633,-24574593329.498196,74.13642702758774,-35.50572807942497,-21.21089673650662,105.33807344457284,-37.18973598648404,-22.89412631301846,445648.9731156139,5696611.255013728,474.3124084472656,-31.201646416985135,1.6840079070590626,1.6832295765118446,275,frame_000275.png
8001,8000,91,77,0.8461538461538461,77,1.0,77,50,0.6493506493506493,445594.0320685327,5697584.748591668,-2656.4062980924086,-54.95345696393633,973.4846227830276,-3130.7123588834243,-93.06150333331082,44.67623646042377,176.67647325419418,-61.72886987386114,42.98489642031353,174.5630513599275,50,0.6493506493506493,5738361.514041926,13012563.94307119,7008354.16225879,5292712.5285164295,7315952.679102305,7007879.856197999,-161.5896535724893,-11.717260154729784,87.55074478039475,-130.25702011303963,-13.408600194840034,85.43732288612807,445648.98552549665,5696611.263968885,474.3060607910156,-31.33263345944968,1.6913400401102487,2.1134218942666436,276,frame_000276.png
8001,8000,110,86,0.7818181818181819,86,1.0,86,53,0.6162790697674418,445622.0308788676,5696616.527302393,455.38508522876475,-26.958575768279843,5.260464496910572,-18.92118918529775,-152.01976481470206,-26.1232316364987,-146.55315064655585,-120.69810156780458,-28.113508801604127,-148.7732563333876,53,0.6162790697674418,251445191433.73074,148709908136.3157,35654024618.3152,251444745784.7413,148704211525.04886,35654024144.00893,-88.02470257339834,12.018164262484055,-92.8308522899427,-56.70303932650087,10.027887097378652,-95.05095797677443,445648.9894546359,5696611.266837896,474.3062744140625,-31.32166324689747,1.9902771651054156,2.2201056868317357,277,frame_000277.png
8000,8000,113,86,0.7610619469026548,86,1.0,86,50,0.5813953488372093,445644.00308846374,5696622.205259763,473.7003591423989,-4.9929397093947046,10.934303421527147,-0.6042368048667299,-9.02931681865416,-64.79218831184576,48.23756133488749,22.20659421471896,-66.52615842151685,46.46041709448261,50,0.5813953488372093,14513951.383761879,5448927.047594098,16071913.458069287,14068302.387733705,-247684.2233622428,16071439.15347334,-99.27493040156033,17.550942399802974,166.38474488835854,-68.0390193681872,15.8169722901319,164.60760064795363,445648.99602817313,5696611.270956341,474.3045959472656,-31.23591103337313,1.733970109671085,1.777144240404874,278,frame_000278.png
8000,8000,114,93,0.8157894736842105,93,1.0,93,64,0.6881720430107527,445638.6325384952,5696606.560472616,441.41907346192284,-10.37761333893286,-4.708348517306149,-32.87673342284279,-65.86175688230759,24.751938369016074,-159.8894769151562,-34.62678247117444,23.02014166779665,-161.86985120772812,64,0.6881720430107527,-65927137.41383566,-200201858.86328077,70179502.73978251,-66372786.42398749,-205898470.1321019,70179028.44397563,165.33799001356505,-21.64688230053015,-166.0943040672759,-163.42703557530183,-23.37867900174959,-168.07467835984784,445649.0101518341,5696611.268821133,474.2958068847656,-31.234974411133145,1.7317967012194329,1.9803742925719265,279,frame_000279.png
8001,8000,122,100,0.819672131147541,100,1.0,100,55,0.55,445644.5690070917,5696617.738229081,470.3807420864049,-4.442733176168986,6.471466071903706,-3.9147901401576064,3.8506546396484995,-60.19171535167454,49.727547012296746,35.00144733139604,-62.03953228843707,47.893550470538656,55,0.55,7098486984.202946,11465206755.45836,-11435759301.146486,7098041335.191205,11459510144.191597,-11435759775.442019,-33.674765120424105,16.778332823963183,-110.04892342922234,-2.523972428676558,14.930515887200642,-111.88291997098042,445649.01174026786,5696611.266763009,474.2955322265625,-31.150792691747544,1.84781693676253,1.8339965417580875,280,frame_000280.png
8000,8000,113,90,0.7964601769911505,90,1.0,90,63,0.7,445641.80179790163,5696605.345035513,451.16084311571126,-7.216673086164519,-5.921283808536828,-23.131423729991866,-46.90840785723289,23.489858310268488,-149.642484984273,-15.610937795299549,21.560382229439284,-151.99845614007714,63,0.7,15736716504.577368,5778647296.571408,9718969765.67745,15736270855.558897,5772950685.305089,9718969291.385183,-89.83031057435909,1.4372250390287293,179.65774577428473,-58.532840512425736,-0.49225104180047197,177.30177461848064,445649.0184709878,5696611.2663193215,474.2922668457031,-31.297470061933346,1.9294760808292069,2.355971155804131,281,frame_000281.png
8001,8000,115,87,0.7565217391304347,87,1.0,87,53,0.6091954022988506,445638.42416300945,5696612.923409907,466.3106255123997,-10.596772202115972,1.6553898500278592,-7.983228247365901,-119.61069960275016,1.871022864611546,-92.46151056710427,-88.06736528869722,0.4557322467871927,-95.26079250291734,53,0.6091954022988506,191007.2988170716,5451194.702832441,-138283.88759812288,-254641.72211813997,-245416.56518761627,-138758.18145188264,-122.3992377886972,-22.37009062257132,64.61308180133815,-90.85590347464426,-23.78538124039568,61.813799865525084,445649.02093521156,5696611.268020057,474.2938537597656,-31.543334314052938,1.415290617824347,2.7992819358130676,282,frame_000282.png
8000,8000,118,94,0.7966101694915254,94,1.0,94,65,0.6914893617021277,447842.2727301685,5695629.084735032,-4990.420093951751,2193.238162302412,-982.1757694510743,-5464.708271441986,-14.978330387181764,5.977822716526889,179.1217857950291,16.397418738565364,4.112592053205248,177.1780228981603,65,0.6914893617021277,3423940291.189502,1921093757.335528,2746947258.1512012,3423494642.154934,1915397146.0750234,2746946783.8630238,-89.91123993620735,-2.1360566482434553,174.52029849163605,-58.5354908104602,-4.0012873115651075,172.57653559476728,445649.03456786607,5696611.260504483,474.2881774902344,-31.37574912574714,1.8652306633216484,1.9437628968687863,283,frame_000283.png
8000,8000,110,91,0.8272727272727273,91,1.0,91,55,0.6043956043956044,445670.04965921724,5696665.983252467,442.70477720064997,21.002247503958642,54.72132805921137,-31.579310934115654,-3.2344038218749636,33.47926222084166,92.94760203506269,28.2185461880224,31.67257756593034,89.3306939546328,55,0.6043956043956044,-43168.4864616461,6025566.471743566,56602.00972959687,-488817.5338733594,328955.20981915854,56127.72564146211,-73.28979694345271,-14.254735519301713,-21.2459649763858,-41.836846933555336,-16.061420174213026,-24.862873056815687,445649.0474117133,5696611.261924407,474.2840881347656,-31.45295000989738,1.8066846549113098,3.6169080804298925,284,frame_000284.png
8000,8001,113,99,0.8761061946902655,99,1.0,99,59,0.5959595959595959,440366.1454045131,5696791.789720583,1421.5782209339445,-5282.906507752603,180.5266920281574,947.2997480335539,-126.0190806822796,14.497479308514968,-73.75758730319247,-94.64322999097467,12.856934044556994,-76.90891727418796,59,0.5959595959595959,-775671.1454432389,6211319.224080499,2102835.9933486474,-1221320.1973555046,514707.96105194464,2102361.714875747,38.8571465082234,60.70651292829268,83.05343770172924,70.23299719952831,59.06596766433469,79.90210773073375,445649.0519122657,5696611.263028555,474.2784729003906,-31.37585069130492,1.6405452639579794,3.1513299709954894,285,frame_000285.png
8000,8000,107,84,0.7850467289719626,84,1.0,84,56,0.6666666666666666,445575.7478017069,5696659.664472013,466.0982176162834,-73.31077927851584,48.39538029860705,-8.18797623137283,149.99383628761774,-61.459914331643226,179.92904658427207,-178.71663924475394,-64.25267177537725,176.78695921677263,56,0.6666666666666666,467734.2631861456,5709312.07092829,-83981.94134710642,22085.204605160165,12700.801836575381,-84456.22754095407,95.41560193205372,-36.85930829475848,13.317288523110323,126.70512639968206,-39.652065738492524,10.175201155610864,445649.0585809854,5696611.269091714,474.28619384765625,-31.28952446762833,2.7927574437340295,3.1420873674994576,286,frame_000286.png
8000,8000,98,81,0.826530612244898,81,1.0,81,56,0.691358024691358,445459.6369526394,5696480.65122875,389.0910848016949,-189.42156318912748,-130.62512078508735,-85.18436685846137,-155.9909230899212,-13.28997007277082,143.87623079572623,-124.94215702063848,-15.739074062316746,139.67166449203637,56,0.691358024691358,-239371433.06856403,-165395494.79846013,309531586.67436874,-239817082.12707984,-171092106.07480967,309531112.3989171,-159.03104316362808,-14.655657954917158,-133.32528703116805,-127.98227709434535,-17.104761944463093,-137.52985333485788,445649.0585158285,5696611.276349535,474.27545166015625,-31.04876606928273,2.449103989545932,4.204566303689834,287,frame_000287.png
8000,8000,93,79,0.8494623655913979,79,1.0,79,56,0.7088607594936709,445585.6774155308,5696487.00683633,877.5487783815574,-63.39537415682571,-124.27845173049718,403.28559478780744,-78.05248117849543,-12.466846881930413,-20.015201994988917,-47.03928596738936,-14.38743207333198,-24.17906746766053,56,0.7088607594936709,-386147.0909511606,6704454.786231299,844951.7991290075,-831796.1637408482,1007843.5009432388,844477.5359454138,-92.63903469297779,6.222256664499778,-2.013968478471394,-61.62583948187172,4.301671473098224,-6.177833951143015,445649.0727896876,5696611.28528806,474.26318359375,-31.013195211106066,1.9205851914015653,4.163865472671623,288,frame_000288.png
8000,8000,87,68,0.7816091954022989,68,1.0,68,44,0.6470588235294118,445630.1372886335,5696625.925365515,436.36702679104116,-18.96530669234926,14.632096366025507,-37.891273990208845,-66.23394488883,61.15522695431628,-167.9209887975839,-35.17647957080641,59.817700820474926,-172.16381152099507,44,0.6470588235294118,3172765.35277764,4734841.963762766,8943407.377512697,2727116.250182314,-961769.3295063833,8942933.119211916,-172.94730002404484,34.51744479848446,52.49882389843102,-141.88983470602125,33.17991866464311,48.25600117501986,445649.10259532585,5696611.293269149,474.25830078125,-31.057465318023603,1.3375261338413438,4.242822723411152,289,frame_000289.png
8000,8000,113,89,0.7876106194690266,89,1.0,89,49,0.550561797752809,445636.63191025297,5696613.082355813,464.4561220555009,-12.48206274106633,1.7885223804041743,-9.796990737467922,-118.82438923297362,24.237220995769082,-90.936424596752,-87.59919319471258,23.439711641618203,-95.2578874093817,49,0.550561797752809,-493955.4680113718,-6217085.4508382715,-8963579.366204059,-939604.5819843658,-11913696.744671704,-8964053.619316852,101.32365140413233,-8.678188126877691,176.36767724073258,132.54884744239337,-9.475697481028561,172.04621442810287,445649.11397299403,5696611.293833433,474.2531127929688,-31.225196038261032,0.7975093541508822,4.321462812629685,290,frame_000290.png
8000,8000,112,85,0.7589285714285714,85,1.0,85,51,0.6,445625.21505910886,5696656.225878497,497.8246651107555,-23.910228330816608,44.932125467807055,23.570026438880518,-4.845068826594179,-76.38712102498296,45.216538611502536,26.373180959000678,-77.51121844551687,41.21548048931621,51,0.6,65111545.38988003,26094309.536940686,31920837.004565556,64665896.26459259,20397698.24318766,31920362.749926884,-161.24150815602104,66.71938869178047,-139.63895424394394,-130.0232583704262,65.59529127124654,-143.64001236613026,445649.1252874397,5696611.293753029,474.254638671875,-31.218249785594846,1.1240974205339131,4.001058122186322,291,frame_000291.png
8000,8000,100,73,0.73,73,1.0,73,52,0.7123287671232876,445302.48964066326,5695789.610451123,-2995.0044951679247,-346.6441773229162,-821.6685781236738,-3469.2668853046434,-53.12824734081669,23.228580093418845,-171.48886364068736,-22.17666181348295,21.85204783025813,-175.3701187237865,52,0.7123287671232876,369865.1623263075,5730781.103020256,360730.85091997136,-75783.97149167868,34169.823991009966,360256.58852983464,70.753035167337,62.182772674971936,45.9497988300975,101.70462069467072,60.806240411811245,42.06854374699833,445649.1338179862,5696611.279029246,474.2623901367188,-30.95158552733373,1.3765322631607022,3.8812550830991563,292,frame_000292.png
8001,8001,101,81,0.801980198019802,81,1.0,81,50,0.6172839506172839,445627.271285054,5696609.708087944,428.93771083705246,-21.863965305383317,-1.5667544594034553,-45.325961037947536,-66.65044341160176,40.1491740226473,-154.44582765228213,-35.76729215888554,38.95468365784831,-158.22574842687644,50,0.6172839506172839,-43309761.8573768,1594024.1775069013,-23553074.263889935,-43755410.99262716,-4102587.0973355025,-23553548.52756181,-140.44096080540007,18.181576523869612,91.46677991962319,-109.55780955268386,16.9870861590706,87.68685914502885,445649.13525035937,5696611.274842404,474.263671875,-30.883151252716207,1.19449036479901,3.7799207745943133,293,frame_000293.png
8001,8000,100,81,0.81,81,1.0,81,51,0.6296296296296297,448862.0533063033,5693461.237176943,1059.559615084562,3212.9136369632906,-3150.033873866312,585.2941121548745,-1.4939624521447599,42.57529152678835,-56.018621808932046,29.610325674708008,41.533199608466106,-59.86248005145379,51,0.6296296296296297,195360005.07372516,370736925.93456864,-116090722.11419728,194914355.93405584,365040314.66351783,-116091196.37970021,-108.91914141332146,31.339211792858556,-143.59406622788708,-77.81485328646869,30.29711987453632,-147.4379244704088,445649.13966934,5696611.271050809,474.2655029296875,-31.104288126852772,1.042091918322245,3.8438582425217307,294,frame_000294.png
8000,8000,107,81,0.7570093457943925,81,1.0,81,58,0.7160493827160493,445606.8979422967,5696652.965205992,666.9798145881036,-42.24665449082386,41.69523900188506,192.71479993966614,-24.17658510465761,-43.927762244226855,0.6313511328811071,7.094920787430283,-44.345580425319326,-3.152901420503156,58,0.7160493827160493,1990103.1091533839,6280585.406552557,-843278.9373725798,1544453.9645565962,583974.1365855671,-843753.2023872283,-112.05810798426276,-21.95596521239046,150.6929761726269,-80.78660209217486,-22.373783393482938,146.90872361924266,445649.1445967875,5696611.26996699,474.2650146484375,-31.271505892087898,0.4178181810924689,3.7842525533842704,295,frame_000295.png
8000,8000,121,99,0.8181818181818182,99,1.0,99,67,0.6767676767676768,443828.03541147645,5696505.279902604,1223.8706623560342,-1821.1269084159867,-105.9710609484464,749.6179462915811,-122.36909916989383,6.214248928159293,-64.6138041403545,-91.12382078725551,6.110025396849579,-67.98167851966822,67,0.6767676767676768,432771.56161224464,6092316.034469823,-742283.590701162,-12877.600707647798,395704.7835062705,-742757.8434172265,-75.17490788094608,57.28513137015151,167.9804643397668,-43.92962949830775,57.18090783884182,164.61258996045308,445649.16231989244,5696611.250963553,474.2527160644531,-31.24527838263832,0.10422353130970213,3.367874379313725,296,frame_000296.png
8001,8000,122,95,0.7786885245901639,95,1.0,95,64,0.6736842105263158,445628.2586142553,5696696.934823804,554.4822652288369,-20.910993562662043,85.69458126090467,80.23510336360255,-59.687246934869854,-71.14019169281107,7.012892882578838,-28.280995865088414,-71.14524015000713,3.696588681675337,64,0.6736842105263158,-115113217.53828716,185964968.60394984,166631350.9321813,-115558866.70789498,180268357.3637073,166630876.68501943,-44.88963267768426,-2.776278162603928,57.74970584840296,-13.483381607902828,-2.7813266197999837,54.433401647499466,445649.16960781795,5696611.240242543,474.2471618652344,-31.40625106978143,0.00504845719605829,3.316304200903512,297,frame_000297.png
8000,8000,125,91,0.728,91,1.0,91,64,0.7032967032967034,445569.65682562994,5696411.965354696,383.8886386382301,-79.51342127792304,-199.26258756499738,-90.3647488129418,102.24604407363557,-24.241725587241262,107.20172027167861,133.64467795945882,-24.236428220728556,103.93918158669624,64,0.7032967032967034,19604095.76228555,-494534.33218491916,-91333547.77738513,19158446.592038643,-6191145.56012718,-91334022.03077258,-121.40021257986407,-49.267697846743516,-159.76208218320093,-90.00157869404086,-49.26240048023081,-163.02462086818332,445649.17024690786,5696611.227942261,474.2533874511719,-31.398633885823212,-0.005297366512713785,3.262538684982391,298,frame_000298.png
8000,8000,106,82,0.7735849056603774,82,1.0,82,60,0.7317073170731707,445643.2963763527,5696616.61006971,469.02532343187505,-5.8709109324845485,5.428135928697884,-5.2421936579686985,33.25889600874955,-74.7952583271461,69.76489486669435,64.41184064673365,-74.61097003878557,67.52208121455388,60,0.7317073170731707,9033924.19128634,8662277.434747184,-29052305.05439505,8588275.023999056,2965666.2528134026,-29052779.32191214,-36.25895072141072,-62.71118361678692,-162.86287287749607,-5.106006083426621,-62.52689532842639,-165.10568652963653,445649.1672872852,5696611.181933781,474.26751708984375,-31.152944637984096,-0.1842882883605305,2.242813652140466,299,frame_000299.png
8000,8000,107,85,0.794392523364486,85,1.0,85,59,0.6941176470588235,449729.3324509199,5694436.358644705,559.9164837780935,4080.1714736358263,-2174.81184861809,85.64155091676537,-51.04776588150728,-27.433631110161393,117.67354200237696,-19.97365510250117,-27.442186800592765,115.3396301918666,59,0.6941176470588235,4945872.058577691,-4433958.021619815,-8815848.996606879,4500222.897600407,-10130569.192113139,-8816323.27153974,-81.19490307540174,-21.24270089643951,160.08476584345047,-50.12079229639562,-21.25125658687088,157.75085403294008,445649.1609772841,5696611.170493323,474.2749328613281,-31.07411077900612,0.00855569043137685,2.333911810510361,300,frame_000300.png
8000,8000,126,91,0.7222222222222222,91,1.0,91,62,0.6813186813186813,445733.4970113288,5696671.573863707,777.3289395632484,84.3416953306878,60.40148497186601,303.04973424098273,-10.672049074133215,-16.605471636041234,9.627567299708748,20.647832117617128,-17.286867554643663,6.541892179975804,62,0.6813186813186813,-866469.7601768788,5194234.737746989,-502317.1060138631,-1312118.915492877,-502376.43463174533,-502791.3852191854,26.891432768930958,-49.934392431926575,27.01596553913479,58.21131396068131,-50.61578835052899,23.930290419401842,445649.1553159981,5696611.172378735,474.2792053222656,-31.319881191750333,0.6813959186024197,3.085675119732954,301,frame_000301.png
8000,8000,111,88,0.7927927927927928,88,1.0,88,58,0.6590909090909091,400655.29856209096,5694683.570937652,-31942.803750216477,-44993.79851761047,-1927.6290056239814,-32417.078377902024,-108.20675094085577,22.65879994702332,-123.60087950634988,-76.78154325473933,21.206136764585892,-125.87325053356638,58,0.6590909090909091,345342.64602426277,7038806.991133735,739678.6193933014,-100306.45105543867,1342195.7911904585,739204.3447656159,-28.79507726179207,22.085885263529526,121.313496539063,2.6301304243243635,20.6332220810921,119.04112551184653,445649.09707970143,5696611.199943276,474.2746276855469,-31.425207686116433,1.452663182437429,2.2723710272165,302,frame_000302.png
8000,8000,108,83,0.7685185185185185,83,1.0,83,60,0.7228915662650602,445643.4627096287,5696616.305495615,469.9959353015372,-5.613047941005789,5.097361882217228,-4.280492921119048,-9.244746240425647,-71.86558576391865,27.598153595466513,22.137950410574433,-73.95182878267451,24.80804564979863,60,0.7228915662650602,-824099.7356973283,5107374.2308132695,-102388.0974570929,-1269748.811454898,-589236.9773204634,-102862.37388531555,-24.9980798328786,-34.0667725057889,35.67130860343887,6.384616818121486,-36.15301552454477,32.88120065777099,445649.0757575697,5696611.208133733,474.27642822265625,-31.382696651000092,2.086243018755867,2.7901079456678763,303,frame_000303.png
8000,8000,109,92,0.8440366972477065,92,1.0,92,60,0.6521739130434783,445246.4639960851,5697340.393364972,-458.4447392728234,-402.5640313072945,729.1734289862216,-932.736884048214,-22.969132536504127,-31.634842843188483,-61.74650881242385,8.48014045518596,-33.814457235491716,-64.74159722479129,60,0.6521739130434783,2684014.746348752,5342841.061496264,325686.6291267951,2238365.7183213597,-353770.1584397219,325212.3369820197,119.41823442051573,34.66658156013073,-16.413816243372754,150.86750741220584,32.486967167827515,-19.4089046557402,445649.0280273924,5696611.219935986,474.2921447753906,-31.449272991690098,2.1796143923032236,2.995088412367441,304,frame_000304.png
8000,8000,112,85,0.7589285714285714,85,1.0,85,55,0.6470588235294118,445619.78945537825,5696570.542865573,465.40214327398155,-29.222471019485965,-40.684380289167166,-8.892839636174699,-141.44030345165754,-26.654475175993237,131.37938692397037,-109.93491184774177,-28.757356956296064,128.98388253878977,55,0.6470588235294118,27840468469.139,-379358770.15206665,27332556026.350906,27840022820.127075,-385055381.3793125,27332555552.055923,-94.21288613468572,-17.200357413828623,166.3280823183499,-62.70749453076995,-19.303239194131464,163.93257793316934,445649.01192639774,5696611.227245863,474.29498291015625,-31.505391603915772,2.1028817803028343,2.3955043851805757,305,frame_000305.png
8002,8000,93,78,0.8387096774193549,78,1.0,78,52,0.6666666666666666,445635.8521708956,5696607.466927037,448.74124885316985,-13.144673371687531,-3.765561285428703,-25.557365648783275,-41.36354620173301,48.70538846065624,-146.68696189127633,-9.795841219895351,46.56169296302798,-148.94950789669335,52,0.6666666666666666,1236359937.411851,-592510033.5636276,430342851.55548847,1235914288.4150066,-598206644.7961159,430342377.25687397,-79.6456492473456,46.3581437964086,172.01964346289068,-48.077944265507966,44.214448298780326,169.75709745747366,445648.9968442673,5696611.232488322,474.2986145019531,-31.567704981837643,2.1436954976282583,2.2625460054170166,306,frame_000306.png
8000,8000,103,76,0.7378640776699029,76,1.0,76,47,0.618421052631579,445684.0851090693,5696538.025024982,748.1857961826017,35.125856091442984,-73.22296828310937,273.89224759861736,-49.79821658754035,-12.765264271197681,-9.072858513111896,-18.463745581148032,-15.458202474256808,-11.44870078788179,47,0.618421052631579,-170407175.32040384,-280350502.05497324,-37142234.62776577,-170852824.27965683,-286047113.30296654,-37142708.92131435,-89.547719876444,-0.8271694083846395,99.36491717875526,-58.21324887005167,-3.5201076114437626,96.9890749039854,445648.95925297786,5696611.247993265,474.2935485839844,-31.334471006392334,2.692938203059127,2.375842274769885,307,frame_000307.png
8001,8000,101,83,0.8217821782178217,83,1.0,83,57,0.6867469879518072,445648.51824027445,5696611.986430985,472.6541763078609,-0.4309652625815943,0.7252183957025409,-1.6387314069828562,-33.05716695104958,-8.194343622767565,-1.1959440993675656,-1.7286565451923082,-11.143165882310996,-4.372911630761166,57,0.6867469879518072,3853797.924522365,2533461.3899836806,5025421.2124874145,3408148.975316828,-3163149.8712289087,5024946.9195797,-92.03749797319985,13.755463548036005,153.5305097244567,-60.708987567342575,10.806641288492585,150.3535421930631,445648.94920553704,5696611.261212589,474.29290771484375,-31.328510405857266,2.9488222595434337,3.176967531393592,308,frame_000308.png
8001,8000,101,80,0.7920792079207921,80,1.0,80,49,0.6125,445648.84375088016,5696611.988663678,472.5660926661536,-0.13379534450359643,0.7173878708854318,-1.7187278904870027,-32.63565216487387,-6.899216653382012,-0.32433107132967076,-1.4869743411950367,-8.492665712546,-4.141536406646765,49,0.6125,-252407369.9299636,-565916248.9690076,349150949.19407564,-252853018.9075098,-571612860.2402834,349150474.9092551,-74.88524166479048,-4.640712027802677,173.13163095321624,-43.73656384111166,-6.2341610869666795,169.31442561789913,445648.97754622466,5696611.271275807,474.2848205566406,-31.14867782367883,1.593449059163993,3.817205335317096,309,frame_000309.png
8000,8000,115,91,0.7913043478260869,91,1.0,91,66,0.7252747252747253,445478.34290005296,5696610.214700624,266.87206348712914,-170.65166412648978,-1.0535726631060243,-207.41654124919899,-103.01066021422847,26.218136006478865,-140.60864130926237,-71.89368426545097,24.81807552281586,-144.4998187179419,66,0.7252747252747253,3697732.9278381015,5803414.320555349,-254695.15174453013,3252083.933273922,106803.05228206143,-255169.44034926646,-136.58195543518758,-35.29816541827033,110.33178198079021,-105.46497948641009,-36.69822590193334,106.44060457211066,445648.99456417945,5696611.268273287,474.2886047363281,-31.11697594877749,1.4000604836630097,3.8911774086795483,310,frame_000310.png
8000,8000,95,72,0.7578947368421053,72,1.0,72,50,0.6944444444444444,445646.4156065434,5696613.5594943855,473.1290716881184,-2.5965119673637673,2.292138008400798,-1.1604790931315847,-31.874846948906,-30.73972410909875,-0.6271300960616362,-0.808488480889423,-32.04698300309707,-4.734281630471514,50,0.6944444444444444,1869433.6436347053,-1365946.322903499,-7596780.326438123,1423784.6315161944,-7062557.590259876,-7597254.615988905,131.65347816095203,-27.924053325603023,148.3073395900769,162.7198366289686,-29.231312219601335,144.200188055667,445649.0121185108,5696611.267356377,474.28955078125,-31.06635846801659,1.3072588939983072,4.107151534409869,311,frame_000311.png
8000,8000,96,71,0.7395833333333334,71,1.0,71,47,0.6619718309859155,438112.15663785907,5697754.053936872,122.58579958688864,-7536.90290039673,1142.7802164265886,-351.69056760061136,-127.19201513095146,14.515249567789864,-89.9406581840865,-96.16575772502591,13.311917469320036,-94.18048107276911,47,0.6619718309859155,1896120.4648400978,7539490.744218435,18008563.581570204,1450471.405301842,1842879.47049799,18008089.305203017,143.43512603351687,59.46816031694536,4.1302451360456605,174.46138343944244,58.264828218475515,-0.1095777526369659,445649.0595382558,5696611.273720445,474.2763671875,-31.02625740592555,1.2033320984698384,4.2398228886826175,312,frame_000312.png
8000,8000,104,78,0.75,78,1.0,78,48,0.6153846153846154,445596.29948128306,5696651.584313392,514.5924511505573,-52.76760038873181,40.308695764280856,40.31211667790103,-85.64932607310513,-74.55025080955178,-46.120701485171054,-54.50169608914675,-75.8297885064001,-50.10173296277247,48,0.6153846153846154,371140.5678634413,5376721.71648765,-154397.38503888546,-74508.49921823048,-319889.5591299776,-154871.66537335812,94.76994216114093,-54.39587916922359,53.778701718116366,125.91757214509931,-55.67541686607191,49.79767024051495,445649.0670816718,5696611.275617627,474.28033447265625,-31.147629983958378,1.279537696848317,3.981031477601416,313,frame_000313.png
8000,8001,111,92,0.8288288288288288,92,1.0,92,58,0.6304347826086957,445643.6247245836,5696612.026127927,472.48180978783864,-5.448259506432805,0.7475744830444455,-1.7936418723176075,-55.00723084583824,-37.99397316045219,-31.53322409649497,-23.88698809754976,-39.726635902949056,-35.45660979935553,58,0.6304347826086957,3700720.9475666555,6588608.405753799,-1753863.1762395578,3255071.8745825654,891997.1272003548,-1754337.451691218,-155.40019021904874,9.441083179060113,-156.34667118189813,-124.27994747076025,7.7084204365632445,-160.2700568847587,445649.07298409,5696611.278553444,474.27545166015625,-31.12024274828849,1.7326627424968668,3.923385702860567,314,frame_000314.png
8001,8000,102,77,0.7549019607843137,77,1.0,77,53,0.6883116883116883,443657.2771374665,5696156.968284773,-5552.894428581976,-1991.8038468259037,-454.3238869123161,-6027.184803337836,-97.0589091777592,22.054377637398602,-164.3948125168478,-65.80579805986191,20.27751868303355,-168.1096901836494,53,0.6883116883116883,1066214.2027345556,6155117.944855812,-415873.400921664,620565.1217502633,458506.652684127,-416347.6912964199,-95.0541686614579,-1.0635436589761718,177.38537674937726,-63.8010575435606,-2.84040261334124,173.67049908257565,445649.0809842924,5696611.292171685,474.2903747558594,-31.253111117897287,1.776858954365062,3.7148776668016246,315,frame_000315.png
8000,8000,108,90,0.8333333333333334,90,1.0,90,60,0.6666666666666666,446841.8927719762,5696255.62469498,396.15886347816934,1192.817873835913,-355.6623785821721,-78.13767582847129,39.58418014950677,44.2043954640271,-72.82325844552179,71.10558081068882,42.52184756189712,-76.60523605195256,60,0.6666666666666666,5351503.577473393,13913395.915093184,-28286621.0753374,4905854.502575252,8216784.628019622,-28287095.371876705,-92.02089690470677,-43.00028803755608,-176.584785975078,-60.49949624352473,-44.68283593968607,179.63323641849126,445649.0748981403,5696611.287073562,474.2965393066406,-31.52140066118204,1.6825479021299936,3.78197760643077,316,frame_000316.png
8001,8000,96,77,0.8020833333333334,77,1.0,77,52,0.6753246753246753,13502.696173135482,6129473.191864284,1261092.2628367704,-432146.38276415237,432861.90594328474,1260617.963245706,-80.48144440387293,7.264671238700816,157.73001655296036,-48.778161095597625,6.137604272279958,154.54137214167673,52,0.6753246753246753,402766.72927570844,6009323.085128402,19470.22938128427,-42882.349661579414,312711.7992074033,18995.929790219816,-81.42785885910617,-31.647596284324003,32.76721149550046,-49.72457555083088,-32.77466325074488,29.578567084216814,445649.07893728785,5696611.285920999,474.2995910644531,-31.703283308275285,1.1270669664208612,3.188644411283643,317,frame_000317.png
8001,8000,110,85,0.7727272727272727,85,1.0,85,49,0.5764705882352941,445594.245096249,5696623.7138051875,524.2168682363665,-54.83733618876431,12.445628484711051,49.90607722074151,-123.75337816952984,-16.442627377447614,-52.20527556771042,-91.95627006153566,-17.00241276759013,-55.31156567158882,49,0.5764705882352941,4234372.205524055,16972734.059526544,-1971348.8998619965,3788723.1230916176,11276122.791349841,-1971823.2106530122,-94.48221935330788,34.22705444030856,-153.0631714591939,-62.685111245313706,33.66726905016603,-156.16946156307233,445649.08243243775,5696611.268176703,474.310791015625,-31.797108107994177,0.5597853901425209,3.106290103878408,318,frame_000318.png
8000,8000,91,78,0.8571428571428571,78,1.0,78,50,0.6410256410256411,445645.71326376207,5696617.8791289525,470.5139656178424,-3.366638785635587,6.612904206849635,-3.794231403641959,14.081584313413572,-38.609414444431984,50.44651501582314,46.19436925796049,-39.236294311387184,46.923229487375494,50,0.6410256410256411,408876.03995687154,5768462.441189373,18635.48256272646,-36773.039945676166,71851.17496462725,18161.174365704977,124.05821079928008,-73.67002058329713,-177.42184596606316,156.170995743827,-74.29690045025234,179.0548685054892,445649.0799025477,5696611.266224746,474.3081970214844,-32.11278494454693,0.6268798669552035,3.523285528447654,319,frame_000319.png
8000,8000,103,81,0.7864077669902912,81,1.0,81,58,0.7160493827160493,445649.83872009936,5696615.845591738,471.4373509508258,0.7611760934814811,4.579768258146942,-2.8690760511273083,-10.75139056402886,-6.285412735697723,27.71817996074919,21.507625649589812,-7.888608120894077,24.75860018180765,58,0.7160493827160493,3116050.4451195933,3026112.9517084267,-3199636.498548287,2670401.3675755872,-2670498.314115053,-3200110.804975289,179.41754470427344,-61.132627658476615,101.70334939700783,-148.32343908210788,-62.735823043672966,98.74376961806627,445649.0775440059,5696611.26582348,474.3064270019531,-32.25901621361868,1.603195385196352,2.959579778941528,320,frame_000320.png
8000,8000,111,88,0.7927927927927928,88,1.0,88,62,0.7045454545454546,445626.0580424058,5696618.6158627635,461.0573979385964,-23.008015690080356,7.3489746283739805,-13.258306407106716,174.4880768286634,-19.52750249762583,-178.50681864133455,-153.2289153941208,-21.347956390637904,178.89500761968748,62,0.7045454545454546,7349127120.843323,-30681916377.203922,19700844532.14564,7348681471.777265,-30687612988.47081,19700844057.829937,80.24510115642099,-31.28971350029335,9.570590846184013,112.52810893363682,-33.11016739330543,6.97241710720607,445649.0660580959,5696611.266888135,474.3157043457031,-32.283007777215836,1.8204538930120808,2.5981737389779527,321,frame_000321.png
8000,8000,105,83,0.7904761904761904,83,1.0,83,62,0.7469879518072289,450256.33365726395,5697750.7369349245,-6933.879526214676,4607.293279111036,1139.4589611291885,-7408.201517181473,117.3121228723027,-25.32927386670278,31.13224221816606,149.4237124604208,-27.362492815227,28.063003171196584,62,0.7469879518072289,-1151122515.308876,5411952270.29558,-679830828.5202701,-1151568164.3492541,5406255659.017606,-679831302.8422611,-42.18919514438409,21.429917024806723,172.75964249223858,-10.07760555626595,19.39669807628252,169.6904034452691,445649.0403781529,5696611.277973795,474.3219909667969,-32.11158958811812,2.0332189485242123,3.069239046969468,322,frame_000322.png
8001,8001,103,77,0.7475728155339806,77,1.0,77,55,0.7142857142857143,445614.38824223354,5696617.01509909,445.26744232607933,-34.64339301199652,5.722056997939944,-29.05424346493629,-121.3843357835576,16.76424867603758,-123.6851463824358,-89.47657698779389,14.54030055472117,-126.86588766575741,55,0.7142857142857143,36692179.43180356,41497687.30541252,-18268780.791528076,36246530.400168315,35801076.01237043,-18269255.113213867,-79.82537697017737,-6.12653505290583,168.2100009538105,-47.91761817441366,-8.350483174222234,165.0292596704889,445649.03163524554,5696611.293042092,474.3216857910156,-31.907758795763716,2.2239481213164076,3.1807412833216047,323,frame_000323.png
8000,8000,106,84,0.7924528301886793,84,1.0,84,58,0.6904761904761905,445333.1005391026,5696523.933731143,-151.62491518444585,-315.89002751297085,-87.35214643087238,-625.9647284168677,-105.79798762809175,14.740285113007436,-157.63988407713867,-74.56275067459717,12.299221019727753,-159.61601448076323,58,0.6904761904761905,1927341.0928657888,4234960.017165303,775738.4294509769,1481692.1022991734,-1461651.268712271,775264.0896377445,-74.92898447172013,9.111027741391936,-177.96519089590424,-43.693747518225535,6.669963648112258,-179.9413212995288,445648.9905666156,5696611.285877574,474.3398132324219,-31.235236953494585,2.4410640932796857,1.9761304036245453,324,frame_000324.png
8000,8000,97,79,0.8144329896907216,79,1.0,79,47,0.5949367088607594,445645.04945090954,5696617.59332157,469.9217026841046,-3.933680097514298,6.314780164510012,-4.414570509254759,17.996713176475833,-42.23372853691771,54.60076205322181,49.360968388093596,-44.43495209008637,52.080859368380175,47,0.5949367088607594,198824524.54899284,158262196.5496673,-89996507.69633746,198378875.56586182,152565585.27112588,-89996982.03261065,-119.92462314253063,-47.70255969196147,-150.48062256325596,-88.56036793091286,-49.90378324513014,-153.00052524809757,445648.98313100706,5696611.278541406,474.3362731933594,-31.364255211617767,2.201223553168667,2.5199026848416217,325,frame_000325.png
8000,8000,115,94,0.8173913043478261,94,1.0,94,66,0.7021276595744681,445600.6384539887,5696716.3063255465,498.13367396512353,-48.35538584028836,105.03538857586682,23.822394668248535,147.0648624939172,-77.77362818225535,-150.38673826831217,178.50576419347863,-79.7423527997645,-152.83392856764755,66,0.7021276595744681,46593189.90706927,98207735.69013377,81910349.87430748,46147540.91322944,92511124.4191968,81909875.56302819,-96.33850173504135,-20.034865900106745,138.565374736306,-64.89760003547991,-22.00359051761589,136.11818443697064,445648.993839829,5696611.270936971,474.311279296875,-31.440901699561437,1.9687246175091575,2.4471902993353867,326,frame_000326.png
8000,8000,97,74,0.7628865979381443,74,1.0,74,51,0.6891891891891891,445621.0217384377,5696684.937451999,497.50021413219446,-27.973125762830023,73.67311661411077,23.189606222038208,34.54380708061827,-70.644030440547,90.11460806292072,66.13264714677172,-72.25950183809691,87.59970075822793,51,0.6891891891891891,-122934790.75155953,6691657325.519005,7588984806.792366,-123380439.74642372,6685960714.254669,7588984332.481758,-17.769277581735047,-65.3684715246271,-77.22297304027019,13.819562484418384,-66.98394292217701,-79.73788034496297,445648.99486420053,5696611.264335385,474.31060791015625,-31.588840066153445,1.6154713975499109,2.514907304692783,327,frame_000327.png
8000,8001,112,84,0.75,84,1.0,84,54,0.6428571428571429,445648.79892523726,5696612.060388987,472.6246694783325,-0.20650089584523812,0.8064967934042215,-1.681910111511229,-32.89079260252409,-7.9455652450370655,0.39033503855685725,-1.3263493492754606,-9.679536734411386,-2.7334949929750962,54,0.6428571428571429,489658.6217440943,5856764.060226624,-335583.7867115957,44009.61631796119,160152.80633443035,-336058.09329118556,-91.98645119293563,-34.35626045483237,-176.60689212927497,-60.422007939687006,-36.09023194420669,-179.73072216080695,445649.0054261331,5696611.253892194,474.30657958984375,-31.564443253248626,1.7339714893743112,3.1238300315319667,328,frame_000328.png
8000,8000,98,77,0.7857142857142857,77,1.0,77,52,0.6753246753246753,445480.24037568504,5693840.025382819,9544.752251106775,-168.78337343869498,-2771.218377164565,9070.451683479821,-65.57140091147916,-11.634273673279786,-14.488301663492559,-34.07768091021731,-12.788242556437467,-17.244551088199103,52,0.6753246753246753,699533.762134805,5921861.066048896,467436.2858259809,253884.73838568124,225249.82228891272,466961.98525835393,158.51072463491525,74.71577529775973,-74.12661143955026,-169.99555536382286,73.56180641460205,-76.88286086425681,445649.02374912373,5696611.243759983,474.3005676269531,-31.493720001261856,1.1539688831576942,2.7562494247065477,329,frame_000329.png
8000,8000,108,85,0.7870370370370371,85,1.0,85,58,0.6823529411764706,445631.08492662164,5696609.6858661845,422.2455153058726,-17.954076474066824,-1.5412398111075163,-52.0548692156118,-105.4893406452981,21.547293684151875,-163.65490997345387,-73.9045914844509,20.486254515948474,-166.28857131131397,58,0.6823529411764706,412364.74497585895,6486295.4409819245,-469530.82030997035,-33284.294027236756,789684.2138759289,-470005.12069449184,-41.662671532504774,-24.982642650565843,150.03132145893525,-10.077922371657564,-26.043681818769244,147.39766012107515,445649.0390030957,5696611.227105996,474.3003845214844,-31.584749160847196,1.0610391682034082,2.6336613378600977,330,frame_000330.png
8000,8000,103,79,0.7669902912621359,79,1.0,79,53,0.6708860759493671,445645.2833007786,5696631.093894962,420.22435374531324,-3.760676710982807,19.87123443558812,-54.07899098124926,-86.38972199243052,50.483468140557726,175.8930659621631,-54.83108038128229,49.47787908451576,173.29092861897198,53,0.6708860759493671,1607497.5245088092,5139000.00733449,445419.8384895193,1161848.4805313195,-557611.2153260363,444945.53514479275,-167.40624638827853,20.216681693231788,118.46320814519181,-135.8476047771303,19.211092637189836,115.86107080200071,445649.0439774896,5696611.222660527,474.3033447265625,-31.558641611148236,1.0055890560419611,2.6021373431911146,331,frame_000331.png
8000,8000,116,93,0.8017241379310345,93,1.0,93,57,0.6129032258064516,445643.84304897045,5696618.1552031785,467.73569267144006,-5.213021011149976,6.931993770413101,-6.562555619575562,49.71418160517228,-38.965252560560934,86.44678536231125,81.28944683091464,-40.3472539456975,83.99381395990235,57,0.6129032258064516,635462.0484142124,5663892.886431287,-16945.541261749677,189812.99234423082,-32718.33677812107,-17419.839510040692,122.84367799997574,-22.575108236396304,-27.45622079358594,154.41894322571807,-23.95710962153285,-29.909192195994848,445649.0560699816,5696611.223209408,474.2982482910156,-31.575265225742363,1.3820013851365545,2.4529714024089193,332,frame_000332.png
8000,8000,103,80,0.7766990291262136,80,1.0,80,49,0.6125,387112.3389932458,5790874.683297832,26351.396093466417,-58536.71794565738,94263.45802698564,25877.09723482384,-174.8396277145964,-49.76752993352148,-106.93925834217352,-143.16247849623704,-51.24974576976453,-109.55191433535853,49,0.6125,6329113.451060357,15687541.171224874,-10379109.622246457,5883464.394121453,9990929.945954029,-10379583.9211051,14.765015037381014,10.495538705352729,6.720878101600105,46.44216425574035,9.013322869109686,4.108222108415077,445649.0569389032,5696611.225270846,474.2988586425781,-31.677149218359336,1.4822158362430544,2.6126559931850184,333,frame_000333.png
8000,8000,124,93,0.75,93,1.0,93,64,0.6881720430107527,446900.6921386656,5696912.198250166,779.5788789062124,1251.6364506638492,300.9663698775694,305.2801118163686,-132.64511155132294,11.501831978359638,-109.11885726235478,-101.15697468419593,9.75219559374949,-111.98312254899626,64,0.6881720430107527,1768831.3239693425,8007140.579199371,-2117706.0456279633,1323182.2682813408,2310529.3473190824,-2118180.344395053,-94.20128924214607,-5.846357267768902,-171.32234690762067,-62.713152375019064,-7.595993652379036,-174.18661219426215,445649.05568800174,5696611.231880289,474.29876708984375,-31.48813686712701,1.749636384610135,2.864265286641481,334,frame_000334.png
8000,8000,109,82,0.7522935779816514,82,1.0,82,59,0.7195121951219512,445632.6744209125,5696612.729999652,443.46486878227313,-16.38188733183779,1.474161840043962,-30.841314079054996,-86.69718352968073,36.34005920155401,-148.83162410801643,-55.27334029090595,34.058843856964046,-152.17926947762248,59,0.7195121951219512,2776888.68995477,7015077.427630603,-10831158.013341745,2331239.6336465254,1318466.1717927912,-10831632.319524607,-116.70494978077352,-22.166473875729032,-128.08216940638255,-85.28110654199874,-24.447689220318978,-131.4298147759886,445649.05630824436,5696611.255837812,474.3061828613281,-31.423843238774776,2.2812153445899592,3.3476453696060684,335,frame_000335.png
8000,8000,112,87,0.7767857142857143,87,1.0,87,60,0.6896551724137931,445644.8277256396,5696605.39772119,458.96169678863134,-4.240015726652928,-5.863556111231446,-15.347507312931157,-43.34311845483927,8.41710445863326,-137.47877102323017,-11.813990809159804,7.07035967953496,-140.61800702652815,60,0.6896551724137931,135481.4443079143,6225184.1679166965,132249.55403766822,-310167.623433452,528572.9066393953,131775.24483356666,-90.31378343813803,14.936695608157688,-80.10680770308623,-58.78465579245855,13.589950829059404,-83.2460437063842,445649.0677413663,5696611.261277301,474.3092041015625,-31.529127645679477,1.3467447790982916,3.1392360032979676,336,frame_000336.png
8000,8000,119,96,0.8067226890756303,96,1.0,96,64,0.6666666666666666,-1082775.803821621,5797042.2262841165,-913220.2555964574,-1528424.8767389995,100430.9675836647,-913694.5679133519,76.29559492075603,-47.63385142122882,-79.84753972891804,107.85795139698803,-48.8430129139993,-82.68861768236803,64,0.6666666666666666,1003047.3601594947,4961379.644789001,-583049.9626449785,557398.2872421162,-735231.6139114508,-583524.2749618731,139.89924697273304,-4.089722314988608,174.5281931178272,171.46160344896504,-5.2988838077590685,171.6871151643772,445649.07291737857,5696611.258700452,474.3123168945313,-31.562356476231997,1.209161492770475,2.8410779534500006,337,frame_000337.png
8000,8001,109,87,0.7981651376146789,87,1.0,87,56,0.6436781609195402,436345.8924609085,5690128.153963743,2827.258944686775,-9303.191014800745,-6483.099559841678,2352.953463729744,-89.24302913017038,11.86802902294344,-72.91683867570431,-57.65199153262432,10.409860043985674,-75.39747648794662,56,0.6436781609195402,-10416287190.113457,27894444303.511806,40201938766.44635,-10416732839.196932,27888747692.25828,40201938292.14087,45.62812518079786,-72.11475312173553,-65.77693344145658,77.2191627783439,-73.57292210069329,-68.25757125369888,445649.08347570925,5696611.253523584,474.3054809570313,-31.59103759754606,1.4581689789577585,2.480637812242304,338,frame_000338.png
8000,8000,114,88,0.7719298245614035,88,1.0,88,58,0.6590909090909091,445504.37879578414,5696586.178877397,-197.7698671492892,-144.7081116741756,-25.05751934275031,-672.0791628035861,-90.13447587370997,27.34668667186403,-171.68995635666488,-58.72993415739727,26.001333486002665,-174.02020355097252,58,0.6590909090909091,-97595252.81502333,-173936731.35640675,375990756.82899433,-98040901.9019308,-179633342.59280348,375990282.5196987,-142.8265060451484,-11.682662486097097,-114.08742705310071,-111.42196432883568,-13.028015671958457,-116.41767424740834,445649.0869074583,5696611.23639674,474.3092956542969,-31.40454171631271,1.345353185861368,2.3302471943076353,339,frame_000339.png
8000,8001,101,72,0.7128712871287128,72,1.0,72,44,0.6111111111111112,443527.3940517737,5694281.092384433,-6273.459905708031,-2121.6983449567924,-2330.1394016360864,-6747.763586127953,-100.11235779266995,8.253077440454458,-170.49239619436776,-68.76858845202541,6.999290427451513,-172.74552450466948,44,0.6111111111111112,436262.5035718806,5786209.872445546,-115397.61914621328,-9386.588824849925,89598.64065947663,-115871.9228266332,-93.18979434593035,-22.121810672762102,-151.79809708207702,-61.84602500528581,-23.37559768576503,-154.05122539237874,445649.0923967305,5696611.231786069,474.3036804199219,-31.34376934064454,1.2537870130029365,2.2531283103017326,340,frame_000340.png
8000,8001,116,89,0.7672413793103449,89,1.0,89,61,0.6853932584269663,445643.7982396877,5696608.367453302,470.03088232499,-5.291776434343774,-2.8498898558318615,-4.275025878135011,-66.73139105319213,-1.335324431183154,-49.98221885074288,-35.341275336958006,-2.337148824173255,-52.24032566712157,61,0.6853932584269663,352461597.35122895,724600501.8891188,-490252241.896796,352015948.2612128,718903890.6717756,-490252716.2027042,41.19554006320877,9.78899501863141,-27.68630443941905,72.5856557794429,8.787170625641323,-29.944411255797746,445649.09001612203,5696611.217343158,474.305908203125,-31.39011571623413,1.0018243929900974,2.2581068163786866,341,frame_000341.png
8000,8000,102,85,0.8333333333333334,85,1.0,85,51,0.6,445643.7361931332,5696610.6273579225,471.8769619255539,-5.3555509899160825,-0.5865335892885923,-2.4275119513991967,-72.29342242058497,-19.925948096724632,-35.84398877971468,-40.762435923726656,-20.955482660179598,-38.12872375204893,51,0.6,2564457157.7250357,-2214124411.7403407,147758575.33424455,2564011508.6332917,-2219821022.954232,147758101.02977067,-65.8961954040909,17.847537311179618,-105.30182152968325,-34.365208907232585,16.81800274772465,-107.5865565020175,445649.09174412314,5696611.213891512,474.3044738769531,-31.53098649685831,1.0295345634549635,2.284734972334243,342,frame_000342.png
8001,8000,121,97,0.8016528925619835,97,1.0,97,63,0.6494845360824743,444657.1607324473,5696603.045177695,-568.0121092066402,-991.9320164875826,-8.166938437148929,-1042.3122495874995,-17.527691390206265,72.3908954564787,-168.4836152341459,14.120992075906031,71.24187159667781,-170.6838012732515,63,0.6494845360824743,449601.31688901084,5831495.761208301,-40106.531344863324,3952.2241400759667,134884.54909216892,-40580.83148524418,-84.63919075630409,13.039578296942047,-177.67232156589148,-52.99050729019177,11.890554437141162,-179.87250760499708,445649.09274893487,5696611.2121161325,474.3001403808594,-31.64868346611231,1.149023859800893,2.2001860391055925,343,frame_000343.png
8000,8000,121,94,0.7768595041322314,94,1.0,94,61,0.648936170212766,445598.0499221527,5696680.8182026865,509.45916285521605,-51.044125898275524,69.60848431568593,35.15685572630974,7.697798976168867,-88.60163950067293,55.85325354285915,39.52819998321394,-89.7093973960506,53.71445917782805,61,0.648936170212766,1152426.485304375,5784287.744439679,-37457.46975001486,706777.391256324,87676.53472130839,-37931.77205714377,-137.73953659709588,-26.739344892633426,102.63342255297032,-105.90913559005082,-27.847102788011114,100.49462818793921,445649.094048051,5696611.209718371,474.3023071289063,-31.830401007045054,1.1077578953776805,2.1387943650311074,344,frame_000344.png
8001,8000,123,99,0.8048780487804879,99,1.0,99,62,0.6262626262626263,445440.0573671232,5696607.340439225,-572.2332318698343,-209.03865300747566,-3.8646680722013116,-1046.5328839694437,103.02304441116603,-33.92323326588542,-15.892048164916469,135.11254451436594,-34.55499494890239,-17.839875254488987,62,0.6262626262626263,49448.42607017583,6519947.656322628,-277753.4005176,-396200.66994995484,823336.4512153314,-278227.7001696996,-90.74360475319399,-2.4220020580406025,-110.8387380491464,-58.65410464999408,-3.053763741057594,-112.78656513871891,445649.0960201307,5696611.205107297,474.2996520996094,-32.08950010319991,0.6317616830169832,1.9478270895725098,345,frame_000345.png
8000,8000,99,79,0.797979797979798,79,1.0,79,52,0.6582278481012658,445643.6085078957,5696617.252100626,467.6335697572293,-5.486934652610216,6.058155252598226,-6.6754817564425935,58.719489869564896,-60.753047812556574,99.44484354929803,90.9250570463023,-61.769825721429044,97.60825892636097,52,0.6582278481012658,-5585763881.380014,7123207868.065882,-1015153448.2885451,-5586209530.475457,7117511256.871937,-1015153922.5975966,-92.61210927665114,-22.85516432800939,-29.679469830460388,-60.40654209991371,-23.871942236881864,-31.51605445339743,445649.09544254834,5696611.193945373,474.3090515136719,-32.20556717673744,1.0167779088724662,1.8365846229370448,346,frame_000346.png
8000,8000,105,83,0.7904761904761904,83,1.0,83,59,0.7108433734939759,445599.17232945055,5696618.089968079,437.37167871550224,-49.91900645312853,6.900645914487541,-36.93993627473213,-121.87563429681782,13.567804735307693,-122.34241468030528,-89.73974869483975,12.49731474933958,-124.1255108909814,59,0.7108433734939759,94782257.73069498,-106177510.38346611,-134764591.9370613,94336608.63935907,-111874121.57278827,-134765066.2486763,178.7693964903028,-42.559006677299294,139.32934146481705,-149.09471790771914,-43.62949666326739,137.5462452541409,445649.0913359037,5696611.189322164,474.3116149902344,-32.135885601978075,1.0704899859681034,1.7830962106761223,347,frame_000347.png
8000,8000,100,79,0.79,79,1.0,79,58,0.7341772151898734,445610.04537370394,5696632.6181565225,587.3647895914281,-39.04026718263049,21.43566437251866,113.0537239176,55.96552239530256,-30.544961347318456,16.143283205737543,87.9411049691808,-31.9091040849909,14.848439643381539,58,0.7341772151898734,-43233303332.27017,45117967543.14426,61257545197.81266,-43233748981.35581,45112270931.96176,61257544723.501595,-173.6016403866644,49.39192592825332,86.18689153332122,-141.62605781278617,48.02778319058089,84.89204797096522,445649.08564088657,5696611.18249215,474.3110656738281,-31.97558257387823,1.3641427376724362,1.2948435623559997,348,frame_000348.png
8000,8001,98,78,0.7959183673469388,78,1.0,78,60,0.7692307692307693,445643.8277117311,5696617.010460848,468.29662401907575,-5.242654710833449,5.81123018078506,-6.012366459439875,42.277886193290335,-63.737214927256154,81.95877968726495,74.24091388832935,-65.94370680487268,79.93114935883915,60,0.7692307692307693,432052015.23533255,5632630435.724632,12735974113.542606,431606366.1649661,5626933824.525402,12735973639.233616,54.56316263899555,-12.735603422910444,140.22251789219644,86.52619033403454,-14.942095300526972,138.19488756377064,445649.0703664419,5696611.199230667,474.3089904785156,-31.963027695039006,2.2064918776165174,2.0276303284258126,349,frame_000349.png
8000,8002,94,81,0.8617021276595744,81,1.0,81,53,0.654320987654321,445772.2822575786,5697528.204325869,-2158.109936792655,123.21216322021792,917.0009126979858,-2632.4191103766393,-81.00792018365198,47.28438927057409,169.94609309385967,-49.136482403038656,45.67312546598532,167.8166392201506,53,0.654320987654321,51087.106946311425,6209041.784957543,-969176.3148886549,-394561.963148047,512430.58154437225,-969650.6240622388,-29.30974786138617,-5.412853593797776,-96.15710829261155,2.561689919227149,-7.024117398386522,-98.28656216632066,445649.0700943584,5696611.203413171,474.3091735839844,-31.871437780613334,1.6112638045887553,2.1294538737091053,350,frame_000350.png
8000,8002,114,82,0.7192982456140351,82,1.0,82,55,0.6707317073170732,557813.757589533,5932745.840889271,66203.6363982405,112164.69219014666,236134.63711401913,65729.32899467605,43.78447397221039,44.44442478380786,18.784742498960213,75.4967386555139,42.75751907637937,16.847632163929234,55,0.6707317073170732,-6656173263.380275,-7108313463.76676,9742685535.387432,-6656618912.445674,-7114010074.970535,9742685061.080029,-149.14065372996663,26.803580725271264,133.15926577680122,-117.42838904666313,25.116675017842766,131.2221554417702,445649.06539938634,5696611.203775252,474.3074035644531,-31.7122646833035,1.686905707428506,1.9371103350309942,351,frame_000351.png
8000,8001,95,74,0.7789473684210526,74,1.0,74,53,0.7162162162162162,445637.89612709364,5696609.920690031,452.0752652034652,-11.172309406974819,-1.2866612877696753,-22.22545501137853,-70.18086603999332,35.72009019967812,-145.16292379524975,-38.91169492791491,34.359238713741945,-147.32879527539794,53,0.7162162162162162,120520106.37542373,-1395760294.7695813,-479209766.15057135,120074457.30698723,-1401456905.9769325,-479210240.45129156,141.2024023441505,-15.518267353265271,148.2210926593235,172.47157345622895,-16.879118839201453,146.0552211791753,445649.0684365006,5696611.207351319,474.30072021484375,-31.269171112078414,1.3608514859361829,2.165871480148172,352,frame_000352.png
8001,8000,108,86,0.7962962962962963,86,1.0,86,56,0.6511627906976745,445637.9148704266,5696611.340800702,450.3449387705274,-11.211618774279486,0.11471782345324755,-23.936677440410108,-68.90422523897891,40.07774970300848,-152.00263657451555,-36.78714774543539,38.9583676849999,-154.60185572280952,56,0.6511627906976745,-2928562.531758941,9755234.052406732,-1790955.653789246,-3374211.6582481414,4058622.826323854,-1791429.935405457,-41.83717866500758,11.869503668030864,-173.8135079452658,-9.720101171464052,10.750121650022294,-176.41272709355977,445649.12648920086,5696611.226082878,474.2816162109375,-32.11707749354353,1.1193820180085754,2.5992191482939626,353,frame_000353.png
8000,8001,108,78,0.7222222222222222,78,1.0,78,51,0.6538461538461539,445631.2321299616,5696604.307145327,765.6880571958473,-17.892825149698183,-6.926106985658407,291.3941729185035,-61.905586297723154,-28.529172725292128,-7.6657362590117755,-29.622426104123548,-29.895479775596073,-9.785990320054339,51,0.6538461538461539,484488.0014345485,5664577.516504667,14344.966775188717,38838.876479437225,-32033.71674764622,13870.672890911374,172.93916346928307,-12.548846517792978,93.17492340232138,-154.77767633711733,-13.915153568096912,91.05466934127884,445649.1249551113,5696611.233252313,474.29388427734375,-32.28316019359961,1.3663070503039434,2.1202540610425484,354,frame_000354.png
8000,8001,131,102,0.7786259541984732,102,1.0,102,57,0.5588235294117647,445636.3723169131,5696640.745102998,482.04152297892654,-12.75407540006563,29.511215451173484,7.748615264082787,24.629190886158604,-60.58717689705041,72.76051530003764,57.009869350960884,-61.3438481928156,70.49518236224091,57,0.5588235294117647,98521.54052834597,6475726.179611096,623360.5924208416,-347127.5858639672,779114.9457235495,622886.2995131267,-69.32193952955946,70.39940135336849,-145.80906096942502,-36.94126106475716,69.6427300576033,-148.07439390722175,445649.12639231316,5696611.233887547,474.29290771484375,-32.38067846480229,0.7566712957651905,2.2653329377967224,355,frame_000355.png
8000,8000,103,73,0.7087378640776699,73,1.0,73,46,0.6301369863013698,446004.29564753827,5686029.140030336,3886.393811357592,355.1710537701729,-10582.097901475616,3412.1115237599356,-65.97889755579641,41.64431377418667,-30.065099445835425,-33.61779091516229,40.80841767843805,-32.44785544384203,46,0.6301369863013698,122537429.29192992,166676677.99522665,-39744533.41532622,122091780.16733615,160980066.75729483,-39745007.69761382,-119.99454900770779,-42.949722039058585,37.016416825982034,-87.63344236707366,-43.78561813480724,34.63366082797543,445649.1245937681,5696611.237931811,474.28228759765625,-32.36110664063413,0.8358960957486375,2.3827559980065995,356,frame_000356.png
8000,8000,112,91,0.8125,91,1.0,91,61,0.6703296703296703,445643.8083715739,5696616.71181063,469.86538703100507,-5.306977123778779,5.4682238306850195,-4.426025322510554,6.893496180978221,-68.18786315742786,44.07273398196055,39.02276221991207,-70.08921811332341,41.75355815734372,61,0.6703296703296703,-239740144.6233903,1452875577.4715755,648484755.7585714,-240185793.73873898,1447178966.2279887,648484281.467159,-24.52587668332388,-13.267033268600503,177.44350474691268,7.603389355609977,-15.168388224496056,175.12432892229583,445649.1153486977,5696611.243586799,474.2914123535156,-32.12926603893384,1.9013549558955547,2.319175824616851,357,frame_000357.png
8000,8000,114,97,0.8508771929824561,97,1.0,97,59,0.6082474226804123,445643.88134708063,5696614.878706672,472.07784564637967,-5.229866221547127,3.635306048206985,-2.2200974688547035,-34.78641072897459,-55.93716411408781,-3.909980966033704,-2.9786936752538224,-56.916146142552094,-6.817001991951656,59,0.6082474226804123,5480528.00041238,5029105.806486079,-887527.2735928439,5034878.889199078,-667505.4369145455,-888001.5715359591,175.17809167211922,-47.437049892860045,40.79560568513554,-153.01419127416,-48.41603192132433,37.88858465921757,445649.1112133022,5696611.243400624,474.2979431152344,-31.807717053720765,0.978982028464284,2.907021025917965,358,frame_000358.png
8001,8000,122,93,0.7622950819672131,93,1.0,93,62,0.6666666666666666,445648.33517677494,5696611.533729781,472.74780046941396,-0.7722298098960891,0.17334371246397495,-1.54754865167979,-58.92175619359801,-7.589311154578615,-6.5406354643024756,-1.9141587160843585,-9.03185330252009,-7.6175837687296735,62,0.6666666666666666,163186775.85051915,-2584095411.2076397,-788212322.7916684,162741126.74311256,-2589792022.5680256,-788212797.0870175,88.77660215475291,-55.21787888001932,30.240386189117412,145.78419963226656,-56.660421027960794,29.16343788469021,445649.10740658484,5696611.360386069,474.29534912109375,-57.007597477513656,1.4425421479414762,1.0769483044272021,359,frame_000359.png
8000,8000,106,74,0.6981132075471698,74,1.0,74,54,0.7297297297297297,445646.9825188581,5696613.480006866,472.01415439906185,-2.1652003239723854,1.9850827753543854,-2.2783260696881484,-81.01531202198242,-13.499817472490903,-7.8630446704658805,-1.8422323893357202,-13.337197738165827,-10.92675639086039,54,0.7297297297297297,-4242130.209764905,-2326486.278013492,-17418011.88893843,-4687779.357484087,-8023097.772937583,-17418486.1814189,-150.5808158731802,-66.48018306820185,-148.90732899587047,-71.40773624053351,-66.31756333387678,-151.97104071626498,445649.1477191821,5696611.494924091,474.29248046875,-79.17307963264669,-0.16261973432508087,3.0637117203944984,360,frame_000360.png
8000,8002,107,92,0.8598130841121495,92,1.0,92,65,0.7065217391304348,445647.73841391917,5696612.601692598,472.0011413805206,-1.5054925511358306,0.9784708060324192,-2.2669860608856993,-103.63499723729694,-4.512694437170565,-2.518990085097173,-0.5741105528111348,-6.2581081450568945,-3.983493922041049,65,0.7065217391304348,86698436.66662747,584792427.5652572,-426242662.9033719,86252787.422721,579095815.9420354,-426243137.1714993,-79.95327549520384,-5.826984740025852,-178.17496979386829,23.107611189281954,-7.572398447912178,-179.63947363081215,445649.2439064703,5696611.623221792,474.2681274414063,-103.06088668448581,1.7454137078863314,1.4645038369438699,361,frame_000361.png
8000,8001,91,72,0.7912087912087912,72,1.0,72,52,0.7222222222222222,445648.15635756426,5696611.551812867,472.5859782582695,-1.3651033757487312,-0.24604977294802666,-1.7180073374336189,-126.29967253423033,-7.379142091238297,-3.5575677644760417,-1.4412725370244175,-9.521507891485953,-3.8831569876200263,52,0.7222222222222222,81187.33584323502,5685033.492938964,-108743.71227141126,-364462.185617705,-11578.304923675954,-109218.01625700697,-110.28724162667815,4.114223263935618,-161.724848430671,14.571158370527769,1.971857463687968,-162.05043765381498,445649.52146094,5696611.79786264,474.3039855957031,-124.85839999720592,2.142365800247659,0.3255892231439814,362,frame_000362.png
8000,8000,111,91,0.8198198198198198,91,1.0,91,68,0.7472527472527473,445646.71161828074,5696613.484469564,471.8044998021395,-3.11207403766457,1.6812168955802917,-2.511570754501122,-172.17586092046244,-2.607638281134613,-1.345516595109195,-1.7924814623759744,-4.06825851309722,0.789597403536078,68,0.7472527472527473,34912743.49681497,121347774.35483181,-13680637.619222958,34467093.67312265,115651162.55157915,-13681111.935293514,50.64535927020719,71.7803302989497,148.13626549809413,-138.97126127170634,70.31971006698711,150.27137949673943,445649.8236923184,5696611.803252668,474.3160705566406,-170.38337945808647,1.4606202319626065,-2.135113998645269,363,frame_000363.png
8001,8000,94,76,0.8085106382978723,76,1.0,76,60,0.7894736842105263,445646.6464551358,5696613.493504681,472.42149452018765,-3.3924740261863917,2.0019826721400023,-1.8481282825467247,150.06656050979035,2.3576365267574455,-5.421897904800835,-2.0479703740856507,3.417740274890491,-4.358667184902032,60,0.7894736842105263,41540.58853017457,5760346.7825864125,855407.3758615447,-404109.4503989874,63735.29106440395,854933.106238742,-70.05063880739614,-44.37136310998529,-150.6057073189221,137.83483030872787,-43.31125936185225,-149.5424765990233,445650.03892916196,5696611.491522009,474.2696228027344,152.114530883876,-1.0601037481330378,-1.0632307198987971,364,frame_000364.png
8000,8001,107,78,0.7289719626168224,78,1.0,78,65,0.8333333333333334,445646.6063865033,5696613.345967779,472.42881581724913,-3.3931927370722406,1.8534663263708353,-1.8475513702508692,149.8998015767024,1.5234725291056097,-3.8108688922285547,-2.0120702992130646,2.45903364510076,-2.0578022472485316,65,0.8333333333333334,534163244839.34125,-294561190754.4456,42122478451.580444,534162799189.3417,-294566887365.9381,42122477977.30408,-70.36823952336619,38.63499809119718,-0.9843096704259947,137.71988860071838,39.57055920719233,0.7687569745540088,445649.9995792404,5696611.492501453,474.2763671875,151.91187187591547,-0.9355611159951469,-1.753066644980016,365,frame_000365.png
8000,8000,92,73,0.7934782608695652,73,1.0,73,48,0.6575342465753424,445646.10014317353,5696613.962561009,472.45543479330996,-3.6619047581916675,2.4622475542128086,-1.8749485074713448,150.5714107928564,10.37258990143614,-8.334353401702156,-1.647488686297521,5.417476002127501,-8.097495882981008,48,0.6575342465753424,-1315824016.80185,4251052939.8089957,1908726689.3457913,-1316269666.563898,4245356328.3086824,1908726215.015408,157.5514501589179,18.338493943319897,-107.13096584747112,5.332550679763983,13.383380044011261,-106.89410832874998,445649.7620479317,5696611.500313455,474.3303833007813,152.21889947915392,4.955113899308638,-0.2368575187211399,366,frame_000366.png
8000,8000,103,85,0.8252427184466019,85,1.0,85,61,0.7176470588235294,445645.90015805827,5696613.993628384,472.4755510645459,-3.602937901741825,2.426472936756909,-1.8901715917040747,150.60574002839482,9.25741057141679,-9.189075570614785,-1.5182346515979077,4.042411981193709,-10.188667497506827,61,0.7176470588235294,9764712.942775054,6670281.4003091175,10932210.30058226,9319063.439679094,973669.8331536707,10931735.934859604,-99.82133918843161,22.250745063512447,169.45011250291526,108.05468613157564,17.03574647328935,168.45052057602322,445649.50309596,5696611.567155447,474.36572265625,152.12397467999273,5.214998590223085,0.9995919268920544,367,frame_000367.png
8000,8000,82,67,0.8170731707317073,67,1.0,67,48,0.7164179104477612,445645.7010123116,5696613.902912316,472.53468360156637,-3.407395218964666,2.1647759955376387,-1.8364406660117538,150.29957756094726,6.298551749297702,-7.716418871255375,-1.791457609504505,2.522227880186648,-8.302507044804514,48,0.7164179104477612,-6125731361.246203,26928489815.231842,-3071734739.4927893,-6126177010.354611,26922793203.493706,-3071735213.8639135,58.53136026457493,54.66771239057304,-0.5878480286116227,-93.55967490587683,50.89138852146198,-1.1739362021607747,445649.1084075306,5696611.73813632,474.3711242675781,152.09103517045176,3.776323869111055,0.5860881735491381,368,frame_000368.png
8000,8000,72,51,0.7083333333333334,51,1.0,51,34,0.6666666666666666,445644.8958348641,5696613.897976657,472.43789571563036,-3.0136093532200903,1.5042199492454529,-1.9338389035102637,154.645004733217,-8.431934378353999,-2.653484582607887,-2.054852825763163,-0.5335583623067635,-1.9619428703821882,34,0.6666666666666666,722322173.3371764,529768198.2262107,-1864367790.4026444,721876525.4277322,524071585.832454,-1864368264.774379,-96.06419882876426,3.8337794507046232,-140.10295333903645,107.2359436122556,11.732155466751863,-139.41141162681075,445647.90944421734,5696612.393756708,474.3717346191406,156.69985755898017,-7.898376016047228,-0.6915417122256949,369,frame_000369.png
8001,8000,85,68,0.8,68,1.0,68,54,0.7941176470588235,445644.54657222255,5696614.656247875,471.54183448515397,-3.261358368617948,2.1361492248252034,-2.836888659377337,175.50129612582296,-5.567553920370725,3.4361068602722153,-1.2437704842613186,-0.820381577933091,6.354555308894021,54,0.7941176470588235,-842691890312.6393,135522773798.60152,-592448318292.9404,-842692335960.4473,135517077186.08142,-592448318767.3192,84.16842346167579,27.119178423394715,178.46215394299537,-92.5766431484085,31.86635076583235,-178.61939760838277,445647.80793059117,5696612.52009865,474.3787231445313,176.74506661008428,-4.747172342437636,-2.9184484486218185,370,frame_000370.png
8000,8000,75,55,0.7333333333333333,55,1.0,55,38,0.6909090909090909,445644.3727657038,5696613.994761953,472.42723555054783,-3.3137497511925176,1.324111096560955,-1.9745588830459155,-162.57938796565546,-5.305291322592253,-5.799238010919352,-2.7856496006330076,-3.7272630113815524,-1.2533185194486123,38,0.6909090909090909,99015527802.13136,-221056436654.3086,-32755428949.54728,99015082154.44485,-221062133266.97925,-32755429423.949074,-138.4919436399465,27.90931819254438,-32.76841930060361,21.30179472507595,29.487346503755077,-28.22249980913287,445647.686515455,5696612.670650857,474.40179443359375,-159.79373836502245,-1.5780283112106965,-4.545919491470734,371,frame_000371.png
8000,8000,88,58,0.6590909090909091,58,1.0,58,38,0.6551724137931034,445645.15239266865,5696612.878060236,472.82748194689634,-2.2837423248565756,0.08134171646088362,-1.5875265980255335,-139.47219071617616,-8.535936590612202,-6.536123264038944,-1.462315205626254,-7.775705769501798,-4.20599125770525,38,0.6551724137931034,580659.1608083542,-53596391.50778051,97887243.66340703,135011.72467336064,-59293004.30449903,97886769.24839848,23.08725063963922,-44.21018888640145,-155.63372801034197,161.09712615018913,-43.44995806529104,-153.30359600400828,445647.4361349935,5696612.796718519,474.4150085449219,-138.0098755105499,-0.7602308211103946,-2.330132006333681,372,frame_000372.png
8000,8000,81,63,0.7777777777777778,63,1.0,63,35,0.5555555555555556,445645.9089641071,5696613.196863789,472.65043212354465,-1.411075317824725,0.41301858238875866,-1.7569165092678531,-116.2176442266383,-9.038816647927183,-4.022524668842688,-1.893660695455651,-9.36840797800204,-4.155499896428978,35,0.5555555555555556,2308898.2989051756,5574418.266987781,-46538.15939699439,1863250.9788657506,-122194.51685742568,-47012.566745627206,-140.24507711786845,32.3344959634633,173.14538308060665,-25.9210935866858,32.004904633388435,173.01240785302036,445647.3200394249,5696612.783845207,474.4073486328125,-114.32398353118265,0.3295913300748591,0.13297522758628696,373,frame_000373.png
8000,8001,82,64,0.7804878048780488,64,1.0,64,36,0.5625,445645.8200994312,5696613.674625277,472.6149330866407,-1.3137063294416294,1.0512701021507382,-1.79040138601556,-70.52661235621908,-9.952929073709905,-3.581538238555587,-0.6232759722389005,-11.383106362887162,-4.052616634396884,36,0.5625,414481.04438822484,5649790.963696269,-28880.397770383268,-31166.08941753581,-46821.65965890512,-29354.803104855924,-104.47387140863297,-1.7956063658896804,-172.6347197052321,-34.57053502465277,-3.225783655066948,-173.1057981010734,445647.13380576065,5696612.623355174,474.40533447265625,-69.90333638398019,1.4301772891772686,0.471078395841303,374,frame_000374.png
8000,8000,76,54,0.7105263157894737,54,1.0,54,33,0.6111111111111112,445679.18965766556,5696772.397484036,507.59178148856137,32.10531203361461,160.04802273679525,33.18049608817074,22.693458553212317,-0.8301558131968366,71.84598073637376,68.66699525927808,-1.5512310424028328,70.83143122146387,33,0.6111111111111112,3271313049.877368,155856179.77043223,-552449594.4240267,3270867402.793022,150159567.42097095,-552450068.8353121,172.183839510759,18.080205114969818,-165.25930596377057,-141.84262378317527,17.35912988576382,-166.27385547868045,445647.08434563194,5696612.349461299,474.4112854003906,-45.97353670606576,0.7210752292060071,1.0145495149098853,375,frame_000375.png
8001,8000,71,45,0.6338028169014085,45,1.0,45,28,0.6222222222222222,445641.48141130665,5696598.4907403635,533.6137165971677,-5.6843194083776325,-13.712989717721939,59.192757124511445,165.43773232206692,-60.27384420844741,36.864743603703275,-164.18915513385468,-61.03085159005596,34.558609219879855,28,0.6222222222222222,1121071.5556321405,4723611.287475306,-867308.8352217117,675424.3899014255,-973000.9162547756,-867783.2561811843,163.88016221312733,-42.42118718699917,75.18873384134663,-165.74672524279424,-43.17819456860772,72.88259945752321,445647.16573071503,5696612.203730081,474.42095947265625,-30.373112544078428,0.757007381608552,2.3061343838234176,376,frame_000376.png
8001,8001,94,66,0.7021276595744681,66,1.0,66,39,0.5909090909090909,445619.0365383294,5696801.659799546,586.8449677560116,-28.159496906446293,189.44691251404583,112.43285838101156,-89.85368272313544,-0.08941545160809333,179.9643195302051,-59.51691894656484,-1.9756134431011958,175.97686208837865,39,0.5909090909090909,776560.3571860478,6625166.55536435,-435768.2714467377,330913.161150812,928554.3424773179,-436242.6835561127,-84.07746256041597,10.426340264937542,-172.29389197326955,-53.740698783845374,8.540142273444417,-176.281349415096,445647.19603523583,5696612.212887032,474.412109375,-30.33676377657059,1.8861979914931122,3.987457441826438,377,frame_000377.png
8000,8000,88,62,0.7045454545454546,62,1.0,62,31,0.5,445611.48043843143,5696637.24132893,555.0064707678703,-35.78041118470719,25.015012592077255,80.58087262333896,-69.09139607930601,-52.9451300875981,-14.206314005663568,-38.88508118183958,-56.48793508588952,-17.100657636064994,31,0.5,11575583.49457836,2343412.099120244,1111880.093226458,11129936.233728744,-3353200.1271960936,1111405.6676283134,-61.1013976959476,29.207058358198868,-174.6917476491262,-30.895082798481155,25.664253359907462,-177.58609127952764,445647.26084961614,5696612.2263163375,474.4255981445313,-30.206314897466434,3.5428049982914107,2.89434363040143,378,frame_000378.png
8001,8001,74,52,0.7027027027027027,52,1.0,52,27,0.5192307692307693,445643.60438954463,5696614.183271003,473.35719656450084,-3.6999921852257103,1.9677454587072134,-1.070049529249161,-36.15230610491324,-33.62213490443827,-6.958977002515293,-5.995921486844082,-39.220048098478514,-9.383124391784406,27,0.5192307692307693,28675614201.49424,3704550902.8823643,60154591.41003418,28675168554.189857,3698854290.6668386,60154116.982788086,-107.90017151745269,-34.92329898655149,-162.04748019223348,-77.74378689938352,-40.52121218059176,-164.4716275815026,445647.30438172986,5696612.215525544,474.42724609375,-30.156384618069165,5.597913194040257,2.42414738926912,379,frame_000379.png
8000,8000,63,45,0.7142857142857143,45,1.0,45,24,0.5333333333333333,445634.945906599,5696618.91553395,484.2993732920331,-12.410516443022061,6.732645350508392,9.857234620158124,-54.57188221707563,-54.85067936690836,-13.497956007537653,-24.43144339899459,-64.26831566093931,-15.999426957478931,24,0.5333333333333333,815975326.0917773,-904807871.008283,-1891581386.4789858,815529678.7353543,-910504483.1911716,-1891581860.9211245,-58.586350950522,-9.536667433637739,-63.43202761948287,-28.445912132440952,-18.954303727668673,-65.93349856942413,445647.356423042,5696612.182888599,474.442138671875,-30.14043881808105,9.417636294030945,2.501470949941269,380,frame_000380.png
8000,8000,64,51,0.796875,51,1.0,51,25,0.49019607843137253,445641.5485467885,5696619.5088217,457.82131166162316,-5.90189954690868,7.372143513523042,-16.63306455907997,-152.22935284726864,35.276951924005814,-138.82751629082958,-121.97682364448885,25.353959121820537,-140.7089459625275,25,0.49019607843137253,35615892.192389965,116103759.53798686,81879430.42698927,35170244.74194363,110407147.40130867,81878955.97261305,-108.54399127930452,2.859665450150676,-178.91885743042172,-78.29146207652472,-7.063327352034605,179.19971289788032,445647.4504463354,5696612.136678186,474.4543762207031,-30.2525292027798,9.922992802185268,1.8814296716979213,381,frame_000381.png
8004,8000,74,44,0.5945945945945946,44,1.0,44,23,0.5227272727272727,445646.9047266511,5696613.152756217,472.9420010963197,-0.8578312949393876,1.2056104093790054,-1.488388307977175,-31.349649726875885,-11.17882849722526,0.9785631890417241,-0.6182102747980878,-17.43637358658492,-0.8080006919338416,23,0.5227272727272727,64318624.91724062,-8029612.367898266,44069952.11410175,63872977.15468267,-13726224.315044073,44069477.68371235,0.6417143808437857,-6.705355286550647,166.62197294671614,31.373153832921588,-12.962900375910323,164.83540906574058,445647.76255794603,5696611.947145808,474.4303894042969,-30.7314394520778,6.2575450893596685,1.786563880975571,382,frame_000382.png
8002,8000,93,68,0.7311827956989247,68,1.0,68,35,0.5147058823529411,445647.8911027492,5696612.646170992,472.6763621852028,-0.07430161442607641,0.8313802778720856,-1.74325451401603,-31.869405509777252,-6.306049825140611,1.7776471258651798,-0.9870188183178925,-9.846604255557196,-0.37900967060795665,35,0.5147058823529411,-4766882.753782789,-11483661.47086953,-2598648.660936377,-5212530.719187153,-17180273.285660245,-2599123.080553076,-83.89970641954078,-12.538035541145566,31.45120995846105,-53.01731972808142,-16.07858997156214,29.294553161987892,445647.96540436364,5696611.8147907145,474.4196166992188,-30.882386691459363,3.540554430416575,2.1566567964731442,383,frame_000383.png
8000,8000,81,52,0.6419753086419753,52,1.0,52,28,0.5384615384615384,445872.3334389004,5696864.31533362,385.86983671546,224.13897067354992,252.64727575238794,-88.54160127282131,171.2203002301382,9.389061392746806,66.82992120801403,-158.02499691763182,6.855072346025764,64.76731708392464,28,0.5384615384615384,759924.2785068305,8066466.9860463245,3853842.438625104,314276.0840386036,2369855.317988457,3853368.0271871155,-96.62839508165992,17.68648383302144,145.34749563346716,-65.87369222942993,15.152494786300394,143.28489150937776,445648.19446822687,5696611.668057867,474.4114379882813,-30.75470285222999,2.5339890467210475,2.0626041240893933,384,frame_000384.png
8001,8000,79,67,0.8481012658227848,67,1.0,67,44,0.6567164179104478,445799.01626145287,5696114.294229716,-1546.9753205733189,150.58775907586096,-497.2237642519176,-2021.3700044112095,-38.962995790291586,16.277781567761494,-174.09031668798394,-8.396928445102446,14.42985366597938,-175.65497826689636,44,0.6567164179104478,10278954426.063555,-4600695082.123542,7038282853.587762,10278508777.635052,-4606391693.641536,7038282379.193078,-76.77883493565837,25.526499200526036,165.05426296089607,-46.21276759046921,23.67857129874392,163.48960138198368,445648.428502377,5696611.517993968,474.3946838378906,-30.56606734518915,1.8479279017821153,1.5646615789124139,385,frame_000385.png
8000,8000,96,75,0.78125,75,1.0,75,52,0.6933333333333334,366541.66930128075,5677403.996721146,-43405.41939136299,-79107.23561061115,-19207.210118353367,-43879.81611987862,-91.89856645168611,33.640802101654984,-110.20595847732191,-61.462957354318604,32.04910225731925,-111.6596854304727,52,0.6933333333333334,-227940192440.97906,-27136526672.4401,21865710151.81111,-227940638089.88397,-27142223283.646942,21865709677.414383,-40.74490263769524,-39.44009979431414,121.248869524291,-10.309293540327758,-41.03179963864986,119.79514257114022,445648.9049118919,5696611.206839499,474.396728515625,-30.435609097367497,1.591699844335724,1.4537269531507877,386,frame_000386.png
8000,8000,104,86,0.8269230769230769,86,1.0,86,59,0.686046511627907,445439.4941347886,5696730.473342755,420.39233768846253,-209.64819502155297,119.41735606454313,-53.99825679395934,-152.05610589833748,-7.035359006619814,-110.6479546821131,-121.65743353116933,-8.277609000855051,-112.31690838172717,59,0.686046511627907,1024666.189759457,4763688.244510473,-1016941.5849320512,579017.0474296468,-932922.8114762176,-1017415.9755265337,49.899522471421335,-31.10590327211981,-13.554779731474445,80.2981948385895,-32.34815326635504,-15.223733431088533,445649.1423298101,5696611.05598669,474.3905944824219,-30.398672367168146,1.2422499942352392,1.6689536996140737,387,frame_000387.png
8000,8000,101,87,0.8613861386138614,87,1.0,87,64,0.735632183908046,445643.02192232606,5696616.570072635,469.5617422650483,-6.350818908133078,5.661632490344346,-4.833521406826719,-2.326418156202158,-83.35141799697378,38.7696579414981,28.170027775961614,-85.01600817591863,36.81227684403558,64,0.735632183908046,-1955798826.7201118,-840103997.0024493,-510750958.1268755,-1956244476.092853,-845800607.9108894,-510751432.5221392,-62.366293285930745,58.01629587940771,19.626128927073115,-31.86984735376697,56.351705700462844,17.668747829610567,445649.3727412342,5696610.908440145,474.395263671875,-30.496445932163766,1.6645901789448487,1.9573810974625372,388,frame_000388.png
8000,8000,105,84,0.8,84,1.0,84,63,0.75,445628.34535744565,5696715.792751256,469.2811385954963,-21.261400112998672,105.0176921132952,-5.119099441613059,60.27949371722714,-51.957115058881996,127.33462576782395,90.76669870547641,-53.85223883709132,125.31488215639081,63,0.75,60985375.999549784,-3455822515.8029914,4798958205.809035,60539726.392792225,-3461519126.5780506,4798957731.408797,-95.99115063102033,38.63353254407065,124.72719404657617,-65.50394564277107,36.73840876586132,122.70745043514307,445649.60675755865,5696610.775059143,474.4002380371094,-30.487204988249268,1.8951237782093255,2.0197436114331238,389,frame_000389.png
8001,8001,105,84,0.8,84,1.0,84,57,0.6785714285714286,445560.5133710157,5696655.029206834,511.5380433309574,-89.7412378853769,44.651832713745534,37.13136608486366,-149.14349752116328,-77.01793217325934,-120.62700024929794,-118.43425807644523,-79.36882285303557,-123.01025085165269,57,0.6785714285714286,2111886.318837139,8323786.645360955,-4096265.828509772,1666236.0642282376,2627176.267986835,-4096740.2351870183,-86.80123287185661,-3.7268147031877232,-76.16246956970899,-56.09199342713856,-6.077705382963956,-78.54572017206374,445650.2546089011,5696610.37737412,474.40667724609375,-30.709239444718055,2.3508906797762252,2.3832506023547495,390,frame_000390.png
8002,8001,97,77,0.7938144329896907,77,1.0,77,50,0.6493506493506493,433824.65600727993,5693635.235688658,13181.82336118098,-11826.020907169732,-2974.8979847151786,12707.424649022776,-131.7606304312539,3.5642160424911897,-27.311025295792632,-100.86423455534741,0.5703013786106794,-29.25233105249407,50,0.6493506493506493,907599.9133101441,5924663.79397374,-4028774.3187147267,461949.23639569443,228053.66030036658,-4029248.717426885,144.7328729279164,50.92656821684838,-33.899905810596444,175.62926880382287,47.93265355296788,-35.841211567297904,445650.67691444966,5696610.133673374,474.3987121582031,-30.89639587590649,2.993914663880507,1.9413057567014513,391,frame_000391.png
8000,8001,116,91,0.7844827586206896,91,1.0,91,62,0.6813186813186813,545861.210863219,5543793.796384857,159067.96371193958,100210.12767133268,-152816.07976202387,158593.5546238048,-66.49673191068955,13.567854183430216,5.273757811757649,-35.658935775677435,9.69558493109622,3.5809508599330115,62,0.6813186813186813,162649574.48567984,-149204854.93994674,-1012117.3381156549,162203923.40248796,-154901464.81609362,-1012591.7472037897,-78.07974647153026,53.05315735320873,165.52317058403986,-47.24195033651813,49.18088810087474,163.83036363221527,445651.0831918863,5696609.876146881,474.4090881347656,-30.837796135012113,3.8722692523339877,1.6928069518246287,392,frame_000392.png
8000,8000,77,56,0.7272727272727273,56,1.0,56,40,0.7142857142857143,444374.43226374494,5728286.324111992,53655.54361860703,-1277.0800198687357,31676.702543046325,53181.13529341172,-92.54399813348034,3.2605204789634934,178.56516173611848,-61.92171284999044,0.4746460742750571,176.26580983229854,40,0.7142857142857143,-389608.4039081604,5132957.387507007,1205124.9067673269,-835259.9161917741,-563652.2340619378,1204650.4984421316,-138.88870620144803,9.600620127243014,119.41966662277912,-108.26642091795813,6.814745722554562,117.12031471895921,445651.5122836137,5696609.621568945,474.4083251953125,-30.622285283489898,2.7858744046884496,2.299351903819938,393,frame_000393.png
8000,8000,92,64,0.6956521739130435,64,1.0,64,42,0.65625,-5044188.202585685,12655992.196471881,-3226887.5937960953,-5489839.930949552,6959382.7020032,-3227362.007156691,-41.26454050322486,-74.33115369612155,-165.8343053909687,-10.505107247354715,-76.51408647710812,-168.34614186524195,42,0.65625,512882.9038965785,5697786.543683513,-1887.155947333158,67231.17553271126,1177.0492148315534,-2361.5693079288612,-117.36839205765543,-28.683767599933788,-157.6685648312848,-86.60895880178529,-30.86670038092035,-160.18040130555806,445651.7283638672,5696609.4944686815,474.4133605957031,-30.75943325587014,2.182932780986569,2.5118364742732586,394,frame_000394.png
8002,8000,82,52,0.6341463414634146,52,1.0,52,33,0.6346153846153846,439453.00608220464,5723214.510408304,36246.83701655165,-6199.175115174265,26605.265956114978,35772.42841669814,-75.70642168758417,-0.76305916675091,-179.40961792032175,-44.80379273323345,-2.8372821211124233,177.57488740834106,33,0.6346153846153846,1070163.233372002,4844456.842531269,-167180.77680739324,624511.052174623,-852152.4019209193,-167655.18540724675,174.05519994947574,21.297089740139047,-169.5343155247026,-155.04217109617355,19.222866785777512,-172.5498101960398,445652.1811973789,5696609.244452189,474.4085998535156,-30.902628954350714,2.07422295436152,3.0154946713371986,395,frame_000395.png
8000,8000,84,54,0.6428571428571429,54,1.0,54,40,0.7407407407407407,445281.0406268583,5696596.889194153,551.430148107299,-371.3539805803448,-12.226609093137085,77.01901529479903,-132.92864989985478,22.060128745161787,-55.96050051717764,-101.98620111109884,19.583116323249868,-58.92219739123621,40,0.7407407407407407,31412267.50392331,-30736553.58674981,-33898525.04016889,30966615.109315872,-36433162.702553056,-33898999.4513017,1.7865912592954167,-17.417804009511222,-16.26531171874759,32.72904004805133,-19.894816431423152,-19.227008592806158,445652.39460743865,5696609.115803246,474.4111328125,-30.942448788755932,2.4770124219119234,2.9616968740585654,396,frame_000396.png
8000,8000,66,40,0.6060606060606061,40,1.0,40,29,0.725,445531.30050329195,5696601.95582344,921.368411193055,-121.31356754188892,-7.038992929272354,446.9551116325081,-69.57931201320802,-39.790770563635135,-14.036954824549964,-38.547667152137876,-42.12570512736423,-17.11246726031419,29,0.725,-93835502137.48999,128481266569.43414,-51309894780.50419,-93835947790.10406,128475569960.43933,-51309895254.91749,-88.13650748505812,-1.0737307228522839,27.208192892808,-57.104862623987955,-3.4086652865813676,24.13268045704376,445652.61407083384,5696608.994816369,474.4132995605469,-31.031644861070166,2.3349345637290853,3.07551243576424,397,frame_000397.png
8000,8001,74,44,0.5945945945945946,44,1.0,44,32,0.7272727272727273,445647.7999566936,5696608.315093236,456.8844125488014,-5.022426073264796,-0.5523863201960921,-17.52513334963612,-63.2167208298024,21.756483032815957,-142.17758001222742,-32.26805303910521,19.496006859157234,-144.81897887355157,32,0.7272727272727273,-515870911.35919,-8255592903.026076,-3445641081.5328827,-516316564.18157274,-8261289511.893556,-3445641555.9424286,-15.274951286966804,-6.391939191797595,6.143181190059853,15.67371650373039,-8.652415365456335,3.501782328735686,445652.82238276687,5696608.867479556,474.4095458984375,-30.94866779069719,2.2604761736587324,2.6413988613241544,398,frame_000398.png
8000,8000,51,36,0.7058823529411765,36,1.0,36,33,0.9166666666666666,445649.2894185949,5696609.666697956,473.1249028328362,-3.952997359796427,1.049164586700499,-1.2873591300544263,-43.73282502531966,-31.551420261189644,-14.905888406123779,-12.754224237078063,-34.07796698343361,-17.665090365743566,33,0.9166666666666666,426303.54361983214,6152954.281969526,-74814.10869236222,-19349.698796122568,456345.66443615686,-75288.52095432511,-64.16274622318457,13.49630844770322,-35.15836980478685,-33.18414543494299,10.96976172545925,-37.91757176440666,445653.2424159547,5696608.617533369,474.4122619628906,-30.978600788241586,2.526546722243968,2.759201959619792,399,frame_000399.png
8001,8000,52,36,0.6923076923076923,36,1.0,36,28,0.7777777777777778,43610281.88807319,-413819495.75669056,134791343.93004698,43164627.62251568,-419516103.7663311,134790869.54027647,-45.43452071321265,29.92774485804941,-36.74209802322032,-14.424613924438802,27.093184652732816,-39.45065105227263,28,0.7777777777777778,1426737.0977476407,5068049.899349119,558534.8217267653,981082.8321901266,-628558.1102914251,558060.4319562574,-102.68159745425412,-17.370269739626142,-167.86609254764596,-71.67169066548027,-20.20482994494273,-170.57464557669826,445654.265557514,5696608.009640544,474.3897705078125,-31.009906788773847,2.834560205316586,2.708553029052302,400,frame_000400.png
8000,8000,50,38,0.76,38,1.0,38,27,0.7105263157894737,445554.95098024723,5696608.786308296,183.3394813253239,-99.51242670544889,0.9096506349742413,-291.0631981180355,-79.81522491775824,35.69925341081925,-150.54450119565757,-48.93849194780748,32.83230011334933,-153.2287846323411,27,0.7105263157894737,4131481.8802064895,73465.70075447485,-3453823.4123662547,3685827.416799537,-5623142.175903186,-3454297.815045698,-92.38723488959039,-30.886996634910517,-91.82842634134411,-61.51050191963964,-33.753949932380436,-94.51270977802764,445654.4634069527,5696607.876657661,474.4026794433594,-30.87673296995076,2.8669532974699132,2.6842834366835278,401,frame_000401.png
8000,8001,52,42,0.8076923076923077,42,1.0,42,31,0.7380952380952381,445637.3989064006,5696591.343936638,569.8805060953122,-17.26845080620842,-16.4145365646109,95.48322826328086,-38.79083627512487,-30.861521055054617,-8.207430006933116,-7.929678251314755,-34.167725657259155,-11.061069324649878,31,0.7380952380952381,1266676.3684484353,6490755.779481342,813945.1795220493,821021.7010912285,794148.0210081395,813470.7822442172,32.958917317529,-72.04738457781393,-50.85104883715398,63.820075341339106,-75.35358918001847,-53.70468815487075,445654.6673572068,5696607.758473203,474.3972778320313,-30.86115802381011,3.306204602204546,2.853639317716771,402,frame_000402.png
8001,8001,59,51,0.864406779661017,51,1.0,51,35,0.6862745098039216,1690540.6783806311,5486463.804549134,1178509.1364338263,1244885.810637465,-210143.83059937507,1178034.7379352911,-28.175341224629122,-12.786578796876954,40.79526914486511,2.567365448226269,-15.965365374692254,37.99836280407973,35,0.6862745098039216,-13023600267.672667,-12476981735.444883,7008590859.34639,-13024045922.54041,-12482678343.080032,7008590384.947891,-68.90966288965288,-15.286349428684138,49.728615818714786,-38.16695621679747,-18.46513600649942,46.93170947792942,445654.8677431661,5696607.635148509,474.39849853515625,-30.742706672855398,3.1787865778152873,2.796906340785377,403,frame_000403.png
8000,8000,63,59,0.9365079365079365,59,1.0,59,40,0.6779661016949152,445654.1980632869,5696606.5261022,458.75718500502245,-1.076200504845474,-0.8598628267645836,-15.63588140122755,-79.35737221091028,-0.5351549461902037,-175.43789446954952,-48.598769672774665,-3.4418862192244433,-178.29969245250072,40,0.6779661016949152,-488531.0650111801,3654371.1409927746,-1443277.3559264787,-934186.3392749719,-2042236.2449722523,-1443751.748992885,-93.12906839824856,-0.8605921802986729,-9.968747983001903,-62.37046586011293,-3.7673234533329207,-12.830545965953121,445655.27426379174,5696607.385965027,474.39306640625,-30.75860253813563,2.9067312730342367,2.861797982951212,404,frame_000404.png
8000,8001,59,46,0.7796610169491526,46,1.0,46,30,0.6521739130434783,445643.46356582444,5696642.053308674,501.4295536392663,-12.016229775501415,34.78616469074041,27.041431080672567,23.895567958805408,-42.25811627639104,62.82556236504551,54.76164063441851,-45.15940374409081,59.557406370803164,30,0.6521739130434783,234697554.38722408,428282507.06775457,-232030775.70561796,234251898.90742847,422585899.8006106,-232031250.09374052,-95.04611381091435,34.6283669144987,98.92375288666058,-64.18004113530125,31.72707944679894,95.6555968924182,445655.47979559994,5696607.267143983,474.38812255859375,-30.866072675613097,2.9012874676997633,3.2681559942423526,405,frame_000405.png
8000,8000,62,50,0.8064516129032258,50,1.0,50,35,0.7,445638.5305356522,5696652.858818646,484.87112350004566,-17.147223539766856,45.71679262071848,10.476836390670655,45.62160244547244,-35.0835688596048,92.8529727186876,76.52348458731899,-38.5253462522472,89.77097485526178,35,0.7,1436337.3111142325,4683890.328063371,-992804.5464705412,990681.6333550406,-1012716.8139626542,-993278.9407576505,-110.30608958395608,30.065226754036804,-119.30878990777356,-79.40420744210954,26.62344936139442,-122.39078777119938,445655.67775919195,5696607.142026025,474.394287109375,-30.901882141846535,3.441777392642392,3.0819978634258325,406,frame_000406.png
8000,8002,70,61,0.8714285714285714,61,1.0,61,38,0.6229508196721312,445696.2004547305,5696622.185640236,423.71969582898294,40.3165197824128,15.166683559305966,-50.67831442492337,63.968341415103296,43.42885825380309,-89.18771085522512,94.72206404264682,40.12568141906803,-92.47588641623089,38,0.6229508196721312,1484514.4146288696,5031034.222712585,481212.23965672724,1038858.5306939215,-665572.7962440923,480737.84164647333,-104.42657575622539,-34.13126665867206,-155.6481462090737,-73.67285312868185,-37.434443493407116,-158.93632177007947,445655.88393494807,5696607.018956677,474.3980102539063,-30.753722627543546,3.3031768347350603,3.2881755610057786,407,frame_000407.png
8000,8000,65,48,0.7384615384615385,48,1.0,48,27,0.5625,445656.19319615565,5696614.09269921,471.5745452870156,-0.11374889657599851,7.322327804751694,-2.82755432235939,-4.391989721002519,-21.06444346232295,47.243675978695634,26.260284258705667,-23.95594803579388,43.616158135339504,27,0.5625,305152.30221702356,5713534.674367728,-22763.860805531025,-140504.00472802867,16927.903996322304,-23238.2629051404,-147.96781593427121,85.5059124065502,81.03900403639699,-117.31554195456302,82.61440783307927,77.41148619304084,445656.30694505223,5696606.770371405,474.402099609375,-30.6522739797082,2.8915045734709297,3.6275178433561255,408,frame_000408.png
8000,8000,72,59,0.8194444444444444,59,1.0,59,32,0.5423728813559322,445812.5749724298,5695995.425643655,649.1726993690321,156.0459531941451,-611.222643754445,174.78173867567273,-73.3971158874234,14.815000453777737,157.20739130417246,-42.89285545416638,12.342211403912785,153.27291908212624,32,0.5423728813559322,-32127858.79278235,-35679124.971654475,-71536555.08512814,-32573515.321801588,-41375731.61994188,-71537029.47608884,98.41013146657887,-49.55538434962441,109.82558610205663,128.9143918998359,-52.02817339948936,105.89111388001044,445656.52901923563,5696606.648287409,474.3909606933594,-30.50426043325701,2.4727890498649434,3.9344722220461987,409,frame_000409.png
8001,8000,60,49,0.8166666666666667,49,1.0,49,27,0.5510204081632653,445625.29968437355,5696585.237055296,444.4942899890326,-31.44687928748317,-21.285697395913303,-29.89389360471739,-157.42554239612605,0.7362830607253193,153.90176853841862,-126.89738089514842,-1.4998128274034457,150.1436246353844,27,0.5510204081632653,1899714.1416851892,6739836.575664967,-2516773.07838233,1454057.3951215283,1043230.0529122753,-2517247.4665659238,-110.1419509468666,-35.18505999136786,154.22798262233664,-79.61378944588897,-37.42115587949664,150.4698387193024,445656.746563661,5696606.522752692,474.38818359375,-30.528161500977635,2.2360958881287742,3.758143903034211,410,frame_000410.png
8000,8000,89,77,0.8651685393258427,77,1.0,77,44,0.5714285714285714,445658.81054629805,5696616.116030161,468.93498979533166,1.8445252667879686,9.713323248550296,-5.453987255449647,3.294943336032041,-2.8355885044125886,66.46815743332085,33.7255973589663,-4.693295823051443,62.78053682635846,44,0.5714285714285714,176416.0171305791,6390962.951019342,-341167.9162096718,-269240.94889045216,694356.5483124293,-341642.3051867226,-100.18762511497549,-1.7990623123033713,-92.89531059881686,-69.75697109204124,-3.6567696309422217,-96.58293120577925,445656.96602103126,5696606.402706913,474.3889770507813,-30.43065402293425,1.8577073186388637,3.687620606962388,411,frame_000411.png
8000,8001,78,64,0.8205128205128205,64,1.0,64,48,0.75,445657.7796689144,5696607.342201106,472.4890782242329,0.39732675306731835,1.1927284067496657,-1.8945887679545876,-30.752877546401443,-6.698846793394041,4.420042529062846,-0.31368861576152085,-8.761207862435299,-0.040304970603585843,48,0.75,691515.3493510605,5753529.0515951,206507.81427731656,245857.96700889914,56922.9021224007,206033.43061032437,-176.82373778611452,68.17017367954249,-160.70794286084742,-146.3845488554746,66.10781261050124,-165.16829036051388,445657.3823421613,5696606.1494726995,474.3836669921875,-30.439188930639922,2.062361069041244,4.460347499666443,412,frame_000412.png
8000,8000,83,62,0.7469879518072289,62,1.0,62,42,0.6774193548387096,445651.3013512512,5696610.140035005,470.12653856724273,-6.290182176511735,4.106860099360347,-4.266344733538574,-57.65042359196235,-67.84903026627244,-22.808272462660394,-27.13083988523252,-70.5567008283697,-26.048370085129505,42,0.6774193548387096,835989.4203265809,7819352.259100065,-81420573.44162913,390331.82879315317,2122746.2259251587,-81421047.83451243,-37.06136565173572,10.532220802818474,-60.91420688372944,-6.54178194500588,7.824550240721209,-64.15430450619857,445657.5915334277,5696606.033174906,474.3928833007813,-30.519583706729826,2.7076705620972623,3.240097622469123,413,frame_000413.png
8000,8000,94,65,0.6914893617021277,65,1.0,65,32,0.49230769230769234,445651.0599430199,5696607.762573564,454.5770708391806,-6.935495676880237,1.9778266651555896,-19.825852744803797,-106.0207911775329,26.167580797750517,-157.33900675222336,-75.24445146107138,24.025151264578085,-161.20291617854542,32,0.49230769230769234,260291.36350399957,7693876.555819659,-392710.66231815564,-185366.6319346972,1997270.7710727593,-393185.0652417396,-80.82570695124426,17.95066268424034,175.80967026955088,-50.04936723478272,15.808233151067896,171.9457608432288,445657.99543869676,5696605.784746899,474.4029235839844,-30.77633971646152,2.1424295331724315,3.8639094263220657,414,frame_000414.png
8000,8000,90,73,0.8111111111111111,73,1.0,73,38,0.5205479452054794,-550871.2327876184,6390339.380520089,-366247.6772195615,-996529.6349542297,693733.8463625936,-366722.0829812802,21.212403432535606,7.846511966092556,-69.22910269365943,51.95352052072417,5.431130029454096,-72.87439034042805,38,0.5205479452054794,15270395.028651338,13453412.942916136,-268331.0636342466,14824736.626484727,7756807.408758641,-268805.46939596534,-95.69987645952556,5.563270362406405,155.30338114019847,-64.95875937133698,3.1478884257679454,151.65809349342987,445658.4021666113,5696605.534157495,474.40576171875,-30.74111708818858,2.4153819366384495,3.645287646768628,415,frame_000415.png
8000,8001,100,82,0.82,82,1.0,82,48,0.5853658536585366,450435.6411781196,5696313.208248803,-4373.168962634121,4777.031689897063,-292.2005084492266,-4847.579729235684,-86.79419623010483,36.25980857314082,122.75236112274429,-56.10329633905687,33.67689203657912,119.39377904927426,48,0.5853658536585366,407497.6170529392,5707079.483190356,-6990.8638403729565,-38160.99243528332,10474.074433103204,-7465.274606974519,-121.79207530723404,3.5116245195690006,21.343212104351668,-91.10117541618608,0.9287079830072855,17.984630030881647,445658.6094882225,5696605.408757253,474.4107666015625,-30.690899891047962,2.5829165365617137,3.3585820734700347,416,frame_000416.png
8000,8000,105,83,0.7904761904761904,83,1.0,83,46,0.5542168674698795,445449.5203135202,5697130.689781976,69.58292247965824,-209.28811790514737,525.4082220895216,-404.8245787410449,-109.67011800137841,9.83836290765226,34.48734424625846,-78.99111349650154,7.496265340072597,30.913290312591926,46,0.5542168674698795,81582447.30648692,72682781.6594571,-34129267.35382806,81136788.49805549,66986176.37789722,-34129741.76132928,-91.7617491483624,5.696329981647103,172.4017309260937,-61.082744643485526,3.3542324140674395,168.82767699242714,445658.80843142536,5696605.281559886,474.4075012207031,-30.679004504876872,2.342097567579662,3.5740539336665496,417,frame_000417.png
8000,8001,96,85,0.8854166666666666,85,1.0,85,42,0.49411764705882355,445653.4067501926,5696612.492054819,468.67268690414306,-5.605320116621442,7.341472730971873,-5.736492783356937,41.99753907895219,-51.35647700696548,76.82083562394452,72.72695875464424,-53.60895011874521,73.15936078992246,42,0.49411764705882355,-19345484.694695204,60045104.26159476,36651064.34986435,-19791143.706765514,54348499.11101267,36650589.94068466,-84.03269635547367,0.13743582696622333,9.706111468625911,-53.30327667978162,-2.115037284813525,6.044636634603876,445659.0120703092,5696605.150582088,474.4091796875,-30.729419675692057,2.252473111779738,3.6614748340220467,418,frame_000418.png
8000,8000,106,81,0.7641509433962265,81,1.0,81,46,0.5679012345679012,445562.54497443285,5696809.212206162,490.04742581138703,-96.88035121612484,204.3141785589978,15.65619045982453,62.99707097921963,-51.976892903457845,117.89183571844838,93.71494770398209,-54.397362369217745,114.579814189192,46,0.5679012345679012,126382.59040628804,-2369426.712412609,-938659.4095706949,-319276.83491936093,-8066031.610440211,-939133.8008060465,98.90148499404327,49.025221259853716,-83.34753293024316,129.61936171880575,46.6047517940938,-86.6595544594995,445659.425325649,5696604.898027603,474.3912353515625,-30.717876724762476,2.4204694657599055,3.3120215292563437,419,frame_000419.png
8000,8000,118,92,0.7796610169491526,92,1.0,92,61,0.6630434782608695,-7244189.948671674,-45733472.16964929,-87135937.11822939,-7689849.572562993,-51430076.93226697,-87136411.51907778,-90.70833050397393,-2.2906984928832888,-175.66323672943884,-59.99464063901594,-4.626417649315215,-178.73376917025996,61,0.6630434782608695,-4005803.799246956,5322574.39901958,-2806925.7832580428,-4451463.423138274,-374030.3635981064,-2807400.1841064314,-32.25158136944004,18.516400892748663,-25.010858597938338,-1.5378915044820474,16.18068173631673,-28.081391038759477,445659.62389131775,5696604.762617687,474.4008483886719,-30.71368986495798,2.3357191564319315,3.0705324408211268,420,frame_000420.png
8000,8001,151,117,0.7748344370860927,117,1.0,117,78,0.6666666666666666,445655.6444529843,5696604.398953655,472.49744292068505,-4.180450383108109,-0.23621105588972569,-1.905938426971204,-47.61984077061175,-27.529798135852822,-24.362025138805407,-16.620122682695296,-29.485885705916274,-27.95997906577901,78,0.6666666666666666,490504.72178450413,5781666.671763215,-135226.8447844448,44844.896881136694,85062.03659850452,-135701.24816579247,-89.16287904686597,-30.1302960374258,170.70121955651072,-58.16316095894952,-32.08638360748927,167.10326562953708,445659.82490336744,5696604.635164711,474.40338134765625,-30.999718087916452,1.956087570063452,3.5979539269736036,421,frame_000421.png
8000,8000,148,120,0.8108108108108109,120,1.0,120,76,0.6333333333333333,445552.2063321348,5696609.183317043,389.2726035962167,-107.82861908507766,4.671002296730876,-85.12085953854893,-113.6981109696257,19.160535756793653,-123.02216241520033,-82.73619605042904,17.183639405770776,-126.48473829702887,76,0.6333333333333333,433774.552324767,5724160.606662121,-5648.770782115507,-11885.482626452867,27556.094347374514,-6123.164245250273,-81.54366980371944,15.246117991515659,-165.9442724929659,-50.58175488452278,13.269221640492788,-169.40684837479444,445660.03495121986,5696604.512314746,474.3934631347656,-30.961914919196662,1.976896351022867,3.4625758818285393,422,frame_000422.png
8001,8001,150,133,0.8866666666666667,133,1.0,133,82,0.6165413533834586,445665.29834609304,5696708.927586512,168.92139537368092,4.865021997480653,104.67086938768625,-305.46761219467845,-91.16959231601983,47.21084028553427,175.30139583624322,-60.22898397193296,44.902640009049065,172.25217548756416,82,0.6165413533834586,394962.9991391431,5568947.575098917,110263.99867877938,-50697.434184952464,-127656.68161820713,109789.60967121102,-112.77208128226675,42.95844587315552,120.7983451249318,-81.8314729381799,40.65024559667032,117.74912477625276,445660.43332409556,5696604.256717124,474.3890075683594,-30.94060834408686,2.3082002764852008,3.04922034867907,423,frame_000423.png
8000,8000,183,162,0.8852459016393442,162,1.0,162,91,0.5617283950617284,445661.69833453314,5696609.661976161,471.0862311225254,0.6682515615248121,5.77528278902173,-3.314434160677706,-7.60343091149742,-12.05723719349302,35.44134979637532,23.444196185490142,-14.561821553350825,32.17673667810175,91,0.5617283950617284,1665727580.6947668,-9881954632.124783,10821444793.869843,1665281919.6646838,-9887651236.011477,10821444319.469177,164.45341018461139,9.897235378006751,-140.97125258895187,-164.49896271840106,7.392651018148939,-144.23586570722546,445661.0300829716,5696603.886693372,474.4006652832031,-31.047627096987558,2.504584359857811,3.264613118273584,424,frame_000424.png
8000,8000,225,191,0.8488888888888889,191,1.0,191,106,0.5549738219895288,445659.86684710596,5696604.034508417,472.86548163390177,-1.7616793577326462,0.5198062667623162,-1.5513274481295412,-34.67538176450923,-17.86432751654013,-8.005333548915845,-4.043940845652315,-21.249475147846,-11.791346655097584,106,0.5549738219895288,6716454308.345447,-1453200986.0592337,3097782814.831661,6716008646.71692,-1458897589.5739357,3097782340.414852,-89.87935324483678,3.315111730075819,-174.71396477357501,-59.247912325979854,-0.07003590123005665,-178.49997787975676,445661.6285264637,5696603.514702151,474.4168090820313,-30.631440918856928,3.3851476313058755,3.786013106181749,425,frame_000425.png
8000,8000,193,156,0.8082901554404145,156,1.0,156,85,0.5448717948717948,447001.86312059494,5696974.993644713,-3564.885237695503,1340.034593985998,371.58923091739416,-4039.298567773628,132.15565043757871,-23.1900662307585,15.250986382313247,162.5170418823866,-26.670299301520288,10.751861519978661,85,0.5448717948717948,167834418.14373326,232048710.3933953,23230040.58263416,167388756.31520665,226352106.98898152,23229566.16930408,-160.49795646625083,5.071153974461648,75.50398666304557,-130.13656502144292,1.5909209036998675,71.00486180071096,445661.82852660894,5696603.404413796,474.413330078125,-30.3613914448079,3.4802330707617823,4.499124862334601,426,frame_000426.png
8000,8000,204,169,0.8284313725490197,169,1.0,169,109,0.6449704142011834,445652.5038822568,5696604.50148082,457.70126763551895,-9.92549532809062,1.4213778460398316,-16.69768866330918,-67.46333605903153,58.70965400640171,-133.8441767430886,-36.852155542286425,55.37633503889276,-138.635210629255,109,0.6449704142011834,1549147.066539318,5375537.520962877,685528.8172814895,1103484.6371617331,-321065.5591400964,685054.4183251907,-126.62126633588615,43.27996542137699,157.61799675491233,-96.01008581914104,39.94664645386803,152.8269628687459,445662.4293775849,5696603.080102974,474.3989562988281,-30.6111805167451,3.3333189675089634,4.791033886166395,427,frame_000427.png
8000,8000,188,145,0.7712765957446809,145,1.0,145,75,0.5172413793103449,445660.99651323445,5696603.710654436,473.01623127160383,-1.6403549234964885,0.7432725001126528,-1.3801615506617964,-33.74508649986581,-18.13547789191435,-6.779418854856814,-3.128012968741274,-21.499488700465406,-11.365737389211318,75,0.5172413793103449,631502.1591487359,5970765.775117116,1418990.8860852385,185839.52228057798,274162.8077351805,1418516.4896924163,-60.17315098491992,23.712316972629285,133.81092422572286,-29.556077453795382,20.348306164078224,129.22460569136837,445662.63686815795,5696602.967381936,474.3963928222656,-30.61707353112455,3.364010808551071,4.586318534354495,428,frame_000428.png
8001,8001,189,155,0.8201058201058201,155,1.0,155,76,0.49032258064516127,444557.8231675793,5697065.8347107805,-6976.9997512262,-1105.03311838652,462.97693320922554,-7451.387202398075,-59.190674974063626,41.77789416395367,-179.4509222165075,-28.131201018494608,38.77838503088492,175.31082424556166,76,0.49032258064516127,676791.3213048542,7448575.854673925,1308791.660326816,231128.4650188884,1751972.9968963536,1308317.272875644,-79.62605237405302,11.105679827382616,43.32539268965464,-48.56657841848397,8.106170694313874,38.08713915172382,445662.8562859658,5696602.857777571,474.387451171875,-31.05947395556903,2.999509133068732,5.238253537930815,429,frame_000429.png
8000,8000,174,147,0.8448275862068966,147,1.0,147,71,0.48299319727891155,433174.89940247854,5699558.110381245,-2492.499131779898,-12488.164969121106,2955.3642359124497,-2966.888719182242,-135.87366919469423,-8.471244918368788,-116.39896535009014,-104.92194786485425,-11.662613172064397,-121.51724058865204,71,0.48299319727891155,3177153.142532521,19992038.583407037,-2490114.625915603,2731490.078160921,14295435.837261705,-2490589.015503005,-84.2058914606076,19.25730536001304,175.9271602739522,-53.25417013076762,16.06593710631742,170.8088850353903,445663.06437159964,5696602.746145332,474.38958740234375,-30.951721329839984,3.191368253695611,5.118275238561912,430,frame_000430.png
8000,8001,169,139,0.8224852071005917,139,1.0,139,75,0.539568345323741,185066.67929389112,5825375.065348712,1229662.5246457886,-260596.9984811567,128772.69714936242,1229188.129076941,-64.00995614500374,-41.446018030607156,-14.176776229970136,-32.88432609322618,-44.338778269270506,-18.290141574842977,75,0.539568345323741,470455.7407081354,5387964.682301516,-146790.36875383748,24792.06293308758,-308637.68589783367,-147264.76432268514,67.87655435545379,-79.98228970199285,43.008224849774535,99.00218440723137,-82.87504994065621,38.89485950490169,445663.67777504784,5696602.368199349,474.39556884765625,-31.125630051777563,2.89276023866336,4.113365344872845,431,frame_000431.png
8000,8001,150,121,0.8066666666666666,121,1.0,121,68,0.5619834710743802,439353.847169616,5694504.58000701,2929.502067036139,-6310.028255412413,-2097.6577376164496,2455.091880268561,-118.3133922985157,18.5207406862164,-54.686759231785224,-86.39984517331497,15.91808769921613,-57.618110162863076,68,0.5619834710743802,198786106.32691774,52037382.46022542,-174842861.61588407,198340442.4514927,46340780.22248079,-174843336.02607083,-77.07043012008167,-31.65492897190844,-110.50809000464096,-45.15688299488096,-34.2575819589087,-113.4394409357188,445663.87542502844,5696602.237744627,474.4101867675781,-31.913547125200726,2.602652987000271,2.931350931077841,432,frame_000432.png
8000,8000,157,123,0.7834394904458599,123,1.0,123,55,0.44715447154471544,441563.58891799557,5700686.331335431,5308.642801710679,-4100.8560212683515,4084.495726533234,4834.216013380601,43.32347447937427,-51.93176632311951,59.260349857248016,74.26487331346945,-56.19205224818124,56.27763360964056,55,0.44715447154471544,406889534.2879975,89455856.55732116,-88906830.66632864,406443869.8430582,83759254.72171226,-88907305.09311697,127.67357338597454,26.409301375709497,9.174249077766392,158.61497222006972,22.149015450647767,6.191532830158934,445664.4449392639,5696601.835608898,474.4267883300781,-30.94139883409518,4.260285925061731,2.9827162476074593,433,frame_000433.png
8000,8000,124,95,0.7661290322580645,95,1.0,95,48,0.5052631578947369,445620.47905625316,5696584.608588735,538.9893750071964,-44.16030792117817,-17.103210223838687,64.56658447985262,-67.91215323572813,-34.73404683526135,-38.65839916233822,-37.55560247935267,-37.01839591108782,-42.17634494794149,48,0.5052631578947369,604354.5923245519,5780514.826787133,-34672.3533653695,158689.95296037756,83913.11498817429,-35146.77615589684,-119.86047847047122,-12.343552645402823,110.95735514816116,-89.50392771409577,-14.627901721229279,107.43940936255791,445664.63936417433,5696601.7117989585,474.42279052734375,-30.356550756375448,2.284349075826464,3.5179457856032648,434,frame_000434.png
8000,8000,91,68,0.7472527472527473,68,1.0,68,53,0.7794117647058824,445560.9971884459,5696769.417229174,514.2728766827829,-103.8288510707207,167.8297387501225,39.87059396793916,84.31720224410452,-62.22346858324597,131.36445175524466,114.70476363427503,-58.59698910567961,127.04591159000364,53,0.7794117647058824,-4355886.773778685,16338379.820461001,-2772146.4165567397,-4801551.599818202,10641778.232970577,-2772620.8188394546,-76.90186955732554,13.875330654282156,-149.74609395032098,-46.514308167155036,17.501810131848515,-154.06463411556203,445664.8260395166,5696601.587490424,474.40228271484375,-30.387561390170493,-3.6264794775663534,4.318540165241038,435,frame_000435.png
8001,8000,71,52,0.7323943661971831,52,1.0,52,36,0.6923076923076923,447058.52629724593,5686603.264565936,-38984.67927997629,1393.5135716623627,-9998.218931727111,-39459.05403583567,-76.33740755521767,21.598796985831815,-179.75068362830993,-45.87510837767104,26.55858446006536,174.33475001926098,36,0.6923076923076923,904942.9146471099,6027395.340080403,1096878.391055598,459277.90192152635,330793.8565827394,1096404.0162997385,149.7164741610419,62.27839218979274,-55.73750388238932,-179.82122666141152,67.23817966402629,-61.652070234818396,445665.01272558357,5696601.483497663,474.374755859375,-30.462299177546615,-4.959787474233558,5.914566352429077,436,frame_000436.png
8000,8000,102,76,0.7450980392156863,76,1.0,76,56,0.7368421052631579,445370.7303588647,5696582.609368057,-838.487194072362,-294.5494116822956,-18.74896297417581,-1312.8238334766588,65.83881094711634,-29.522529526851933,-16.073775399666573,96.05821316543143,-26.080584003008568,-22.598673784106296,56,0.7368421052631579,-6599298.23897929,18521157.77057411,-149186.1353806937,-7044963.518749837,12824556.41224308,-149660.472020098,-79.5208186721239,22.71806510321192,-133.72579782043465,-49.30141645380883,26.16001062705527,-140.25069620487437,445665.279770547,5696601.358331031,474.3366394042969,-30.21940221831508,-3.4419455238433643,6.524898384439723,437,frame_000437.png
8000,8000,86,62,0.7209302325581395,62,1.0,62,40,0.6451612903225806,445694.0097476964,5696643.158134233,401.4864597877145,28.66218413639581,41.830710913054645,-72.85033220447298,-19.4414009908832,29.87001032542856,130.8332427276075,11.11373234421373,32.90983953220888,125.43947696466574,40,0.6451612903225806,644873.5307345316,6050999.277511747,-1006114.8684576647,199208.18317097158,354397.95008842647,-1006589.2052496569,-176.01226508002387,-53.94400052078151,-132.67834428644966,-145.45713174492693,-50.90417131400119,-138.07211004939143,445665.34756356,5696601.32742332,474.3367919921875,-30.55513333509693,-3.0398292067803188,5.393765762941774,438,frame_000438.png
8001,8001,94,66,0.7021276595744681,66,1.0,66,49,0.7424242424242424,445657.2765077011,5696597.124229169,474.2855610461342,-8.117548428708687,-4.212290579453111,-0.06459764527210154,-56.490256993100104,-26.42261126332486,-48.71874658235771,-26.46181412188332,-29.846044291435362,-53.38723725383937,49,0.7424242424242424,584994.3928411342,5605902.255857597,38047.85076769933,139328.99878500443,-90699.0806621518,37573.500609007926,-179.3334682941917,17.578622735645645,-93.25675111462036,-149.30502542297492,14.15518970753513,-97.925241786102,445665.3940561298,5696601.336519749,474.3501586914063,-30.028442871216793,3.423433028110505,4.6684906714816545,439,frame_000439.png
8000,8000,100,73,0.73,73,1.0,73,54,0.7397260273972602,445663.32319634286,5696603.262007452,472.95049193988604,-2.0829930928885005,1.8757020588964224,-1.4082421909733398,-31.341940765103036,-24.296734297545477,-1.6404326518741783,-1.4306381549757532,-27.65250631958199,-7.082838287544746,54,0.7397260273972602,-29808683.963839434,32394178.797851704,-46322653.33822844,-30254349.37002887,26697577.411546312,-46323127.69696257,-104.78776787907077,-30.76999452081973,-79.94418660919331,-74.87646526894348,-34.12576654285624,-85.38659224486388,445665.40618943574,5696601.386305393,474.3587341308594,-29.911302610127294,3.3557720220365153,5.44240563567057,440,frame_000440.png
8000,8000,112,77,0.6875,77,1.0,77,52,0.6753246753246753,449596.08152823814,5694006.910171212,10478.125306482403,3930.6543899463722,-2594.5028461087495,10003.788636560528,139.3880201754405,7.417940916777944,173.45800580339534,169.62232784271686,5.799990364266165,167.68350181763202,52,0.6753246753246753,-511581.70956392016,6561655.276466223,-685027.9787612022,-957247.1367022119,865053.863448903,-685502.3154311241,-65.9586239011816,-8.857984520056105,-125.77617755449634,-35.7243162339052,-10.475935072567864,-131.55068154025963,445665.42713829177,5696601.41301732,474.336669921875,-30.234307667276383,1.6179505525117701,5.774503985763303,441,frame_000441.png
8001,8000,104,69,0.6634615384615384,69,1.0,69,46,0.6666666666666666,445697.43168864364,5696610.818416055,577.339164637183,31.99816843867302,9.398515892215073,103.00228109226111,-36.69476550842551,-21.515466151013612,12.802546114291484,-6.427965656484446,-23.55974913332969,7.3289231582570835,46,0.6666666666666666,387029.2093853044,5662707.084582506,62.230473986828656,-58636.22413490055,-33894.33531765733,-412.1064095580932,-93.06038610904493,-13.008395440924296,-101.2337948757716,-62.79358625710387,-15.052678423240366,-106.70741783180598,445665.43352020497,5696601.419900163,474.3368835449219,-30.26679985194106,2.0442829823160795,5.473622956034388,442,frame_000442.png
8001,8001,110,72,0.6545454545454545,72,1.0,72,55,0.7638888888888888,445704.66903265263,5696710.695955496,221.32675349086446,39.235973921604455,109.26226441375911,-253.02923405796366,4.003061934981681,58.050591736464916,-36.58695750690434,34.65667540199075,55.57617754181035,-42.687177234857415,55,0.7638888888888888,339548.8294898722,5828364.331356016,42763.22453085452,-106116.60356885882,131762.89766493347,42288.86854330569,-53.3116404955569,44.49186097854642,-160.09659580443486,-22.65802702854785,42.01744678389187,-166.19681553238794,445665.433058731,5696601.4336910825,474.3559875488281,-30.653613467009063,2.474414194654552,6.1002197279530845,443,frame_000443.png
8002,8000,122,92,0.7540983606557377,92,1.0,92,73,0.7934782608695652,445661.3733194289,5696604.285578226,472.9902067579095,-4.06073015765287,2.839762364514172,-1.3664216600593022,-33.75316913939575,-39.85053401338508,-4.948751268036865,-3.3649667890459796,-42.238371323046465,-11.710467755831132,73,0.7934782608695652,42596177.2515661,-46748467.825429,12900737.414948504,42150511.81751651,-52445069.27124486,12900263.058320086,55.7773132712397,17.57275423198229,-142.29679946870684,86.16551562158946,15.184916922320923,-149.0585159565011,445665.43404958653,5696601.445815861,474.3566284179688,-30.388202350349772,2.387837309661369,6.7617164877942715,444,frame_000444.png
8000,8000,106,70,0.660377358490566,70,1.0,70,56,0.8,444960.3157836202,5696516.095849341,-601.422784554383,-705.1238396880217,-85.3576434198767,-1075.7798402184455,-95.71138143131112,30.74022704576875,-144.29285445326806,-65.53078449355603,28.915373762501446,-150.2690969400799,56,0.8,3402539.467978736,5604245.273358322,487552.8787823332,2956874.0283554276,-92356.18013443891,487078.52172666916,-141.69922122330448,3.705003245584347,120.57277755843351,-111.51862428554938,1.8801499623170344,114.5965350716217,445665.4396233082,5696601.453492761,474.3570556640625,-30.1805969377551,1.824853283267304,5.976242486811822,445,frame_000445.png
8000,8003,101,80,0.7920792079207921,80,1.0,80,61,0.7625,445662.79861621663,5696605.528840294,472.97141843551407,-2.6730376384803094,4.060692097060382,-1.3830737519859326,-23.864620457683937,-36.38634317150229,10.463152841190976,6.138914685812807,-36.97356034410288,3.768601399733825,61,0.7625,-4316637372.50727,-890079246.0194409,1118303721.241542,-4317083037.978924,-895775847.4875891,1118303246.88705,34.21613927386392,35.67998544737101,137.91752151606025,64.21967441736064,35.09276827477041,131.2229700746031,445665.4716538551,5696601.468148197,474.3544921875,-30.003535143496734,0.5872171726005941,6.694551441457162,446,frame_000446.png
8000,8000,109,83,0.7614678899082569,83,1.0,83,56,0.6746987951807228,445656.1202611477,5696596.145091227,460.43135406965376,-9.383363582659513,-5.330480156466365,-13.92963836198686,-72.11480004089722,8.085132508341449,-115.63872893351109,-41.67278957443298,7.702149627397176,-122.82384479569896,56,0.6746987951807228,1496471.9770747782,6770395.406853732,-3524337.475510368,1050806.473450048,1073793.931282348,-3524811.8365027998,-97.59292295867805,-43.946904829520214,165.61992186252485,-67.15091249221382,-44.329887710464504,158.43480600033695,445665.50362473034,5696601.475571384,474.3609924316406,-30.442010466464232,0.38298288094427796,7.185115862187872,447,frame_000447.png
8000,8000,104,75,0.7211538461538461,75,1.0,75,55,0.7333333333333333,445676.2104392786,5696566.180529522,530.7285040882282,10.643028016784228,-35.314767324365675,56.383472349946885,-172.12200658064293,-83.37240405966004,60.19165257678918,-141.45766720041047,-83.00900488113638,53.08190737207923,55,0.7333333333333333,576834.3487294987,5363129.475036418,7070.8830246922735,131168.78131823684,-333472.0202604281,6596.537992953992,123.57017710087013,28.443489749558726,165.31739927655363,154.23451648110256,28.8068889280824,158.20765407184365,445665.56741126184,5696601.495296846,474.3450317382813,-30.66433938023246,-0.3633991785236638,7.109745204709945,448,frame_000448.png
8000,8001,108,81,0.75,81,1.0,81,56,0.691358024691358,445586.85141596454,5696543.782734417,531.3099459523163,-78.72420390538173,-57.709516880102456,56.9616793507538,-170.28805588014401,-62.725261532881674,125.02185333674012,-139.50814185632586,-61.82359705882925,118.10891171499873,56,0.691358024691358,-15930484.20879488,-432262.2940601669,26151954.260303598,-16376149.784414751,-6128863.786311464,26151479.912036996,42.41036872599848,30.777045264452443,35.31225690345602,73.19028274981662,31.678709738504864,28.39931528171462,445665.5756198699,5696601.492251297,474.3482666015625,-30.779914023818147,-0.9016644740524197,6.912941621741397,449,frame_000449.png
8000,8000,104,71,0.6826923076923077,71,1.0,71,60,0.8450704225352113,-2783714.019964537,8962950.157091448,2305233.3777699927,-3229379.595762654,3266348.6709088907,2304759.031670139,-92.27780397672342,-6.8352475991862445,123.6976157499583,-61.557737653014954,-7.057766845204242,118.47044250876974,60,0.8450704225352113,93975276597.56741,323343513024.3965,-298385720710.07117,93974830931.99161,323337816422.9103,-298385721184.41724,-56.946854833683986,78.48745092299258,132.43257719395953,-26.226788509975535,78.26493167697458,127.20540395277095,445665.57579811703,5696601.486182557,474.3460998535156,-30.720066323708462,0.22251924601800108,5.227173241188569,450,frame_000450.png
8000,8000,110,84,0.7636363636363637,84,1.0,84,68,0.8095238095238095,445636.45863514906,5696759.314557739,579.8846883958487,-29.113142623275053,157.83970556221902,105.53303434311431,39.180108934039,-15.524136769974348,52.37306952604897,70.23699481381709,-15.1939208574384,47.42867599049953,68,0.8095238095238095,1693652.3826394735,6493858.704439245,2498682.303528396,1247986.8108617011,797257.2295870688,2498207.951874343,-178.2902820977922,36.615387551170656,-17.341772095536253,-147.2333962180141,36.94560346370659,-22.28616563108571,445665.57177777233,5696601.474852176,474.3516540527344,-31.056885879778104,-0.3302159125359417,4.94439353554945,451,frame_000451.png
8000,8000,104,76,0.7307692307692307,76,1.0,76,57,0.75,445662.64277265046,5696608.996147021,470.41187992821,-2.9139711344614625,7.550723760388792,-3.9233861850713083,6.8223501848189985,-41.696927683033174,50.625858743175336,38.26205590889859,-40.659010882877254,46.141891958506164,57,0.75,-140105356.8482717,97844304.33940311,-99042216.1866553,-140551022.40501547,92147702.89397985,-99042690.52192141,-68.01583889003426,-37.26413764403713,-79.16669544988099,-36.57613316595467,-36.22622084388121,-83.65066223455015,445665.5567437849,5696601.44542326,474.3352661132813,-31.439705724079598,-1.03791680015592,4.483966784669158,452,frame_000452.png
8000,8001,114,84,0.7368421052631579,84,1.0,84,59,0.7023809523809523,445654.6363247937,5696593.621095863,469.70988209087244,-10.915434730122797,-7.807650838047266,-4.618548084908866,-69.14377509272326,-13.287106678167499,-74.6313079694305,-38.09926352532983,-13.059502468238747,-79.16290952254215,59,0.7023809523809523,151783307.12699687,1206140355.2961738,251942148.66052127,151337641.57523736,1200443753.867427,251941674.3320911,-85.20586991021686,39.07593815303601,160.22036695109705,-54.16135834282342,39.30354236296478,155.68876539798543,445665.5517595238,5696601.428746701,474.3284301757813,-31.04451156739344,-0.2276042099287468,4.531601553111651,453,frame_000453.png
8000,8000,94,67,0.7127659574468085,67,1.0,67,50,0.746268656716418,445503.3557483081,5696641.990499458,497.4839578163432,-162.19094944669632,40.58080531377345,23.15525298235883,-136.2326882460255,-12.915892982537299,-88.18913701074662,-105.17954741405761,-12.696383268893953,-92.1377749745966,50,0.746268656716418,-69211363675.71948,50784288910.20655,-55977992270.2164,-69211809341.26617,50778592308.79686,-55977992744.545105,-86.24953412268536,-2.3343084542404795,47.51524370079031,-55.19639329071747,-2.114798740597138,43.56660573694032,445665.5466977548,5696601.4096941445,474.3287048339844,-31.05314083196789,-0.21950971364333424,3.948637963849981,454,frame_000454.png
8001,8000,98,77,0.7857142857142857,77,1.0,77,60,0.7792207792207793,445663.32580146595,5696604.485793523,473.1279950809004,-2.2227385392179713,3.091416485607624,-1.19973319058397,-27.38852411371454,-32.161471711991915,6.441478918472936,3.5639881777427433,-31.454981328874,2.463907288509972,60,0.7792207792207793,330437.41352254525,5860093.34803653,-35774.72188606403,-115228.13501745992,163491.95365949348,-36249.04961433551,-81.17008532535542,2.9915224446540924,-110.13124964314659,-50.217573033898134,3.698012827772004,-114.10882127310957,445665.54854000517,5696601.394377037,474.3277282714844,-30.95251229145728,-0.7064903831179048,3.977571629962978,455,frame_000455.png
8001,8001,99,72,0.7272727272727273,72,1.0,72,52,0.7222222222222222,445658.9900995237,5696598.248351437,457.45958358838124,-6.576959029247519,-3.102739424444735,-16.858775786618764,-66.54974413100057,16.73975831276773,-138.1819691480148,-35.92207566810686,18.648791817920937,-142.75772338182594,52,0.7222222222222222,-11399939672.729282,-35946273406.43425,20494600205.738052,-11400385338.29634,-35951970007.78534,20494599731.419693,-98.53965011048271,27.420262658313828,-11.178487111304868,-67.911981647589,29.329296163467035,-15.754241345116043,445665.56705855293,5696601.3510908615,474.318359375,-30.62766846289371,-1.909033505153207,4.5757542338111605,456,frame_000456.png
8000,8000,92,69,0.75,69,1.0,69,57,0.8260869565217391,445420.154990995,5696353.170161655,948.1130112692572,-245.41971111187013,-248.1580087551847,473.79217997042906,-81.58580567674467,-17.512194564419865,-37.21089984223673,-51.01009322532542,-15.460339382219274,-40.6980201097183,57,0.8260869565217391,-45819.278038307675,8974277.37361191,233429.00932216295,-491484.85274041456,3277676.0454415,232954.68849086412,-98.63194536774627,41.761327638739665,-111.79701967980819,-68.056232916327,43.813182820940256,-115.28413994728975,445665.5747021069,5696601.32817041,474.3208312988281,-30.57571245141926,-2.0518551822005877,3.487120267481562,457,frame_000457.png
8002,8000,117,86,0.7350427350427351,86,1.0,86,74,0.8604651162790697,572084.9655816874,6427508.218761049,-2923684.3088848824,126419.38900524116,730906.9102525124,-2924158.64094665,-85.19182028238872,48.418371201558365,173.77915155192653,-54.59275019369122,49.81853998847174,170.4881994466703,74,0.8604651162790697,11417743.00230275,16025510.343493816,16485056.275895517,10972077.425726302,10328909.034985278,16484581.94383375,-131.33754253455575,18.630056895156997,12.48295514315386,-100.73847244585825,20.030225682070352,9.19200303789765,445665.57657644624,5696601.308508537,474.3320617675781,-30.599070088697502,-1.4001687869133588,3.2909521052562245,458,frame_000458.png
8000,8001,103,70,0.6796116504854369,70,1.0,70,56,0.8,445718.10548674385,5696604.973339204,322.66066481360303,52.529038928449154,3.687849722802639,-151.6845805477251,23.84092699277445,15.484140733878649,-172.0054142990099,54.51291059033039,17.447736364667378,-175.54896397931373,56,0.8,710983.1979614745,-8957323.279973393,-20112028.210948702,265317.62151365913,-14653924.565462874,-20112502.556194063,-90.29498566905036,-1.0877363248824419,177.2641959513278,-59.623002071494426,0.8758593059062889,173.72064627102395,445665.5764478154,5696601.285489481,474.3452453613281,-30.67198359755594,-1.963595630788737,3.5435496803038244,459,frame_000459.png
8000,8001,101,74,0.7326732673267327,74,1.0,74,55,0.7432432432432432,445655.83215195744,5696608.50425896,384.3428000349743,-9.760685190791264,7.262960789725184,-90.01254664471321,158.59527484740443,51.24481696194108,178.77351959653402,-170.71618502396393,52.896855856506136,174.11557160685965,55,0.7432432432432432,-778718103.2327671,-29006283.607309297,-209649749.06771186,-779163768.8256042,-34702884.848607466,-209650223.42305854,-172.81312617280648,-14.626906587014318,21.42211279893935,-142.12458604417486,-12.974867692449266,16.76416480926497,445665.59283714823,5696601.24129817,474.3553466796875,-30.688540128631626,-1.652038894565057,4.65794798967437,460,frame_000460.png
8000,8000,104,75,0.7211538461538461,75,1.0,75,63,0.84,445663.1514520727,5696605.603380847,473.13435121016414,-2.457032594131306,4.375030925497413,-1.2208428816327341,-22.18339826828697,-38.314422314213736,14.79267105233498,8.556668922050733,-35.32696199698643,10.400029507637726,63,0.84,1762617815.2165263,-452608155.93340266,667176829.819979,1762172149.6080415,-458304757.1617526,667176355.4647849,167.1359462297232,-9.138690484298271,9.309809335527794,-162.12398657993907,-6.151230167070963,4.917167790830547,445665.60848466685,5696601.228349921,474.3551940917969,-30.74006719033771,-2.9874603172273195,4.392641544697252,461,frame_000461.png
8000,8001,83,62,0.7469879518072289,62,1.0,62,51,0.8225806451612904,445552.23857832496,5698315.846024624,1037.7117858039137,-113.38588604750112,1714.6346828266978,563.3611083136793,-52.72935483472939,10.477412996419854,-113.31921002790708,-22.066978920593186,14.611399924212037,-117.04870947932636,51,0.8225806451612904,166517977.26947942,1264383551.8577216,599275322.305981,166072311.64501506,1258686950.6463797,599274847.9553035,-83.52797232796263,52.57813209278504,159.9933804777229,-52.865596413826424,56.712119020577234,156.26388102630358,445665.62446437246,5696601.211341797,474.3506774902344,-30.662375914136206,-4.133986927792196,3.7294994514192834,462,frame_000462.png
8001,8000,89,75,0.8426966292134831,75,1.0,75,61,0.8133333333333334,445668.7385441679,5696682.904030081,569.2215847834357,3.0916082313633524,81.72456914186478,94.8820156916388,99.69669663649137,-21.226265469609302,-19.740989143048488,130.57939577101092,-17.219111660287524,-23.097277757419562,61,0.8133333333333334,-9358926.479584064,-5605705.508142196,-748482.8026020722,-9804592.12652,-11302306.687603135,-748957.142171164,43.23444347407663,-31.508215605793648,-7.330480075030035,74.11714260859614,-27.501061796471845,-10.686768689401106,445665.64693593653,5696601.179460939,474.3395690917969,-30.882699134519516,-4.007153809321791,3.3562886143710675,463,frame_000463.png
8000,8000,110,81,0.7363636363636363,81,1.0,81,60,0.7407407407407407,445671.16899912665,5696603.478177623,490.95081387570747,5.519778166199103,2.3075218871235847,16.618569002660593,1.8486975101353924,-17.591543957152957,-3.6619429813441977,32.69451652062659,-14.189263083250637,-7.776440227892266,60,0.7407407407407407,14884798.853036487,51250079.39725638,-9488923.483928448,14439133.203815527,45553478.22660065,-9489397.81617332,-81.4085611193629,11.721167429449077,161.5426587812949,-50.5627421088717,15.12344830335141,157.42816153474683,445665.64922096045,5696601.170655736,474.3322448730469,-30.8458190104912,-3.40228087390232,4.114497246548081,464,frame_000464.png
8000,8001,88,71,0.8068181818181818,71,1.0,71,52,0.7323943661971831,445685.10318610776,5696598.659132955,411.1430404087411,19.453817593632266,-2.500928674824536,-63.19280553852451,-5.49036580428941,13.362045801797768,-178.85973465729802,25.087771162655855,16.892121102223086,177.39359838316898,52,0.7323943661971831,63011740964.90677,-29018354919.803288,30444957868.668617,63011295299.2574,-29024051520.96335,30444957394.33277,172.40716398248284,-0.3152830671974401,38.78855686627803,-157.0146990505719,3.2147922332278824,35.04188990674507,445665.64936851413,5696601.1600616295,474.3358459472656,-30.57813696694526,-3.530075300425319,3.746666959532966,465,frame_000465.png
8001,8000,99,74,0.7474747474747475,74,1.0,74,56,0.7567567567567568,448267.7370762401,5682679.26233443,-8976.767661115911,2602.0916177215404,-13921.894329984672,-9451.09987547138,-56.013089566612834,-18.132873962671766,-157.66899156436835,-25.650478243457798,-15.017382483123214,-161.85549228196322,56,0.7567567567567568,3745036.021830851,10296116.53917154,-318708.2497606396,3299370.3763723327,4599515.382507125,-319182.5819749951,-96.99019615509921,3.0889006679513384,108.11460092852005,-66.62758483194418,6.204392147499874,103.92810021092521,445665.6454585186,5696601.156664414,474.3322143554688,-30.362611323155036,-3.1154914795485453,4.186500717594871,466,frame_000466.png
8000,8001,100,71,0.71,71,1.0,71,52,0.7323943661971831,445688.70663057343,5696588.613237117,407.65773999624923,23.084002587071154,-12.54091206099838,-66.67862474984452,-171.6061219624804,83.57141734493128,145.83331525402284,-141.420387681069,86.40098325528334,142.45755318554285,52,0.7323943661971831,-7376514.416088663,68652503.41570246,-34345501.794288896,-7822180.03871665,62955902.26155329,-34345976.13065364,-87.7631668421115,2.1913811695442034,-153.32763171396064,-57.57743256070012,5.020947079896246,-156.70339378244063,445665.62262798636,5696601.154149178,474.33636474609375,-30.18573428141138,-2.829565910352057,3.375762068479995,467,frame_000467.png
8000,8000,101,78,0.7722772277227723,78,1.0,78,64,0.8205128205128205,446002.6950693249,5696720.794298002,-841.6808270331633,337.09014527860563,119.63305366318673,-1316.0161541816008,99.28093123159263,-40.15862147883253,17.438822999732782,129.6617179868897,-37.98781193305777,12.994763325639894,64,0.8205128205128205,-946859554.9247085,430306455.594869,394154773.4687621,-947305220.5296326,424609854.4336247,394154299.13343495,133.7220484828698,-1.2140350524222738,-130.33606043728025,164.10283523816685,0.9567744933524693,-134.78012011137315,445665.6049240463,5696601.161244338,474.3353271484375,-30.38078675529704,-2.170809545774753,4.444059674092891,468,frame_000468.png
8000,8000,87,69,0.7931034482758621,69,1.0,69,54,0.782608695652174,445635.18153371726,5696546.597779339,483.11992447405885,-30.403169289929792,-54.58843185193837,8.795583653746348,-150.41622433692586,-19.94964099875988,85.95203902421262,-120.11582590047081,-17.360647439360804,80.95108476831399,54,0.782608695652174,29518772.53780657,-44054973.11670104,-37804444.44775943,29073106.953103565,-49751574.30291223,-37804918.77210025,-29.945603985654373,20.63773778320678,63.44942620240711,0.35479445080068217,23.22673134260586,58.448471946508505,445665.5847030072,5696601.186211191,474.3243408203125,-30.30039843645506,-2.5889935593990843,5.000954255898598,469,frame_000469.png
8000,8000,82,59,0.7195121951219512,59,1.0,59,50,0.847457627118644,445621.8681431884,5696659.390382719,388.7715297315766,-43.67778798157815,58.155452069826424,-85.5564731981109,149.0882126521098,20.18730959408077,-158.62395113640926,179.04845978523883,21.187183091104345,-163.78238953062618,50,0.847457627118644,5079547.002046291,78553050.99817376,-24633809.111609347,4633881.456115121,72856449.76324311,-24634283.439612277,-92.36762554677277,10.812316105294498,-173.95824993736147,-62.40737841364377,11.812189602318085,-179.1166883315784,445665.54593117,5696601.234930649,474.3280029296875,-29.960247133129002,-0.9998734970235804,5.158438394216922,470,frame_000470.png
8001,8000,94,72,0.7659574468085106,72,1.0,72,55,0.7638888888888888,249365475.72544163,-493167881.20062184,-409608024.56858474,248919810.19143602,-498864482.46004856,-409608498.8890193,105.04270206939538,18.23919245196975,8.701587115092504,135.19862629504564,19.114990570948294,2.96537103013344,55,0.7638888888888888,1201125.4655821812,10020320.786760297,13529419.65618249,755459.9315765682,4323719.527333563,13528945.33574792,82.39924894862543,78.6072407720881,5.133626703300397,112.55517317427575,79.48303889106666,-0.6025893816586745,445665.53400561307,5696601.2594267335,474.3204345703125,-30.15592422565029,-0.8757981189785365,5.736216084959079,471,frame_000471.png
8000,8000,96,78,0.8125,78,1.0,78,59,0.7564102564102564,445663.17019517685,5696602.735084263,473.1687102851034,-2.359362616436556,1.4472103957086802,-1.145437664115434,-32.96317695368954,-26.74825485262229,-5.88402608282669,-2.909888515103745,-26.42737789037841,-11.59802773183955,59,0.7564102564102564,-302245190.23083997,-618223381.0579658,413387314.1175203,-302690855.76039773,-623919982.3458396,413386839.8033723,-90.32353209012379,0.40850462788510006,-175.8626171081642,-60.27024365153798,0.7293815901289804,178.42338124282298,445665.5295577933,5696601.287873867,474.3141479492188,-30.053288438585806,-0.32087696224388357,5.7140016490128485,472,frame_000472.png
8000,8000,89,67,0.7528089887640449,67,1.0,67,50,0.746268656716418,445661.86891869066,5696602.618227348,473.15632413703435,-3.6355609358870424,1.293375177308917,-1.1718008629656538,-36.65914655337796,-32.661892362758394,-12.380282337618775,-6.908699830690239,-32.97617199918852,-18.34906693841822,50,0.746268656716418,1336208938.36151,-843312474.4346682,790925928.8776563,1335763272.8570304,-849009075.7595204,790925454.5495313,115.06069954104386,37.84994227955466,-94.29464528751127,144.81114626373153,37.53566264312454,-100.26342988831071,445665.50447962654,5696601.32485217,474.328125,-29.750446722687705,0.3142796364301251,5.9687846007994345,473,frame_000473.png
8000,8000,82,69,0.8414634146341463,69,1.0,69,56,0.8115942028985508,-36244982.5848792,23233931.752242684,-43288268.82910616,-36690648.09940466,17537330.394000083,-43288743.143803425,68.7924367535948,-56.59446180474585,-60.80860308890847,98.57139504477448,-53.035979329592095,-68.26238524470176,56,0.8115942028985508,-26746382541.115005,-55927057914.680786,62416791089.15236,-26746828206.62953,-55932754516.03903,62416790614.83766,72.91968961022734,74.62425971116845,178.45517162922272,102.69864790140707,78.18274218632223,171.0013894734294,445665.5145254667,5696601.358242599,474.314697265625,-29.778958291179713,-3.558482475153753,7.453782155793288,474,frame_000474.png
8000,8001,86,66,0.7674418604651163,66,1.0,66,46,0.696969696969697,445659.44082060957,5696597.164713075,456.82585492430036,-6.074813337356318,-4.203923002816737,-17.48432573976214,-60.290900959505805,15.337909076367094,-139.70941262486207,-30.35011227858371,18.578940375289108,-146.60994749635296,46,0.696969696969697,3217218207.344135,-6569917888.799594,-14185958267.768087,3216772541.8285007,-6575614490.16823,-14185958742.078268,97.636764342588,-25.776424568043065,-127.87270228772807,127.57755302351006,-22.535393269121045,-134.77323715921898,445665.5156339469,5696601.368636078,474.3101806640625,-29.940788680922083,-3.241031298922026,6.9005348714909,475,frame_000475.png
8000,8000,80,56,0.7,56,1.0,56,47,0.8392857142857143,445661.7289236221,5696604.378177235,473.16049899127484,-3.7387551959836856,2.987627069465816,-1.2018972489595399,-30.643593124045633,-39.9924074147416,-1.2870972111066028,-0.6220989084362998,-39.47668060795789,-7.137198707874688,47,0.8392857142857143,-154934378.1703165,-35782272.729948595,101006844.84796543,-155380043.6379953,-41478874.12049876,101006370.4855692,-127.43980904893988,-38.021585860664764,109.99802578946115,-97.41831483333056,-37.50585905388107,104.14792429269306,445665.4676788181,5696601.390550165,474.3623962402344,-30.02149421560933,-0.5157268067837062,5.850101496768074,476,frame_000476.png
8001,8000,93,67,0.7204301075268817,67,1.0,67,45,0.6716417910447762,4753836.04988028,-54407142.65943006,-44009136.032669246,4308170.610968843,-60103744.06077131,-44009610.417007625,-12.076009129847023,37.98088581334955,-116.14612201359601,17.624249313124835,35.7565724937576,-120.86664215870898,45,0.6716417910447762,40491.75771387253,6812964.183391709,943975.7504222638,-405173.68119756447,1116362.782050454,943501.3660838848,-61.91640667157526,-5.641845525710011,54.91566399372237,-32.2161482286034,-7.866158845301953,50.195143848609405,445665.438911437,5696601.401341255,474.3843383789063,-29.70025844297186,2.224313319591949,4.720520145112973,477,frame_000477.png
8000,8000,95,63,0.6631578947368421,63,1.0,63,50,0.7936507936507936,445539.56523294846,5696414.397326985,455.0073200554057,-125.84211512067122,-187.00772004760802,-19.395939221938022,-117.1450957263943,-30.09007867612338,-177.06841607632134,-86.80225276645962,-30.782399293621296,177.74000781319563,50,0.7936507936507936,33965357087.62592,1943060161.3173509,-64264325499.971214,33964911422.21857,1937363559.912304,-64264325974.37447,-151.89957006304886,-36.09556990378958,171.47673440929196,-121.55672710311418,-36.787890521287494,166.28515829880894,445665.40734806913,5696601.405047033,474.40325927734375,-30.34284295993468,0.6923206174979217,5.191576110483037,478,frame_000478.png
8000,8000,45,40,0.8888888888888888,40,1.0,40,28,0.7,445719.1312652729,5696535.917047422,446.2443805841548,53.75236441148445,-65.49117317423224,-28.160892853345217,-84.04323891818352,58.44540959727033,36.93147583810908,-58.190846849291546,71.73953184248145,22.69017531889719,28,0.7,4842158.65555988,6250444.2099604,-1278867.5675372868,4396493.276659018,553842.8017398035,-1279341.9728107243,-128.3239320850732,-17.13631245817464,139.26599134478434,-102.47154001618124,-3.8421902129635157,125.0246908255724,445665.3789008614,5696601.408220597,474.4052734375,-25.85239206889197,-13.294122245211131,14.241300519211897,479,frame_000479.png
8000,8000,112,83,0.7410714285714286,83,1.0,83,57,0.6867469879518072,445656.2563607405,5696644.443420087,495.7975521171191,-9.063760562508833,43.275049556046724,21.37076378704097,38.795588029980074,8.569763114537677,64.70830791066287,17.070427528050914,3.496209865323408,67.7026375483319,57,0.6867469879518072,-1798304341.6494133,-2422019132.0369883,1847324547.1181905,-1798750006.9695346,-2427715733.205359,1847324072.6914022,114.56624746123059,10.174890454444348,4.010436000089847,92.84108695930144,5.101337205230067,7.004765637758879,445665.320121303,5696601.168370531,474.4267883300781,21.725160501929164,5.0735532492142745,-2.9943296376690416,480,frame_000480.png
8000,8000,87,67,0.7701149425287356,67,1.0,67,62,0.9253731343283582,445662.64696086163,5696602.757841078,472.52445287650073,-2.73039925575722,1.5960668856278062,-1.8808205609992683,43.524378231451834,-21.08371545548701,12.47186518022862,-1.6536363182435139,-16.897788684831255,19.72850570578379,62,0.9253731343283582,674680236372.9647,574070178194.3082,3172729272915.3164,674679790707.5874,574064481593.1465,3172729272440.911,-109.48925145004422,4.395644233736043,-153.50998051807866,-154.66726599973956,8.581571004391805,-146.25333999252348,445665.3773601174,5696601.161774192,474.4052734375,45.17801454969534,-4.185926770655762,-7.256640525555174,481,frame_000481.png
8000,8000,103,82,0.7961165048543689,82,1.0,82,75,0.9146341463414634,445661.68471476034,5696603.737106571,471.9651101624954,-3.769861590641085,2.4815054489299655,-2.440010687113954,65.5053824003333,-6.900565693037342,22.055188698496174,-4.116053796608469,-7.165520004640911,29.781455482842972,75,0.9146341463414634,16319713.928570082,-71476363.27573542,-156438862.3900677,15874048.473993732,-77172964.53133655,-156439336.79518855,-137.85587057769635,17.284670108008363,-152.6645364467283,152.52269322536188,17.019715796404796,-144.93826966238151,445665.454576351,5696601.255601122,474.4051208496094,69.62143619694179,0.26495431160356353,-7.7262667843467865,482,frame_000482.png
8000,8001,115,90,0.782608695652174,90,1.0,90,73,0.8111111111111111,445661.9370844293,5696604.327556362,470.869992401386,-3.546976784011349,2.612248368561268,-3.567385528301486,86.43954071207655,5.09178623456963,16.092622093443307,-1.2679274944082408,4.9446999304630594,19.951028949413313,73,0.8111111111111111,-3558438.5602035457,11793188.102957536,1911901.840504622,-4004104.044264759,6096586.387649542,1911427.4031266924,92.48907088496286,-2.9953758349671102,46.563820673723235,4.781602678478066,-3.1424621390737,50.42222752969323,445665.4840612133,5696601.715307994,474.4373779296875,87.70746820648479,0.1470863041065813,-3.858406855970004,483,frame_000483.png
8000,8000,140,98,0.7,98,1.0,98,73,0.7448979591836735,445663.2779000144,5696603.52946716,471.95428699619305,-2.0318584422930144,1.1387274907901883,-2.491971548728827,118.99082111204551,-9.020692703390626,-1.2416989297128629,-1.1029959053186076,-7.393409358029828,2.6000252333801654,73,0.7448979591836735,5604343.493891106,17149878.05503586,11370871.292089893,5158678.18413265,11453275.664296191,11370396.845831348,0.3050129554508419,-62.73066439458633,45.312634763478755,-119.78880406191327,-61.10338104922553,49.154358926571774,445665.3097584567,5696602.390739669,474.4462585449219,120.09381701736412,-1.6272833453607856,-3.841724163093036,484,frame_000484.png
8000,8000,160,121,0.75625,121,1.0,121,86,0.7107438016528925,445663.3476569037,5696603.987010494,472.07874130729897,-1.7978461647289805,1.3230203092098236,-2.3578431653572807,121.28988485926617,-9.569119462589871,-5.476441937640196,-1.6328655554582951,-6.999574667870348,-3.4460381797639457,86,0.7107438016528925,646787621.4475065,1255380577.9437602,-758534494.3695581,646341956.3020035,1249683975.27977,-758534968.8061426,92.37933402263653,-8.16681273793313,171.15898685613678,-30.54341639208792,-5.597267943213609,173.189390614013,445665.1455030684,5696602.663990185,474.43658447265625,122.92275041472446,-2.5695447947195125,-2.0304037578762375,485,frame_000485.png
8001,8001,136,112,0.8235294117647058,112,1.0,112,73,0.6517857142857143,445662.87324552814,5696605.897083221,472.1765374796972,-1.8821802903548814,2.779238399118185,-2.262061153115326,123.09049139270701,1.2482075879556025,-11.754043603534964,-0.20925756230542447,3.2228093981469215,-11.130228362405916,73,0.6517857142857143,-15927983638054.877,2774061378853.1255,13549705206036.695,-15927984083719.633,2774055682250.008,13549705205562.256,-99.53107889279303,-5.7889133141869635,132.78669181062284,137.16917215219456,-3.81431150399564,133.4105070517519,445664.7554258185,5696603.117844822,474.4385986328125,123.29974895501242,-1.9746018101913223,-0.6238152411290402,486,frame_000486.png
8000,8000,150,117,0.78,117,1.0,117,74,0.6324786324786325,445662.118887538,5696605.335520873,472.36224990442923,-2.4409307132009417,2.005224036052823,-2.082971042836391,122.53399498765933,-1.396200925053223,-4.9597359265488326,-1.1954802910274793,0.27176692041078354,-4.114862978877852,74,0.6324786324786325,-1548952.64530141,8448796.050877629,-4070431.4936438696,-1994617.205119661,2752192.720580792,-4070905.938864817,113.51739119313007,18.84884039248682,45.871401388776526,-10.21208408555674,20.516808237950812,46.7162743364475,445664.5598182512,5696603.330296837,474.4452209472656,123.72947527868679,-1.667967845464002,-0.8448729476709766,487,frame_000487.png
8000,8000,147,115,0.782312925170068,115,1.0,115,82,0.7130434782608696,445662.2945217487,5696605.669762295,472.3114919676803,-2.0823996195103973,2.1229686466977,-2.13412570810101,122.88412677258869,-3.1886795383565776,-7.922271292943613,-1.2904083447388643,-0.5473565488856877,-7.034310402978832,82,0.7130434782608696,816454128.6182997,-313834054.5633065,-426618521.7812783,816008464.2413783,-319530658.11010015,-426618996.226896,-45.32162815000056,-3.130134868204462,-4.009758456930016,-169.49616326732814,-0.48881187873357135,-3.121797566965256,445664.37692136824,5696603.546793648,474.4456176757813,124.17453511732757,-2.6413229894708814,-0.8879608899647693,488,frame_000488.png
8000,8000,162,120,0.7407407407407407,120,1.0,120,92,0.7666666666666667,445661.37920200423,5696605.731729914,472.37159626002386,-2.811929229996167,1.967274491675198,-2.076981620835511,122.70839515524541,-1.2400775789595386,-2.0359108154745997,-1.3354519716135087,1.264527304975502,-0.37831160861384205,92,0.7666666666666667,-11592318.235550467,-18325186.57032415,6266744.929803422,-12037982.426681701,-24021790.33477957,6266270.481225541,-137.70166924331076,20.90833310005345,-6.313220984151756,98.25448362983036,23.412937983988485,-4.655621777291003,445664.1911312342,5696603.764455423,474.4485778808594,124.0438471268589,-2.5046048839350297,-1.6575992068607577,489,frame_000489.png
8000,8000,156,112,0.717948717948718,112,1.0,112,96,0.8571428571428571,445661.0564059386,5696606.134585704,472.39288990908443,-2.8232019701390527,1.9227214632555842,-2.050133772556194,122.62217332056943,-0.4047642877382455,-0.7665517114764978,-1.1785055641221902,1.5186655747888267,2.1606200030837783,96,0.8571428571428571,1125758.2178917127,6250008.466414113,-115642.16060765355,680094.338283804,553404.2545498721,-116116.6036313352,-0.5648810640470389,1.71998771032509,61.294639787582476,-124.36555994873865,3.6434175728521723,64.22181150214277,445663.8796079087,5696604.2118642405,474.4430236816406,123.8006788846916,-1.9234298625270831,-2.92717171456029,490,frame_000490.png
8001,8000,133,100,0.7518796992481203,100,1.0,100,76,0.76,445660.9372718142,5696606.402857107,472.37156796242374,-2.790456823189743,1.960846696048975,-2.0749957582793854,122.34184164912813,-1.160239331723942,-0.6897952854189422,-1.2908041657547642,1.7045934828479687,2.7400117486787394,76,0.76,-6109789.456484089,3659651.248551502,-12050150.119098948,-6555453.184212726,-2036953.1934589092,-12050624.565662669,-97.1035957266072,46.30874470258051,-173.11275226886494,139.26375845850987,49.17357751715241,-169.68294523476723,445663.7277286374,5696604.442010411,474.4465637207031,123.6326458148829,-2.8648328145718978,-3.429807034097695,491,frame_000491.png
8000,8000,112,85,0.7589285714285714,85,1.0,85,70,0.8235294117647058,445660.73890594044,5696606.85077439,472.351252327233,-2.851348495692946,2.168359321542084,-2.0692188641733082,122.46695542160907,-0.7728337681940659,-1.1352435237868288,-1.2101458260232505,3.4786711483914416,2.323027215653923,70,0.8235294117647058,30352.34838360222,4891511.222288065,704701.7364748409,-415311.2418708339,-805093.4601270035,704227.3160036495,-105.67361902041495,-0.6921027190605468,-51.2087473808689,130.64927973195273,3.5594021975249746,-47.75047664142815,445663.59025443613,5696604.682415068,474.4204711914063,123.67710124763232,-4.251504916585515,-3.458270739440755,492,frame_000492.png
8000,8000,109,87,0.7981651376146789,87,1.0,87,74,0.8505747126436781,445660.15850112936,5696606.856127553,472.32284614390363,-3.2953404435538687,1.9351929286494851,-2.0775749986744927,121.70091422912184,-0.17792632020595064,3.311739406129411,-1.2914539076139704,3.3716940437626874,7.203499449261358,74,0.8505747126436781,1934439.3868389393,-10320399.943252493,-10271319.65014839,1488775.9329973664,-16017004.864187118,-10271794.050569532,-67.53879195706381,0.68152944065939,174.3595302991031,169.4688399062004,4.231149804628018,178.25129034223505,445663.4538415729,5696604.920934624,474.4004211425781,122.99236813673579,-3.549620363968625,-3.891760043131946,493,frame_000493.png
8001,8000,123,100,0.8130081300813008,100,1.0,100,90,0.9,445659.79041585303,5696607.308734611,472.31942924042903,-3.41051569749834,1.9469426413998008,-2.076200642383469,122.15719625284572,1.7280739069362263,3.925502157443407,-1.3992923048918726,4.2686950883465045,7.887167440013457,90,0.9,-3036207.852658203,-291235.52369186655,-4539157.789895042,-3481871.0535897533,-5987840.885483836,-4539632.185524925,-89.99182356444331,5.874951192370667,-175.59018932985532,146.4516878778191,8.415572373780947,-171.62852404728528,445663.2009315505,5696605.361791969,474.3956298828125,123.5564885577376,-2.540621181410272,-3.9616652825700385,494,frame_000494.png
8001,8000,120,92,0.7666666666666667,92,1.0,92,88,0.9565217391304348,445659.5482384729,5696607.383537479,472.2720211261862,-3.531713711156044,1.8199487561360002,-2.145001578891936,122.52678542270635,1.9356075912056148,5.263574746345571,-1.4093009823159264,3.4814547095141393,9.45222675504371,88,0.9565217391304348,9829893479.822437,13722177113.104942,-184711754.08496475,9829447816.742485,13716480507.541353,-184712228.50198746,-111.34583203719845,34.91236537159637,-58.974763685160646,124.71808155777927,36.458212489904895,-54.786111676462525,445663.07995218405,5696605.563588723,474.4170227050781,123.93608640502227,-1.5458471183085147,-4.188652008698129,495,frame_000495.png
8000,8000,133,106,0.7969924812030075,106,1.0,106,91,0.8584905660377359,445659.4681198105,5696607.709462393,472.2993820573317,-3.4873669305234216,1.9465530216693878,-2.120844993449623,122.54241278918317,2.9157907641495764,3.9594830090699373,-1.4844602159323586,3.7130140636137696,7.544698397194196,91,0.8584905660377359,-1214143326.8644848,-998003789.9555316,950757378.4964539,-1214588989.8199716,-1003700395.718441,950756904.0762268,-120.82464386609576,7.319045963734897,-163.82294888990432,115.14848312878871,8.116269263199086,-160.23773350178007,445662.95548674103,5696605.762909371,474.4202270507813,124.02687300511552,-0.7972232994641979,-3.585215388124257,496,frame_000496.png
8000,8000,120,96,0.8,96,1.0,96,86,0.8958333333333334,445659.4689977139,5696607.974908662,472.3161954514854,-3.3512166042346507,2.0299390433356166,-2.1057405836708654,122.87846817121334,2.432223593411363,2.103369917591173,-1.4788959016667036,3.5534969112672172,5.025020785004386,86,0.8958333333333334,3108533.656652172,2148145.2663770225,-2491825.8699749503,2662870.836437854,-3548460.678592596,-2492300.2919109855,-28.116467420110883,-0.8222612743687481,-179.6697053496187,-152.47383149299094,0.299012043487096,-176.7480544822055,445662.8202143181,5696605.944969619,474.42193603515625,124.35736407288006,-1.1212733178558496,-2.9216508674132036,497,frame_000497.png
8000,8000,107,94,0.8785046728971962,94,1.0,94,79,0.8404255319148937,445659.2060483191,5696608.088766024,472.28944259071767,-3.3292430086876266,1.7725985422730446,-2.1320356807667054,123.02589939069854,-1.9207423144544653,2.9351417346756077,-1.7920832648947567,4.407811346054444,5.885359505621551,79,0.8404255319148937,-5569844304.529873,-5378848884.484304,-3897809162.9237814,-5570289967.065165,-5384545490.800472,-3897809637.3452597,-174.1571429502436,62.420613009571795,-84.09542612849202,61.02487439416308,68.74916667008071,-81.14520835754608,445662.5352913278,5696606.316167482,474.4214782714844,124.8179826555933,-6.328553660508921,-2.9502177709459425,498,frame_000498.png
8001,8002,108,92,0.8518518518518519,92,1.0,92,83,0.9021739130434783,445659.2139470077,5696608.2852250645,472.22588062323007,-3.187481172150001,1.809253099374473,-2.1564130779418065,123.18233727937502,-6.834842289871519,1.4194195799649247,-1.7564381556512103,5.6933327382504615,4.074606577586508,83,0.9021739130434783,-1072138.0669498988,4244614.19235641,894954.5843148272,-1517800.4683780787,-1451992.2836155547,894480.202021126,-168.893864327143,-4.828621152011792,-91.4414274399246,66.16736023783074,7.699553876110173,-88.786240442303,445662.4014281799,5696606.475971965,474.3822937011719,124.93877543502623,-12.528175028121971,-2.655186997621596,499,frame_000499.png
8000,8000,94,86,0.9148936170212766,86,1.0,86,77,0.8953488372093024,445659.07597982214,5696608.444262431,472.32401308808505,-3.2208774150931276,1.859626691788435,-2.064506199024322,122.92309825143857,-1.914100734207108,1.6636615961338164,-1.6172521192114289,4.0072224278970054,4.429496063411847,77,0.8953488372093024,-674377891.9979963,-240516728.56661087,-11630603.073905865,-674823554.2948536,-246213335.1512466,-11631077.462425152,-129.25742306060306,-25.563395448170038,90.64648646442726,106.20222656874694,-19.64207228606591,93.41232093170527,445662.29685723723,5696606.584635739,474.3885192871094,124.54035037065,-5.921323162104119,-2.765834467278031,500,frame_000500.png
8000,8001,114,98,0.8596491228070176,98,1.0,98,92,0.9387755102040817,445658.6945534436,5696608.576134856,472.3282647283545,-3.4586994199780747,1.875584845431149,-2.1004767267236275,122.7677651866298,0.5951495070535414,3.252755824135993,-1.6436647608678356,5.177825652585113,5.856166327926246,92,0.9387755102040817,300906.96065071714,4381725.308770083,-515520.90532528155,-144755.19260214642,-1314881.3917799275,-515995.3340667366,-88.96782372197683,-7.983566109274596,93.00418635724196,146.62074633052555,-3.400889963743026,95.60759686103222,445662.15325286356,5696606.70055001,474.4287414550781,124.41142994749764,-4.582676145531568,-2.6034105037902457,501,frame_000501.png
8000,8000,116,99,0.853448275862069,99,1.0,99,80,0.8080808080808081,445658.4184293079,5696608.263850594,472.2863850522861,-3.719462070032023,1.5478216409683228,-2.158408648885768,122.90475540090104,1.3221606908735615,6.986750748648253,-1.7166569799907734,3.237414655508559,10.614840184929307,80,0.8080808080808081,192626197.09807914,-31938784.430040203,252296898.83402961,192180534.96018776,-37635391.146069154,252296424.3892359,-52.034250734936485,-32.67674850209123,15.117916927675775,-176.6556631158283,-30.76149453745623,18.746006363956838,445662.1378913779,5696606.716028953,474.4447937011719,124.62141238089183,-1.9152539646350009,-3.6280894362810536,502,frame_000502.png
8000,8000,115,93,0.808695652173913,93,1.0,93,89,0.956989247311828,445658.5555247734,5696608.658288759,472.33536348273776,-3.5692859992268495,1.9257081523537636,-2.114557171559113,122.99849678116702,2.699515618453798,4.327765833920538,-1.7542493921178561,5.243598776841537,7.950322137349673,89,0.956989247311828,5897952.534978928,4027759.312317261,-2938109.3419103343,5452290.410168155,-1668847.4202633458,-2938583.7918309886,-21.107289865245722,-3.1494002775337924,165.00685855997827,-145.8600360385306,-0.6053171191460365,168.62941486340742,445662.1248107726,5696606.732580607,474.4499206542969,124.75274617328488,-2.5440831583877483,-3.622556303429126,503,frame_000503.png
8000,8000,123,103,0.8373983739837398,103,1.0,103,93,0.9029126213592233,445658.61667126836,5696608.296957458,472.31400957830147,-3.5005349313723855,1.5512489099055529,-2.127549259589159,122.93031867232926,0.1584379222189473,5.272439984788296,-1.6494650596011127,2.6326580670769033,8.568412387629678,93,0.9029126213592233,636949.1554714215,4957806.504703464,821574.3622173925,191287.0382652218,-738800.2410050845,821099.9206585546,-117.0251839226447,31.562302376800837,-153.7111820996158,118.39503234542491,34.03652252165881,-150.4152096967744,445662.11720619973,5696606.745708548,474.4415588378906,124.57978373193038,-2.474220144857963,-3.2959724028413806,504,frame_000504.png
8000,8000,103,89,0.8640776699029126,89,1.0,89,85,0.9550561797752809,445658.57422621874,5696608.768447425,472.31959632985894,-3.5089868132490665,1.9704101542010903,-2.131880720922368,122.29316564559224,1.4830585390394735,3.740657386483843,-1.8744130259890426,5.860023535199332,6.880552498773568,85,0.9550561797752809,-2182618337.1920547,2943129337.9263163,-13518130774.412487,-2183063999.2752676,2937432731.128279,-13518131248.863964,-149.860646580125,-1.9309752617779483,-165.24170639945584,85.97177474829368,2.4459897343818966,-162.1018112871661,445662.083213032,5696606.798037271,474.4514770507813,124.1675786715813,-4.376964996159848,-3.1398951122897323,505,frame_000505.png
8000,8000,94,83,0.8829787234042553,83,1.0,83,74,0.891566265060241,445658.70309060795,5696608.824347742,472.33534321002924,-3.350994615931995,1.9878884507343173,-2.0962058622363884,123.01829561395054,1.4307049248128916,2.1087512619241564,-1.774200200476514,5.036543352696924,4.959873205664053,74,0.891566265060241,158262490.68496144,982237.2126135798,-114923359.8836518,157816828.6308762,-4714369.623845711,-114923834.31520087,-163.71563401639773,2.204751008312454,-62.573164854742586,71.49187016917523,5.810589436196466,-59.72204291100269,445662.0540852239,5696606.836459291,474.4315490722656,124.79249581442704,-3.6058384278840228,-2.8511219437399067,506,frame_000506.png
8001,8000,108,95,0.8796296296296297,95,1.0,95,86,0.9052631578947369,445658.7497307975,5696608.642602625,472.3332970738718,-3.2828768546460196,1.8026659581810236,-2.0988318323782096,122.95455261993469,0.030482753556400392,2.2651541138556133,-1.7091050952649596,3.5528941764994215,4.748520244002378,86,0.9052631578947369,-25886383317.64248,-60366186872.013695,-45194651443.797745,-25886828979.675087,-60371883478.85363,-45194651918.22987,-92.60649688077328,1.7874903743889075,173.6502845035215,142.72984540402706,5.309901797331918,176.13365063366825,445662.03260765213,5696606.839936667,474.43212890625,124.66365771519965,-3.5224114229430237,-2.4833661301467616,507,frame_000507.png
8001,8000,123,109,0.8861788617886179,109,1.0,109,101,0.926605504587156,445658.9163222662,5696608.484039708,472.3328362346214,-3.1027301393914968,1.6474303798750043,-2.08607856030045,123.43780562990443,-2.205110820645051,1.2737347607431266,-1.5086313651050318,2.1411218286575604,3.287285381015579,101,0.926605504587156,13339630513.715078,-17869638586.320724,8151099538.463385,13339184851.696026,-17875335193.157333,8151099064.04447,-21.158525645605597,26.62481426576996,-164.40528153091162,-146.10496264061504,30.97104691507255,-162.39173091063915,445662.0190524056,5696606.836609328,474.4189147949219,124.94643699500945,-4.3462326493026,-2.013550620272459,508,frame_000508.png
8000,8000,123,101,0.8211382113821138,101,1.0,101,90,0.8910891089108911,445658.5242301619,5696609.292451398,472.3808080204915,-3.490321568970103,2.505206171423197,-2.061666344742889,122.7549597944726,6.017888516985949,1.1090854742540877,-1.8456183248263756,8.750818189139522,4.138120005672619,90,0.8910891089108911,4366379.168216217,5259387.79432105,-32522.56801376026,3920717.1536644865,-437218.9929241771,-32997.010488125496,5.972095506552569,-38.37308661777855,160.44259744718056,-118.62848261274641,-35.640156945624994,163.47163197859913,445662.0145517309,5696606.787245227,474.4424743652344,124.60057811929897,-2.7329296721535594,-3.029034531418537,509,frame_000509.png
8000,8000,116,98,0.8448275862068966,98,1.0,98,88,0.8979591836734694,445658.6903316811,5696608.411507363,472.31862503624035,-3.3269148166873492,1.6373499603942037,-2.1228727664940266,123.11147987326474,-0.29527649611865997,3.3219482155682734,-1.7475831084903461,2.506231738331792,5.999488319271563,88,0.8979591836734694,2534984.1445356263,6133013.073145207,-197745.0127292121,2089322.1272891285,436406.298987804,-198219.45422701482,-22.215613872403974,-16.756945426911294,81.92592780727381,-147.07467685415904,-13.955437192460835,84.60346791097709,445662.0172464978,5696606.774157403,474.4414978027344,124.85906298175507,-2.8015082344504565,-2.677540103703294,510,frame_000510.png
8000,8003,116,100,0.8620689655172413,100,1.0,100,92,0.92,445658.6416161241,5696608.62617082,472.32346636498374,-3.3790649520233274,1.8787002703174949,-2.1120805100162556,123.1291904743409,1.5644325801680703,2.2827773534869142,-1.8070568578682185,3.9872388765344056,4.452384146672017,92,0.92,-277674.11408169207,4371441.728596341,-718563.9688887842,-723336.1347627682,-1325165.0188742084,-719038.4044356592,-120.18677140930984,-12.929346439211873,142.25817312242177,114.87698125848101,-10.506540142845523,144.42777991560683,445662.0206810761,5696606.747470549,474.435546875,124.93624733220912,-2.422806296366342,-2.1696067931851077,511,frame_000511.png
8000,8000,112,96,0.8571428571428571,96,1.0,96,80,0.8333333333333334,445658.85235245706,5696608.801830257,472.37344636943544,-3.1587955587892793,2.0774681139737368,-2.050198650095865,122.73927149547346,1.7465644652235257,0.08449497935812422,-1.8030252958602375,4.676862467702932,2.135175357366819,80,0.8333333333333334,557077654405.8246,957167401685.0616,1345035696922.7573,557077208743.8135,957161705078.3373,1345035696448.3337,88.43124493075788,37.6798578824402,-19.975136403147207,-36.1110518605758,40.61015588491961,-17.92445602513851,445662.01114801585,5696606.724362143,474.4236450195313,124.5422967913337,-2.930298002479395,-2.0506803780087037,512,frame_000512.png
8000,8000,99,86,0.8686868686868687,86,1.0,86,75,0.872093023255814,445658.93770206015,5696608.531663198,472.35825300503524,-3.0713838532101363,1.8172362465411425,-2.0604786844178875,122.69922374020834,-0.06771299477281827,0.44715791035087227,-1.616797655253663,2.4840379286247014,2.17862566807716,75,0.872093023255814,-5086582223845.628,-15577792334851.285,6670042322300.041,-5086582669507.637,-15577798031458.0,6670042321825.622,-75.86936695733289,6.19550519395804,-88.44744927028002,159.81461164720508,8.747256117355562,-86.71598151255372,445662.00908591336,5696606.7144269515,474.4187316894531,124.31602139546202,-2.5517509233975124,-1.7314677577262871,513,frame_000513.png
8001,8001,113,100,0.8849557522123894,100,1.0,100,91,0.91,445658.6079208069,5696608.504928307,472.3414464201244,-3.3934730365290307,1.8050464652478695,-2.0825037751881155,122.68624534410016,1.2807126810050051,2.5197005625411064,-1.6946095339155818,3.7239941317278635,4.168211067445299,91,0.91,165408932.7158723,-20485128.107504934,137718235.01767522,164963270.71447843,-26181734.807386775,137717760.59372503,-37.92817151774929,-11.630504841526074,1.171767306506251,-162.30902639576502,-9.18722339080324,2.8202778114104206,445662.00139384344,5696606.699881841,474.4239501953125,124.38085487801573,-2.443281450722849,-1.6485105049041817,514,frame_000514.png
8002,8000,119,101,0.8487394957983193,101,1.0,101,85,0.8415841584158416,445658.47558842413,5696608.73898183,472.32890797985584,-3.520701598492451,2.054974326863885,-2.102854715456658,122.92019851602831,3.7157829764856305,1.8774852998727547,-1.7326613320422837,5.779371306956534,3.0451156356366766,85,0.8415841584158416,901019.9278141162,6321261.255060022,-1118684.3743480486,455357.9315240936,624654.5710525187,-1119158.806110744,-4.4683236981000904,59.98827489578929,6.714797467880195,-129.12118354617067,62.051863226260195,7.882427803644106,445661.9962900226,5696606.684007503,474.4317626953125,124.65285984807059,-2.0635883304708926,-1.1676303357639084,515,frame_000515.png
8000,8000,128,106,0.828125,106,1.0,106,90,0.8490566037735849,445658.9280616058,5696608.417620235,472.3592878308928,-3.0691576674580574,1.7662786524742842,-2.0736650499665643,122.83370708612463,-0.2531128914592312,0.4905706388862035,-1.609690258999109,1.989487762667153,2.05311508531463,90,0.8490566037735849,281658908852.74176,173743364829.41467,280255727841.2854,281658463190.74457,173737668222.76334,280255727366.8524,-72.5207215954644,-21.841935088590127,-137.11606986786825,163.03588105941185,-19.599334434463742,-135.55352542143984,445661.99721927324,5696606.651341583,474.4329528808594,124.44339734512374,-2.2426006541263863,-1.5625444464284155,516,frame_000516.png
8000,8001,100,81,0.81,81,1.0,81,80,0.9876543209876543,445658.8874686643,5696608.3099835,472.3294828505916,-3.115421762049664,1.6736162779852748,-2.109146299799022,122.85608814885197,-0.9520550674539431,2.6935080625326973,-1.673695181940559,1.3304721071685606,6.04698614487927,80,0.9876543209876543,-545210774.7559047,-992037552.7126461,-1014179331.1507162,-545656436.7587951,-997734159.3490133,-1014179805.5893453,-93.39989797775179,6.912812435994303,168.61728203455033,142.07031869145567,9.195339610616827,171.97076011689688,445662.0028904264,5696606.636367222,474.4386291503906,124.52978333079254,-2.2825271746225124,-3.3534780823465655,517,frame_000517.png
8000,8000,93,75,0.8064516129032258,75,1.0,75,68,0.9066666666666666,445659.5349546969,5696608.287002821,472.31087252173563,-2.474630825628992,1.663393477909267,-2.1316933962331746,122.26001165289759,-3.0932699934848005,-1.8602338867130024,-1.7914307979498005,-1.403680709362476,1.205510731688065,68,0.9066666666666666,-4999224.038305251,-13791973.30412043,1042398.1068724399,-5444886.047890773,-19488579.927729774,1041923.6643065219,-69.02739003933158,5.482026804176711,-111.73951260792971,166.92116750982103,7.171616088299032,-108.67376798952864,445662.0095855225,5696606.623609344,474.4425659179688,124.05144245084739,-1.6895892841223181,-3.0657446184010637,518,frame_000518.png
8000,8000,102,81,0.7941176470588235,81,1.0,81,74,0.9135802469135802,445658.74509405426,5696608.220821898,472.28127735292884,-3.268910547310952,1.6148029500618577,-2.1589387115242857,122.18383476517673,-1.1501986184401707,2.98486439964133,-1.6077293703298778,2.1854438965893905,4.87838755326905,74,0.9135802469135802,-1147466.2802861368,5665399.464159884,164842.54723864322,-1593128.2942907384,-31207.14185906481,164368.10702257877,-151.211107438626,4.809660522305655,-148.10143531160398,84.99732842586741,8.145303037335196,-146.20791215797627,445662.0140046016,5696606.606018948,474.4402160644531,123.7915641355066,-3.335642515029551,-1.8935231536277244,519,frame_000519.png
8000,8000,119,102,0.8571428571428571,102,1.0,102,91,0.8921568627450981,445658.765815683,5696608.178116646,472.29338897591435,-3.253811780945398,1.6031872043386102,-2.128272401038771,122.16340555804268,-2.661165867513868,2.656889824462853,-1.6720540322641,3.4222170023158185,3.6785172368418273,91,0.8921568627450981,-23147766.861584794,-16219795.124086913,88899935.59584594,-23593428.881212257,-21916401.699016355,88899461.17418456,-139.87941208257146,-27.228821171383533,-136.68120103196193,96.28512832712175,-21.14543830155384,-135.65957361958297,445662.01962746395,5696606.574929441,474.4216613769531,123.83545959030677,-6.0833828698296895,-1.02162741237897,520,frame_000520.png
8001,8000,121,102,0.8429752066115702,102,1.0,102,91,0.8921568627450981,445658.5238345008,5696607.9926845785,472.2112982849735,-3.626966384705156,1.476250953041017,-2.141179742370241,122.96827216365973,-2.4696858441657508,6.6589190515206464,-1.5037995738966288,3.9158233136601837,9.895100999409777,91,0.8921568627450981,403872759.23740774,1163808478.8478162,-1088797786.4156294,403427097.08660686,1158111872.3313825,-1088798260.7681074,-0.10699941545308615,34.52069351348036,-8.401620645747734,-124.57907115300947,40.90620267130629,-5.165438697858605,445662.1508008855,5696606.5164336255,474.35247802734375,124.47207173755638,-6.385509157825941,-3.23618194788912,521,frame_000521.png
8000,8000,109,97,0.8899082568807339,97,1.0,97,91,0.9381443298969072,445658.97005340125,5696608.210062054,472.2681242477982,-3.3885335872182623,1.8065469581633806,-2.1524690139206086,122.25925460490163,1.3344902558238718,5.269938271307893,-1.6812588954853709,3.711971213150605,10.662080205951042,91,0.9381443298969072,-6101739078.650905,-5618825689.597764,-2013463202.4362059,-6102184741.009492,-5624522296.001279,-2013463676.8567991,85.09088306198069,-14.832436343322946,-126.050857185921,-38.84963043840634,-12.454955385996215,-120.65871525127787,445662.35858698847,5696606.403515096,474.4205932617188,123.94051350038701,-2.377480957326722,-5.392141934643135,522,frame_000522.png
8000,8001,142,117,0.823943661971831,117,1.0,117,104,0.8888888888888888,445659.12653441937,5696608.192476424,472.32098989756764,-3.4250163222895935,1.888949272222817,-2.1390015575104826,122.63154704042113,3.450721639567531,5.792815058439525,-1.5921503976653923,3.985832200312643,12.423047505075232,104,0.8888888888888888,-1700448.5200302736,2991275.5130056515,3544745.9411508515,-2146111.0715810154,-2705330.7905215006,3544271.4811593965,170.5888135211426,-47.755122732228614,29.687873028368617,46.36511608305608,-47.22001217148349,36.31810547500433,445662.55155074166,5696606.303527152,474.4599914550781,124.22369743808652,-0.5351105607451163,-6.6302324466357065,523,frame_000523.png
8000,8000,123,104,0.8455284552845529,104,1.0,104,84,0.8076923076923077,445659.23900327674,5696608.599600283,472.2957372463989,-3.361074359214399,1.9841815754771233,-2.1342249118042105,122.23510231276597,4.304935720605192,4.392106276424462,-1.6497771255075975,3.203910379370967,9.794153795788986,84,0.8076923076923077,-3644779.094835751,2650114.0587177714,-6326216.018805713,-4090441.6949133873,-3046492.5567009365,-6326690.448767872,-96.32179233694043,28.527019690511867,-177.02032661621558,139.79332822478602,27.42599434927763,-171.61827909685104,445662.60007763596,5696606.615418708,474.4299621582031,123.88487943827357,1.10102534123423,-5.4020475193645305,524,frame_000524.png
8000,8000,112,98,0.875,98,1.0,98,85,0.8673469387755102,445659.23629721213,5696608.605589876,472.24877267686145,-3.2606460587703623,1.8159395661205053,-2.1810674110291757,122.80265548048773,-3.5337818550330433,3.635821591867157,-1.8683337143680205,4.845362209326652,8.469896129077028,85,0.8673469387755102,1369661.5756373424,6241818.597259247,1894180.8532842388,923999.0786940715,545211.8076089369,1893706.423444151,1.5958445999894477,-36.9826409259215,-64.37104265307488,-123.07514459486632,-28.60349686156181,-59.536968115864994,445662.4969432709,5696606.78965031,474.4298400878906,124.67098919485576,-8.379144064359682,-4.834074537209878,525,frame_000525.png
8000,8001,109,96,0.8807339449541285,96,1.0,96,92,0.9583333333333334,445659.1277851553,5696608.630309751,472.2781144875601,-3.2763468918274157,1.712824571877718,-2.134055922596133,122.30686353552076,-3.18297680651003,3.405557478416749,-1.9786694285592432,3.543203174533943,6.924849625476639,92,0.9583333333333334,-46692638.57501874,-103922316.46778432,-11801228.276380211,-47138300.97915079,-109618923.3852695,-11801702.688550621,-103.0163208277621,46.29657116519843,-155.1389192667784,132.69814620815788,53.0227511462424,-151.6196271197185,445662.40413204714,5696606.917485179,474.41217041015625,124.28553296408,-6.726179981043967,-3.519292147059904,526,frame_000526.png
8001,8000,110,94,0.8545454545454545,94,1.0,94,81,0.8617021276595744,445658.812903903,5696608.74513952,472.2768470268813,-3.5784068142529577,1.8067311402410269,-2.145516254368715,122.24983402149577,-0.5440283853113727,5.8336216693363685,-1.9140822739430519,5.358513868682081,10.540208683935987,81,0.8617021276595744,-34781679.0509703,10793807.635298077,-16640786.537288329,-35227341.442281015,5097200.696889698,-16641260.95965161,-147.63668083443136,55.253870792068135,-102.45285208428196,88.1994028701298,61.15641304606157,-97.74626506968235,445662.39131071727,5696606.938408379,474.42236328125,124.16391629543882,-5.902542253993449,-4.706587014599609,527,frame_000527.png
8000,8001,117,102,0.8717948717948718,102,1.0,102,87,0.8529411764705882,445658.9877084692,5696608.40818774,472.26386398760127,-3.403066629485693,1.3879942521452904,-2.181204371773731,144.55484544887662,-1.2516169278579774,1.9753553512970783,-2.8948072307990174,1.0783856489606762,7.956823089369266,87,0.8529411764705882,30616656019.963947,5244108339.283149,10829007754.532799,30616210357.573174,5238411732.262956,10829007280.08773,92.96194710346568,19.690028782425742,-73.34745402817232,-54.48770557620996,22.0200313592444,-67.36598629010014,445662.3907750987,5696607.020193487,474.445068359375,147.44965267967564,-2.3300025768186416,-5.981467738072179,528,frame_000528.png
8000,8002,107,92,0.8598130841121495,92,1.0,92,73,0.7934782608695652,445658.9294075689,5696609.096254924,471.0925513382004,-3.343324970919639,1.8729316350072622,-3.4144677047684127,-178.28111827105684,2.0741459709044237,8.220378392554782,-1.3455885094846565,-2.7185213142733744,15.542193090623414,73,0.7934782608695652,1075813.283037685,5798827.436843473,636762.7040404682,630151.0103051453,102220.21352018416,636288.1970214252,-20.680713942581438,44.04220473499221,-39.14175930639836,156.25481581899078,39.249537449814426,-31.819944608329735,445662.2727325398,5696607.223323289,474.5070190429688,-176.93552976157218,4.792667285177786,-7.321814698068636,529,frame_000529.png
8000,8001,105,90,0.8571428571428571,90,1.0,90,70,0.7777777777777778,445658.6961837219,5696608.673876887,471.5533711200403,-3.2598193809972145,1.5441616643220186,-3.0035746807409964,-171.4001512643976,3.3445398471591687,-1.126294745480392,-1.6460187837088824,-4.271897606232045,0.7824399978725864,70,0.7777777777777778,-1704372.8537414968,4441054.580309379,-555624.0893305908,-2150034.8097445997,-1255552.549405844,-556098.6462763916,-112.43984717862575,-81.35329260148787,157.24057176025963,57.314285302062956,-88.96973005487907,159.1493065036126,445661.9560031029,5696607.129715223,474.5569458007813,-169.75413248068872,7.616437453391206,-1.9087347433529713,530,frame_000530.png
8000,8000,86,70,0.813953488372093,70,1.0,70,62,0.8857142857142857,445658.2738026783,5696608.519347675,471.6276985199194,-3.347793777298648,1.5373855326324701,-2.887712857033705,-170.87234105426248,1.5472879106774569,-0.6533193005076194,-1.509095507061886,-4.360192601773292,2.930181761648498,62,0.8857142857142857,-127184.08351675142,5860285.888725541,-211003.4544800846,-572845.705113207,163678.9067633981,-211477.96989146154,-89.92408791412734,3.2844872130923486,-169.46645953129655,79.43915763307325,-2.6229932993583986,-165.88295846914045,445661.6215964556,5696606.9819621425,474.5154113769531,-169.3632455472006,5.907480512450752,-3.5835010621561048,531,frame_000531.png
8000,8001,80,62,0.775,62,1.0,62,50,0.8064516129032258,445657.822260204,5696608.352078745,471.57142500819845,-3.399459539214149,1.4762940192595124,-2.947312784770361,-171.04341411749238,3.1160883444690533,0.8502019868719748,-1.5235098641699665,-3.4538663541992207,5.398134369249476,50,0.8064516129032258,333024711.73017997,-221242308.997971,161441261.7623607,332579050.5084602,-226938915.87375572,161440787.2436229,-45.58478326762164,59.68966497686478,-48.533059377983996,123.93512098570079,53.11971027819649,-43.98512699560649,445661.2217197432,5696606.875784726,474.5187377929688,-169.5199042533224,6.569954698668286,-4.547932382377494,532,frame_000532.png
8000,8001,82,69,0.8414634146341463,69,1.0,69,54,0.782608695652174,445657.5805393349,5696608.210410473,471.57317427374727,-3.414505754772108,1.3665528446435928,-2.93341752312773,-171.04360418283716,2.963575112516361,2.085091510324715,-1.5402219541793727,-3.362304015430908,7.110583529486149,54,0.782608695652174,255936.95927514744,4686152.99893028,131406.86171413847,-189724.03576994225,-1010453.8449273482,130932.3551223416,15.329530168203892,-17.231978081027712,-131.18488522778807,-175.16708760313833,-23.55785720897498,-126.15939320862664,445660.9950450897,5696606.843857628,474.506591796875,-169.50338222865778,6.325879127947264,-5.025492019161435,533,frame_000533.png
8000,8002,84,61,0.7261904761904762,61,1.0,61,50,0.819672131147541,445657.116251788,5696608.310285265,471.53729315158256,-3.633024474256672,1.4940595533698797,-2.965911194120565,-171.20704959994407,4.149326239301946,1.4506943625650126,-1.6600615589245251,-1.8857713700183183,7.3845231265379425,50,0.819672131147541,829797.8126697125,6108147.755394129,288851.17558743875,384137.0633934502,411540.9391684178,288376.67238309304,-20.070942836853185,61.30894470876595,-1.195951707720975,149.47604520416633,55.273847099445675,4.7378770562519605,445660.74927626224,5696606.816225711,474.5032043457031,-169.54698804101955,6.035097609320262,-5.9338287639729295,534,frame_000534.png
8000,8000,87,75,0.8620689655172413,75,1.0,75,56,0.7466666666666667,445656.8673371138,5696608.324952221,471.5827812647519,-3.6129531472106464,1.5408144621178508,-2.921796371966934,-171.3124967248348,2.3868813685684596,0.8617421770428327,-1.8445669685904136,-2.2570238422445073,6.5165512614907755,56,0.7466666666666667,-24868111578.760258,-7459662743.379581,18904792645.139923,-24868557239.240547,-7465359350.163719,18904792170.635345,-38.506010057086655,-21.064840520362914,-101.59495647314098,130.96191969915776,-25.708745731175895,-95.94014738869302,445660.48029026104,5696606.784137758,474.5045776367188,-169.4679297562444,4.643905210812975,-5.654809084447956,535,frame_000535.png
8000,8001,86,65,0.7558139534883721,65,1.0,65,36,0.5538461538461539,445656.42547592905,5696608.620821196,471.59319962855034,-3.483134858077392,1.9104690505191684,-2.9000865042621626,-171.09517049723073,0.735832752834038,-2.177046211882232,-1.760444969660682,-2.613899756341283,3.672268962859249,36,0.5538461538461539,503078.0320532856,5656529.331683646,101437.23301070184,57418.1234424985,-40077.37866849918,100962.73972456902,6.656145978083389,23.98587005772667,-81.76938540354828,175.99087150565344,20.636137548551346,-75.92007022880681,445659.9086107871,5696606.710352145,474.4932861328125,-169.33472552757004,3.3497325091753316,-5.849315174741481,536,frame_000536.png
8000,8001,96,72,0.75,72,1.0,72,50,0.6944444444444444,445656.6609917314,5696608.11405107,471.613053182149,-2.9547087825485505,1.438882370479405,-2.874465128397901,-170.5106268730795,-4.121325091967181,2.5508108942893655,-1.3470500045718836,-6.8071666510069235,8.417759275791298,50,0.6944444444444444,179563.3489291371,5638901.234520355,-102951.32973332686,-266096.26677137683,-57705.440648344345,-103425.8172516374,-116.20891926143096,-72.55423732949815,168.90884873094876,52.954657607076655,-75.24007888853788,174.77579711245068,445659.61570051394,5696606.6751687,474.4875183105469,-169.16357686850762,2.6858415590397327,-5.866948381501927,537,frame_000537.png
8000,8000,91,58,0.6373626373626373,58,1.0,58,55,0.9482758620689655,445656.30923297186,5696608.213439885,471.6454521511268,-3.0153745227726176,1.5822134437039495,-2.83941113012321,-170.56921729251928,-4.321909807700318,1.2054422450054476,-1.3884454514238485,-6.861591636452545,7.04216273046427,55,0.9482758620689655,-4056101.6296706484,6406389.4302532775,264186.42991085444,-4501760.954278143,709782.7990268366,263711.9450475732,-79.34641137183078,10.140299539088163,-147.57290096305948,89.83436046926465,7.600617710335939,-141.73618047760067,445659.32460749464,5696606.631226441,474.48486328125,-169.18077184109544,2.5396818287522183,-5.836720485458825,538,frame_000538.png
8000,8001,71,55,0.7746478873239436,55,1.0,55,39,0.7090909090909091,445655.22518387996,5696607.950492879,471.7988892256329,-2.763280336279422,1.558615554124117,-2.671752864210873,-170.79932116744166,-5.740432204724512,1.2619847380489886,-1.4666885030187586,-8.934232326810019,6.373644392126437,39,0.7090909090909091,48991771.17547018,9141004.067386864,-19735936.778488543,48546113.18700597,3444397.6755095385,-19736411.249130633,135.00531616132,34.49076949925016,168.8417291355929,-55.6620511742571,31.296969377164658,173.95338878967038,445657.98846421624,5696606.391877325,474.47064208984375,-169.3326326644229,3.193800122085515,-5.111659654077457,539,frame_000539.png
8001,8001,64,45,0.703125,45,1.0,45,40,0.8888888888888888,445654.9453797191,5696607.82863668,471.8260060796064,-2.794162166363094,1.4852109029889107,-2.6451242914873774,-170.6198932127572,-5.6438229020603865,1.9451325760930427,-1.3053485945866612,-8.889226689653583,7.284382330733223,40,0.8888888888888888,4553413.178943701,434863.27151214797,-20268348.62950288,4107755.4394018156,-5261743.071913629,-20268823.100633252,-93.55255555316121,12.151958226647455,-69.34686850763768,75.76198906500935,8.906554439054247,-64.0076187529975,445657.73954188544,5696606.343425777,474.47113037109375,-169.31454461817054,3.2454037875932036,-5.3392497546401785,540,frame_000540.png
8001,8000,66,52,0.7878787878787878,52,1.0,52,34,0.6538461538461539,445654.5757161032,5696608.016605962,471.91641741845405,-2.6896781199029647,1.783755086362362,-2.5555369272490793,-170.25586256336743,-5.759227313211317,-1.4537707057447948,-1.1187644012177032,-9.475620211239772,2.7672045847830873,34,0.6538461538461539,526469.8398799011,5396908.664371535,282092.9320412569,80812.57448567805,-299697.5684793405,281618.4600869112,-45.98622846514278,37.596009776974086,-80.1996393273035,123.15086969700695,33.879616878945626,-75.97866403677561,445657.2653942231,5696606.232850876,474.4719543457031,-169.13709816214973,3.7163928980284657,-4.220975290527885,541,frame_000541.png
8000,8002,69,56,0.8115942028985508,56,1.0,56,34,0.6071428571428571,445653.5373746466,5696607.378807089,471.7697156851341,-3.490677793335635,1.202411557547748,-2.696257215256537,-169.9060918474234,1.747934450818241,1.786620849488977,-1.0768877742142706,-2.0467572459193946,5.775707897990543,34,0.6071428571428571,-71989135.64896591,15634480.347717503,-49190261.90821147,-72434792.67701834,9937874.171321971,-49190736.37418437,-63.126662405803984,7.947121958772757,171.4832469917544,105.70254166740517,4.152430262035125,175.472334040256,445657.0280524399,5696606.176395532,474.4659729003906,-168.82920407320913,3.794691696737624,-3.9890870485015566,542,frame_000542.png
8001,8000,71,49,0.6901408450704225,49,1.0,49,32,0.6530612244897959,445653.8105683588,5696607.164432871,471.7407467057,-2.9859349250327796,1.0558725548908114,-2.725836546253106,-169.21992213937227,-1.751482860683755,3.2090444052982567,-0.09718260108087406,-6.260435507253561,6.258938996608947,32,0.6530612244897959,6204524.175806682,5966596.728396879,3598772.6847705985,5758867.379303398,269990.6198365623,3598298.2181873466,-116.56912315081236,-19.337754360311656,171.33382198264025,52.55361638747905,-23.846707006881445,174.38371657395095,445656.79650328384,5696606.108560316,474.4665832519531,-169.1227395382914,4.508952646569793,-3.0498945913107027,543,frame_000543.png
8000,8000,53,36,0.6792452830188679,36,1.0,36,23,0.6388888888888888,445652.7427537051,5696607.1717398465,471.74604414824364,-3.824024918139912,1.1272365991026163,-2.716480265818859,-170.46180842289192,4.504021202917474,1.3687329570231332,-1.4046263783641848,0.4718058333635895,4.414421029328992,23,0.6388888888888888,81485557035.41385,102485025109.07698,449649701143.32153,81485111378.84708,102479328503.03247,449649700668.859,-89.17752937470512,-4.4393091973720775,174.04043031826424,79.87965266982263,-8.47152456692595,177.0861183905701,445656.56677862327,5696606.044503247,474.4625244140625,-169.05718204452774,4.032215369553884,-3.045688072305861,544,frame_000544.png
8001,8000,48,32,0.6666666666666666,32,1.0,32,22,0.6875,445652.57883952366,5696606.996562267,471.78120554191537,-3.5171172981499694,1.0766773698851466,-2.6725908448034374,-169.91148414018528,2.770562965743415,2.0715327172716353,-0.8551716841953407,-1.174761764798376,5.108541744564832,22,0.6875,45949851.0732715,32418118.875485227,-5733957.419540804,45504194.97731467,26721512.95560033,-5734431.873337191,140.96992667622155,-13.417896571973467,-148.13873404845938,-49.97376086778854,-17.363221302515257,-145.1017250211662,445656.0959568218,5696605.919884897,474.4537963867188,-169.05631245598994,3.945324730541789,-3.03700902729319,545,frame_000545.png
8000,8002,30,21,0.7,21,1.0,21,16,0.7619047619047619,445651.9185446119,5696607.0814145,471.84795360099,-3.6867588909808546,1.2861489243805408,-2.6150896119006006,-170.59461164267125,2.6384199794806427,0.603926469313335,-1.2663756458480293,-0.6647486396916804,3.9426096887771678,16,0.7619047619047619,567958980.0822177,1372597702.1430726,-1736864898.373198,567513324.4769142,1366901096.347807,-1736865372.8362412,-132.81552110346402,4.096289107827342,143.0219948910748,36.5127148933592,0.7931204886550063,146.36067811053863,445655.6053035029,5696605.795265576,474.4630432128906,-169.32823599682322,3.303168619172327,-3.338683219463832,546,frame_000546.png
8000,8001,30,21,0.7,21,1.0,21,13,0.6190476190476191,445651.33258600143,5696607.065623119,471.7164585564294,-4.026499341183808,1.3238258864730597,-2.7427394416174593,-169.7609837022505,5.797491474360111,-0.05266011650239462,-0.4108215611241235,2.5416188583893984,3.4937090099287786,13,0.6190476190476191,-10351102.456362411,10598873.160612963,17178469.496624354,-10796757.815447753,4902267.418815731,17177995.037426356,103.80763446539275,3.6988531068080053,-28.96652019837969,-86.84220339348087,0.44298049083730007,-25.42015107194854,445655.3590853426,5696605.741797232,474.4591979980469,-169.3501621411264,3.255872615970704,-3.5463691264311596,547,frame_000547.png
8001,8000,32,17,0.53125,17,1.0,17,11,0.6470588235294118,445649.6970164149,5696607.636109907,471.3853338367286,-5.168297545402311,1.9919351655989885,-3.0620843761620335,-168.63557772595834,16.00531266345392,-8.257752371606774,0.5262455714297403,13.082108064180517,-5.139739170027667,11,0.6470588235294118,2486935606.9316773,3523374061.9159107,5243145993.867292,2486489952.0663633,3517677456.271736,5243145519.419874,-61.425803442558426,-4.192145743037618,158.1127588830204,107.73601985482969,-7.115350342311018,161.2307720845995,445654.8653139603,5696605.644174742,474.4474182128906,-169.16182329738808,2.9232045992734017,-3.118013201579114,548,frame_000548.png
8000,8000,45,20,0.4444444444444444,20,1.0,20,13,0.65,445649.47738475143,5696607.094064675,471.2966414616103,-4.882428965822328,1.5436794003471732,-3.1590775325303184,-169.788496310232,13.410920961471268,-2.8249403067596393,-0.611327000714823,10.738075043633955,1.0670609002857816,13,0.65,-3225535044.784354,-357883142.26836795,-1128072911.45829,-3225980699.144168,-363579747.81875324,-1128073385.914009,-51.78591181498132,13.24469390869905,-174.24389661849173,117.39125749453586,10.571847990861727,-170.3518954114463,445654.35981371725,5696605.550385275,474.4557189941406,-169.17716930951718,2.672845917837322,-3.8920012070454253,549,frame_000549.png
8000,8000,31,20,0.6451612903225806,20,1.0,20,13,0.65,445648.8687374661,5696607.5649550455,471.3224217463049,-5.23068893305026,2.056605840101838,-3.1393092107264238,-169.2737278009583,13.902257012806382,-7.999899595546384,-0.6381019592752466,12.6112511661442,-3.358158240198236,13,0.65,-2012149373.9858248,21677396.799138095,-3999866951.0002556,-2012595028.0852513,15980791.290788889,-3999867425.4619865,112.46724777696333,-32.214324369637474,96.52277326286402,-78.89712638135359,-33.505330216299626,101.16451461821214,445654.09942639916,5696605.508349205,474.4617309570313,-168.63562584168307,1.2910058466621692,-4.6417413553481435,550,frame_000550.png
8000,8001,42,20,0.47619047619047616,20,1.0,20,12,0.6,445651.74208602594,5696606.853851447,471.27495504389674,-1.6163530591293238,1.439918925985694,-3.211891879931386,-168.21631998907048,-15.189960939949215,4.311048397720819,0.6509412397142569,-19.32941365613823,9.06273935871394,12,0.6,-50552515.888269484,-11188161.344160281,-21748294.36632421,-50998169.24670857,-16884766.758092802,-21748768.853171133,27.534015985176083,61.47713885767817,-67.26311412136054,-163.59872278603916,57.337686141489144,-62.511423160367414,445653.3584390851,5696605.413932521,474.4868469238281,-168.86726122878474,4.13945271618901,-4.751690960993132,551,frame_000551.png
8002,8000,34,21,0.6176470588235294,21,1.0,21,11,0.5238095238095238,445649.9456512646,5696607.234423079,471.5587732815117,-2.588264817080926,1.9549774620682001,-2.9209020114570876,-170.10579189536995,-5.621861050319598,-3.268830128066943,-1.1363719476507868,-11.26659045877409,0.3239383047133231,11,0.5238095238095238,140039.22808736132,5566241.179834882,-169023.15555584797,-305613.3058287204,-130364.09961073473,-169497.63523114094,-99.99424296863911,-63.34592003863662,170.56734930474528,68.97517697908006,-68.99064944709112,174.16011773752552,445652.5339160817,5696605.2794456165,474.4796752929688,-168.96941994771916,5.644729408454497,-3.592768432780277,552,frame_000552.png
8000,8000,35,18,0.5142857142857142,18,1.0,18,11,0.6111111111111112,445649.2940283159,5696606.994885215,471.5993589558339,-2.827637767419219,1.8032127618789673,-2.8864808879160933,-170.24557869236796,-3.0214440515318457,-1.8534224571932243,-1.170897131044029,-9.506160404543806,2.1376277430286734,11,0.6111111111111112,-3778509843.144709,1623698110.5679553,-421562323.2801895,-3778955495.266375,1618001505.3762827,-421562797.76602936,-115.946842638287,-57.41842293269074,-154.9293858975409,53.12783892303693,-63.90313928570268,-150.938335697319,445652.12166608335,5696605.191672453,474.48583984375,-169.07468156132393,6.484716353011948,-3.9910502002219017,553,frame_000553.png
8000,8001,36,21,0.5833333333333334,21,1.0,21,14,0.6666666666666666,445648.75300172094,5696607.441668118,471.6935163590455,-3.157804074638989,2.2854323955252767,-2.787074461267025,-170.70450715235359,-1.312926246308823,-6.5020894208411875,-1.7146501482740746,-7.618285932528323,-2.0947610017769875,14,0.6666666666666666,893332.9784017126,6111936.01737998,-126360.5261293074,447681.06759591703,415330.8611442568,-126835.00672012771,159.05483906265368,49.947465658477114,-176.90504657670826,-31.955303933266805,43.64210597225761,-172.49771815764404,445651.9108057956,5696605.156235723,474.4805908203125,-168.9898570040795,6.305359686219506,-4.407328419064205,554,frame_000554.png
8000,8000,32,20,0.625,20,1.0,20,17,0.85,445649.55307818315,5696606.203094619,471.47284489833424,-1.9150568661862053,1.1221608212217689,-3.0251409415095054,-169.48649783114948,-10.08625209858301,7.124371972522787,-0.07245348160435583,-16.339062874934683,11.86942555137395,17,0.85,3196713.7275419207,5950654.657478044,-478442.22178770555,2751062.259406871,254049.5765442457,-478916.7197735454,91.57985843596201,37.09934464766595,-154.5578895899204,-99.00609721449285,30.84653387131428,-149.81283601106924,445651.46813504933,5696605.080933798,474.49798583984375,-169.41404434954512,6.252810776351674,-4.745053578851154,555,frame_000555.png
8000,8000,34,22,0.6470588235294118,22,1.0,22,18,0.8181818181818182,445648.3659433787,5696606.0796577195,471.634865515879,-2.6305863191373646,1.0695847338065505,-2.852256066152279,-169.61802255451184,-4.74132070479603,5.766778173697868,-0.6718150599329249,-10.039243204904182,10.39712449706255,18,0.8181818181818182,242306881.86922148,17791908.41541271,-283306759.7511786,241861230.87269178,12095303.405339723,-283307234.2383002,-86.56258587631308,-0.18689427363381347,131.9308573655428,82.3836216182658,-5.484816773741983,136.56120368890748,445650.99652969785,5696605.010072986,474.4871215820313,-168.9462074945789,5.297922500108158,-4.630346323364691,556,frame_000556.png
8000,8000,22,15,0.6818181818181818,15,1.0,15,14,0.9333333333333333,445647.21715810004,5696605.89550642,471.70931554252337,-3.0493125235661864,1.017989668995142,-2.7675826508360046,-170.0000958330076,-0.8052757512916369,5.048397300250053,-0.9816597425741236,-5.3397454057553375,8.998925495661155,14,0.9333333333333333,27147262.208789486,8408344.076735154,4912924.833651028,26701611.942318864,2711739.1992184026,4912450.356752834,-73.09956364286211,26.638927279625573,16.636462963146744,95.9188724475714,22.10445762516187,20.58699115855785,445650.2664706236,5696604.877516751,474.4768981933594,-169.01843609043348,4.534469654463714,-3.950528195411092,557,frame_000557.png
8000,8000,27,18,0.6666666666666666,18,1.0,18,11,0.6111111111111112,445647.8614951794,5696606.611834941,471.77979889054626,-2.1535829235217534,1.7908545853570104,-2.7048507676568647,-170.07790913018758,-10.867627446107159,-0.5887701090143843,-0.6129000852156139,-15.009862670923042,2.9259209501274768,11,0.6111111111111112,375045795.391691,-1104565320.8368497,7084522225.832593,374600145.3766129,-1110261925.65783,7084521751.347943,155.41307651736375,-10.072742335786403,-0.5202817672970085,-35.12191443766426,-14.214977560602279,2.994409291844846,445650.01507810294,5696604.820980356,474.4846496582031,-169.46500904497196,4.142235224815872,-3.51469105914186,558,frame_000558.png
8000,8001,31,24,0.7741935483870968,24,1.0,24,17,0.7083333333333334,445647.03636307974,5696605.53503108,471.6330454826391,-2.7211724476655945,0.7738764714449644,-2.8396412849390344,-170.6797197378043,-6.103553439576198,7.571999981240666,-1.2789973231971032,-8.324699436170079,10.43533906229959,17,0.7083333333333334,2416027.771612777,1596515.7297050953,7121620.66418887,1970378.0140772494,-4100089.0314495135,7121146.191502103,20.00915880139065,37.52720977155909,-92.38721562178898,-170.59011878400213,35.306063774965196,-89.52387654073006,445649.7575355274,5696604.761154609,474.4726867675781,-169.4007224146072,2.221145996593888,-2.8633390810589283,559,frame_000559.png
8000,8001,30,26,0.8666666666666667,26,1.0,26,17,0.6538461538461539,445646.2395660929,5696607.127308234,471.69309780369565,-3.245740814541932,2.4173975279554725,-2.7636282705231565,-171.89864799685256,-3.6897784562299116,-8.251943538082521,-2.7627539998833868,-6.002703784920499,-4.395046181465091,17,0.6538461538461539,-1247803693.2025506,431558628.8797254,-304776481.0689557,-1248249342.6878576,425862024.1698147,-304776955.5256818,-82.35405598396378,-11.841225985197337,-153.646880988319,86.78183801300543,-14.154151313887922,-149.78998363170157,445649.48530690745,5696604.709910706,474.4567260742188,-169.13589399696917,2.312925328690592,-3.856897356617432,560,frame_000560.png
8000,8000,35,26,0.7428571428571429,26,1.0,26,19,0.7307692307692307,445645.2915009814,5696606.053904387,471.6768370200262,-3.686434786184691,1.4483425728976727,-2.7867555092706766,-171.3494805529195,3.981679525478228,0.2554067709487502,-1.9827791702161335,0.2123799747024293,3.8042838263377234,19,0.7307692307692307,-354083780.66082704,117984284.53531404,-566437064.3429835,-354529429.63876283,112287679.92975223,-566437538.806576,-71.50711176105729,1.9579994655816342,149.58966321004303,97.85958962164608,-1.8113000851941479,153.13854026543203,445648.97793576756,5696604.605561814,474.4635925292969,-169.36670138270335,3.769299550775789,-3.5488770553889872,561,frame_000561.png
8001,8000,42,31,0.7380952380952381,31,1.0,31,24,0.7741935483870968,445645.374298755,5696605.781529845,471.7274774425045,-3.358181463496294,1.2290363823994994,-2.741638768433006,-171.5024575652748,0.7002235325630491,3.2818251553560978,-2.044667442640815,-2.8585519855286634,7.174045431813994,24,0.7741935483870968,-492004679.6743157,-2289629123.5633984,-24318524936.956604,-492450328.4067959,-2295325728.115892,-24318525411.42572,-90.86974745596753,1.5934305877408266,179.3246268779626,78.58804266666647,-1.9653449303509092,-176.78315284557948,445648.7324802185,5696604.552493462,474.4691162109375,-169.45779012263398,3.558775518091723,-3.892220276457901,562,frame_000562.png
8000,8001,32,25,0.78125,25,1.0,25,17,0.68,445645.221387824,5696605.891647149,471.9309125302364,-3.265687632316258,1.3871623305603862,-2.5363115908573377,-171.36203820761904,-1.451184629491194,1.1149501136341293,-2.1155776732704794,-4.287839784367861,4.542293717131599,17,0.68,-1351299.2019131077,5274817.990016544,5460058.792598807,-1796947.688988564,-421786.5144682741,5459584.325374686,-19.495497176845703,-5.5488195553130115,162.91285318328775,149.75096335750288,-8.38547471018967,166.3401967867852,445648.4870754563,5696604.504484818,474.46722412109375,-169.24646053434856,2.8366551548766714,-3.427343603497476,563,frame_000563.png
8000,8000,31,21,0.6774193548387096,21,1.0,21,14,0.6666666666666666,445645.1670120488,5696606.58025946,471.89182228450017,-2.5801255633705296,2.236712950281799,-2.570946270187335,-171.010759498204,-8.26928405972317,-5.514278660845393,-1.73121807295189,-11.295201220374793,-1.859565610858482,14,0.6666666666666666,12242662093.914043,-655449658.9157556,1467438773.492407,12242216446.166906,-661146263.2593021,1467438299.0296385,-97.56560137280984,71.56484845532815,-146.86048729102595,71.7139400524423,68.5389312946765,-143.20577424103902,445647.7471376122,5696604.34354651,474.4627685546875,-169.27954142525212,3.025917160651633,-3.6547130499869165,564,frame_000564.png
8000,8000,20,14,0.7,14,1.0,14,9,0.6428571428571429,445645.2161634918,5696606.311712073,471.9474711559993,-2.2799306694651023,2.0189921176061034,-2.508797154547551,-170.92582124780284,-11.819019819910546,-3.4089187415025526,-1.662014771106925,-13.838763684635865,-0.20695209843586326,9,0.6428571428571429,572481.038592726,7035716.666501046,619508.0755808428,126833.54249856476,1339112.3737810906,619033.6193125322,-149.40533662483725,75.87464650648974,-172.81955111252338,19.858469851858672,73.8549026417644,-169.6175844694567,445647.49609416124,5696604.292719956,474.4562683105469,-169.26380647669592,2.019743864725326,-3.201966643066684,565,frame_000565.png
8000,8000,20,7,0.35,7,1.0,7,5,0.7142857142857143,445642.781476758,5696605.93616946,471.8896582458514,-3.4743895705323666,1.8680886253714561,-2.5364586975079533,-172.3422996512804,-0.334227610679458,-3.5995193771746155,-2.8763220523794075,-2.5639304233306746,-0.8558307467628197,5,0.7142857142857143,-4725006.184811412,1694170.0820388831,-5726753.212504899,-5170652.440677741,-4002433.986041952,-5727227.6386218425,134.45524632979206,-50.17316288378875,67.72548628189999,-56.07877607130695,-52.40286569643996,70.46917491231181,445646.25586632855,5696604.068080835,474.4261169433594,-169.465977598901,2.229702812651205,-2.7436886304118038,566,frame_000566.png
8001,8000,11,5,0.45454545454545453,5,1.0,5,5,1.0,445645.95154185384,5696612.093884837,467.889190936547,-0.04899198783095926,8.078407828696072,-6.5401608700936436,157.72402420787876,-50.10600594170094,-87.39228949866259,-33.203747729537554,-51.59566927343428,-84.72545838967682,5,1.0,445645.95154185384,5696612.093884837,467.889190936547,-0.04899198783095926,8.078407828696072,-6.5401608700936436,157.72402420787876,-50.10600594170094,-87.39228949866259,-33.203747729537554,-51.59566927343428,-84.72545838967682,445646.00053384167,5696604.015477008,474.4293518066406,-169.07222806258366,1.4896633317333507,-2.66683110898578,567,frame_000567.png
8000,8001,16,6,0.375,6,1.0,6,5,0.8333333333333334,445641.4803969581,5696605.6906552715,471.72865619164344,-4.272238979116082,1.7293048901483417,-2.704693417731562,-171.28379096216304,6.236722244101227,-4.7977363891683575,-2.457954281279086,4.75194169702516,-2.6458845804373254,5,0.8333333333333334,2501947.7291110605,4362402.813645722,17016371.276142664,2056301.9764751233,-1334201.147704659,17015896.842793055,49.81889442424819,38.03542745229232,-61.242546544762135,-141.3552688948679,36.55064690521624,-59.09069473603111,445645.75263593724,5696603.961350381,474.433349609375,-168.82583668088395,1.4847805470760764,-2.1518518087310277,568,frame_000568.png
8000,8003,15,4,0.26666666666666666,4,1.0,4,4,1.0,445645.5565666943,5696607.975891117,465.6385918304712,0.2707363373483531,4.12101726513356,-8.795642788669397,112.85122642710994,19.979274589972608,-105.98031143798762,-78.44528829789056,17.543905430293847,-103.34407902915378,4,1.0,445645.5565666943,5696607.975891117,465.6385918304712,0.2707363373483531,4.12101726513356,-8.795642788669397,112.85122642710994,19.979274589972608,-105.98031143798762,-78.44528829789056,17.543905430293847,-103.34407902915378,445645.28583035694,5696603.854873852,474.4342346191406,-168.7034852749995,2.4353691596787606,-2.636232408833843,569,frame_000569.png
8000,8001,13,4,0.3076923076923077,4,1.0,4,4,1.0,445638.4447231656,5696608.065472964,466.4674367799734,-6.623057876597159,4.263765819370747,-7.972260485651589,34.25013972688663,-61.99223300683827,45.3445856445993,-156.60579834211728,-65.08229954454977,47.34865868147875,4,1.0,445638.4447231656,5696608.065472964,466.4674367799734,-6.623057876597159,4.263765819370747,-7.972260485651589,34.25013972688663,-61.99223300683827,45.3445856445993,-156.60579834211728,-65.08229954454977,47.34865868147875,445645.0677810422,5696603.801707145,474.439697265625,-169.14406193099612,3.0900665377115,-2.0040730368794586,570,frame_000570.png
8000,8000,11,4,0.36363636363636365,4,1.0,4,4,1.0,445638.5983333394,5696610.241169467,465.86794744476356,-6.253689908015076,6.49224585108459,-8.565066471252067,35.18438700568993,30.42707392676095,84.13841386339341,-155.54226319329996,26.778247417367027,85.41988132025585,4,1.0,445638.5983333394,5696610.241169467,465.86794744476356,-6.253689908015076,6.49224585108459,-8.565066471252067,35.18438700568993,30.42707392676095,84.13841386339341,-155.54226319329996,26.778247417367027,85.41988132025585,445644.8520232474,5696603.748923616,474.4330139160156,-169.27334980101014,3.648826509393914,-1.281467456862447,571,frame_000571.png
8000,8000,14,5,0.35714285714285715,5,1.0,5,5,1.0,445637.41294054984,5696607.264851443,468.20371330513876,-7.212821789900772,3.5627032415941358,-6.232810132361237,-153.54660452133618,47.6349298313134,-48.817512518380106,15.410847136542031,44.751963794558776,-46.44113165413444,5,1.0,445637.41294054984,5696607.264851443,468.20371330513876,-7.212821789900772,3.5627032415941358,-6.232810132361237,-153.54660452133618,47.6349298313134,-48.817512518380106,15.410847136542031,44.751963794558776,-46.44113165413444,445644.62576233974,5696603.702148201,474.4365234375,-168.9574516578782,2.8829660367546386,-2.3763808642456508,572,frame_000572.png
8000,8000,20,10,0.5,10,1.0,10,9,0.9,445640.516330225,5696605.510301841,471.9318841137147,-3.1746501719462685,1.988484725356102,-2.495239909722784,-170.60396355751092,-2.9941754786792147,-6.589441408331674,-2.1028183857351053,-5.88029809492852,-5.202765790886247,9,0.9,294203.2433535241,5491315.007850087,104469.5818087151,-151440.4476268728,-205288.51396702882,103995.15468469166,2.8451547470681358,-29.602048706119085,-107.00310776957004,171.34629991884395,-32.48817132236837,-105.61643215212462,445643.69098039693,5696603.521817116,474.4271240234375,-168.50114517177582,2.8861226162492954,-1.3866756174454145,574,frame_000574.png
8000,8000,18,6,0.3333333333333333,6,1.0,6,5,0.8333333333333334,445639.89591018076,5696602.1551033985,468.43347076951244,-3.5583067385014147,-1.324175899848342,-5.999421076190686,-171.69788466085737,16.542486906839727,44.8040202464148,-3.301988222319096,13.588028605488745,46.78797042718051,5,0.8333333333333334,36250.27086038643,7908551.045776345,-2852463.3812324475,-409393.1833565328,2211947.5664970465,-2852937.814124293,-90.03509970347577,5.914386893150952,133.78151286891978,78.36079673506254,2.9599285917999794,135.76546304968548,445643.45421691926,5696603.479279298,474.4328918457031,-168.39589643853827,2.954458301350984,-1.9839501807657032,575,frame_000575.png
8000,8000,21,11,0.5238095238095238,11,1.0,11,10,0.9090909090909091,445640.6175969642,5696605.856894293,471.68891266583375,-2.366476898721885,2.4614644069224596,-2.7505099415881205,-171.82240805212618,-11.297053325423164,-9.385101888127956,-2.8704341074502224,-13.771662504498494,-7.323426246500077,10,0.9090909090909091,-4820765.879748143,-2266917.5116141085,10958610.661797773,-5266408.863822006,-7963520.907043994,10958136.222375166,88.63003217623512,-24.85569636912646,-38.223831035977206,-102.41799387908895,-27.33030554820178,-36.16215539434933,445642.9840738629,5696603.395429886,474.4394226074219,-168.95197394467596,2.4746091790753257,-2.061675641627876,576,frame_000576.png
8000,8000,21,13,0.6190476190476191,13,1.0,13,12,0.9230769230769231,445639.6246506718,5696604.729636214,471.89366678425114,-3.121597604593262,1.3803032292053103,-2.5428871708269867,-170.91687356089804,-2.3699826029987654,0.5253455874256395,-1.753055709239561,-4.981331173171668,2.5689842817010344,12,0.9230769230769231,357574.3573624901,4622511.774851407,-3541694.2980895042,-88068.38888578629,-1074091.5744815776,-3542168.7346434593,-125.85971539975596,-30.435716803998695,112.65656876984775,43.30410245190251,-33.04706537417158,114.70020746412314,445642.7462482764,5696603.349332985,474.4365539550781,-169.16381785165848,2.611348570172889,-2.0436386942753875,577,frame_000577.png
8000,8000,18,10,0.5555555555555556,10,1.0,10,10,1.0,445639.0692509817,5696604.630630725,471.8807388599753,-3.194788590830285,1.3715606043115258,-2.5458053294778438,-171.5038613199836,-2.4878317527599023,0.934527685031792,-2.0404003191725053,-4.837013198852787,3.023586875695912,10,1.0,507995.4577602448,5608787.555942391,-43274.73348457685,62353.19372067228,-87815.7031277297,-43749.1600287663,38.743217496393065,11.870540911781546,-52.784970596550714,-151.79332150279583,9.521359465688676,-50.69591140588659,445642.2640395725,5696603.259070121,474.4265441894531,-169.4634610008111,2.349181446092878,-2.0890591906641096,579,frame_000579.png
8000,8001,14,9,0.6428571428571429,9,1.0,9,8,0.8888888888888888,445639.22133233276,5696603.345175217,471.77316254647116,-2.5494956669281237,0.16288467217236757,-2.6503909203257194,-171.0489914264754,-6.3600588761332055,13.931953601539313,-1.6606168159991341,-8.390422576342417,16.26125447519803,8,0.8888888888888888,238606584.91336405,4023712.536920747,-54406008.1724867,238160943.14253604,-1672890.645369798,-54406482.59604017,-121.46795794475122,37.02756635535692,61.51385662070052,47.92041666572504,34.9972026551477,63.84315749435922,445641.7708279997,5696603.182290545,474.4235534667969,-169.38837461047626,2.0303637002092043,-2.3293008736587018,580,frame_000580.png
8000,8000,20,13,0.65,13,1.0,13,11,0.8461538461538461,445637.88265132526,5696605.147206535,471.859260506779,-3.4307992213289253,2.0396971749141812,-2.5628281162678945,-170.79513216580042,-0.1284181081610356,-6.357217015908152,-1.7877971279683038,-3.486569916787488,-4.066510550875535,11,0.8461538461538461,-3657839.350223159,3808781.071043915,-1320962.0113182876,-4103480.6636737054,-1887822.0364654446,-1321436.4334069106,-72.5830666103181,-73.5946915493592,-160.29243350051647,96.424268427514,-76.95284335798564,-158.00172703548384,445641.3134505466,5696603.10750936,474.4220886230469,-169.00733503783212,3.3581518086264404,-2.2907064650326157,581,frame_000581.png
8001,8000,22,9,0.4090909090909091,9,1.0,9,9,1.0,445638.5704771348,5696603.66793369,471.87920245148206,-2.512236963608302,0.6002727132290602,-2.5556425192210668,-169.98600180825963,-7.400135467128906,9.22893590976467,-1.1139172825538708,-10.394595431662196,11.530414163394454,9,1.0,20411223.266462874,47523822.04987181,-51917598.716166385,19965582.183748774,41827218.98221083,-51918073.151011355,143.99223425699066,-17.97886829879243,161.7841971984154,-47.13568121730361,-20.973328263325698,164.08567545204517,445641.0827140984,5696603.067660977,474.4348449707031,-168.87208452570576,2.994459964533282,-2.301478253629786,582,frame_000582.png
8000,8001,35,27,0.7714285714285715,27,1.0,27,26,0.9629629629629629,445637.04310594517,5696605.4164415365,471.76639880346016,-3.588485774176661,2.430773800238967,-2.650562866461712,-170.48755935899504,1.4862840441457352,-11.180792432755647,-1.4019092425587871,-1.8116370790636722,-9.773273279927594,26,0.9629629629629629,-1296955265.6703541,773024470.009013,-960510491.7969333,-1297400906.301946,767327867.0233454,-960510966.213895,-48.198934745200276,47.83147157910176,135.61606725481502,120.886715371236,44.53355045589234,137.02358640764305,445640.63159171934,5696602.985667736,474.4169616699219,-169.08565011643626,3.2979211232094165,-1.407519152828054,583,frame_000583.png
8000,8000,32,20,0.625,20,1.0,20,18,0.9,445637.0176024069,5696605.022679947,471.8677109337148,-3.3857593311113305,2.0871326606720686,-2.546565189332057,-170.823692613624,-0.5602759037264695,-7.30707723258601,-1.6862754824330182,-3.5977269800430633,-5.969603681957523,18,0.9,-14360536752.125721,106339429891.51468,-306894252954.6083,-14360982392.529083,106333733288.57913,-306894253429.0226,-57.32894995631538,10.490923298143544,112.55642102805541,111.8084671748756,7.4534722218269565,113.8938945786839,445640.403361738,5696602.935547287,474.4142761230469,-169.13741713119097,3.037451076316593,-1.3374735506284885,584,frame_000584.png
8001,8000,37,27,0.7297297297297297,27,1.0,27,23,0.8518518518518519,445636.3374162448,5696604.855072774,471.8898920321337,-3.6088060817564838,2.0145632661879063,-2.514648983491327,-171.20022021139815,1.281866491606801,-7.431178092820453,-2.208879878048549,-1.9584418343475818,-6.631655458830409,23,0.8518518518518519,347301.07471594476,5697093.576516999,290740.5051904031,-98338.87150638178,490.73600749112666,290266.10064938746,36.71954783076985,1.204441634716809,-46.66363503788627,-154.2891118358806,-2.0358666912375725,-45.86411240389623,445639.94622232654,5696602.840509508,474.404541015625,-168.9913403333496,3.240308325954394,-0.79952263399005,585,frame_000585.png
8000,8001,40,27,0.675,27,1.0,27,27,1.0,445636.0452713149,5696604.742124352,471.89697666624505,-3.4508803080534562,2.003031924366951,-2.5098226501612544,-171.23560293208396,0.43720277705157296,-7.182343131308791,-2.210789613431956,-2.552307012220865,-6.501101439981937,27,1.0,-132791715.83545636,66841246.01702848,-85262341.80556153,-133237355.33160798,61144643.277936056,-85262816.21236084,-83.61143775970042,5.288896761016038,177.27802951103055,85.4133755589516,2.2993869717436155,177.9592712023574,445639.49615162297,5696602.739092427,474.4067993164063,-169.024813318652,2.9895097892724265,-0.6812416913268654,586,frame_000586.png
8001,8000,42,31,0.7380952380952381,31,1.0,31,21,0.6774193548387096,445635.5518901976,5696604.7177841235,471.9836295777905,-3.26398482528748,2.13399965967983,-2.4322944944751157,-171.34399586170068,-2.1164649433139036,-7.884985521897156,-2.2162020334776287,-5.646242675635364,-6.9946235493374616,21,0.6774193548387096,-94128902.49865668,42289361.02787179,-63381045.49924256,-94574541.3145317,36592758.44408733,-63381519.91516663,-84.79840976437808,-7.5749758533048315,-177.85267104803125,84.32938406384494,-11.10475358562627,-176.96230907547155,445638.8158750229,5696602.583784464,474.4159240722656,-169.12779382822305,3.529777732321452,-0.890361972559696,587,frame_000587.png
8000,8000,52,42,0.8076923076923077,42,1.0,42,31,0.7380952380952381,445634.9204291897,5696604.755345839,471.86267005344376,-3.4379741974407807,2.258647750131786,-2.5691841946031104,-171.04333865517037,0.842129663984845,-9.428071018744502,-1.8636414991509866,-3.1191743262046714,-8.522683458007833,31,0.7380952380952381,46483982.54495132,-1164786828.3016083,266669750.70693547,46038344.186547935,-1170483430.7983065,266669276.27508122,135.81636160115121,-30.297264623081343,-3.609480312699177,-55.0039412428294,-34.25856861327088,-2.70409275196252,445638.35840338713,5696602.496698089,474.4318542480469,-169.1796971560194,3.9613039901895215,-0.9053875607366685,588,frame_000588.png
8000,8001,70,44,0.6285714285714286,44,1.0,44,31,0.7045454545454546,445634.59374819195,5696604.681061697,471.86430258182236,-3.5322889314848,2.2348248613998294,-2.5721293029432672,-171.09676011121,1.2121274343141368,-9.556361595767342,-1.9399673488865972,-2.4215575407575045,-8.908752076252057,31,0.7045454545454546,403538.42764053465,5940522.186606685,-161950.42238820382,-42099.69839658879,243919.7403698489,-162424.8588200886,-153.67394276796745,-0.13969846307220535,177.04600287697735,15.482849994355945,-3.773383438143867,177.69361239649265,445638.12603712344,5696602.446236836,474.4364318847656,-169.1567927623234,3.6336849750716516,-0.6476095195152967,589,frame_000589.png
8000,8001,82,50,0.6097560975609756,50,1.0,50,40,0.8,445634.5269752461,5696604.3645691825,471.96021798488033,-3.3564251224161126,1.9600902069360018,-2.4677910483227947,-171.08240254063315,-1.1284651477621908,-6.575419229814599,-2.245795848435506,-3.9825675310196402,-5.629263454674117,40,0.8,-128498920.03266703,113533789.19954608,52300484.11738035,-128944557.91606739,107837186.7950671,52300009.68937132,-120.28260307674479,14.845533552492832,-134.1274154649596,48.55400361545287,11.991431169235398,-133.18125968981911,445637.8834003685,5696602.404478976,474.4280090332031,-168.83660669219765,2.854102383257445,-0.9461557751404691,590,frame_000590.png
8000,8001,90,60,0.6666666666666666,60,1.0,60,46,0.7666666666666667,445634.13645677007,5696603.961136401,472.01773492001485,-3.5006364706205204,1.6023978851735592,-2.4183002362351544,-170.2377245698282,0.21031767463443268,-3.3412245066539503,-1.740850774114108,-2.2803224008897303,-1.9825781035810337,46,0.7666666666666667,436327.8201256382,5552701.84837803,46917.12012127909,-9309.81696760247,-143900.51036048587,46442.68408612284,-178.50012964503927,9.85291660227726,70.98352274422922,-10.003255849325171,7.362276526753078,72.34216914730212,445637.6370932407,5696602.3587385155,474.43603515625,-168.4968737957141,2.4906400755241758,-1.358646403072911,591,frame_000591.png
8000,8000,93,72,0.7741935483870968,72,1.0,72,62,0.8611111111111112,445633.07773350645,5696603.569398705,472.0566357301027,-3.31496453267755,1.4429656425490975,-2.3810168577879267,-170.39609349663579,-2.98798367152479,-1.4835728362221063,-1.6215508208196923,-3.2155962571839325,-0.6623640859943123,62,0.8611111111111112,408267.6520609314,5717382.942675273,-29781.464965090243,-37368.74063710775,20780.816242210567,-30255.902617678134,-108.88158916292477,11.139770171625807,172.70415038322443,59.892953512891324,10.912157585966668,173.52535913345218,445636.3926980391,5696602.126433062,474.4376525878906,-168.7745426758161,0.2276125856591331,-0.821208750227786,592,frame_000592.png
8000,8000,109,89,0.8165137614678899,89,1.0,89,76,0.8539325842696629,445633.00141847885,5696603.753838161,472.0779431041379,-2.8884876500233077,1.7074634367600083,-2.326994640002738,-170.28177222992858,-10.144612884637885,-3.520527807428446,-1.3808132152647943,-5.68092129774098,-2.9323381444331744,76,0.8539325842696629,-47633258.07509255,13036370.773915999,32211572.48916984,-48078893.96499868,7339768.727541274,32211098.084232096,-65.07205933788488,-9.28759050352242,-171.10814634853534,103.82889967677892,-4.823898916625524,-170.51995668554008,445635.88990612887,5696602.046374724,474.4049377441406,-168.90095901466378,-4.463691586896902,-0.5881896629952578,593,frame_000593.png
8001,8000,125,103,0.824,103,1.0,103,88,0.8543689320388349,445632.85771057825,5696603.837880408,472.0826810457957,-2.804695318744052,1.826617960818112,-2.3002230069386655,-170.4875910408904,-14.213201021253637,-4.317082481102409,-1.6463525085297306,-6.3535419750296285,-3.35186808022749,88,0.8543689320388349,-999870.0647213352,5254809.146658561,780405.3241900781,-1445505.7271272321,-441792.8646038864,779930.9412860253,-93.12475251008347,2.006017646708755,177.69015290364,75.7164860222772,9.865676692932738,178.65536730451493,445635.662405897,5696602.011262448,474.3829040527344,-168.84123853236068,-7.859659046223995,-0.9652144008749206,594,frame_000594.png
8001,8001,150,126,0.84,126,1.0,126,105,0.8333333333333334,445632.3950733791,5696603.56820893,472.0922145275721,-2.882753804908134,1.6103893863037229,-2.2946873278967246,-170.24386885474942,-9.074878385221893,-2.458600937826738,-1.4421465873968486,-5.565298695808053,-1.7383310602509425,105,0.8333333333333334,92080148.06327033,-34780366.597187705,63998932.45260512,91634512.78544314,-40476968.55500725,63998458.065703265,-7.542663178513235,34.037128610380165,-137.4413585437688,161.2590590888393,37.546708299794005,-136.72108866619303,445635.277827184,5696601.957819544,474.3869018554688,-168.80172226735257,-3.509579689413835,-0.720269877575801,595,frame_000595.png
8000,8000,160,134,0.8375,134,1.0,134,114,0.8507462686567164,445632.44973566016,5696603.264585658,472.62183964927846,-2.8176806632545777,1.3007603539153934,-1.7750414542371686,-159.97000079715,-9.099082879520374,-9.190575807456172,-2.250059223808421,-7.781852816484104,-8.786707599283204,114,0.8507462686567164,-128409223.2632497,66075044.788618326,104314950.84522143,-128854858.53066602,60378442.824793026,104314476.44834033,-112.6320509719461,24.11232231379859,-178.1036587866624,45.087890601395486,25.429552376834863,-177.69979057848943,445635.2674163234,5696601.963825304,474.3968811035156,-157.71994157334157,-1.3172300630362606,-0.4038682081729815,596,frame_000596.png
8001,8000,130,111,0.8538461538461538,111,1.0,111,95,0.8558558558558559,445632.54725162825,5696603.124345839,472.6267335880578,-2.652546021854505,1.1016860324889421,-1.774725152176586,-155.1776558931155,-7.634398916988526,-7.146040389373175,-1.4076365847326429,-10.626330241780948,-3.8990798980826753,95,0.8558558558558559,1099987.7313575572,6220493.39671546,-1113251.6309935325,654352.5315599071,523891.3740556538,-1113726.0324522727,-90.16262360786703,40.23527446377523,93.4102625752096,63.60739570051584,37.24334313898282,96.65722306650014,445635.1997976501,5696602.022659807,474.4014587402344,-153.77001930838287,2.9919313247924157,-3.2469604912905066,597,frame_000597.png
8000,8001,142,117,0.823943661971831,117,1.0,117,79,0.6752136752136753,445632.55797746265,5696603.619476665,472.7729650021942,-2.6783119117026217,1.606607785448432,-1.6589807985870948,-156.20300031932288,-6.844892302154484,-15.798353437527457,-2.6489131295950585,-12.562906061627444,-17.96003853254885,79,0.6752136752136753,-824129921.4173194,-164989042.92410836,-638197259.8102049,-824575556.6536088,-170685644.93697724,-638197734.2421507,-10.035250566498206,-0.9245863838941888,166.83061368401823,143.51883662322962,-6.642600143367133,164.66892858899683,445635.23628937436,5696602.012868879,474.4319458007813,-153.55408718972782,5.718013759472951,2.1616850950213995,598,frame_000598.png
8000,8000,133,109,0.8195488721804511,109,1.0,109,88,0.8073394495412844,445632.3234199374,5696603.1368452655,472.80112814488155,-2.938096820784267,1.1627680426463485,-1.6077463668372616,-156.12030110527212,-6.563727225930332,-11.735341931848332,-2.627702886520325,-7.392893775219505,-11.503272417176504,88,0.8073394495412844,653858.3541152931,5904976.825618198,-963359.2936325177,208223.09259853495,208374.85154097527,-963833.7025070294,-106.9079811196272,24.764549211522773,113.72601498476355,46.584617099124614,23.935382662233593,113.95808449943536,445635.2615167582,5696601.974077223,474.4088745117188,-153.4925982187518,0.8291665492891834,-0.23206951467181733,599,frame_000599.png
8000,8000,125,107,0.856,107,1.0,107,81,0.7570093457943925,445632.5075725366,5696603.066765367,472.7700646488466,-2.7557409784640186,1.0980516262352467,-1.66380375935654,-155.38776483553312,-7.371267801305214,-10.182089467121395,-2.121070524358913,-8.863528772206507,-9.37947796083671,81,0.7570093457943925,1467866.2573055509,8452861.515024725,2533288.1512112548,1022230.9939920357,2756259.5463109845,2532813.7173428466,-171.72817573268375,68.31789157440863,-139.04596936832482,-18.461481421509546,66.82563060350734,-138.24335786204014,445635.26331351505,5696601.968713741,474.4338684082031,-153.2666943111742,1.4922609709013013,-0.8026115062846727,600,frame_000600.png
8001,8000,150,119,0.7933333333333333,119,1.0,119,86,0.7226890756302521,445632.5323800792,5696602.539187322,472.6884940036487,-2.7615814911550842,0.567281668074429,-1.7519967190075363,-155.57551281968708,-5.200266500833894,-6.426415740429373,-1.9836290366838512,-6.916767724759495,-6.9391265589520685,86,0.7226890756302521,-24623345.339548692,13900690.208741527,-13076544.831047919,-25068980.63351026,8204088.236835873,-13077019.271538641,-75.40942167403286,0.003331271631444625,-174.40941829083266,78.18246210897036,-1.7131699522941801,-174.92212910935535,445635.29396157037,5696601.971905654,474.44049072265625,-153.59188378300323,1.7165012239256123,0.5127108185226917,601,frame_000601.png
8000,8000,150,120,0.8,120,1.0,120,90,0.75,445632.5578117761,5696602.840394191,472.71465024007125,-2.756769208179321,0.8667743066325784,-1.7348736857100562,-155.68247783507508,-5.839042996929915,-8.105016273992932,-1.8876064322410002,-8.143579658070337,-7.630715666393343,90,0.75,-4312044.351887096,-2476640.3080590153,-2854075.2901406502,-4757679.66646808,-8173242.2816789,-2854549.739664576,-96.00463014478929,-66.17011103887418,-174.29886698050416,57.79024125804477,-68.47464770001461,-173.82456637290454,445635.3145809843,5696601.973619885,474.4495239257813,-153.79487140283408,2.304536661140432,-0.4743006075996023,602,frame_000602.png
8000,8000,129,105,0.813953488372093,105,1.0,105,79,0.7523809523809524,445632.46405915864,5696603.032910737,472.7273093145546,-2.8787819836870767,1.0488796019926667,-1.7304238397422864,-156.0395413274412,-4.389005589600734,-9.728991139117301,-2.071814499849154,-8.380767105251238,-8.94684764947769,79,0.7523809523809524,257895.11550045217,5672065.504547518,181351.4938929501,-187740.22734069015,-24536.47948361747,180877.0361597958,106.15888862326675,-4.25354611102615,-11.850050144208547,-99.87338454914118,-8.245307626676663,-11.067906654568958,445635.3428411423,5696601.984031135,474.4577331542969,-153.96772682759206,3.991761515650506,-0.7821434896396013,603,frame_000603.png
8000,8000,147,128,0.8707482993197279,128,1.0,128,95,0.7421875,445632.3099879854,5696602.83949027,472.71398758619074,-3.0583550762967207,0.8470598729327321,-1.7503984001373851,-156.42608735303807,-1.9729690553654802,-8.952461976946728,-2.434477173957873,-6.091360024405134,-8.606153014717933,95,0.7421875,53207552984.31487,1436231339677.1577,-136235821789.45624,53207107348.94653,1436225643075.1653,-136235822263.92062,178.38831472258727,42.252718912020896,-110.80495530166087,-27.620075098332563,38.13432794298126,-110.45864633943206,445635.3683430617,5696601.992430397,474.4643859863281,-153.9916101790802,4.118390969039654,-0.3463089622288035,604,frame_000604.png
8001,8001,144,118,0.8194444444444444,118,1.0,118,91,0.7711864406779662,445632.7493207947,5696602.997579589,472.7108907899197,-2.6388336978270672,0.9967802250757813,-1.738450030392812,-155.67950608543526,-6.9379638215615,-9.163264309801749,-1.7297496861970956,-9.705164823926566,-9.474927723747811,91,0.7711864406779662,-3257288797.080772,1341922275.51001,-787363697.8192225,-3257734432.4689264,1336225673.5092106,-787364172.2685633,-107.30880876248128,-35.794945811808574,24.611812717561538,46.64094763675689,-38.562146814173644,24.300149303615456,445635.38815449254,5696602.0007993635,474.4493408203125,-153.94975639923817,2.767201002365072,0.3116634139460738,605,frame_000605.png
8000,8000,129,112,0.8682170542635659,112,1.0,112,79,0.7053571428571429,445632.5423023554,5696602.777347631,472.66445523373335,-2.8382934952969663,0.7663467302918434,-1.7853128326729575,-155.48513935563517,-4.907729453999813,-6.771737165206016,-1.6554646516225375,-7.079615683719027,-5.3085729974581,79,0.7053571428571429,-17884386.26963232,-9318074.675349608,358366.5728877112,-18330021.650228173,-15014676.68635051,357892.1231196448,97.8605688676842,20.42436319238678,47.329711528874526,-108.30975642830316,18.252476962667572,48.79287569662242,445635.3805958507,5696602.0110009005,474.4497680664063,-153.82967470401263,2.1718862297192083,-1.4631641677479013,606,frame_000606.png
8000,8001,144,114,0.7916666666666666,114,1.0,114,93,0.8157894736842105,445632.78493073786,5696603.327882788,472.69991497275026,-2.587824076821562,1.3053421340882778,-1.760900456937236,-155.07087775722627,-8.794217517912752,-9.994970808956877,-1.3008394609283016,-11.286884108778793,-7.975090549046598,93,0.8157894736842105,129020.25122460129,170456.5743029369,-380306.76016648114,-316615.1215302134,-5526145.448237717,-380781.2209819108,149.7392098902097,-44.261479112073445,17.147883528872313,-56.49075181349235,-46.75414570293947,19.167763788782594,445635.3727548147,5696602.022540654,474.4608154296875,-153.77003829629797,2.492666590866028,-2.019880259910285,607,frame_000607.png
8000,8000,133,108,0.8120300751879699,108,1.0,108,92,0.8518518518518519,445632.6191301279,5696602.806409428,472.643829183105,-2.75021174934227,0.767025526612997,-1.8112794594730985,-155.31993926788832,-5.13826857591473,-6.114097026029575,-1.515873426481221,-7.983954365816572,-4.165243550094999,92,0.8518518518518519,390124.07380274,5669607.293145649,-75211.88839388086,-55511.29553913721,-26994.746238252148,-75686.34350252344,-125.15512416664599,-26.447176639984455,139.66811030427874,28.64894167476109,-29.2928624298863,141.61696378021333,445635.36934187723,5696602.039383901,474.4551086425781,-153.8040658414071,2.845685789901839,-1.9488534759345746,608,frame_000608.png
8000,8000,132,117,0.8863636363636364,117,1.0,117,90,0.7692307692307693,445632.73906646663,5696603.276569063,472.6895250126569,-2.6233533024787903,1.2129865810275078,-1.7679029658587524,-155.2994368883491,-7.869726391540058,-9.410428005237401,-1.5472677097199607,-10.83880317615916,-7.453782083070905,90,0.7692307692307693,445949.4946395923,5514423.531985198,-19412.694298834933,314.13221982319374,-182178.53159728367,-19887.15172681345,-23.620072263021907,-54.7660337496055,-171.51615572569642,130.13209691560724,-57.73511053422459,-169.55950980352995,445635.3624197691,5696602.063582482,474.4574279785156,-153.75216917862915,2.9690767846190926,-1.956645922166487,609,frame_000609.png
8001,8000,127,109,0.8582677165354331,109,1.0,109,84,0.7706422018348624,445632.66860856325,5696603.206362439,472.6893359955159,-2.6845780853764154,1.1389455189928412,-1.7715709869059992,-155.30070439652727,-7.135587266405426,-9.166409346028106,-1.4937050066099005,-9.942308792298235,-7.419620261241533,84,0.7706422018348624,601044.6312088724,5678659.333597039,-64516.39582924267,155409.2780222238,-17942.733819881454,-64990.85673622509,-141.521740978935,72.48579535109737,80.24675904326034,12.28525841098238,69.67907382520454,81.99354812804688,445635.35318664863,5696602.06741692,474.4609069824219,-153.80699938991737,2.8067215258928204,-1.7467890847865737,610,frame_000610.png
8001,8002,127,108,0.8503937007874016,108,1.0,108,78,0.7222222222222222,445632.53610124474,5696602.97961813,472.6990919614755,-2.8090302902273834,0.9087220653891563,-1.758793780711983,-155.52162770741865,-5.4589578860111825,-7.923013932124881,-1.850003043692169,-8.092295963194857,-6.321924598143596,78,0.7222222222222222,-44886.449997968215,5996288.255479653,-222251.35846472485,-490521.7951295032,299686.1845835885,-222725.81635046704,64.43845818197802,14.98829278403937,-11.079345823265593,-141.88991715429552,12.354954706855693,-9.478256489284291,445635.34513153497,5696602.070896065,474.4578857421875,-153.67162466372648,2.633338077183675,-1.601089333981299,611,frame_000611.png
8001,8000,117,98,0.8376068376068376,98,1.0,98,76,0.7755102040816326,445632.49681335344,5696602.773781088,472.67661398086244,-2.8363669796963222,0.7042472464963794,-1.7811802085906834,-155.52629167518973,-4.693728430290263,-6.493447789138498,-1.893413609426176,-7.03904137238851,-4.9514106608267525,76,0.7755102040816326,13213325.699079659,2991167.783290109,3862657.84835792,12767690.365899326,-2705434.2862437326,3862183.3905637306,-92.30443133568805,-1.9653090061725855,15.380499718771446,61.328446730075484,-4.3106219482708354,16.922536847083194,445635.33318033314,5696602.069533842,474.4577941894531,-153.63287806576355,2.345312942098239,-1.5420371283117382,612,frame_000612.png
8000,8000,139,115,0.8273381294964028,115,1.0,115,88,0.7652173913043478,445632.26067215356,5696603.20290336,472.73595412038594,-3.0593899617670104,1.1432956652715802,-1.7079850885984342,-156.77928944038976,-4.191741146757654,-11.074465457037592,-3.0125743640480493,-6.875939505123199,-9.907698674730312,88,0.7652173913043478,74641476709.56937,-10865499441.442604,27695004620.59951,74641031074.2493,-10871196043.502213,27695004146.15557,-146.63271901215205,-55.59885665523959,-155.23891789387037,7.13399606418966,-58.28305501360512,-154.0721511115631,445635.3200621153,5696602.059607695,474.4439392089844,-153.7667150763417,2.684198358365537,-1.1667667823072767,613,frame_000613.png
8000,8000,115,86,0.7478260869565218,86,1.0,86,73,0.8488372093023255,445632.6305491204,5696603.318213921,472.70245692596814,-2.6748181158327498,1.2628432679921389,-1.7478909744224893,-155.51426831483556,-8.147278417624609,-9.843739563860112,-1.7019818074963666,-10.33980129602287,-7.625130713167721,73,0.8488372093023255,4954294.467298518,14894715.543204881,9005755.465658855,4508659.161931282,9198113.487834228,9005281.015310954,-61.927888826178275,70.7875071103426,70.45132679318894,91.88439768116092,68.59498423194432,72.66993564388133,445635.30536723626,5696602.055370653,474.4503479003906,-153.8122865073392,2.1925228783982718,-2.2186088506924024,614,frame_000614.png
8000,8001,121,99,0.8181818181818182,99,1.0,99,74,0.7474747474747475,445632.7521985599,5696603.501778819,472.69241180700214,-2.525678680394776,1.4495830973610282,-1.7485671969041618,-155.24750816719745,-9.831304362467588,-11.148870346615196,-1.5835510541622853,-12.492876927035297,-9.314761690366652,74,0.7474747474747475,453482.44639597175,5897194.972190126,55973.07557406996,7847.168518731487,200592.91999440454,55498.634595066054,-24.33332308828251,-45.04268337988619,-133.37160936488036,129.33063402475267,-47.704255944453905,-131.5375007086318,445635.27787724027,5696602.052195721,474.4409790039063,-153.66395711303517,2.6615725645676984,-1.8341086562485576,615,frame_000615.png
8000,8000,119,98,0.8235294117647058,98,1.0,98,84,0.8571428571428571,445632.33728816465,5696602.936281698,472.69172156856786,-2.9411384076811373,0.8875387292355299,-1.7454732556509498,-155.57252589608234,-4.253689178336416,-8.22480678781009,-1.8795379591515768,-6.814528609230905,-6.632841029895076,84,0.8571428571428571,1603393.7904828726,7713596.198168371,1481613.2736650386,1157758.5120563004,2016994.1494254023,1481138.8364702144,-101.08359778513262,-60.2153681834326,-1.2368936488523274,52.60939015179815,-62.77620761432709,0.3550721090626894,445635.27842657233,5696602.048742969,474.4371948242188,-153.69298793693076,2.560839430894499,-1.5919657579150213,616,frame_000616.png
8000,8001,123,102,0.8292682926829268,102,1.0,102,80,0.7843137254901961,445632.53523000923,5696603.16271398,472.6900321287128,-2.7385441825026646,1.1255395011976361,-1.7446297365215742,-155.6971412991864,-7.447360716526905,-9.271883531136442,-1.7816144298759014,-9.19179048881773,-7.632573474966506,80,0.7843137254901961,554528.282687016,5773280.085102805,147940.79299554462,108893.00891282421,76678.04792832583,147466.35833367938,65.42624229375046,36.12436682287738,-78.60170642738794,-140.65823083693903,34.37993705058656,-76.962396371218,445635.27377419174,5696602.037174479,474.4346618652344,-153.9155268693105,1.7444297722908169,-1.6393100561699263,617,frame_000617.png
8000,8001,109,92,0.8440366972477065,92,1.0,92,71,0.7717391304347826,445632.4194261504,5696602.962486507,472.6803177375506,-2.846545620355755,0.9410819709300995,-1.7559310417462939,-155.8585498649758,-5.476933638166131,-8.28895763634471,-1.87373632768859,-7.632684853497921,-6.9152238430055775,71,0.7717391304347826,-4188927.9564962583,4585126.15824165,-2717812.1246690946,-4634563.222468029,-1111475.8631628864,-2718286.560917874,-46.187273072439694,-52.812749785875056,-133.3469733383969,107.79754046484754,-54.968501001206846,-131.97323954505777,445635.26597177074,5696602.021404536,474.4362487792969,-153.9848135372872,2.1557512153317897,-1.373733793339132,618,frame_000618.png
8000,8000,125,107,0.856,107,1.0,107,81,0.7570093457943925,445632.4696451944,5696603.077454399,472.7270141472949,-2.7975776304956526,1.067065198905766,-1.7063049445019942,-156.1558553446192,-6.497551662060808,-9.726089559549154,-2.2345397508493363,-8.571693762710254,-9.137514892687335,81,0.7570093457943925,137957.02472298453,5274333.934838574,994730.3327378464,-307678.2424998404,-422268.07555062603,994255.8994187546,-111.1974875413643,47.65969615002712,-63.81026979721521,42.723828052405565,45.58555404937766,-63.221695130353396,445635.2672228249,5696602.0103892,474.4333190917969,-153.92131559376986,2.0741421006494543,-0.5885746668618246,619,frame_000619.png
8000,8000,124,94,0.7580645161290323,94,1.0,94,76,0.8085106382978723,445632.54016144975,5696602.753668897,472.66207794483387,-2.7268363587209024,0.762718309648335,-1.772339779775507,-155.5151889397107,-6.126023503223154,-6.697416386093147,-1.705090573320689,-7.979834612093441,-5.7037702725207,76,0.8085106382978723,-229832.97294012236,4919151.242294162,-10527326.29460137,-675468.2399379308,-777450.7486564256,-10527800.729019094,-44.720361680439666,-25.821618633861867,130.90715174133746,109.08973668595036,-27.67542974273215,131.9007978549099,445635.2669978085,5696601.990950587,474.4344177246094,-153.81009836639,1.8538111088702833,-0.9936461135724404,620,frame_000620.png
8000,8000,104,82,0.7884615384615384,82,1.0,82,56,0.6829268292682927,445632.6797473554,5696603.283084154,472.75004735749775,-2.577501377556473,1.3217419143766165,-1.682356206955376,-155.6490990789146,-10.008592664053353,-11.181787924762533,-1.815567773122467,-10.912910385777991,-10.687965591050471,56,0.6829268292682927,441356.01826816174,5698160.162183728,226663.0609526686,-4279.2389805712155,1558.2008414883167,226188.62854910415,131.82800147857816,36.21873915078077,-50.42895830967051,-74.33846721562975,35.314421429056125,-49.935135975958474,445635.25724873296,5696601.96134224,474.4324035644531,-153.83353130579212,0.9043177217246503,-0.49382233371205203,621,frame_000621.png
8000,8000,120,101,0.8416666666666667,101,1.0,101,81,0.801980198019802,445632.57288779994,5696602.972102637,472.7535960149727,-2.6805015067220666,1.0262613231316209,-1.6672108697929389,-155.7989314948183,-8.169834580472829,-9.727728655904416,-2.091251083718703,-9.090579449768654,-9.991090441315862,81,0.801980198019802,-1472645.4556142027,5126237.196274315,-431361.8170443446,-1918280.7090035093,-570364.7495669993,-431836.2378512294,-84.1548718478644,-0.29105842020298284,-160.4817263399049,69.5528085632352,-1.2118032894987891,-160.74508812531633,445635.25338930666,5696601.945841314,474.4208068847656,-153.7076804110996,0.9207448692958142,0.26336178541143446,622,frame_000622.png
8000,8000,119,101,0.8487394957983193,101,1.0,101,79,0.7821782178217822,445632.3884403202,5696602.758152858,472.7259987342525,-2.8597326714661904,0.8220260869711637,-1.6864768516849722,-155.4422551147944,-5.442479020790286,-8.917116021982253,-1.9752116358329772,-6.866609424124647,-9.131733219878953,79,0.7821782178217822,292790.68300195184,5817951.923397254,473893.7118102262,-152844.56517103984,121349.98727048282,473419.29933464027,-18.11734735458466,2.613114873136655,-47.3612932393268,135.34969612437675,1.1889844698023069,-47.57591043722351,445635.2481729917,5696601.936126771,474.4124755859375,-153.46704347896141,1.4241304033343536,0.2146171978967078,623,frame_000623.png
8001,8000,138,120,0.8695652173913043,120,1.0,120,86,0.7166666666666667,445632.6403562748,5696603.252840506,472.78521043252107,-2.5901381807634607,1.3282009242102504,-1.622962174900806,-155.37201116407306,-10.069755537764179,-11.853115680333836,-2.1023490799734077,-10.921908355610611,-11.63312506277461,86,0.7166666666666667,1389246.2709483649,11015872.041776411,10683298.413001793,943611.0404539093,5319270.1171368295,10682824.004829185,-87.65055969922763,-19.62616662364637,167.4956600855096,65.61910238487201,-20.4783194414928,167.71565070306883,445635.23049445555,5696601.924639582,474.4081726074219,-153.26966208409965,0.8521528178464244,-0.21999061755923485,624,frame_000624.png
8000,8000,133,116,0.8721804511278195,116,1.0,116,83,0.7155172413793104,445632.6308657716,5696602.504724669,472.66906378121735,-2.584333131380845,0.5808336138725281,-1.7498510137045287,-154.45456802607558,-7.076283015931802,-5.680707972161094,-1.6296460802113586,-8.348529420048067,-5.229484531544756,83,0.7155172413793104,-1025820.1847669758,5759942.830392103,-3634.9576806741534,-1471455.3999658788,63340.90650104731,-4109.376595469075,-101.45962517740762,1.5828296896336393,-148.14791774132718,51.3652967684566,0.3105832855173958,-147.69669430071085,445635.215198903,5696601.923891055,474.4189147949219,-152.82492194586422,1.2722464041162556,-0.45122344061633174,625,frame_000625.png
8000,8000,124,104,0.8387096774193549,104,1.0,104,81,0.7788461538461539,445632.6046329452,5696602.821389,472.7281580742151,-2.5948864964884706,0.8995357183739543,-1.7001866523473836,-154.4111770179652,-8.443889791882135,-8.109574004394512,-1.4675671231938452,-9.129998684596046,-7.466248040117108,81,0.7788461538461539,129588355.46354787,-10526711.80357515,33166813.202126283,129142720.26402843,-16223313.725428432,33166338.773781557,141.92204164376645,24.795833281417814,-90.33174231122896,-65.1343484614622,24.10972438870391,-89.68841634695157,445635.1995194417,5696601.921853282,474.4283447265625,-152.94360989477136,0.6861088927139064,-0.643325964277397,626,frame_000626.png
8001,8000,113,87,0.7699115044247787,87,1.0,87,67,0.7701149425287356,445632.37741050473,5696602.7357824715,472.74510708800284,-2.8060751108569093,0.8383832890540361,-1.6688943768409104,-155.65740509156905,-6.347488986696141,-8.755777403260447,-2.034497275163943,-7.236299403452847,-9.084725095813695,67,0.7701149425287356,559639.1311707515,6260675.269526917,-704120.8260133676,114003.94768513594,564073.3721277341,-704595.2400148325,-126.59426159880427,44.817184707792435,137.45451581051339,27.02864621760085,43.92837429103574,137.12556811796014,445635.1834856156,5696601.897399182,474.41400146484375,-153.6229078164051,0.8888104167567003,0.3289476925532589,627,frame_000627.png
8000,8000,114,94,0.8245614035087719,94,1.0,94,69,0.7340425531914894,445632.3646883872,5696602.800509155,472.7607817709313,-2.818610046815593,0.9121801415458322,-1.6513581216468083,-156.03726590766092,-6.48566869107897,-9.40348790249192,-2.2448984749864564,-7.480698349916025,-9.956013633079607,69,0.7340425531914894,897041.4031886695,4494370.237262427,-14547955.881622922,451406.21989023546,-1202231.6510665864,-14548430.293762814,58.77056960211163,-32.65354591376664,134.0047371329008,-147.4370629652139,-33.648575572603676,133.45221140231308,445635.183298434,5696601.888329013,474.4121398925781,-153.79236743267447,0.9950296588370434,0.5525257305876996,628,frame_000628.png
8000,8001,117,97,0.8290598290598291,97,1.0,97,75,0.7731958762886598,445632.86604061705,5696603.608930056,472.75958497676464,-2.3111297708237544,1.7283791042864323,-1.6530126794853572,-155.694659614657,-13.965345009514005,-13.634031406488075,-2.0619928178938096,-14.601331225331734,-12.997821770286265,75,0.7731958762886598,451211.8755485994,5721389.444244945,-1499.5561916262122,5576.698378211528,24787.563693993725,-1973.9687892824622,-95.31128120214103,29.162070978975276,140.5415766746861,58.32138559462217,28.52608476315754,141.17778631088788,445635.1771703879,5696601.880550952,474.41259765625,-153.6326667967632,0.6359862158177341,-0.6362096362018159,629,frame_000629.png
8000,8001,99,84,0.8484848484848485,84,1.0,84,66,0.7857142857142857,445632.58577552915,5696602.687090413,472.7080897170987,-2.5963931448641233,0.8231253596022725,-1.7041417282138127,-155.1693166549963,-7.700781793186358,-7.905504953368374,-1.730196665971306,-9.079245364744281,-8.326926693334428,66,0.7857142857142857,-10738302.298605474,2322682.5544355344,-4436382.373978579,-11183937.480774147,-3373919.3095295187,-4436856.786210025,-89.58203741008121,-11.77044422882029,-172.12109563981636,63.85708257894379,-13.148907800378197,-172.54251737978242,445635.182168674,5696601.863965053,474.4122314453125,-153.439119989025,1.3784635715579163,0.4214217399660529,630,frame_000630.png
8000,8001,128,105,0.8203125,105,1.0,105,81,0.7714285714285715,445632.48282132705,5696602.081059265,472.57748768526494,-2.696652198501397,0.21847629640251398,-1.8400538186413655,-154.89299616806352,-5.044114713575093,-2.628993688674442,-1.4505831820846709,-5.577412161510949,-2.32510812751039,81,0.7714285714285715,501312.29406041454,5019847.803072977,-242911.93261586476,55677.11458688899,-676754.0595099917,-243386.35015736867,110.11898741025715,-58.9306668185511,-16.43789358015231,-96.43859960376403,-59.463964266486954,-16.134008018988254,445635.17947352555,5696601.862582969,474.4175415039063,-153.44241298597885,0.5332974479358603,-0.30388556116404514,631,frame_000631.png
8001,8001,136,117,0.8602941176470589,117,1.0,117,90,0.7692307692307693,445632.4655796091,5696602.628181175,472.7227182432862,-2.7124986295821145,0.7654779041185975,-1.692198748901319,-155.15567252360393,-7.134314317098909,-7.910112753673364,-1.7842900847781777,-7.657558886569177,-8.320050988232566,90,0.7692307692307693,-248221311.7906789,-344263193.5484269,3820325756.3935237,-248666946.96875712,-349959795.4111302,3820325281.9786067,116.5810990958328,52.533974474493746,-17.69421113650586,-90.04751846534145,52.01072990502348,-18.104149371065063,445635.1780782387,5696601.862703271,474.4149169921875,-153.37138243882575,0.5232445694702808,0.40993823455920886,632,frame_000632.png
8000,8001,130,110,0.8461538461538461,110,1.0,110,83,0.7545454545454545,445632.7280262483,5696603.289097816,472.7788901519211,-2.451818868285045,1.4198785768821836,-1.6292519379226746,-155.20304504216818,-11.529200611009772,-12.11388877855107,-1.8307866136123323,-12.386442691810316,-12.07629691636319,83,0.7545454545454545,244322.9684761333,6674282.308047382,752322.8689324353,-201312.21136898326,977680.4388281433,751848.4607903454,-150.69138730010044,-30.948610753596697,-108.44753745459847,2.680871128455408,-31.805852834397257,-108.4099455924106,445635.17984511657,5696601.869219239,474.40814208984375,-153.37225842855585,0.8572420808005577,-0.03759186218787627,633,frame_000633.png
8000,8001,122,106,0.8688524590163934,106,1.0,106,80,0.7547169811320755,445632.4395463077,5696602.78913465,472.72768344185874,-2.7394339296151884,0.9147393135353923,-1.6866842339225627,-155.0824067488302,-7.023244228195771,-8.690201662664737,-1.7851512425971805,-8.176062680969238,-8.16934629580635,80,0.7547169811320755,-655592.9683255474,5494173.473587651,270163.8195380485,-1101228.1473057847,-202428.40080768522,269689.40517037275,-38.05734109769377,-26.40503352980585,-109.94743540891197,115.23991440853922,-27.557851982579308,-109.42658004205357,445635.17898023734,5696601.874395336,474.4143676757813,-153.29725550623303,1.1528184527734582,-0.5208553668583981,634,frame_000634.png
8000,8000,128,110,0.859375,110,1.0,110,83,0.7545454545454545,445632.38636193454,5696602.650903286,472.6958408078237,-2.805300625564996,0.7719225035980344,-1.7208156863169393,-155.41149932294326,-5.727002349090426,-8.105107699964679,-1.6971492074002015,-7.041699926260435,-8.480528593717906,83,0.7545454545454545,144774008.34590396,129901503.9382279,-77324060.61004244,144328373.1542414,124204902.05924712,-77324535.02669893,-179.0908218302176,15.822074323551922,175.8730450299969,-25.37647171467455,14.507376746381908,175.49762413624364,445635.1916625601,5696601.878980783,474.4166564941406,-153.71435011554306,1.3146975771700151,0.3754208937532429,635,frame_000635.png
8000,8000,138,114,0.8260869565217391,114,1.0,114,89,0.7807017543859649,445632.490206629,5696602.805771845,472.70522174353545,-2.7023177817463875,0.9221661286428571,-1.7090848970895536,-155.44161434809786,-7.290200195585566,-8.194287234680669,-1.6867474936350675,-8.44574763691844,-7.4901031943518035,89,0.7807017543859649,851559.6043093079,6538458.227100507,-174376.51412880857,405924.41178489715,841856.3434947906,-174850.9284354492,176.781075687485,-12.652510695757677,-151.7470863372153,-29.464057458052253,-13.808058137090569,-151.04290229688644,445635.1925244107,5696601.883605717,474.414306640625,-153.7548668544628,1.155547441332882,-0.7041840403288748,636,frame_000636.png
8000,8001,148,119,0.8040540540540541,119,1.0,119,91,0.7647058823529411,445632.48784220865,5696602.348691065,472.5952526963613,-2.7005252956296317,0.4529334371909499,-1.8151476942637146,-155.2122947672051,-5.765407931896629,-3.9400364650714113,-1.4834766772670207,-6.5223215857434695,-2.989475182270553,91,0.7647058823529411,-1616709.9981087786,15665094.665611781,-3717281.7809604,-2062345.1864762828,9968492.769854154,-3717756.1913607907,-91.04051380434335,8.963403611038869,-172.73844787422624,62.68830428559471,8.206489957192048,-171.78788659142538,445635.1883675043,5696601.895757628,474.410400390625,-153.72881808993807,0.7569136538468284,-0.9505612828008627,637,frame_000637.png
8001,8000,142,128,0.9014084507042254,128,1.0,128,95,0.7421875,445633.0258798428,5696602.70563324,472.88549175778826,-2.060999686655123,0.7179682431742549,-1.4639650293211162,-121.95277961906537,-10.660359370347962,-7.726442467479516,-1.529473514102051,-10.59884950254471,-2.9550779294811775,95,0.7421875,3157827267.3116245,-204857956.96795887,1301608840.1763759,3157381632.224745,-210554558.95562387,1301608365.826919,-68.70840105493572,0.27060890660614606,-56.846067481632645,51.714905050027596,0.33211877440939475,-52.07470294363432,445635.08687952947,5696601.987664997,474.3494567871094,-120.42330610496333,-0.06150986780324632,-4.771364537998332,638,frame_000638.png
8001,8000,138,114,0.8260869565217391,114,1.0,114,90,0.7894736842105263,445632.8918232613,5696603.212945157,472.18220780065326,-2.0580412672716193,1.237548891454935,-2.2575505001280476,-99.05123993424384,-3.8247242475641,-2.5705701607935345,4.627242913451823,-7.517192404355541,2.678801456286749,90,0.7894736842105263,-712504.5964626549,5303707.240679963,811746.93813274,-1158139.5463271835,-392894.7347163027,811272.4983744392,-89.65708426780562,-1.7998913371841114,-176.65569172273538,14.021398579890047,-5.492359493975556,-171.4063201056551,445634.94986452855,5696601.975396265,474.4397583007813,-103.67848284769566,3.6924681567914375,-5.249371617080275,639,frame_000639.png
8001,8000,123,107,0.8699186991869918,107,1.0,107,90,0.8411214953271028,445631.3496915946,5696609.4686615635,467.6818357587776,-3.8592770835966803,7.882703648880124,-6.73579729786303,38.32326756824903,-30.261065278714316,87.15806331540628,75.87400871968,-34.130096563729325,85.25380374274437,90,0.8411214953271028,-186859140380.41974,108874603410.14574,-285303309372.5054,-186859586015.6287,108868906808.55978,-285303309846.923,91.16249638583683,65.33656989754529,-65.55108828341008,128.7132375372678,61.46753861253026,-67.45534785607201,445635.2089686782,5696601.585957915,474.4176330566406,-37.550741151430984,3.8690312850150175,1.9042595726619256,640,frame_000640.png
8000,8000,108,87,0.8055555555555556,87,1.0,87,65,0.7471264367816092,445629.8349943782,5696600.892914055,471.52336924780246,-6.366341441636905,-0.2372190672904253,-2.8810191799319114,-63.803759331983095,-35.30080433223288,-48.85175892530146,-36.90662620180197,-37.844722151485485,-52.819397781596535,65,0.7471264367816092,26416347.336633854,-24365838.62572732,22192034.870218843,25970711.135298032,-30062439.75586044,22191560.465830415,32.51294668145974,76.42613715125674,43.25650474893254,59.410079811640855,73.88221933200413,39.28886589263746,445636.20133581985,5696601.130133122,474.4043884277344,-26.897133130181125,2.543917819252602,3.96763885629508,641,frame_000641.png
8002,8001,103,86,0.8349514563106796,86,1.0,86,74,0.8604651162790697,445635.0787459895,5696597.909201177,468.9979500706973,-1.3914323932258412,-3.1136345509439707,-5.409093386334007,-27.279964992212125,12.034469455306798,-52.12442056680244,-0.06178751730359977,10.893599807588032,-55.805833505554276,74,0.8604651162790697,-220944521.14608538,149039656.64304894,-75994241.57726401,-221390157.61626378,143343055.6202132,-75994715.98430747,-178.18957286676823,-15.584602298999297,96.43014568354668,-150.9713953918597,-16.725471946718073,92.74873274479484,445636.4701783827,5696601.022835728,474.4070434570313,-27.218177474908533,1.1408696477187785,3.681412938751837,642,frame_000642.png
8001,8000,106,84,0.7924528301886793,84,1.0,84,76,0.9047619047619048,444875.3954209413,5697257.479230963,1335.3985026631278,-761.5970988050103,656.6921657687053,860.9936564717216,-99.21129248829634,14.399976657073472,126.47233128607685,-72.36375913315158,13.850573796940694,123.91679278998208,76,0.9047619047619048,-3782877344.097118,-9090752689.47867,8786309404.177525,-3783322981.0896378,-9096449290.265736,8786308929.772678,-154.24438032914335,-49.4701593265484,-81.34716889027115,-127.39684697399858,-50.019562186681156,-83.90270738636595,445636.9925197463,5696600.787065194,474.4048461914063,-26.84753335514477,0.5494028601327685,2.5555384960947993,643,frame_000643.png
8000,8000,81,63,0.7777777777777778,63,1.0,63,49,0.7777777777777778,273280.4314589105,5931885.623812405,-771506.4890177792,-172357.2658739164,235285.1824319074,-771980.8943827695,90.61865143531502,13.245612201953495,166.78333438141888,117.20103386993799,11.403565609222198,163.4238931795024,49,0.7777777777777778,19871079.693523455,-21932220.821594764,21262211.05049114,19425441.99619063,-27628821.26297526,21261736.64512615,-161.68738540233468,64.10569615106068,144.52044285796725,-135.10500296771167,62.26364955832938,141.16100165605076,445637.6973328269,5696600.441380498,474.4053649902344,-26.582382434623003,1.8420465927312983,3.3594412019164963,644,frame_000644.png
8000,8000,82,67,0.8170731707317073,67,1.0,67,41,0.6119402985074627,445687.68046660034,5696797.169143084,492.1617375242332,49.31343850813573,197.07607592642307,17.77727707501441,106.66840923575909,-61.65909501561428,-139.693002631494,133.02546932191603,-63.48558006315962,-142.109870975219,41,0.6119402985074627,-1252543166.555704,-1326907984.6996071,689355231.753574,-1252988804.922732,-1332604584.7926743,689354757.3691136,-72.09410942901353,70.11534339420471,64.6348028524228,-45.73704934285658,68.28885834665937,62.217934508697795,445638.3670280922,5696600.093067158,474.3844604492188,-26.357060086156945,1.826485047545337,2.4168683437249836,645,frame_000645.png
8000,8000,80,65,0.8125,65,1.0,65,37,0.5692307692307692,-190579038.40118232,1361746174.569361,957374135.547464,-191024677.22131932,1356049574.719696,957373661.1548249,-110.54651972963082,-15.01012819285362,143.78203366810317,-83.68338493258442,-15.916451056444544,140.29792016075885,37,0.5692307692307692,12728158.633343816,45671600.89240665,-55800756.32597165,12282519.813206822,39975001.04274179,-55801230.71861081,-102.95304050330512,-19.317098262793664,-155.10928988233255,-76.08990570625872,-20.223421126384608,-158.59340338967687,445638.82013699395,5696599.849664861,474.39263916015625,-26.863134797046396,0.9063228635909377,3.4841135073443192,646,frame_000646.png
8000,8000,80,70,0.875,70,1.0,70,46,0.6571428571428571,445636.5931117771,5696598.874629469,472.5022594746815,-2.6997455712407827,-0.7493024552240968,-1.877989548755977,-41.67592615662288,-15.299931610944569,-20.093313459398875,-14.755479950797906,-15.812240124939109,-23.281842356964802,46,0.6571428571428571,94068.7599615457,5141963.437464444,-282846.1245926994,-351570.53289580264,-554636.1864674799,-283320.50484172284,89.1590058461998,-20.200377476301163,108.04509654409227,116.07945205202475,-20.71268599029571,104.85656764652634,445639.29285734834,5696599.623931924,474.3802490234375,-26.92044620582496,0.512308513994536,3.1885288975659365,647,frame_000647.png
8000,8001,82,66,0.8048780487804879,66,1.0,66,37,0.5606060606060606,445633.93064351694,5696603.412598632,472.21577981964174,-5.595678941754159,3.9104228671640158,-2.173716029967636,-24.294447576806014,-59.61074548861109,4.4843318780473265,2.677278744870023,-60.15177675990921,1.2016188732811202,37,0.5606060606060606,374538.5697396063,7133571.543774676,1317905.0944816305,-71100.9565828524,1436972.0415989105,1317430.7049857809,-119.49349885983888,69.4048360344127,-110.0721466812936,-92.52177253816284,68.86380476311456,-113.35485968605981,445639.5263224587,5696599.502175765,474.3894958496094,-26.971726321676044,0.5410312712981321,3.2827130047662116,648,frame_000648.png
8000,8000,62,48,0.7741935483870968,48,1.0,48,28,0.5833333333333334,445377.54364812816,5697081.4643463995,626.829984365809,-262.22187534632394,482.0676351720467,152.44827049862147,-43.00108184655154,-10.425677428721436,-151.14858578160542,-16.067694114614994,-10.857435607435946,-154.77738348634205,28,0.5833333333333334,2513027.0057888683,11488253.636654597,-4417352.7156169675,2067387.2402653939,5791654.239943369,-4417827.097330835,-101.60878078105613,-0.9715316480689123,-158.86127583694216,-74.67539304911958,-1.4032898267834355,-162.49007354167878,445639.7655234745,5696599.3967112275,474.3817138671875,-26.933387731936556,0.4317581787145216,3.62879770473664,649,frame_000649.png
8000,8000,66,54,0.8181818181818182,54,1.0,54,34,0.6296296296296297,445631.8060498014,5696602.452859302,459.53913143763555,-8.191429666709155,3.1668376671150327,-14.849662507676953,-171.43659847995593,-4.577873528966659,-165.6408435942386,-144.6128661452251,-5.283756540244298,-169.44039703800087,34,0.6296296296296297,11740800.728844734,17529944.597360827,-13899410.581789333,11295160.731365265,11833345.311339192,-13899884.970583279,-164.23518358908441,-25.80020920150956,-126.1735968367684,-137.41145125435358,-26.506092212787195,-129.9731502805307,445639.9974794681,5696599.286021635,474.3887939453125,-26.823732334730845,0.705883011277641,3.7995534437622864,650,frame_000650.png
8000,8000,63,47,0.746031746031746,47,1.0,47,30,0.6382978723404256,445607.4912958694,5696617.888151692,517.5329012328855,-32.96237926790491,18.82867396902293,43.14129967038548,-62.52701882055576,-63.973134853576354,-21.512218610041348,-36.03579630205786,-64.17305838294773,-24.96443041898823,30,0.6382978723404256,9430040.915599855,-9356007.593429752,36486379.61527893,8984400.461924717,-15052606.652907476,36485905.22367737,158.38341476503632,34.75540986308643,61.48351835187775,-175.12536271646582,34.55548633371504,58.03130654293088,445640.4536751373,5696599.059477723,474.3916015625,-26.49122251849789,0.1999235293713817,3.4522118089468807,651,frame_000651.png
8000,8001,55,40,0.7272727272727273,40,1.0,40,27,0.675,445631.0178576945,5696226.412334142,-864.2928686916121,-9.868013796338346,-372.4419436426833,-1338.6907568752058,-81.92079966124483,16.777317018147084,-177.27053202278785,-55.21748667415646,14.943025488120867,178.57581684613274,27,0.675,2239790.85254003,3839734.1033135476,97161.03775419702,1794149.9666685392,-1856864.7509642374,96686.63986601343,148.96100909820416,-23.27976509870642,35.05333388283131,175.6643220852925,-25.11405662873264,30.899682751751925,445640.8858714908,5696598.854277785,474.39788818359375,-26.70331298708837,1.834291530026222,4.1536511310794,652,frame_000652.png
8000,8001,60,42,0.7,42,1.0,42,25,0.5952380952380952,450007.967711471,5697599.5389807075,4166.2938361134375,4366.86882614909,1000.7853380907327,3691.9007697071875,48.60094601438681,22.3617090518313,-26.870403902259547,75.64375228760952,21.24889380850462,-31.256678829084137,25,0.5952380952380952,8491233.128860978,-3335983.8465104382,8274602.269285208,8045592.029975656,-9032582.600153055,8274127.876218801,168.18540066206816,34.64745025217187,72.75395767953083,-164.77179306470913,33.534635008845214,68.36768275270623,445641.09888532193,5696598.753642617,474.39306640625,-27.042806273222716,1.112815243326673,4.386274926824587,653,frame_000653.png
8001,8001,66,50,0.7575757575757576,50,1.0,50,35,0.7,455118.25725966983,5690330.219627176,-7995.635230834276,9476.514854773472,-6268.231494904496,-8470.024207885057,-53.95568525117338,-22.52606487548259,163.61585588226058,-26.840061178229888,-24.406197452406587,159.03141800984133,35,0.7,512340.3454057057,4956395.688589071,229515.83670561464,66698.60300080932,-740202.76253301,229041.44772856386,121.35248974577578,-11.324018504596035,80.32238655240532,148.4681138187193,-13.204151081520024,75.73794867998609,445641.74240489636,5696598.451122081,474.3889770507813,-27.11562407294349,1.880132576924002,4.584437872419224,654,frame_000654.png
8000,8000,66,49,0.7424242424242424,49,1.0,49,40,0.8163265306122449,445326.53560043586,5696629.640181769,264.160029002949,-315.4260607098113,31.29185028653592,-210.22955839939476,-105.02724181043695,39.21006434528266,-109.79375676411381,-77.91289081594688,37.95565867411719,-114.68502760816381,40,0.8163265306122449,687110.8423626904,41991559.48879666,-21733112.33382389,241468.8807015447,36294961.14046518,-21733586.72341129,-90.28717897139374,-1.2285875861285733,172.30280479124417,-63.172827976903676,-2.482993257294055,167.41153394719413,445641.9616611457,5696598.348331482,474.38958740234375,-27.114350994490064,1.254405671165473,4.89127084405,655,frame_000655.png
8001,8000,57,47,0.8245614035087719,47,1.0,47,35,0.7446808510638298,539731.4771926999,5871311.749634586,-927712.7919980772,94089.29031464423,174713.50160659757,-928187.1750242002,23.65743792649296,17.31941944794101,174.88861795104205,50.786880241200095,16.28020879687449,170.37685459535084,35,0.7446808510638298,-94388248.55811009,5455162.337543944,43817207.82690112,-94833890.74498814,-241435.9104840448,43816733.443875,-3.5346365290237487,54.707396814585195,175.47526230451106,23.594805785683377,53.66818616351867,170.96349894881985,445642.1868780557,5696598.248027989,474.3830261230469,-27.129442314707116,1.0392106510665202,4.511763355691201,656,frame_000656.png
8000,8001,77,59,0.7662337662337663,59,1.0,59,41,0.6949152542372882,443494.89655716374,5693251.957689968,4437.146357508587,-2147.729188984318,-3346.0725929429755,3962.7628736218685,-74.17548811420609,0.634249187298568,-35.54506635906044,-46.99084517335362,-0.6274579441783317,-39.95651847202981,41,0.6949152542372882,5651061.88858019,22915189.013446264,7872351.6164834425,5205419.262834042,17218590.983163353,7871877.232999556,-113.77650891728625,-5.963705653637579,0.7989567670028689,-86.59186597643378,-7.225412785114486,-3.6124953459664937,445642.62574614806,5696598.030282911,474.3834838867188,-27.184642940852463,1.2617071314768948,4.411452112969373,657,frame_000657.png
8000,8000,60,48,0.8,48,1.0,48,35,0.7291666666666666,445530.0427350451,5696594.924463418,566.4071209395906,-112.7995243294863,-2.998660694807768,92.02961849818433,-90.15235646389624,-38.247523031516664,-53.9813457276798,-63.01214186219468,-39.170267655831736,-58.88882448414114,35,0.7291666666666666,364442.006058568,5451825.811525275,156793.53140736534,-81200.83620080655,-244772.11159883812,156319.15390492394,91.45285340019078,8.097848370069428,29.95284115016138,118.59306800189233,7.17510374575437,25.04536239370003,445642.84225937456,5696597.923124113,474.3775024414063,-27.14021460170156,0.9227446243150702,4.9074787564613445,658,frame_000658.png
8001,8002,62,49,0.7903225806451613,49,1.0,49,43,0.8775510204081632,487527.141048991,5716913.454925765,-55349.132549286296,41883.00615002983,20316.15457168501,-55823.52430343669,27.709812028738853,-8.953509151406422,-178.2505704092334,54.518456507133976,-9.8589884090255,176.16781857759548,43,0.8775510204081632,422213.6659698059,5553669.194356939,61891.0388217907,-23430.468929155264,-142928.10599714145,61416.64706764031,112.77266799114572,27.024187560077984,89.45433539494755,139.58131246954088,26.118708302458913,83.87272438177644,445644.1348989612,5696597.30035408,474.3917541503906,-26.80864447839512,0.9054792576190859,5.581611013171119,659,frame_000659.png
8000,8000,68,55,0.8088235294117647,55,1.0,55,48,0.8727272727272727,445569.12097662344,5696165.548488377,694.5216895698878,-75.2280235645012,-431.6325091505423,220.11217418902845,-107.00110562070081,-59.855237680964414,169.1922273041254,-80.49545388178257,-60.48544350755513,164.7062905851741,48,0.8727272727272727,585535.623543124,5352017.284078499,23246.97575562472,139891.274542936,-344579.8969190279,22772.56624024386,127.7471115947991,28.625925988586836,144.56294481069926,154.25276333371733,27.995720161996104,140.07700809174798,445644.34900018794,5696597.180997527,474.4095153808594,-26.505651738918246,0.6302058265907203,4.485936718951318,660,frame_000660.png
8000,8001,71,57,0.8028169014084507,57,1.0,57,46,0.8070175438596491,445141.12920606614,5696436.155869274,-827.3733371336898,-503.65131146571366,-160.78957956377417,-1301.7902682860336,-93.72489443029471,28.033761587272547,-154.39558041851512,-66.94745997385719,27.24878026646269,-159.24475589994705,46,0.8070175438596491,-341058.86442111636,-17577813.0136481,6791703.950842029,-786703.6449386482,-23274409.95909694,6791229.533910877,98.2300750734625,-11.136742995415602,18.428215748477083,125.0075095299,-11.921724316225465,13.579040267045173,445644.78051753185,5696596.945448838,474.41693115234375,-26.77743445643752,0.7849813208098636,4.849175481431916,661,frame_000661.png
8001,8000,59,49,0.8305084745762712,49,1.0,49,36,0.7346938775510204,432218.8342727551,5693129.634203526,34751.36326161715,-13426.162480854196,-3467.18788897153,34276.940379537074,-87.72202387229807,-33.92802051109774,-25.169785323570775,-60.906676123418066,-34.39673818368965,-29.895019389105585,36,0.7346938775510204,-402661890.2559094,2398258460.149709,-837537293.3431237,-403107535.252663,2392561863.3276167,-837537767.7660058,-83.95451457001477,9.948014968114649,-177.50175660266586,-57.139166821134765,9.479297295522741,177.77300933179936,445644.9967536093,5696596.822092498,474.4228820800781,-26.81534774888,0.468717672591915,4.725234065534802,662,frame_000662.png
8001,8000,57,41,0.7192982456140351,41,1.0,41,28,0.6829268292682927,445640.12260431173,5696598.553047033,473.03980339471593,-5.100162969552912,1.8515892662107944,-1.379111400205943,-39.59600018343875,-44.38858859050735,-15.795984512241398,-12.485935004227514,-44.9190569496551,-20.566765997003102,28,0.6829268292682927,13366257.315045873,12787036.578733109,11106642.893537961,12920612.092278592,7090439.877275342,11106168.474623166,-177.07634399457342,61.21981250316776,-133.9875441857415,-149.9662788153622,60.68934414402,-138.7583256705032,445645.2227672813,5696596.701457767,474.4189147949219,-27.110065179211226,0.5304683591477604,4.7707814847617085,663,frame_000663.png
8001,8000,49,34,0.6938775510204082,34,1.0,34,23,0.6764705882352942,445665.4216600599,5696529.014457339,679.6701840421449,19.97387969092233,-67.56552686914802,205.25535860269179,-131.03542318230325,-50.077052385692184,39.66642049651057,-103.92327885881309,-50.09610123899682,35.51820295982114,23,0.6764705882352942,-29920.349211290188,6479664.284482982,102634.01404552053,-475565.79699165915,783067.7044987734,102159.59922008107,-87.8409284765092,0.31569820625983364,-88.52425334114974,-60.72878415301905,0.2966493529551997,-92.67247087783917,445645.44778036897,5696596.579984209,474.4148254394531,-27.112144323490156,0.019048853304635963,4.148217536689434,664,frame_000664.png
8001,8001,50,27,0.54,27,1.0,27,15,0.5555555555555556,445643.3938170159,5696576.5964529505,530.8377949090243,-2.916775548364967,-19.50580011960119,56.45421946957117,-70.12899473451893,-18.546765347895963,-3.0729301877255923,-43.1683767874685,-19.28785283426805,-7.21767872954527,15,0.5555555555555556,-6479179.680117525,-7936954.5908183325,2671849.2528808266,-6924825.990710089,-13633550.693071403,2671374.869305387,34.10193719199773,19.856537838864327,-115.90527174541683,61.062555139048186,19.115450352492218,-120.0500202872365,445646.3105925643,5696596.10225307,474.3835754394531,-26.96061794705044,0.7410874863721028,4.144748541819686,665,frame_000665.png
8000,8000,54,38,0.7037037037037037,38,1.0,38,24,0.631578947368421,445632.1352536404,5696634.536696182,423.5874328995969,-14.354236536950339,38.54974258784205,-50.80325313555937,126.00431122346124,18.61545313532224,-150.41514380843563,152.98627030384193,16.212898778253475,-153.44628311644837,24,0.631578947368421,-4607942793.709186,75436769.65688547,-428666343.46488273,-4608388440.198676,69740173.66993189,-428666817.85556877,-40.49883505656357,-46.45135647418022,-104.54891741303558,-13.51687597618286,-48.85391083124898,-107.58005672104832,445646.48949017737,5696595.986953594,474.39068603515625,-26.981959080380726,2.4025543570687624,3.031139308012737,666,frame_000666.png
8001,8000,67,51,0.7611940298507462,51,1.0,51,35,0.6862745098039216,445474.2125606926,5696596.313938721,622.5524581463993,-173.5578559859423,1.1085533890873194,148.1406844647587,-107.77824268569432,-16.762585243262215,-52.404937759138775,-80.59207157486512,-19.61430420483282,-55.62033727638516,35,0.6862745098039216,-766805.6136834668,8401815.805792697,4102068.8122074315,-1212453.3841001454,2705220.600407365,4101594.40043375,-97.26369289937948,31.056949090555555,136.80778126932725,-70.07752178855029,28.205230128984937,133.59238175208088,445647.77041667857,5696595.205385332,474.4117736816406,-27.1861711108292,2.8517189615706164,3.2153995172463725,667,frame_000667.png
8000,8002,78,63,0.8076923076923077,63,1.0,63,48,0.7619047619047619,445642.75538629695,5696578.305430656,431.22829082919225,-5.652155610732734,-16.544104824773967,-43.18790790127656,-10.491583689559148,29.135858066624476,-155.2304833393111,16.77776791530104,26.674674001634315,-159.34163231955418,48,0.7619047619047619,432791.5596618115,5017712.298240997,-771845.9474984527,-12856.847880096175,-678882.5512944842,-772320.3636971832,-82.8824244271091,-71.18332199983749,-105.18694524805083,-55.61307282224891,-73.64450606482765,-109.29809422829392,445648.4075419077,5696594.849535481,474.4161987304688,-27.269351604860198,2.461184064990166,4.1111489802430885,668,frame_000668.png
8000,8001,67,58,0.8656716417910447,58,1.0,58,39,0.6724137931034483,445651.0335295984,5696591.392155418,467.3001669622518,2.184369537048042,-3.2186944726854563,-7.120212676420067,3.3575940176131667,30.229940030323366,-56.83847265279639,30.67736307442763,28.27007068207044,-60.13293525373646,39,0.6724137931034483,78742593.05174448,56528206.26681942,26340902.01836176,78296944.20258442,50831611.65596953,26340427.59798212,-87.5320086332912,4.31366945662957,146.10554194949393,-60.21223957647675,2.353800108376646,142.81107934855385,445648.84916006133,5696594.610849891,474.4203796386719,-27.319769056814454,1.95986934825293,3.294462600940072,669,frame_000669.png
8000,8000,72,64,0.8888888888888888,64,1.0,64,44,0.6875,525905.5949950123,5505638.211506992,-1486179.693551785,80256.5217015128,-190956.2757541649,-1486654.1099031034,166.87862756806095,-21.974321328689776,-11.355172421099383,-165.7589428115224,-24.045585149313467,-14.22494051062111,44,0.6875,270078242.5647808,-4141511.717247878,232231277.67599952,269632593.49148726,-9838106.204509035,232230803.2596482,-92.00933929946656,5.016886595794904,170.05924909299011,-64.64690967904991,2.945622775171188,167.18948100346836,445649.0732934995,5696594.487261157,474.4163513183594,-27.36242962041665,2.071263820623706,2.8697680895217257,670,frame_000670.png
8001,8000,93,73,0.7849462365591398,73,1.0,73,51,0.6986301369863014,396385.0559793578,5722274.776475033,55231.95007061718,-49264.46027149452,25680.54243352171,54757.52535748242,-77.21275872534851,3.124209229697366,135.59901779211629,-49.4763814351505,1.851538039034665,133.00751282558093,51,0.6986301369863014,-44027270.671461046,35726969.973375104,35614592.50894765,-44472920.187711895,30030375.739333592,35614118.08423451,-63.15421088338949,72.04390414087882,-100.76376324685837,-35.41783359319146,70.77123295021613,-103.35526821339373,445649.5162508523,5696594.234041511,474.4247131347656,-27.736377290198014,1.2726711906626982,2.5915049665353487,671,frame_000671.png
8001,8000,95,87,0.9157894736842105,87,1.0,87,58,0.6666666666666666,424530.6999473225,5700150.521397217,31084.550105119306,-21119.258821817406,3556.554553045891,30610.12655165251,-85.72053307818456,29.765163085131338,133.44759960406444,-57.90389315826934,28.9297206130625,130.6798527494829,58,0.6666666666666666,762763.4364209434,6142214.625480683,-152970.25996467404,317113.47765180346,445620.6586365113,-153444.68351814084,-94.9580114698672,-4.819054631414698,134.36765183474927,-67.141371549952,-5.65449710348355,131.5999049801677,445649.9587691399,5696593.966844171,474.4235534667969,-27.81663991991521,0.8354424720688388,2.7677468545815187,672,frame_000672.png
8000,8000,102,73,0.7156862745098039,73,1.0,73,51,0.6986301369863014,447471.8673307785,5698503.149336571,-48266.649276228185,1821.6939742707764,1909.317799616605,-48741.07755991959,89.75494783829159,-34.202626122378014,-2.282425700763943,117.36612463305357,-35.87090276310494,-3.9280658753417583,51,0.6986301369863014,3477967.6245932947,2550357.078635311,757508.6361020659,3032317.451236787,-3146236.752901643,757034.2078183745,-22.54290033895685,39.2760383121711,99.0219396022115,5.068276455805176,37.607761671444166,97.37629942763368,445650.17335650773,5696593.831536954,474.4282836914063,-27.611176794762017,1.668276640726927,1.6456401745778233,673,frame_000673.png
8000,8000,68,56,0.8235294117647058,56,1.0,56,38,0.6785714285714286,445864.8462179546,5696979.651618043,-666.7252192272954,214.25097579334397,386.0749581567943,-1141.1560969128423,99.96341293729884,-51.09673005519954,11.024022889801074,127.61373450517186,-52.54492360457513,9.448137627394516,38,0.6785714285714286,456459.31383975316,5621515.103624015,81462.04421352621,10808.718597591913,-75078.47303587105,80987.61333584067,-109.85749825867103,19.41397929826714,141.97045485250365,-82.20717669079801,17.965785748891534,140.3945695900971,445650.59524216125,5696593.576659886,474.4308776855469,-27.650321567873018,1.4481935493756004,1.5758852624065605,674,frame_000674.png
8000,8000,74,53,0.7162162162162162,53,1.0,53,29,0.5471698113207547,445571.418787314,5696402.974129106,9.871206140192385,-79.79944746627007,-190.2257335325703,-464.55939688715137,-94.51407164775196,8.441494453772055,-173.6109008958303,-66.78296778841295,6.726460074259023,-175.29150416647875,29,0.5471698113207547,710819.7608215704,6421556.696623199,-388607.5869955682,265168.54258679016,724963.4967605602,-389082.0175985955,-5.771199943635193,15.918092225819919,-124.90729083113618,21.95990391570382,14.203057846306876,-126.58789410178463,445651.21823478024,5696593.1998626385,474.43060302734375,-27.731103859339008,1.7150343795130323,1.6806032706484426,675,frame_000675.png
8000,8000,74,62,0.8378378378378378,62,1.0,62,31,0.5,452048.7628796183,5677995.765457553,14191.909764464272,6397.333624650608,-18597.319569538347,13717.48904913224,-175.1086740064422,28.223131190721972,-112.35077480666286,-147.44676852176636,26.627934053632828,-114.14086928860632,31,0.5,-79563267763.17696,-165515892144.4478,-135520538954.20998,-79563713414.60622,-165521588737.53284,-135520539428.63069,-137.7147036078144,-21.551918265239873,164.6045218026789,-110.05279812313859,-23.147115402329007,162.81442732073543,445651.4292549677,5696593.085027091,474.4207153320313,-27.66190548467582,1.595197137089143,1.7900944819434736,676,frame_000676.png
8000,8000,86,67,0.7790697674418605,67,1.0,67,39,0.582089552238806,445653.48430594616,5696590.929159696,464.9649174504754,1.8419861591537483,-2.0397863145917654,-9.450976104212089,17.00280340267337,24.87785286777556,-78.46971852401923,44.56998827834698,23.017745128787084,-80.44653860127264,39,0.582089552238806,29393.425344972697,5627410.181664748,358175.7546699517,-416258.2169748143,-69182.78728126269,357701.338776397,-136.07570702258732,24.839787718126882,94.5790527995421,-108.5085221469137,22.97967997913841,92.6022327222887,445651.642319787,5696592.968946011,474.4158935546875,-27.56718487567362,1.8601077389884644,1.9768200772534117,677,frame_000677.png
8001,8000,96,83,0.8645833333333334,83,1.0,83,57,0.6867469879518072,445652.45337674284,5696593.312256633,472.49063717601945,-0.05991837807232514,0.815836007706821,-1.9125305485899275,-28.154384280504644,-8.54597810081096,2.233089977345896,-0.8040828783297229,-9.502704333162995,0.317818614303377,57,0.6867469879518072,-373460791.623543,153860150.82086965,85731621.33772708,-373906444.13683814,148163558.32444903,85731146.93455936,-63.44546877296015,32.232240238366686,-63.899201920839744,-36.09516737078525,31.275514006014646,-65.81447328388225,445652.5132951209,5696592.496420626,474.4031677246094,-27.350301402174917,0.9567262323520405,1.9152713630425136,678,frame_000678.png
8000,8000,103,93,0.9029126213592233,93,1.0,93,65,0.6989247311827957,445653.58992004493,5696595.730143159,472.1708740601275,0.3977212338359095,3.5644248658791184,-2.22725826409129,-18.98310372288696,-12.570225112712547,22.017335385073913,8.135147817813106,-13.023937709503798,19.957743586767577,65,0.6989247311827957,-2320141.8735352904,5974018.523911902,1978675.8695932466,-2765795.0657341015,277426.35819360893,1978201.4714609224,84.27134538600885,79.96563275460946,135.7634276915613,111.38959692670892,79.51192015781822,133.70383589325496,445653.1921988111,5696592.165718293,474.3981323242188,-27.118251540700072,0.4537125967912401,2.059591798306345,679,frame_000679.png
8001,8000,113,102,0.9026548672566371,102,1.0,102,77,0.7549019607843137,445696.671161457,5696591.473909395,696.017160873528,43.257925501675345,-0.5832976140081882,221.62012718212173,-51.788569029674846,-21.60470523886587,14.996365624836995,-24.578945196311963,-22.348936274962,12.848129653278562,77,0.7549019607843137,4928044.171064948,66944008.577636905,-41006099.57874467,4482390.757828993,61247416.520429894,-41006573.97577836,-103.25131001896995,-5.390640793535549,-173.0208827456391,-76.04168618560706,-6.134871829631663,-175.16911871719753,445653.41323595535,5696592.057207009,474.3970336914063,-27.209623833362876,0.7442310360961223,2.1482359715584205,680,frame_000680.png
8000,8000,107,94,0.8785046728971962,94,1.0,94,74,0.7872340425531915,445649.80710903776,5696594.250360936,472.7963441150366,-4.035892868181691,2.405787717550993,-1.601116822463382,-32.42233318301106,-39.94143829227871,-3.018370126019204,-4.86293205651549,-40.87886541479588,-5.3628721918685756,74,0.7872340425531915,6569220.0441880515,5394592.557408341,-4450998.554802152,6123566.201186146,-301999.28716487717,-4451472.95226309,-145.35070681205792,-39.812759082196024,87.45163211192065,-117.79130568556235,-40.750186204713174,85.10713004607123,445653.84300190595,5696591.844573218,474.3974609375,-27.55940112649557,0.9374271225171533,2.3445020658493863,681,frame_000681.png
8000,8000,116,102,0.8793103448275862,102,1.0,102,67,0.6568627450980392,445666.25780124246,5696634.104194944,485.4984347147139,11.994315053045284,42.477375763468444,11.10097377721388,8.395849443444542,-10.453431187482204,69.6691550606782,35.92015787810999,-11.436303229015465,67.7602599465173,67,0.6568627450980392,993793.2557822887,5362223.3607697,911208.0410970281,548138.9922960993,-334368.26604948007,910733.6436360906,113.08598735164868,13.027563122104855,23.77614189266324,140.61029578631417,12.044691080571596,21.867246778502363,445654.2634861894,5696591.62681918,474.3974609375,-27.524308434665446,0.9828720415332634,1.908895114160892,682,frame_000682.png
8000,8000,122,107,0.8770491803278688,107,1.0,107,81,0.7570093457943925,445647.122659618,5696593.042357185,470.81651038074216,-7.542022843495943,1.6315434444695711,-3.5804927930859662,-73.4969244604924,-47.154272563242806,-43.64123345162051,-46.05257568151748,-49.23098486481376,-44.897298791386305,81,0.7570093457943925,1050743.0355606023,6281107.800659152,188948.84378037593,605088.3708781409,584516.3898454113,188474.4467772021,70.17055981500216,5.299126824921772,103.91800113148814,97.61490859397708,3.2224145233508352,102.66193579172233,445654.6646824615,5696591.41081374,474.3970031738281,-27.44434877897491,2.0767123015709505,1.256065339765796,683,frame_000683.png
8001,8001,130,114,0.8769230769230769,114,1.0,114,87,0.7631578947368421,445647.0887517817,5696597.926819551,431.43091838264695,-7.765460585826077,6.628085863776505,-42.983937574384356,-49.11120211118626,40.81739019975665,-172.4411657723476,-21.661268532264017,38.2800111847755,-173.51888057561192,87,0.7631578947368421,1981850.1552403285,2367624.889110047,2949625.4970636005,1536195.301027961,-3328966.40962364,2949151.0822076434,-98.86366685718251,-11.529105660351272,-179.213518970708,-71.41373327826025,-14.066484675332447,179.7087662260277,445654.8542123675,5696591.298733687,474.4148559570313,-27.449933578922252,2.5373790149811617,1.0777148032643247,684,frame_000684.png
8000,8000,150,129,0.86,129,1.0,129,95,0.7364341085271318,445653.4134632456,5696592.016496225,472.84202051137504,-1.8240694322739728,0.9288432691246271,-1.5607199671405851,-31.404002985252276,-19.14991311345761,-3.06497429690342,-3.6462843145762065,-21.876859003933845,-4.674419670696153,95,0.7364341085271318,104054142.72145255,-365690613.2519618,215548060.07858968,103608487.48391987,-371387204.3396148,215547585.6758492,-70.4974128231,2.3767042985687192,151.28806273699894,-42.73969415242394,-0.350241591907519,149.67861736320617,445655.2375326779,5696591.087652956,474.4027404785156,-27.757718670676077,2.726945890476236,1.6094453737927246,685,frame_000685.png
8000,8002,138,115,0.8333333333333334,115,1.0,115,89,0.7739130434782608,445649.9532683832,5696592.816190398,472.4245510484163,-5.480727096321061,1.8277111798524857,-1.9697055433805986,-41.71679623524148,-44.1458541689404,-15.917534366272236,-13.813962953890211,-47.057720681613574,-17.70726409897398,89,0.7739130434782608,2527388.4888974936,5171711.0762872,204849.94582109238,2081733.054902014,-524879.9121920187,204375.55156450058,-49.509044823235044,-33.168640227818656,-101.63493813121497,-21.606211541883766,-36.08050674049184,-103.42466786391671,445655.43399547954,5696590.988479218,474.3942565917969,-27.90283328135128,2.9118665126731695,1.7897297327017405,686,frame_000686.png
8001,8000,148,126,0.8513513513513513,126,1.0,126,74,0.5873015873015873,445655.2457620489,5696589.888311588,471.9870666765177,-0.5756394034833647,-0.8763075536116958,-2.4093566633260366,-33.81642044944357,-7.646383591381604,-9.083120441292582,-5.948817681336408,-4.464134359055578,-9.422385099845258,74,0.5873015873015873,46183981.49238815,24771377.64650867,-4516852.245443055,45738325.6709867,19074786.88188953,-4517326.641866395,-128.9324021435429,-16.210412428158634,58.957450976367795,-101.06479937543575,-13.028163195832605,58.618186317815116,445655.82140145235,5696590.764619142,474.39642333984375,-27.86760276810715,-3.18224923232603,0.3392646585526854,687,frame_000687.png
8001,8001,147,132,0.8979591836734694,132,1.0,132,69,0.5227272727272727,445671.8717873218,5696594.879621927,513.8802302442363,15.699671054491773,4.299599192105234,39.529125507908134,-28.303746706756762,-18.734581383914826,17.88962941486834,-0.6113396526605754,-12.493375023894856,16.181723839433232,69,0.5227272727272727,485580.30829859216,5761152.772599797,591609.1840914682,39924.136182324844,64562.192577062175,591134.8329867319,135.5407700261886,62.953420489861124,-22.913076359454298,163.2331770802848,69.1946268498811,-24.620981934889386,445656.1721162673,5696590.580022735,474.3511047363281,-27.69240705409618,-6.241206360019977,1.7079055754350954,688,frame_000688.png
8000,8000,147,128,0.8707482993197279,128,1.0,128,70,0.546875,445633.8573982485,5696659.493312474,666.4283440811226,-22.429619977076072,68.96582408808172,192.07177669831015,-15.571392172303542,-44.16808862574455,23.540694267167503,12.195631542973729,-40.142403262707376,24.04658590187711,70,0.546875,-613966.3820048093,4768674.936465828,1380651.5768062635,-1059622.6690230349,-927915.5910225585,1380177.2202388807,62.691118941232475,72.8547870983278,134.95114166933269,90.45814265650972,76.880472461365,135.45703330404228,445656.2870182256,5696590.527488386,474.3565673828125,-27.767023715277276,-4.025685363037168,-0.5058916347096031,689,frame_000689.png
8000,8000,143,126,0.8811188811188811,126,1.0,126,73,0.5793650793650794,445576.8722321725,5696685.28887905,699.9422519297973,-79.49804837058764,94.7705491296947,225.57973361925042,-10.809924101687423,-56.001822516844705,23.476409325001644,16.81401780489631,-52.76644205081104,20.922784415616746,73,0.5793650793650794,-48887281732.725945,-524105248107.21466,287415722465.072,-48887727389.09622,-524110944697.733,287415721990.7095,-33.741339951935416,-17.298369443132678,-63.19341093201071,-6.117398045351706,-14.062988977098996,-65.7470358413956,445656.3702805431,5696590.51832992,474.3625183105469,-27.623941906583717,-3.23538046603367,2.5536249093848915,690,frame_000690.png
8000,8000,127,117,0.9212598425196851,117,1.0,117,67,0.5726495726495726,445961.4938863825,5696359.368444593,1858.6162009339566,305.06167256622575,-231.17261661216617,1384.275716314816,-67.05114976847044,71.72110585477215,-162.96287194148664,-39.650836147684686,72.11268220736741,-168.5189515025052,67,0.5726495726495726,-196759.2880235748,3351348.699586036,1828791.5532071914,-642415.7202373911,-2345241.8414751687,1828317.2127225723,95.57344818161994,14.326659778606537,32.604218511650075,122.9737618024057,14.71823613120182,27.04813895063151,445656.43221381627,5696590.541061205,474.3404846191406,-27.400313620785766,-0.39157635259526974,5.5560795610185565,691,frame_000691.png
8000,8000,119,111,0.9327731092436975,111,1.0,111,78,0.7027027027027027,445649.65000587306,5696595.308976453,469.8461734901199,-6.827407880569808,4.67510424554348,-4.49766806261448,-53.40181342826954,-70.09928305100063,-17.45965684113613,-26.48064422025493,-73.8508959671045,-22.901971699429396,78,0.7027027027027027,-7168537470.388228,501336755.30412596,-88275965789.69965,-7168983126.865643,495640164.67025375,-88275966264.04349,-120.59829668067825,10.55335128349713,-55.029549314417174,-93.67712747266361,6.801738367393256,-60.471864172710454,445656.47741375363,5696590.633872207,474.3438415527344,-26.921169208014625,3.75161291610388,5.442314858293277,692,frame_000692.png
8000,8001,139,127,0.9136690647482014,127,1.0,127,76,0.5984251968503937,445628.9984477941,5696593.49636676,292.50443876135887,-27.495101829292253,2.835453295148909,-181.846604939813,-104.42556666723014,26.797404487241113,-168.45863747558616,-77.58747563187266,24.348564160060334,-172.16916214707905,76,0.5984251968503937,327002675348.88403,20745099099.469013,386949849729.4641,327002229692.3905,20739402508.8081,386949849255.11304,-93.34333353667293,0.14778824573168955,179.7152618229233,-66.50524250131545,-2.301052081449086,176.0047371514304,445656.4935496234,5696590.660913465,474.3510437011719,-26.83809103535748,2.4488403271807684,3.7105246714928892,693,frame_000693.png
8000,8002,156,142,0.9102564102564102,142,1.0,142,94,0.6619718309859155,445642.7414751381,5696576.065506879,455.14067849053305,-13.766249570355285,-14.617167786695063,-19.19678488837326,-58.99879204552513,22.052524743260747,-107.13327257124507,-31.935567465029465,21.24863815947691,-111.64977312744122,94,0.6619718309859155,325855.8528656852,5522114.098601766,-28453.347884253526,-119800.65485902329,-174476.5840729,-28927.685347632432,85.09267009863233,-23.901701093146315,40.571636519027635,112.15589467912798,-24.70558767693015,36.055135962831486,445656.50772470847,5696590.682674666,474.3374633789063,-27.063224580495678,0.8038865837838306,4.516500556196144,694,frame_000694.png
8000,8000,144,129,0.8958333333333334,129,1.0,129,96,0.7441860465116279,445581.8400041219,5696600.271649998,393.7090354631164,-74.68554111628328,9.57218726258725,-80.62647479078993,-133.51650820251885,5.502770774939086,-138.65657901629402,-106.17951756779438,4.0660934829419375,-143.07249786092544,96,0.7441860465116279,14905512.373651603,7079618.075818769,9588205.559005093,14459855.848106366,1383027.3763560336,9587731.223494839,-156.44755612061695,60.29346861930981,144.65780744781208,-129.11056548589247,58.85679132731266,140.24188860318066,445656.52554523817,5696590.699462735,474.3355102539063,-27.336990634724476,1.436677291997153,4.415918844631432,695,frame_000695.png
8000,8000,131,116,0.8854961832061069,116,1.0,116,73,0.6293103448275862,445660.43118006823,5696582.928793315,624.2209489181212,3.889503782556858,-7.789178853854537,149.86798260952742,100.9324092260641,-61.30336175209735,0.5835863466497454,128.6037500271642,-62.35940370801242,-3.524078864699277,73,0.6293103448275862,482130.9169898355,5740277.173721674,124010.00894149778,36474.37531354983,43686.4557495052,123535.65597518919,-173.63813342054283,47.304539081021574,-40.554872257895845,-145.96679261944274,46.248497125106496,-44.66253746924485,445656.5416762857,5696590.717972169,474.35296630859375,-27.67134080110008,1.0560419559150598,4.107665211349012,696,frame_000696.png
8000,8001,151,131,0.8675496688741722,131,1.0,131,85,0.648854961832061,445644.6601793111,5696587.555737799,447.67655333004046,-11.881714692688547,-3.164756117388606,-26.678640761756412,-63.59496622810359,33.92205013840883,-140.91074252717416,-36.365359190272926,32.56467178459721,-144.9184180693317,85,0.648854961832061,272758.68267065956,6485745.879048706,1228987.499756036,-172897.85922334425,789155.1585547896,1228513.1445619443,-41.11688685432721,20.6005704050814,73.38409037112942,-13.887279816496545,19.243192051269773,69.37641482897189,445656.5418940038,5696590.720493916,474.3551940917969,-27.229607037830657,1.3573783538116262,4.007675542157524,697,frame_000697.png
8000,8000,138,124,0.8985507246376812,124,1.0,124,82,0.6612903225806451,445657.19498097216,5696597.557554857,470.21333265871493,0.6596795893856324,6.839374851435423,-4.147140974097567,4.012447994915658,-1.5739503126788705,40.55747650882205,30.86552144170355,-3.2214133613306046,37.186089517523385,82,0.6612903225806451,-364206283.1449892,206050056.24683312,-709156790.538165,-364651939.6802906,200353465.52865312,-709157264.8986386,148.78438110265506,0.40352895147628415,179.95730550818112,175.63745454944296,-1.2439340971754689,176.58591851688243,445656.53530138277,5696590.718180005,474.3604736328125,-26.853073446787906,1.647463048651746,3.3713869912986523,698,frame_000698.png
8000,8000,139,119,0.8561151079136691,119,1.0,119,83,0.6974789915966386,405575.2120524542,10710488.923692137,4242675.185176688,-40081.31799314916,5013898.205264254,4242200.821407157,-61.010650345765384,18.787038222651766,-132.71814190626537,-33.8976947348263,17.514016580513925,-136.03536673854927,83,0.6974789915966386,11704863.764773533,-62605511.79936901,134686219.08263832,11259207.23472793,-68302102.51779689,134685744.7188688,165.45822929132237,27.59552984791737,83.32860298971312,-167.42881509773855,26.322508205779513,80.01137815742919,445656.53004560334,5696590.718427883,474.36376953125,-27.112955610939096,1.2730216421378462,3.317224832283909,699,frame_000699.png
8000,8000,141,127,0.900709219858156,127,1.0,127,76,0.5984251968503937,445623.83582718374,5696471.339225365,870.3368386315672,-32.68148230941733,-119.39525005407631,395.98378077023904,-51.588369585587394,-20.081137629355606,-15.132382459362418,-24.07051913191043,-21.574831785173103,-19.062267088783813,76,0.5984251968503937,-299135.68202911795,6311403.181108877,370124.5784812511,-744792.1993386111,614812.4466334581,369650.22542338975,-59.32578860312315,62.1313586511951,-108.3339920917465,-31.807938149446187,60.63766449537761,-112.2638767211679,445656.51730949315,5696590.734475419,474.3530578613281,-27.51785045367697,1.4936941558174834,3.929884629421409,700,frame_000700.png
8000,8000,127,114,0.8976377952755905,114,1.0,114,74,0.6491228070175439,445670.63502525626,5696439.310367521,529.1456721299207,14.13371659378754,-151.42983631882817,54.799938487342615,-71.70101214232436,4.33922018102568,153.74129463222195,-44.33542367859343,2.261622340702644,150.09691703918736,74,0.6491228070175439,69689154.74226473,3339891.5026056943,-24626422.20758564,69243498.24095607,-2356699.2375981454,-24626896.553319283,-122.92848383068103,-13.453602652974118,161.3953183395122,-95.56289536695009,-15.531200493297149,157.75094074647757,445656.50130866247,5696590.74020384,474.3457336425781,-27.365588463730944,2.0775978403230253,3.644377593034615,701,frame_000701.png
8001,8001,121,113,0.9338842975206612,113,1.0,113,75,0.6637168141592921,446145.9328912419,5695705.180699127,851.7173742649785,489.4780853066477,-885.5706448741257,377.3631262181035,-53.89722721102649,8.233676570923462,155.6631664814083,-26.67723229856705,5.28869583214248,152.47203462599714,75,0.6637168141592921,35582876.36271646,-153455894.88566878,-253355856.9525295,35137219.907910526,-159152485.63701278,-253356331.30677754,91.24900170239019,-26.83331198553068,171.56952015867134,118.46899661484963,-29.778292724311655,168.37838830326018,445656.45480593527,5696590.751344001,474.354248046875,-27.21999491245944,2.9449807387809708,3.191131855411196,702,frame_000702.png
8000,8000,157,136,0.8662420382165605,136,1.0,136,107,0.7867647058823529,445569.0089018923,5696582.683462892,301.19064220622175,-87.39252385008149,-8.072687268257141,-173.17624011799705,-107.198975024836,19.44815740677618,-149.3578346880191,-80.02936027554169,16.424931137822398,-152.5921774844634,107,0.7867647058823529,1302179.1186546823,4732371.076569932,689482.710960455,856522.71722894,-964219.6795802284,689008.3440781308,-43.08171338177653,8.060559328657906,137.3043651809478,-15.912098632482213,5.03733305970411,134.0700223845035,445656.40142574237,5696590.75615016,474.3668823242188,-27.16961474929431,3.0232262689537923,3.2343427964443183,703,frame_000703.png
8000,8000,113,105,0.9292035398230089,105,1.0,105,77,0.7333333333333333,445662.8826352361,5696603.5077796085,452.31280938817673,6.498563501052558,12.743739857338369,-22.058314879401394,19.281215061893878,-11.750169043157427,157.41987223226553,46.59505905464127,-14.63758321546021,152.55008215582905,77,0.7333333333333333,477675.4523932728,5759686.353039719,39057.5035608288,32019.06832153775,63095.58899996802,38583.13243656122,162.96387084164763,80.90330691524296,-39.65440964627121,-169.72228516560494,78.0158927429402,-44.52419972270769,445656.384071735,5696590.764039751,474.3711242675781,-27.313843992747394,2.8874141723027873,4.869790076436491,704,frame_000704.png
8000,8001,137,116,0.8467153284671532,116,1.0,116,82,0.7068965517241379,438862.3338710251,5699293.510415833,23250.383384835925,-6794.046213173831,2702.7414754340425,22776.015495431628,-70.2290848577466,-41.74007155434767,-12.318348603048637,-43.33696396968941,-44.05358183425747,-16.044434766654604,82,0.7068965517241379,1207384.8146003191,5810714.340170412,1162357.5485060774,761728.4345161202,114123.57123001292,1161883.180616673,-2.7633132111553116,64.3210618081962,104.97751423836955,24.128807676901857,62.0075515282864,101.25142807476357,445656.38008419896,5696590.768940399,474.3678894042969,-26.89212088805718,2.313510279909804,3.7260861636059825,705,frame_000705.png
8000,8000,137,127,0.927007299270073,127,1.0,127,84,0.6614173228346457,445646.35396791046,5696588.25664439,432.16420586686706,-10.024681486422196,-2.5063784634694457,-42.20801703352356,-117.33045214368546,19.53695773836843,-170.35437237880606,-90.26538757617669,18.384020276297804,-173.67253226677255,84,0.6614173228346457,112762.15340923727,6379324.40333956,498987.7053231019,-332894.2252401596,682733.6403167071,498513.3331002015,-99.85296617056258,38.04398845634657,-92.34134867239031,-72.78790160305381,36.89105099427596,-95.65950856035681,445656.3786493969,5696590.763022853,474.3722229003906,-27.065064567508767,1.152937462070611,3.3181598879665004,706,frame_000706.png
8000,8001,121,104,0.859504132231405,104,1.0,104,88,0.8461538461538461,445617.9041436396,5696646.14638558,462.23729454823075,-38.47360357979778,55.37706118170172,-12.124186164659875,133.69429403090416,-28.782252976672318,-157.42262709085517,161.33569154170277,-31.103506183749687,-161.61922835610991,88,0.8461538461538461,79491940161.86465,7392418724.795196,88765712259.26698,79491494505.48691,7386722134.025871,88765711784.9055,57.79039581497331,-68.465440663311,106.86117191502282,85.43179332577188,-70.78669387038838,102.66457064976805,445656.3777472194,5696590.769324399,474.3614807128906,-27.6413975107986,2.321253207077379,4.196601265254745,707,frame_000707.png
8000,8001,130,121,0.9307692307692308,121,1.0,121,93,0.768595041322314,445623.58390634065,5696587.346913642,326.4203901811486,-32.77305346680805,-3.4213440557941794,-147.95894331494515,-98.50440074198636,24.928457218720503,-163.34647402722013,-71.38568102955077,21.492990514807616,-165.8800986573552,93,0.768595041322314,-171847274.20445383,24503479.680268683,-23538622.01873345,-172292930.56141365,18806888.912010983,-23539096.398066945,107.14196357204015,29.340262162804216,-151.75271794666983,134.2606832844757,25.90479545889133,-154.2863425768049,445656.35695980745,5696590.768257698,474.37933349609375,-27.118719712435585,3.435466703912902,2.533624630135092,708,frame_000708.png
8000,8000,132,117,0.8863636363636364,117,1.0,117,81,0.6923076923076923,445657.39048555045,5696592.937595038,453.5716391390928,1.0457031319965608,2.1693808315321803,-20.809250753485344,-8.434498027973342,10.957098204641413,-178.6663472945433,18.87958391038967,7.864539718862034,177.31169255910436,81,0.6923076923076923,-8640406.837535232,5830894.772191489,5956257.338771724,-9086063.18231765,134304.0039772829,5955782.957881832,111.2313768618742,3.460566233850046,174.8228094804389,138.5454588002372,0.36800774807065295,170.8008493340866,445656.34478241845,5696590.768214206,474.3808898925781,-27.314081938363007,3.0925584857793904,4.021960146352344,709,frame_000709.png
8000,8001,126,113,0.8968253968253969,113,1.0,113,80,0.7079646017699115,442630.02809049614,5695450.170124713,-8632.970956018959,-3026.310955620953,-1140.6067874031141,-9107.343606165443,-103.09076919805298,19.751611284598525,-160.33298903715033,-75.62208407797775,17.11505248441847,-164.25714537733808,80,0.7079646017699115,180820530.98596346,-1881723290.1525378,-98748968.24788849,180374874.64691734,-1887419880.92945,-98749442.62053864,62.13498470160837,-7.18372928594953,91.7142699544365,89.60366982168358,-9.82028808612958,87.79011361424875,445656.3390461171,5696590.776912116,474.3726501464844,-27.46868512007523,2.6365588001800595,3.924156340187761,710,frame_000710.png
8000,8000,143,126,0.8811188811188811,126,1.0,126,88,0.6984126984126984,443113.92947950214,5696207.992930354,8545.050868160226,-2542.4072370131034,-382.7792667048052,8070.67531884382,-66.24198385709394,-38.03389998558268,-16.945804860053357,-38.79758373320101,-40.55865578896564,-19.85103873033694,88,0.6984126984126984,53235595031.39574,-105527119981.83977,-128680467246.30493,53235149375.05902,-105532816572.61197,-128680467720.68048,-74.03015031124978,19.125060988408645,-25.30023448924822,-46.585750187356865,16.60030518502569,-28.20546835953178,445656.33671651524,5696590.772197058,474.3755493164063,-27.44440012389292,2.524755803382958,2.9052338702835674,711,frame_000711.png
8000,8000,136,116,0.8529411764705882,116,1.0,116,85,0.7327586206896551,444582.327417249,5696402.326441527,-5877.620286201816,-1074.005007699132,-188.4384322045371,-6351.996995186191,-96.2573937649694,27.92014738538679,-166.30632635050074,-68.79432764744031,25.563873624641616,-168.93232877482598,85,0.7327586206896551,-40869240.46099683,-13482185.840841286,50110186.61124582,-41314896.793421775,-19178776.605715018,50109712.234536834,-94.40914860195332,3.929407358994845,83.45260550679119,-66.94608248442424,1.5731335982496546,80.82660308246597,445656.3324249481,5696590.764873732,474.376708984375,-27.463066117529078,2.3562737607451796,2.626002424325242,712,frame_000712.png
8000,8000,118,110,0.9322033898305084,110,1.0,110,74,0.6727272727272727,445650.30162382184,5696590.04860008,471.2068753704602,-6.033302088268101,-0.7136403443291783,-3.171969844383568,-58.6826078082712,-28.97138122133251,-38.20355181540052,-31.028826701873527,-31.391508819254852,-41.05707112593177,74,0.6727272727272727,11287820133.042742,6181162815.99754,-7426368467.608088,11287374476.707815,6175466225.2353,-7426368941.986933,-70.76211359836054,1.9504460046717056,-118.65167790994624,-43.10833249196287,-0.46968159325064107,-121.5051972204775,445656.3349259101,5696590.762240425,474.37884521484375,-27.65378110639766,2.420127597922334,2.8535193105312606,713,frame_000713.png
8000,8000,132,120,0.9090909090909091,120,1.0,120,73,0.6083333333333333,445657.34697494784,5696588.923676097,466.9546600984542,1.016791108995676,-1.8351415675133467,-7.437673885920788,-30.084437950748686,37.68180893975929,-16.525716269164914,-2.331004741193368,35.13190761411289,-19.60536461266193,73,0.6083333333333333,97873522.4387724,-39862604.01518591,-54467909.1079356,97427866.10858856,-45559194.77400357,-54468383.500269584,86.01343050062553,68.02420548977443,2.081163234932271,113.76686371018087,65.47430416412803,-0.9984851085647506,445656.33018383884,5696590.758817664,474.392333984375,-27.753433209555322,2.5499013256464056,3.0796483434970203,714,frame_000714.png
8001,8000,134,115,0.8582089552238806,115,1.0,115,89,0.7739130434782608,445650.4077458191,5696596.982130236,469.9611144750758,-5.923989827919286,6.220950190909207,-4.426306179221058,3.1199570331610698,-67.12968384609559,42.7352254170082,30.975957941624017,-70.15351619955099,39.47652670011843,89,0.7739130434782608,1543187716.624906,5317915.378692033,-204138623.58734012,1542742060.2931705,-378675.3824880123,-204139097.97476077,-57.61451526644548,-46.42040588889906,-119.26698389237617,-29.758514357982506,-49.44423824235446,-122.52568260926596,445656.331735647,5696590.761180045,474.3874206542969,-27.856000908462963,3.023832353455402,3.2586987168897794,715,frame_000715.png
8000,8000,142,130,0.9154929577464789,130,1.0,130,91,0.7,445669.10618463135,5696549.31556455,541.1798905730363,12.773700741236098,-41.451641008257866,66.78777021170822,-137.37611487635442,-60.37499735026333,67.27166437574347,-109.5358715866385,-63.27674471526072,63.47598842248516,91,0.7,25618957.217969883,35443859.420193106,4250293.9447500445,25173300.88548599,29747268.652987547,4249819.552629683,40.286779271849134,21.81672099844115,-167.1769582185579,68.12702256156504,18.914973633443765,-170.97263417181622,445656.3324838901,5696590.767205559,474.3921203613281,-27.84024328971591,2.901747364997389,3.795675953258327,716,frame_000716.png
8001,8000,150,133,0.8866666666666667,133,1.0,133,100,0.7518796992481203,569819.8127176957,5836181.154110165,62238.17505887204,124163.47976618144,139590.38688970078,61763.783854038054,25.58329833845412,37.56206793024964,26.40408822889282,53.095750004109846,34.661814614846776,22.35959294811417,100,0.7518796992481203,-5479652.545489483,1603465.1247613993,13495198.889018321,-5925308.878440997,-4093125.642459065,13494724.497813487,-82.98181137949364,3.6193394468354567,94.54467346515526,-55.46935971383792,0.71908613143259,90.50017818437664,445656.3329515143,5696590.767220465,474.3912048339844,-27.512451665655714,2.9002533154028725,4.04449528077864,717,frame_000717.png
8000,8000,134,123,0.917910447761194,123,1.0,123,89,0.7235772357723578,431215.01320853515,5701335.883589009,-126200.06811475694,-14441.32983668719,4745.1145994421095,-126674.45443677843,-96.67782399380266,30.57230982845464,-171.2796715214751,-69.03533130231655,27.549285304985688,-175.44050879110708,89,0.7235772357723578,194861152770.87167,109067615180.11708,213135481369.88123,194860707114.52863,109061918589.34808,213135480895.4949,78.55611558540448,13.347531967404926,85.89345434230778,106.19860827689058,10.324507443935971,81.7326170726758,445656.34304522234,5696590.768989567,474.3863220214844,-27.642492691486108,3.0230245234689517,4.160837269631962,718,frame_000718.png
8000,8001,129,116,0.8992248062015504,116,1.0,116,89,0.7672413793103449,445645.626455089,5696564.735661499,390.4001389376129,-10.728703780448996,-26.028628272935748,-83.98276511512148,-100.01182064727007,9.035124364310295,-176.78691907306415,-72.40695872087656,6.517041682347099,179.59145463720972,89,0.7672413793103449,-94451277.24039347,-83807391.25302698,105688937.0809497,-94896933.59555234,-89503982.01731674,105688462.69804564,-31.60957819918072,15.256541041300563,69.88349260979747,-4.0047162727872205,12.738458359337358,66.26186632007136,445656.35515886947,5696590.764289772,474.3829040527344,-27.604861926393504,2.5180826819632074,3.621626289726115,719,frame_000719.png
8000,8001,133,121,0.9097744360902256,121,1.0,121,94,0.7768595041322314,445650.2225929243,5696581.456775601,445.48754843921307,-6.144855764694512,-9.296243108808994,-28.886291892818235,-53.44391236926925,13.0042837817669,-150.13827778173197,-25.819135886947606,11.12948756848482,-154.46504739995626,94,0.7768595041322314,610019.1645811485,5224897.85279698,324824.2295592159,164362.79713245953,-471692.90022172965,324349.85571888386,144.22329782564344,32.37449809205787,81.40721406812408,171.84807430796508,30.499701878775795,77.0804444498998,445656.367448689,5696590.75301871,474.3738403320313,-27.624776482321643,1.8747962132820835,4.326769618224284,720,frame_000720.png
8000,8000,124,108,0.8709677419354839,108,1.0,108,80,0.7407407407407407,445515.3268527704,5696900.165460144,-650.7238827077376,-141.05761710298248,309.4237655866891,-1125.0912227956283,-39.16837760691474,47.63726256941968,173.45329653799834,-11.601471458921651,46.555700078269155,169.56559399489186,80,0.7407407407407407,112804.77588455228,7788629.641522279,248273.48278952355,-332851.6085853211,2092038.8998277215,247799.11544943566,-107.43035641515625,20.746302063201473,-115.54035908533226,-79.86345026716317,19.664739572050934,-119.42806162843875,445656.3844698734,5696590.7416945575,474.3673400878906,-27.56690614799308,1.081562491150531,3.887702543106494,721,frame_000721.png
8000,8000,123,109,0.8861788617886179,109,1.0,109,69,0.6330275229357798,445103.3022312591,5696421.737273602,-1008.9069965220806,-553.1245247874176,-168.98013271950185,-1483.255018983018,-107.59669744043146,20.46546600999483,-158.18842626136762,-80.2476530667807,19.80964191877854,-161.3410639378475,69,0.6330275229357798,-11832896.28179953,-7214386.769675318,-9921169.083955627,-12278552.708555577,-12910977.48708164,-9921643.431978088,76.72493882123263,-46.67431552067808,59.3106106198908,104.0739831948834,-47.33013961189437,56.1579729434109,445656.42675604654,5696590.717406321,474.3480224609375,-27.349044373650756,0.6558240912162909,3.1526376764798973,722,frame_000722.png
8000,8000,108,86,0.7962962962962963,86,1.0,86,60,0.6976744186046512,445656.28224545595,5696591.164985421,472.2257998576647,-0.1578833720413968,0.46004198770970106,-2.128966988038428,-29.38906147052234,-7.131463642878035,-1.2996729450942566,-1.9921719935589408,-8.248434062936866,-4.828287786656233,60,0.6976744186046512,-158922.23606504587,6308117.035984882,378810.8275158427,-604578.6761938739,611526.3310414487,378336.472748997,-13.161993908724613,23.389080470411045,76.9929408082974,14.234895568238784,22.27211005035221,73.46432596673543,445656.440128828,5696590.704943433,474.3547668457031,-27.396889476963384,1.1169704200588357,3.5286148415619683,723,frame_000723.png
8000,8000,125,119,0.952,119,1.0,119,80,0.6722689075630253,449889.7499658931,5687877.835506701,-10175.016706636448,4233.2956811810145,-8712.863307630643,-10649.365980318089,-77.6904283719677,-9.101306213017013,172.75686968464888,-50.411000239199495,-10.529014394262163,169.60120126930144,80,0.6722689075630253,3445562940.3947697,22513960236.924545,833177772.8686972,3445117283.940485,22508263646.22573,833177298.5194235,-120.24450838148358,-18.47332027482143,-41.36997273763824,-92.96508024871538,-19.901028456066598,-44.52564115298571,445656.4542847121,5696590.698814332,474.3492736816406,-27.2794281327682,1.4277081812451602,3.155668415347464,724,frame_000724.png
8000,8000,119,107,0.8991596638655462,107,1.0,107,68,0.6355140186915887,445664.4994542661,5696557.18346118,543.5446308186613,8.02639862743672,-33.48914791923016,69.19315987139566,-154.39897244815637,-64.18130594692478,57.63179567571649,-126.95780825216114,-64.81724623725,54.39679000750442,68,0.6355140186915887,449473.8509514917,5775160.316474679,-27285.812709289512,3817.3778958530165,78569.64386557974,-27760.164180236778,42.62820118014264,-22.40057174679128,132.61776692904715,70.06936537613785,-23.036512037116495,129.38276126083508,445656.47305563866,5696590.672609099,474.3514709472656,-27.44116419599523,0.6359402903252298,3.2350056682120765,725,frame_000725.png
8000,8001,119,104,0.8739495798319328,104,1.0,104,68,0.6538461538461539,445654.4373507669,5696598.13385648,470.2170120755315,-2.044672515883576,7.463079998269677,-4.127531381499807,12.578918613107128,-23.935940296313582,51.490700145982906,40.03813957710821,-24.499967642638012,48.46537175323493,68,0.6538461538461539,1826318.9446372786,15270351.632711254,1426091.7859141976,1380662.4626139957,9573760.961934771,1425617.4413707405,-102.13513285295919,-51.45551024855993,177.33138516488833,-74.6759118889581,-52.01953759488437,174.30605677214032,445656.4820232828,5696590.670776482,474.3445434570313,-27.459220964001087,0.5640273463244334,3.0253283927479746,726,frame_000726.png
8000,8000,119,107,0.8991596638655462,107,1.0,107,70,0.6542056074766355,445656.08258464374,5696591.271371581,472.37504706826655,-0.3995284636039287,0.6031223237514496,-1.9707781270459463,-28.972420852237196,-9.041085858327307,-1.1128760957696362,-1.981868826446231,-10.3762033128545,-4.477596527415159,70,0.6542056074766355,239566.20337582473,7864253.426010471,-4180608.4592586416,-206090.2787372826,2167662.757761214,-4181082.805083837,-113.3637462206932,-38.8892949443771,-156.5992503575455,-86.37319419490223,-40.22441239890429,-159.96397078919102,445656.48211310734,5696590.668249257,474.3458251953125,-26.99055202579097,1.3351174545271878,3.3647204316455297,727,frame_000727.png
8000,8000,124,99,0.7983870967741935,99,1.0,99,63,0.6363636363636364,445656.1604603883,5696591.4355552355,472.3929954000237,-0.32030380133073777,0.7603837065398693,-1.9489540628669033,-28.63488796332159,-9.390165014040795,0.05929120091604416,-1.5576170853559859,-10.467189853591378,-3.4505206121083063,63,0.6363636363636364,1374474.6067599547,6644133.827662862,-471211.3876228754,928818.1259957651,947543.152491333,-471685.7295723383,-91.32841043010377,-3.132479574100934,160.7593116487673,-64.25113955213817,-4.20950441365153,157.249499835743,445656.4807641896,5696590.675171529,474.3419494628906,-27.07727087796561,1.077024839550582,3.5098118130243385,728,frame_000728.png
8000,8000,112,97,0.8660714285714286,97,1.0,97,66,0.6804123711340206,444976.1652486301,5696927.210467187,1576.8603966739208,-680.3127836271888,336.5307707162574,1102.5211327579052,-21.501111577358685,23.324011344668307,-172.7804918626603,5.71602186541196,22.41673502689372,-176.36045461260912,66,0.6804123711340206,172342.6492683919,5270210.86941861,-183563.80069982956,-273313.8287638654,-426379.8102778606,-184038.13996374558,-119.59821440508614,-37.45500406156915,-175.75587413837906,-92.38108096231548,-38.36228037934376,-179.33583688832786,445656.4780322573,5696590.6796964705,474.3392639160156,-27.21713344277066,0.9072763177746044,3.5799627499487987,729,frame_000729.png
8001,8000,127,117,0.9212598425196851,117,1.0,117,77,0.6581196581196581,445410.15500818065,5696445.546511948,-541.2671524058887,-246.32480966544244,-145.13669104035944,-1015.6064468394825,-108.2992942896535,19.507566880587863,-165.60959229639988,-80.99372501051336,18.396376974416256,-168.59600892250594,77,0.6581196581196581,703482.568510195,6053350.313674284,22381.141182865147,257826.08869234892,356759.6304712957,21906.801888431553,-99.0248835038138,-9.521679957542787,60.02715781083505,-71.71931422467365,-10.632869863714404,57.04074118472897,445656.4798178461,5696590.6832029885,474.33929443359375,-27.305569279140144,1.1111899061716184,2.986416626106072,730,frame_000730.png
8000,8000,124,102,0.8225806451612904,102,1.0,102,77,0.7549019607843137,444797.0410830458,5696929.484963519,1483.8847162918028,-859.432212847576,338.80138326529413,1009.5382807449278,-24.72123313640047,15.464048654244534,-178.65356674804195,2.5971638339703134,14.083457151394668,178.09546654526116,77,0.7549019607843137,-555996172377.0736,729301016610.8221,917825637124.5703,-555996618033.5469,729295320020.1385,917825636650.2239,-1.8391064945632043,4.360956217391499,-138.8022899679135,25.479290475807602,2.980364714541622,-142.0532566746104,445656.4732958934,5696590.683580253,474.346435546875,-27.31839697037079,1.3805915028498639,3.2509667066968717,731,frame_000731.png
8001,8000,103,97,0.941747572815534,97,1.0,97,60,0.6185567010309279,445711.26032679965,5696548.317231156,534.526161378512,54.82803954259725,-42.36236053612083,60.170662110933904,-85.00164958077677,-60.782081776929445,104.88077308181747,-57.81143109026233,-61.48537458749048,102.36944013988261,60,0.6185567010309279,349393.06296609074,5849217.785759556,-30209.863073318214,-96263.3693211663,152627.10616786405,-30684.218572585793,-86.88648186317958,-18.131084695601544,-83.33804201718634,-59.69626337266514,-18.834377506162582,-85.84937495912119,445656.43228725705,5696590.679591692,474.3554992675781,-27.190218490514436,0.7032928105610402,2.5113329419348553,732,frame_000732.png
8000,8001,128,108,0.84375,108,1.0,108,73,0.6759259259259259,445518.041494405,5696573.6986716855,193.4400930479398,-138.38410713366466,-16.991938887163997,-280.92520236221645,-118.35611959322733,15.107586187000415,-152.88337378940585,-90.89154127941097,13.30910448018804,-156.10904036659272,73,0.6759259259259259,1703786.2100414375,14088191.036424628,3442865.939037201,1258129.7844398988,8391600.345814055,3442391.573741791,-70.58953620099602,39.81184205800966,125.78707103742995,-43.124957887179676,38.01336035119729,122.56140446024307,445656.4256015387,5696590.690610573,474.36529541015625,-27.464578313816354,1.7984817068123706,3.2256665771868764,733,frame_000733.png
8000,8000,116,103,0.8879310344827587,103,1.0,103,66,0.6407766990291263,445692.99676618987,5696666.143308274,431.4849152421483,36.580645417270716,75.45831893756986,-42.88736869339857,93.68157758732114,10.761019716300469,-109.19689411055083,121.33531926505464,9.41872156439689,-111.81442384253363,66,0.6407766990291263,2111926444.6871293,2021510565.8469543,-522725009.8648964,2111480788.2710085,2015813975.161965,-522725484.23718035,-99.0453202046611,-2.670962021197502,139.8071636913378,-71.39157852692759,-4.013260173101088,137.18963395935498,445656.4161207726,5696590.684989337,474.3722839355469,-27.653741677733514,1.3422981519035937,2.6175297319828013,734,frame_000734.png
8000,8000,134,121,0.9029850746268657,121,1.0,121,85,0.7024793388429752,445549.42344716657,5696489.250813276,731.3848205971825,-106.98428478610003,-101.43357369210571,257.00631107569814,-75.75865026675756,-17.14419315622363,-27.080708316711213,-48.06319432025842,-19.138900894199594,-29.47205434657363,85,0.7024793388429752,-190832906.8944144,20765588.96958054,-727899.6032916754,-191278563.30214635,15068998.28519357,-728373.9818011969,-80.78773789568004,9.434205509873738,28.96764110435918,-53.0922819491809,7.439497771897777,26.576295074496755,445656.40773195267,5696590.684386968,474.3785095214844,-27.69545594649914,1.9947077379759752,2.391346029862422,735,frame_000735.png
8000,8001,120,104,0.8666666666666667,104,1.0,104,78,0.75,445627.2879061307,5696533.59198969,504.8713399295974,-29.09993471886264,-57.0786628453061,30.490083826081786,-152.71102434689516,-32.30162703833429,87.20684060610442,-125.24825732665481,-33.48978836419079,84.86832904244875,78,0.75,437604.15104309283,5685121.889602445,-1067.360815342542,-8052.236797756748,-11468.781050090678,-1541.7420714460577,122.71900891995618,-51.859318771928926,17.742230762301592,150.18177594019653,-53.047480097785424,15.403719198645888,445656.3878408496,5696590.670652536,474.3812561035156,-27.46276702024035,1.1881613258564965,2.3385115636557043,736,frame_000736.png
8000,8000,121,108,0.8925619834710744,108,1.0,108,68,0.6296296296296297,422861.8020031136,5651589.395639982,36579.38549949121,-22794.58081934735,-45001.26899716165,36105.00308371973,-70.65602146130705,3.0407257011945585,-40.0952754833252,-43.21858735396688,1.645137682166876,-42.326959097796845,68,0.6296296296296297,1958532.8294792026,5391489.454976344,-2586090.276183104,1512876.4466567417,-305101.2096608002,-2586564.6585988756,-35.82405835071736,-61.1742402393914,-104.58289223266809,-8.386624243377184,-62.56982825841908,-106.81457584713972,445656.38282246096,5696590.664637144,474.3824157714844,-27.43743410734017,1.395588019027675,2.2316836144716405,737,frame_000737.png
8001,8000,128,111,0.8671875,111,1.0,111,83,0.7477477477477478,445651.19005571085,5696581.243973121,442.3567376959736,-5.18722444109153,-9.41976745519787,-32.02537289972952,-31.351166063182145,23.78415284500942,-146.1947135201729,-3.879964162197723,21.614782607860548,-148.8640595731018,83,0.7477477477477478,-9428976.13868435,6913239.019177716,-38215885.54590841,-9874632.5159645,1216648.35543714,-38216359.928019,56.21641422997457,21.567576326163366,-71.75055434248864,83.68761613095899,19.39820608901448,-74.41990039541751,445656.37728015194,5696590.663740576,474.3821105957031,-27.47120190098442,2.169370237148888,2.6693460529288755,738,frame_000738.png
8000,8000,128,114,0.890625,114,1.0,114,82,0.7192982456140351,445614.23187296523,5696629.648564032,367.7395360829382,-42.14540417667013,38.97675298061222,-106.63122197370245,-27.993694512742387,57.636789367072694,176.87489710861217,-0.6010118331060994,55.12921375538667,174.52076297332678,82,0.7192982456140351,23102.13443272363,6808791.393251083,-132484.21796892822,-422554.2428444183,1112200.7214400312,-132958.58872698486,138.7061865296944,18.687668480024467,98.49502142145398,166.0988692093307,16.180092868338477,96.1408872861686,445656.3772771419,5696590.671811052,474.3707580566406,-27.392682679636273,2.507575611686006,2.3541341352853915,739,frame_000739.png
8000,8000,141,120,0.851063829787234,120,1.0,120,84,0.7,445642.7894390447,5696596.495182397,466.9263350228727,-13.586107058974449,5.8257186859846115,-7.452998473221044,-136.15940993830253,-30.67444116415158,-92.4966147197859,-108.89693626903659,-32.987814119595754,-94.66210435302203,84,0.7,1487737.5668455232,4885392.818675953,672807.8037057519,1042081.1912994195,-811197.8507877579,672333.4243722558,-93.22493742460782,-49.93942479125772,-130.8281092322124,-65.96246375534187,-52.2527977467019,-132.99359886544855,445656.3755461037,5696590.669463711,474.37933349609375,-27.262473669265937,2.313372955444179,2.1654896332361355,740,frame_000740.png
8000,8001,133,122,0.9172932330827067,122,1.0,122,78,0.639344262295082,445649.4786507235,5696591.072930481,425.27217550140125,-6.900948156078812,0.412831905297935,-49.1071579946925,-78.48449308720502,29.08882781903528,-169.296478354487,-51.269666167832725,27.84391308397221,-172.00939888539602,78,0.639344262295082,928524521970.4756,40409525045.099365,-42463257034.965515,928524076314.096,40403828454.43927,-42463257509.34485,154.0105107347868,5.724981335704832,-112.69220129579723,-178.7746623458409,4.480066600641749,-115.40512182670626,445656.3795988796,5696590.660098576,474.37933349609375,-27.214826919372296,1.2449147350630776,2.712920530909026,741,frame_000741.png
8000,8000,139,128,0.920863309352518,128,1.0,128,84,0.65625,445370.16427950375,5696518.911998472,-385.9693933175904,-286.2290815033484,-71.75819194316864,-860.3444238351685,-101.30569017167613,24.120683082927318,-157.3623618125767,-74.03892048633216,22.60752458044459,-160.61879533879016,84,0.65625,495376.42320676387,5207637.1192339035,153517.39425014437,49720.02984575677,-488953.55095651187,153043.0192196268,91.61021474764904,-11.993490314475054,0.7015301712157423,118.87698443299303,-13.506648816957778,-2.5549033549977196,445656.3933610071,5696590.670190415,474.3750305175781,-27.26676968534397,1.513158502482717,3.2564335262134687,742,frame_000742.png
8001,8000,135,120,0.8888888888888888,120,1.0,120,82,0.6833333333333333,445651.14533755986,5696589.599679346,471.81116555057736,-5.2561821841518395,-1.0834985775873065,-2.549765845907018,-50.22636180848722,-26.79037142284816,-34.20432587579303,-22.394027199319538,-29.286034836761388,-37.29974334288639,82,0.6833333333333333,104043392454.02527,-36864828324.598625,65956393845.92986,104042946797.62375,-36870524915.2818,65956393371.56893,-84.4221164206909,0.5568987356074755,178.37732663962677,-56.589781811523224,-1.9387646783057448,175.2819091725334,445656.401519744,5696590.683177924,474.3609313964844,-27.832334609167678,2.4956634139132343,3.095417467093362,743,frame_000743.png
8000,8000,123,102,0.8292682926829268,102,1.0,102,78,0.7647058823529411,445626.29452313035,5696622.030048525,428.6475848324332,-30.116288279707078,31.345016985200346,-45.713224493738664,131.60677150292187,9.456852334620107,-174.95366572202937,159.97132587922556,8.372031211629775,-178.58378602856382,78,0.7647058823529411,-9213110.104103556,7868478.824764405,-3094777.93496743,-9658766.514914965,2171888.1397328656,-3095252.295776756,-20.967183817464477,11.629166644844217,-177.2445922004125,7.397370558839242,10.54434552185387,179.12528749305307,445656.41081141005,5696590.68503154,474.3608093261719,-28.364554376303722,1.0848211229903408,3.630120306534463,744,frame_000744.png
8001,8000,150,129,0.86,129,1.0,129,92,0.7131782945736435,445665.4894922958,5696656.535566691,482.2260838164099,9.07378966291435,65.86655641626567,7.8682346953161755,19.283736986986,-14.467709156873866,84.86241642831578,47.31807114814322,-15.66399467379506,83.01091270830409,92,0.7131782945736435,89119.64450732997,5554454.299787226,-3051.377012021477,-356536.7711953029,-142136.3692230489,-3525.734861142571,25.100627112441547,57.01958519643585,-91.05477024471874,53.134961273598776,55.82329967951463,-92.90627396473042,445656.41570263286,5696590.669010275,474.35784912109375,-28.03433416115722,1.196285516921207,1.8515037200116777,745,frame_000745.png
8000,8000,131,112,0.8549618320610687,112,1.0,112,80,0.7142857142857143,445838.18317158474,5696157.7517580725,341.86337496910994,181.73725747689605,-432.889290606603,-132.48321316565568,163.37604869740778,-18.776349453563643,-131.7137854721321,-169.40394477538536,-19.11225223712478,-135.54869316578709,80,0.7142857142857143,-1194039615.149666,319611530.00219417,-212501020.05134892,-1194485271.59558,313914939.3611455,-212501494.39793706,-43.63677517003563,-4.1302140158102,-104.69529627943999,-16.416768642828742,-4.466116799371321,-108.53020397309498,445656.44591410784,5696590.641048679,474.3465881347656,-27.220006527206873,0.3359027835611242,3.834907693654994,746,frame_000746.png
8001,8002,135,123,0.9111111111111111,123,1.0,123,90,0.7317073170731707,444907.42359856644,5695587.466285909,1239.345132406147,-749.0353740253486,-1003.1734500518069,765.0005584315377,17.769254829209427,23.164433112155887,116.4446341509138,44.844437757071944,22.928707654047685,112.64176328394188,90,0.7317073170731707,9445790.91813555,22248299.54015492,82048374.83353439,9000134.459162958,16551708.90041896,82047900.48896042,95.30064292058094,72.29376031541226,-18.651441185731265,122.37582584844347,72.05803485730405,-22.45431205270316,445656.4589725918,5696590.63973596,474.3445739746094,-27.075182927862528,0.23572545810820836,3.8028708669718982,747,frame_000747.png
8001,8000,132,123,0.9318181818181818,123,1.0,123,81,0.6585365853658537,445773.30601843173,5697527.010636509,-564.8047790806538,116.83525244402699,936.3667578492314,-1039.1473083775288,-46.041298461993094,64.92212828545733,145.24725964725087,-19.09299242840612,64.06241553728509,141.4959446082222,81,0.6585365853658537,639812.1744196705,5962800.375451501,-45909.12048475219,194155.70365368278,266209.7315728413,-46383.46301404906,-122.69624362165824,-37.401096792858155,-0.19316773114688726,-95.74793758807127,-38.2608095410304,-3.94448277017554,445656.4707659877,5696590.64387866,474.342529296875,-26.94830603358697,0.8597127481722429,3.751315039028666,748,frame_000748.png
8001,8000,133,119,0.8947368421052632,119,1.0,119,77,0.6470588235294118,445660.48694544524,5696370.68264597,-17.817484004322864,3.9910902099800296,-219.96823550015688,-492.14570055705724,-72.01889596345214,9.12675722884027,-170.40228184018372,-45.48133347120165,8.062060288944451,-174.11092307076436,77,0.6470588235294118,9993863.10631497,23168150.872386906,2508537.6605175994,9548206.610459736,17471560.221505437,2508063.3323010467,-143.26783948683888,24.657749467688312,-127.28359192428432,-116.73027699458841,23.59305252779248,-130.99223315486498,445656.49585523526,5696590.65088147,474.3282165527344,-26.537562492250473,1.0646969398958297,3.708641230580647,749,frame_000749.png
8001,8000,126,110,0.873015873015873,110,1.0,110,82,0.7454545454545455,445642.7690226469,5696603.315270774,387.94202044392557,-13.739947659429163,12.66508889850229,-86.38048932169943,141.1025390831243,46.29694977529357,-173.11048617024284,167.34008023096385,45.93843807482409,-176.82561469881156,82,0.7454545454545455,267431.42624681967,5037249.830564971,4427331.455516322,-178225.08272348664,-659340.8196169045,4426857.133006556,93.2324406214045,52.34351192771146,-0.28260065179138466,119.46998176924404,51.98500022724198,-3.9977291803600963,445656.5089703063,5696590.650181876,474.322509765625,-26.237541147839533,0.3585117004694785,3.715128528568716,750,frame_000750.png
8000,8000,130,108,0.8307692307692308,108,1.0,108,71,0.6574074074074074,445803.23767633876,5696435.457016008,1446.0656400297032,146.71795327350264,-155.18927923869342,971.7436490629063,-100.36642624552212,66.28370811430904,-158.86583538402652,-74.2725105996123,65.77993817776115,-164.25948249689725,71,0.6574074074074074,2935793.9501919732,1865286.171728896,15188593.513358284,2490137.430468908,-3831304.4745663507,15188119.191367317,77.66715465391202,51.08829612810005,-27.183548479019333,103.76107029982182,50.584526191552186,-32.577195591890046,445656.51972306526,5696590.646295247,474.3219909667969,-26.09391564590981,0.5037699365478787,5.39364711287071,751,frame_000751.png
8000,8000,122,107,0.8770491803278688,107,1.0,107,75,0.7009345794392523,445609.48523006745,5696575.138203686,431.56862968335435,-47.046762983256485,-15.503884592093527,-42.75122505297378,-179.64243142125298,9.007489000038984,149.38614152238242,-153.387590027924,8.559755404213831,144.22439644246327,75,0.7009345794392523,448583.95590377843,5647278.194419499,-74952.24035983399,2927.4239107277244,-49312.44766877964,-75426.56021457032,-76.0380362301597,-1.7288415053796535,-172.06015376857488,-49.783194836830745,-2.1765751012048042,-177.22189884849402,445656.5319930507,5696590.642088278,474.3198547363281,-26.254841393328967,0.44773359582516115,5.161745079919138,752,frame_000752.png
8001,8001,108,101,0.9351851851851852,101,1.0,101,57,0.5643564356435643,445612.48568519135,5696570.30872393,247.01511403224913,-44.05608360806946,-20.298132613301277,-227.35518626071968,-100.23016480446816,25.242039092425323,-168.54783191035995,-73.73619566083998,25.400558847028947,-172.29259496306082,57,0.5643564356435643,181801962.40882927,-113277096.70144552,-69171031.83758102,181356305.86706048,-118973687.30830206,-69171506.20788132,177.12365379305027,-15.206576812723853,98.22505134445451,-156.38237706332154,-15.048057058120207,94.48028829175365,445656.5417687994,5696590.606856544,474.3703002929688,-26.493969143628174,-0.15851975460363674,3.7447630527008746,753,frame_000753.png
8000,8001,131,114,0.8702290076335878,114,1.0,114,84,0.7368421052631579,445639.88316038036,5696609.48489844,244.42381733384454,-16.660172309027985,18.897413418628275,-229.96888286146796,-81.07189736675284,34.56225405202055,-172.73110193551702,-54.36033093269896,34.61112828458903,-175.39354026563166,84,0.7368421052631579,141079.02620585484,5339044.759458936,601500.1155987337,-304577.51712683454,-357545.82802608516,601025.7228985383,99.79757474532065,73.85664219950212,97.11919172192474,126.50914117937452,73.90551643207061,94.45675339181008,445656.5433326894,5696590.587485021,474.3927001953125,-26.711566434053875,-0.048874232568484534,2.6624383301146475,754,frame_000754.png
8000,8000,109,97,0.8899082568807339,97,1.0,97,66,0.6804123711340206,445647.23538261745,5696591.248120312,445.343376363411,-9.30718448915286,0.6685124952346087,-29.055702005729643,-43.47799701822293,42.25444576478304,-156.68877556379772,-16.67035734103831,43.462773251995685,-159.89929430530094,66,0.6804123711340206,13926899059.930061,-10539477913.40441,-25946638361.584217,13926453403.387495,-10545174503.984016,-25946638835.983295,162.66022498799765,-29.557324691257943,145.9987384411196,-170.53213533481772,-28.348997204045304,142.78821969961638,445656.5425671066,5696590.579607816,474.3990783691406,-26.807639677184625,-1.208327487212643,3.210518741503214,755,frame_000755.png
8000,8003,119,110,0.9243697478991597,110,1.0,110,62,0.5636363636363636,445725.98001986276,5696575.722261392,536.1910291665848,69.43867757217959,-14.856935400515795,61.7924390786942,-52.62078302956879,-70.12159462686029,123.17979459000986,-20.287546494534638,-68.7541723714367,120.50402348338201,62,0.5636363636363636,579162.7920975245,1381342.3353790306,-4563541.225379937,133506.25075523392,-4315248.243817762,-4564015.623970025,99.66160749477397,-18.0602512169612,167.2822151084203,131.99484402980812,-16.6928289615376,164.60644400179245,445656.5413422906,5696590.579196792,474.3985900878906,-32.33323653503416,-1.367422255423594,2.6757711066278476,756,frame_000756.png
8000,8001,121,108,0.8925619834710744,108,1.0,108,62,0.5740740740740741,445655.4968747402,5696592.737210915,472.8122859910893,-0.9931727684452198,1.8192117037251592,-1.5738529249263138,-75.23314502899574,-15.95038491744345,-5.5006772681849485,-8.381596287777626,-20.90464788422682,-13.27709109352196,62,0.5740740740740741,-131955577614.09326,18079795897.103954,-114773568455.34863,-131956023270.58331,18074099306.185955,-114773568929.73477,-129.95591191686924,46.711051178949916,118.32601757099307,-63.10436317565113,41.756788212166555,110.54960374565604,445656.4900475086,5696590.917999212,474.3861389160156,-66.85154874121811,4.95426296678336,7.776413825337024,757,frame_000757.png
8000,8000,140,117,0.8357142857142857,117,1.0,117,86,0.7350427350427351,445654.24998779106,5696592.684774389,471.21316076836376,-2.28006811265368,1.6485507423058152,-3.186344846870611,-95.73903469932648,3.0451119751912983,-6.416011996793286,-1.7452118738502236,-6.604315703497434,-11.035697669329096,86,0.7350427350427351,8989027.73577988,12046.346992450766,-2245046.2028495516,8543371.205723977,-5684544.6892311955,-2245520.602355167,114.05693532797889,-23.61199200454843,-54.518678323922096,-151.94924184654485,-33.261419683237165,-59.1383639964579,445656.5300559037,5696591.036223646,474.3995056152344,-93.99382282547626,9.64942767868873,4.619685672535801,758,frame_000758.png
8000,8000,130,114,0.8769230769230769,114,1.0,114,66,0.5789473684210527,445654.9139177215,5696592.6404042635,471.8927842176236,-1.6631940278457478,1.5564670078456402,-2.542884727688886,-104.9962762847481,-2.3829347549492077,-7.100332111934511,-1.3706191758944897,-15.440250439241396,-10.04055284799881,66,0.5789473684210527,168177454.4216164,79172170.94462988,-36994963.07349954,167731797.84450465,73475579.86069262,-36995437.50916848,-92.0851959263777,-11.07702615603896,153.43455436696004,11.540461182475923,-24.13434184033116,150.49433363089577,445656.5771117493,5696591.083937256,474.4356689453125,-103.62565710885362,13.057315684292188,2.9402207360643104,759,frame_000759.png
8000,8000,110,93,0.8454545454545455,93,1.0,93,57,0.6129032258064516,445654.95549588033,5696592.103037778,472.07663353333027,-1.5516062412061729,1.2192149125039577,-2.3847922479197337,-107.83808468553086,-4.604103329897464,-5.687091191280356,-1.7795568120338885,-14.753505975327585,-6.820586955580438,57,0.6129032258064516,-30039420.030233912,-10314156.506294195,-24938164.989368238,-30485076.537336033,-16010747.39011706,-24938639.45079402,-90.79000234682005,2.7866934203124005,176.4798228691563,15.268525526676939,-7.362709225117726,175.3463271048562,445656.50710212154,5696590.883822866,474.46142578125,-106.05852787349698,10.149402645430133,1.1334957643000918,760,frame_000760.png
8000,8000,137,125,0.9124087591240876,125,1.0,125,74,0.592,445655.0355853277,5696591.50118633,472.0719464771688,-1.3801317960605957,0.8101940490305424,-2.371779108768692,-108.5103789536139,-5.834563854053089,-3.8550102306863088,-1.26122100362619,-10.998792752996337,-4.297430899404816,74,0.592,141708861230.36572,1126528199.158453,-61678064051.59955,141708415573.95,1120831608.4674606,-61678064526.043274,-147.41560127996462,6.538950635358073,178.88766205356674,-40.166443329976914,1.3747217364148128,178.44524138484826,445656.4157171238,5696590.690992281,474.4437255859375,-107.2491579499877,5.1642288989432545,0.4424206687184939,761,frame_000761.png
8000,8000,113,101,0.8938053097345132,101,1.0,101,63,0.6237623762376238,445654.2786732673,5696590.924001088,472.1197980872894,-2.051036415679846,0.4591234475374222,-2.3182817466949928,-109.66880267320629,-1.3094313831041644,-8.539143826907898,-2.002589913974532,-7.668677057121158,-9.582387499075367,63,0.6237623762376238,-510876839582.5574,-114357235178.03761,-359389642218.3667,-510877285238.8871,-114362931768.50249,-359389642692.8048,-28.19811086255613,-60.871155282121435,-28.142535947135883,79.46810189667565,-67.23040095613844,-29.185779619303332,445656.32970968296,5696590.464877641,474.4380798339844,-107.66621275923177,6.359245674017008,1.043243672167454,762,frame_000762.png
8001,8001,108,90,0.8333333333333334,90,1.0,90,53,0.5888888888888889,445654.7078525414,5696590.80368205,472.2258114237545,-1.5263888102490455,0.5871819509193301,-2.2255435567142854,-109.32453813378682,-4.878088405533545,-5.089547088579399,-1.7754633374903506,-10.701968125354512,-5.98161429712826,53,0.5888888888888889,7021546.013996719,9885753.768236525,-3763057.4466705495,6575889.779755368,4189163.5517364265,-3763531.89802553,-122.71184114573589,-64.18375103710204,76.70943397127387,-15.162766349439408,-70.00763075692299,75.81736676272499,445656.23424135166,5696590.216500099,474.4513549804688,-107.54907479629648,5.823879719820954,0.8920672085488592,763,frame_000763.png
8000,8000,107,94,0.8785046728971962,94,1.0,94,47,0.5,445655.3855166975,5696590.069351713,471.96940625881126,-0.6570440603536554,0.4034200254827738,-2.4511564853293635,-108.98581802989185,-5.942605061651433,1.6602367197383032,-1.5238332770496754,-9.641036698256471,0.18511650101171995,47,0.5,21862072177.40061,8062434949.825543,700181315.7258883,21861626521.35805,8056738360.159612,700180841.3053255,-112.2953103452935,-10.331047670664368,127.11286022915367,-4.833325592451331,-14.029479307269412,125.63774001042708,445656.04256075784,5696589.665931688,474.4205627441406,-107.46198475284218,3.698431636605035,1.4751202187265895,764,frame_000764.png
8000,8001,126,103,0.8174603174603174,103,1.0,103,55,0.5339805825242718,445654.5361868066,5696590.358925644,472.1697001667333,-1.4129142408492044,0.9852288207039237,-2.249672391860429,-108.3545379748927,-8.733811688905574,-5.391846327461478,-1.292542575611094,-11.74879260447267,-6.931964151811826,55,0.5339805825242718,8320827.8993343655,13293767.782552488,-7117172.04424371,7875171.950233318,7597178.408855665,-7117646.463616269,-90.0395599230869,-4.683662890837419,-179.8540887208915,17.022435476194715,-7.698643806404533,178.6057934547581,445655.9491010475,5696589.373696824,474.41937255859375,-107.06199539928161,3.0149809155671083,1.5401178243503613,765,frame_000765.png
8000,8000,147,123,0.8367346938775511,123,1.0,123,69,0.5609756097560976,445654.3427608786,5696589.842133641,472.1664263903165,-1.5158294582506642,0.7582122795283794,-2.2543194592929012,-108.44435260847513,-7.502100932570658,-5.314494113955372,-1.5760492107064579,-9.949711343394853,-6.55578947987172,69,0.5609756097560976,196479741.56531397,31141906.91955616,-55647810.233157404,196034085.70672363,25445317.835634798,-55648284.65390325,-133.20346895892152,-34.818779786377995,111.44899054725964,-26.33516556115285,-37.266390197202185,110.2076951813433,445655.85859033687,5696589.083921362,474.4207458496094,-106.86830339776866,2.4476104108241916,1.2412953659163553,766,frame_000766.png
8000,8000,134,96,0.7164179104477612,96,1.0,96,55,0.5729166666666666,445654.21348085697,5696589.500368524,472.22423194560713,-1.5515033414703794,0.7077079704031348,-2.18433739033037,-108.57678453531233,-7.855618115938301,-5.994455012948921,-1.7405416597301269,-9.652450148189814,-8.016898674303803,55,0.5729166666666666,120367365.49002136,-159751575.73434812,-198165104.73372865,119921709.72503716,-165448164.52700868,-198165579.14229798,-10.154982729879954,27.13250149053892,90.52653738051764,96.68126014570225,25.335669458287413,88.50409371916277,445655.76498419844,5696588.792660554,474.4085693359375,-106.83624287558219,1.7968320322514992,2.0224436613548766,767,frame_000767.png
8000,8000,123,104,0.8455284552845529,104,1.0,104,42,0.40384615384615385,445652.61941163347,5696589.253390788,472.0361506793178,-2.8994150956277736,1.3066102489829063,-2.3711979534946863,-111.16720204381582,-7.514228593308826,-17.524345349526634,-4.350748266384613,-9.775501058609336,-19.48992902672012,42,0.40384615384615385,-4713999.456661945,-13631261.74677122,-4766865.448913317,-5159654.975488674,-19327849.69355176,-4767339.85626195,103.13381663943932,-43.7998960620013,84.4449173888924,-150.04972958312948,-46.06116852730182,82.47933371169893,445655.5188267291,5696587.946780539,474.4073486328125,-106.8164537774312,2.261272465300514,1.9655836771934916,768,frame_000768.png
8000,8000,124,101,0.8145161290322581,101,1.0,101,51,0.504950495049505,445653.1588868726,5696588.3337213565,472.2226767435785,-2.278624592523556,0.6608745912089944,-2.1920876607183573,-110.04099313793942,-5.303651573516691,-11.041458963883787,-3.009864845687275,-7.292289894402813,-12.73392004423178,51,0.504950495049505,34443608.727560565,24403894.229660235,6688872.654230224,33997953.2900491,18707306.55681347,6688398.23946582,174.22068882755013,8.179043811701858,-56.20669025404753,-78.7481828801977,6.190405490815721,-57.899151334395526,445655.4375114651,5696587.672846765,474.4147644042969,-107.03112829225215,1.9886383208861307,1.6924610803480002,769,frame_000769.png
8000,8000,118,90,0.7627118644067796,90,1.0,90,51,0.5666666666666667,445653.9649206706,5696587.552693122,472.01199541919146,-1.203710110974498,0.6548547027632594,-2.4093302644022856,-108.70699845681318,-7.884975104398768,-3.0478400147162708,-1.0691718639725991,-9.349224875700685,-4.31461600480722,51,0.5666666666666667,484112.8864356146,5821588.1358115245,130970.41868592976,38457.717804833024,125001.23797310516,130495.99736024617,-50.99857543297561,50.18330408155678,111.31262698356286,56.639251159864955,48.71905431025485,110.0458509934719,445655.1686307816,5696586.897838419,474.42132568359375,-107.63782659284058,1.4642497713019211,1.2667759900909479,770,frame_000770.png
8000,8000,95,76,0.8,76,1.0,76,42,0.5526315789473685,445653.04769584734,5696587.681257536,472.23531865072675,-2.026986997341737,1.028853489086032,-2.1992821793513713,-110.25764468094187,-8.449079294494465,-10.077021225116598,-2.6097547250617197,-10.538278381219016,-11.128250774692162,42,0.5526315789473685,324685.44774508826,5841599.217371296,-232960.675589593,-120969.62693775643,145012.56496724952,-233435.1101904231,-148.80536247674746,9.394227488775515,-156.42388618349136,-41.157472520867316,7.305028402050965,-157.47511573306693,445655.0746828447,5696586.652404047,474.4346008300781,-107.64788995588015,2.089199086724547,1.0512295495755781,771,frame_000771.png
8000,8000,79,59,0.7468354430379747,59,1.0,59,34,0.576271186440678,445653.42930975585,5696586.586808912,471.9902754612789,-1.4702131056110375,0.41349081229418516,-2.439778249658616,-108.5218472101655,-5.225265280003982,-3.896257111581914,-1.3092365301250197,-7.607111913029826,-4.735395283710147,34,0.576271186440678,431251.9750188024,5622875.413922287,-19871.788367564084,-14402.924504059076,-73710.75939581357,-20346.21842127502,-42.32992527955043,-36.11209028191207,-142.55106270485138,64.88268540049006,-38.49393691493793,-143.3902008769796,445654.89952286147,5696586.1733181,474.4300537109375,-107.2126106800405,2.381846633025856,0.8391381721282227,772,frame_000772.png
8001,8000,111,86,0.7747747747747747,86,1.0,86,51,0.5930232558139535,445653.3815224484,5696586.8597815605,472.0513263779361,-1.331137515080627,1.148579217493534,-2.3908733290952,-108.09132862582773,-10.084460655656562,-4.29549779248043,-0.8190910321114302,-12.652826995153731,-4.52355200441346,51,0.5930232558139535,1863415.208559297,5960264.795555732,-1488915.1580025675,1417760.4958993336,263679.0843533892,-1489389.6002022745,-121.8070720417987,-10.192978912282273,-167.10721564972192,-14.534834448082421,-12.76134525177946,-167.33526986165495,445654.71265996346,5696585.711202343,474.4421997070313,-107.27223759371628,2.568366339497176,0.22805421193303485,773,frame_000773.png
8000,8000,74,60,0.8108108108108109,60,1.0,60,46,0.7666666666666667,445652.8869054752,5696585.443889713,472.0589080400614,-1.6622553195338696,0.18235895037651062,-2.3424286298604784,-109.49392776396289,-7.88706742174162,-5.146515678111163,-1.6373082488575506,-3.4151968427988493,-6.243577374123959,46,0.7666666666666667,940788.2883164601,2383951.5236436306,-626674.0591172107,495133.73915566533,-3312633.737887132,-627148.4604538806,54.87960437677655,28.90852146588718,106.6820824816084,162.73622389188188,33.38039204482993,105.58502078559559,445654.54916079476,5696585.261530763,474.4013366699219,-107.85661951510534,-4.471870578942761,1.0970616960127937,774,frame_000774.png
8000,8001,75,53,0.7066666666666667,53,1.0,53,41,0.7735849056603774,445652.7766017067,5696585.169832968,472.0185447217631,-1.566349807253573,0.33979747258126736,-2.367227983315047,-109.97658135382675,-7.130646228894704,-3.7405617643736324,-1.6667665558920817,-3.9585545378253926,-3.1751065741528635,41,0.7735849056603774,-54494592.515218,-34669196.331679486,-52849486.39925873,-54940246.85816951,-40365781.16171498,-52849960.78503144,-40.66998551877429,47.603374074947624,113.35130127272424,67.63982927916038,50.775465766016936,113.91675646294505,445654.34295151394,5696584.830035496,474.3857727050781,-108.30981479793466,-3.172091691069312,-0.565455190220777,775,frame_000775.png
8000,8000,74,53,0.7162162162162162,53,1.0,53,33,0.6226415094339622,445652.61472805974,5696585.878996444,472.33806986857803,-1.6947902776300907,1.102427282370627,-2.0787086958750933,-110.54747888080423,-10.50438297685083,-7.649307212504152,-2.18889714510226,-11.587173002296367,-7.741561932808679,33,0.6226415094339622,1824360.4226222476,5925036.185309478,1300116.0018134194,1378706.1131039103,228451.40874031652,1299641.585034855,127.30651219158378,47.66555605271015,-28.952763816816613,-124.33490607271426,46.5827660272646,-29.045018537121138,445654.30951833737,5696584.776569162,474.4167785644531,-108.35858173570197,1.0827900254455427,0.09225472030451771,776,frame_000776.png
8001,8000,80,58,0.725,58,1.0,58,42,0.7241379310344828,445652.7698291762,5696585.076602404,471.9447106302124,-1.5126024677301757,0.3426738176494837,-2.4632483541626016,-109.59108774536902,-5.908611728335556,-3.4434936987239833,-1.4200154869290316,-5.581554564865598,-3.093473851616949,42,0.7241379310344828,709765.123662139,6035334.920123289,39546.81629566342,264110.84123049513,338750.186194703,39072.408336679044,-94.24330907948516,-30.94793975408309,-177.34776914783342,13.92776317895482,-30.62088259061315,-176.99774930072638,445654.2824316439,5696584.733928586,474.407958984375,-108.17107225843999,-0.3270571634699529,-0.350019847107023,777,frame_000777.png
8000,8000,55,45,0.8181818181818182,45,1.0,45,26,0.5777777777777777,445652.0218004521,5696585.652115304,472.45930063756816,-2.231642974773422,0.9541786871850491,-1.9501842257131443,-111.84044151501186,-8.18016135393702,-11.382133616432156,-3.768603602370945,-8.675658567392475,-12.064581204345046,26,0.5777777777777777,46747429.36932453,165080219.88251284,-47728566.27527705,46301775.1158811,159383635.1845762,-47729040.68476191,-59.87054211419786,-3.3905574489680466,156.80023102533625,48.201295798443084,-3.886054662423504,156.11778343742333,445654.25344342686,5696584.697936617,474.4094848632813,-108.07183791264093,0.49549721345544706,0.6824475879128907,778,frame_000778.png
8000,8001,80,56,0.7,56,1.0,56,36,0.6428571428571429,445652.475181666,5696585.726882146,472.4927975664154,-1.7420835819793865,1.071144102141261,-2.1276247968659163,-110.30922766952234,-9.379474259944086,-7.508269980387381,-2.336660719660955,-11.329080371462055,-7.100125463524051,36,0.6428571428571429,5698075092735.747,294617400629.81885,-9021180986479.895,5698074647081.53,294611704045.1631,-9021180986954.516,133.6602455630357,-47.12331278664445,-142.619221315056,-118.36718748710291,-49.07291889816241,-142.21107679819266,445654.217265248,5696584.655738044,474.6204223632813,-107.97256694986139,1.9496061115179688,-0.40814451686333986,779,frame_000779.png
8000,8001,61,50,0.819672131147541,50,1.0,50,32,0.64,445652.7245753767,5696584.8833718505,472.0895991369503,-1.4708443801500835,0.2412899099290371,-2.626221175549688,-109.60700856187233,-4.612178542084052,-2.601401431944702,-1.418559959274603,-5.453007442477457,-1.3278741987400622,32,0.64,1769642.936867719,4588487.841925761,-523247.4919965901,1323988.7414479621,-1108096.8001561798,-523722.2078169026,-166.72101063774176,-47.100473563273226,-55.485072593867564,-58.53256203514401,-47.94130246366663,-54.21154536066294,445654.19541975687,5696584.642081941,474.7158203125,-108.18844860259775,0.8408289003933958,-1.2735272332046328,780,frame_000780.png
8001,8000,76,57,0.75,57,1.0,57,39,0.6842105263157895,445652.93143658235,5696585.672288699,472.44633776194473,-1.2449727120110765,1.0505284406244755,-2.323681769305267,-109.1512137414878,-11.342203024313786,-4.0567838231854,-0.9660355058846903,-11.858830921129766,-3.620169358954172,39,0.6842105263157895,-18560092482.19084,-7590040692.50136,6069502816.135488,-18560538136.367252,-7595737277.12312,6069502341.365468,-44.1774808939844,4.070291612257035,163.13480820722722,64.00769734161872,3.553663715441047,163.57142267145844,445654.17640929436,5696584.621760258,474.77001953125,-108.18517823560312,0.5166278968159811,-0.4366144642312371,781,frame_000781.png
8000,8000,69,50,0.7246376811594203,50,1.0,50,32,0.64,445652.5006275686,5696585.564893133,472.58579249454476,-1.6685803593718447,0.9586180141195655,-2.189231919517738,-109.90239175253153,-9.407255388130624,-6.674992459358282,-1.9070616043689483,-10.387455015671804,-6.022441948591165,32,0.64,5345613.921188706,-12575390.858467184,-1351516.6349684773,4899959.751980778,-18271975.464742303,-1351991.4099928914,28.21617925830267,-18.056506276833783,150.93490921095454,136.21150940646527,-19.03670590437497,151.58745972172164,445654.16920792795,5696584.606275119,474.7750244140625,-107.9953301481626,0.9801996275411753,-0.6525505107671112,782,frame_000782.png
8000,8000,68,52,0.7647058823529411,52,1.0,52,33,0.6346153846153846,445652.5650929816,5696585.188388532,472.42952062900844,-1.5769592649885453,0.6065696282312274,-2.3515462655228703,-109.05375319364704,-6.6470413300102535,-5.197239667215061,-1.5344057815338772,-7.829458671563657,-4.90377200357608,33,0.6346153846153846,423798.28680638236,5650355.318050457,-71327.92143527162,-21855.85524586425,-46229.26376844663,-71802.70250216615,-14.06596766493304,-56.05787848621806,-79.24664145717489,93.45337974718012,-57.24029582777146,-78.95317379353591,445654.1420522466,5696584.581818904,474.7810668945313,-107.51934741211316,1.1824173415534118,-0.2934676636389832,783,frame_000783.png
8000,8000,72,50,0.6944444444444444,50,1.0,50,29,0.58,445652.5164540562,5696584.808465838,472.189527772616,-1.6264248008956201,0.22768218256533146,-2.5898911726965252,-109.38881367113336,-3.5643726739523376,-4.928562069339472,-1.5083703139225975,-4.916688205299067,-5.530034778015732,29,0.58,14816574.794000357,10544739.089552438,13883211.593946883,14370920.6511215,4848154.508768782,13882736.814527938,138.33882235722672,79.12295272915813,-66.14609336730783,-113.78073428556252,77.77063719781142,-66.74756607598408,445654.1428788571,5696584.580783656,474.7794189453125,-107.88044335721077,1.352315531346717,0.6014727086762542,784,frame_000784.png
8000,8001,59,44,0.7457627118644068,44,1.0,44,30,0.6818181818181818,445652.58831301495,5696584.809399742,472.1807549051292,-1.580434360424988,0.2345025222748518,-2.59280466518328,-109.3796781886933,-3.751457277537728,-4.516349739495863,-1.5010801786443722,-5.088678129193255,-4.71880634889169,30,0.6818181818181818,-8394299.398808064,6618225.8229062185,6607087.903237103,-8839953.567555439,921641.248008999,6606613.129677532,51.530305588457665,18.93111829550721,109.87938120708237,159.40890359850658,17.593897443851688,109.67692459768654,445654.16874737537,5696584.574897219,474.7735595703125,-107.87859801004893,1.3372208516555377,0.2024566093958288,785,frame_000785.png
8000,8001,70,56,0.8,56,1.0,56,34,0.6071428571428571,445651.62812960724,5696585.520667954,472.6147385089269,-2.550410015974194,0.9461684310808778,-2.153266862166845,-112.29213563700124,-7.067212094404693,-13.536706574364759,-4.364310698902045,-8.08404427470225,-14.362322589537513,34,0.6071428571428571,26117503.8383367,32518862.550570913,-9975222.222110955,25671849.659797076,26822277.976071388,-9975696.990116326,-95.64714278769814,8.380459949985585,167.055048033558,12.280682150401049,7.363627769688009,166.22943201838524,445654.1785396232,5696584.574499523,474.76800537109375,-107.92782493809918,1.0168321802975693,0.8256160151727645,786,frame_000786.png
8001,8000,80,59,0.7375,59,1.0,59,34,0.576271186440678,445652.41782885755,5696584.84674817,472.3580491494175,-1.7626912518171594,0.2775946520268917,-2.402693038082475,-109.72013914205667,-4.290714115960578,-6.387015555760708,-1.8892224014947487,-5.023707692497396,-6.944576932347871,34,0.576271186440678,1360747981.9882708,343944351.69065875,-880415329.1823347,1360302327.8077507,338247767.1215052,-880415803.9430768,145.3901589106711,-11.441298553205387,-73.08172188468804,-106.77892434876702,-12.174292129742213,-73.63928326127521,445654.18052010937,5696584.569153518,474.7607421875,-107.8309167405619,0.7329935765368164,0.5575613765871734,787,frame_000787.png
8000,8001,66,48,0.7272727272727273,48,1.0,48,27,0.5625,445652.81762332784,5696584.859306538,472.06265381577134,-1.371080145938322,0.2848583934828639,-2.707976067041159,-108.60553042934161,-4.686907704505664,-2.4273341258874495,-1.2588372611529053,-5.352241245513682,-2.245617363938038,27,0.5625,69836571.54284689,-117152274.67885917,-25759742.87724463,69390917.35414341,-122848859.25330731,-25760217.64787451,147.00059245172412,-14.47778979389473,34.14644958236866,-105.65271438008716,-15.143123334902754,34.32816634431808,445654.1887034738,5696584.574448144,474.7706298828125,-107.34669316818871,0.6653335410080166,-0.1817167619494241,788,frame_000788.png
8000,8000,76,57,0.75,57,1.0,57,37,0.6491228070175439,445651.9131141735,5696585.6057795985,472.6026950901015,-2.331417564768344,1.0288305832073092,-2.147579568101605,-110.70147886954607,-7.592436638019427,-12.288677166924334,-3.7633745898194206,-8.817735669787623,-13.714930901640344,37,0.6491228070175439,915085.4939447967,5234817.191842481,695209.7811007642,469431.24941305845,-461767.3851065347,694735.030826106,65.33905218958238,57.44949464391147,-30.128474712445563,172.27715646930903,56.22419561214326,-31.55472844716155,445654.2445317383,5696584.576949015,474.7502746582031,-106.93810427972663,1.2252990317682007,1.426253734715997,789,frame_000789.png
8000,8000,78,53,0.6794871794871795,53,1.0,53,34,0.6415094339622641,445652.5037705397,5696585.462309614,472.56430881274184,-1.7649669023230672,0.8878566464409232,-2.1841347907737827,-109.52506091022262,-8.114851749810237,-8.680732331451729,-2.4677378914515202,-9.207587516349662,-10.79956795243038,34,0.6415094339622641,27423492.315593533,30772165.491825253,-17334386.75541189,26977838.04685609,25075580.917372286,-17334861.503855493,-95.376346651286,-15.181418095894806,152.23843488631982,11.68097636748513,-16.27415386243422,150.1195992653412,445654.26873744203,5696584.574452967,474.7484436035156,-107.05732301877111,1.0927357665394222,2.118835620978657,790,frame_000790.png
8000,8000,69,58,0.8405797101449275,58,1.0,58,35,0.603448275862069,445653.1193496287,5696586.2356116725,472.54347745332296,-1.172904176521115,1.6598084811121225,-2.2052408083958426,-108.1421216006306,-14.387644793814742,-6.715229602573199,-0.97882821375498,-15.99843879439075,-9.239454916826105,35,0.603448275862069,-25839563849.778442,6233743753.697728,21165248362.533173,-25840009504.070698,6228047169.121925,21165247887.784454,22.755590795745817,-2.0216197848120543,87.29152649862803,129.9188841826214,-3.6324137853880814,84.76730118437513,445654.2922538052,5696584.575803191,474.7487182617188,-107.16329338687561,1.610794000576015,2.5242253142529028,791,frame_000791.png
8000,8000,69,57,0.8260869565217391,57,1.0,57,33,0.5789473684210527,445652.7856872349,5696586.102288131,472.63880389212613,-1.5424048929708079,1.535908699966967,-2.112813539514491,-108.9570705504152,-12.854842017225588,-9.346032831166971,-1.660122209209021,-14.247242805241399,-12.100879599089154,33,0.5789473684210527,-4000054.3769460116,7426202.6383841,3833734.0075378325,-4445708.70503814,1729618.0720046693,3833259.255920401,9.61486422081408,9.14122259088027,78.54202373961817,116.91181256202026,7.748821802864455,75.787176971696,445654.32809212786,5696584.566379431,474.7516174316406,-107.29694834120617,1.3924007880158222,2.7548467679221775,792,frame_000792.png
8000,8000,72,55,0.7638888888888888,55,1.0,55,38,0.6909090909090909,445652.32377375336,5696585.513662325,472.696088367354,-2.036745132994838,0.9519869880750775,-2.052629894364827,-111.18610420399428,-8.414100673705642,-11.688181801839825,-3.224012629199194,-9.413374705215489,-14.550283030468819,38,0.6909090909090909,65775928.93604715,-29038401.343185533,-54815110.81473455,65330274.575528264,-34734985.90486087,-54815585.56345281,110.56969580507662,-32.24490571933018,-79.83624093153338,-141.46821262012827,-33.24417975084003,-82.69834216016237,445654.36051888636,5696584.561675337,474.7487182617188,-107.96209157479508,0.9992740315098473,2.862101228628986,793,frame_000793.png
8000,8000,60,49,0.8166666666666667,49,1.0,49,33,0.673469387755102,445652.2484119672,5696585.486743707,472.7227074799,-2.1219405728625134,0.9242021711543202,-2.0280249419749907,-111.86796452152511,-8.340594569312733,-12.174217201801834,-3.5277876025198225,-9.192294464639104,-14.739956999216588,33,0.673469387755102,21864921.208128788,71901062.13833426,-19649706.820879806,21419266.837776247,66204477.57579272,-19650181.571612228,-90.17327419233428,13.97507377126738,178.68749755202327,18.166902726671026,13.123373875941013,176.12175775460855,445654.37035254005,5696584.562541536,474.750732421875,-108.3401769190053,0.8516998953263688,2.565739797414757,794,frame_000794.png
8001,8000,78,59,0.7564102564102564,59,1.0,59,34,0.576271186440678,445651.7431246772,5696585.586113834,472.6992122405487,-2.636241715226788,1.0151122463867068,-2.059851480154407,-113.35370608441319,-7.331645312871866,-15.80360145986204,-4.78747664376084,-8.467705463010248,-18.276817449772977,34,0.576271186440678,362406.99972296937,5868635.2414178895,-53588.594647097925,-83247.37964342308,172050.67041630205,-54063.35371081863,-109.56379094510311,-24.096111833312378,-43.5941540795958,-0.997561504450772,-25.23217198345077,-46.06737006950675,445654.37936639244,5696584.571001587,474.7590637207031,-108.56622944065234,1.136060150138389,2.4732159899109365,795,frame_000795.png
8000,8001,72,52,0.7222222222222222,52,1.0,52,33,0.6346153846153846,445651.9042111931,5696585.54673658,472.8204228340568,-2.475349265267141,0.9724963158369064,-1.9428828300057148,-113.24037554416924,-7.739724139402313,-14.893159676761847,-4.478548731074568,-8.999901231029611,-17.68535374656139,33,0.6346153846153846,5783911.152401965,23193335.601354312,-3577933.3033280224,5338256.772841507,17496751.02711405,-3578408.0666336864,-84.8002458377875,24.170744033594488,-172.06169730427467,23.961580975307157,22.910566941967176,-174.8538913740742,445654.37956045836,5696584.5742402645,474.7633056640625,-108.76182681309466,1.2601770916273027,2.7921940697995438,796,frame_000796.png
8000,8001,76,61,0.8026315789473685,61,1.0,61,42,0.6885245901639344,445653.06100779516,5696585.572485543,472.6213533523572,-1.315678621409461,0.9915652209892869,-2.1412504074084495,-110.19318350494297,-10.880573638462408,-6.42192406172405,-1.4221176589692845,-11.75684516531581,-8.026232891092178,42,0.6885245901639344,73519511.09840503,-1148093029.421822,-660085794.6376525,73073856.72171861,-1153789614.0027423,-660086269.4002563,-173.01523050019821,45.583349514591106,166.66876449949837,-64.24416465422452,44.707077987737705,165.06445567013026,445654.37668641657,5696584.580920322,474.7626037597656,-108.7710658459737,0.8762715268533922,1.6043088293681202,797,frame_000797.png
8000,8000,64,55,0.859375,55,1.0,55,32,0.5818181818181818,445652.08102534665,5696585.581237522,472.8046562880202,-2.2887089727446437,0.9926636638119817,-1.965607383854774,-112.83602900597555,-8.629483780571217,-13.263329434312553,-3.9012885480379396,-9.564561599438662,-15.15466166374756,32,0.5818181818181818,2184049.6765147075,4893472.426505499,2775511.991364796,1738395.306780388,-803112.1620683596,2775037.2211011243,94.87155785550387,42.51208955207949,-9.22137965476365,-156.19370168655854,41.57701173321203,-11.11271188419866,445654.3697343194,5696584.588573858,474.770263671875,-108.9347404579376,0.9350778188674411,1.8913322294350192,798,frame_000798.png
8000,8001,79,56,0.7088607594936709,56,1.0,56,36,0.6428571428571429,445652.4457034524,5696585.5007921355,472.7132085140837,-1.920112643390894,0.8991366606205702,-2.0498530093537966,-111.59595393742879,-8.41575692548432,-10.454443536830016,-2.9147669146331623,-9.96189673387866,-12.38601931711321,36,0.6428571428571429,91523625.17952211,-99554374.25667965,-84776445.21481892,91077970.81370601,-105250958.85833512,-84776919.97788045,93.09175213843137,-1.7232431584664176,-86.45702171961426,-158.227060838773,-3.269382966860775,-88.38859749989746,445654.3658160958,5696584.601655475,474.7630615234375,-108.68118702279561,1.546139808394346,1.9315757802831997,799,frame_000799.png
8000,8000,74,52,0.7027027027027027,52,1.0,52,37,0.7115384615384616,445652.234253707,5696585.528996223,472.70559991091454,-2.125861628795974,0.9211788782849908,-2.0577667883042636,-111.98350162654644,-8.085547963053118,-11.57818267685733,-3.377269236578144,-9.47636028163788,-13.17966619724325,37,0.7115384615384616,4717411.020942515,-37174188.724507324,-4121094.996328708,4271756.6608271785,-42870773.33232467,-4121569.759695407,111.8983837666377,33.64947197946489,-161.83083620104793,-139.495383843394,32.25865966088014,-163.43231972143386,445654.3601153358,5696584.607817344,474.7633666992188,-108.6062323899683,1.3908123185847494,1.6014835203859237,800,frame_000800.png
8000,8000,81,61,0.7530864197530864,61,1.0,61,47,0.7704918032786885,445653.18801782245,5696585.774926999,472.54216403823375,-1.1638013303163461,1.1587438434362411,-2.229045678563125,-109.66699735170073,-11.909240852761714,-5.866413295008102,-0.9780250210998247,-13.218151549412227,-7.834935948223347,47,0.7704918032786885,6602085.453863051,15629641.294033393,-7732453.162565746,6156431.102043898,9933056.677850239,-7732927.933775463,-89.90395175216882,-2.5447239030589714,-176.5344190690279,18.785020578432068,-3.853634599709494,-178.50294172224315,445654.35181915277,5696584.616183155,474.7712097167969,-108.6889723306009,1.308910696650515,1.9685226532152411,801,frame_000801.png
8000,8000,76,54,0.7105263157894737,54,1.0,54,38,0.7037037037037037,445653.18840816704,5696585.895556741,472.57865811827776,-1.1625425400561653,1.268177297897637,-2.191636071175367,-109.63901683270447,-12.557174956818569,-6.005816301473934,-0.986082627598023,-14.101409535832886,-7.724091634830984,38,0.7037037037037037,7216942.624923776,24637739.587318353,-9605390.522549469,6771288.273973069,18941154.95993891,-9605865.292843658,-88.79314277467739,2.9039611904789284,176.4142713405919,19.859791430429084,1.3597266114646231,174.69599600723484,445654.3509507071,5696584.6273794435,474.7702941894531,-108.65293420510646,1.5442345790143135,1.718275333357063,802,frame_000802.png
8000,8000,59,40,0.6779661016949152,40,1.0,40,24,0.6,445652.3957310399,5696585.082022036,472.6355583702251,-1.9527957040118054,0.452061515301466,-2.1368415321186376,-111.3549923846339,-5.451987225863627,-9.252536013275538,-2.7061379158818113,-6.741153180297118,-10.797404645657792,24,0.6,656051.7745183762,6061603.284146724,-406189.10087837104,210397.42599163228,365018.65418620314,-406663.8732782734,-86.07306874581073,-10.555046457211049,-169.55245030647865,22.57578572294136,-11.844212411644548,-171.0973189388609,445654.34852674394,5696584.629960521,474.77239990234375,-108.64885446875208,1.2891659544334906,1.5448686323822411,803,frame_000803.png
8000,8000,73,54,0.7397260273972602,54,1.0,54,37,0.6851851851851852,445651.87685929425,5696585.585062688,472.72082528786535,-2.4663547781528905,0.9518369948491454,-2.0513609914315225,-112.82172249604595,-7.453741656023504,-13.83592328770817,-4.264453321869723,-8.73900581583419,-15.49615177993212,37,0.6851851851851852,16753350.669583395,883564.8967104191,4570449.171330178,16307696.326369323,-4813019.736515274,4569974.399143899,114.05670074336408,-0.38487002114285346,158.99809087152286,-137.38603008245968,-1.6701341809535393,157.33786237929894,445654.3432140724,5696584.633225693,474.7721862792969,-108.55726917417623,1.2852641598106946,1.660228492223944,804,frame_000804.png
8001,8001,69,48,0.6956521739130435,48,1.0,48,28,0.5833333333333334,445652.86272279796,5696584.903512928,472.2576807364264,-1.4783336574910209,0.2631443990394473,-2.51471916591737,-109.843732451123,-4.624067840852081,-5.039852198199951,-1.421477804608287,-5.949618914853005,-6.625955763052133,28,0.5833333333333334,5201313.633843936,12654050.31907744,5890064.266116565,4755659.29278748,6957465.678708911,5889589.493716663,-87.77755582984692,-4.9397062902991316,89.76293900273185,20.644698816667812,-6.265257364300055,88.17683543787967,445654.34105645545,5696584.640368529,474.77239990234375,-108.42225464651472,1.3255510740009282,1.5861035648521888,805,frame_000805.png
8000,8001,55,45,0.8181818181818182,45,1.0,45,27,0.6,445652.25939367525,5696585.5641393615,472.70167297241983,-2.063545313256327,0.9168431656435132,-2.0762200939864783,-111.3972923565861,-8.07349536729669,-10.400582352487906,-3.098809159480254,-9.537585737772986,-11.07211308528727,27,0.6,3259965.363066217,8831970.74109656,-64667.48795556859,2814311.0401272285,3135386.093800364,-65142.265848635,-157.57914556122049,21.532388583258143,-100.78607951899706,-49.28066236411462,20.068298212781855,-101.45761025179641,445654.3229389885,5696584.647296196,474.7778930664063,-108.29848319710587,1.464090370476299,0.6715307327993537,806,frame_000806.png
8001,8001,75,64,0.8533333333333334,64,1.0,64,44,0.6875,445652.0064236963,5696585.660974049,472.74311808910215,-2.3142575311940163,1.008111116476357,-2.038620192147846,-112.17596686973226,-8.320656829438112,-12.495545943110693,-3.8329313069828572,-9.450152007623046,-13.480934650368425,44,0.6875,16559838.93631219,27359253.848201822,-9115306.323982213,16114184.615630962,21662669.19533889,-9115781.105720494,-91.9134784049042,-4.481491205612972,150.379066695938,16.42955715784518,-5.6109863837978935,149.39367798868028,445654.3206812275,5696584.6528629325,474.78173828125,-108.34303556274939,1.129495178184921,0.9853887072577224,807,frame_000807.png
8000,8000,72,52,0.7222222222222222,52,1.0,52,36,0.6923076923076923,445652.6954717443,5696585.360983776,472.5681790532748,-1.623228600481525,0.699685625731945,-2.2050143061002245,-110.25885971859715,-7.459905787671504,-6.910875815259388,-2.0268977418494956,-9.008800644179274,-7.870603880131597,36,0.6923076923076923,12010219.794562576,22078736.05044236,2152568.8017720133,11564565.475862231,16382151.38914421,2152094.028578654,-149.52273292296138,43.97734728098385,-99.05723424066821,-41.29077094621371,42.42845242447606,-100.01696230554042,445654.31870034477,5696584.66129815,474.773193359375,-108.23196197674767,1.5488948565077811,0.9597280648722161,808,frame_000808.png
8000,8001,72,52,0.7222222222222222,52,1.0,52,40,0.7692307692307693,445652.7733071315,5696584.888054977,472.27349103498057,-1.5293455385835841,0.22074455581605434,-2.516425957206934,-109.66709865313953,-6.47720338511592,-4.6929416507004955,-1.4615163627038896,-4.21399297002543,-5.501038554349861,40,0.7692307692307693,334762.20612019266,5630004.449189745,-2794.7284376852313,-110892.09653247742,-66580.21812067647,-3269.5183546774188,49.66739425663098,-61.35738195378184,-103.51162488116505,157.87297654706663,-59.09417153869134,-104.3197217848144,445654.30265267007,5696584.667310421,474.7899169921875,-108.20558229043564,-2.2632104150904895,0.8080969036493593,809,frame_000809.png
8000,8000,72,56,0.7777777777777778,56,1.0,56,48,0.8571428571428571,445652.88461143326,5696585.259084138,472.50813272197655,-1.4165458953939378,0.5839444324374199,-2.2519685963828238,-109.53074546817312,-12.598297089830977,-5.363552301322983,-1.2258407859544604,-5.766629928245834,-6.538890982530404,48,0.8571428571428571,611127.4624109374,4988174.6108012125,246180.7852067329,165473.16125360876,-708410.0643384932,245706.02510541453,126.775661587309,-33.12399537434148,-100.35047945202423,-124.91943373047229,-26.29232821275633,-101.52581813323165,445654.30115732865,5696584.675139706,474.7601013183594,-108.30490468221868,-6.831667161585147,1.1753386812074154,810,frame_000810.png
8000,8000,59,43,0.7288135593220338,43,1.0,43,40,0.9302325581395349,445652.84126118734,5696584.935309966,472.31393433153414,-1.467711168457754,0.22579319402575493,-2.426574701668983,-109.58746647017719,-8.710006679068128,-4.526653648358998,-1.3945774884311959,-3.698498583523474,-5.536236836128609,40,0.9302325581395349,209287.8958683271,5996045.435091873,-1130389.184915577,-236366.4131040287,299460.72557510063,-1130863.9254246103,-40.865524993269204,-16.447829155184635,47.82884343699598,67.3273639884768,-11.436321059639994,46.819260249226375,445654.3089723558,5696584.709516772,474.7405090332031,-108.192888981746,-5.011508095544643,1.0095831877696078,811,frame_000811.png
8000,8001,60,41,0.6833333333333333,41,1.0,41,30,0.7317073170731707,445653.0077394288,5696585.587231059,472.36182851193394,-1.4141516368836164,0.5013549150899053,-2.375598245878564,-109.55732235016373,-8.237682219032216,-4.742607113919868,-1.3994827381712582,-7.991360351206055,-5.708756903460966,30,0.7317073170731707,1055712.1273306566,6922268.6566525195,810754.1134546029,610057.705439591,1225683.570776376,810279.3760278451,-75.68182110735161,51.917992503626664,144.20274551464095,32.47601850464088,52.164314371452804,143.23659572509985,445654.42189106566,5696585.085876144,474.7374267578125,-108.15783961199247,-0.2463218678261497,0.9661497895411075,812,frame_000812.png
8000,8001,83,72,0.8674698795180723,72,1.0,72,34,0.4722222222222222,445652.61294769007,5696585.808312258,472.2684508244236,-1.8671588319703005,0.5408003898337483,-2.514355572060765,-109.8040201286229,2.255223542253763,-7.4886824842632365,-1.7293469360335223,-8.389609519105989,-7.824667265084457,34,0.4722222222222222,-228942262.3447763,-611397296.2791516,484711181.52209926,-229387916.82488284,-617093881.5466634,484710706.73929286,-102.17379382245996,11.450640986215806,-140.1345882826536,5.900879370129417,0.8058079248560546,-140.4705730634748,445654.48010652204,5696585.267511868,474.7828063964844,-108.07467319258937,10.64483306135975,0.3359847808212208,813,frame_000813.png
8000,8000,91,80,0.8791208791208791,80,1.0,80,40,0.5,445652.9662561386,5696586.129679892,472.3531984598732,-1.6455311647732742,0.4812489589676261,-2.4205136983298985,-109.82427522900817,-3.4477630382186564,-6.5838624541287185,-1.3814486535725905,-7.687656521188757,-7.579037740087529,40,0.5,1309204.9108584519,4415728.617528723,-2569284.0890262043,863550.2990711485,-1280857.0309022106,-2569758.8627383625,57.845709334569854,-37.88944613127092,-92.44041510417075,166.2885359100054,-42.12933961424102,-93.43559039012955,445654.61178730335,5696585.648430933,474.7737121582031,-108.44282657543557,4.239893482970096,0.9951752859587969,814,frame_000814.png
8000,8000,93,75,0.8064516129032258,75,1.0,75,44,0.5866666666666667,445652.6989159788,5696586.871472323,472.65665546908,-1.9102815530495718,1.1539926994591951,-2.1244419430293533,-111.05666076640449,-10.020675180170942,-9.87504561985877,-2.6188740579392515,-11.54217249685692,-10.223056692345665,44,0.5866666666666667,867782.4054244009,5447485.1376071125,223287.6862588709,422127.7962268691,-249100.57987251133,222812.9051614588,150.5272312565251,-11.186875241523298,33.85634038187244,-101.03498203500965,-12.708372558209277,33.508329309385545,445654.6091975318,5696585.717479624,474.7810974121094,-108.43778670846525,1.5214973166859793,0.34801107248690255,815,frame_000815.png
8000,8001,84,69,0.8214285714285714,69,1.0,69,48,0.6956521739130435,445652.928904061,5696586.1860779645,472.4106857213836,-1.674626397085376,0.4548647506162524,-2.3626907434601776,-109.98331744948361,-5.505088700977569,-6.060513187140724,-1.7186848727777715,-7.058601343042312,-6.1659002173744,48,0.6956521739130435,11248700.561202755,16544769.16073588,-9085451.762625411,10803045.957672298,10848183.429522665,-9085926.536001876,-111.5615511653668,5.737596058318023,-166.40405146181703,-3.296918588660958,4.184083416253287,-166.50943849205072,445654.60353045806,5696585.731213214,474.77337646484375,-108.26463257670582,1.55351264206473,0.1053870302336843,816,frame_000816.png
8000,8000,81,60,0.7407407407407407,60,1.0,60,45,0.75,445652.91406650335,5696586.203691976,472.3518336054159,-1.6829275276977569,0.45629850681871176,-2.423801160209109,-109.55277882115163,-4.981273564653021,-5.69928469511558,-1.5752996208852323,-6.915604851075017,-5.56505040555237,45,0.75,-128991.25870583946,5722828.079443635,264926.73591249273,-574645.8556998705,26242.332050166093,264451.9602777271,26.71454263287554,5.010317282692401,81.32575193698904,134.6920218331419,3.07598599627039,81.45998622655225,445654.59699403105,5696585.747393469,474.775634765625,-107.97747920026639,1.9343312864220008,-0.13423428956320568,817,frame_000817.png
8000,8000,95,72,0.7578947368421053,72,1.0,72,50,0.6944444444444444,445653.1608114651,5696586.316263377,472.3178621216822,-1.42897011898458,0.557461766526103,-2.4610990599584284,-109.35602651824375,-6.027601993484861,-4.1832576681491815,-1.3601740404695022,-8.343826366498746,-4.1106256130848635,50,0.6944444444444444,-1275595483.5547884,-640854945.7053651,-171931585.75210226,-1276041138.1445699,-646551531.4641666,-171932060.53106344,-121.89102058308622,-26.592348882899977,92.55409998761648,-13.895168105311967,-28.908573255913865,92.62673204268077,445654.5897815841,5696585.75880161,474.7789611816406,-107.99585247777425,2.31622437301388,-0.07263205506430821,818,frame_000818.png
8000,8000,90,77,0.8555555555555555,77,1.0,77,43,0.5584415584415584,445653.32081576745,5696586.420123136,472.43893900774196,-1.2671438038814813,0.6403869241476059,-2.347071734445535,-109.20195994711372,-7.316817169458964,-3.780968499028705,-1.1655245232504967,-9.47066758050292,-3.9495693120843214,43,0.5584415584415584,211132045.18327907,-1022321916.1034545,-1330057866.3686075,210686390.5953195,-1028018501.8831906,-1330058341.1546183,55.29342201040689,-87.26974744876075,-14.609740654070203,163.32985743427014,-89.42359785980472,-14.778341467125813,445654.58795957133,5696585.7797362115,474.7860107421875,-108.03643542386324,2.153850411043958,0.16860081305560792,819,frame_000819.png
8000,8000,84,68,0.8095238095238095,68,1.0,68,39,0.5735294117647058,445653.1083647247,5696586.268257715,472.3572132435867,-1.4835543502122164,0.48269140906631947,-2.4271800669601475,-109.43482438653892,-5.67852898267248,-4.992710780354786,-1.4456318554044287,-7.677194062826715,-5.4637831699260175,39,0.5735294117647058,-6492125.590693136,16554758.80834025,-1114620.822376933,-6937780.1826122105,10858173.022773944,-1115095.6067702435,-64.8158226431294,48.72752426163174,-118.22408324865901,43.173369888005084,46.7288591814775,-118.69515563823023,445654.59191907494,5696585.785566306,474.7843933105469,-107.98919253113448,1.9986650801542363,0.47107238957122066,820,frame_000820.png
8000,8000,91,70,0.7692307692307693,70,1.0,70,42,0.6,445653.0615031362,5696586.437342128,472.4541207667685,-1.5367897018441,0.6531789805740118,-2.330211508622142,-109.8179274206088,-7.062856176295012,-5.893082667424742,-1.8548302248877917,-8.699323462855062,-6.6414492997576815,42,0.6,174208511.61665663,49827609.533374615,88665325.94680162,173762857.0183638,44131023.74921147,88664851.16246934,154.5688711651607,57.203557398038576,-78.4066946437098,-97.4680316391183,55.567090111478535,-79.15506127604274,445654.598292838,5696585.784163147,474.7843322753906,-107.96309719572099,1.6364672865600487,0.7483666323329482,821,frame_000821.png
8000,8001,88,75,0.8522727272727273,75,1.0,75,42,0.56,445653.27044083615,5696586.319020026,472.3287999688209,-1.3354100305587053,0.537668701261282,-2.4554102362572507,-109.42728206498039,-6.42602708726958,-4.609790687979161,-1.343652098049688,-8.318865992704701,-5.9664648348176,42,0.56,21142684.944399294,-18874717.845092382,27712606.744126186,20697030.338548426,-24571303.626443706,27712131.95991598,96.74476890419254,14.072997117555186,-1.9333278949682184,-155.17160112887677,12.180158212120062,-3.2900020418066447,445654.6058508667,5696585.781351325,474.7842102050781,-108.08362996693069,1.8928389054351122,1.3566741468384287,822,frame_000822.png
8000,8000,85,68,0.8,68,1.0,68,44,0.6470588235294118,445653.3079645842,5696586.297978774,472.35822263022527,-1.3216455198125914,0.5352869620546699,-2.4207995865716043,-109.64219045062744,-6.902912687250827,-4.436391788286375,-1.5043261422918022,-8.384696996237466,-5.716454517088863,44,0.6470588235294118,-29630824.55193205,21933033.205190986,6106178.838144078,-30076479.181542154,16236447.442499176,6105704.059121861,5.202622154474806,-20.540552672733767,96.15743100539625,113.34048646281047,-22.0223369817204,94.87736827659376,445654.629610104,5696585.762691812,474.7790222167969,-108.13786430833565,1.4817843089866303,1.28006272880249,823,frame_000823.png
8000,8000,97,80,0.8247422680412371,80,1.0,80,47,0.5875,445652.99402602913,5696586.141880675,472.36172740396836,-1.639394082245417,0.38667056150734425,-2.4136327034535157,-109.72675019603001,-4.806499540957789,-6.39529459359961,-1.6479892065916033,-6.493875179381206,-7.694471998570663,47,0.5875,3608182.5705754384,18365474.530781277,12675499.343950054,3162527.937155327,12668888.775571164,12675024.568589946,-32.35038853768618,60.30548179152913,122.75333066087823,75.72837245175225,58.618106153105714,121.45415325590716,445654.6334201114,5696585.755210114,474.7753601074219,-108.07876098943842,1.6873756384234189,1.2991774049710576,824,frame_000824.png
8000,8000,86,66,0.7674418604651163,66,1.0,66,37,0.5606060606060606,445653.38257902215,5696586.385192471,472.50495297811557,-1.2591096637770534,0.6502505112439394,-2.2761139164157385,-109.48907271604597,-7.596498832984871,-4.9044382329193335,-1.2616850378621507,-9.639210297891424,-6.419755995705145,37,0.5606060606060606,54658622394.79585,29246557334.220623,-27673043522.784184,54658176740.15417,29240860748.48568,-27673043997.56525,-40.63414493744117,46.7490020103597,-32.60456884879169,67.59324274074265,44.70629054545316,-34.1198866115775,445654.6416886859,5696585.734941959,474.7810668945313,-108.22738767818382,2.0427114649065445,1.5153177627858165,825,frame_000825.png
8000,8000,107,80,0.7476635514018691,80,1.0,80,50,0.625,445653.3888545737,5696586.614743678,472.39129537770117,-1.2523731219698675,0.8965711537748575,-2.3936472492519556,-108.99092968662076,-9.265225546735804,-4.681615588534598,-1.0306048563152785,-10.958053196517426,-5.7916627641448315,50,0.625,-4629260661.354964,-17405648180.034473,329939751.144681,-4629706315.996192,-17411344765.752647,329939276.35973835,-115.17704251173099,-37.14841045577262,18.464338130046208,-7.216717681425507,-38.841238105554254,17.35429095443598,445654.6412276957,5696585.718172524,474.7849426269531,-107.9603248303055,1.692827649781635,1.1100471756102352,826,frame_000826.png
8000,8000,83,60,0.7228915662650602,60,1.0,60,38,0.6333333333333333,445652.9988612985,5696586.155080381,472.43108706485407,-1.633067063987255,0.46931407134979963,-2.3566631792865564,-109.60557361268349,-5.391615780479077,-6.819985433696351,-1.6292963666137723,-7.072579388344849,-8.595615653631455,38,0.6333333333333333,392391731.0752863,71039330.52000153,-384448280.47795427,391946076.44335794,65342744.83423522,-384448755.2657045,-72.48169434271259,-60.42852386785384,175.12656173405387,35.49458290335713,-62.10948747571962,173.35093151411877,445654.6319283625,5696585.6857663095,474.7877502441406,-107.97627724606971,1.680963607865785,1.7756302199350915,827,frame_000827.png
8000,8001,85,74,0.8705882352941177,74,1.0,74,45,0.6081081081081081,445653.0170717306,5696586.05008591,472.3423261097215,-1.607117603707593,0.371219445951283,-2.447316224262863,-109.45791840040752,-4.961704036675904,-5.753601893457903,-1.5112254109620267,-6.169250413083034,-6.66815660867195,45,0.6081081081081081,-4529665.167880485,7715839.806176091,1408269.598962533,-4975319.792069819,2019254.127309627,1407794.809320199,-66.07386720571166,34.30807708897518,-60.3171982309972,41.872825783733845,33.10053071256806,-61.23175294621123,445654.6241893343,5696585.678866464,474.7896423339844,-107.9466929894455,1.2075463764071188,0.9145547152140358,828,frame_000828.png
8001,8001,63,51,0.8095238095238095,51,1.0,51,36,0.7058823529411765,445653.2641186376,5696586.180623238,472.48756915672266,-1.3356265504844487,0.5294657470658422,-2.3032023276523432,-109.54987552047947,-7.391384569035514,-4.730817068525118,-1.3095130524287697,-8.265476018434441,-5.689013833052684,36,0.7058823529411765,68578.29445877083,8607724.208898123,2149694.1801511664,-377076.30528641725,2911138.5577406324,2149219.389379682,-32.03229990197163,31.007649129522324,111.68823682293437,76.2080625660791,30.133557680123403,110.73004005840681,445654.5997451881,5696585.651157491,474.790771484375,-108.24036246805069,0.8740914493989278,0.9581967645275641,829,frame_000829.png
8000,8000,68,57,0.8382352941176471,57,1.0,57,35,0.6140350877192983,445653.05388928315,5696586.163521645,472.4395887881008,-1.5140241524786688,0.5092927850782871,-2.374070879867986,-109.8562291672826,-6.092394354779817,-5.361861407431727,-1.6625675202864727,-7.760271868670742,-5.9249307788160195,35,0.6140350877192983,-19375719.851158805,21767977.258022852,27210195.850014716,-19821374.41907224,16071391.603793994,27209721.03635505,-94.60986185681129,31.084973817790132,-7.13700136738745,13.583799790184855,29.4170963038992,-7.700070738771757,445654.56791343563,5696585.65422886,474.8136596679688,-108.19366164699613,1.6678775138909192,0.563069371384307,830,frame_000830.png
8001,8001,71,55,0.7746478873239436,55,1.0,55,37,0.6727272727272727,445652.2168980654,5696587.083038357,472.6885755938186,-2.340362047951203,1.4290804825723171,-2.133903654228277,-112.01057268271688,-10.417338001150675,-13.386387251846164,-3.6360336837603597,-12.235207499049409,-13.568646199572441,37,0.6727272727272727,869367.4045189867,6642536.30017969,-16482.680734577123,423712.84725887334,945950.6462218156,-16957.50321382517,-73.75849501601304,7.91011928631686,142.11220202539687,34.616043982943495,6.0922497884181155,141.9299430776706,445654.55726011336,5696585.6539578745,474.8224792480469,-108.37453899895652,1.8178694978987429,0.18225894772626747,831,frame_000831.png
8000,8000,83,69,0.8313253012048193,69,1.0,69,46,0.6666666666666666,445653.1355574508,5696586.169256468,472.39438551054656,-1.4132762453518808,0.5124510377645493,-2.429497546094069,-109.76408193879789,-6.748507210328208,-4.438381055112101,-1.5507783151945205,-7.980623593246747,-4.690347829234156,46,0.6666666666666666,-242972265.3818394,57270809.53627859,-10922712.230907984,-243417919.9306731,51574223.87947316,-10923187.05479104,-8.80653184974003,-43.10419971400154,45.811061482806856,99.40677177386334,-44.336316096920086,45.559094708684796,445654.5488336962,5696585.656805431,474.8238830566406,-108.21330362360335,1.232116382918549,0.2519667741220662,832,frame_000832.png
8000,8000,73,55,0.7534246575342466,55,1.0,55,42,0.7636363636363637,445652.8174305781,5696586.176844684,472.4562780527966,-1.7181063656462356,0.5209807064384222,-2.362630638609687,-109.77785233023542,-5.798366107818956,-5.95053296969752,-1.774803645306008,-7.2360808712417395,-5.372902319993301,42,0.7636363636363637,-822893.2558581305,6595101.857230295,-461436.0391589326,-1268547.7913950742,898516.2013663175,-461910.858067624,-44.806028352868445,-37.81509518223673,-101.15069966412266,63.19702033206096,-39.25280994565949,-100.57306901441842,445654.53553694376,5696585.655863978,474.8189086914063,-108.00304868492941,1.4377147634227714,-0.5776306497042286,833,frame_000833.png
8000,8000,83,70,0.8433734939759037,70,1.0,70,49,0.7,445653.0507738437,5696586.129866652,472.387153163057,-1.481806730327662,0.46100804302841425,-2.4274525498336175,-109.93032059954255,-5.718845905928297,-5.235438850743777,-1.5131063681882324,-7.641103040336759,-5.969017137093658,49,0.7,56085835.240031146,-1007829155.3919436,632815914.1330796,55640180.70745057,-1013525741.0608022,632815439.3184739,-10.592722555242643,47.68846477468775,100.89255221761246,97.82449167611168,45.766207640279276,100.15897393126261,445654.53258057404,5696585.668858609,474.8146057128906,-108.41721423135434,1.9222571344084767,0.7335782863498695,834,frame_000834.png
8000,8000,65,48,0.7384615384615385,48,1.0,48,36,0.75,445653.1889672661,5696586.266653009,472.3927020021406,-1.3503732957760803,0.5840292172506452,-2.41427431621878,-109.78357438933817,-6.544110035445516,-4.949498494841682,-1.167271546872655,-9.044445626864075,-5.947861716964724,36,0.75,21757092.414303236,33068617.080735825,-3511794.8400871963,21311437.874962673,27372031.398112033,-3512269.6470635147,-105.03840062413879,-58.70497353317482,81.42014963484645,3.5779022183267273,-61.205309124593384,80.4217864127234,445654.5393405619,5696585.6826237915,474.8069763183594,-108.61630284246552,2.5003355914185685,0.9983632221230548,835,frame_000835.png
8000,8000,74,61,0.8243243243243243,61,1.0,61,44,0.7213114754098361,445652.93555996247,5696586.159533122,472.3693961426614,-1.6012633674545214,0.4626256274059415,-2.440723486244906,-110.18138997384398,-4.970925195040855,-5.215126827802973,-1.6721905384331421,-7.68292514132591,-4.742846530245544,44,0.7213114754098361,-5436810267.370079,-7974300593.190048,-2522792611.0471835,-5437255921.906902,-7979997178.886955,-2522793085.857303,35.77755545371738,39.50174785514754,-102.67017211188349,144.28675488912825,36.789747908862495,-102.19789181432607,445654.5368233299,5696585.696907494,474.8101196289063,-108.50919943541084,2.711999946285045,-0.47228029755741935,836,frame_000836.png
8000,8000,75,60,0.8,60,1.0,60,38,0.6333333333333333,445652.91437435267,5696586.290661891,472.438676954969,-1.613101074239239,0.5735204527154565,-2.3769053204215993,-110.0009444087104,-5.251264284972446,-5.288751093741536,-1.626140016748991,-8.597343790655827,-4.332590966543961,38,0.6333333333333333,9198702206.734266,1887348490.570224,54551325869.06594,9198256552.20679,1881651904.8530827,54551325394.25036,-95.5642952382591,-20.94435448827398,-111.11237082508873,12.810509153702299,-24.29043399395735,-110.15621069789115,445654.5274754269,5696585.717141438,474.8155822753906,-108.37480439196139,3.3460795056833805,-0.9561601271975713,837,frame_000837.png
8000,8000,82,68,0.8292682926829268,68,1.0,68,42,0.6176470588235294,445652.7950740635,5696586.236647825,472.4089872373965,-1.7164329126826487,0.4855393134057522,-2.4054964051816228,-110.13890991824904,-4.141188465349006,-6.129364664282959,-1.6866211484476992,-7.876415401111387,-5.756252386095241,42,0.6176470588235294,3229386.9693436855,7213633.390971886,1070392.9108877257,2783732.4578367095,1517047.6398633746,1069918.096404083,169.42230296649143,70.26468264992327,-80.31436391206526,-82.12540826370724,66.52945571416089,-79.94125163387754,445654.5115069762,5696585.751108511,474.8144836425781,-108.45228876980134,3.7352269357623875,-0.37311227818771797,838,frame_000838.png
8000,8000,92,71,0.7717391304347826,71,1.0,71,43,0.6056338028169014,445652.5944187248,5696586.274429293,472.4133149752926,-1.9040911573683843,0.5103802615776658,-2.3952482571292535,-110.16760195144309,-4.103746513372997,-6.455552534688908,-2.003002532981327,-7.137300429531024,-4.737312310101828,43,0.6056338028169014,-1429958907.5158157,-359122476.1927804,-611981951.2880642,-1430404562.0143256,-364819061.9568294,-611982426.0966275,135.9095721739937,-19.428437914252733,-178.4836677731651,-115.92582840754454,-22.46199183041074,-176.76542754857803,445654.4985098822,5696585.764049032,474.8085632324219,-108.16459941846178,3.0335539161580165,-1.7182402245870816,839,frame_000839.png
8000,8001,86,63,0.7325581395348837,63,1.0,63,38,0.6031746031746031,445652.99714856053,5696586.434144632,472.3588273039544,-1.47724318865221,0.6548924129456282,-2.452207852295601,-108.83122357143507,-5.146340711000693,-4.9409838695202755,-1.5000925430339294,-8.728006275542072,-4.9613987312939685,38,0.6031746031746031,420620.51880266017,5815087.9246222265,-40167.43441392103,-25033.95558908902,118502.14537000749,-40642.24544907728,-106.90889871058819,-60.54537685117258,8.64501670987608,0.4222323178129841,-64.12704241571394,8.624601848102373,445654.4743917492,5696585.779252219,474.81103515625,-107.33113102840116,3.581665564541366,0.020414861773694584,840,frame_000840.png
8000,8001,97,73,0.7525773195876289,73,1.0,73,44,0.6027397260273972,445652.73551779176,5696586.426903725,472.3933283836887,-1.797705379256513,0.6261090496554971,-2.419904038186303,-109.00514910919475,-3.6654901593320597,-7.53323212778314,-1.9705234947419683,-8.149492415869616,-8.734248077395478,44,0.6027397260273972,-20074961.207483683,-12993104.684231892,32870671.21601239,-20520615.740706854,-18689690.48502657,32870196.402779967,-46.56055933596778,49.36195695400737,-0.3654919626352252,60.474066278485,44.87795469746982,-1.5665079122475447,445654.533223171,5696585.800794675,474.813232421875,-107.03462561445278,4.484002256537563,1.2010159496123258,841,frame_000841.png
8000,8000,100,81,0.81,81,1.0,81,39,0.48148148148148145,445652.7611287634,5696586.383271371,472.3614128103993,-1.7869931178283878,0.5761173898354173,-2.4556343087413097,-109.14065418818497,-2.8041906418440514,-7.286451618761396,-1.6054560049884117,-8.079350644392832,-8.04675115694181,39,0.48148148148148145,123266385.86824916,-109333649.54322909,-664846.9548041224,122820731.32012728,-115030235.35038307,-665321.7718512416,94.7243666778752,32.50462966337915,-69.79551683102103,-157.74043513892826,27.229469660830375,-70.55581636920144,445654.5481218812,5696585.807153981,474.8170471191406,-107.53519818319656,5.27516000254877,0.7602995381804047,842,frame_000842.png
8000,8000,82,65,0.7926829268292683,65,1.0,65,37,0.5692307692307692,445653.3742704563,5696586.586461206,472.4949695958718,-1.2118404965149239,0.7660828288644552,-2.327540169753206,-109.37627206449044,-7.17860125780335,-4.178069733853113,-1.124149798242911,-11.206890673673286,-4.650954598083928,37,0.5692307692307692,-33464363.101346094,-2589.5918727973476,84708738.4457311,-33910017.68745705,-5699175.412251174,84708263.62322134,-51.795663706784325,29.337385703470986,27.022789305252104,56.45645855946319,25.30909628760105,26.54990444102131,445654.58611095283,5696585.820378377,474.822509765625,-108.25212226624751,4.028289415869947,0.4728848642308045,843,frame_000843.png
8000,8000,90,66,0.7333333333333333,66,1.0,66,43,0.6515151515151515,445652.92322529474,5696586.354616924,472.39943456619574,-1.666342084587086,0.5210685292258859,-2.425302982632388,-110.09216647170288,-3.923847179855604,-6.640134749436248,-1.6220827885994424,-8.328917638300311,-7.336905059447616,43,0.6515151515151515,9513722015.934164,9743598169.253208,-9469045036.21286,9513276361.344597,9737901583.41966,-9469045511.037598,140.6251345795293,30.829800308390578,-144.91684562302527,-110.90478173736727,26.424729849945862,-145.61361593303664,445654.5895673793,5696585.833548395,474.8247375488281,-108.47008368310344,4.405070458444707,0.6967703100113806,844,frame_000844.png
8000,8000,94,72,0.7659574468085106,72,1.0,72,39,0.5416666666666666,445653.01383032236,5696586.460003699,472.4106959380307,-1.5468087062472478,0.6241085957735777,-2.405710311969301,-109.83316544803388,-5.4007609079757035,-5.574617352820705,-1.6378880389733865,-9.17800698976987,-5.654962367131304,39,0.5416666666666666,-12468334.096093573,66306730.606895864,12183186.68690243,-12913988.656732602,60610144.77100076,12182711.87049618,-45.80958600882251,30.619846092368885,148.09154374986747,62.38569140023799,26.842600010574728,148.01119873555683,445654.5606390286,5696585.835895103,474.81640625,-108.1952774090605,3.7772460817941638,0.0803450143106039,845,frame_000845.png
8000,8000,88,77,0.875,77,1.0,77,46,0.5974025974025974,445652.86857459793,5696586.290822108,472.35218280355616,-1.6863802511943504,0.46731620747596025,-2.4618430753501457,-109.64561223418491,-3.8669077453141525,-6.247332481451434,-1.649750677767429,-7.419032564095346,-6.696272421807663,46,0.5974025974025974,658420.1012635934,5994972.146857276,-328379.7906138012,212765.5463087443,298386.3233513748,-328854.6046396801,-106.17169497974095,1.5575920984274318,-152.16244258303115,1.8241665766765323,-1.9945327203537602,-152.6113825233874,445654.5549548491,5696585.823505901,474.8140258789063,-107.99586155641748,3.5521248187811856,0.44893994035623125,846,frame_000846.png
8000,8000,90,70,0.7777777777777778,70,1.0,70,43,0.6142857142857143,445653.1976778874,5696586.514912126,472.35969433601815,-1.3580699563608505,0.7054154938086867,-2.4508525389818487,-109.14640985589966,-6.901026567444972,-4.768593491934014,-1.2766018010896403,-9.727169348159407,-5.620000048098376,43,0.6142857142857143,-7243790.095825319,9095076.418173406,-12960679.00327218,-7689444.6515731625,3398490.6086767744,-12961153.813819055,-53.19640038789342,-12.59987648238379,-109.8653074197238,54.6734076669166,-15.426019263098226,-110.71671397588817,445654.55574784375,5696585.809496632,474.810546875,-107.86980805481002,2.82614278071443,0.8514065561643654,847,frame_000847.png
8000,8001,89,62,0.6966292134831461,62,1.0,62,33,0.532258064516129,445652.48549342377,5696586.787959292,472.60902584680747,-2.0742943575023673,0.9945424273610115,-2.1999951492862806,-110.91556801777897,-6.928257999075842,-10.867627218290972,-2.905982354143333,-10.576521412049374,-11.939281767286474,33,0.532258064516129,10269477.742645668,6193386.446252233,-30450230.450063102,9823823.182857886,496800.6528353691,-30450705.259084098,-108.98646046545069,-36.77530746872263,-153.53130735705213,-0.9768748018150575,-40.42357088169615,-154.60296190604763,445654.55978778127,5696585.793416864,474.80902099609375,-108.00958566363563,3.6482634129735185,1.0716545489955078,848,frame_000848.png
8000,8001,98,78,0.7959183673469388,78,1.0,78,45,0.5769230769230769,445653.05990821414,5696586.306065774,472.40897302479675,-1.5196089600794949,0.5326990494504571,-2.413628293562624,-109.65157325344991,-4.2528254162059715,-6.104787323088288,-1.7206958586301084,-8.615628561994498,-7.57247661111785,45,0.5769230769230769,74807357272.01982,215818080020.73462,-358247719570.9885,74806911617.4403,215812383434.96124,-358247720045.81116,-47.803634337158854,52.25215028074705,94.72420596550911,60.12724305766096,47.88934713495854,93.25651667747957,445654.5795171742,5696585.773366724,474.8226013183594,-107.93087739481982,4.362803145788528,1.4676892880295702,849,frame_000849.png
8000,8001,82,66,0.8048780487804879,66,1.0,66,39,0.5909090909090909,445652.97866179276,5696586.265674215,472.393933090247,-1.609126475348603,0.5036670416593552,-2.4280273589718036,-109.75828516602895,-4.441699174906603,-6.062493503789706,-1.755611274242483,-8.153162685942618,-6.881271133943812,39,0.5909090909090909,-414841927605.76227,155024351968.33017,63169167656.59895,-414842373260.35004,155018655382.56818,63169167181.77699,-68.16499790443751,-55.18634158848157,109.33371396932604,39.83767598734897,-58.89780509951758,108.51493633917192,445654.5877882681,5696585.762007173,474.8219604492188,-108.00267389178647,3.711463511036017,0.81877763015412,850,frame_000850.png
8000,8000,84,65,0.7738095238095238,65,1.0,65,38,0.5846153846153846,445652.96698358934,5696586.256667227,472.4202961847698,-1.6190410781418905,0.5018375869840384,-2.4085307195270502,-109.8065198825471,-3.8365738008442953,-6.704458738258616,-1.7362127538878553,-8.269035056422268,-8.082314132817658,38,0.5846153846153846,16237941.609925566,14203844.913521657,-50800906.633814886,15792287.023900898,8507259.158692017,-50801381.46264179,-85.70463791904403,-47.942277421327944,-173.30947207677136,22.36566920961519,-52.374738676905906,-174.6873274713304,445654.5860246675,5696585.75482964,474.8288269042969,-108.07030712865924,4.4324612555779614,1.3778553945590453,851,frame_000851.png
8000,8001,91,61,0.6703296703296703,61,1.0,61,29,0.47540983606557374,445651.7312909663,5696586.97447936,472.5371703251169,-2.8483054916141555,1.231650572270155,-2.292236413164403,-112.46193580802326,-5.891130892995926,-16.753057224140562,-4.385572601564036,-10.063668010465761,-17.83540009097368,29,0.47540983606557374,7229264.737674481,8932841.184230186,-4109979.4804348294,6783610.158078023,3236255.4414013987,-4110454.3098415677,-102.213618409701,-37.687304903720054,138.9210021398837,5.862744796758193,-41.85984202118988,137.83865927305055,445654.5795964579,5696585.742828787,474.8294067382813,-108.0763632064592,4.172537117469839,1.0823428668331272,852,frame_000852.png
8000,8000,105,81,0.7714285714285715,81,1.0,81,46,0.5679012345679012,445653.2041426375,5696586.361353865,472.51377872663005,-1.3693680645083077,0.6270101750269532,-2.316604574151256,-109.91615641694594,-6.33289254888676,-5.234525814820626,-1.635384606294366,-9.663125681838153,-6.110481734000189,46,0.5679012345679012,937965.7453374973,3315036.015655056,-754647.3192979586,492311.1718267953,-2381549.7186886338,-755122.1496812594,150.77034702949723,4.899359712203467,168.01085334328477,-100.94888115985123,1.569126579252071,167.13489742410525,445654.573510702,5696585.73434369,474.8303833007813,-108.28077181065157,3.330233132951383,0.8759559191795561,853,frame_000853.png
8000,8000,87,70,0.8045977011494253,70,1.0,70,44,0.6285714285714286,445653.0349497194,5696586.662746175,472.50027748162285,-1.5322792504448444,0.9428325956687331,-2.3275118250177798,-109.79958359975655,-7.822901450297035,-6.568757120560043,-1.623529437747834,-11.484899531329404,-6.977402501939679,44,0.6285714285714286,-703240884.0075516,702701533.5268427,24979995.959323168,-703686538.5747805,697004947.8069291,24979521.13153386,-105.84709498510297,-9.7059916732051,-27.072115834964844,2.328959176905755,-13.36798975423747,-27.48076121634449,445654.5672289698,5696585.7199135795,474.8277893066406,-108.17605416200873,3.661998081032383,0.4086453813796374,854,frame_000854.png
8000,8000,83,63,0.7590361445783133,63,1.0,63,36,0.5714285714285714,445652.97178612277,5696586.051389516,472.4053136337996,-1.587076286203228,0.3774297144263983,-2.390310145497267,-110.23861263862158,-4.775893415318369,-6.825310023534919,-1.7031889591085019,-6.900013658546811,-8.971189831892104,36,0.5714285714285714,43660283.67667919,-28948320.153154846,-28519576.050010763,43214629.117816776,-34644905.82711465,-28520050.845634542,121.60180519717473,11.503197779281383,-110.0883522686813,-129.8627711233122,9.37907753605296,-112.2342320770385,445654.558862409,5696585.673959802,474.7956237792969,-108.53542367951307,2.1241202432284307,2.145879808357196,855,frame_000855.png
8001,8002,85,70,0.8235294117647058,70,1.0,70,42,0.6,445652.704118254,5696586.171892219,472.4510907032511,-1.8205169854336418,0.5273391613736749,-2.3664752147176955,-109.70798655578675,-4.199585504340998,-7.291728561981051,-1.9134673022019797,-7.43744500827745,-7.592089334777114,42,0.6,1213775.4288148498,2673547.3658640794,3800330.6407032553,768120.9041796103,-3023038.2786889784,3799855.8231373373,51.607937711859456,31.13290075815377,-3.531488070903894,159.40245696544423,27.89504125421732,-3.8318488436999587,445654.52463523945,5696585.644553058,474.8175659179688,-107.79451925358478,3.237859503936447,0.30036077279606216,856,frame_000856.png
8001,8000,72,58,0.8055555555555556,58,1.0,58,37,0.6379310344827587,445653.0896690718,5696586.26125971,472.3060765272102,-1.426065422478132,0.6225680392235518,-2.516433238414777,-108.97176046252102,-6.085403403884081,-4.101497928962283,-1.4116068658796053,-8.889622585701147,-4.0278655310135605,37,0.6379310344827587,-13050233.613522355,33708293.085678644,12396455.827641416,-13495888.129256848,28011707.446986973,12395981.00513165,-89.64308342126952,-1.1974421927946235,-18.525992062528736,17.91707017537189,-4.001661374611672,-18.45235966458,445654.51573449426,5696585.638691671,474.822509765625,-107.56015359664141,2.80421918181706,-0.07363239794872671,857,frame_000857.png
8000,8000,82,64,0.7804878048780488,64,1.0,64,33,0.515625,445653.1970437829,5696586.227531707,472.53478254114776,-1.3334501814097166,0.6099969102069736,-2.285285818227237,-109.36357984424095,-6.3071817675986805,-5.623958949275946,-1.552912267836092,-9.3049924231984,-7.760295945388691,33,0.515625,11458564907.785147,9031212222.586855,4491944542.623351,11458119253.254652,9025515636.96932,4491944067.803283,-155.9051464761391,62.92044587144197,-113.56628502586831,-48.09447889973424,59.92263521584226,-115.70262202198104,445654.5304939643,5696585.617534797,474.820068359375,-107.81066757640485,2.99781065559972,2.1363369961127336,858,frame_000858.png
8000,8001,78,59,0.7564102564102564,59,1.0,59,39,0.6610169491525424,445653.01090168924,5696585.999185282,472.34896158505217,-1.5326710139634088,0.3938341559842229,-2.466071373932209,-109.79575274216744,-4.198558501977298,-6.425310618911703,-1.8291854430057697,-7.123045521178199,-9.083384277099725,39,0.6610169491525424,-14291432.172456415,17496024.01089917,-32074493.48351324,-14737086.716029119,11799438.405548045,-32074968.2985462,133.87380104030362,-76.55646811895448,-140.77174955924323,-118.15963166053473,-79.4809551381554,-143.42982321743125,445654.5435727032,5696585.605351126,474.8150329589844,-107.96656729916168,2.9244870192009036,2.658073658188021,859,frame_000859.png
8000,8000,81,67,0.8271604938271605,67,1.0,67,41,0.6119402985074627,445653.0026921677,5696586.049967885,472.3358591613716,-1.5593853411846794,0.47043525241315365,-2.4713918151908842,-109.3978810470453,-4.613831787225435,-5.910142630489342,-1.5004171545422196,-7.515912289579376,-7.1433508837239685,41,0.6119402985074627,7239030.133760034,7314954.372233029,8869632.915741153,6793375.571682525,1618368.7927003969,8869158.108490176,102.04956584149468,62.86968331965773,-12.167395993888935,-150.0529702660022,59.96760281730377,-13.400604247123567,445654.5620775089,5696585.579532633,474.8072509765625,-107.8974638925031,2.9020805023539453,1.2332082532346185,860,frame_000860.png
8000,8000,89,71,0.797752808988764,71,1.0,71,39,0.5492957746478874,445653.1223229482,5696586.0468805935,472.3280565953312,-1.4343178587732837,0.4870043583214283,-2.484626510137616,-109.22864059880173,-5.189141252630021,-5.467374763985461,-1.328948527086709,-7.77413593915324,-7.2499487850739115,39,0.5492957746478874,32346023.165800486,20779926.783417404,7767011.777103711,31900368.60915968,15083341.223541168,7766536.964420605,-123.97844599444946,48.985404202997024,-179.90818996062168,-16.07875392273445,46.400409516473815,178.30923601828988,445654.55664080696,5696585.559876235,474.8126831054688,-107.89969207171502,2.58499468652321,1.7825740210884393,861,frame_000861.png
8000,8000,89,71,0.797752808988764,71,1.0,71,49,0.6901408450704225,445652.7628654361,5696585.99484336,472.4714467540002,-1.7806115166749805,0.43489911034703255,-2.346698997952899,-110.45801028588865,-4.25901891541636,-7.0718050504826415,-1.903593083051959,-7.295963305121461,-7.115404881679808,49,0.6901408450704225,519730.9603397811,5369571.605304861,-425154.4421525649,74076.41686282831,-327013.95463938825,-425629.26029831683,30.46765204570288,-47.11518598219995,-77.75981869439998,139.02206924853954,-50.15213037190503,-77.80341852559715,445654.54347695276,5696585.55994425,474.8181457519531,-108.55441720283669,3.0369443897050896,0.04359983119717244,862,frame_000862.png
8000,8001,76,58,0.7631578947368421,58,1.0,58,34,0.5862068965517241,445652.942957261,5696586.255723866,472.506996399692,-1.5658807305735536,0.6895039100199938,-2.320945494839293,-109.79535338541723,-6.73580174764537,-4.421026527960834,-1.6375170131173888,-9.51421649322262,-2.3367008663219906,34,0.5862068965517241,-1369437.6163992437,5378274.191785642,708379.6183982866,-1815092.1252372353,-318311.37443431374,707904.7904563921,56.129556969689304,45.017145072159146,-29.883429427023476,164.28739334198917,42.2387303265819,-27.799103765384643,445654.50883799157,5696585.566219956,474.8279418945313,-108.15783637229984,2.7784147455772517,-2.084325661638833,863,frame_000863.png
8000,8000,65,57,0.8769230769230769,57,1.0,57,32,0.5614035087719298,445652.7994560119,5696585.9772287505,472.35484901554395,-1.649866299238056,0.39097768161445856,-2.461007918049802,-110.04487499160051,-4.583571985886539,-5.383796306051954,-1.4410546272213196,-6.826703985185645,-4.8020691128112105,32,0.5614035087719298,665060.1406962806,5911645.622467438,55264.24916084479,219405.6913739695,215060.0362163689,54789.433303911195,-111.31259145876597,48.34003379399358,-172.01314539019688,-2.708771094386776,46.096901794694446,-171.43141819695614,445654.44932231115,5696585.586251069,474.81585693359375,-108.60382036437919,2.243131999299121,-0.5817271932407506,864,frame_000864.png
8001,8001,81,57,0.7037037037037037,57,1.0,57,35,0.6140350877192983,445652.8500563477,5696586.352579607,472.4113570084301,-1.5742626787978224,0.7562605692073703,-2.398701585319884,-109.27333009537769,-6.697312282378944,-4.585783101867419,-1.2983654644092724,-9.486830931613241,-3.341192403761454,35,0.6140350877192983,9426291.356913969,13401761.369778916,22233441.257723752,8980636.932594942,7705175.773459879,22232966.44766516,-106.46531713421547,41.72729860413525,-96.83901159249277,1.5096474967529616,38.93777995490095,-95.59442089438681,445654.4243190265,5696585.5963190375,474.81005859375,-107.97496463096842,2.7895186492343096,-1.2445906981059511,865,frame_000865.png
8000,8000,86,68,0.7906976744186046,68,1.0,68,47,0.6911764705882353,445653.0391799676,5696586.231389578,472.3041281878235,-1.3668135668267496,0.6252771448343992,-2.523264390301506,-109.36093714724394,-6.255825478405443,-3.214712537872387,-1.0572872542672371,-9.339374526357943,-1.911284093436251,47,0.6911764705882353,2423230.300882142,4899025.065219506,-1214348.075366168,1977575.8948886076,-797560.5408929279,-1214822.9027587462,135.93093367512398,-19.19613560316975,145.83482727059967,-115.76541643189933,-22.27968465112224,147.13825571503583,445654.4059935344,5696585.606112434,474.827392578125,-108.3036498929767,3.083549047952498,-1.3034284444361453,866,frame_000866.png
8000,8000,91,73,0.8021978021978022,73,1.0,73,43,0.589041095890411,445652.9027077424,5696586.250234286,472.54960471627857,-1.502042618172709,0.6277546221390367,-2.2669541216120592,-110.18814758686844,-6.539526604125542,-5.8360006143596594,-1.6865066840940983,-9.280071489466025,-6.109714540293595,43,0.589041095890411,11137880.953607751,7060664.789805452,-1711580.3582924139,10692226.54885739,1364079.1673257882,-1712055.1748512518,-136.92150499580066,-34.39023734397901,102.91947699877772,-28.41986409302632,-37.13078222931949,102.6457630728438,445654.4047503606,5696585.622479664,474.8165588378906,-108.50164090277434,2.7405448853404826,0.27371392593393723,867,frame_000867.png
8000,8000,77,58,0.7532467532467533,58,1.0,58,40,0.6896551724137931,445652.4662500572,5696586.178343068,472.4830635800714,-1.9342303486191668,0.5333929248154163,-2.3429557070379587,-110.6072220168604,-4.254407678321911,-7.335075327453482,-2.0080065949851473,-7.707351271645564,-6.131331999428198,40,0.6896551724137931,414878.40563775034,16382316.210630793,712850.3477701074,-30775.99484265549,10685730.56568065,712375.5217508203,-91.98080998780235,-38.270543056813885,40.24116124459938,16.618405434072912,-41.723486650137545,41.444904572624665,445654.40048040583,5696585.644950143,474.8260192871094,-108.59921542187526,3.452943593323651,-1.2037433280252763,868,frame_000868.png
8000,8000,78,65,0.8333333333333334,65,1.0,65,42,0.6461538461538462,445652.4956528888,5696586.123890984,472.48070367414107,-1.898162013036199,0.46920838207006454,-2.3569122926558066,-110.82820932591235,-4.3310362212308675,-6.750423102806535,-2.0338648625025257,-7.382653893354444,-5.124238013396763,42,0.6461538461538462,-47795888.00882078,16135139.695065841,-47042313.80318233,-48241542.40263568,10438554.040383238,-47042788.6407983,-122.23851417801684,-70.18660960295271,107.87272270980856,-13.444169714607028,-73.23822727507628,109.49890779921833,445654.3938149018,5696585.654682602,474.8376159667969,-108.79434446340983,3.0516176721235717,-1.6261850894097725,869,frame_000869.png
8001,8000,73,56,0.7671232876712328,56,1.0,56,35,0.625,445653.0844900961,5696586.266011211,472.3007769073055,-1.3012461644830182,0.6013223147019744,-2.536991647382024,-109.30229656686923,-6.477294278251932,-2.4869859864167165,-0.9198103716755099,-9.283172307431528,-0.5100501109562288,35,0.625,-548964.2403640498,5522373.537828184,-928276.9842204327,-994618.6261003104,-174212.12686071265,-928751.8219889874,-90.30691548920717,4.050969348892959,107.33582195225598,18.075570705986564,1.2450913197133673,109.3127578277165,445654.38573626056,5696585.664688896,474.8377685546875,-108.38248619519374,2.8058780291795857,-1.9769358754604947,870,frame_000870.png
8000,8000,95,73,0.7684210526315789,73,1.0,73,42,0.5753424657534246,445652.7347932617,5696586.198203023,472.2966079206071,-1.6274458483676426,0.520586745813489,-2.5435410051742338,-109.31719330538716,-4.837190618199574,-4.182137686589593,-1.558896183367949,-7.633787566300214,-2.404578483907841,42,0.5753424657534246,-23769135.090348136,1580599097.781545,954761095.0551529,-24214789.452587247,1574902512.1039286,954760620.215004,-102.6577770535525,-16.165428393648643,-147.38059339229753,5.100520068466722,-18.962025341749296,-145.60303418961578,445654.36223911005,5696585.677616277,474.8401489257813,-107.7582971220192,2.7965969481006545,-1.7775592026817526,871,frame_000871.png
8001,8000,83,65,0.7831325301204819,65,1.0,65,39,0.6,445652.8715004044,5696586.407321466,472.57895041428384,-1.5131072525982745,0.7185695273801684,-2.260282984153662,-110.10638308396666,-6.518843374873152,-6.2114051491748095,-1.7613928197930306,-10.089947648377319,-6.700137466884769,39,0.6,-15433649.90148281,7685236.1163737,-5234497.4899361,-15879304.286090467,1988650.4276217613,-5234972.329169499,25.33879256434902,13.839964220430142,-179.78268761722956,133.68378282852268,10.268859946925971,179.72858006506044,445654.384607657,5696585.688751939,474.8392333984375,-108.34499026417363,3.5711042735041607,0.48873231770996034,872,frame_000872.png
8000,8002,95,76,0.8,76,1.0,76,51,0.6710526315789473,445652.7919685203,5696586.164718956,472.36317092308445,-1.6212261149776168,0.46775895450264215,-2.4611698972280465,-109.67152116001691,-4.067188973137631,-6.0438570114440395,-1.5165705438719783,-7.713344694113005,-6.532750147063638,51,0.6710526315789473,-118378835.13728695,-454896132.1356505,-115750286.64417948,-118824489.55048159,-460592717.8326105,-115750761.4685203,135.89129530249107,3.3707947728408336,163.55136096530487,-115.95375408136397,-0.275360948134562,163.06246782968526,445654.4131946353,5696585.696960001,474.8243408203125,-108.15495061614493,3.6461557209753823,0.4888931356195892,873,frame_000873.png
8000,8000,95,75,0.7894736842105263,75,1.0,75,53,0.7066666666666667,445652.7206579127,5696586.244405383,472.4165532177589,-1.7096912151318975,0.538454626686871,-2.423992436537958,-109.79812116941604,-4.353781292377636,-5.764241230409714,-1.5852135820706508,-8.04386988353744,-4.603182968716965,53,0.7066666666666667,2957276.0974788275,20707690.91439326,-8244691.9918529205,2511621.6671296996,15011105.208442505,-8245166.832398575,-90.17149290869622,1.0517277337284483,-179.52482327299205,18.041414678649176,-2.638360857431337,-178.3637650112993,445654.43034912786,5696585.705950757,474.8405456542969,-108.2129075873454,3.690088591159793,-1.1610582616927478,874,frame_000874.png
8001,8000,82,66,0.8048780487804879,66,1.0,66,44,0.6666666666666666,445652.57061748893,5696586.227545882,472.4611882214328,-1.864186862949282,0.5190745899453759,-2.375420665286015,-110.27086801659854,-4.379639823453603,-6.992469067653636,-1.8675231131789474,-7.57427594671816,-6.146640037303172,44,0.6666666666666666,-466308080690.76624,-452025841374.2586,2884392485.7297363,-466308526345.20105,-452031537959.9671,2884392010.8931274,53.48259598136607,29.102702981227175,169.87876134944398,161.88594088478567,25.908066857962638,170.72459037979445,445654.4348043519,5696585.708471292,474.8366088867188,-108.40334490341961,3.194636123264543,-0.8458290303504614,875,frame_000875.png
8000,8000,96,64,0.6666666666666666,64,1.0,64,40,0.625,445652.92249604536,5696586.1379079595,472.290117908489,-1.5126119006890804,0.4256783099845052,-2.5383733024485196,-109.41551279496355,-4.141131428113434,-3.867218293346413,-1.0483555689853574,-7.615365465895337,-2.754691951853232,40,0.625,-37026168034.198074,98469359991.24773,-71635240948.05283,-37026613688.63318,98463663405.53549,-71635241422.88132,-56.26791421182384,9.99769856780045,-147.85556369790598,52.099243014154325,6.523464530018543,-146.7430373564128,445654.43510794605,5696585.71222965,474.8284912109375,-108.36715722597818,3.4742340377819043,-1.1125263414931914,876,frame_000876.png
8000,8001,80,69,0.8625,69,1.0,69,45,0.6521739130434783,445652.68630249007,5696586.274891135,472.3966039505302,-1.7454619087511674,0.5605160975828767,-2.4369531783760863,-109.63538544827054,-4.749250042885983,-5.194257308468484,-1.5602063972789892,-7.979109702928497,-2.9970911801001137,45,0.6521739130434783,5609479.464791489,-22387750.512348663,39465964.17697145,5163825.03302709,-28084336.2267237,39465489.34341432,-57.9169299410438,18.401830442515294,-133.6780266586297,50.15824910994775,15.171970782472783,-131.48086053026134,445654.4317643988,5696585.714375038,474.8335571289063,-108.07517905099155,3.229859660042508,-2.197166128368379,877,frame_000877.png
8000,8000,81,61,0.7530864197530864,61,1.0,61,45,0.7377049180327869,445652.7220361434,5696586.269048855,472.3685032163486,-1.699091233429499,0.5532880164682865,-2.4665797914639143,-109.42985912646733,-4.849362284366799,-4.845292707994604,-1.5915839136783916,-7.869893354233199,-2.8831320167418255,45,0.7377049180327869,24493004.292277556,8343148.799567588,-943228.9475314431,24047349.87115018,2646563.0838067494,-943703.7826144509,-89.26265312956609,-19.556828909163286,150.3207704828769,18.575622083222868,-22.577359979029694,152.28293117412966,445654.42112737685,5696585.715760838,474.8350830078125,-107.83827521278896,3.020531069866408,-1.9621606912527796,878,frame_000878.png
8002,8000,85,62,0.7294117647058823,62,1.0,62,35,0.5645161290322581,445652.8989764953,5696586.21939379,472.3893353116909,-1.5341800597379915,0.5129899615421891,-2.435554825027907,-109.41546881294607,-5.085276901676889,-5.194806033510118,-1.3581683974701377,-8.025701118653956,-5.167276262714267,35,0.5645161290322581,-5815618.654548636,16917863.82144975,77546490.38234156,-6261273.087705191,11221278.11504592,77546015.55745143,-80.49693775426525,32.90757731577797,44.48054949650974,27.560362661210718,29.96715309880088,44.50807926730559,445654.43315655505,5696585.706403828,474.8248901367188,-108.05730041547595,2.9404242169770805,-0.02752977079584644,879,frame_000879.png
8000,8000,73,57,0.7808219178082192,57,1.0,57,34,0.5964912280701754,445652.73384184827,5696586.242638377,472.44666624285287,-1.7130279793636873,0.5434878310188651,-2.367969987615936,-109.93346820594802,-4.8717628180940205,-6.5419671354823885,-1.7339371763446252,-8.015784046276025,-6.448961343654531,34,0.5964912280701754,307877.75819803175,5839904.242890002,20868.310717111686,-137776.68867179588,143318.54373945668,20393.496080881217,-12.118354673163344,-7.504883961890905,103.60778804095983,96.0811763564401,-10.648905190072924,103.70079383278767,445654.44686982763,5696585.6991505455,474.8146362304688,-108.1995310296034,3.144021228182004,-0.09300579182786044,880,frame_000880.png
8000,8001,81,67,0.8271604938271605,67,1.0,67,41,0.6119402985074627,445652.86953881505,5696586.218921085,472.5053174590553,-1.6076524336240254,0.5286021269857883,-2.304741134694723,-109.97769286446275,-5.376068707903972,-6.0228093266153,-1.825633621155788,-8.262438947878707,-6.157827792528508,41,0.6119402985074627,476184.9606288871,5818022.339918995,114946.79764924888,30530.48343763844,121436.64960003737,114471.98759065513,-41.77555356495344,-50.0459158549985,21.657484104737055,66.37650567835351,-52.932286094973236,21.52246563882383,445654.4771912487,5696585.690318958,474.81005859375,-108.15205924330697,2.8863702399747364,0.13501846591321304,881,frame_000881.png
8000,8001,96,82,0.8541666666666666,82,1.0,82,53,0.6463414634146342,445652.70726921456,5696586.204451762,472.4307505805413,-1.7814413296873681,0.5222174786031246,-2.3758900444586857,-109.77565299362584,-4.394335485693274,-6.811901375087576,-1.8617888056743368,-7.543899403142632,-6.765236239192433,53,0.6463414634146342,622242.7572487122,5738780.7970044855,-248705.9070272126,176588.268538168,42195.114770201966,-249180.7136678376,-131.19658997751114,-20.478152414927504,-166.3945160105671,-23.282725789559663,-23.62771633237685,-166.34785087467196,445654.48871054425,5696585.682234284,474.806640625,-107.91386418795149,3.1495639174493477,-0.04666513589512944,882,frame_000882.png
8000,8000,90,68,0.7555555555555555,68,1.0,68,39,0.5735294117647058,445653.19066633674,5696586.511452003,472.3486181490305,-1.3136727586970665,0.832736131735146,-2.4583886869070284,-109.046595942525,-7.233751445744932,-4.781628995455722,-1.0354291871146586,-10.874262004394382,-5.3283122651099575,39,0.5735294117647058,-45967303.73596234,174929814.47370428,-69770587.48015314,-46412958.24030144,169233228.7949884,-69771062.28715998,-37.79631143043081,3.845269263336891,171.74724390268463,70.21485532497954,0.2047587046874355,171.20056063303036,445654.50433909544,5696585.678715872,474.8070068359375,-108.01116675541034,3.640510558649448,0.5466832696542406,883,frame_000883.png
8000,8000,87,70,0.8045977011494253,70,1.0,70,45,0.6428571428571429,445652.9781552884,5696586.091262468,472.3391305587515,-1.5856459903297946,0.4323438471183181,-2.461009822107883,-109.57887628346907,-4.183471113922333,-6.137844660634404,-1.5060594696756766,-7.321826501130829,-7.426357553850778,45,0.6428571428571429,3004936.007750982,7388952.781081248,6128266.1889421735,2559281.443949703,1692367.122162627,6127791.388801793,-103.64729893036322,26.70833430908266,71.9127444679057,4.425517883430189,23.569978921874167,70.6242315746893,445654.5638012787,5696585.658918621,474.8001403808594,-108.07281681379341,3.1383553872084966,1.2885128932163834,884,frame_000884.png
8000,8000,93,71,0.7634408602150538,71,1.0,71,41,0.5774647887323944,445652.97942565195,5696586.246853823,472.56164512617653,-1.5971844706800766,0.5954026794061065,-2.236908340620346,-110.15867848750321,-5.652071676260516,-7.1416832096599725,-1.967155679180479,-9.032688687134652,-8.656631927808803,41,0.5774647887323944,38979626.4890365,37523627.3156397,-33309274.393178247,38533971.912426375,31827041.664188553,-33309749.191731714,-101.57808108115566,0.3161048506767048,-173.02306643055493,6.613441727167071,-3.064512160197438,-174.53801514870378,445654.57661012263,5696585.651451143,474.7985534667969,-108.19152280832273,3.3806170108741407,1.5149487181488381,885,frame_000885.png
8000,8001,73,61,0.8356164383561644,61,1.0,61,32,0.5245901639344263,445653.00517689105,5696586.068212349,472.27202373956703,-1.5815115224686451,0.41704320535063744,-2.5195106842610926,-109.7273889741983,-3.3306281340068797,-5.4059829761389455,-1.425598743704711,-7.559571742307696,-5.887662471266253,32,0.5245901639344263,95703644754.66267,77092562419.02232,-68979793525.73712,95703199100.07599,77086865833.37115,-68979794000.52866,-89.33907512588495,-0.1604324560982116,179.61062436287736,18.962715104608634,-4.389376064399045,179.12894486775008,445654.5866884135,5696585.651169144,474.7915344238281,-108.30179023049358,4.228943608300825,0.48167949512729613,886,frame_000886.png
8000,8001,94,74,0.7872340425531915,74,1.0,74,40,0.5405405405405406,445652.9553235642,5696586.048464926,472.1921836771294,-1.6178630130016245,0.3963273046538234,-2.6015480123237467,-109.53876110465825,-2.7027235579591573,-4.6027246580640355,-1.4794476150280218,-7.314225696765334,-3.888012713835991,40,0.5405405405405406,378371.3867034576,5662589.081720606,110430.15168684276,-67283.18648311956,-33996.57041701488,109955.3579551533,-116.12755769293749,15.805467830210407,-40.95752269843769,-8.068244203307245,11.19396569140423,-40.24281075420964,445654.5731865772,5696585.652137621,474.7937316894531,-108.05931348963023,4.61150213880619,-0.7147119442280411,887,frame_000887.png
8001,8000,86,70,0.813953488372093,70,1.0,70,39,0.5571428571428572,445653.17028589704,5696586.318423036,472.4819224684139,-1.4041118015884422,0.678236904554069,-2.278209367523573,-109.61664724415023,-6.536208990710933,-5.579111395437303,-1.5742830837852466,-9.84070700097854,-6.758676303723973,39,0.5571428571428572,-52291209.33760676,311793441.87226486,163472452.4067829,-52736863.912004456,306096856.23207873,163471977.64665106,170.82566557905372,-2.266856639619263,-81.11161948720137,-81.13197026058128,-5.571354649886871,-82.29118439548805,445654.5743976986,5696585.640186131,474.7601318359375,-108.042364160365,3.3044980102676056,1.1795649082866853,888,frame_000888.png
8001,8000,74,53,0.7162162162162162,53,1.0,53,31,0.5849056603773585,445653.2432503869,5696586.121779105,472.35936042962936,-1.3700903087155893,0.5149302193894982,-2.402785566464388,-109.31373205761358,-4.951621456622895,-5.581165566996774,-1.4724973967688584,-8.590732114114445,-7.976562809433915,31,0.5849056603773585,208458199.89258176,2239694.613624622,-193966600.02120098,208012545.27924106,-3456890.993224263,-193967074.78334698,-146.8540375723628,0.47865807662828114,-158.66713515279412,-39.01280291151812,-3.1604525808632786,-161.06253239523127,445654.6133406956,5696585.606848885,474.76214599609375,-107.8412346608447,3.6391106574915555,2.3953972424371495,889,frame_000889.png
8000,8001,76,58,0.7631578947368421,58,1.0,58,32,0.5517241379310345,445653.31647585065,5696586.308674082,472.47106491408084,-1.3132156900246628,0.7079796371981502,-2.2949262968566586,-109.23927075874923,-6.551489510375809,-5.524784700343987,-1.2974193512442866,-10.19158355236894,-7.30738992340963,32,0.5517241379310345,14389793.061854465,28995824.39824203,5310069.01625229,13944138.432162924,23299238.797547586,5309594.2502610795,-85.22745874010023,42.47641300157184,169.9383108839081,22.714392667404724,38.836318959578705,168.15570566084244,445654.6296915407,5696585.600694445,474.7659912109375,-107.94185140750496,3.640094041993122,1.7826052230656524,890,frame_000890.png
8000,8000,78,62,0.7948717948717948,62,1.0,62,36,0.5806451612903226,445653.22029577865,5696586.056787457,472.2464266634049,-1.4215097712585703,0.4605598021298647,-2.523806490891957,-109.41042735559762,-4.344587156753228,-5.3320644389856025,-1.4601128621450812,-7.916697442462834,-7.35810893714654,36,0.5806451612903226,488693.1039066134,5782112.843378937,-113221.44995892895,43038.46210106352,85527.24715128168,-113696.22019208324,-63.770566316251774,-24.713318073333827,-175.8197073458268,44.17974817720079,-28.285428359043436,-177.84575184398773,445654.6418055499,5696585.596227655,474.7702331542969,-107.95031449345255,3.5721102857096017,2.0260444981609225,891,frame_000891.png
8000,8000,65,49,0.7538461538461538,49,1.0,49,27,0.5510204081632653,445653.15975602716,5696586.216498152,472.54554954584626,-1.4898708619875833,0.6382057974115014,-2.2193735498568685,-109.73666907547955,-6.224939147926811,-6.961493969116738,-1.6998849619808993,-9.349611610253248,-9.211991762471285,27,0.5510204081632653,-8733177.798499815,10831537.07668942,-27457023.39716176,-9178832.448126704,5134951.498397065,-27457498.162084855,-73.27646166166994,-38.87220158490636,-118.79217723607616,34.7603224518287,-41.99687404723281,-121.04267502943071,445654.64962688915,5696585.578292355,474.7649230957031,-108.03678411349864,3.124672462326448,2.2504977933545582,892,frame_000892.png
8000,8000,71,55,0.7746478873239436,55,1.0,55,33,0.6,445653.3106123115,5696586.100759017,472.32554169269696,-1.3499941052868962,0.5490885060280561,-2.4287918033967912,-109.29166318638404,-6.032965418636898,-5.726877184683441,-1.287321943790829,-8.496823257024602,-8.59226064148973,33,0.6,63034602.83178245,-48764015.47649697,-33036886.084541872,62588948.17117604,-54460601.028167486,-33037360.83887537,125.88092007046988,26.916285074601028,-113.8320667234768,-126.1147386869369,24.45242723621331,-116.69745018028308,445654.6606064168,5696585.551670511,474.75433349609375,-108.00434124259321,2.463857838387706,2.865383456806291,893,frame_000893.png
8000,8000,72,57,0.7916666666666666,57,1.0,57,34,0.5964912280701754,445653.16911557806,5696586.20064069,472.4246648690907,-1.4938223909121007,0.6549608064815402,-2.332720384815616,-109.5355384323278,-6.224479937034229,-6.700967663591955,-1.6247196061541729,-9.178883222707498,-9.002006940131224,34,0.5964912280701754,5552911133.191771,13009643672.762135,-12979948771.701271,5552465478.528832,13003947087.216455,-12979949246.458656,-95.4593095205038,1.265872522927361,-150.5315210326597,12.451509305669845,-1.6885307627458985,-152.83256030919898,445654.66293796897,5696585.545679883,474.7573852539063,-107.91081882617362,2.954403285673254,2.3010392765392713,894,frame_000894.png
8001,8000,62,43,0.6935483870967742,43,1.0,43,22,0.5116279069767442,445652.8493310417,5696585.942342192,472.4120425991033,-1.8155989195220172,0.3941196259111166,-2.3518428989435733,-109.75081870122901,-3.2522670852216864,-8.384406318164901,-1.9590466890892344,-6.432399005824294,-10.881222997894469,22,0.5116279069767442,1485221434.3219135,1682018484.3363519,1256238423.4278083,1484775779.6569836,1676321898.7881293,1256237948.6639228,45.418615616680576,-76.62657312260251,44.479374472135326,153.21038762882034,-79.80670504320511,41.98255779240577,445654.6649299612,5696585.548222566,474.7638854980469,-107.79177201213977,3.1801319206026024,2.4968166797295606,895,frame_000895.png
8001,8000,68,48,0.7058823529411765,48,1.0,48,31,0.6458333333333334,445652.99628863327,5696586.032381417,472.34785811830363,-1.6756701832055114,0.47497718688100576,-2.419964147321366,-109.4768015038386,-3.808664980993532,-7.571387126927883,-1.5981347466795341,-7.351687614123136,-10.111615004326495,31,0.6458333333333334,304307015.12261766,-44423188.60590481,-391652893.029734,303861360.45065886,-50119774.16330904,-391653367.7975563,-135.01806990571944,-21.94268001969593,-169.35733899754842,-27.139403148560348,-25.48570265282555,-171.89756687494702,445654.67195881647,5696585.55740423,474.767822265625,-107.87866675715908,3.543022633129609,2.5402278773986047,896,frame_000896.png
8000,8000,83,69,0.8313253012048193,69,1.0,69,49,0.7101449275362319,445653.1568037918,5696586.021156016,472.37974430021603,-1.5189717127359472,0.4528153967112303,-2.388474693924593,-109.55178276539147,-4.2477725654074625,-6.375982681136768,-1.5496524393153948,-7.874820045625825,-8.483857999787404,49,0.7101449275362319,-27345543.69665634,13684980.909630518,-5843128.976597283,-27791198.372431844,7988395.341289899,-5843603.744816277,-42.11006865981388,31.119779360977798,-95.71916987756713,65.89206166626218,27.492731880759436,-97.82704519621777,445654.67577550455,5696585.568340619,474.7682189941406,-108.00213032607607,3.627047480218356,2.1078753186506396,897,frame_000897.png
8000,8000,89,65,0.7303370786516854,65,1.0,65,34,0.5230769230769231,445652.6274814258,5696586.579158083,472.62763292221723,-2.0486495394725353,1.001616339199245,-2.1433936891108942,-111.07002977229158,-6.801619030472717,-11.421314939309893,-2.9622745807711794,-10.676537507550023,-13.511153672054036,34,0.5230769230769231,6668016470.533435,8361646730.5253315,-9044122422.015663,6667570815.857304,8355950144.94779,-9044122896.78669,-82.13795555840701,-21.83873192767385,170.12354049155363,25.969799633113382,-25.713650404751178,168.03370175880946,445654.6761309653,5696585.577541743,474.7710266113281,-108.1077551915204,3.874918477077317,2.0898387327441355,898,frame_000898.png
8000,8001,65,50,0.7692307692307693,50,1.0,50,27,0.54,445653.41102591786,5696586.09251109,472.43186402169414,-1.2653505036141723,0.5034558773040771,-2.349141837680861,-109.11880571754358,-5.1385608633109845,-4.960102803646267,-1.1043893919585344,-8.974420778823799,-7.120330401032561,27,0.54,5232256321.921284,362693957.3981978,-4407872683.934962,5231810667.244907,356997371.8091426,-4407873158.715968,113.51662792643383,-86.90250999433151,-23.39063525170789,-138.4689557479811,-90.73836990984434,-25.550862849094187,445654.67637642147,5696585.589055213,474.781005859375,-108.01441632558505,3.835859915512825,2.1602275973863065,899,frame_000899.png
8000,8000,71,50,0.704225352112676,50,1.0,50,26,0.52,445651.48349766346,5696587.0152055975,472.50078669363785,-3.187830963928718,1.4223555391654372,-2.274970142299651,-112.96845147764988,-6.845700241675302,-20.326769709631673,-4.926164359695946,-9.985093213165129,-22.577756219408855,26,0.52,793449.3822799942,5662827.646731366,-116669.91327462673,347794.7109513668,-33757.946118691936,-117144.68903146267,143.65209274643482,-42.92295889123536,-24.41342355755779,-108.30562013561126,-46.062351862725194,-26.664410067334956,445654.6713286274,5696585.592850058,474.7757568359375,-108.04228711795393,3.1393929714898237,2.2509865097771784,900,frame_000900.png
8000,8000,69,52,0.7536231884057971,52,1.0,52,32,0.6153846153846154,445653.0447526803,5696585.98668751,472.33899823356717,-1.6193816853337921,0.39379437640309334,-2.4453340418234575,-109.66197606937386,-3.755170706777108,-6.629484442152387,-1.5907683270079929,-6.946972149428888,-8.565563183209406,32,0.6153846153846154,-202465192.56812775,99467589.76600341,-328678531.59177846,-202910847.2322621,93771004.17311028,-328679006.37611073,24.07251138730485,76.83118274298278,7.0180729113101785,132.14371912967067,73.639381300331,5.081994170253182,445654.6641343656,5696585.592893134,474.7843322753906,-108.07120774236586,3.191801442651784,1.9360787410570073,901,frame_000901.png
8000,8000,55,42,0.7636363636363637,42,1.0,42,25,0.5952380952380952,445652.93562773976,5696586.961994395,472.6077823284514,-1.7224171060370281,1.364112002775073,-2.1716671344392466,-110.09528799880425,-10.569705648186275,-9.97978247982919,-1.98239598683341,-13.73543057034334,-11.949076915056281,25,0.5952380952380952,-3047261112.4524736,3605539721.4906216,7788289275.723407,-3047706767.1105185,3599843135.8927393,7788288800.943957,24.147599890380278,58.05748875897545,90.66050568544142,132.26049190235113,54.8917638368184,88.69121125021434,445654.6580448458,5696585.597882392,474.7794494628906,-108.11289201197084,3.165724922157055,1.969294435227083,902,frame_000902.png
8000,8001,72,49,0.6805555555555556,49,1.0,49,31,0.6326530612244898,445652.59177428077,5696586.771831939,472.66933614638225,-2.066293613926973,1.1641104388982058,-2.101843052836557,-111.03682005032488,-8.161784455522787,-12.51490944054969,-2.8111141534972717,-11.61379882483007,-15.223641933383874,31,0.6326530612244898,-1416657.9699581163,606121.2575388812,-3195693.3571871305,-1862312.628026011,-5090464.350182619,-3196168.1283663297,-2.764464255334774,-46.504383139605146,-47.17808328631158,105.46124164149285,-49.95639750891243,-49.88681577914576,445654.6580678947,5696585.6077215,474.7711791992188,-108.22570589682762,3.4520143693072787,2.7087324928341774,903,frame_000903.png
8000,8000,69,52,0.7536231884057971,52,1.0,52,28,0.5384615384615384,445652.486954265,5696586.886029625,472.67107257300074,-2.1715456565725617,1.27552136965096,-2.0993742043430075,-111.25713355298474,-8.468902091402088,-13.378988842654879,-3.040905156963845,-12.171201117738036,-15.907903658673774,28,0.5384615384615384,603490.7034193686,5884731.581043097,-163532.5243323475,157836.04491944704,188145.97053484153,-164007.29477912484,-86.99599692953562,-2.1793887227900606,-176.1900931366032,21.220231466485302,-5.881687749126002,-178.7190079526221,445654.65849992156,5696585.610508256,474.77044677734375,-108.21622839602091,3.7022990263359508,2.5289148160188977,904,frame_000904.png
8001,8000,60,40,0.6666666666666666,40,1.0,40,21,0.525,445653.1080833587,5696586.9151793625,472.5454188274745,-1.5495980023406446,1.3000150229781866,-2.2204808307286044,-109.50891053675181,-10.401945167685492,-8.626689081549602,-1.3294928056407684,-13.547344032452997,-10.49879126128559,21,0.525,379025583.4518737,402491676.72686887,-233183220.07948783,378579928.7941924,396795091.1117045,-233183694.8453875,-88.62403138454206,0.1561804257484394,170.61532058268108,19.55538634656898,-2.9892184390190835,168.7432184029451,445654.657681361,5696585.61516434,474.7658996582031,-108.17941773111104,3.145398864767515,1.8721021797360018,905,frame_000905.png
8001,8000,79,65,0.8227848101265823,65,1.0,65,40,0.6153846153846154,445652.73360348144,5696586.398802678,472.69354979613024,-1.9131884591188282,0.7953454190865159,-2.0722888269166333,-111.67550131711427,-7.086292174776466,-11.423566847802158,-2.5318260100126224,-9.50538138948994,-14.786261645756582,40,0.6153846153846154,-96449559165.54816,-26430132936.54192,-109102265712.10571,-96450004820.19495,-26435829522.14538,-109102266186.87155,-50.284265569830836,-69.07799282658125,-53.312455719961626,58.85940973727082,-71.49708204129473,-56.67515051791604,445654.64679194055,5696585.603457259,474.7658386230469,-109.14367530710165,2.419089214713487,3.3626947979544135,906,frame_000906.png
8000,8000,76,57,0.75,57,1.0,57,35,0.6140350877192983,445652.89130583627,5696585.970377317,472.4390148113406,-1.6905207391246222,0.3797055473551154,-2.3809925128782083,-110.37205047076198,-4.973277752493755,-4.5878910125582335,-1.4804783402679789,-7.215555455421168,-2.320694871811469,35,0.6140350877192983,9053386.465468625,4257915.708078227,311460.27939288365,8607731.88364205,-1438669.8825935423,310985.4593855594,-87.68176729107569,-20.249648181126314,-27.93061710312759,21.209804839418325,-22.491925884053728,-25.663420962380826,445654.5818265754,5696585.590671769,474.8200073242188,-108.891572130494,2.2422777029273986,-2.2671961407467527,907,frame_000907.png
8000,8000,72,56,0.7777777777777778,56,1.0,56,39,0.6964285714285714,445653.01144942746,5696586.066156873,472.3469676564923,-1.521942489722278,0.4783317930996418,-2.4900379587420503,-109.78894361590429,-6.66790058600239,-2.9794175910691365,-1.0148342068179659,-7.64157246035262,-0.11260590435119866,39,0.6964285714285714,-36763342.77237537,26897329.337145448,5167914.601192617,-37208997.30576728,21200743.74932037,5167439.764187002,105.8814189799162,-66.5549516949784,8.584042399678099,-145.34447161099746,-67.52862356932863,11.450854086396049,445654.5333919172,5696585.587825079,474.8370056152344,-108.77410940908634,0.9736718743502336,-2.866811686717949,908,frame_000908.png
8000,8001,63,48,0.7619047619047619,48,1.0,48,36,0.75,445652.9411048368,5696586.069708132,472.3681981717809,-1.511104436882306,0.47953431867063046,-2.4818689668909997,-109.71699326676446,-6.609108749144501,-3.569215001616133,-1.0354405961245448,-7.56144827475768,-1.4836577516294085,36,0.75,136342.45618497883,6228667.376132331,85618.65456670902,-309311.9960242949,532081.7859585173,85143.80449957035,-67.01512897851973,-63.618001392702475,-129.26450722130764,41.66642369212019,-64.57034091831567,-127.1789499713209,445654.4522092737,5696585.5901738135,474.8500671386719,-108.68155267063992,0.952339525613188,-2.0855572499867354,909,frame_000909.png
8000,8000,78,60,0.7692307692307693,60,1.0,60,45,0.75,445652.48901311524,5696586.11481453,472.5036201317258,-1.9403396775014699,0.5217784214764833,-2.344707504992982,-110.11777348729721,-5.108981917102182,-7.065764466883493,-1.738312383657103,-7.0986788607023925,-5.6758256892044585,45,0.75,-243174426.9209182,-76957790.12725581,78050553.01189671,-243620081.350271,-82654375.72029193,78050078.16356908,-76.31872889441688,-23.214222863114127,163.80415372794246,32.06073220922326,-25.20391980671434,165.19409250562148,445654.42935279274,5696585.593036109,474.8483276367188,-108.37946110364012,1.989696943600211,-1.3899387776790277,910,frame_000910.png
8000,8000,66,54,0.8181818181818182,54,1.0,54,37,0.6851851851851852,445652.70782245125,5696586.053175615,472.3706137867185,-1.7120117042795755,0.4489363757893443,-2.4718544750003275,-109.59914912177355,-4.092988547792303,-5.90171371399736,-1.5193111220264086,-7.04544315130039,-5.557501162174958,37,0.6851851851851852,293774.3521447611,7680549.909034543,-1266769.5885175215,-151880.0676893944,1983964.3047953034,-1267244.4309857832,-89.47231058271515,-0.32973424454888767,-150.94579033174116,18.607527417032003,-3.282188848056961,-150.60157777991878,445654.41983415553,5696585.604239239,474.8424682617188,-108.07983799974716,2.9524546035080848,-0.34421255182238925,911,frame_000911.png
8000,8001,90,73,0.8111111111111111,73,1.0,73,44,0.6027397260273972,445652.81151289126,5696586.089617724,472.3426924439528,-1.6042604494723491,0.4718658858910203,-2.49736492909409,-109.44929439882218,-4.582244625351137,-4.8530027559321285,-1.4666778810945402,-7.4571856437671045,-4.164678091253563,44,0.6027397260273972,834095678.9788448,1164520177.4690197,596099731.5206352,833650024.5630714,1158823591.8512678,596099256.6805779,-130.2836231829358,53.99142618558545,-152.73166446531812,-22.30100666520815,51.116485167169515,-152.04333980063956,445654.41577334073,5696585.617751838,474.8400573730469,-107.98261651772764,2.8749410184159525,-0.688324664678555,912,frame_000912.png
8000,8000,82,63,0.7682926829268293,63,1.0,63,42,0.6666666666666666,445652.7057637635,5696586.189944282,472.46019793287473,-1.7087704702862538,0.544751881621778,-2.3867564128283902,-109.97321899489704,-4.590180774805339,-6.10661979487939,-1.635585922841699,-8.161652660340707,-5.288525146596726,42,0.6666666666666666,-93245113.72669248,-277594579.28183806,-64585663.39747075,-93690768.14122672,-283291164.92703044,-64586138.244425096,-80.94075032881904,-7.46232241875873,81.38596314915229,27.39688274323629,-11.033794304294076,82.20405779743498,445654.4145342338,5696585.645192401,474.8469543457031,-108.33763307205533,3.5714718855353613,-0.8180946482826777,913,frame_000913.png
8000,8000,75,57,0.76,57,1.0,57,44,0.7719298245614035,445652.75768647133,5696586.177818834,472.3946410912338,-1.6514361761510372,0.5189831694588065,-2.4559143286880953,-109.52613921140227,-4.470728658160422,-5.071136617577949,-1.3775390780033092,-7.988113119157873,-3.8643470856952717,44,0.7719298245614035,-8094639923.384029,-799762506.042743,3782485354.3324738,-8095085577.793152,-805459091.7015786,3782484879.4819183,-138.22105247985658,29.47668223936219,-61.207607609991385,-30.072452346457624,25.959297778364743,-60.00081807810871,445654.4091226475,5696585.658835664,474.8505554199219,-108.14860013339896,3.51738446099744,-1.2067895318826771,914,frame_000914.png
8000,8000,76,67,0.881578947368421,67,1.0,67,38,0.5671641791044776,445653.0918909394,5696586.553826503,472.5209637528134,-1.3128449223586358,0.8799465643242002,-2.3210467452335024,-109.01553337143227,-8.747041824479147,-3.6654755053391397,-1.0112818904136702,-11.091051968414632,-2.2695000021863905,38,0.5671641791044776,-12843639310.44576,49052276233.6162,24443818837.82702,-12844084964.850496,49046579647.94232,24443818362.98501,-141.8833445262699,14.802294406346833,167.26298042625666,-33.879093045251295,12.458284262411354,168.65895592940944,445654.40473586175,5696585.673879939,474.8420104980469,-108.00425148101861,2.344010143935479,-1.395975503152746,915,frame_000915.png
8000,8000,87,68,0.7816091954022989,68,1.0,68,47,0.6911764705882353,445652.75195553654,5696586.195988678,472.3979092050417,-1.6535020902520046,0.5177243500947952,-2.4244479726926897,-109.70742558839314,-4.580937372472078,-5.60282929615107,-1.6115283305715025,-7.913692968363506,-5.091145264508697,47,0.6911764705882353,-1094835.7141448571,6029954.313478701,-5257448.069616198,-1540490.119602484,333368.63521437254,-5257922.891973375,-83.18351507304045,-53.7945060495818,-122.55184561300723,24.912382184781166,-57.127261645473226,-122.04016158136486,445654.4054576268,5696585.678264328,474.8223571777344,-108.09589725782162,3.3327555958914266,-0.5116840316423812,916,frame_000916.png
8000,8000,79,66,0.8354430379746836,66,1.0,66,38,0.5757575757575758,445652.7882728956,5696586.219862961,472.3745393961978,-1.6180746702593751,0.541384064592421,-2.444582918255321,-109.46594495042451,-4.854552157759336,-5.140955933291063,-1.489924253397703,-8.043977434356037,-4.358158874353165,38,0.5757575757575758,639870.9933582579,5514936.960134123,-526153.5660933516,194216.58701069205,-181648.71834477317,-526628.385215666,93.39667736660337,-33.61724066010273,-111.38438455487572,-158.6273019363698,-36.80666593669946,-110.60158749593784,445654.4063475659,5696585.678478897,474.8191223144531,-107.97602069702683,3.189425276596714,-0.7827970589378851,917,frame_000917.png
8000,8000,67,51,0.7611940298507462,51,1.0,51,33,0.6470588235294118,445652.8298792048,5696586.289499331,472.36240067562585,-1.5817875185748562,0.6082536717876792,-2.4501298419522755,-109.12658715481194,-5.709886875419028,-4.795761466481137,-1.2514188333498169,-8.310549871797406,-3.779845457779828,33,0.6470588235294118,2468162.974721081,7023636.4730198085,-483342.41163022234,2022508.5630543577,1327050.791774149,-483817.2241607399,-157.09543195118718,11.72378794330317,144.40878275177766,-49.22026362972508,9.123124946924804,145.42469876047898,445654.4116667234,5696585.6812456595,474.8125305175781,-107.87516832146211,2.6006629963783743,-1.015916008701303,918,frame_000918.png
8000,8001,99,81,0.8181818181818182,81,1.0,81,53,0.654320987654321,445652.8072644826,5696586.174633345,472.35301327427555,-1.6126201132428832,0.4908617353066802,-2.460707428849446,-109.61764060569665,-4.249370828029451,-5.782530705678928,-1.4212320188650835,-7.803007344344252,-6.012954229235049,53,0.654320987654321,3139363.841508949,10529872.7093069,-3073648.228412539,2693709.421624353,4833287.02553529,-3074123.0421332424,-79.86553520725475,-5.727105886289554,171.54612688273545,28.330873379576815,-9.280742402604346,171.31570335917934,445654.41988459585,5696585.683771609,474.813720703125,-108.19640858683157,3.553636516314803,0.23042352355613108,919,frame_000919.png
8000,8000,77,61,0.7922077922077922,61,1.0,61,33,0.5409836065573771,445652.6140763637,5696586.185120984,472.47140963364734,-1.8383949234266765,0.4941481603309512,-2.3405105323682847,-110.25821295327792,-3.650211843446088,-7.715984364775666,-1.948416700159612,-7.794603780850792,-8.382168024581148,33,0.5409836065573771,796969.7782858765,12025689.33661674,-2022499.6588968588,351315.3258145894,6329103.645643916,-2022974.4708170248,-118.90096700289017,23.308774811990737,-97.61940817472413,-10.591170749771862,19.16438287458604,-98.28559183452961,445654.4524712871,5696585.690972824,474.8119201660156,-108.30979625311831,4.144391937404708,0.6661836598054838,920,frame_000920.png
8000,8000,63,51,0.8095238095238095,51,1.0,51,31,0.6078431372549019,445653.1543198262,5696586.437271347,472.3145453499487,-1.2972332978388295,0.7578267063945532,-2.5010369254419516,-108.73173109773121,-7.383593995055601,-3.398194941700167,-0.8295256877443649,-10.04711255997131,-2.6439113906688476,31,0.6078431372549019,-77759724010.16269,-189777273773.62,-118058600110.74513,-77760169664.61424,-189782970359.29944,-118058600585.56071,109.57805784733313,-16.832447280572868,157.4656762232053,-142.51973674268004,-19.49596584548857,158.2199597742366,445654.45155312406,5696585.679444641,474.8155822753906,-107.90220540998683,2.6635185649157065,-0.7542835510313255,921,frame_000921.png
8001,8000,77,55,0.7142857142857143,55,1.0,55,38,0.6909090909090909,445653.1218359679,5696586.360347133,472.30783579295525,-1.3342548426589929,0.6874087760224938,-2.4992320781385047,-108.79599513637933,-6.573341010777316,-3.4958477845479767,-0.9038830464297689,-9.576414591599018,-2.8733848665174833,38,0.6909090909090909,510767.13799544977,14400960.429791413,3056385.9158123857,65112.681904639234,8704374.756853055,3055911.1087445146,-67.25290889572968,49.174816803354375,170.8456508938974,40.639203194219874,46.17174322253268,171.46811381192788,445654.45609081053,5696585.672938357,474.80706787109375,-107.89211208994955,3.003073580821694,-0.6224629180304885,922,frame_000922.png
8000,8000,84,64,0.7619047619047619,64,1.0,64,41,0.640625,445652.7482316608,5696586.171240447,472.39361868847965,-1.7166681655216962,0.513683844357729,-2.4114960576141016,-109.55890835950377,-4.734888013543537,-5.7759939754032485,-1.5873336253212642,-7.538425951968065,-4.9663341780706105,41,0.640625,-190777040.470283,-144274437.9282544,89101650.17951594,-191222694.93518284,-149971023.585811,89101175.3744012,5.535451034430547,-6.696587817698157,-6.491207675605428,113.50702576861306,-9.500125756122713,-5.681547878272795,445654.46489982633,5696585.657556603,474.80511474609375,-107.97157473418252,2.8035379384245416,-0.8096597973326245,923,frame_000923.png
8000,8001,68,53,0.7794117647058824,53,1.0,53,33,0.6226415094339622,445652.8920020252,5696586.1208266895,472.315659217623,-1.5771330916904844,0.4731386872008443,-2.482558555814478,-109.2205066767263,-5.262264897890518,-4.566752538238108,-1.252978107351339,-7.295980296835182,-3.7604075192666357,33,0.6226415094339622,-1102809.8252084823,4940686.656697543,464118.75827984523,-1548464.2943435991,-755898.990990459,463643.9600620718,1.7710531109237662,12.442304463434272,-149.891529314781,109.73858168029875,10.408589064489604,-149.08518429580954,445654.4691351169,5696585.647688002,474.7982177734375,-107.96752856937498,2.0337153989446644,-0.806345018971459,924,frame_000924.png
8001,8000,84,56,0.6666666666666666,56,1.0,56,35,0.625,445652.78305993613,5696586.798110332,472.59555315040586,-1.7032214109203778,1.1619659131392837,-2.1950047109222623,-110.05575510791834,-9.280628733605756,-7.647058142661317,-1.9884263079394486,-12.431506959342073,-7.044902163843375,35,0.625,1210897.224627648,6854590.354439731,-782676.5411815736,765242.738346301,1158004.7182953116,-783151.331739435,-90.17029911967461,0.07590289813646298,-179.84443769471523,17.897029680304286,-3.074975327599873,-179.24228171589726,445654.48628134705,5696585.636144419,474.7905578613281,-108.06732879997888,3.150878225736325,-0.6021559788179522,925,frame_000925.png
8000,8001,81,74,0.9135802469135802,74,1.0,74,44,0.5945945945945946,445652.8887177248,5696586.191789051,472.43792861226837,-1.6130402422277257,0.5613615270704031,-2.355284278356635,-109.70162463228272,-5.466187838811702,-6.386902994396962,-1.687800562371251,-8.097222350145472,-7.094562027333524,44,0.5945945945945946,-1256093.5004419584,-21064388.020743355,-12398853.302394843,-1701748.0021999255,-26760973.65117088,-12399328.095607733,47.72481206254497,-1.8335196255217123,-80.32731446286252,155.73863613245646,-4.464554136855469,-81.0349734957991,445654.50175796705,5696585.6304275235,474.793212890625,-108.01382406991148,2.6310345113337616,0.7076590329365733,926,frame_000926.png
8001,8000,71,64,0.9014084507042254,64,1.0,64,35,0.546875,445653.0832730051,5696586.2704524705,472.3044380472144,-1.426543895911891,0.6434823907911777,-2.4835868551293743,-108.8309057588305,-6.588766644452444,-4.193956519403233,-1.2061228318642065,-8.656384998314678,-3.611434214950833,35,0.546875,1163285.5684728103,5962285.489838085,-2338161.2420766633,717631.0586559093,265699.8628680054,-2338636.0301015656,93.99241959930261,-51.58059959539218,-108.27123077943529,-158.3827974737311,-53.648217949254416,-107.68870847498287,445654.509816901,5696585.62697008,474.78802490234375,-107.62478292696629,2.067618353862234,-0.5825223044524055,927,frame_000927.png
8000,8000,96,78,0.8125,78,1.0,78,47,0.6025641025641025,445653.06802967173,5696586.50963474,472.41578085631244,-1.448286154307425,0.8852042369544506,-2.3829862335313123,-108.91459855384345,-8.115802888207709,-4.63974251971682,-1.315427878869258,-10.663461504553851,-3.9547342481290855,47,0.6025641025641025,-1059573165.2711195,-8095473148.088561,-6530362777.749737,-1060018819.7874353,-8101169733.712992,-6530363252.548504,-92.2000697921085,4.46080622502793,-20.51186744441043,15.399100882865696,1.9131476086817827,-19.82685917282268,445654.51631582604,5696585.624430503,474.79876708984375,-107.59917067497419,2.547658616346147,-0.6850082715877407,928,frame_000928.png
8000,8001,68,53,0.7794117647058824,53,1.0,53,30,0.5660377358490566,445653.0050169466,5696586.077072894,472.37683254358717,-1.5298372483812273,0.4518203707411885,-2.42248386266283,-109.5338400637836,-4.471761560985358,-6.182787343312998,-1.493621230189376,-7.504196902558675,-7.942158585435465,30,0.5660377358490566,12017005.809515335,-20734255.86748661,-23466064.25046037,11571351.27466114,-26430841.492739134,-23466539.049776778,136.00237838234452,2.397652505097064,-156.9704641567133,-115.95740278406129,-0.6347828364762336,-158.72983539883577,445654.53485419496,5696585.625252523,474.79931640625,-108.04021883359421,3.032435341573308,1.7593712421224788,929,frame_000929.png
8000,8000,86,66,0.7674418604651163,66,1.0,66,38,0.5757575757575758,445653.0731720815,5696586.040600036,472.4104727159714,-1.5164965034928173,0.4276155177503824,-2.371936951997384,-109.8314688824652,-4.732505427395652,-7.151580111040302,-1.6528069823943667,-7.352941255021221,-10.46144029131139,38,0.5757575757575758,60037542.34450239,14656566.211180031,-34485274.597045,59591887.7548338,8959980.598195512,-34485749.379454665,-113.51389407525758,-42.11909683261467,142.88659536441313,-5.335232175186746,-44.73953266024026,139.57673518414208,445654.589668585,5696585.6129845185,474.7824096679688,-108.17866190007084,2.620435827625583,3.309860180271085,930,frame_000930.png
8000,8000,71,59,0.8309859154929577,59,1.0,59,44,0.7457627118644068,445653.0295623557,5696586.0620825635,472.355572887743,-1.568309984577354,0.4602342350408435,-2.4523189579601308,-109.2788521356672,-4.974083122320305,-5.846255752871115,-1.3629109538631496,-7.249026474305026,-6.88373349679236,44,0.7457627118644068,732199.3362464844,5757031.340807489,15537.35640255845,286544.73837414413,60445.73895916063,15062.548510712746,-126.44141696750084,42.476568951331636,177.67443199373852,-18.525475785696813,40.2016255993469,176.63695424981728,445654.5978723403,5696585.6018483285,474.8078918457031,-107.91594118180403,2.274943351984735,1.0374777439212386,931,frame_000931.png
8000,8001,82,66,0.8048780487804879,66,1.0,66,36,0.5454545454545454,445652.80915267835,5696586.030804742,472.4155912964918,-1.7868554441956803,0.43975658249109983,-2.4005708128831884,-109.5279252574516,-3.9425176550297087,-7.918842246397596,-1.7802603274085413,-7.026432604956398,-9.349295695912929,36,0.5454545454545454,16323483.608307723,18277020.15443057,7916901.763103166,15877829.012299601,12580434.56338241,7916426.946941056,-87.6555070002642,45.686449682976566,150.52817630102336,20.092157929778864,42.60253473304988,149.09772285150802,445654.59600812255,5696585.59104816,474.816162109375,-107.74766493004304,3.0839149499266845,1.4304534495153247,932,frame_000932.png
8000,8000,82,67,0.8170731707317073,67,1.0,67,37,0.5522388059701493,445653.1077741835,5696586.214092073,472.5305109032328,-1.4803699144395068,0.6330887945368886,-2.2850713721578018,-109.39558796871769,-6.640296577598103,-5.747324449996799,-1.5599454255444698,-8.936069001927308,-6.5964495082226335,37,0.5522388059701493,-1071859.5676294426,3933936.562256613,-4564417.440863307,-1517514.1557735405,-1762649.0187466657,-4564892.256445582,-50.3060127537294,-56.08298089550721,-94.58801749090496,57.529629789443845,-58.37875331983642,-95.43714254913078,445654.58814409794,5696585.5810032785,474.8155822753906,-107.83564254317324,2.295772424329205,0.8491250582258246,933,frame_000933.png
8000,8001,71,53,0.7464788732394366,53,1.0,53,38,0.7169811320754716,445652.85261639766,5696586.13621932,472.46665089244016,-1.7358319835038856,0.5587557284161448,-2.336693834122343,-109.56251203886481,-5.579043704454767,-6.699069673109598,-1.7955919421889064,-7.5627766276261355,-6.79195718518244,38,0.7169811320754716,280800708.76935744,-163706829.11751574,-567245641.3109967,280355054.18090904,-169403414.69497934,-567246116.1143414,-123.55061971638249,-70.7866719020364,147.32605461250049,-15.783699619706567,-72.77040482520778,147.23316710042764,445654.58844838117,5696585.5774635915,474.8033447265625,-107.7669200966759,1.9837329231713745,0.09288751207285484,934,frame_000934.png
8001,8000,86,63,0.7325581395348837,63,1.0,63,41,0.6507936507936508,445652.93386689306,5696586.007036275,472.3639898901948,-1.6615360517171212,0.4311486417427659,-2.438866555117727,-109.42929889432334,-4.088368784224971,-6.206316036513673,-1.4404730175338614,-7.082611392031652,-6.8615083727904675,41,0.6507936507936508,-211501581.68333602,752784565.1329418,121754503.6855998,-211947236.27873898,747087979.5570542,121754028.88274336,-21.096004265703556,5.313368693169666,134.78758500952148,86.89282161108588,2.319126085362967,134.13239267324468,445654.5954029448,5696585.5758876335,474.8028564453125,-107.98882587678946,2.9942426078066893,0.6551923362768088,935,frame_000935.png
8000,8000,94,76,0.8085106382978723,76,1.0,76,43,0.5657894736842105,445652.6176072345,5696586.665292608,472.7011223881043,-2.0044917259947397,1.0967533644288778,-2.09456242634883,-110.55079657199727,-8.1720281079974,-11.150833591147178,-2.7989903421141094,-11.095179618402256,-13.184502732956759,43,0.5657894736842105,3121769426.413444,-697392194.8895065,-1809819708.98067,3121323771.791345,-703088780.4580457,-1809820183.7763548,-65.45730328526898,40.80639817706927,-42.86125791780311,42.29450294461418,37.883246666664405,-44.894927059612684,445654.6220989605,5696585.568539243,474.7956848144531,-107.75180622988316,2.9231515104048547,2.0336691418095776,936,frame_000936.png
8000,8000,75,62,0.8266666666666667,62,1.0,62,34,0.5483870967741935,445652.9870655543,5696585.839676604,472.3117857689936,-1.6384600476012565,0.27943338453769684,-2.484906125537691,-109.097300126914,-3.7032792299425945,-6.059115738928546,-1.3052662134360276,-5.424189428038517,-7.340838735245569,34,0.5483870967741935,-6616854.606826503,16364374.29629287,-3776155.7855641157,-7062509.232352105,10667788.73604965,-3776630.5822560103,-13.65058588485584,-48.15365789478519,110.78880132653455,94.14144802862216,-49.874568092881105,109.50707833021755,445654.6255256019,5696585.560243219,474.7966918945313,-107.792033913478,1.7209101980959112,1.2817229963170111,937,frame_000937.png
8001,8000,76,61,0.8026315789473685,61,1.0,61,40,0.6557377049180327,445653.15806920215,5696586.166268867,472.45125820290906,-1.4738488112925552,0.6131260991096497,-2.3499808107628155,-109.28541847573248,-6.769425330994592,-6.148364025363251,-1.5234517669871366,-8.461767156106987,-7.977697940283946,40,0.6557377049180327,823517613.3762469,611559330.0368686,-568914963.7715138,823071958.7443289,605862744.4837258,-568915438.5727528,-94.56342035702359,0.21276784953640449,179.76284287124798,13.198546351721774,-1.4795739755759882,177.93350895632727,445654.63191801345,5696585.553142768,474.8012390136719,-107.76196670874536,1.6923418251123978,1.8293339149206862,938,frame_000938.png
8000,8001,90,67,0.7444444444444445,67,1.0,67,39,0.582089552238806,445653.2352225399,5696586.10149628,472.5000574877977,-1.401597120333463,0.5561335552483797,-2.297275275874199,-109.18320855500141,-6.474805109241033,-5.633435282776337,-1.4538086486102202,-8.3674119066726,-7.415610480458099,39,0.582089552238806,604464648.4586326,1233452290.827584,-716359856.1269677,604018993.821813,1227755705.2822213,-716360330.9243004,-70.10603123509587,-4.171742943126619,173.2139479671627,37.62336867129531,-6.064349740558185,171.43177276948097,445654.63681966026,5696585.545362725,474.7973327636719,-107.72939990639118,1.8926067974315552,1.7821751976817586,939,frame_000939.png
8000,8000,71,55,0.7746478873239436,55,1.0,55,30,0.5454545454545454,445652.50682732026,5696585.947019744,473.27170248941275,-2.2258327119634487,0.41075050365179777,-1.5434220223060606,-132.34768196194003,-8.673400912527002,-14.505767033424736,-3.4097012377329747,-11.453067171693988,-15.174846259440386,30,0.5454545454545454,781206.8443289481,5807411.928646147,-40995.189630365116,335552.11166891584,110826.39237690717,-41470.004754876834,-116.7953546367576,32.270935204103836,178.6946120132397,12.142626087449457,29.49126894493685,178.02553278722405,445654.7326600322,5696585.53626924,474.8151245117188,-128.93798072420705,2.779666259166979,0.6690792260156561,940,frame_000940.png
8000,8001,61,46,0.7540983606557377,46,1.0,46,30,0.6521739130434783,445652.38556168514,5696586.162145768,472.9255601568034,-2.5136085438425653,0.6271998705342412,-1.8659742670247397,-153.46496246098127,-7.643387234119268,-11.81561920426288,-1.1047026880393673,-8.856091359316196,-15.260804929426797,30,0.6521739130434783,-1931108.657883045,17994233.64239027,-4642692.9456855655,-2376763.557053274,12297648.107444372,-4643167.737219989,-107.03966780071514,17.751094373708074,171.1270815442473,45.320591972226765,16.53839024851112,167.68189581908337,445654.899170229,5696585.534945898,474.7915344238281,-152.3602597729419,1.2127041251969384,3.445185725163905,941,frame_000941.png
8002,8001,79,63,0.7974683544303798,63,1.0,63,44,0.6984126984126984,445651.6896419258,5696586.933054925,471.76372197917107,-3.3571177225676365,1.446831644512713,-3.0112719173133087,-175.165126169855,-0.7176647746545484,-2.285359619858757,-5.017348123886279,-2.0927839107535533,-3.533951979764396,44,0.6984126984126984,22997324.585051835,250925972.39551923,230047144.67884564,22551669.538292184,245229386.90929595,230046669.90385175,25.7778102483314,21.373915846435132,-19.99804251968732,-164.07441170569984,19.99879671033611,-21.24663487959296,445655.04675964836,5696585.48622328,474.7749938964844,-170.14777804596872,1.3751191360990136,1.248592359905637,942,frame_000942.png
8000,8000,88,65,0.7386363636363636,65,1.0,65,41,0.6307692307692307,445651.3074125574,5696587.201718261,472.0093650981239,-3.9785380781977437,1.8733213059604168,-2.807956679219842,162.49023075487614,6.639319626987688,-0.6483223380984318,-1.663904450825214,4.889707813052496,2.0072444179091633,41,0.6307692307692307,488306.8976750755,5594176.585179249,-73857.0301013213,42651.61172443989,-102408.74321770668,-74331.84742309865,59.565583631028495,74.77387534925796,170.67603270610985,-104.58855157467286,73.02426353532277,173.33159946211742,445655.2859506356,5696585.3283969555,474.81732177734375,164.15413520570135,1.7496118139351915,-2.655566756007598,943,frame_000943.png
8001,8000,85,69,0.8117647058823529,69,1.0,69,51,0.7391304347826086,445651.71899710805,5696586.350728429,472.5361283149764,-3.6368558446411043,1.141099269501865,-2.281620708461105,139.13302746983535,1.9272103902810405,2.5472036425772564,-1.177484001386972,1.0527156294302245,4.81257371918386,51,0.7391304347826086,2312473592219.07,2078853283317.4524,-175528204028.07596,2312473146563.714,2078847586732.2427,-175528204502.8937,-46.341937714786305,68.57845179470974,-98.62834172681175,173.34755081399135,67.7039570338589,-96.36297165020517,445655.3558529527,5696585.209629159,474.8177490234375,140.31051147122233,0.874494760850819,-2.2653700766065916,944,frame_000944.png
8000,8000,65,51,0.7846153846153846,51,1.0,51,41,0.803921568627451,445652.1624705559,5696586.710188113,472.5753350631723,-3.209318670851644,1.6405703090131283,-2.2232489212026962,117.2529878822253,1.1200361127334897,1.5852578298428865,-5.02828584604805,1.060764893318634,2.406238153871044,41,0.803921568627451,-2683545.9587135077,-369572.9752519103,396236.25207202695,-3129201.3305027345,-6066158.044869714,395761.4534880426,-113.13209209318556,31.34166372531243,-35.91006246229466,124.58663417854109,31.282392505897576,-35.08908213826649,445655.3717892268,5696585.069617804,474.798583984375,122.28127372827336,0.05927121941486608,-0.820980324028171,945,frame_000945.png
8000,8000,65,45,0.6923076923076923,45,1.0,45,34,0.7555555555555555,445652.45696352836,5696586.822378474,472.1752166522265,-2.8675569710321724,1.877468696795404,-2.6227874981641435,105.6922543433672,-0.7000639532094474,2.8085944429515757,-1.6960006344903604,1.3056323398946574,2.4953283461850333,34,0.7555555555555555,49691933.62126376,272952636.987129,-464493775.4324566,49246278.29674326,267256052.0422192,-464494250.23046076,96.79031428383463,29.572392286871395,33.293282744656665,-10.597940694022896,31.578088579975514,32.980016647890125,445655.3245204994,5696584.9449097775,474.7980041503906,107.38825497785754,-2.0056962931041182,0.3132660967665466,946,frame_000946.png
8001,8000,73,60,0.821917808219178,60,1.0,60,45,0.75,445651.8550524427,5696586.958138758,472.06312586802045,-3.4000859476509504,2.0492083728313446,-2.6909940050264254,103.67948761879715,0.8982067894883973,7.960502291946053,-2.1920060408863833,3.3424645976272416,8.812606793394536,45,0.75,-180713599.81951237,126665859.79251543,-217423788.23665676,-181159255.07465076,120969274.88358504,-217424262.99077663,21.206773964561528,23.77272833693463,144.80483171560266,-84.66471969512199,26.216986145073463,145.6569362170511,445655.25513839035,5696584.9089303855,474.7541198730469,105.87149365968352,-2.444257808138834,-0.8521045014484876,947,frame_000947.png
8000,8000,80,65,0.8125,65,1.0,65,56,0.8615384615384616,445652.11794487346,5696586.876911577,472.08712812010947,-3.1242542254040018,1.9503311635926366,-2.678344291999906,103.23780287798645,-0.10570310903869566,7.590753054574594,-2.0660302161083735,1.913674748016632,10.307917644540481,56,0.8615384615384616,-1107901804.4691007,-14104336909.799004,811783122.7603254,-1108347459.7113,-14110033494.725584,811782647.994853,-83.30895757382281,-34.4699289472128,178.35768178809175,171.38720933208236,-32.45055109015746,-178.9251536219424,445655.24219909887,5696584.926580413,474.7654724121094,105.30383309409483,-2.019377857055341,-2.7171645899658867,948,frame_000948.png
8001,8001,72,54,0.75,54,1.0,54,45,0.8333333333333334,445652.0328662686,5696587.278957843,472.11191896000804,-3.172195289575029,2.3193975454196334,-2.6683849950700846,103.13271300912953,5.863818244455139,6.038785579870374,-1.907246204411308,3.4052084849066944,6.916346495097997,45,0.8333333333333334,-17732485.11062757,-39303545.31142803,-25721883.439247534,-18178140.315689128,-45000130.27098833,-25722358.21955149,-93.2484078046038,-1.134997860058518,-176.47524692933405,161.71163298185536,-3.593607619606985,-175.59768601410644,445655.20506155817,5696584.959560297,474.7803039550781,105.03995921354085,2.458609759548453,-0.8775609152276135,949,frame_000949.png
8000,8000,65,51,0.7846153846153846,51,1.0,51,45,0.8823529411764706,445651.87068186345,5696587.082969764,472.06800101013704,-3.2653605151572265,2.0269662039354444,-2.7365644195504615,102.97292691747023,5.852705657449883,6.347053021414464,-2.1845632081758595,0.9780605007518659,6.03215545729077,45,0.8823529411764706,2298752874.316392,-8083932823.052968,17670559954.90149,2298307219.1803493,-8089629408.108972,17670559480.096924,-176.70368256003832,62.61195196286645,-148.80910577118667,78.13882731431556,57.73730680616842,-149.12400333531036,445655.1360423786,5696585.05600356,474.8045654296875,105.1574901256461,4.8746451566980165,0.31489756412369213,950,frame_000950.png
8000,8000,57,40,0.7017543859649122,40,1.0,40,37,0.925,445651.836776863,5696587.796222803,472.0921294436712,-3.248080066696275,2.6377739189192653,-2.7462799801569417,103.31224762375035,14.375687486937302,5.075365021345463,-1.9281402934948346,3.528285888906481,4.5713866782157595,37,0.925,1524015.7311425922,6158112.663507082,-1971346.333486206,1078360.6462856624,461527.5050581973,-1971821.1718956297,-37.53753621220702,52.9131288785831,101.35516582316184,-142.77792412945223,42.065727280552295,100.85118748003214,445655.0848569297,5696585.158448884,474.8384094238281,105.2403879172452,10.847401598030816,0.5039783431296996,951,frame_000951.png
8000,8000,63,54,0.8571428571428571,54,1.0,54,46,0.8518518518518519,445651.56349858426,5696588.236392131,472.12052703532845,-3.3907347309868783,2.6380314687266946,-2.8335745271715496,102.91450212697237,17.79156753548334,7.004707474470668,-2.23829135756813,0.7912500156554643,7.302224576747847,46,0.8518518518518519,529216733.8081888,7478712746.779151,3417095698.9243283,528771078.8539555,7473016161.18079,3417095223.970227,65.84596305798884,0.5148318414149229,17.767957196474995,-39.30683042655164,-16.485485678412942,18.06547429875218,445654.95423331525,5696585.598360662,474.9541015625,105.1527934845405,17.000317519827867,-0.2975171022771794,952,frame_000952.png
8000,8000,50,34,0.68,34,1.0,34,28,0.8235294117647058,445651.37662714394,5696590.362910808,472.2710026424252,-3.2189397562178783,3.2810671171173453,-2.9164973575748263,102.77531143813484,24.558202972263235,5.844298492655314,-1.5709573794123628,4.0817065371879835,7.200311280463865,28,0.8235294117647058,31310013.95710643,6934727.175115714,-67359921.48273757,30864359.36153953,1238140.093272023,-67360396.67023757,-33.3369344184871,38.82436482523063,129.07463858259055,-137.6832032360343,18.347868390155384,130.43065137039912,445654.59556690016,5696587.081843691,475.1875,104.3462688175472,20.476496435075262,-1.3560127878085546,953,frame_000953.png
8001,8000,57,42,0.7368421052631579,42,1.0,42,31,0.7380952380952381,445651.23309161153,5696590.979053183,472.3822325555815,-3.179982038156595,3.1385411098599434,-2.8828431280122686,102.64383955222623,22.45028425902942,5.513255064648058,-1.6856490505108468,1.7453743452780088,6.759768854862642,31,0.7380952380952381,934601943.0613507,3250816116.0413055,-1623407422.3944707,934156288.648277,3245119528.2007933,-1623407897.6595464,-145.41939735766138,-28.10929126457192,54.84464216792841,110.25111403960159,-48.814201178323316,56.09115595814299,445654.4130736497,5696587.840512074,475.26507568359375,104.32948860273706,20.7049099137514,-1.2465137902145802,954,frame_000954.png
8000,8000,53,44,0.8301886792452831,44,1.0,44,31,0.7045454545454546,445650.72280024365,5696591.851770938,472.6033364203294,-3.473893169313669,3.113997091539204,-2.7607688042799623,101.44954263723366,20.602371797296612,8.93482458457234,-2.4419613850470228,0.44933459580693125,11.643530056837818,31,0.7045454545454546,24868483.657789,-17137259.37113388,10941397.892463207,24422829.461095586,-22833848.108907726,10940922.528357983,-70.31007045268704,7.179420708416336,12.852715331186998,-174.20157447496774,-12.973616493073365,15.561420803452478,445654.19669341296,5696588.737773847,475.3641052246094,103.8915040222807,20.153037201489692,-2.7087054722654873,955,frame_000955.png
8000,8001,61,43,0.7049180327868853,43,1.0,43,38,0.8837209302325582,445649.95960478514,5696593.924874653,472.54035774446,-3.691700083320029,2.9837165204808116,-3.037553632493143,101.76235644778708,22.250696794233615,10.863564701960021,-2.426303126648577,2.8338436428258547,13.6406646931446,38,0.8837209302325582,9890150.021487685,-59479759.34094943,44088229.519357055,9444496.370182816,-65176350.28210756,44087753.94144568,-45.071644105628074,-30.808548118467744,-89.02474818901315,-149.2603036800637,-50.225401269875505,-86.24764819782857,445653.65130486846,5696590.941158133,475.5779113769531,104.18865957443565,19.416853151407757,-2.777099991184585,956,frame_000956.png
8000,8000,56,43,0.7678571428571429,43,1.0,43,32,0.7441860465116279,445649.8435557258,5696595.381729263,472.7130654174681,-3.4877885474707,3.14578322134912,-2.9723899047975237,103.34808973497128,18.764087355066405,8.44831186062175,-1.9395781788319937,3.175118251071069,11.156468585258978,32,0.7441860465116279,-64332975.17669814,-11778869.18316349,21016233.63368076,-64778628.50804242,-17475461.41910953,21015757.94822544,-139.12730010852394,-0.36732284978934276,-65.82561676107917,115.58503197767277,-15.956291953784671,-63.11746003644194,445653.3313442733,5696592.2359460415,475.6854553222656,105.28766791380326,15.588969103995328,-2.7081567246372242,957,frame_000957.png
8000,8000,24,8,0.3333333333333333,8,1.0,8,7,0.875,445649.99885319674,5696598.958285789,473.1090007586451,-2.5809017788269557,3.845045616850257,-2.81595651674553,105.46972422525916,14.331271040787884,-0.7004843582188647,0.07198460900497139,3.687945222224158,0.8339744754082119,7,0.875,-298669263.55408454,-330685618.7058298,-12550572.398028284,-299114916.1338395,-336382213.81907,-12551048.32298556,-84.0352429405696,11.092478931179663,-129.5319719878377,170.5670174431762,0.4491531126159316,-127.99751315421061,445652.57975497557,5696595.113240172,475.9249572753906,105.39773961625417,10.643325818563724,-1.5344588336270784,958,frame_000958.png
8000,8000,19,10,0.5263157894736842,10,1.0,10,10,1.0,445650.1572486833,5696601.326513717,474.2539630981847,-1.5875634485273622,3.0823096465319395,-1.9115032104090233,105.0651049634279,8.656005105688251,-5.988837212707244,-0.5002028255280209,2.837876654665564,-4.322991814440968,10,1.0,-19680442.521548033,19404628.852799986,3944478.7096190653,-20126094.266360164,13708030.608595915,3944002.5441527567,177.66800752774517,-14.41366644310969,-77.2578826547365,72.10269973878925,-20.23179489413235,-75.59203725647022,445651.7448121318,5696598.24420407,476.16546630859375,105.56530778895592,5.818128451022674,-1.6658453982662786,959,frame_000959.png
8000,8001,13,9,0.6923076923076923,9,1.0,9,9,1.0,445649.9577951098,5696602.677954381,474.21932462282956,-1.3552550903405063,2.8319655945524573,-2.0805410998266893,102.02942801556591,0.8787822635246432,-6.747403458324978,-3.524969135952148,0.5256302302795746,-5.0735010550282595,9,1.0,349636.7325695673,5662929.663144294,-115443.01835228805,-96014.58048063284,-33670.18284449261,-115919.31821801071,-9.870332485840793,37.20859116503497,-168.02947237395875,-115.42472963735885,36.85543913178992,-166.35556997066203,445651.3130502001,5696599.845988787,476.29986572265625,105.55439715151806,0.35315203324506167,-1.673902403296723,960,frame_000960.png
8000,8000,18,10,0.5555555555555556,10,1.0,10,9,0.9,445647.5428051369,5696605.087108758,473.5960461480154,-3.3448351394035853,3.6417544670403004,-2.8233569281564996,104.11851736977763,6.858982284250784,4.811687139969274,-1.4578386569094164,8.345862373390133,6.098829213358329,9,0.9,-1963579.2209890892,6580661.165083082,5051178.730369797,-2409230.1086293655,884059.7197287912,5050702.310966721,-62.062760096952765,-83.24668534594723,-53.12872765535683,-167.6391161236398,-81.75980525680787,-51.84158558196779,445650.8876402763,5696601.445354291,476.4194030761719,105.57635602668705,-1.4868800891393594,-1.2871420733890437,961,frame_000961.png
8001,8000,17,9,0.5294117647058824,9,1.0,9,7,0.7777777777777778,445649.6801781272,5696606.720200493,472.96674504811705,-0.7797411275678314,3.7142624519765377,-3.5830596393829524,105.48642848422045,-1.4491679943033984,-13.993009066237349,-0.22424162676855985,3.5256863996335994,-12.872883840588685,7,0.7777777777777778,2061290.5505665631,1087914.564143912,6488541.99154414,1615640.0906473084,-4608688.441794129,6488065.441739452,-27.143546880546413,-46.01818043631512,-82.94070534174308,-132.85421699153542,-41.04332604237814,-81.82058011609442,445650.45991925476,5696603.005938041,476.5498046875,105.710670110989,-4.974854393936984,-1.1201252256486627,962,frame_000962.png
8000,8000,32,21,0.65625,21,1.0,21,17,0.8095238095238095,445648.1863643854,5696609.085970718,473.83567560723134,-1.4590053069405258,3.097558085806668,-2.9556451935499695,105.67257800315208,-2.2529110451808907,-6.83252059429779,0.016135579302954284,6.592391503341759,-5.664774921754713,17,0.8095238095238095,11994215467.912779,9773255118.236809,43577443762.244736,11993769818.267408,9767558512.248396,43577443285.453415,-90.16137486872297,-75.38329752789768,-142.77923004168858,164.1821827074279,-66.53799497937503,-141.6114843691455,445649.64536969236,5696605.988412633,476.7913208007813,105.65644242384913,-8.845302548522653,-1.1677456725430748,963,frame_000963.png
8000,8000,43,29,0.6744186046511628,29,1.0,29,27,0.9310344827586207,445645.769975637,5696611.038796793,474.0058441118033,-3.141485553001985,2.36778334248811,-2.966201786634201,104.35164391169585,-10.142799191704446,4.850266474573934,-1.2802160703449772,3.9631806460076575,5.183042004603749,27,0.9310344827586207,-7817679.530560591,2905899.408088988,-612484.5518531776,-8263328.442021782,-2790709.262924462,-612961.523899076,-165.7663140553692,-26.581632724101283,-20.95826033535209,88.60182596258994,-12.475652886389184,-20.625484805322287,445648.91146119003,5696608.67101345,476.9720458984375,105.63185998204084,-14.105979837712109,-0.33277553002980154,964,frame_000964.png
8000,8000,22,8,0.36363636363636365,8,1.0,8,8,1.0,445645.5400836356,5696613.742785181,474.10089477359946,-3.047341143072117,3.8832310093566775,-2.955013429525536,104.1677858000718,-3.012054091203813,1.3981479658907487,-1.4221286445927888,14.814748983865968,1.5729101065634268,8,1.0,-119911421.36451194,-123578795.20065951,-93457901.46519797,-120357069.95193672,-129275405.06021369,-93458378.52110617,-117.04935459896998,-1.448894527340055,3.100398268632941,137.36073095636544,16.37790854772973,3.275160409305613,445648.58742477867,5696609.859554172,477.055908203125,105.58991444466459,-17.82680307506978,-0.17476214067266488,965,frame_000965.png
8001,8001,30,23,0.7666666666666667,23,1.0,23,20,0.8695652173913043,445644.55665413814,5696614.010786957,474.10898760993695,-3.4918138788780198,2.1240209955722094,-3.0704252318599288,104.55723539027609,-11.830770620418196,7.516637361824244,-1.3034779163742485,7.114109118814127,7.7338060383518155,20,0.8695652173913043,-32842465.046418916,-58940414.87483673,9692465.431791183,-33288113.094886933,-64637026.76160269,9691988.25237834,-95.33934764126134,14.728371643430943,147.65492609143553,158.79993905208835,33.67325138266324,147.87209476796306,445648.048468017,5696611.886765962,477.1794128417969,105.86071330665034,-18.944879739232313,-0.21716867652756297,966,frame_000966.png
8000,8001,41,30,0.7317073170731707,30,1.0,30,23,0.7666666666666667,445645.650151792,5696615.041857641,474.52613107351215,-2.1972950905328616,2.3511269707232714,-2.705710967503478,102.78206192152324,-13.051308387635233,-1.7890676393338782,-3.1410351375958214,6.5152815650015725,-1.3123382603946254,23,0.7666666666666667,634175942.7992995,849461686.7719898,1241866485.4170647,633730294.9518526,843765074.0812591,1241866008.1852226,5.321985504474088,-74.69334210100813,-48.119653250243005,-100.60111155464497,-55.12675214837134,-47.642923871303765,445647.8474468825,5696612.6907306705,477.2318420410156,105.92309705911906,-19.566589952636797,-0.47672937893925427,967,frame_000967.png
8001,8000,29,22,0.7586206896551724,22,1.0,22,16,0.7272727272727273,445645.01426360355,5696615.461973553,474.3946741488462,-2.661943641025573,2.1035955538973212,-2.8765660855287933,102.619321945605,-14.988127823851682,2.154800117787848,-3.089470976841426,5.799580514155224,3.090675919454384,16,0.7272727272727273,27857643.89572952,-75720371.12697235,-345619664.0172385,27411996.219522275,-81416984.48535034,-345620141.28847873,58.16882068589865,-50.07020244098259,2.301484753533702,-47.53997223654778,-29.282494102975704,3.2373605552002402,445647.67620724457,5696613.358377999,477.271240234375,105.70879292244642,-20.787708338006894,-0.9358758016665482,968,frame_000968.png
8000,8001,37,27,0.7297297297297297,27,1.0,27,22,0.8148148148148148,445645.06088978675,5696615.799767426,474.4050788680041,-2.49046676204307,1.9109394159168005,-2.89713670816775,102.61202465121218,-16.9884883073576,1.04017806205736,-2.9236026063379654,4.283802725940632,1.6423683378258147,22,0.8148148148148148,-81806764.76799738,220936215.87614706,-896112610.0965465,-82252412.31935394,215239601.98731905,-896113087.3987621,66.66908548424064,50.037558199902406,-6.000874624181173,-38.86654177330951,71.30984923320065,-5.398684348412729,445647.5513565488,5696613.88882801,477.3022155761719,105.53562725755016,-21.272291033298245,-0.602190275768457,969,frame_000969.png
8000,8000,46,32,0.6956521739130435,32,1.0,32,26,0.8125,445644.58129676664,5696616.764018167,474.3942580450581,-2.789493281801697,2.0995697490870953,-2.962065197129391,99.64938592552,-10.642230560349976,2.6435773226933996,-4.95636501095143,6.834584727782783,2.946268374132302,26,0.8125,-33269147.489786737,-15302141.466564432,-1728949.415639123,-33714794.860576786,-20998756.13101285,-1729426.7719623651,-169.62190675722812,27.23450984775299,-116.95873410109796,85.77234230630046,44.711325135885744,-116.65604304965906,445647.37079004844,5696614.664448418,477.3563232421875,104.60575093647142,-17.476815288132755,-0.30269105143889286,970,frame_000970.png
8000,8000,52,38,0.7307692307692307,38,1.0,38,34,0.8947368421052632,445644.6475160278,5696616.744194443,474.1339876572997,-2.6884773206547834,2.105596026405692,-3.2321012098877873,80.02464826740236,-9.265744309920988,2.479827845710988,-0.8043668601647198,2.3959988288379463,-1.5638257900478436,34,0.8947368421052632,3152054.1949888137,8017212.784294164,-1416812.3261417693,2706406.858995465,2320598.145695747,-1417289.6922306365,59.66453186659714,-4.071962935243255,17.80100986057949,-21.164483260969945,7.589780203515687,13.757356224820654,445647.33599334845,5696614.638598417,477.3660888671875,80.82901512756708,-11.661743138758949,4.043653635758842,971,frame_000971.png
8001,8000,57,41,0.7192982456140351,41,1.0,41,32,0.7804878048780488,445644.6757449146,5696616.795353703,475.24180930030485,-2.58675843779929,2.3061002800241113,-2.118176051257649,58.85825741771472,-11.391422261537285,5.1965403793684315,-1.0338337327555394,-5.0519205542153145,-0.6038677493100693,32,0.7804878048780488,16657944.694352962,-15043972.41564063,12893825.880121635,16212297.43184961,-20740586.904894054,12893348.520136284,-87.79908806390303,5.262979672510069,179.4918247583635,-147.69117921437328,11.602481379832057,173.69141662968502,445647.2625033524,5696614.489253423,477.3599853515625,59.89209115047025,-6.339501707321976,5.800408128678491,972,frame_000972.png
8001,8000,67,56,0.835820895522388,56,1.0,56,35,0.625,454055.2843590658,5715453.6098977225,12229.557072666561,8408.382712674502,18839.637472571805,11752.164067295467,45.416925553561114,46.90060410173538,36.58289088124931,51.98158666955402,47.78202729842843,31.729596236075707,35,0.625,-8418343.867584936,-8288081.990389935,37889815.81870925,-8863990.769231327,-13984695.962815085,37889338.425703876,-86.16136281760355,0.3548617945291221,42.04886865756461,-79.59670170161064,1.2362849912221634,37.195574012391006,445646.9016463913,5696613.972425151,477.39300537109375,-6.564661115992906,-0.881423196693049,4.853294645173615,973,frame_000973.png
8000,8000,75,56,0.7466666666666667,56,1.0,56,33,0.5892857142857143,445644.44759048853,5696615.553938814,475.6591721999786,-2.398685329244472,1.6341043412685394,-1.7506788742401795,-28.19605944278978,-25.781288490446087,-0.2996425234974469,-3.6915058912881307,-25.580667310452867,-4.712699480332844,33,0.5892857142857143,202148.71446316887,5216972.624090253,56684.92554209853,-243498.1318126489,-479641.2957442198,56207.51569102431,93.33398116846264,26.916216915668763,152.27638371080795,117.83853471996429,27.11683809566199,147.86332675397256,445646.8462758178,5696613.919834473,477.4098510742188,-24.50455355150165,-0.2006211799932278,4.413056956835393,974,frame_000974.png
8001,8001,60,42,0.7,42,1.0,42,28,0.6666666666666666,445602.1331936309,5696608.096410007,329.8663058630827,-44.731771905266214,-5.710372784174979,-147.55633207637044,-110.63532755251299,21.621856216755965,-154.11673334340585,-80.33893285116379,21.226191880967747,-158.688358921239,28,0.6666666666666666,-6817490.398718836,14142466.787480565,-11963706.01054309,-7263137.2636843715,8445852.980697773,-11964183.433181029,-86.3511054488111,-31.54698741279325,-153.02391201626926,-56.0547107474619,-31.942651748581483,-157.5955375941024,445646.86496553617,5696613.806782791,477.4226379394531,-30.296394701349197,0.3956643357882273,4.571625577833152,975,frame_000975.png
8001,8001,63,46,0.7301587301587301,46,1.0,46,24,0.5217391304347826,2453526.2598414537,5508135.331571185,-269716.2224163037,2007879.351185746,-188478.35603507608,-270193.65494193847,-35.92502388060911,-4.1255235584891174,115.95498646870655,-5.484437613740425,-6.866460342173667,110.40179608793892,24,0.5217391304347826,-656347.33792771,5793119.63146482,810203.9388300881,-1101994.2465834178,96505.94385855924,809726.5063044534,-35.82963716147082,23.520008587578157,-63.09118910100948,-5.389050894602121,20.7790718038936,-68.64437948177714,445646.9086557078,5696613.687606261,477.4325256347656,-30.44058626686869,2.7409367836845506,5.553190380767651,976,frame_000976.png
8001,8000,52,38,0.7307692307692307,38,1.0,38,22,0.5789473684210527,445469.4706512043,5696589.035502494,504.2772588637241,-177.5034054760472,-24.53451021388173,26.858679762161614,-106.88188215439487,-24.838723137059095,-83.12386043969435,-76.97907333486854,-29.00835878457488,-89.62276870349037,22,0.5789473684210527,15535606.072902828,13520450.891594116,26746831.023252055,15089959.098846149,7823837.321581407,26746353.604672953,174.9097821430926,19.884683747414595,19.005576717663708,-155.18740903738103,15.715048099898809,12.50666845386769,445646.97405668034,5696613.570012708,477.4185791015625,-29.90280881952633,4.169635647515776,6.4989082637960065,977,frame_000977.png
8001,8000,40,26,0.65,26,1.0,26,15,0.5769230769230769,445753.250034231,5696612.545823065,658.053219626286,106.20872457965743,-0.8847187692299485,180.62603456769227,10.119513648769995,-3.235352114904381,1.142229141660698,40.5711320342848,-1.7868433631676623,-0.8370902519044989,15,0.5769230769230769,281970685.8596444,1227039128.8029196,805644194.7565542,281525038.81833476,1221342515.3723779,805643717.3293692,-103.75030248862899,64.28819450913117,160.01803022612324,-73.2986841031142,65.7367032608679,158.03871083255808,445647.04130965134,5696613.430541834,477.42718505859375,-30.4516183855148,-1.4485087517367259,1.9793193935651883,978,frame_000978.png
8000,8000,70,45,0.6428571428571429,45,1.0,45,26,0.5777777777777777,440970.8364291704,5690805.839095376,-1221.763304834099,-4676.371109961823,-5807.339631512761,-1699.186125879021,-112.70725633792483,67.41337404012127,-10.021852955255332,-82.00882123352454,72.85068167536735,-9.905990386188051,26,0.5777777777777777,3767918700.72972,-6291350203.165406,3486314756.2785993,3767473053.522181,-6297046816.344133,3486314278.855778,-84.16825328774132,-4.848474476673013,-154.9813319499163,-53.46981818334103,0.5888331585730668,-154.86546938084902,445647.2075391322,5696613.178726889,477.4228210449219,-30.698435104400282,-5.4373076352460865,-0.1158625690672759,979,frame_000979.png
8000,8000,56,42,0.75,42,1.0,42,25,0.5952380952380952,445648.7510519627,5696616.237076283,475.46704750081506,1.4157095275004394,3.159742759540677,-1.969353866372444,-24.145844031023252,-13.435752194492988,16.431584568324958,6.566225265430774,-12.011489951662867,12.996870193576427,25,0.5952380952380952,-3108.563939021842,5997226.525018744,739139.8878876151,-448755.89928145707,300613.4476852203,738662.4514862479,-3.5853414511687673,82.4895684560453,131.84856884954297,27.126727845285245,83.91383069887547,128.41385447479445,445647.3353424352,5696613.077333524,477.4364013671875,-30.71206929645401,-1.4242622428301317,3.4347143747485283,980,frame_000980.png
8000,8000,49,35,0.7142857142857143,35,1.0,35,20,0.5714285714285714,445665.9500210073,5696675.404190798,663.8535068942333,18.574545839161146,62.33152134343982,186.42232403290518,4.392180389199981,-27.468287674094896,23.75161529075896,34.90795479420484,-28.03480394954181,19.12790072409655,20,0.5714285714285714,-96900106.75869736,29372731.37354748,74502099.54711896,-97345754.13417253,23676118.300878026,74501622.1159361,-33.2571807971385,64.05277975481658,-158.872723363105,-2.741406392133655,63.48626347936968,-163.4964379297674,445647.3754751681,5696613.072669455,477.4311828613281,-30.515774405004848,0.5665162754469049,4.62371456666241,981,frame_000981.png
8001,8000,62,44,0.7096774193548387,44,1.0,44,24,0.5454545454545454,445648.3999430486,5696615.8577848915,614.1362324843703,0.9656821473035961,2.743630382232368,136.7080708632766,-17.150598638467564,-30.088712555517354,6.049708836181412,12.85340733707082,-32.65192172632143,0.215391985246157,24,0.5454545454545454,-48709.906335631385,6268505.745602919,-199066.00267232733,-494357.3405965327,571892.6314484095,-199543.43083394843,-45.113735589109936,-45.432178521954945,-10.030875518052746,-15.109729613571545,-47.99538769275904,-15.865192368988005,445647.4342609013,5696613.114154509,477.42816162109375,-30.00400597553839,2.56320917080408,5.834316850935249,982,frame_000982.png
8000,8000,51,38,0.7450980392156863,38,1.0,38,24,0.631578947368421,445634.38063802157,5696885.795831012,496.9588787754437,-13.074522560578771,272.66001780796796,19.537156363334304,131.82056918510867,-55.39323345503178,-127.56788967943083,161.805019883339,-57.19922822412187,-134.06582984272453,24,0.631578947368421,-463301714.7185232,-180281413.92923912,120738774.01012123,-463747362.17368376,-185978027.06505233,120738296.58839881,-177.6472001106553,9.80392589866785,-154.9595250889867,-147.66274941242492,7.997931129577779,-161.4574652522804,445647.45516058215,5696613.135813204,477.4217224121094,-29.984450698230386,1.805994769090085,6.497940163293685,983,frame_000983.png
8000,8000,56,45,0.8035714285714286,45,1.0,45,25,0.5555555555555556,445609.0224241362,5696651.256823634,539.3486323103366,-38.45542887999909,38.10418918542564,61.93020579666472,4.457073426954525,-60.503713443006816,34.583454988516,34.791495129678026,-61.36361643726556,27.84806595079226,25,0.5555555555555556,34787609208.814125,73729627341.21626,-60332058296.19269,34787163561.33627,73723930728.06363,-60332058773.611115,53.68377399043444,7.51555809661106,-34.50862171613356,84.01819569315796,6.655655102352313,-41.24401075385731,445647.4778530162,5696613.152634448,477.4184265136719,-30.33442170272351,0.8599029942587452,6.735389037723745,984,frame_000984.png
8000,8000,75,49,0.6533333333333333,49,1.0,49,26,0.5306122448979592,445647.71721279906,5696625.394786285,470.92398248560926,0.17596987372962758,12.22407147474587,-6.466886655015742,13.110801044716142,-15.711130704548466,74.09684394977171,43.36583487014522,-16.41952811463682,68.3164699477282,26,0.5306122448979592,1903013.976710774,33212330.319553502,24188222.19782141,1457366.4354678486,27515717.14883869,24187744.806952268,-50.85320337238796,43.024415155341664,60.08807218657218,-20.5981695469589,42.316017745253305,54.307698184528675,445647.54124292533,5696613.1707148105,477.390869140625,-30.25503382542907,0.7083974100883613,5.780374002043511,985,frame_000985.png
8001,8001,60,46,0.7666666666666667,46,1.0,46,22,0.4782608695652174,444911.4189841621,5695602.709995129,1188.4754040352007,-736.1344698192552,-1010.4632553467527,711.0914929023882,-102.34666984509063,23.40927383493018,-17.079287169212765,-72.1958389603048,23.0125382948915,-22.86786077842757,22,0.4782608695652174,-6344076481.4467325,57211843.07297305,4887104919.720467,-6344522129.000187,51515229.899722576,4887104442.3365555,-128.78849330288637,-3.753773086697862,-40.094076868982455,-98.63766241810053,-4.150508626736553,-45.88265047819726,445647.55345398135,5696613.173250476,477.3839111328125,-30.15083088478583,0.3967355400386939,5.788573609214793,986,frame_000986.png
8000,8000,83,59,0.7108433734939759,59,1.0,59,29,0.4915254237288136,445532.7897005308,5696774.003534769,488.2961634749827,-114.77457564510405,160.82712811324745,10.918142234748302,-175.3270520226641,-10.742801993581224,-82.54630524873184,-145.016786829729,-11.219947049300828,-87.38427022974247,29,0.4915254237288136,348273107.7321773,-228880787.01851848,-239942847.18717027,347827460.16790116,-234577400.19492513,-239943324.5651915,-62.04205546107185,8.151306406401533,148.78925125002905,-31.731790268136763,7.6741613506819135,143.9512862690184,445647.5642761759,5696613.176406655,477.3780212402344,-30.310265192935095,0.4771450557196159,4.837964981010628,987,frame_000987.png
8000,8000,65,46,0.7076923076923077,46,1.0,46,26,0.5652173913043478,445438.76938902773,5696750.052993483,608.1058160443283,-208.79421589279082,136.86784108541906,130.72901550721895,69.68657430931555,-57.57383424867184,86.99925362437592,99.95345114470456,-58.82261219764732,81.48725013462922,26,0.5652173913043478,-2575428.3081969013,13586039.726915121,-4410512.577665305,-3021075.871801822,7889426.541762724,-4410989.954465842,-81.58131955180978,-0.14545836760840225,-169.26758519417638,-51.314442716420785,-1.3942363165838856,-174.77958868392307,445647.5636049205,5696613.1851523975,477.3768005371094,-30.26687683538901,1.2487779489754813,5.512003489746688,988,frame_000988.png
8000,8001,63,49,0.7777777777777778,49,1.0,49,24,0.4897959183673469,-481865.00709389756,4831992.806979772,506754.30848910403,-927512.5641717032,-864620.4258463178,506276.9200308521,-166.20631632711059,-45.070608348976755,138.10393809050703,-135.92986316434678,-46.21580142090053,131.96334100371178,24,0.4897959183673469,-350782379.1294387,10559092.414514229,21185944.328339696,-351228026.6865165,4862479.181688139,21185466.939881444,-6.100889361458819,33.001670118129525,179.24503777398996,24.175563801304975,31.856477046205754,173.1044406871947,445647.5570778056,5696613.2328260895,477.3884582519531,-30.276453162763794,1.1451930719237688,6.140597086795289,989,frame_000989.png
8001,8000,66,53,0.803030303030303,53,1.0,53,26,0.49056603773584906,445671.6679436022,5696596.524375863,682.1094868964683,24.107504088780843,-16.73241189494729,204.7240498847495,-58.85251460236217,-24.11373753543009,8.567660995652945,-28.41014088734687,-25.628324751963845,2.656784334355052,26,0.49056603773584906,1347473.2301303716,6786669.543367486,298500.8384227736,901825.6696908582,1090056.2865797281,298023.45298576186,-101.54889659617878,28.2452050395913,99.09378617514666,-71.10652288116349,26.730617823057543,93.18290951384876,445647.5604395134,5696613.256787758,477.3854370117188,-30.44237371501529,1.514587216533765,5.910876661297904,990,frame_000990.png
8001,8001,63,38,0.6031746031746031,38,1.0,38,22,0.5789473684210527,322639609.8546422,817442481.451581,2479078727.7214766,322193962.2987367,811745868.176147,2479078250.334117,-5.898088703625471,-30.292644183487525,24.685835875286745,24.46256809878693,-31.74231987295809,19.416012975267677,22,0.5789473684210527,-15048402.33573259,-17611347.120111167,31909966.921294175,-15494049.891638093,-23307960.395545147,31909489.533934556,84.54553586009301,28.85612342699505,34.10374209513766,114.90619266250542,27.406447737524502,28.833919195118597,445647.55590550177,5696613.275433979,477.3873596191406,-30.360656802412393,1.4496756894705563,5.269822900019075,991,frame_000991.png
8001,8000,55,40,0.7272727272727273,40,1.0,40,21,0.525,445682.9653274401,5696476.71497254,424.96506281260446,35.418491969641764,-136.6085712974891,-52.41631536122367,-47.898298296815206,70.09389340387744,-28.022330101050876,-17.78779639265585,68.9737782160941,-34.00806612289392,21,0.525,16060915.495061655,5735773.302774439,41527136.38010602,15615267.948226184,39159.97923060134,41526658.99872784,146.23436744469456,45.16186651317118,-32.35278332908827,176.34486934885388,44.04175132538785,-38.33851935093131,445647.5468354705,5696613.323543837,477.3813781738281,-30.11050190415935,1.1201151877833315,5.9857360218430475,992,frame_000992.png
8001,8000,66,58,0.8787878787878788,58,1.0,58,32,0.5517241379310345,445622.3721907451,5696609.297539887,315.3725491530866,-25.180388031410985,-4.043861321173608,-162.0013522141009,-105.21750555355038,27.15107417274531,-167.00050124015883,-75.03948604879571,26.611299994450718,-172.58139657511276,32,0.5517241379310345,72112784.28744501,-141490302.44164458,-159675867.75616163,71667136.73486623,-147186915.7830458,-159676345.130063,159.92231955874286,-53.86459319632528,78.75007778441241,-169.89966093650247,-54.40436737461988,73.16918244945848,445647.5525787765,5696613.341401208,477.3739013671875,-30.178019504754673,0.5397741782945954,5.580895334953944,993,frame_000993.png
8001,8000,63,45,0.7142857142857143,45,1.0,45,24,0.5333333333333333,445649.7726181865,5696619.781057488,474.42128445453284,2.220869786455296,6.42915993090719,-2.962840301326537,-15.824150825928472,-13.159118153194907,35.826719413560134,14.39800878573783,-13.965432829681731,30.63611260837604,24,0.5333333333333333,3397065.7736356766,2096564.2898641708,953220.4482699181,2951418.2218872765,-3600049.0620333864,952743.0641451622,111.74856179186851,-15.466490490154985,-57.382322449374705,141.9707214035348,-16.27280516664183,-62.5729292545588,445647.55174840003,5696613.351897557,477.3841247558594,-30.22215961166629,0.8063146764868306,5.190606805184099,994,frame_000994.png
8001,8000,60,49,0.8166666666666667,49,1.0,49,30,0.6122448979591837,445652.5912170251,5696616.665285263,472.62024857281284,5.044358846207615,3.2933050161227584,-4.769613487734034,-22.337967556612497,12.921533254186706,25.655615232731183,7.928049135962311,12.300601696737829,20.210780935466232,30,0.6122448979591837,-19183124.06010613,4770774.074962853,-19932794.01919919,-19628771.60696431,-925839.2970173936,-19933271.40906125,-110.19598255842772,19.980561646415566,-127.68353643492696,-79.92996586585289,19.359630088966668,-133.1283707321919,445647.5468581789,5696613.371980247,477.3898620605469,-30.26601669257482,0.620931557448887,5.444834297264958,995,frame_000995.png
8000,8000,79,64,0.810126582278481,64,1.0,64,35,0.546875,446205.18448721257,5697451.754724314,493.036275278879,557.647103671974,838.3663284247741,15.647908579660168,78.06284299922297,54.60599513226768,-20.830601000649544,108.33620872089898,52.835760714561445,-26.88817564154857,35,0.546875,921352.2999951735,5482051.046443971,145426.59480347455,475704.7626116329,-214562.3419519188,144949.20643677533,170.55809536601728,-33.35207899347097,68.99773691421309,-159.16853891230676,-35.122313411177174,62.94016227331406,445647.5373835406,5696613.38839589,477.3883666992188,-30.27336572167599,1.770234417706223,6.057574640899016,996,frame_000996.png
8001,8000,62,45,0.7258064516129032,45,1.0,45,24,0.5333333333333333,445646.5497287971,5696621.987727811,474.1414352931311,-0.9651178538333625,8.576438224874437,-3.241529794759515,-4.07275275601763,-31.417620225325635,46.49102116497489,26.07856788929371,-34.20192134988048,41.025594331749716,24,0.5333333333333333,847813.0710203319,6735704.162484992,-704573.8557860074,402165.556173681,1039090.7511954065,-705051.2387510953,-89.8457999901401,2.921909912632487,-167.29585410137128,-59.69447934482875,0.13760878807764243,-172.76128093459644,445647.51484665094,5696613.411289586,477.3829650878906,-30.151320645311344,2.7843011245548404,5.465426833225179,997,frame_000997.png
8000,8001,54,43,0.7962962962962963,43,1.0,43,26,0.6046511627906976,445934.9430886618,5697160.637417889,535.8635069104655,287.4609304497717,547.2032212931663,58.48554670538738,75.95679739215072,52.33598173611713,-10.122290933640569,106.287228748541,48.43773538536445,-14.291355414854678,26,0.6046511627906976,-785001.7851692648,5274421.5327211805,577282.6381533919,-1230649.2673274768,-422191.90147541557,576805.2601931868,-94.52812179905784,1.3755378410047743,58.243471927428395,-64.19769044266758,-2.5227085097479005,54.07440744621431,445647.48215821205,5696613.434196596,477.3779602050781,-30.330431356390264,3.8982463507526854,4.1690644812140984,998,frame_000998.png
8001,8001,51,36,0.7058823529411765,36,1.0,36,18,0.5,447639.06769790326,5696881.911776555,2455.7700136319327,1991.6540562598966,268.4300273442641,1978.403650106542,60.44232203303121,-3.3764929121579037,-33.226990685665754,90.76448781457827,-7.708829112154717,-38.67682523190024,18,0.5,-42447272093.097626,-41944554097.46615,-34865889080.423485,-42447717740.51127,-41950250710.9479,-34865889557.78985,7.573342818312436,18.77125468364668,-17.24806700150422,37.89550859985951,14.438918483649871,-22.697901547738695,445647.41364164336,5696613.4817492105,477.3663635253906,-30.322165781547074,4.332336199996816,5.4498345462344675,999,frame_000999.png
8001,8000,69,52,0.7536231884057971,52,1.0,52,30,0.5769230769230769,445587.08495373727,5696575.084500667,470.02063059213674,-60.30030565708876,-38.40920402947813,-7.34545827505076,-179.35663392411334,-13.380532827349988,128.03691415901426,-149.2278897377514,-16.852434469580203,123.32305388888449,30,0.5769230769230769,3589766957.3273134,4288466853.5739875,3749266243.668888,3589321309.942054,4282770240.0802827,3749265766.302799,-70.0476290830325,-4.0297324242217325,171.80063060104374,-39.91888489667059,-7.50163406645197,167.08677033091396,445647.38525939436,5696613.493704696,477.3660888671875,-30.12874418636192,3.471901642230229,4.713860270129799,1000,frame_001000.png
8001,8000,49,37,0.7551020408163265,37,1.0,37,20,0.5405405405405406,445580.2044968325,5696695.510721656,508.2491193759012,-67.15387230052147,82.01622187811881,30.87060985441684,71.65892130321437,-75.76047622968998,121.63784808507363,101.94532836264625,-79.75888375578684,117.0422447639042,20,0.5405405405405406,71935144586.17688,-73525049553.75269,48913325415.146904,71934698938.81851,-73530746167.2472,48913324937.768394,-108.16831505358826,1.0578126859605554,-175.8690882199634,-77.88190799415638,-2.940594840136299,179.53530845886712,445647.358369133,5696613.494499777,477.3785095214844,-30.28640705943188,3.9984075260968486,4.595603321169443,1001,frame_001001.png
8001,8001,59,50,0.847457627118644,50,1.0,50,28,0.56,445702.83153320616,5696629.401610603,674.5612312969427,55.49553746089805,15.901981544680893,197.1803108867864,-23.761070824089607,-16.016395444828394,19.133540603290424,6.4452819664760455,-19.603355845641516,14.639445313243385,28,0.56,-6041844038.852508,-693326885.1075007,-92962442.03680468,-6042289686.188503,-699023498.6071297,-92962919.41772509,-102.57693426565781,-18.59636208647454,23.502155745952297,-72.37058147509217,-22.183322487287654,19.00806045590525,445647.33599574526,5696613.499629058,477.38092041015625,-30.20635279056564,3.5869604008131124,4.49409529004704,1002,frame_001002.png
8000,8000,52,42,0.8076923076923077,42,1.0,42,22,0.5238095238095238,443237.50794974057,5699809.0830073375,1543.5195785968162,-2409.7952865667758,3195.594041706994,1066.1295639483787,170.71831522196584,-70.03481353923972,-123.55501616918384,-159.08631193763472,-73.64377259028312,-128.22633513226688,22,0.5238095238095238,-281859880.9790943,39943535.842454754,-220720026.38299912,-282305528.28233063,34246922.35348912,-220720503.77301377,-55.02887817300232,7.697086470974112,-14.277250705442146,-24.83350533260284,4.088127419930714,-18.94856966852521,445647.30323630734,5696613.4889656305,477.3900146484375,-30.195372840399465,3.608959051043398,4.671318963083052,1003,frame_001003.png
8001,8001,66,49,0.7424242424242424,49,1.0,49,26,0.5306122448979592,444471.4288712357,5695402.278929413,875.8553443956562,-1175.8619392299443,-1211.2033380670473,398.46148453237487,-103.7906072091432,38.91141078128079,-27.955092874364084,-73.51433332736113,35.3690028587921,-32.35860669724062,26,0.5306122448979592,-583645.6162179785,49170629.2387933,-23918847.30610821,-1029292.9070284441,43474015.756525815,-23919324.699968074,-117.86509177343922,78.71371566351145,-31.7637511825365,-87.58881789165714,75.17130774102276,-36.16726500541304,445647.29081046564,5696613.48226748,477.3938598632813,-30.27627388178208,3.5424079224886826,4.403513822876539,1004,frame_001004.png
8001,8001,69,50,0.7246376811594203,50,1.0,50,28,0.56,445824.27025399415,5696495.298689286,371.47363560325755,176.98943885345943,-118.1695605488494,-105.91955287330495,-71.19978325076497,25.244764597791715,109.91844899316132,-41.02748385146094,22.60177631165712,105.76759484980101,28,0.56,234269.49455832213,5516689.08237935,-52371.05942072619,-211377.78625681857,-179924.38587048464,-52848.45260920275,47.72103302932406,19.129090343581222,148.67999841996738,77.89333242862807,16.4861020574466,144.5291442766071,445647.2808151407,5696613.468249835,477.3931884765625,-30.172299399304016,2.642988286134608,4.150854143360296,1005,frame_001005.png
8000,8001,63,45,0.7142857142857143,45,1.0,45,28,0.6222222222222222,445433.0948066615,5696742.689269092,229.85404959316025,-214.17739566066302,129.23838124703616,-247.54124459629287,124.26298147810793,-13.72458979033527,168.2529928121225,154.51057054682178,-17.245564610301585,163.848935046389,28,0.6222222222222222,1749985668.8773766,3298003147.695207,-25563067.17560953,1749540021.6051743,3292306534.2443194,-25563544.57090372,-95.29009995853629,36.845629001681544,-73.89802820205647,-65.04251088982241,33.32465418171523,-78.30208596779002,445647.27220232214,5696613.450887845,477.3952941894531,-30.24758906871387,3.520974819966305,4.404057765733553,1006,frame_001006.png
8000,8000,60,44,0.7333333333333333,44,1.0,44,27,0.6136363636363636,445648.49072196236,5696622.29937244,488.3833358527326,1.2251504229498096,8.873826365917921,10.984989905466989,-17.275693495549167,-27.50678135699133,24.54734186222854,12.86327068146116,-30.93311074760993,20.072031715696284,27,0.6136363636363636,7833445288.948358,1781970790.4105105,10119716367.233137,7832999641.682786,1776274176.9849644,10119715889.834791,-116.70478744995434,-66.579131727258,160.5172172671717,-86.56582327294402,-70.00546111787659,156.04190712063945,445647.2655715394,5696613.425546074,477.3983459472656,-30.13896417701032,3.426329390618595,4.475310146532247,1007,frame_001007.png
8000,8000,55,33,0.6,33,1.0,33,20,0.6060606060606061,445575.72382697405,5696702.198739984,328.4585290856165,-71.54946643434232,88.79361270368099,-148.93981686164915,-150.54667767389753,36.47738481902964,-126.37292643280794,-120.64564386971794,35.96408296238931,-128.56492242524843,20,0.6060606060606061,185978969.019101,1591789222.9274948,1019928043.6481562,185533321.7458076,1586092609.5223675,1019927566.2498102,-92.98198985649063,2.5043421902457323,-8.587967839409894,-63.08095605231104,1.9910403336054117,-10.779963831850381,445647.2732934084,5696613.40512728,477.3983459472656,-29.901033804179587,0.5133018566403313,2.1919959924404853,1008,frame_001008.png
8001,8000,61,45,0.7377049180327869,45,1.0,45,25,0.5555555555555556,445648.5047136754,5696621.6900439225,474.3644683564464,1.1995867884834297,8.296925847418606,-3.012515286131702,-7.762711893023672,-20.659143809515985,45.331210715871926,22.9858095443837,-21.062336016835786,40.06687063253571,25,0.5555555555555556,-14307706.104832606,45505321.08934713,-21612421.54635044,-14753353.409959493,39808707.696229056,-21612898.92333408,-87.81250512296467,1.3124211507285943,-176.5360968283874,-57.06398368555729,0.9092289434087775,178.19956308827636,445647.30512688693,5696613.393118075,477.3769836425781,-30.748521437407373,0.4031922073198119,5.2643400833362195,1009,frame_001009.png
8000,8000,67,47,0.7014925373134329,47,1.0,47,32,0.6808510638297872,445648.4257463723,5696617.042893453,475.6025588916477,1.1164909055223688,3.663009892217815,-1.762553413039825,-23.851212903568957,-16.571516772139105,17.27044723472856,6.926380038331843,-15.06651860323268,11.751182637050306,32,0.6808510638297872,86724959.37618807,136534527.47929877,7904783.238302343,86279312.0669326,130837914.09941521,7904305.873190038,-132.25755048828867,32.09302785120541,-177.42109963236422,-101.47995754638788,33.59802602011183,177.05963576995748,445647.3092554668,5696613.37988356,477.3651123046875,-30.77759294190079,-1.5049981689064214,5.519264597678265,1010,frame_001010.png
8000,8001,53,43,0.8113207547169812,43,1.0,43,27,0.627906976744186,445549.41235769907,5696681.375252421,534.9611276370454,-97.87396703026025,68.00411961879581,57.60095918001406,-148.06882051268784,-81.85428694830281,-105.04146501048504,-117.3815548746671,-81.34060885861989,-110.03318237388939,27,0.627906976744186,9036766.848710908,17311010.425617434,3231503.87244864,8591119.562386177,11614397.054484632,3231026.512280183,-97.86633746194933,3.493740019753967,59.76301531639667,-67.1790718239286,4.007418109436912,54.77129795299231,445647.2863247293,5696613.371132802,477.3601684570313,-30.68726563802073,-0.5136780896829333,4.991717363404355,1011,frame_001011.png
8000,8000,72,56,0.7777777777777778,56,1.0,56,33,0.5892857142857143,446128.0066901619,5695439.557103138,611.6368136704488,480.7640730490093,-1173.8098525246605,134.27093842630813,-37.116883419399,47.459951920150935,-28.18594746381745,-6.528490784026047,45.702508642108,-31.77065715324531,33,0.5892857142857143,-271728680.48831964,233750978.34011972,67032061.31388527,-272174327.73093677,228054364.97316405,67031583.94801003,-72.19541519396422,-10.386673955824168,-20.123686540108725,-41.60702255859127,-12.144117233867092,-23.70839622953659,445647.2426171129,5696613.366955663,477.3658752441406,-30.588392635372955,1.7574432780429359,3.5847096894278647,1012,frame_001012.png
8000,8000,80,52,0.65,52,1.0,52,35,0.6730769230769231,445641.53330627276,5696618.503143885,474.09473562493986,-5.543722163245548,5.164168328978121,-3.325216767638267,-30.233564277235107,-56.022509456873294,7.483543065468027,0.8414691523854287,-59.193240669279334,5.0526937104863805,35,0.6730769230769231,-10094822.443847919,-4888580.209850354,27896440.606368624,-10540469.520876355,-10585193.54882591,27895963.18641623,164.1661775461134,-35.746269669058975,168.90532474868974,-164.7587890242661,-38.917000881465015,166.47447539370808,445647.077028436,5696613.338975556,477.4199523925781,-31.075033429620532,3.170731212406047,2.4308493549816603,1013,frame_001013.png
8000,8001,62,47,0.7580645161290323,47,1.0,47,31,0.6595744680851063,445639.61672172823,5696642.255413842,645.2996304795705,-7.41425147728296,29.028828580863774,167.89133580183614,-51.94892879342308,-36.81125918536587,12.082495172277445,-22.217802882873087,-40.99528436182817,11.93964064380188,31,0.6595744680851063,63411206.459523045,136989246.60851863,-103530134.40322785,62965559.42854984,131292633.38193336,-103530611.81152253,-156.10270195609974,-40.88116946481291,-116.12137657574999,-126.37157604554974,-45.06519464127521,-116.26423110422556,445647.0309732055,5696613.2265852615,477.4082946777344,-29.73112591055,4.184025176462301,0.1428545284755647,1014,frame_001014.png
8000,8000,51,35,0.6862745098039216,35,1.0,35,19,0.5428571428571428,445654.8947755243,5696614.895871412,462.22287857106187,7.790248489764053,1.8986982181668282,-15.179037932844437,-65.31676940180095,67.79349992445717,72.74300824608999,-34.32713515722685,64.84780314693685,68.72105612006882,19,0.5428571428571428,734841.0774875132,5722868.985777165,-344891.9434036312,289193.9729604786,26255.988603970967,-345369.3453201351,-69.55431453052186,-57.20529514923233,-116.86323076235183,-38.56468028594776,-60.150991926752624,-120.885182888373,445647.10452703456,5696612.997173194,477.4019165039063,-30.9896342445741,2.945696777520305,4.021952126021158,1015,frame_001015.png
8000,8000,60,36,0.6,36,1.0,36,20,0.5555555555555556,445696.8787932822,5696494.991028841,577.8186410136237,49.716050364950206,-117.89448310062289,100.41690761518623,-29.85139548680886,10.640784518637846,-23.24927132780362,0.9447274623612429,5.259139160464372,-27.462049864642836,20,0.5555555555555556,616827.7816254504,4304889.233263064,-2037430.8037500004,171180.6188825331,-1391723.652248877,-2037908.2054833989,-15.136439693469654,15.368486341172554,-21.598798041469927,15.659683255700429,9.986840982999098,-25.811576578309143,445647.16274291725,5696612.885511941,477.4017333984375,-30.796122949170087,5.381645358173466,4.212778536839202,1016,frame_001016.png
8000,8000,44,33,0.75,33,1.0,33,23,0.696969696969697,443940.62955666427,5694724.7135302285,11096.742083467536,-1706.59705848858,-1888.066469331272,10619.326861299567,-72.5614379176751,-25.201195617903505,-8.683397436694108,-41.608321476991904,-32.016378662466025,-12.704221975753427,23,0.696969696969697,-208168684.70201838,336287081.98769647,-460636683.9592092,-208614331.92863354,330590469.2076969,-460637161.3744314,-45.11293437707666,-17.80932069079816,-2.4601063440588424,-14.159817936393495,-24.624503735360662,-6.4809308831181625,445647.22661515285,5696612.77999956,477.4152221679688,-30.953116440683182,6.815183044562502,4.020824539059322,1017,frame_001017.png
8000,8000,48,35,0.7291666666666666,35,1.0,35,17,0.4857142857142857,445628.6694864058,5696371.234112869,607.3786717523865,-18.620716375822667,-241.4285231148824,129.9387608637146,-89.9271251592699,30.423876260944205,5.441207972956118,-58.77793421270198,23.686324947630936,1.4305656432005378,17,0.4857142857142857,7909839.684133053,5953470.74839127,4858285.7493861215,7464192.393930271,256858.0857552858,4857808.309475233,-16.117681441723295,-1.3394982040908885,172.78745067446079,15.031509504844621,-8.077049517404163,168.77680834470522,445647.2902027816,5696612.662635984,477.4399108886719,-31.149190946567924,6.7375513133132685,4.010642329755579,1018,frame_001018.png
8001,8000,52,28,0.5384615384615384,28,1.0,28,15,0.5357142857142857,445645.49900482444,5696619.9018477155,472.6823139367865,-2.0828129102592357,7.6069200579077005,-4.762144071026,-5.8734440554905225,-35.52732003586288,44.83134698223749,24.39366761909659,-43.174442256409606,41.31535725503724,15,0.5357142857142857,505823.6666016406,6017246.242811625,135514.400136665,60176.084783905884,320633.9478839673,135036.9556786572,-71.10820916786949,7.07868453631299,-114.41975706469456,-40.841097493282376,-0.5684376842337144,-117.93574679189481,445647.5818177347,5696612.294927658,477.4444580078125,-30.267111674587113,7.647122220546717,3.5159897272002447,1019,frame_001019.png
8000,8000,52,34,0.6538461538461539,34,1.0,34,16,0.47058823529411764,445645.1461357165,5696610.306178135,474.396338505707,-2.5684877681196667,-1.8643576288595796,-3.0442132521055214,-39.82294807424041,-11.426125405625571,-22.928226917063547,-9.204753268630583,-18.71221797262325,-27.16694558223338,16,0.47058823529411764,430749.2782104547,5390194.319497318,113243.8196669772,-14898.436413029965,-306417.8510384457,112766.37911521939,52.891404706996695,31.79743767425564,65.33950501933896,83.50959951260654,24.511345107257966,61.100786354169145,445647.71462348464,5696612.170535764,477.4405517578125,-30.618194805609825,7.286092566997689,4.238718665169829,1020,frame_001020.png
8000,8000,55,38,0.6909090909090909,38,1.0,38,27,0.7105263157894737,445648.8146350002,5696615.101921272,475.14081042687275,0.5591527407523245,3.3314771028235555,-2.292020383674128,-25.126584434772496,-12.897569169697725,14.363029176095045,5.697328673873471,-20.24487521361101,10.306567778584395,27,0.7105263157894737,-141419586.86290404,15405419.17606766,-18695381.05529949,-141865235.1183863,9708807.40562349,-18695858.4881303,-26.681117029837576,24.675138659534312,6.270603644580533,4.142796078808402,17.32783261562105,2.214142247069873,445648.25548225944,5696611.77044417,477.4328308105469,-30.82391310864598,7.347306043913274,4.0564613975106525,1021,frame_001021.png
8001,8000,60,42,0.7,42,1.0,42,33,0.7857142857142857,445645.2665460844,5696571.4396611685,473.0091807514923,-3.2058188164955936,-40.17332860734314,-4.42413834030458,-36.43020817503555,29.028800875222743,-66.46599254687376,-5.713073620766494,22.29199662819559,-70.2942615862813,33,0.7857142857142857,594352.0217828357,5653224.20856029,102987.36803698036,148703.54941793485,-43387.40442948602,102509.93471788857,-43.63822441997131,-5.503772187631284,-104.77616293330195,-12.921089865702243,-12.240576434658436,-108.60443197270948,445648.47236490087,5696611.612989776,477.4333190917969,-30.71713455426905,6.736804247027139,3.828269039407527,1022,frame_001022.png
8000,8001,73,60,0.821917808219178,60,1.0,60,43,0.7166666666666667,445389.31948019756,5696542.94599369,-1033.7172663626707,-259.6532117771567,-68.3214496858418,-1511.1358454642332,-97.80937764003667,25.29543520823255,-172.19890966793727,-67.11823544254123,22.768617364670718,-176.64840411937283,43,0.7166666666666667,689904.540916713,6140351.873358859,-188896.8294693987,244255.56822473824,443740.6059154831,-189374.24804850027,-94.78380244931287,18.843504903624208,-165.47793282207132,-64.09266025181743,16.31668706006235,-169.92742727350688,445648.9726919747,5696611.267443376,477.4185791015625,-30.691142197495434,2.526817843561845,4.4494944514355455,1023,frame_001023.png
8001,8001,64,56,0.875,56,1.0,56,37,0.6607142857142857,443492.5107356014,5694296.7170321895,3355.882125321196,-2157.007997720677,-2314.2213234137744,2878.485915604399,-93.6267218184798,5.8989356685323315,-36.476541243305,-62.81256382557555,3.8155442735499605,-41.816827023931864,37,0.6607142857142857,872349.5949170084,5889371.662497006,-67675.42193737606,426700.0761836863,192760.7241414031,-68152.81814709285,-125.29496278301139,0.06684838255949754,126.16599911829024,-94.48080479010714,-2.016543012422858,120.82571333766339,445649.5187333221,5696610.938355603,477.3962097167969,-30.814157992904242,2.083391394982363,5.3402857806268536,1024,frame_001024.png
8000,8000,68,56,0.8235294117647058,56,1.0,56,36,0.6428571428571429,445508.851145579,5696826.104213023,1085.94203052894,-140.9318793589482,215.3257786501199,608.5491472281587,53.88609548107895,-24.4513655729414,20.428968785594723,84.3895512239302,-26.23333909105733,15.201847837186676,36,0.6428571428571429,909639.1748864795,5971492.619636716,-222513.3953812611,463989.39186154155,274881.8412023438,-222990.78826456188,-97.47414093693389,-5.227796750369783,166.15551391176714,-66.97068519408265,-7.00977026848571,160.9283929633591,445649.78302493796,5696610.7784343725,477.3928833007813,-30.503455742851244,1.7819735181159244,5.227120948408048,1025,frame_001025.png
8000,8001,68,58,0.8529411764705882,58,1.0,58,38,0.6551724137931034,444569.34056974284,5695446.594880523,-6862.584657271918,-1080.7023933289456,-1164.0391721753404,-7339.979676803168,-96.2874957686815,21.327003045326727,-174.17190187986256,-65.92621972067843,19.212277254851386,-179.38906618691087,38,0.6551724137931034,-3764402.521611712,11077835.995862179,-10220436.614757147,-4210052.564574784,5381225.36180948,-10220914.009776678,-66.506304945032,-28.54654222286123,-155.80937433728698,-36.145028897028936,-30.66126801333658,-161.0265386443353,445650.0429630718,5696610.6340526985,477.39501953125,-30.361276048003056,2.1147257904753443,5.2171643070483205,1026,frame_001026.png
8002,8000,63,46,0.7301587301587301,46,1.0,46,41,0.8913043478260869,445343.3837218442,5696799.832155951,-308.9214132846057,-306.90143814263865,189.33781678136438,-786.3207052767932,170.1987831361427,34.74206284761918,-174.18430916558248,-159.15268669406862,31.789830716859683,179.6184055231813,41,0.8913043478260869,394672.0608184599,5680425.890827991,16155.95226469645,-50978.22434152692,-16184.603511178866,15678.552972704263,140.5777316112228,0.47876784779391796,66.18474899286586,171.2262617810115,-2.4734642829655797,59.98746368162966,445650.2851599868,5696610.49433917,477.3992919921875,-30.648530169788707,2.952232130759492,6.197285311236215,1027,frame_001027.png
8001,8000,58,47,0.8103448275862069,47,1.0,47,35,0.7446808510638298,290135.77361997985,5143934.041493055,196848.112460318,-155514.97148528142,-552676.1828532303,196370.70782774963,-109.07877079614502,40.59827982003678,2.3144301785119463,-78.3582833664267,36.90446817087016,-2.8584023731685306,35,0.7446808510638298,756313.4175769204,6927144.695894966,-835208.9801893986,310662.6724716591,1230534.4715486802,-835686.384821967,-172.35409592486627,-36.099144306691095,-12.0460702910338,-141.63360849514794,-39.79295595585771,-17.21890284271427,445650.7451052613,5696610.224346286,477.4046325683594,-30.72048742971832,3.6938116491666104,5.172832551680463,1028,frame_001028.png
8001,8000,57,44,0.7719298245614035,44,1.0,44,38,0.8636363636363636,444483.3659381795,5696957.730574928,1631.4183158657722,-1167.598551806237,347.6444357149303,1154.0011100552254,-135.34923114782862,-16.129462671707497,-48.92477763974877,-104.72546593504752,-19.719911958777743,-53.428656185261076,38,0.8636363636363636,-582609.4865111255,6704010.205726509,1764856.3630865687,-1028260.4510011112,1007400.1195872957,1764378.945880758,-73.25280158134869,-1.7320622088528257,152.6550300817441,-42.6290363685676,-5.322511495923067,148.15115153623174,445650.9644899857,5696610.086139213,477.4172058105469,-30.62376521278109,3.5904492870702485,4.5038785455123165,1029,frame_001029.png
8000,8001,61,43,0.7049180327868853,43,1.0,43,35,0.813953488372093,446753.34201420774,5692524.299533142,3057.425135097098,1102.1648494236288,-4085.6464000102133,2580.01006551702,-57.759820089829944,24.135466907058433,-17.21329453300309,-27.128885975928085,20.902084365749886,-21.78985295091377,35,0.813953488372093,1946555.0272595864,7605531.913217347,-128156.94744572796,1500903.8500948022,1908921.9672841951,-128634.36251530804,-148.5924146509193,48.88750887312383,-64.347249437151,-117.96148053701744,45.65412633181526,-68.92380785506168,445651.1771647841,5696609.945933152,477.4150695800781,-30.63093411390186,3.233382541308558,4.576558417910681,1030,frame_001030.png
8001,8000,61,38,0.6229508196721312,38,1.0,38,28,0.7368421052631579,-1152642.6927072215,6474954.849939336,-18785546.483187377,-1598294.0885653552,778345.0379598523,-18786023.89114636,70.6000541317579,32.245544645854636,171.46117442948355,101.51351783006407,28.753648178938903,167.05437703548432,28,0.7368421052631579,382472477.14355177,412498558.7589382,249356612.4227953,382026825.74769366,406801948.9469587,249356135.0148363,-23.58779340522642,17.56899793906934,-178.77586045856793,7.325670293079753,14.0771014721536,176.81734214743284,445651.39585813374,5696609.811979484,477.407958984375,-30.913463698306163,3.4918964669157395,4.406797393999232,1031,frame_001031.png
8000,8001,45,35,0.7777777777777778,35,1.0,35,27,0.7714285714285715,445837.6415281935,5687494.131197335,4060.4427595860675,185.83047342597274,-9115.41032516025,3583.035380435677,-76.13772418265624,34.080007611430425,-12.38838279102766,-45.27668354333912,30.184185379672925,-16.69111362867841,27,0.7714285714285715,2481119.0968085956,4592849.6197263105,1207615.1276903779,2035467.285753828,-1103759.921796185,1207137.7203112275,-90.22215853011807,3.230577487904908,-179.4666858592044,-59.36111789080093,-0.6652447438525826,176.23058330314484,445651.8110547675,5696609.541522495,477.4073791503906,-30.86104063931713,3.8958222317574904,4.302730837650739,1032,frame_001032.png
8000,8001,43,29,0.6744186046511628,29,1.0,29,22,0.7586206896551724,459680.7155271268,5706802.180399167,9649.853745610937,14028.699591456738,10192.776059817523,9172.453538091406,-119.30990354982201,4.504610197403387,-129.52360003033502,-88.55821623164698,0.8959693058737059,-133.28713181675266,22,0.7586206896551724,1767200.4987268578,5262464.375274985,383828.77118948667,1321548.4827911877,-434145.02906436473,383351.37098196713,-83.79774552296155,-16.443958945373964,-155.1931948618266,-53.04605820478652,-20.052599836903653,-158.95672664824426,445652.01593567006,5696609.40433935,477.4002075195313,-30.751687318175026,3.6086408915296815,3.76353178641765,1033,frame_001033.png
8001,8001,75,55,0.7333333333333333,55,1.0,55,46,0.8363636363636363,445589.06479558704,5696939.2964765895,422.57893585116017,-63.16180264292052,330.0286888219416,-54.81284881680864,52.540197399161826,46.6024640236147,60.69057083241999,83.7991417032174,43.86054089214366,56.166824119416844,46,0.8363636363636363,-171849895.57298717,369728602.99126285,321750698.578789,-172295547.7995854,364031993.7234751,321750221.1870043,-65.51619266631951,4.0471511949062675,28.086706145990686,-34.257248362263965,1.3052280634352371,23.562959432987554,445652.22659822996,5696609.267787768,477.3917846679688,-31.25894430405555,2.7419231314710397,4.523746713003147,1034,frame_001034.png
8001,8000,46,32,0.6956521739130435,32,1.0,32,28,0.875,445527.7954379647,5696971.934082774,340.5616170314406,-124.64380525588058,362.8040876267478,-136.8136576267625,66.12864556270411,69.05827736727153,50.63711762706234,97.6074732105584,67.12934931533675,46.19228108077141,28,0.875,397727.8316405529,5558702.767990682,-13365.31029393572,-47924.607602667704,-137906.36200446542,-13842.685568593923,88.65237966992902,-29.275795035969217,36.670269360586055,120.13120731778326,-31.204723087904,32.22543281429512,445652.4392432206,5696609.129995148,477.3752746582031,-31.478827647854256,1.9289280519347807,4.44483654629092,1035,frame_001035.png
8000,8000,57,39,0.6842105263157895,39,1.0,39,31,0.7948717948717948,445833.4681464724,5696376.751818586,769.5385716917677,180.60157946817344,-232.0961285410449,292.17492423083024,-16.325813336519683,0.763218229673478,-28.571088529596146,15.135131320525062,-0.8617391942609913,-32.819746911373784,31,0.7948717948717948,2271648.6253636694,-7201305.3238275545,2596127.713805644,1825995.7587966651,-12897914.171774682,2595650.350158183,122.51742557555173,-4.660435384661548,54.486799531725865,153.9783702325965,-6.285392808596015,50.238141149948206,445652.86656700424,5696608.847947127,477.3636474609375,-31.46094465704475,1.624957423934458,4.248658381777653,1036,frame_001036.png
8000,8001,48,32,0.6666666666666666,32,1.0,32,26,0.8125,445543.9639691205,5696716.6332497895,140.66683056345028,-109.11691095598508,107.93529611360282,-336.7038664580341,-90.83124850574617,51.33483500484929,-156.4334082796813,-59.77854906870951,49.73036062006858,-159.84396149343726,26,0.8125,-872541.5659829836,6204656.838782025,535014.5124590077,-1318194.64686306,508048.1408283487,534537.1417619862,-3.4521064509673454,46.36835748171498,138.82336420468766,27.60059298606933,44.76388309693428,135.4128109909317,445653.0808800765,5696608.697953676,477.3706970214844,-31.052699437036665,1.604474384780705,3.4105532137559793,1037,frame_001037.png
8000,8000,47,39,0.8297872340425532,39,1.0,39,32,0.8205128205128205,445648.7152974704,5696905.847512389,635.4204949210507,-4.577266814070754,297.3037515161559,158.04180229409758,33.004258162876084,-9.874282881647611,64.8190049358848,64.17531340427985,-10.964161218845732,60.9120578844616,32,0.8205128205128205,335347.8479131352,5039220.534412993,628203.7717889968,-110305.44465114927,-657388.0093478793,627726.3930963698,106.0378722773835,69.99055986262688,130.7351800607961,137.20892751878728,68.90068152542875,126.82823300937287,445653.29256428446,5696608.543760872,477.3786926269531,-31.171055241403756,1.0898783371981209,3.9069470514231974,1038,frame_001038.png
8000,8000,42,27,0.6428571428571429,27,1.0,27,21,0.7777777777777778,445594.6431243348,5695002.206541997,-414.07516818707626,-58.86460796819301,-1606.2058554720134,-891.4507175034826,-21.86728654139802,43.838050308059714,-98.2315912340227,9.453229594322124,42.42828406950463,-102.54056810537372,21,0.7777777777777778,1357207.887286483,7710579.161309084,-7228.990563404397,911554.3795541801,2013970.7489116145,-7706.366112720803,-91.06961043737292,18.00513428963984,122.53006568923026,-59.74909430165276,16.595368051084733,118.22108881787926,445653.507732303,5696608.412397469,477.3755493164063,-31.320516135720155,1.409766238555093,4.308976871351019,1039,frame_001039.png
8000,8000,41,25,0.6097560975609756,25,1.0,25,22,0.88,445655.19595921185,5696614.640851661,450.3795432567345,1.2544724839390256,6.47794592846185,-26.987491655374868,-2.7711286166998708,20.48053335095456,169.48995420827154,28.77544410442053,19.175529923491837,165.38079825309705,22,0.88,225906.19978468068,10287108.637981452,-1922489.3400102067,-219747.74170204723,4590500.47507572,-1922966.7070451188,-91.02376292110091,7.003203993981702,174.92193982293816,-59.47719019998051,5.698200566518977,170.81278386776364,445653.9414867279,5696608.162905732,477.3670349121094,-31.5465727211204,1.305003427462717,4.10915595517452,1040,frame_001040.png
8000,8000,42,29,0.6904761904761905,29,1.0,29,23,0.7931034482758621,444518.98574861145,5696803.74006174,-1405.9380426638797,-1135.1589803294628,195.7000927645713,-1883.3038568728641,-108.61489256694676,35.400786355221705,-139.3224046443451,-77.18721629989113,33.34046026811765,-143.93804701289952,23,0.7931034482758621,804273.8466165942,5121120.0349724,1082865.1925321543,358619.7018876533,-575488.0049965754,1082387.8267179453,128.1643800747684,28.938634680099337,1.222736141955655,159.592056341824,26.878308592995268,-3.3929062265987397,445654.1447289409,5696608.039968976,477.3658142089844,-31.42767626705563,2.0603260871040585,4.6156423685544015,1041,frame_001041.png
8000,8000,39,29,0.7435897435897436,29,1.0,29,23,0.7931034482758621,445554.669837773,5697134.085216419,510.445121165341,-99.67050446674693,526.1756040640175,33.07012116534099,44.60423511444528,3.9827609167299975,85.24071554092731,75.37832224631165,1.900930204700785,80.75493922527335,23,0.7931034482758621,412839.22078331903,6051374.758958669,-554061.9811973624,-32815.119558920735,354766.84934631456,-554539.3561973624,-142.72551138686373,-59.50885532586086,-119.66878776845844,-111.95142425499735,-61.590686037890066,-124.1545640841124,445654.34034223977,5696607.909612355,477.375,-30.774087131866384,2.0818307120292134,4.485776315653957,1042,frame_001042.png
8000,8000,31,25,0.8064516129032258,25,1.0,25,21,0.84,445584.7232375672,5696724.046090931,127.74116785860872,-69.81735429586843,116.2637382298708,-349.6343204226413,-90.18030101491073,50.84932663878792,-163.42477862481627,-59.814314881035344,49.16165020342518,-167.52967565817264,21,0.84,-378365.799855399,4768370.43648755,286979.39735970146,-824020.340447262,-928237.3458651509,286502.0218714202,75.35425789023077,29.372880725664675,106.21197761511263,105.72024402410614,27.685204290301925,102.10708058175629,445654.54059186304,5696607.782352701,477.37548828125,-30.365986133875378,1.6876764353627416,4.104897033356355,1043,frame_001043.png
8000,8000,31,25,0.8064516129032258,25,1.0,25,17,0.68,445646.36881173146,5696604.900279229,471.2692093466028,-8.783541700220667,-2.517152584157884,-6.101701297928514,-68.44792668162496,-30.751184924336755,-62.24165901518334,-38.01212575969544,-32.315091226702606,-67.11553754600263,17,0.68,4136210.1878177538,-17991750.851795543,-18883630.92826819,3690555.035464322,-23688358.269227356,-18884108.299178835,56.81384927360418,-32.98704798710553,-81.7740634054371,87.24965019553372,-34.55095428947138,-86.64794193625639,445655.1523534317,5696607.417431813,477.3709106445313,-30.435800921929534,1.5639063023658404,4.8738785308192885,1044,frame_001044.png
8000,8000,31,22,0.7096774193548387,22,1.0,22,15,0.6818181818181818,431769.20878139976,5702649.145729405,70783.18090651082,-13886.144386926491,6041.843630789779,70305.81432936239,-103.30871816518302,30.66033630914375,172.28730025921388,-73.09068553961514,28.782375317589327,167.15341138496854,15,0.6818181818181818,-5571617.028333074,14803423.894086206,-1641087.1038522543,-6017272.381501401,9106816.591987591,-1641564.4704294028,-70.30192638594606,18.815262368639246,-168.6347447896593,-40.083893760378174,16.93730137708482,-173.76863366390464,445655.35316832626,5696607.302098615,477.3665771484375,-30.218032625567883,1.8779609915544282,5.1338888742453515,1045,frame_001045.png
8000,8000,42,29,0.6904761904761905,29,1.0,29,17,0.5862068965517241,445652.86031869415,5696613.461615455,475.21798413650936,-2.7025681096711196,6.279781899414957,-2.141482416225017,-16.919540678543125,-40.8300782522817,25.141441273879007,12.669202273324913,-41.79968285532317,21.114897612328548,17,0.5862068965517241,-10063905.907157172,-2152052.740231756,9419548.624121096,-10509561.470043976,-7848659.922065312,9419071.264654543,73.84168466872396,65.30121904111023,160.42912937397534,103.43042762059201,64.33161443806875,156.40258571242487,445655.5628868038,5696607.181833556,477.3594665527344,-29.588742951868053,0.9696046030414771,4.02654366155047,1046,frame_001046.png
8000,8001,36,28,0.7777777777777778,28,1.0,28,18,0.6428571428571429,445645.96107035433,5696602.695632447,468.5678439187527,-10.230442979489453,-4.084588309749961,-8.80212068085666,-76.4479727109085,-28.531219683519083,-84.98741825908647,-45.45537042721014,-28.9684730424965,-89.75322810594413,18,0.6428571428571429,358997.57240745914,5624450.912216516,-142021.27931427644,-86658.61910587468,-72155.8680042401,-142498.64927887605,-118.71507401149255,-3.6521653422322777,-162.72289723099897,-87.72247172779419,-4.089418701209695,-167.48870707785665,445656.1915133338,5696606.780220756,477.3699645996094,-30.992602283698357,0.4372533589774037,4.765809846857667,1047,frame_001047.png
8000,8000,32,27,0.84375,27,1.0,27,18,0.6666666666666666,445650.6813502183,5696601.00973794,463.6316793286688,-5.721706696029287,-5.63824322167784,-13.747837272893719,-64.1499082062517,-22.23183272448646,-117.6686810411196,-32.58246633371721,-22.28230601128132,-121.4290927203312,18,0.6666666666666666,6268424.82410536,315033.7602615617,-2131228.8128540074,5822768.421048446,-5381572.8877195995,-2131706.192370609,107.05327850850279,-21.86983883259567,-88.35701407036791,138.62072038103724,-21.92031211939053,-92.11742574957951,445656.40305691434,5696606.647981161,477.3795166015625,-31.567441872534495,0.05047328679486099,3.7604116792116042,1048,frame_001048.png
8000,8001,50,30,0.6,30,1.0,30,16,0.5333333333333333,445661.0767962274,5696614.4243284995,471.28277718575595,4.470125477353577,7.905994597822428,-6.099424962681553,-10.869713391845314,1.9169815641286114,47.985826904955424,21.57404682863981,1.4093103803213012,44.95439510670701,16,0.5333333333333333,-43054482.88958983,186974889.8478529,-28046271.894321144,-43500139.49626058,181278283.32951897,-28046749.276523292,-84.73896769472587,20.215828791681794,-175.50111719130862,-52.295207474240755,19.708157607874483,-178.53254898955703,445656.6066707501,5696606.518333902,477.3822021484375,-32.443760220485125,0.5076711838073168,3.031431798248403,1049,frame_001049.png
8000,8000,35,20,0.5714285714285714,20,1.0,20,12,0.6,445643.7351488285,5696602.110713169,458.14710008242525,-13.418943650380243,-4.010919169522822,-19.23659742734037,-90.94357478616082,7.470494411815464,-114.43917896409125,-58.905526297753156,5.9916380137538,-116.25114691716092,12,0.6,-1945031.8175581347,3435324.085789713,5034004.833923973,-2390688.9716506135,-2261282.0358426254,5033527.450226463,-149.64118585608608,57.99872381145056,128.42215995980612,-117.60313736767841,56.51986741338891,126.61019200673644,445657.15409247886,5696606.1216323385,477.3836975097656,-32.03804848840767,1.4788563980616682,1.8119679530696624,1050,frame_001050.png
8001,8000,48,30,0.625,30,1.0,30,18,0.6,445659.2128347425,5696606.990397021,474.892575250228,1.7616229324485175,1.1752300933003426,-2.535372747818883,-29.54094487913817,-5.851852371320127,9.022452749708878,0.9715763887862465,-8.809510593294362,7.569571428692626,18,0.6,-7333897.216797681,17620761.573135234,15705873.037665196,-7779554.668009491,11924155.757968307,15705395.609717198,-99.10208418158342,-1.4222470904471836,95.06727115254766,-68.589562913659,-4.379905312421414,93.61438983153141,445657.45121181005,5696605.815166928,477.4279479980469,-30.512521267924427,2.957658221974235,1.4528813210162528,1051,frame_001051.png
8000,8000,51,34,0.6666666666666666,34,1.0,34,19,0.5588235294117647,445661.48439066275,5696604.436920275,471.8913912296583,3.7434797226451337,-1.1425546277314425,-5.554165410966675,-29.452803105391567,19.217388543609164,1.997162715964997,0.9290631707056036,14.26250146166069,0.11914728253697149,19,0.5588235294117647,19056050.148050282,-32403680.939269565,16686771.739428904,18610392.407139342,-38100286.51874447,16686294.293872263,-97.6988873995655,19.697827683515232,168.85718594158877,-67.31702112346835,14.742940601566772,166.9791705081608,445657.7409109401,5696605.579474903,477.445556640625,-30.381866276097156,4.9548870819484705,1.8780154334280128,1052,frame_001052.png
8000,8000,50,35,0.7,35,1.0,35,22,0.6285714285714286,445659.0534090486,5696606.79762067,454.42023945468975,1.1518652049126104,1.3179645147174597,-23.038897508200876,-90.93398100955835,24.733314024022604,160.102549074219,-60.230710523310776,19.820128419995342,158.30688556209964,22,0.6285714285714286,-22195596.2079588,10983207.429320347,105308382.1329194,-22641254.109502643,5286601.949664191,105307904.67378244,-80.3973400578606,-30.33383467408368,110.58812533146651,-49.69406957161303,-35.24702027811094,108.79246181934712,445657.9015438437,5696605.479656155,477.4591369628906,-30.70327048624758,4.913185604027274,1.7956635121194098,1053,frame_001053.png
8000,8000,62,45,0.7258064516129032,45,1.0,45,28,0.6222222222222222,445748.12060422875,5696560.760688465,489.7590670373575,90.04863511567237,-44.61401703208685,12.29983852173251,-33.045658116966216,15.69386710315264,-175.30475286403043,-2.3326664865920463,11.262631453655871,-178.15265095125196,28,0.6222222222222222,268036230.17455688,-12827576.451516125,-58720891.70505947,267590572.10258776,-18524181.826221623,-58721369.164287984,60.094333959910635,-26.76913727349766,7.737381573289261,90.80732559028479,-31.200372922994404,4.889483486067746,445658.0719691131,5696605.374705497,477.459228515625,-30.71299163037417,4.431235649496761,2.8478980872215156,1054,frame_001054.png
8000,8001,62,48,0.7741935483870968,48,1.0,48,33,0.6875,445660.87181897287,5696602.1507325955,471.6156600067896,2.205097360885702,-2.9159893691539764,-5.8232438018041535,-32.651426763343856,17.376637744206242,-13.03249391464232,-2.016891902626867,12.936989491971445,-16.864304256611263,33,0.6875,-90781683.24963807,-13327895.020744555,-5916102.78097957,-91227341.91635968,-19024500.08746652,-5916580.219883379,-127.41729741156666,-12.53718393516391,115.18014452666631,-96.78276255084968,-16.976832187398713,111.34833418469736,445658.666721612,5696605.066721965,477.43890380859375,-30.63453486071698,4.439648252234791,3.8318103419689304,1055,frame_001055.png
8000,8000,57,47,0.8245614035087719,47,1.0,47,27,0.574468085106383,445661.44583555515,5696604.130992567,473.9057918330607,2.560581971134525,-0.8281632671132684,-3.5169376591268247,-32.3639816279282,5.287715779793195,-0.25231589808062616,-1.70286776632625,1.9354687002770277,-4.837367639129894,27,0.574468085106383,39007289.68130868,36226038.92109344,-12524701.688458188,38561630.79605509,30529433.961937606,-12525179.11118768,-82.5040033876283,-37.74634839556242,-165.2756270663682,-51.84288952602637,-41.09859547507858,-169.8606788074175,445658.885253584,5696604.959155834,477.4227294921875,-30.66111386160194,3.3522470795161627,4.5850517410492815,1056,frame_001056.png
8000,8000,70,59,0.8428571428571429,59,1.0,59,38,0.6440677966101694,445501.93472222023,5696698.7183532985,418.5501187405207,-157.17783050693106,93.87010057549924,-58.8649203219793,147.1223028062356,-50.80095243062486,176.85811976737722,177.66122796866114,-54.51287710482603,173.06866604847528,38,0.6440677966101694,28964806.23749124,31820852.724985674,57553845.455872014,28519147.12493851,26124247.876732953,57553368.04083295,-100.90716796969689,27.163687893190286,177.9460007499058,-70.36824280727137,23.4517632189891,174.15654703100392,445659.11255272717,5696604.848252723,477.4150390625,-30.53892516242552,3.7119246742011733,3.789453718901904,1057,frame_001057.png
8000,8000,83,72,0.8674698795180723,72,1.0,72,45,0.625,445801.39827452623,5696628.781043555,381.8935727816579,141.5896525460994,24.31240665074438,-95.50800802888898,-6.177358092402198,3.5631560772210786,-17.852323985618114,24.66336576005972,1.9143402615395928,-22.44850227591897,45,0.625,2531516.1252342784,5652584.921929964,-813901.0605884313,2085856.3166122981,-44019.54670694005,-814378.4621692419,-125.531546772079,-12.233959265878486,159.75495397733332,-94.69082291961706,-13.88277508155997,155.15877568703246,445659.80862198013,5696604.468636904,477.4015808105469,-30.840723852461927,1.6488158156814812,4.596178290300851,1058,frame_001058.png
8001,8001,108,79,0.7314814814814815,79,1.0,79,54,0.6835443037974683,445661.21783435135,5696604.408725105,474.7369980856884,1.1761424370342866,0.07684449478983879,-2.6735243752490874,-32.444485290909626,-6.595744443913628,0.03706417335508318,-1.5710235974023874,-8.094795646215601,-4.243088208217813,54,0.6835443037974683,-14756862.781398747,-10624968.74118546,11621678.563473325,-15202522.823090661,-16321573.07306607,11621201.152950864,13.74183705228701,37.19528039276772,-93.47289466358433,44.615298745794234,35.69622919046577,-97.75304704515723,445660.0416919143,5696604.33188061,477.4105224609375,-30.873461693507235,1.49905120230196,4.2801523815729015,1059,frame_001059.png
8000,8000,87,75,0.8620689655172413,75,1.0,75,47,0.6266666666666667,445660.1082354883,5696604.478954039,475.27966845164553,-0.17810223996639252,0.27120745182037354,-2.1227973686669657,-33.22664816029061,-14.636558068669666,-3.401911215668384,-2.149175113105912,-15.485072224623423,-7.842498470660587,47,0.6266666666666667,-525670592.92217374,745411569.8894662,-22271156.718090408,-526116253.2085115,739714965.6817195,-22271634.120556228,-84.00473982862906,-2.7172074981843686,-90.23315211676046,-52.927266781444374,-3.565721654138116,-94.67373937175267,445660.28633772826,5696604.207746587,477.4024658203125,-31.077473047184682,0.848514155953751,4.440587254992206,1060,frame_001060.png
8000,8000,122,106,0.8688524590163934,106,1.0,106,83,0.7830188679245284,445660.8670939984,5696604.031473146,475.18654406838124,-0.319565711368341,0.3103577084839344,-2.231363646462512,-32.69200879983741,-13.952632462699349,-3.7311214753553448,-2.2955939839360724,-16.113162312906468,-8.463131950758537,83,0.7830188679245284,2045518.1287208537,5876108.381541274,-568638.9068022349,1599856.942061144,179504.66042583622,-569116.3247099498,-144.41074758371988,-8.908514999334697,126.0467666283023,-114.01433276781854,-11.069044849541797,121.31475615289912,445661.1866597098,5696603.721115437,477.41790771484375,-30.396414815901334,2.160529850207112,4.732010475403195,1061,frame_001061.png
8000,8000,127,108,0.8503937007874016,108,1.0,108,71,0.6574074074074074,445674.69911786844,5696761.8275806345,1033.3959989750642,13.29971594089875,158.2275702888146,555.9724149906892,-9.99113875424716,-30.72011291130018,14.35070847459839,20.534490848375725,-32.5722312583211,9.298049677679273,71,0.6574074074074074,809281.2013784028,6452887.900980572,-402937.7861054041,363619.8019764752,756284.3009702265,-403415.20968938846,-88.76764252247374,8.437035979670487,-172.89521019092808,-58.24201291985085,6.584917632649564,-177.9478689878472,445661.39940192754,5696603.600010346,477.423583984375,-30.525629602622878,1.8521183470209335,5.052658796919117,1062,frame_001062.png
8000,8002,123,105,0.8536585365853658,105,1.0,105,62,0.5904761904761905,445670.1443722199,5696605.63659109,467.91129632225926,7.86149295483483,2.514268887229264,-9.483936832037614,-25.98245451684044,35.621804133728695,28.19448841332574,4.787420306180934,34.46984072064535,22.93995484894583,62,0.5904761904761905,145513.6155519919,5352572.91721081,-633279.6625704847,-300148.6673272732,-344030.2051113928,-633757.057803639,-122.6081650428487,-2.6822267307339396,-178.04995136681484,-91.83829021982733,-3.834190143817267,176.69551506880526,445662.2828792651,5696603.122322203,477.3952331542969,-30.76987482302137,1.1519634130833396,5.254533564379906,1063,frame_001063.png
8001,8000,110,89,0.8090909090909091,89,1.0,89,48,0.5393258426966292,445661.7189790835,5696603.054317557,475.4780755355617,-0.7867094571120106,0.055123344995081425,-1.9056219742039389,-34.0501345679356,-16.74127476595544,-6.504128298519247,-3.3693460267367357,-17.554474136019735,-11.650347346079286,48,0.5393258426966292,49255565.23703789,60987331.8124437,37893462.359822884,48809902.73134935,55290728.81324949,37892984.976125374,69.78987987214265,26.776774335430996,-25.108218426659693,100.47066841334151,25.96357496536669,-30.254437474219742,445662.50568854064,5696602.999194212,477.3836975097656,-30.680788541198876,0.8131993700643088,5.146219047560054,1064,frame_001064.png
8000,8001,108,82,0.7592592592592593,82,1.0,82,46,0.5609756097560976,219960918.60503688,157436999.7751257,324989797.3621616,219515255.8817834,151740396.90402505,324989319.97980684,-129.38389858585947,-4.926926197274528,-173.9206636131821,-98.4911198720857,-5.423588225261369,-178.98764613354183,46,0.5609756097560976,125263024.35091953,-59464564.56709525,-22986772.16153595,124817361.62766604,-65161167.438195914,-22987249.543890685,125.98901930245898,-26.909103877438742,-43.214489805200955,156.88179801623278,-27.405765905425596,-48.281472325560685,445662.72325349174,5696602.87110066,477.3823547363281,-30.89277871377377,0.4966620279868468,5.06698252035973,1065,frame_001065.png
8001,8000,90,81,0.9,81,1.0,81,38,0.4691358024691358,445662.7461767818,5696602.329062717,475.30102327181027,-0.39488150167744607,-0.2922534439712763,-2.075258466471041,-34.48005857481258,-13.713722895014053,-7.240547998833356,-3.3996679446879625,-14.449600859812591,-12.710703957340598,38,0.4691358024691358,3075997538.5906124,-1260076559.218037,909791120.6235014,3075551875.449554,-1265773161.839353,909790643.2472197,8.272467766186685,-22.094206883266015,93.11347358268975,39.35285839631129,-22.83008484806456,87.64331762418249,445663.14105828345,5696602.621316161,477.3762817382813,-31.080390630124615,0.735877964798537,5.470155958507231,1066,frame_001066.png
8000,8000,100,80,0.8,80,1.0,80,44,0.55,445407.80313402764,5696805.423666626,509.81511027678675,-255.53890119021526,202.92673112265766,32.42744548186488,-51.612166607638784,36.51019708987715,-135.92016357948802,-20.618835280644532,35.17909716369678,-140.17736245984372,44,0.55,66238170.581707105,5259115.563212356,47784322.81391381,65792507.239671886,-437486.93372314796,47783845.42624901,155.58857894166948,13.878292158818663,-21.898614393983667,-173.4180897313363,12.547192232638281,-26.15581327433938,445663.34203521785,5696602.496935504,477.3876647949219,-30.993331326994255,1.3310999261803687,4.257198880355699,1067,frame_001067.png
8000,8000,84,73,0.8690476190476191,73,1.0,73,47,0.6438356164383562,442835.0156059235,5692650.848520506,4543.857566816194,-2828.5257173767313,-3951.5208465987816,4066.4690475290845,-89.3316854707836,9.3165711615878,-37.46451163698189,-58.404186766486816,7.179981943484648,-41.99834221454637,47,0.6438356164383562,-346182.37726736884,5062507.083957909,-808824.4548419621,-791845.918590669,-634095.2854091963,-809301.8433612492,69.17220409939141,-63.557805004879775,68.27991533939304,100.09970280368816,-65.69439422298292,63.74608476182854,445663.5413233002,5696602.369367105,477.3885192871094,-30.927498704296784,2.1365892181031443,4.533830577564495,1068,frame_001068.png
8000,8000,97,75,0.7731958762886598,75,1.0,75,45,0.6,358953.664512642,5682736.502151062,34370.32514794513,-86710.0754473437,-13865.736529036425,33892.93617089435,-117.41518514304153,3.595818352114012,-68.48966634967523,-86.63800133504864,3.1644182585015415,-73.76549971332427,45,0.6,454581.07582732633,5787176.473355481,39945.02499275291,8917.335867340618,90574.2346753832,39467.636015702126,-107.82393719573977,53.136133133660145,-138.88453156606397,-77.04675338774689,52.70473304004767,-144.160364929713,445663.7399599857,5696602.238680098,477.3889770507813,-30.777183807992877,0.4314000936124723,5.275833363649047,1069,frame_001069.png
8000,8000,88,72,0.8181818181818182,72,1.0,72,42,0.5833333333333334,445560.72850467317,5696611.513103531,369.64730275676544,-103.43928959761979,9.537230841815472,-107.71265207721893,-123.61576560760682,18.196337955834576,-136.04421462771583,-92.89555792537394,18.43640912795172,-140.7752073301438,42,0.5833333333333334,3647255652.3508797,2920490059.2385526,-5067233800.304938,3646809988.1830854,2914793457.26268,-5067234277.664893,-93.35190300206997,-47.827222987167126,129.89515213242854,-62.63169531983709,-47.587151815049964,125.16415943000055,445664.1677942708,5696601.975872689,477.3599548339844,-30.720207682232886,-0.24007117211715726,4.730992702427964,1070,frame_001070.png
8001,8001,94,71,0.7553191489361702,71,1.0,71,36,0.5070422535211268,445700.43493072194,5696597.30275318,441.457984623954,36.06107328640064,-4.542278949171305,-35.90010863776479,-9.645702197436794,63.90844425947663,-11.304925625493977,21.08315111649469,63.900870511359074,-16.070600982121334,36,0.5070422535211268,10550750.40846704,2573904.6230502706,-7127706.606832128,10105086.034609605,-3122697.221981859,-7128183.96492539,160.96726232824952,-3.724708442724316,-161.92739390937743,-168.30388435781902,-3.732282190841886,-166.6930692660048,445664.37385743554,5696601.845032129,477.3580932617188,-30.728853313931474,0.007573748117574637,4.765675356627371,1071,frame_001071.png
8000,8001,84,61,0.7261904761904762,61,1.0,61,38,0.6229508196721312,445658.2961905583,5696605.031533026,475.5234686945609,-6.294686829205602,3.3029301380738616,-1.8242791081734708,-36.49710101569442,-49.60668693809283,-9.437485808864322,-5.899770419925602,-50.32895243724715,-14.389040142550272,38,0.6229508196721312,1249593319.8316,-1067518542.2258738,1554888155.2557325,1249147655.2407227,-1073215143.9544767,1554887677.9079847,175.42497767244004,24.333897402309976,80.36297136120429,-153.9776917317912,23.611631903155654,75.41141702751833,445664.5908773875,5696601.728602888,477.3477478027344,-30.597330595768806,0.7222654991543198,4.951554333685944,1072,frame_001072.png
8000,8001,49,31,0.6326530612244898,31,1.0,31,21,0.6774193548387096,445990.0485212996,5696401.476043778,241.83397850051853,324.8784863970359,-199.9178502233699,-235.48154273971585,29.566228433358145,33.639011531195806,-108.19104515693277,60.566212618527516,41.228250851887225,-113.76060853355484,21,0.6774193548387096,1777929.7954498471,6319409.424387847,-513036.10283064924,1332264.6254149445,622808.0304938462,-513513.4183518895,-117.49016370481786,-13.291229384389721,139.538392009006,-86.4901795196485,-5.701990063698304,133.96882863238397,445665.1700349026,5696601.393894001,477.3155212402344,-30.999984185169357,-7.589239320691419,5.569563376622065,1073,frame_001073.png
8000,8000,42,27,0.6428571428571429,27,1.0,27,18,0.6666666666666666,445659.53145130863,5696605.2097483585,475.77290848569,-5.779359171632677,3.8933857353404164,-1.5355326764193933,-35.657094724632586,-53.209383183202,-5.85352942886769,-4.7035350608294095,-46.98252342005861,-12.45299804011637,18,0.6666666666666666,6047004761.483437,-4217309405.215098,-2878470390.540525,6046559096.1726265,-4223006006.531461,-2878470867.848966,-53.63228418183054,-1.238891561459441,-35.55112454260074,-22.678724518027366,4.987968201683941,-42.15059315384943,445665.31081048027,5696601.316362623,477.3084411621094,-30.953559663803166,-6.226859763143395,6.599468611248694,1074,frame_001074.png
8000,8001,64,44,0.6875,44,1.0,44,27,0.6136363636363636,445658.92301690415,5696604.283841862,475.343044569819,-6.486749723961111,3.0103632425889373,-1.9698826762747217,-40.71545816154473,-51.846017326878695,-14.334323196162192,-10.229775494370472,-47.74926005894446,-20.622243333548113,27,0.6136363636363636,-2604445933.7039266,27621983.251860492,-426234947.47467834,-2604891599.113693,21925381.978381872,-426235424.7876056,-128.28344557333557,-4.3899040204310165,-107.30824342166002,-97.79776290616131,-0.29314675249676725,-113.59616355904593,445665.4097666281,5696601.27347862,477.31292724609375,-30.485682667174256,-4.096757267934252,6.287920137385914,1075,frame_001075.png
8000,8001,49,33,0.673469387755102,33,1.0,33,24,0.7272727272727273,445469.80923512497,5696670.7427531155,157.60737756683147,-195.65603025612654,69.50092545896769,-319.7021622280904,-131.19123825214808,29.36819447357194,-143.32094293787566,-100.43971640161918,33.27252618612363,-147.13730956235972,24,0.7272727272727273,289733.62745753024,5395578.002387348,-318738.2452882065,-155931.83780785085,-301023.2394403089,-319215.5548280014,104.69398048185462,-49.47214893259943,100.3908907052583,135.4455023323835,-45.56781722004774,96.57452408077421,445665.4652653811,5696601.2418276565,477.3095397949219,-30.7515218505289,-3.9043317125516954,3.8163666244840724,1076,frame_001076.png
8000,8000,66,44,0.6666666666666666,44,1.0,44,24,0.5454545454545454,445659.6655178446,5696658.3389120735,531.7449318231979,-5.805005664937198,57.104049352928996,54.402188903276055,26.83546063079816,-22.174450393276295,40.960727398501156,57.53882914383087,-25.029724708597342,36.77773271864632,24,0.5454545454545454,828125.4187181676,5681588.889949049,357105.21676002274,382459.94819465803,-15012.344913671724,356627.8740171028,92.67811958557743,47.13228200703451,2.287070903777933,123.38148809861013,44.277007691713465,-1.8959237760768985,445665.47052350955,5696601.234862721,477.3427429199219,-30.703368513032714,2.855274315321056,4.18299467985483,1077,frame_001077.png
8000,8000,58,35,0.603448275862069,35,1.0,35,26,0.7428571428571429,445659.9992798395,5696603.583184616,475.70558835918,-5.467956396343652,2.33957645483315,-1.6420678908199875,-38.06921501394548,-42.68763729178422,-11.362479387207049,-8.073988104715113,-43.09805228728666,-16.678685956165793,26,0.7428571428571429,25828643.107807126,-39096816.03293814,30328882.785719473,25382977.64057089,-44793417.2765463,30328405.438063223,141.63106536845297,9.072471026043022,51.84215040082503,171.62629227768332,8.662056030540583,46.5259438318663,445665.46723623585,5696601.243608161,477.34765625,-29.99522690923037,0.41041499550244587,5.316206568958741,1078,frame_001078.png
8000,8002,70,45,0.6428571428571429,45,1.0,45,34,0.7555555555555555,439170.33779855585,5702569.403929469,7388.419215354919,-6495.179238919518,5968.160382337868,6911.074763450622,-94.43407672493501,4.790272036824913,128.79217435555213,-64.13747344447945,4.895820625902417,123.32379099245463,34,0.7555555555555555,-5795636500.0897665,-6682091280.106468,3704988195.106085,-5796082165.606804,-6687787881.350016,3704987717.761633,-105.12360436175963,-6.281782991174575,136.97410319419785,-74.82700108130408,-6.176234402097066,131.50571983110035,445665.51703747537,5696601.243547131,477.3444519042969,-30.296603280455557,-0.10554858907751723,5.468383363097491,1079,frame_001079.png
8002,8001,72,50,0.6944444444444444,50,1.0,50,32,0.64,433721.4244281387,5700869.980145969,12088.557670573284,-11944.114605905372,4268.744020496495,11611.215507487346,-38.48650795951635,-7.845748932441622,155.8622889075947,-8.07835594246913,-7.125995514726156,150.45756082781259,32,0.64,36259.73434795014,6514999.090260533,304386.5007641142,-409405.80468609394,818397.8541350598,303909.15860102826,-95.43826802499144,24.402065514820265,-79.18991611900908,-65.03011600794422,25.121818932535746,-84.59464419879117,445665.5390340441,5696601.236125473,477.3421630859375,-30.408152017047225,-0.7197534177154737,5.404728079782088,1080,frame_001080.png
8001,8001,67,46,0.6865671641791045,46,1.0,46,32,0.6956521739130435,444763.33971889067,5690007.575774036,10567.854118481864,-902.2138969580992,-6593.645632533357,10090.504203931083,39.37122252047339,38.59656679761651,129.23544294377274,69.81898958481332,39.709597375424835,124.76402421734292,32,0.6956521739130435,-346979333.3312137,-782862483.5570732,-1939745199.6961882,-347424998.8848296,-788559084.7784798,-1939745677.0461028,-96.0649661100108,11.842894203508836,-174.9257451912198,-65.61719904567087,12.95592478131718,-179.39716391764958,445665.55361584877,5696601.22140657,477.3499145507813,-30.44776706433992,-1.1130305778083363,4.471418726429788,1081,frame_001081.png
8000,8000,73,50,0.684931506849315,50,1.0,50,33,0.66,445656.94524325884,5696598.909276519,472.21066066423265,-8.623489549092483,-2.300654899328947,-5.137087138501727,-65.17034567944927,-34.91198782850616,-55.43226270850008,-34.5679191821267,-32.95503110221733,-60.18552468340138,33,0.66,-47843749503.677864,88592813260.06265,179785056566.2097,-47844195169.2466,88587116658.85272,179785056088.86194,-91.00316867123992,8.830622898935937,163.2706116518084,-60.40074217391735,10.787579625224765,158.5173496769071,445665.56873280794,5696601.209931418,477.3477478027344,-30.602426497322572,-1.9569567262888383,4.753261974901303,1082,frame_001082.png
8000,8000,64,43,0.671875,43,1.0,43,24,0.5581395348837209,470465.4174400556,5820954.331408931,34338.43992495368,24799.864071491058,124353.15392626915,33861.09239077399,-138.86589370602044,-26.420432433856863,130.88158920446764,-108.44088636436383,-26.1322133230247,127.22940964324567,24,0.5581395348837209,614046.7183430572,6007610.887814263,-171747.03553843245,168381.16497449268,311009.7103316011,-172224.38307261214,-90.85074916765804,-0.8434867202758828,170.47289537635612,-60.42574182600143,-0.5552676094437174,166.82071581513418,445665.5533685645,5696601.177482662,477.3475341796875,-30.425007341656606,-0.28821911083215734,3.6521795612219528,1083,frame_001083.png
8000,8000,70,51,0.7285714285714285,51,1.0,51,31,0.6078431372549019,306399.66969926946,5939975.241192826,185784.7009537239,-139265.8674792442,243374.0621635411,185307.3561966438,-165.61901459639722,-53.24301173802475,-82.0109159666276,-135.15109582571858,-53.4816155511117,-85.71733127028303,31,0.6078431372549019,-4561990.253298648,19583837.17417951,6500935.173757092,-5007655.790477161,13887235.995150223,6500457.829000012,-92.05573092473945,3.1377704654080083,-34.75699680451784,-61.5878121540608,2.8991666523210426,-38.46341210817326,445665.53717851365,5696601.179029285,477.3447570800781,-30.46791877067865,0.23860381308696074,3.7064153036554197,1084,frame_001084.png
8000,8000,61,43,0.7049180327868853,43,1.0,43,26,0.6046511627906976,445544.4358357558,5696702.253891167,373.2801561578816,-121.07405934057897,101.07635746803135,-104.07076547297777,139.8404803361657,60.234947928577064,-171.31062624452136,170.46070692326634,59.901285455602334,-175.13170916117,26,0.6046511627906976,234204.5083437821,1292242.4584315093,8778671.109785208,-211461.00155131426,-4404358.71910219,8778193.758863578,-112.9022644933276,75.77788275536642,54.84054084996873,-82.28203790622696,75.44422028239171,51.0194579333201,445665.50989509636,5696601.177533699,477.3509216308594,-30.62022658710065,0.3336624729747279,3.8210829166486446,1085,frame_001085.png
8000,8000,55,36,0.6545454545454545,36,1.0,36,22,0.6111111111111112,445650.5708772325,5695491.203223973,-793.7414485972067,-14.903057442279533,-1109.9933652346954,-1271.096490101113,-87.50081884660692,-7.631510745131622,178.2980976179658,-57.140061734060794,-8.319004783272106,174.16662260724343,22,0.6111111111111112,-302087.240287211,7329663.376501644,585554.8553990148,-747752.7142218858,1633062.1799124368,585077.5003575109,-92.19624452553244,36.473666192306155,-108.41877389276604,-61.83548741298631,35.78617215416568,-112.5502489034884,445665.47393467475,5696601.196589207,477.3550415039063,-30.360757112546132,0.6874940381404772,4.13147501072236,1086,frame_001086.png
8000,8000,55,41,0.7454545454545455,41,1.0,41,22,0.5365853658536586,446187.9652622215,5696274.280052002,-84.32964533246059,522.5021047423943,-326.93160805944353,-561.6890203324606,18.812385995591306,8.678375066710212,-138.65253947428482,49.07732583074579,8.023181466221018,-143.67290644253907,22,0.5365853658536586,443525.05273169704,5742570.749291907,47801.86807208689,-2140.4104257820873,45969.53763184603,47324.50869708689,-10.330218435028998,-62.94839557416479,51.99226097979442,19.934721400125483,-63.603589174653976,46.97189401154017,445665.4631574791,5696601.211660061,477.359375,-30.264939835154472,0.6551936004891845,5.0203669682542555,1087,frame_001087.png
8000,8000,58,38,0.6551724137931034,38,1.0,38,29,0.7631578947368421,445816.86940164387,5696610.899315823,929.8001300129118,151.40985527640441,9.665060479193926,452.44319641916184,173.05661411572493,-75.18250767210888,-13.09043663933661,-156.47550876019773,-75.62069334410441,-18.808987592147076,29,0.7631578947368421,-258300280.33428222,152244024.1447792,-61032293.382250816,-258745945.79382858,146547422.91052386,-61032770.73918441,-8.861169800384907,9.643669350199353,144.1400024296327,21.606707323692433,9.20548367820382,138.4214514768222,445665.45954636746,5696601.234255344,477.35693359375,-30.46787712407734,0.43818567199552944,5.718550952810454,1088,frame_001088.png
8000,8002,64,44,0.6875,44,1.0,44,35,0.7954545454545454,445801.1559668269,5696596.541575531,407.8296133692087,135.69578131573508,-4.713313728570938,-69.52649624993194,-17.433013359030788,-4.595726609426014,-12.279149680827125,12.787190976874285,-5.513824043444885,-17.80044309167468,35,0.7954545454545454,-1286424982.6777833,7302610639.102969,1457815875.1263444,-1286870648.1379688,7296914037.84808,1457815397.7702348,-111.17370306960936,14.795224337160715,-76.57886790596865,-80.95349873370427,13.877126903141857,-82.10016131681621,445665.46018551115,5696601.254889259,477.3561096191406,-30.220204335905088,0.9180974340188599,5.521293410847559,1089,frame_001089.png
8000,8000,67,41,0.6119402985074627,41,1.0,41,23,0.5609756097560976,440579.0091692003,5695565.4034435125,3445.7889708311723,-5086.466559906665,-1035.900352084078,2968.4321287901566,-121.18439782538961,4.876406817800976,-52.0104313886275,-90.753576137442,5.137835313169774,-57.759017866308824,23,0.5609756097560976,352665.24945101247,5911742.520342291,-137522.97390740635,-93000.22627809452,215141.21654669475,-138000.33074944737,-100.84924259853715,-40.77072407861884,-73.55862580675782,-70.41842091058953,-40.50929558325004,-79.30721228443913,445665.475729107,5696601.303795597,477.3568420410156,-30.430821687947613,-0.2614284953687938,5.748586477681316,1090,frame_001090.png
8000,8000,62,43,0.6935483870967742,43,1.0,43,29,0.6744186046511628,445496.3330077669,5696670.215442741,625.2722991626438,-169.15087873174343,68.90005973912776,147.91472469975315,154.37708531528534,-71.32476891649272,1.6302732552557546,-175.2087419476893,-71.76344369244951,-4.282051898926767,29,0.6744186046511628,2145115.12477293,123929806.81474133,7144418.451419309,1699449.6408864313,118233205.49935833,7143941.093844846,-88.90420543242915,32.82082869727571,-176.72076720177287,-58.490032695403826,32.38215392131892,177.3669076440446,445665.48388649867,5696601.315383002,477.3575744628906,-30.414172737025325,0.43867477595679893,5.912325154182522,1091,frame_001091.png
8002,8000,65,46,0.7076923076923077,46,1.0,46,29,0.6304347826086957,445637.48184143,5696567.549646117,1135.4351029505344,-28.004415625415277,-33.817864649929106,658.0856766810032,-19.785525609539246,-33.590740655876,-8.43916173680505,10.766327600492218,-35.35922409071941,-14.501763705974128,29,0.6304347826086957,-8872423.049006078,30687445.177746635,-25866077.711426742,-9318088.535263134,24990843.81023587,-25866555.060853012,-90.61144627748105,-19.958310487426836,-137.38256352435184,-60.05959306744958,-21.726793922270247,-143.4451654935209,445665.4862570554,5696601.367510767,477.3494262695313,-30.55185321003146,1.7684834348434264,6.062601969169075,1092,frame_001092.png
8000,8000,73,41,0.5616438356164384,41,1.0,41,30,0.7317073170731707,429252.3740486826,5672992.242665198,-54704.4110902283,-16413.107936026587,-23609.136276452802,-55181.752795550565,-15.292257716216255,47.466646760045705,-152.2337823550243,15.293414320689777,45.766614601893735,-158.02272628464598,30,0.7317073170731707,-6635495.377620715,-1026078.0720177367,6838475.000072873,-7081160.859605424,-6722679.450959387,6837997.658367551,-97.316823086056,3.5247716676868643,-167.88057696919918,-66.73115104914997,1.8247395095348793,-173.66952089882088,445665.4819847092,5696601.3789416505,477.3417053222656,-30.585672036906036,1.7000321581519737,5.788943929621684,1093,frame_001093.png
8000,8000,76,50,0.6578947368421053,50,1.0,50,28,0.56,-1784242.3157618209,5489097.880593811,-4942966.877250759,-2229907.7779420367,-207503.5064489497,-4943444.22237405,144.8480019855669,-53.85519248451091,-21.364451865459007,175.45866899487032,-55.00121656684182,-26.49596491217318,28,0.56,9820224.017561417,14405489.779315323,-9696385.728217753,9374558.555381201,8708888.392272562,-9696863.073341044,-108.72681887855494,-20.761142573096777,138.80620215298842,-78.11615186925151,-21.907166655427687,133.67468910627423,445665.46218021575,5696601.387042761,477.3451232910156,-30.610667009303423,1.1460240823309071,5.131513046714178,1094,frame_001094.png
8000,8000,65,39,0.6,39,1.0,39,27,0.6923076923076923,443085.9904094852,5698348.220166196,428.96508494262616,-2579.472762215126,1746.8376809172332,-48.38220509643634,-82.51961704560382,-33.21346457572739,111.90050765400943,-51.46548932877698,-33.98161508661428,107.44776674727473,27,0.6923076923076923,82257880.69566964,39626304.35325972,25442629.949812077,81812215.23249793,33929702.97077444,25442152.602522038,-129.4816763041283,4.700562890796814,76.26241383033043,-98.42754858730146,3.9324123799099198,71.80967292359577,445665.4631717003,5696601.382485279,477.3472900390625,-31.054127716826855,0.7681505108868855,4.4527409067346735,1095,frame_001095.png
8000,8000,73,54,0.7397260273972602,54,1.0,54,31,0.5740740740740741,602610.9408113998,5518152.343982623,-28933.453097982754,156945.4804804282,-178449.03149800003,-29410.804507894863,-29.280615476734575,61.049938131671595,-25.79887782089208,2.3628907815618163,60.474611020706845,-30.734542628513253,31,0.5740740740740741,2535612.878065175,37946059.58236405,-18703696.88795935,2089947.4177342034,32249458.20688343,-18704174.239369262,-88.19670863601725,-0.691089245102682,-178.08851327406893,-56.55320237772085,-1.266416356067424,176.97582191830986,445665.46033097163,5696601.375480623,477.3514099121094,-31.643506258296394,0.5753271109647466,4.935664807621168,1096,frame_001096.png
8000,8000,85,56,0.6588235294117647,56,1.0,56,33,0.5892857142857143,445474.69628415524,5698213.829084234,2014.31228937948,-190.75792201812146,1612.460516113788,1536.9639617427613,-88.65267785883232,-80.10159628789177,-9.308176863699344,-57.119294436857686,-80.86896432867805,-12.736401339793758,33,0.5892857142857143,-10842349.822544837,43134831.5888995,37780774.01899894,-11288015.276751012,37438230.22033138,37780296.67067131,-51.18932855562512,-0.19454604462947533,70.22017851096211,-19.655945133650476,-0.9619140854157706,66.79195403486773,445665.45420617337,5696601.3685681205,477.3483276367188,-31.533383421974637,0.7673680407862845,3.428224476094405,1097,frame_001097.png
8001,8000,80,55,0.6875,55,1.0,55,27,0.4909090909090909,445759.15970701963,5696542.827601905,519.577242085238,93.7445220449008,-58.51919631566852,42.21841640164428,-23.694264682816854,31.742484883218577,-12.158561757445113,7.073396654388034,28.71575973081022,-15.937934951069167,27,0.4909090909090909,2408341255.1940284,284088786.26721084,2957921170.213653,2407895589.7788434,278392184.9204126,2957920692.8548274,-92.88683539852298,6.170735099333354,160.8890594549013,-62.11917406131808,3.144009946924996,157.10968626127726,445665.4151849747,5696601.346798221,477.35882568359375,-30.767661337204895,3.026725152408368,3.7793731936240422,1098,frame_001098.png
8001,8001,94,59,0.6276595744680851,59,1.0,59,35,0.5932203389830508,445635.87327981426,5696603.138447254,696.4605840267739,-29.523698258737568,1.7948706457391381,219.10426078458636,-31.787441232115903,-39.5347708249276,-7.244947617969749,-1.2243476685671908,-41.63940022059276,-11.309687262260155,35,0.5932203389830508,314306.39084672264,5455144.538593077,68534.38009785608,-131359.00613135035,-241456.80498353112,68057.02377461389,-65.3649245651232,4.625210598442169,-72.77601081567394,-34.8018310015745,2.5205812027770094,-76.84075045996434,445665.396978073,5696601.343576608,477.3563232421875,-30.563093563548723,2.1046293956651647,4.064739644290394,1099,frame_001099.png
8000,8001,81,58,0.7160493827160493,58,1.0,58,33,0.5689655172413793,446181.8379820814,5696663.44176965,1506.4454524663233,516.4547260327963,62.10668046493083,1029.0990474370265,45.26830404885487,-13.973966204697014,-23.343672783761054,75.99488656584404,-15.270617062744577,-27.538556649785875,33,0.5689655172413793,531695.9397659532,2502082.8678861824,-546940.3468014484,86030.55650990462,-3194518.467203003,-547417.6932064777,92.11116078453156,-39.31001961611045,10.451980909544371,122.83774330152073,-40.60667047415802,6.257097043519565,445665.3832560486,5696601.335089185,477.3464050292969,-30.72658251698917,1.2966508580475582,4.194883866024814,1100,frame_001100.png
8001,8000,76,53,0.6973684210526315,53,1.0,53,32,0.6037735849056604,445760.39768217027,5696281.976299819,1207.778772906604,95.02278903964907,-319.35001219809055,730.4389596741821,-38.00795793373857,-13.890887356499608,-20.083075355346914,-7.5885063226963325,-15.696111247783904,-23.32457942358988,32,0.6037735849056604,-3272546025.154045,-3976105672.6091194,1747774883.203023,-3272991690.5289383,-3981802273.9354315,1747774405.8632097,-92.32314403619168,3.164906801880589,165.82640188996191,-61.90369242514943,1.359682910596291,162.58489782171898,445665.3748931306,5696601.326312017,477.3398132324219,-30.419451611042245,1.8052238912843057,3.2415040682429592,1101,frame_001101.png
8000,8000,75,55,0.7333333333333333,55,1.0,55,31,0.5636363636363636,-32429800.771617644,-22958813.480803244,-91019012.74975625,-32875466.134134784,-28655414.79977172,-91019490.09143105,-142.5641702227508,7.393718752595195,175.52955256445392,-112.09502025158483,5.735495038136548,171.75317114004304,31,0.5636363636363636,-616185.0232347667,6627358.569988543,-427166.5364801299,-1061850.3857519068,930757.2510200702,-427643.87815493456,-62.467139145354345,3.823826039849195,-128.0498709768085,-31.997989174188376,2.1656023253905516,-131.8262524012194,445665.36251714017,5696601.318968473,477.3416748046875,-30.46914997116596,1.6582237144586363,3.7763814244108844,1102,frame_001102.png
8000,8001,61,43,0.7049180327868853,43,1.0,43,24,0.5581395348837209,445666.0726970435,5696600.2537031965,474.3574021706701,0.7164200731785968,-1.0635437285527587,-2.9751478781579976,-33.09559005471784,-5.491339293348529,-6.643304695770459,-2.45491454273116,-6.569761380578029,-10.674974882942394,24,0.5581395348837209,-4020250.856311422,-22066313.724798154,2215198.3731870092,-4465916.212588392,-27762915.04204508,2214721.0406369604,109.83503055232384,12.257082645727728,113.87131871472367,140.47570606431054,11.178660558498223,109.83964852755173,445665.3562769703,5696601.317246925,477.3325500488281,-30.64067551198667,1.078422087229496,4.031670187171946,1103,frame_001103.png
8000,8000,83,57,0.6867469879518072,57,1.0,57,35,0.6140350877192983,445673.65222429874,5696604.329779952,463.3146715176257,8.30648122628918,3.004218313843012,-14.017451285108677,-14.025756465727635,57.32385020369259,15.854121910171207,16.195374338590767,55.05273810285266,12.186720526148207,35,0.6140350877192983,584461.8759910017,6013733.189821326,45660.0296316077,138796.53024792927,317131.8642596882,45182.697508804966,-103.43176226270133,38.942939922274704,-173.29803530431388,-73.21063145838292,36.67182782143476,-176.9654366883369,445665.34574307245,5696601.325561638,477.3321228027344,-30.221130804318406,2.271112100839938,3.6674013840230106,1104,frame_001104.png
8000,8000,65,48,0.7384615384615385,48,1.0,48,26,0.5416666666666666,445624.88729668164,5696630.985152296,416.45249150611426,-40.45493289642036,29.670758430846035,-60.89131952904199,155.2452252447264,14.383364841757896,-174.50569338573425,-174.27184568447944,13.400468045563002,-177.7225176227117,26,0.5416666666666666,-24516435.068102308,-14092445.139855532,5223082.076407785,-24962100.410331886,-19789046.454249397,5222604.732596749,60.83602329836237,30.546768361622014,142.3946645708551,91.31895236915653,29.56387156542712,139.1778403338776,445665.34222957806,5696601.314393865,477.34381103515625,-30.482929070794164,0.9828967961948841,3.21682423697746,1105,frame_001105.png
8000,8001,75,57,0.76,57,1.0,57,29,0.5087719298245614,394288.0835849274,5954386.397239741,-471392.41415404977,-51377.263297571626,257785.09222237766,-471869.7599792451,99.94321714731036,3.287961174332259,176.38347201805186,130.7428994979556,2.6883179524052423,173.09118725450378,29,0.5087719298245614,309022.8488515767,5601969.7559977835,986149.7970546116,-136642.49803092232,-94631.54901957978,985672.4512294163,165.37688333536067,67.57856112274767,22.65828176202793,-163.82343431399414,66.97891790082065,19.365996998479886,445665.346882499,5696601.305017363,477.3458251953125,-30.799682350645188,0.5996432219270168,3.292284763548041,1106,frame_001106.png
8000,8001,74,52,0.7027027027027027,52,1.0,52,30,0.5769230769230769,-568713.1750527335,8432956.851749934,-888415.6530786429,-1014378.5252300393,2736355.5558118736,-888893.001741973,65.79354044868008,-13.410450505182089,118.71092949552806,96.59190901835188,-14.735825864993501,115.52182168229439,30,0.5769230769230769,24974230.03325944,27356608.15726807,-27921897.054234896,24528564.683082134,21660006.86133001,-27922374.402898226,7.580169428712822,62.14437731848865,-110.20187285477121,38.378537998384644,60.819001958677234,-113.39098066800487,445665.35017730575,5696601.295938061,477.3486633300781,-30.79836856967183,1.3253753598114193,3.1891078132336683,1107,frame_001107.png
8000,8000,64,43,0.671875,43,1.0,43,25,0.5813953488372093,96254.6052240684,5097269.260524431,897862.0321174376,-349410.75060924044,-599332.027406726,897384.6811652891,-94.38888293030017,0.6330660831829136,-19.55656988902116,-63.90345182995107,-0.5866939713254169,-22.262602699259986,25,0.5813953488372093,523969.35321997,6283514.358401844,-385440.9411842955,78303.99738666118,586913.070470687,-385918.29213644395,-92.63736482613672,-4.214323163788351,174.51272078254502,-62.151933725787615,-5.434083218296706,171.80668797230618,445665.35583330883,5696601.287931157,477.3509521484375,-30.485431100349107,1.2197600545083436,2.706032810238824,1108,frame_001108.png
8000,8001,68,49,0.7205882352941176,49,1.0,49,26,0.5306122448979592,445539.68818245264,5696766.710703542,825.1348900525551,-125.68173560226569,165.45802275743335,347.7783531873207,-10.248087779795416,-58.681998083418186,21.614429094708353,19.89647391382212,-59.05034458244694,19.04585365780565,26,0.5306122448979592,541035.1676313981,6378816.815077229,-339376.337516587,95369.79771334317,682215.5623964444,-339853.69405345223,-113.36700966806875,-0.9548803815271076,-145.1679314522259,-83.22244797445121,-1.3232268805558647,-147.7365068891286,445665.3699180549,5696601.252680785,477.3565368652344,-30.144561693617536,0.3683464990287567,2.5685754369027074,1109,frame_001109.png
8000,8000,48,31,0.6458333333333334,31,1.0,31,25,0.8064516129032258,437621.85281134845,5692052.640920404,503.25797183075633,-8043.531804451195,-4548.596895788796,25.904852934271958,-100.73130703821056,19.936621981146896,-76.98300698089304,-69.67811433194086,24.832049605585865,-81.5493980715137,25,0.8064516129032258,334426.6744195257,5547492.914310969,460593.60502860066,-111238.71019627393,-149108.32350522373,460116.2519097042,77.63621668239814,41.724660980690686,25.856214439046052,108.68940938866785,46.620088605129666,21.289823348425386,445665.38461579964,5696601.237816193,477.3531188964844,-31.0531927062697,-4.895427624438973,4.566391090620668,1110,frame_001110.png
8000,8001,51,40,0.7843137254901961,40,1.0,40,33,0.825,445378.0597445463,5693995.525424272,41.25081596721367,-287.3260040701716,-2605.7046697763726,-436.04770698200514,-92.98693204876717,-23.952704588009677,-178.78755727211126,-62.5723873162804,-20.264357747520137,177.44849283336566,33,0.825,-74232081.20709825,155327689.3058799,23361880.05614054,-74677746.59284686,149631088.07578585,23361402.75761759,-81.57001041715041,-33.75755794167632,-72.20813137374115,-51.155465684663625,-30.069211101186767,-75.97208126826425,445665.3857486165,5696601.230094048,477.2985229492188,-30.41454473248677,-3.6883468404895527,3.7639498945230905,1111,frame_001111.png
8000,8000,90,66,0.7333333333333333,66,1.0,66,40,0.6060606060606061,445610.93484439986,5694315.4692056235,1202.501474433135,-54.42878049518913,-2285.748671551235,725.1769810249318,150.0930624371731,-4.684349839630441,-102.44753738327934,162.21240957552777,-4.323374323933592,-103.91030137754532,40,0.6060606060606061,1167365.0662938324,4869143.398899999,-1530213.0855811508,721699.7026689374,-827457.8189771753,-1530690.410074559,171.3213276961406,-38.32702910220651,113.8383205633465,-176.5593251655048,-37.966053586509645,112.37555656908052,445665.36362489505,5696601.217877175,477.3244934082031,-12.119347138354652,-0.36097551569686115,1.4627639942659796,1112,frame_001112.png
8001,8001,73,49,0.6712328767123288,49,1.0,49,33,0.673469387755102,308336.08158384473,5330744.4633299,195164.96267193893,-137329.30213597865,-365856.53935392294,194687.59841412643,-56.568563923862285,15.137323710415188,-33.70477636950682,-71.26862398354855,16.284254461909484,-31.28767122376601,33,0.673469387755102,734264.67288442,5916614.097024876,-213084.96103536536,288599.28916459664,220013.0943410527,-213562.32529317786,-87.73314083973511,2.7718989535901644,-178.1559392068356,-102.43320089942138,3.9188297050844483,-175.7388340610948,445665.3837198234,5696601.002683823,477.3642578125,14.700060059686267,-1.146930751494288,-2.4171051457408144,1113,frame_001113.png
8002,8000,70,49,0.7,49,1.0,49,43,0.8775510204081632,445650.07679767447,5696557.545379258,186.44252682915123,-15.354074566042982,-43.41611953359097,-290.9420556903801,-95.83431731312197,10.3504622904214,-159.43932352323571,-128.27548945033607,10.058773492142848,-154.58822268449384,43,0.8775510204081632,-883673.3355308385,8649416.965324482,-7145496.844618099,-1329338.766403079,2952816.0038256906,-7145974.229200618,-84.73178498614386,3.1234401042462254,27.18651613709065,-117.17295712335796,2.8317513059676855,32.03761697583252,445665.4308722405,5696600.961498791,477.3845825195313,32.441172137214096,0.29168879827854627,-4.851100838741862,1114,frame_001114.png
8000,8000,60,42,0.7,42,1.0,42,29,0.6904761904761905,445655.2526483052,5696608.242910563,469.7064359908478,-10.229675713053439,7.248490520752966,-7.708542036495942,66.58480961510446,-3.7068949581037596,76.6820992410724,12.508999190070654,-4.954820833981898,81.43007539985126,29,0.6904761904761905,1616909.2424210785,15878857.227838567,19765836.001489166,1171243.7600970604,10182256.233418524,19765358.58651114,-163.08085180349724,-45.052850398295085,23.512825411669596,142.84333777146895,-46.300776274173245,28.26080157044848,445665.48232401826,5696600.994420042,477.41497802734375,54.0758104250338,1.2479258758781444,-4.747976158778873,1115,frame_001115.png
8000,8000,85,63,0.7411764705882353,63,1.0,63,44,0.6984126984126984,445663.9051934753,5696602.215906195,473.415280722625,-1.6202997808577493,1.0901976125314832,-3.9912134179999725,75.67561093081503,-6.501685258246681,-0.34099672282114274,-2.148210759018184,-6.95258641732201,1.371368785157273,44,0.6984126984126984,-770242.6111077607,6993966.173916707,3219703.248268126,-1215908.1366010169,1297365.048208124,3219225.8417739854,-94.34850850371905,-58.76062386352812,-78.14125145018856,-172.17233019355223,-59.21152502260344,-76.42888594221014,445665.52549325617,5696601.125708583,477.406494140625,77.8238216898332,0.45090115907532896,-1.7123655079784166,1116,frame_001116.png
8000,8000,95,80,0.8421052631578947,80,1.0,80,68,0.85,445663.34242955764,5696602.951640846,473.3862207085446,-2.178752224193886,1.34536296967417,-4.031412348096012,99.08070019914858,-2.792094020466751,2.440859448968617,-1.4709202658424374,-3.9603601047312793,4.097790818712582,68,0.85,-1223711.2602462717,4055345.519943253,-3620426.5779454065,-1669376.7814280535,-1641256.0863346234,-3620903.995578463,-105.4515423300133,32.16569198647633,-169.9189007329556,153.9968372049957,30.997425902211802,-168.26196936321162,445665.52118178183,5696601.6062778765,477.4176330566406,100.55162046499102,1.1682660842645263,-1.6569313697439685,1117,frame_001117.png
8000,8000,98,75,0.7653061224489796,75,1.0,75,65,0.8666666666666667,445663.39541480277,5696602.578802355,474.2402622314444,-2.0576999011682346,0.6564018363133073,-3.169161596680624,115.20291033245002,-6.916035593277106,-0.057682550180005406,-1.740040063174888,-7.349966428038954,1.4080637181631346,65,0.8666666666666667,7305312.280539094,-801891.9163866313,5239852.58515351,6859646.827424389,-6498493.83878715,5239375.175729682,-66.86958980930561,4.6541628745637516,-7.0510959169074425,176.18745979506946,4.2202320398018855,-5.585349648564289,445665.45311470394,5696601.922400518,477.409423828125,116.9429503956249,0.433930834761853,-1.4657462683431501,1118,frame_001118.png
8000,8000,86,65,0.7558139534883721,65,1.0,65,53,0.8153846153846154,445662.85743457003,5696602.748118324,474.5103583463769,-2.4531450938084163,0.5454238997772336,-2.9084038606544027,120.78134253810707,-5.895092736705103,0.3877115927170043,-1.3570372030230828,-6.756187088769366,0.7238371848229974,53,0.8153846153846154,-227743109.20709133,-249949005.37654978,174141335.24813515,-228188774.517671,-255645607.5792442,174140857.82937294,-25.82562009866059,-8.963594918606377,-119.65664803144466,-147.96399983979074,-9.824689270670632,-119.32052243933866,445665.31057966384,5696602.202694424,477.4187622070313,122.13837974113017,0.8610943520642675,-0.3361255921059965,1119,frame_001119.png
8000,8000,114,89,0.7807017543859649,89,1.0,89,62,0.6966292134831461,445662.9016109217,5696603.38657175,474.5698694814795,-2.239703688188456,0.9428259273990989,-2.8484349618798888,122.27859579002525,-5.522991581966323,-3.1342321680645546,-1.2612550379949994,-5.401787916421142,-4.189747657325,62,0.6966292134831461,1159784.9845096222,5731973.202426844,-1139205.7530330422,714119.8431950123,35370.75868102163,-1139683.1713374855,66.66345574940682,49.79441101566818,84.50830841901946,-56.87639507861343,49.915614681213356,83.45279292975903,445665.1413146099,5696602.443745823,477.4183044433594,123.53985082802025,-0.12120366554518006,1.0555154892604444,1120,frame_001120.png
8001,8000,121,90,0.743801652892562,90,1.0,90,70,0.7777777777777778,445661.8820336105,5696604.781875995,474.72154879884505,-2.7140472813043743,1.6408522985875607,-2.689187285139326,122.28781082674335,-1.4393772698304501,-2.3953568276652675,-1.384023468036787,0.34974751820530514,-2.426397141097169,70,0.7777777777777778,5179521.777867276,7921605.092028678,-4270736.356205324,4733857.181786384,2225001.951004982,-4271213.766941408,-111.36011309773104,-23.69851614993105,160.69671270253522,124.9680526074888,-21.909391361895302,160.6656723891033,445664.5960808918,5696603.141023696,477.4107360839844,123.67183429478015,-1.7891247880357564,0.031040313431895665,1121,frame_001121.png
8000,8000,134,111,0.8283582089552238,111,1.0,111,95,0.8558558558558559,445661.731372658,5696605.191578245,474.7199781271728,-2.6849927362054586,1.822165652178228,-2.6912157204834557,122.29686870372893,-1.3092207537723468,-2.980746389707001,-1.282342109946228,1.0878240851537555,-2.9409889040871633,95,0.8558558558558559,677836.941177858,4820654.540939873,226365.94157322127,232172.52481246385,-875948.8284727195,225888.5303793736,-104.24614162182824,25.8094196841868,-93.71976383122146,132.17464756449658,28.206464523112913,-93.68000634560163,445664.4163653942,5696603.369412593,477.41119384765625,123.57921081367515,-2.3970448389261008,-0.03975748561982816,1122,frame_001122.png
8000,8000,108,86,0.7962962962962963,86,1.0,86,74,0.8604651162790697,445661.58994726726,5696605.292706577,474.7218975718648,-2.653564739099238,1.6972272079437971,-2.6854815785258097,122.62465751285305,-2.2633194040191404,-2.695070929108894,-1.2519138170092106,0.28279781237290536,-2.339474505184853,74,0.8604651162790697,-2247058.6585802436,7819308.45686571,4427735.900969303,-2692722.90209225,2122704.861386341,4427258.493590153,-31.598246011419093,-86.8512032054223,-134.70538675689937,-155.47481734128135,-84.30508598903025,-134.34979033297532,445664.24351200636,5696603.595479369,477.4073791503906,123.87657132986226,-2.5461172163920494,-0.3555964239240439,1123,frame_001123.png
8000,8000,116,97,0.8362068965517241,97,1.0,97,86,0.8865979381443299,445661.1368616028,5696605.885632275,474.7620667960949,-2.7678681770921685,1.853185724467039,-2.6381712410144473,122.70291031711884,-0.4047618619719343,-3.3438513159378824,-1.440342622156777,1.9174111980281907,-4.096715886952779,86,0.8865979381443299,9960188.300686229,-3250698.5362258125,-11855697.76317093,9514524.39595645,-8947302.568672363,-11856175.163408967,-90.49830745953393,48.45949367913125,-60.61817847927635,145.3584396011904,50.78166673913137,-61.37104305029125,445663.90472977987,5696604.03244655,477.4002380371094,124.14325293927563,-2.3221730600001127,0.7528645710148959,1124,frame_001124.png
8001,8000,104,84,0.8076923076923077,84,1.0,84,74,0.8809523809523809,445661.0556935773,5696606.193927423,474.7780603608873,-2.6874727334361523,1.955384056083858,-2.6248937406751907,122.94544385173171,-0.23952297668523656,-4.193431899270535,-1.3861025980610293,1.87213237833393,-5.05188847344138,74,0.8809523809523809,-48516509.42599825,-14054018.40278924,90706409.10295036,-48962173.16916456,-19750622.641332608,90705931.69999626,-146.51090954641998,-16.43454991501154,-144.97274234550477,89.15754400378728,-14.322894559992363,-145.83119891967561,445663.7431663107,5696604.238543367,477.4029541015625,124.33154644979273,-2.1116553550191766,0.8584565741708419,1125,frame_001125.png
8000,8002,118,90,0.7627118644067796,90,1.0,90,75,0.8333333333333334,445660.59980273625,5696606.779636014,474.73913027004187,-2.849536424211692,2.127339349128306,-2.654393899880006,122.17701321183543,0.9821254969680505,-2.9403582801680495,-1.4659448177114882,2.834721805310778,-2.6976819275138837,75,0.8333333333333334,-259809.67569000344,-19328033.71286029,-23200039.436443016,-705473.1250291639,-25024638.365156956,-23200516.829967186,-38.749712784224315,68.59758460931586,138.96073813336196,-162.39267081377125,70.4501809176586,139.20341448601613,445663.44933916046,5696604.652296665,477.3935241699219,123.64295802954693,-1.852596308342734,-0.24267635265416734,1126,frame_001126.png
8000,8000,100,75,0.75,75,1.0,75,67,0.8933333333333333,445660.9322597948,5696607.736102664,474.65164880623126,-2.2363762016175315,2.678872167132795,-2.7504813207218604,122.27591701018878,2.3095448058302273,-7.575893658349489,-1.08094542747412,4.282235060640261,-7.276340301268704,67,0.8933333333333333,1030053.9387758365,6011517.842712881,-1153884.8183228367,584390.7701398401,314912.78548238426,-1154362.2204529636,-96.29384388508392,-37.49663424570038,-178.8903898363966,140.34929367725317,-35.52394399089036,-178.5908364793158,445663.1686359964,5696605.057230497,477.4021301269531,123.3568624376629,-1.9726902548100342,-0.2995533570807811,1127,frame_001127.png
8003,8000,96,77,0.8020833333333334,77,1.0,77,67,0.8701298701298701,445660.1032580483,5696607.68878552,474.7411611380047,-2.931121983274352,2.4299789844080806,-2.6652109323077866,121.78910807357144,3.652479382715775,-3.5306736386809905,-1.476496229899766,4.802292956217144,-3.839496546970196,67,0.8701298701298701,-102934.40960236284,-21949871.859385654,16073892.149368156,-548597.4439823944,-27646477.11819219,16073414.742996085,-139.32802944480804,-36.480951784040805,-57.020203902272044,97.40636625172078,-35.33113821053942,-57.32902681056123,445663.0343800316,5696605.258806536,477.4063720703125,123.2656043034712,-1.149813573501374,0.3088229082891926,1128,frame_001128.png
8000,8000,112,82,0.7321428571428571,82,1.0,82,76,0.926829268292683,445659.56699224474,5696607.567231873,474.76182964242776,-3.3363689855323173,2.10952693130821,-2.646220894681619,121.31977403656349,3.090460402959981,-0.7202442355637803,-1.8894459199491394,4.282955822608443,-1.1956274267067215,76,0.926829268292683,251952857.20558438,4908778.2028190745,-154078268.24651316,251507194.30222315,-787827.2548858672,-154078745.6545637,-116.35907807526493,11.260412234325193,-174.16098471047647,120.43170196822246,12.452907653973654,-174.6363679016194,445662.9033612303,5696605.457704942,477.4080505371094,123.20921995651264,-1.1924954196484538,0.4753831911429315,1129,frame_001129.png
8000,8001,99,76,0.7676767676767676,76,1.0,76,66,0.868421052631579,445659.7873569458,5696608.13844116,474.8023677077573,-2.9832046640804037,2.486016498878598,-2.6095585617740085,121.75411662094791,3.7138943047645347,-3.475947862921404,-1.5765528090327905,4.88145541902594,-3.6341292390552837,66,0.868421052631579,1086716.3493649722,6362797.254650118,-290017.8376311262,641053.5788033623,666191.6022254564,-290495.24955739576,81.87912462037686,30.500340161264855,131.4282436676232,-41.45154480960383,31.667901275526248,131.27006229148935,445662.7705616099,5696605.652424661,477.4119262695313,123.3306694299807,-1.1675611142614026,0.15818137613389235,1130,frame_001130.png
8001,8000,70,58,0.8285714285714286,58,1.0,58,54,0.9310344827586207,445658.70029344433,5696609.329268256,474.66609177143994,-3.694160293787718,3.076345579698682,-2.7542573496538125,122.11285178689387,7.8930758644453505,-2.22979454975815,-1.6217207825166042,11.522999037617325,-2.7455027190556223,54,0.9310344827586207,2151350675.676002,-1527980926.9439328,-349573523.3372952,2150905013.2815485,-1533677533.1968555,-349574000.7576443,-24.083588530613156,-31.131810545160793,56.00982589197701,-147.81816110002362,-27.5018873719888,55.49411772267953,445662.3944537381,5696606.2529226765,477.42034912109375,123.73457256941046,-3.6299231731719828,0.5157081692974823,1131,frame_001131.png
8000,8000,67,52,0.7761194029850746,52,1.0,52,50,0.9615384615384616,445659.0377328598,5696608.1016553175,474.61752583417103,-3.239180138858501,1.6530294539406896,-2.7797214802820918,121.73283740900862,-4.314555244603389,1.149341882153473,-1.7525348460216605,4.171799791456266,2.225207406248103,50,0.9615384615384616,2934209.3041514996,18422883.206868526,25939335.956508644,2488547.0272385012,12726276.758242663,25938858.55926133,175.26513815863893,-48.9953310151195,-166.6925546561717,51.77976590360865,-40.50897597905984,-165.61668913207706,445662.27691299864,5696606.4486258635,477.3972473144531,123.48537225503028,-8.486355036059654,-1.075865524094631,1132,frame_001132.png
8000,8000,67,55,0.8208955223880597,55,1.0,55,48,0.8727272727272727,445658.562915942,5696608.246373272,474.57598685280675,-3.4746856155688874,1.40588787663728,-2.783479699927625,122.43015416919148,-4.56000791171892,0.7604620777309277,-1.7620071675177371,3.6646697479444015,-1.621385718618427,48,0.8727272727272727,1033987.3908574055,4503824.315687696,500873.47206300305,588325.3532558479,-1192782.5247976985,500396.1125964503,-66.54398328823484,25.930681959397106,-130.19532194779825,169.26385537505593,34.15535961906042,-132.5771697441476,445662.03760155756,5696606.840485395,477.3594665527344,124.19216133670922,-8.224677659663312,2.381847796349348,1133,frame_001133.png
8000,8001,51,40,0.7843137254901961,40,1.0,40,39,0.975,445658.97311007965,5696608.7010652935,474.7145383573504,-3.04356427595485,1.8199390498921275,-2.6588136934308864,122.83403671723421,-1.8064868311782782,-1.9257830313643653,-1.34290579560178,3.8738758504164537,-2.653575270458788,39,0.975,-18476746.59459231,16364545.443260338,75569745.18937676,-18922408.611266665,10667938.562134095,75569267.8160247,-170.0276703898514,-35.172211507376865,-152.3749646368518,65.79538709731264,-29.491848825782142,-153.10275687594623,445662.0166743556,5696606.881126244,477.3733520507813,124.17694251283598,-5.680362681594733,0.7277922390944301,1134,frame_001134.png
8001,8002,61,47,0.7704918032786885,47,1.0,47,41,0.8723404255319149,445659.2126501866,5696608.453024398,474.65849175150714,-2.81485471164342,1.5587882176041603,-2.7411054164616644,122.15171543351931,-2.2397900748315767,-0.767713219961819,-1.6265194838439356,1.6259248955700514,0.15426937476811986,41,0.8723404255319149,1661077.2938474468,6763904.843181167,-247270.07502926834,1215415.2663425487,1067297.9489449868,-247747.4746264363,74.56882188321532,-20.859896627339438,94.48311994070922,-49.20941303414793,-16.994181656937798,95.40510253543914,445662.02750489826,5696606.89423618,477.3995971679688,123.77823491736326,-3.8657149704016365,-0.9219825947299416,1135,frame_001135.png
8000,8000,71,53,0.7464788732394366,53,1.0,53,49,0.9245283018867925,445658.14003867324,5696610.150924585,474.53786615154934,-3.909405918675475,3.2593517377972603,-2.8801331160287873,123.27553115789213,11.690209476992303,-1.3441101478867847,-1.8960793052846157,12.702362451058974,-0.6346511568081041,49,0.9245283018867925,45788.36571814638,4961772.195626366,180671.5162194625,-399873.68372644554,-734834.6959464811,180194.09822019492,-152.812375670407,5.763602006881593,14.836810519104294,82.01601386641624,6.775754980948278,15.54626951018298,445662.0494445919,5696606.891572847,477.4179992675781,125.17161046317675,-1.012152974066683,-0.7094589910786948,1136,frame_001136.png
8000,8001,65,53,0.8153846153846154,53,1.0,53,48,0.9056603773584906,445659.0541509672,5696608.228360787,474.7164313005753,-2.992680095892865,1.4076154427602887,-2.712584812705984,122.15109742049775,-1.1311560815568968,-0.45185819149320355,-1.6122701044812686,0.6660895565098031,-0.9145988953961819,48,0.9056603773584906,-67316525.94835176,3928070.6692890255,-33855461.95730105,-67762187.99518281,-1768536.1514563188,-33855939.38631716,136.3954920428619,55.442814082421584,-70.24923500383188,12.632124517882858,57.24005972048826,-70.71197570773487,445662.0468310631,5696606.820745344,477.4290161132813,123.76336752497902,-1.797245638066686,0.4627407039029814,1137,frame_001137.png
8000,8001,64,54,0.84375,54,1.0,54,49,0.9074074074074074,445658.8500321771,5696608.978468357,474.7629129821603,-3.1744768189964816,2.1761521510779858,-2.6727864807303376,121.91437484276616,3.2072335844262265,-1.2534619998778789,-1.5026388656428935,5.0909237842011805,-0.9240825074462578,49,0.9074074074074074,3362184281.583018,4048723604.8055034,4280465482.394096,3361738619.558509,4043026998.003187,4280465004.9583964,-93.46152869465101,83.30580239895995,-175.20266339222943,143.12145759693993,85.18949259873489,-174.8732838997978,445662.0245089961,5696606.802316206,477.4356994628906,123.41701370840904,-1.8836901997749542,-0.3293794924316307,1138,frame_001138.png
8000,8000,72,57,0.7916666666666666,57,1.0,57,56,0.9824561403508771,445658.9707700851,5696608.495824297,474.72829394568777,-3.051349118410144,1.7036343421787024,-2.713264892202858,121.86606446015458,0.2472605864841376,-0.7451360684123344,-1.6285726530952616,2.3308444972911957,-1.0922074693139052,56,0.9824561403508771,-6738993.635682203,115362.26006338652,5445229.588499595,-7184655.657801406,-5581244.532126568,5444752.1469407575,-129.92238960633276,11.302059297716077,-152.3190154766568,106.58297328041743,13.385643208523135,-152.66608687755837,445662.0221192035,5696606.792189955,477.4415588378906,123.49463711324982,-2.0835839108070684,0.3470714009015693,1139,frame_001139.png
8000,8000,73,54,0.7397260273972602,54,1.0,54,48,0.8888888888888888,445658.8687524015,5696609.814909761,474.726507611331,-3.155995598179288,3.0333728063851595,-2.7103210019503194,122.37254781007668,7.701959504791151,-4.176389087388225,-1.3875229588585967,9.093780922073421,-3.897939549288708,48,0.8888888888888888,989628.0998724257,5796191.574319503,20163.340201912048,543966.075124426,99584.79278254882,19685.903373298766,-134.97137580622103,-11.041176853622913,103.75837803523382,101.26855342484367,-9.649355436340642,104.03682757333331,445662.0247479997,5696606.781536954,477.4368286132813,123.76007076893528,-1.3918214172822747,-0.2784495380995075,1140,frame_001140.png
8000,8000,49,42,0.8571428571428571,42,1.0,42,36,0.8571428571428571,445658.62751112535,5696608.798997027,474.69205024037313,-3.4102709044818766,2.0209116702899337,-2.74297783579874,122.21637202892319,2.9734537027702665,0.6042329996741738,-1.5460552317230736,5.070758189849357,1.2620305756001926,36,0.8571428571428571,211800.42219349463,5333037.706221537,294694.7312134612,-233861.6155885352,-363569.07186381985,294217.296185385,-142.20010684820656,13.883317798398314,-109.71931992880685,94.03746589114718,15.98062228547738,-109.06152235288084,445662.03778202983,5696606.778085357,477.4350280761719,123.76242726064625,-2.097304487079079,-0.6577975759260122,1141,frame_001141.png
8000,8000,45,34,0.7555555555555555,34,1.0,34,34,1.0,445658.8249473912,5696608.654336824,474.7287463544541,-3.2197734100627713,1.8688636999577284,-2.7030773760147326,122.54968842625445,1.742710152320657,0.18483121378134565,-1.4977592846524317,3.705592211303525,1.2002539147709967,34,1.0,448512.2688725052,5708173.178806161,-9521.119378023675,2850.2241517039947,11566.393333036453,-9998.551201754144,144.69986331550137,46.73324508060976,110.99102771673071,20.652415604594466,48.69612713959265,112.00645041772037,445662.04472080123,5696606.785473124,477.4318237304688,124.0474477109069,-1.9628820589828806,-1.015422700989663,1142,frame_001142.png
8001,8001,51,37,0.7254901960784313,37,1.0,37,34,0.918918918918919,445658.4097601298,5696609.880696025,474.6595651288439,-3.641263749508653,3.0828446093946695,-2.7761648516249124,122.42725318849234,9.667166930930238,-1.9678068966076783,-1.5723360239654198,10.781151947114807,-1.6332046731169783,34,0.918918918918919,-8437601158.111297,10073931096.212898,1707421863.9621015,-8438046820.16232,10068234489.415047,1707421386.5263715,-79.03094569691396,-83.39938580425945,149.64766079275068,156.96946509062826,-82.28540078807488,149.9822630162414,445662.0510238793,5696606.797851415,477.4357299804688,123.99958921245776,-1.1139850161845661,-0.33460222349070406,1143,frame_001143.png
8001,8002,54,43,0.7962962962962963,43,1.0,43,40,0.9302325581395349,445658.93964633474,5696608.429818281,474.7042302530573,-3.110085867694579,1.6265584649518132,-2.7323542195989603,121.87915438341379,0.2346589161066903,0.5837273343929065,-1.5844661003286262,2.029113106198423,1.510656894942997,40,0.9302325581395349,-135339.90502722503,4579097.804788584,-565922.3779157109,-581001.9547594275,-1117508.9984712321,-566399.8145001836,-82.93298696810388,26.39542621484473,152.29502306655013,153.6033925481537,28.189880404936474,153.22195262710022,445662.04973220243,5696606.803259816,477.43658447265625,123.46362048374242,-1.7944541900917417,-0.926929560550095,1144,frame_001144.png
8000,8000,60,44,0.7333333333333333,44,1.0,44,40,0.9090909090909091,445658.4555203328,5696609.350458535,474.7082628636787,-3.593416849966161,2.540953181684017,-2.7279248804618987,121.57964717667329,6.260006098900436,0.4353556107873978,-1.669948460318011,8.149880836378202,1.6653999677652394,40,0.9090909090909091,-28138694.42720405,-11657861.06458364,-8304262.171956934,-28584356.476141233,-17354467.874088995,-8304739.608144678,65.0755614909498,8.261269387537,-95.614649251727,-58.17403414604151,10.151144125014753,-94.38460489474917,445662.04893718276,5696606.809505354,477.4361877441406,123.2495956369913,-1.889874737477755,-1.2300443569778345,1145,frame_001145.png
8000,8001,70,50,0.7142857142857143,50,1.0,50,49,0.98,445658.9515504339,5696608.511391499,474.6938164294426,-3.082032557344064,1.6653384948149323,-2.74270700805738,121.59052826039098,-0.2913984892843312,0.33217360526955686,-1.5396840161711793,2.504007897855189,1.2181866525678515,49,0.98,376248.0005062219,5231136.116124228,246978.95224095116,-69414.03307676932,-465470.7299287766,246501.51571751366,-105.86600708438718,12.585470836366374,-130.73358195846896,131.00378063905066,15.380877223505877,-129.84756891117067,445662.0335829912,5696606.846053004,477.4365234375,123.13021227656218,-2.7954063871395087,-0.8860130472982951,1146,frame_001146.png
8000,8002,58,39,0.6724137931034483,39,1.0,39,36,0.9230769230769231,445659.02182339673,5696608.654580545,474.6872745427527,-3.003581027558539,1.7983708633109927,-2.75245324045045,121.3420871553571,0.09942963303810652,-0.1355512911487037,-1.5545101399475811,2.984190825821713,1.0742969113069876,36,0.9230769230769231,-400143.4900327467,2799702.1972503453,-1609387.5298734684,-845805.515437171,-2896904.658959336,-1609864.9696012517,-131.88773110151737,-0.6400961288208146,-4.363281377030017,105.21567160317795,2.244665063962799,-3.153433174574303,445662.0254044243,5696606.856209681,477.4397277832031,122.8965972953047,-2.8847611927836,-1.2098482024557051,1147,frame_001147.png
8000,8001,69,56,0.8115942028985508,56,1.0,56,53,0.9464285714285714,445659.62476582924,5696608.499378734,474.6969339143419,-2.3772159888176247,1.6356595903635025,-2.722926925501838,122.05505135132904,-2.1313932852041013,-3.653374546853086,-1.5311583308565275,-0.19705318468876953,-3.409502595862392,53,0.9464285714285714,5337726.936543739,-26933466.521348126,20979260.378673185,4892064.934561921,-32630073.38506727,20978782.958812345,-125.63619782328897,-52.20422071776523,-42.420912291492144,110.77759249452549,-50.269880617249896,-42.177040340501435,445662.00198181806,5696606.863719144,477.41986083984375,123.58620968218557,-1.9343401005153202,-0.24387195099069642,1148,frame_001148.png
8000,8001,68,59,0.8676470588235294,59,1.0,59,55,0.9322033898305084,445659.20434158953,5696608.752963504,474.7544244748735,-2.761969963903539,1.9175533736124635,-2.683655359110901,122.3440785667055,0.5381708309383787,-3.5494028641484956,-1.3404901488599705,2.482668887903145,-4.667583677322199,55,0.9322033898305084,-177126.96753503062,6366437.795737712,2557813.4954475095,-622788.933846584,669830.9603275815,2557336.0573676755,-63.76155812892094,-47.27451240368645,-131.36708783536096,172.5538731555136,-45.3300143467217,-132.48526864853466,445661.96631155343,5696606.83541013,477.4380798339844,123.68456871556548,-1.944498056964759,1.1181808131736914,1149,frame_001149.png
8000,8000,64,48,0.75,48,1.0,48,45,0.9375,445659.16064918163,5696608.234592682,474.7192917149974,-2.790186145284679,1.4130181493237615,-2.7184524256276177,122.30444205834496,-2.039776529416307,-1.423426137981815,-1.2959119432680382,0.2138927428683246,-1.963149821483853,45,0.9375,-106306132.5712804,-708872950.9136719,-140698985.05371615,-106751794.52211574,-714569557.7352464,-140699462.4914603,-102.96223494833026,52.450821575860616,-133.13365251903204,133.43741105005677,54.70449084814524,-133.6733762025341,445661.9508353269,5696606.821574532,477.437744140625,123.600354001613,-2.2536692722846308,0.5397236835020344,1150,frame_001150.png
8001,8000,54,37,0.6851851851851852,37,1.0,37,34,0.918918918918919,445657.9595068569,5696608.8218430085,474.70477233042203,-3.9861442940309644,2.0060398522764444,-2.7291571129373438,121.83479561661906,4.3175999869704675,2.6610843769254355,-1.7104404557968564,6.981587381091401,1.9364765897285565,34,0.918918918918919,-17661207.437178016,-87754546.47061051,6502197.871958319,-18106869.382829167,-93451153.28641367,6501720.438028876,-11.554079277970116,61.39517353529187,152.07183173874196,-135.099315350386,64.0591609294128,151.34722395154506,445661.94565115095,5696606.815803156,477.4339294433594,123.5452360724159,-2.6639873941209267,0.7246077871968818,1151,frame_001151.png
8001,8001,62,48,0.7741935483870968,48,1.0,48,44,0.9166666666666666,445658.4750989754,5696608.732288458,474.7130912229078,-3.4774126631673425,1.9144862554967403,-2.715619714592208,122.29927305123029,2.7071776272880963,0.8281996700630957,-1.5142423145786665,4.7611624125626975,0.974122143267067,44,0.9166666666666666,1865689.7108772532,8256928.838840095,4708804.778048836,1420027.7583656146,2560322.0210378924,4708327.349337898,148.50681062612583,-49.96841655914417,-177.56296533123208,24.69329526031686,-47.91443177386958,-177.4170428580281,445661.9525116386,5696606.817802203,477.4287109375,123.81351536580897,-2.053984785274588,-0.14592247320395993,1152,frame_001152.png
8000,8001,53,41,0.7735849056603774,41,1.0,41,38,0.926829268292683,445658.53069839993,5696608.8503123205,474.8055334417806,-3.431217720033601,2.0457690684124827,-2.6192102105631534,122.36007811750295,3.337286642520204,-0.225405353130513,-1.4579264407094001,5.24780922570568,-0.6885376776920111,38,0.926829268292683,-658948810.1012242,-1997967854.4233184,960391952.0141526,-659394472.0631403,-2003664461.2278616,960391474.589409,-82.11157152259278,8.558652213944875,-176.5865109829813,154.07042391919487,10.469174797130336,-177.0496433075428,445661.96191611997,5696606.804543252,477.42474365234375,123.81800455821237,-1.9105225831854753,0.46313232456149545,1153,frame_001153.png
8000,8001,66,48,0.7272727272727273,48,1.0,48,48,1.0,445658.95502044534,5696608.615665782,474.72585294462124,-3.0130248318891972,1.8298584008589387,-2.700141928425637,122.3000377406193,0.9885732853616397,-1.0509362719753559,-1.4211815303029312,2.820527869848405,-0.7674972066982377,48,1.0,534789.6120076664,5662950.46926029,494672.5931498748,89127.64396238915,-33656.31654709112,494195.1671550018,-116.60132504590379,-52.503116087909625,-125.1738413418266,119.677455683174,-50.671161503422866,-124.89040227654948,445661.96804527723,5696606.785807381,477.4259948730469,123.72121927092222,-1.8319545844867717,-0.28343906527711554,1154,frame_001154.png
8000,8002,59,46,0.7796610169491526,46,1.0,46,44,0.9565217391304348,445659.0058169067,5696608.635861771,474.75277905367733,-2.9564325355459005,1.8711925987154245,-2.6708049306976704,122.22004881441651,1.3273487933731378,-2.415588101851955,-1.2742336334841866,2.64968500164872,-3.6850338040101462,44,0.9565217391304348,424497.30923177546,5513765.315406939,2242608.251915317,-21164.653017666773,-182841.44926223345,2242130.8283313327,-68.59160081067553,-36.10435481929467,-134.45939785559256,167.91411674142375,-34.78201861101908,-135.72884355775074,445661.96224944224,5696606.7646691725,477.423583984375,123.49428244790072,-1.322336208275588,1.2694457021581784,1155,frame_001155.png
8000,8001,63,46,0.7301587301587301,46,1.0,46,39,0.8478260869565217,445659.45210315735,5696608.316941688,474.700651700345,-2.503758732404094,1.5589288650080562,-2.72458023324873,122.03856154028774,-1.9598290772009095,-3.2271604751265324,-1.2291834576121232,-0.14592347205339706,-3.814626447536142,39,0.8478260869565217,517546.97208463686,4865543.755117746,-645775.869773533,71885.0162227471,-831063.0028950768,-646253.2950054666,-132.87416415369643,53.820807175458654,-66.0460233865148,103.85809084840372,55.63471278060615,-66.63348935892442,445661.95586188976,5696606.758012823,477.42523193359375,123.26774499789987,-1.8139056051475129,0.5874659724096181,1156,frame_001156.png
8000,8001,59,42,0.711864406779661,42,1.0,42,41,0.9761904761904762,445658.58885089454,5696608.21405269,474.6980877113159,-3.353571969724726,1.4571357546374202,-2.7299213218872183,121.8368776939293,-0.17266858813650443,1.3714399868207459,-1.5493075527519125,2.189839478612299,0.8032691059729302,41,0.9761904761904762,-208579139.97438267,100361096.4808214,249307295.4362078,-209024801.91680554,94664489.72390446,249306818.00819877,62.25159825986627,-64.19818233876389,-69.24034028728593,-61.13458698681494,-61.8356742720151,-69.80851116813373,445661.94242286426,5696606.756916936,477.4280090332031,123.38618524668121,-2.3625080667487928,0.5681708808478056,1157,frame_001157.png
8000,8000,58,41,0.7068965517241379,41,1.0,41,39,0.9512195121951219,445658.80020134564,5696608.01356065,474.71010842414705,-3.1356218635337427,1.2527702674269676,-2.7293752184310733,123.03463694930704,-1.6383629057243625,0.7156985626944294,-1.368632858648425,0.4724086800539169,0.4354003125633028,39,0.9512195121951219,661982.5452146088,3991402.6147403712,821397.1324625628,216320.6093913996,-1705204.1460500113,820919.6929789202,-115.30468828393276,1.774493122552652,-92.76164446591295,120.29204190811174,3.8852647083309364,-93.04194271604409,445661.9358232092,5696606.7607903825,477.4394836425781,124.40326980795548,-2.1107715857782745,0.2802982501311388,1158,frame_001158.png
8000,8001,60,45,0.75,45,1.0,45,43,0.9555555555555556,445658.60576429794,5696609.554217536,474.73507894370135,-3.3299569771043025,2.7974844397976995,-2.699704991845522,122.64973829413552,7.734503432893596,-3.9320000887116575,-1.157115006573008,8.20536516299103,-5.743008989325546,43,0.9555555555555556,-969963.0718289489,4262221.392927825,2623982.9763107887,-1415625.007550224,-1434385.3638052708,2623505.541526853,-70.50349066154142,-25.117733129749816,-170.4672085796534,165.68965603775007,-24.646871399652383,-172.27821748026727,445661.93572127505,5696606.756733096,477.4347839355469,123.80685330070853,-0.4708617300974223,1.811008900613882,1159,frame_001159.png
8000,8000,57,43,0.7543859649122807,43,1.0,43,40,0.9302325581395349,445658.64373484615,5696608.591895104,474.7115324628589,-3.2982223144499585,1.8432046165689826,-2.7009736406567413,122.07439617567636,1.5143607194441657,-0.9683248265642781,-1.4465654187119412,4.021196059143961,-2.6712596807807074,40,0.9302325581395349,-547084.7896613118,45174898.98440108,27885648.047631975,-992746.7316184724,39478292.23571059,27885170.63512587,168.61484563655287,-14.43324727537539,-179.3632362435187,45.093884042164575,-11.926411935675617,178.93382890226485,445661.9419571606,5696606.748690488,477.4125061035156,123.52096159438828,-2.5068353396997867,1.7029348542164218,1160,frame_001160.png
8000,8000,64,51,0.796875,51,1.0,51,46,0.9019607843137255,445659.5402014331,5696608.535416944,474.7096683739724,-2.4162561654811725,1.7810949189588428,-2.699175620168205,121.83285996704107,-0.7175691353130993,-3.870048182177274,-1.4469580940105402,0.5152884572963217,-3.7405478486819277,46,0.9019607843137255,-98448.6013666041,2407277.0184185053,1654033.700831037,-544110.5578242027,-3289329.7359035197,1653556.2919870429,-82.90719426009603,11.363780820844832,-163.35948506077509,153.81298767885232,12.596638413454258,-163.22998472727974,445661.9564575986,5696606.754322025,477.4088439941406,123.27981806105161,-1.232857592609415,-0.12950033349534115,1161,frame_001161.png
8000,8000,80,65,0.8125,65,1.0,65,62,0.9538461538461539,445658.918527939,5696608.673745135,474.70845091994636,-3.0541878290241584,1.9124223785474896,-2.7123559648192668,121.39043940306914,2.2410140642119463,-0.43090529452279835,-1.381040404690225,3.0431082805574476,0.2889980512288446,62,0.9538461538461539,41664055.03356742,-26951766.460174173,-46976919.90724312,41218393.060851656,-32648373.22149693,-46977397.32805,-84.63416257757538,28.949074581086776,83.59100422774455,152.59435761466523,29.751168797432285,84.3109075734962,445661.97271576803,5696606.761322756,477.4208068847656,122.77147980775938,-0.8020942163454946,-0.7199033457516428,1162,frame_001162.png
8000,8000,65,48,0.7384615384615385,48,1.0,48,48,1.0,445658.8863758958,5696608.569534599,474.70709575269507,-3.104147613805253,1.7967253997921944,-2.708217968008057,121.29323672097662,0.9297992967275603,-0.019932215439878356,-1.3795991308370787,3.0078368029415117,0.38242366095207103,48,1.0,107969.75756528351,6198866.764184708,151846.0871218556,-337692.2329582261,502259.9913755087,151368.6718081349,159.11549352704517,6.721931910258297,159.68114836219627,36.44265767523149,8.799969416472237,160.0835042385882,445661.9905235096,5696606.772809199,477.4153137207031,122.6728358518137,-2.078037506213953,-0.40235587639194137,1163,frame_001163.png
8000,8001,70,54,0.7714285714285715,54,1.0,54,51,0.9444444444444444,445658.883514425,5696608.937180145,474.7234028226876,-3.129270374774933,2.13359756115824,-2.6816569917655215,121.14398481914048,1.899258647925156,-0.7836716823190824,-1.3451523918841986,5.1380114483772275,-0.200848794090831,51,0.9444444444444444,8936902.734436473,-560752075.0375446,343994129.8399786,8491240.721651673,-566448681.8411272,343993652.43491876,-123.40286964768322,-9.736423193455906,-93.95998156547677,114.10799314129207,-6.49767039300383,-93.37715867724852,445662.0127847998,5696606.803582584,477.4050598144531,122.4891372110247,-3.238752800452081,-0.5828228882282521,1164,frame_001164.png
8000,8001,67,46,0.6865671641791045,46,1.0,46,41,0.8913043478260869,445659.0790537431,5696609.511279586,474.7067079827898,-2.9680140993441455,2.6851391280069947,-2.697985620725831,121.1007578776951,5.899128232080119,-3.3759077699234634,-1.0441172016853102,6.58791688963143,-3.211634055759248,41,0.8913043478260869,23785400.292381316,-40741796.02610921,-13060742.265875252,23339738.245313473,-46438402.85224967,-13061219.670568855,-103.23231373378052,27.254660929142133,-60.99600046379498,134.62281118683904,27.943449586693447,-60.83172674963075,445662.04706784245,5696606.826140458,477.4046936035156,122.14487507938041,-0.6887886575513179,-0.16427371416422668,1165,frame_001165.png
8001,8000,59,50,0.847457627118644,50,1.0,50,48,0.96,445658.37936456915,5696609.393883695,474.6790601171228,-3.6878036764101125,2.5516404742375016,-2.7252062402990873,120.6463009662075,6.961005852173628,0.6880101064212792,-1.5203944214564444,8.287725935829712,0.8042067229798988,48,0.96,-208392993.51764286,338394976.2764243,207419006.20450458,-208838655.5848111,332698369.4341811,207418528.80023822,-107.7108068758506,40.480042691512146,-49.57938053975913,130.12249773648546,41.80676277516824,-49.46318392320052,445662.06716824556,5696606.842243221,477.4042663574219,122.16669538766394,-1.32672008365608,-0.1161966165586096,1166,frame_001166.png
8002,8000,71,58,0.8169014084507042,58,1.0,58,51,0.8793103448275862,445659.01246089133,5696608.737797457,474.6353981246732,-3.097309395321645,1.8453029319643974,-2.761910224936173,120.689611871977,0.6107537537916411,0.9638191635281795,-1.4376988047671944,3.5051754116897484,2.8811818189654446,51,0.8793103448275862,1076619.4989596906,4483234.06477501,-956397.8648421057,630957.389189404,-1213372.8277195152,-956875.2621504553,-38.23435119294202,3.0375787283062556,175.76587639697877,-160.3616618696862,5.932000386204351,177.683239052416,445662.10977028665,5696606.892494525,477.3973083496094,122.12731067674419,-2.8944216578981012,-1.9173626554372574,1167,frame_001167.png
8000,8000,56,45,0.8035714285714286,45,1.0,45,42,0.9333333333333333,445658.9028967466,5696609.232682503,474.68230562404403,-3.227117693342734,2.3125863736495376,-2.7150332431434663,121.19206691912422,2.4810727176272214,0.6908714306386737,-1.4956501750198186,6.502091835819527,3.5391192044747015,42,0.9333333333333333,55741249.29044065,-35780858.29305846,32596176.74261593,55295587.16042621,-41477465.21315459,32595699.345277064,-76.0787482310948,-48.7159200445735,77.61125208720492,161.2335346747612,-44.694900926381194,80.45949986104097,445662.1300144399,5696606.920096129,477.3973388671875,122.68771709414402,-4.021019118192303,-2.848247773836034,1168,frame_001168.png
8001,8000,62,44,0.7096774193548387,44,1.0,44,41,0.9318181818181818,445659.3883544331,5696608.754569078,474.64710127513007,-2.759776233928278,1.8127600569278002,-2.752831586198056,122.35629848971365,-0.7171524543616951,-1.3145754541792307,-2.010300394753358,2.975335323674159,0.026485623708396133,41,0.9318181818181818,403110.73969783814,6165533.850841412,31257.627427228494,-42551.4084328289,468926.9090323914,30780.227494367165,78.34088896925687,33.88288138596483,-114.5155835613636,-46.02570991521014,37.575369164000676,-113.17452248347598,445662.14813066705,5696606.941809021,477.3999328613281,124.36659888446702,-3.6924877780358423,-1.3410610778876149,1169,frame_001169.png
8000,8000,57,41,0.7192982456140351,41,1.0,41,35,0.8536585365853658,445658.54751590244,5696608.435620712,474.5513290999997,-3.615176916704513,1.4810568131506443,-2.8454604507816157,140.86595418177882,-0.8047148074528282,0.38888813352921997,2.5162605293467095,4.880278110689119,1.5808116722691068,35,0.8536585365853658,43054215.85548624,-2461135.3090044055,43950385.19636157,42608553.692793414,-8157742.2635683045,43949907.79957202,-48.26652345771211,-2.920671269351859,-96.7022500510108,173.38378288985575,2.7643216487900872,-95.51032651227091,445662.16269281914,5696606.954563899,477.3967895507813,138.3496936524321,-5.6849929181419325,-1.1919235387398806,1170,frame_001170.png
8000,8000,51,41,0.803921568627451,41,1.0,41,40,0.975609756097561,445658.64634734206,5696608.795256146,473.34212097851344,-3.4133156022871844,1.5699004596099257,-4.09724059375219,-172.7339100909957,6.3046592990129335,-1.3775776174482683,-0.6895580317905114,-3.8940692641839405,-0.6938802089876788,40,0.975609756097561,-379843.2834704277,6901355.421896109,-24680.409576812293,-825505.343133372,1204748.1965404227,-25157.84893838456,-140.07295117476295,23.592659483722304,-152.44592846845907,31.971400884442232,13.393930920525435,-151.76223105999847,445662.05966294435,5696607.225355687,477.4393615722656,-172.04435205920518,10.19872856319686,-0.6836974084605939,1171,frame_001171.png
8000,8000,56,41,0.7321428571428571,41,1.0,41,38,0.926829268292683,445658.4250626122,5696608.175879368,473.5458291239843,-3.556465021974873,1.0208192812278867,-3.9167563252345303,-170.8176347643845,7.163902967092695,-2.006337084912104,-1.3777351487975977,-3.42493058533816,-3.5126940464367067,38,0.926829268292683,-4220961205.318088,1714595634.8136997,-2594524255.324863,-4221406867.299616,1708899027.6586397,-2594524732.7874484,-100.14082570584364,28.55731764433672,-0.5817281834347519,69.29907390974327,17.96848409190585,-2.088085144959365,445661.9815276342,5696607.155060086,477.4625854492188,-169.4398996155869,10.58883355243086,1.5063569615245995,1172,frame_001172.png
8000,8000,65,53,0.8153846153846154,53,1.0,53,47,0.8867924528301887,445658.3962445925,5696608.301546635,473.79383369666255,-3.3034522458328865,1.290516858920455,-3.6231584908374543,-170.13402388424402,-1.4580687262864795,-2.9745013618394522,-1.5179565069393561,-3.8864880485098467,-2.7008138414758207,47,0.8867924528301887,-86964448.07115696,-92519101.47422594,-121881955.96594425,-87410109.7708538,-98215708.48525572,-121882433.38293643,79.95127032209655,60.23750610236763,98.69064612921832,-111.43266230059879,57.80908678014424,98.96433364958193,445661.69969683833,5696607.011029776,477.4169921875,-168.61606737730466,2.428419322223375,-0.27368752036363164,1173,frame_001173.png
8000,8000,63,48,0.7619047619047619,48,1.0,48,40,0.8333333333333334,445657.9417802633,5696608.320436663,473.8317408557719,-3.566580513608642,1.369145012460649,-3.5915074352437273,-169.6977126904863,0.3775754525090077,-3.6919219330351205,-1.4232006505218067,-2.8866078416953656,-2.7921068136716087,40,0.8333333333333334,175541468.65988317,112310074.51903628,-21941505.746370606,175095807.1515224,106613467.56774463,-21941983.169618897,-142.35417039207243,65.62098459959438,115.76419489910545,25.92034164789206,62.35680130539001,116.66401001846896,445661.50836077693,5696606.9512916505,477.4232482910156,-168.2745120399645,3.2641832942043645,-0.8998151193635253,1174,frame_001174.png
8001,8000,72,48,0.6666666666666666,48,1.0,48,42,0.875,445657.87105471286,5696608.261316605,473.8261227856291,-3.4451867469470017,1.3694578055292368,-3.6209292163240434,-169.73806328390697,0.24114005078700262,-3.7156169393576524,-1.4334603534687744,-4.11047391752831,-3.132677628216811,42,0.875,-23267833.01454839,897825.3415787909,18215122.213815164,-23713494.33078985,-4798781.550280008,18214644.766763162,-92.62857809865521,11.406445817020726,-110.27063166002002,75.67602483178297,7.054831848705419,-109.68769234887917,445661.3162414598,5696606.891858799,477.4470520019531,-168.3046029304382,4.3516139683153,-0.5829393111408446,1175,frame_001175.png
8000,8001,61,46,0.7540983606557377,46,1.0,46,38,0.8260869565217391,445657.2564101144,5696608.005779426,473.77861545124705,-3.4466869573225267,1.253560553304851,-3.667795681565451,-170.08320574255762,0.9381980226360818,-1.9641093354225518,-1.5090242495489292,-3.764061533365293,-0.5104156729432816,38,0.8260869565217391,-69559110062.7955,-12356974739.875336,-16991023375.149113,-69559555723.4986,-12362671346.627554,-16991023852.595524,-92.7708989197086,2.5482803163087757,-161.63869330551248,75.8032825733001,-2.153979239692603,-160.18499964303322,445660.70309707173,5696606.752218872,477.4464111328125,-168.5741814930087,4.70225955600137,-1.4536936624792576,1176,frame_001176.png
8000,8000,54,41,0.7592592592592593,41,1.0,41,32,0.7804878048780488,445657.09674861346,5696608.067088222,473.7954268663725,-3.3879727745079435,1.3469778122380376,-3.660200575033798,-170.14082646706387,0.39137231699749364,-1.9148873882630877,-1.5716128422827182,-4.549643264013326,0.2646410470791807,32,0.7804878048780488,83435462.97777973,29200169.437996022,-127967745.73505645,82989802.49305834,23503562.717885613,-127968223.19068389,-113.61256467911053,-14.131178953474837,96.16359603298474,54.95664894567062,-19.072194534485646,98.343124468327,445660.48472138797,5696606.72011041,477.4556274414063,-168.56921362478116,4.941015581010819,-2.1795284353422666,1177,frame_001177.png
8000,8000,73,47,0.6438356164383562,47,1.0,47,36,0.7659574468085106,445656.731867612,5696607.914679781,473.76851880364427,-3.519908585061785,1.2279394147917628,-3.6817985791682304,-170.1129502362402,1.4658008730020857,-1.633695884759821,-1.6762934171899815,-3.625645773126905,0.5258187514216957,36,0.7659574468085106,247751.13789345612,5757366.030442849,756468.9011744629,-197909.11388274093,60759.34370248299,755991.45085708,-93.4950984361708,-64.42586544685088,172.49820684564787,74.9415583828794,-69.51731209297986,174.6577214818294,445660.25177619705,5696606.686740366,477.4503173828125,-168.43665681905023,5.09144664612898,-2.1595146361815263,1178,frame_001178.png
8000,8001,74,52,0.7027027027027027,52,1.0,52,41,0.7884615384615384,445656.6325660378,5696608.204784633,473.8672005555794,-3.3803348162327893,1.5552086448296905,-3.5783560850455842,-170.34609385678417,-0.2752666186363583,-3.8206228736366152,-1.9573111815662116,-5.394086515636616,-2.227710229184254,41,0.7884615384615384,212590.40038229252,6025492.260854237,-237661.91332343675,-233069.61251856154,328885.61127824895,-238139.35888007737,-115.22377694826255,0.9755437476377224,179.29441135099717,53.1650057269554,-4.143276149362549,-179.1126760045505,445660.01290085405,5696606.649575988,477.445556640625,-168.38878267521795,5.118819897000264,-1.5929126444523618,1179,frame_001179.png
8000,8001,66,47,0.7121212121212122,47,1.0,47,40,0.851063829787234,445655.77896316536,5696608.087811513,473.80615421864405,-3.484287802304607,1.5709132989868522,-3.6310100879965717,-170.84040418530978,0.5147244133983979,-3.7501248016871886,-1.829876630335093,-3.999998926419636,-2.64255222497124,40,0.851063829787234,-632288.1201659199,170426.53492595628,-6797590.222035699,-1077947.3834168876,-5526179.981972258,-6798067.659200005,-94.13530180576227,-31.71400160875941,179.91367625192964,74.8752257492124,-36.22872494857745,-178.97875117135442,445659.26325096766,5696606.516898214,477.4371643066406,-169.0105275549747,4.514723339818045,-1.107572576715938,1180,frame_001180.png
8000,8000,49,32,0.6530612244897959,32,1.0,32,30,0.9375,445654.96573829604,5696608.328945113,473.7301419635266,-3.787609211693052,1.9109065923839808,-3.6985384563952834,-171.28923810273844,1.6118726280344722,-4.870665588863224,-2.151037713423193,-2.7090623263557347,-2.077810993619778,30,0.9375,-756300816.9872818,3913517.245419625,-741789788.9701233,-756746475.7406293,-1783089.1726188958,-741790266.3988037,-89.32171399716857,-11.311913148913298,166.9798629082673,79.81648639214666,-15.632848103303502,169.77271750351076,445658.75334750774,5696606.418038521,477.4286804199219,-169.13820038931524,4.320934954390205,-2.792854595243452,1181,frame_001181.png
8000,8001,37,26,0.7027027027027027,26,1.0,26,20,0.7692307692307693,445655.7487049922,5696607.5318781985,473.8547802850149,-2.4865557207376696,1.1552957529202104,-3.56776610170391,-170.01851429517055,-5.9482292410393125,1.625747497471367,-1.3764498687520188,-9.718416192697958,5.3227863411775616,20,0.7692307692307693,1315084.8957416208,6221230.479107704,-155462.9766545234,869426.6604809079,524624.1025252584,-155940.39920091012,-132.74096380683932,59.91043920482882,105.61401036237255,35.90110061957921,56.14025225317016,109.31104920607879,445658.2352607129,5696606.376582446,477.4225463867188,-168.64206442641853,3.770186951658643,-3.697038843706204,1182,frame_001182.png
8000,8001,43,31,0.7209302325581395,31,1.0,31,20,0.6451612903225806,445655.3148174212,5696607.98696996,473.87679516786477,-2.6728672883473337,1.6152862422168255,-3.5642753887758545,-170.23726793657198,-4.379661532219874,-0.4657525339313031,-1.5387328559516789,-9.621480911094352,4.626452648787222,20,0.6451612903225806,-6332183399.901764,-8118677566.094047,-20666687128.936195,-6332629057.889448,-8124374172.465731,-20666687606.377266,-121.93907944730658,-56.213703850760055,128.7197051961269,46.759455633313735,-61.45552322963454,133.81191037884543,445657.98768470954,5696606.371683718,477.4410705566406,-168.6985350806203,5.241819378874482,-5.092205182718524,1183,frame_001183.png
8000,8001,48,40,0.8333333333333334,40,1.0,40,27,0.675,445654.48558789754,5696607.640691216,473.87644428707193,-3.2658246046630666,1.2844926519319415,-3.6037498047249414,-169.71002305213497,0.04110973406944822,0.8427686445202135,-0.9803013093034849,-5.731865497862174,5.642512097029908,27,0.675,377424.77233025787,5831281.64504392,706099.5407577892,-68232.97908224433,134675.28884535562,705622.0605636974,146.69248760199534,7.053098474535746,-13.660411673465505,-44.5777906551732,1.2801232426041338,-8.860668220955802,445657.7514125022,5696606.356198564,477.4801940917969,-168.7297217428315,5.772975231931617,-4.799743452509698,1184,frame_001184.png
8000,8000,43,32,0.7441860465116279,32,1.0,32,25,0.78125,445654.36906692723,5696607.903148965,473.9963767990277,-3.147608214931097,1.568858727812767,-3.4939796462847994,-169.63711551504758,-1.8052819621613434,-2.3629538126983443,-1.2181615278670392,-6.8831609500439015,0.9069484688553189,25,0.78125,82640211.46930313,-12308898.487354722,-62638651.70133366,82194553.95262799,-18005504.821644958,-62639129.1916901,-87.40781973925391,48.312773630059745,-123.83874680194423,81.01113424792663,43.23489464217718,-120.56884452039057,445657.51667514216,5696606.334290237,477.4903564453125,-168.41895398718054,5.077878987882554,-3.269902281553654,1185,frame_001185.png
8000,8001,42,34,0.8095238095238095,34,1.0,34,22,0.6470588235294118,445654.04428862303,5696607.752835819,474.00149601452995,-2.9990991370286793,1.4820418013259768,-3.4770196104700517,-169.8372791125332,-1.5379241036500841,-2.1083225597589235,-1.202602174743049,-7.217276285186301,0.342095347771874,22,0.6470588235294118,-14461559.323157279,54367172.49199833,-17818102.268524937,-14907216.366545038,48670566.22120431,-17818579.747040562,-115.36432648953108,45.18014373762569,163.08710578195928,53.27035044825908,39.50079155608947,165.53752368949006,445657.04338776006,5696606.270794017,477.478515625,-168.63467693779015,5.6793521815362284,-2.4504179075307992,1186,frame_001186.png
8000,8000,50,31,0.62,31,1.0,31,25,0.8064516129032258,445653.4028262237,5696607.304691782,473.93097269131863,-3.40245215309551,1.0821103546768427,-3.5434230606344954,-169.8887968516859,1.4838083927903738,-0.4883752367674554,-1.1950523092741605,-4.126831897556258,1.392792171855433,25,0.8064516129032258,-174003450922.38254,2365949577865.4004,-814645218460.5203,-174003896579.1878,2365943881259.1777,-814645218937.9946,-5.868497295206703,39.879807249523566,95.75688474525666,162.82524724720503,34.269166959176914,97.63805215387958,445656.8052783768,5696606.222581428,477.4743957519531,-168.69374454241174,5.610640290346635,-1.8811674086229013,1187,frame_001187.png
8001,8000,34,23,0.6764705882352942,23,1.0,23,17,0.7391304347826086,445652.62663730525,5696607.113937123,473.87256477423773,-3.9345238173846155,0.9313215157017112,-3.5861754601372695,-169.85799190659804,4.112790441854824,0.4758563403055429,-1.4021027010655587,-0.7992303396758018,3.354860278877993,17,0.7391304347826086,-405599682.625417,-283280449.6295133,667189180.0392814,-406045339.1865781,-288977055.8121289,667188702.5805411,119.84286838290481,20.977408899441976,-17.720015128261817,-71.7012424115627,16.06538811791134,-14.841011189689368,445656.56116112263,5696606.182615607,477.458740234375,-168.4558892055325,4.912020781530632,-2.8790039385724424,1188,frame_001188.png
8000,8000,29,20,0.6896551724137931,20,1.0,20,15,0.75,445652.47497624636,5696607.2577328,473.92902537330104,-3.840203504951205,1.11518117133528,-3.5152800466208305,-170.37376897046485,2.5704176665056306,-0.22969071282521064,-1.6064249994573174,-1.7418307572988567,2.7862246968246325,15,0.75,8701423.719213825,-18492853.144130662,14516773.6901575,8255767.404034073,-24189459.286682293,14516296.24585208,-77.37734786032838,69.24963046133394,176.15729684544468,91.38999611067914,64.93738203752946,179.17321225509454,445656.3151797513,5696606.142551629,477.4443054199219,-168.76734397100753,4.312248423804486,-3.0159154096498533,1189,frame_001189.png
8000,8001,43,30,0.6976744186046512,30,1.0,30,22,0.7333333333333333,445652.2638520956,5696607.027913862,473.9109605504483,-3.541140322224237,0.9873551335185766,-3.5258985804110807,-169.85772593232693,1.6762334755148136,0.5700274811809733,-0.8615994664991717,-2.6374117995463564,2.93050954874235,22,0.7333333333333333,-119282252374.69563,46680335404.78159,-157298591622.34946,-119282698030.50063,46674638798.741035,-157298592099.78632,-84.42589994851231,-31.53624955081481,179.60385810689692,84.57022651731546,-35.849894825875964,-178.0356598255417,445655.8049924178,5696606.040558728,477.4368591308594,-168.99612646582776,4.313645275061162,-2.3604820675613674,1190,frame_001190.png
8000,8000,25,15,0.6,15,1.0,15,11,0.7333333333333333,445652.298009038,5696606.887815771,473.95028409917313,-3.2487261976930313,0.8919601300731301,-3.491427326608175,-169.4963445621911,-0.38015652096500624,2.004521358799078,-0.39590689657543976,-4.517665874924262,5.151483700313037,11,0.7333333333333333,-1967242.6025597,5988918.9096875815,-1292834.2423510558,-2412898.1492949356,292312.91383194085,-1293311.6840624816,-92.8241595084647,29.857043556310227,-174.8207568807784,76.27627815715095,25.719534202350985,-171.67379453926443,445655.54673523566,5696605.995855641,477.4417114257813,-169.10043766561566,4.137509353959245,-3.1469623415139636,1191,frame_001191.png
8000,8000,35,23,0.6571428571428571,23,1.0,23,14,0.6086956521739131,445649.9929689454,5696606.905770886,473.47704872067004,-5.042992998030968,0.9950332837179303,-3.957613144564334,-169.396655606216,11.210210957778434,-0.610067953273105,-0.3157831059692171,7.328367160825991,2.558159188599177,14,0.6086956521739131,-54404889.53788108,-36812037.84768571,-1282498.1098320745,-54850544.57384302,-42508643.75842331,-1282975.5444939397,50.787014578541275,29.734135431131627,-179.93520205559284,-140.13211292121196,25.85229163417918,-176.76697491372056,445655.03596194345,5696605.910737602,477.4346618652344,-169.08087250024678,3.8818437969524453,-3.1682271418722747,1192,frame_001192.png
8000,8000,23,14,0.6086956521739131,14,1.0,14,9,0.6428571428571429,445649.8355695649,5696607.948262122,473.6216376414986,-4.69491473591188,2.119052905589342,-3.8027703174857947,-170.6932683997124,8.153406907544689,-7.239036113681697,-1.4093657026635924,4.368622965463487,-4.3432543812483,9,0.6428571428571429,-798299893.5192438,23666864.304666407,-663024864.0934721,-798745548.0497282,17970258.47545719,-663025341.5178801,-74.53367662961304,-18.51692771528408,177.8044449160573,94.75022606743573,-22.301711657365274,-179.29977335150932,445654.5304843008,5696605.829209217,477.4244079589844,-169.2839026970488,3.7847839420811877,-2.8957817324334,1193,frame_001193.png
8000,8000,26,11,0.4230769230769231,11,1.0,11,8,0.7272727272727273,445649.87045290734,5696607.539002168,473.77220946006986,-4.40939813433215,1.757055207155645,-3.6423718387582653,-170.63331488995297,6.147943512952966,-4.4193180680775885,-1.4208700118578292,2.2797331604064084,-1.1690730922753687,8,0.7272727272727273,-49887672.970161155,1853924.0344370967,-2001726.6055335328,-50333327.2500122,-3842681.747509864,-2002204.0201148316,-91.57935495575848,3.0015837909809227,-151.17942734483455,77.6330899223367,-0.8666265615656528,-147.92918236903233,445654.2798510417,5696605.781946961,477.4145812988281,-169.21244487809514,3.8682103525465665,-3.250244975802228,1194,frame_001194.png
8000,8000,32,15,0.46875,15,1.0,15,11,0.7333333333333333,445650.65580416034,5696606.412394934,473.6970687810349,-3.381781105941627,0.673205042257905,-3.7267593439651137,-170.08336673485087,1.418248764437468,3.983775298008154,-0.8695832999946447,-3.6973338475474407,7.419447982696823,11,0.7333333333333333,-1225705.0358629315,1342262.0074426588,592888.85484558,-1671359.073448198,-4354343.731747233,592411.431017455,-22.58725450780837,-32.936894104412346,-143.47913636208366,146.62652892704784,-38.05247671639725,-140.04346367739498,445654.0375852663,5696605.739189892,477.423828125,-169.21378343485623,5.115582611984897,-3.4356726846886723,1195,frame_001195.png
8000,8001,29,16,0.5517241379310345,16,1.0,16,9,0.5625,445650.6745397153,5696606.357984436,473.71509664361184,-3.1283236322924495,0.6513399528339505,-3.7063205927162812,-169.57091291289765,-0.18838325843033926,5.00148140366557,-0.337050550763621,-5.384977439948045,9.22414439946337,9,0.5625,-8627246.183073804,320690.45983672887,-11497727.506157648,-9072899.985937152,-5375915.246807754,-11498204.927574884,-93.6764374903571,-5.57181619612066,159.0440536441944,75.55742487177693,-10.76841037763836,163.26671663999218,445653.8028633476,5696605.706644483,477.4214172363281,-169.23386236213403,5.1965941815177095,-4.2226629957978,1196,frame_001196.png
8000,8000,24,12,0.5,12,1.0,12,9,0.75,445649.27468296414,5696606.278809305,473.61990143005613,-2.6229195298510604,0.9067054139450192,-3.836458433225175,-169.70901188824823,-4.970342858232711,4.35135126419728,-0.5637147389994936,-8.601526954272373,8.535963298784566,9,0.75,-8468428.700408028,4746111.861541783,-3956215.97559061,-8914080.598010523,-950493.5105621079,-3956693.431950473,108.67109104109082,-49.64805990247656,56.37655210176652,-82.18361180966042,-53.27924399851622,60.561164136353796,445651.897602494,5696605.372103891,477.4563598632813,-169.14529714924873,3.631184096039657,-4.184612034587276,1197,frame_001197.png
8000,8001,23,12,0.5217391304347826,12,1.0,12,9,0.75,445649.6931397035,5696606.226764216,473.5458374981791,-1.9498030530521646,0.9013470942154527,-3.9258421893209174,-169.84368084811766,-9.975419959518577,5.149378649235309,-0.5025622454083702,-13.54162927848165,9.028832747669242,9,0.75,526896.8487712379,-11783223.137780799,8164922.411707392,81245.20582848135,-17479828.46319792,8164444.940027704,36.04721205159623,-35.284054884037374,-107.01048455495065,-154.6116693456945,-38.85026420300045,-103.13103045651671,445651.64294275653,5696605.325417122,477.4716796875,-169.3411186027093,3.566209318963063,-3.879454098433943,1198,frame_001198.png
8000,8001,29,15,0.5172413793103449,15,1.0,15,10,0.6666666666666666,445648.5124570842,5696606.256233142,473.739241303535,-2.3914634648826905,1.0587292667478323,-3.722947417168143,-170.4261556872911,-6.402093712138436,4.072497217575998,-0.8087739259194962,-10.132664511314204,8.445488881504673,10,0.6666666666666666,8136909697.881307,136819303802.31581,130939296106.39749,8136464046.977386,136813607197.1183,130939295628.9353,174.62333107213172,-2.6586427980874254,-55.54911269620253,-15.759287166496733,-6.389213597263193,-51.17612103227387,445650.9039205491,5696605.197503875,477.4621887207031,-169.6173817613716,3.730570799175773,-4.372991663928662,1199,frame_001199.png
8000,8001,27,13,0.48148148148148145,13,1.0,13,11,0.8461538461538461,445647.5303065443,5696606.260348645,473.848148113914,-3.1276689206715673,1.099239352159202,-3.5992090638203535,-170.67943397243644,-2.143550681351056,2.3797896804171343,-1.156865529901694,-5.363043281944385,6.21300098558109,11,0.8461538461538461,295918.59377840086,5853374.546490867,-583922.7494763044,-149732.0641970641,156769.3853815738,-584400.1968334821,-122.77974984089049,-18.18859882300472,144.7634620446456,46.742818601644274,-21.40809142359805,148.59667334980952,445650.65797546494,5696605.161109293,477.4473571777344,-169.52256844253475,3.219492600593321,-3.833211305163965,1200,frame_001200.png
8000,8000,21,10,0.47619047619047616,10,1.0,10,7,0.7,445646.6440505224,5696606.544456108,473.9401988956666,-3.7614046731614508,1.4240372264757752,-3.507036211755292,-169.9693832500654,1.361980849070754,-0.7691312124389661,-1.0903653707846388,-1.5850333599303497,3.7030866977333403,7,0.7,-20862716.04539389,9338793.330812294,15217875.982599491,-21308366.450849086,3642188.210393413,15217398.535364384,-83.81729339102071,20.76713225961474,-115.5209610915269,85.06172448826004,17.820118050613644,-111.04874318135458,445650.4054551956,5696605.120418881,477.4472351074219,-168.87901787928075,2.9470142090011,-4.472217910172315,1201,frame_001201.png
8000,8001,31,18,0.5806451612903226,18,1.0,18,12,0.6666666666666666,445646.5719455807,5696605.986984583,473.79835484197645,-3.588036996196024,0.9091540863737464,-3.6576082927891775,-170.3801280084276,2.492748361450581,2.3369659351999528,-1.0238892132385047,-2.7272454220172335,5.29988065077481,12,0.6666666666666666,3256844.821724346,3031484.5293635153,13927001.052265853,2811194.661741769,-2665120.548466981,13926523.596302718,-90.9924338298533,13.789782942802658,179.62130553685398,78.36380496533582,8.569789159334846,-177.41577974757115,445650.1599825769,5696605.077830496,477.4559631347656,-169.35623879518909,5.21999378346782,-2.9629147155748474,1202,frame_001202.png
8000,8000,20,14,0.7,14,1.0,14,13,0.9285714285714286,445646.1574604483,5696606.042799048,473.89080877035457,-3.545902603364084,1.0928310938179493,-3.5682976749579325,-170.24902126320376,2.081404666904478,0.07778387765496005,-1.2631934421762594,-2.5476201897899955,1.913201221295111,13,0.9285714285714286,-1775185.2766788607,6953003.566019242,-10780462.067990508,-2220834.9800419123,1256398.6160512874,-10780939.527096953,-90.34162217682943,7.393066282239938,-179.7465389539113,78.64420564419805,2.7640414255454573,-177.91112161027115,445649.70336305164,5696604.949967954,477.4591064453125,-168.9858278210275,4.629024856694483,-1.8354173436401546,1203,frame_001203.png
8000,8000,18,9,0.5,9,1.0,9,7,0.7777777777777778,445647.82985065744,5696604.95440666,473.7161880476684,-1.6293572983704507,0.07725904043763876,-3.7393478410034504,-169.1199883863389,-11.297424700774148,8.635692331592116,-0.6183228444756423,-14.478552701074136,10.089356744670681,7,0.7777777777777778,567335.5420603505,5688311.7969551515,193269.5587877509,121686.08285239473,-8293.08019246813,192792.10325186222,-44.385693800388346,21.07029739886471,-38.874793561805966,124.11597174147494,17.889169398564718,-37.4211291487274,445649.4592079558,5696604.87714762,477.4555358886719,-168.50166554186325,3.181128000299996,-1.4536644130785548,1204,frame_001204.png
8000,8000,17,7,0.4117647058823529,7,1.0,7,5,0.7142857142857143,445646.66086167574,5696606.44266201,474.1414017455015,-2.5553848471026868,1.6433954639360309,-3.3118148072328495,-169.7685166727247,-7.337418224182685,-4.170585847675443,-1.4165129921149742,-10.061858917960222,-3.7250010806955345,5,0.7142857142857143,-4468037787.843547,-7714051645.435278,33618248442.55285,-4468483437.059793,-7719748250.234545,33618247965.099632,-97.15766198933318,11.088985519078912,-15.97613118380318,71.19434169127655,8.36454482530138,-15.530546416823285,445649.21624652285,5696604.799266546,477.4532165527344,-168.35200368060973,2.724440693777525,-0.44558476697990773,1205,frame_001205.png
8000,8001,26,16,0.6153846153846154,16,1.0,16,10,0.625,445645.22173743707,5696606.0671700565,474.0582777877193,-3.7526437507476658,1.3537848200649023,-3.4016526322025697,-169.98369659279282,0.51793404904408,-4.2548537430244675,-1.8771871481913536,-1.8230220526994287,-3.8937881222989574,10,0.625,-38712510.01155047,11556816.695041548,-12194569.319153905,-39158158.98593166,5860211.981656312,-12195046.779084325,-101.28279059571096,14.561334527838378,-164.9292797415173,66.82371884889051,12.220378426094868,-164.56821412079177,445648.9743811878,5696604.713385236,477.4599304199219,-168.10650944460147,2.3409561017435205,-0.36106562072551424,1206,frame_001206.png
8000,8000,11,6,0.5454545454545454,6,1.0,6,6,1.0,445644.9450263827,5696605.528277428,474.14517138685653,-3.1269828695221804,1.1721181645989418,-3.323944824080968,-171.23502068608846,-2.3101257984496524,-2.7855324248796074,-2.434274539801521,-5.62550596626923,-4.063780431373772,6,1.0,-9172164.299911488,-6938368.5404312285,-8222953.915074814,-9617812.37192074,-12634972.896590492,-8223431.384191025,-100.91563003466631,-43.445408047620354,146.22777255319377,67.88511611162062,-46.76078821543993,144.94952454669965,445648.0720092522,5696604.356159263,477.4691162109375,-168.80074614628694,3.3153801678195784,1.278248006494157,1208,frame_001208.png
8000,8000,13,7,0.5384615384615384,7,1.0,7,6,0.8571428571428571,445644.24475930457,5696605.498412475,474.064984918526,-3.3920642577577382,1.2570915762335062,-3.4288200131146027,-171.35561198123648,0.7863323198729842,-2.4110197398907847,-2.2614793915585096,-4.107213140749678,-2.87492586511587,6,0.8571428571428571,235796.78107045323,7207106.165358194,-939273.1722936383,-209850.8557531091,1510501.9240372954,-939750.66609857,-110.21340579055439,29.476675194360496,149.50087557769686,58.88072679912358,24.58312973373785,149.0369694524718,445647.6368235623,5696604.241320899,477.4938049316406,-169.09413258967797,4.893545460622658,0.4639061252250876,1209,frame_001209.png
8000,8000,17,6,0.35294117647058826,6,1.0,6,6,1.0,445643.56320950383,5696605.593414542,473.9296583480847,-3.8412275732844137,1.3898618798702955,-3.609129493712203,-171.3366721883841,5.826604762673002,-3.585487700310456,-2.080279579152659,-1.3929586268058358,-4.013632347899801,6,1.0,768689.7362670319,2788669.0033314885,694936.487274417,323042.33182995475,-2907935.200221174,694458.9484865752,-169.1374962390831,5.063121361304219,67.50989472743889,0.11889637014834875,-2.1564420281746095,67.08175007984954,445647.4044370771,5696604.203552662,477.5387878417969,-169.25639260923145,7.219563389478834,0.4281446475893522,1210,frame_001210.png
8000,8000,13,7,0.5384615384615384,7,1.0,7,6,0.8571428571428571,445646.20702991204,5696607.209590875,474.00634117362074,0.05977940105367452,3.1681906692683697,-3.482947156457385,-172.30750761532082,-25.325707945391144,-12.215334496330799,-3.910043459389243,-29.31520085944885,-11.951305533006803,6,0.8571428571428571,-737204.3925349263,6372554.004661225,-2264754.0892584627,-1182850.5397854373,675949.9632610194,-2265231.5785467927,-79.52314546798566,-8.187916686119848,150.78851466656258,88.8743186879459,-12.177409600177555,151.0525436298866,445646.147250511,5696604.041400205,477.4892883300781,-168.39746415593157,3.9894929140577213,-0.26402896332399706,1213,frame_001213.png
8000,8000,16,6,0.375,6,1.0,6,5,0.8333333333333334,445642.82222178706,5696605.6759848,474.28817539164135,-3.080939060833771,1.665753430686891,-3.175996971639961,-169.28776844519163,-3.79227333178731,-4.063299177836611,-1.199696578012606,-6.42014989438141,-1.7676087343579354,5,0.8333333333333334,461790.6179415343,5843560.016799962,206043.92337712165,16144.714780686423,146956.00656859297,205566.45920475837,59.295248051528574,20.228591804226067,-43.81142144873064,-132.61668008129243,17.600715241631974,-41.51573100525195,445645.9031608479,5696604.010231369,477.4641723632813,-168.08807186717902,2.6278765625940883,-2.295690443478677,1214,frame_001214.png
8000,8000,15,5,0.3333333333333333,5,1.0,5,5,1.0,445643.094988234,5696601.1947310325,464.663636884135,-2.5647333543165587,-2.777929197996855,-12.811949053365026,162.55870688460598,72.40431203503094,99.25449080661207,-29.699906568277186,68.07189345708917,101.59910581814682,5,1.0,445643.094988234,5696601.1947310325,464.663636884135,-2.5647333543165587,-2.777929197996855,-12.811949053365026,162.55870688460598,72.40431203503094,99.25449080661207,-29.699906568277186,68.07189345708917,101.59910581814682,445645.6597215883,5696603.9726602305,477.4755859375,-167.74138654711683,4.332418577941761,-2.3446150115347435,1215,frame_001215.png
8000,8000,15,5,0.3333333333333333,5,1.0,5,5,1.0,445646.36729497125,5696608.5023043165,466.2318461999383,0.9396158212330192,4.565014382824302,-11.2489582434211,-75.8294158546818,-73.72199149927299,68.7335376138452,92.14837770240467,-79.16433776521778,70.3080465912191,5,1.0,445646.36729497125,5696608.5023043165,466.2318461999383,0.9396158212330192,4.565014382824302,-11.2489582434211,-75.8294158546818,-73.72199149927299,68.7335376138452,92.14837770240467,-79.16433776521778,70.3080465912191,445645.42767915,5696603.937289934,477.4808044433594,-167.97779355708647,5.4423462659447885,-1.5745089773738967,1216,frame_001216.png
8001,8000,10,4,0.4,4,1.0,4,4,1.0,445633.5880665251,5696608.504178368,469.0671327487393,-11.388032565650064,4.655236483551562,-8.431707583291995,115.00814951674737,38.04114634439298,37.82066262608697,-76.10435666454174,31.66558298912571,39.49057671245572,4,1.0,445633.5880665251,5696608.504178368,469.0671327487393,-11.388032565650064,4.655236483551562,-8.431707583291995,115.00814951674737,38.04114634439298,37.82066262608697,-76.10435666454174,31.66558298912571,39.49057671245572,445644.97609909077,5696603.848941884,477.4988403320313,-168.88749381871088,6.37556335526728,-1.6699140863687474,1217,frame_001217.png
8000,8000,11,5,0.45454545454545453,5,1.0,5,5,1.0,445638.51893580845,5696610.489705755,467.16548166054594,-6.220078341313638,6.680367031134665,-10.335891630469689,-140.82893655091013,12.506883975698063,-93.08099828026023,28.36721304031272,7.26074899560831,-91.32638753725955,5,1.0,445638.51893580845,5696610.489705755,467.16548166054594,-6.220078341313638,6.680367031134665,-10.335891630469689,-140.82893655091013,12.506883975698063,-93.08099828026023,28.36721304031272,7.26074899560831,-91.32638753725955,445644.73901414976,5696603.809338724,477.5013732910156,-169.19614959122285,5.246134980089744,-1.7546107430006848,1218,frame_001218.png
8000,8000,12,5,0.4166666666666667,5,1.0,5,5,1.0,445640.7507132606,5696605.349708259,474.01380875944005,-3.7370347581454553,1.5703873513266444,-3.472977129231822,-170.35201974459451,1.5297395694277178,-3.5412684197058337,-1.4475352488484532,-1.9719109943227977,-1.7733555232599088,5,1.0,445640.7507132606,5696605.349708259,474.01380875944005,-3.7370347581454553,1.5703873513266444,-3.472977129231822,-170.35201974459451,1.5297395694277178,-3.5412684197058337,-1.4475352488484532,-1.9719109943227977,-1.7733555232599088,445644.48774801876,5696603.779320908,477.4867858886719,-168.90448449574606,3.501650563750504,-1.7679128964459223,1219,frame_001219.png
8000,8001,9,4,0.4444444444444444,4,1.0,4,4,1.0,445633.2866307843,5696607.319224685,470.3693653161885,-10.945888730464503,3.5675904601812363,-7.111774820530286,-150.9143144798514,54.67172098239025,-42.011706656189794,17.54990990825351,51.66401566857246,-39.71095078560552,4,1.0,445633.2866307843,5696607.319224685,470.3693653161885,-10.945888730464503,3.5675904601812363,-7.111774820530286,-150.9143144798514,54.67172098239025,-42.011706656189794,17.54990990825351,51.66401566857246,-39.71095078560552,445644.23251951474,5696603.751634225,477.4811401367188,-168.46422438810492,3.0077053138177994,-2.3007558705842666,1220,frame_001220.png
8001,8000,17,8,0.47058823529411764,8,1.0,8,7,0.875,445641.0107846968,5696604.232703825,473.8602018760849,-2.715226191387046,0.5496822725981474,-3.6169404578994886,-168.38001440655455,-4.96197950191267,4.801428198888652,-0.5574271277114065,-7.16631786574095,7.617138259640484,7,0.875,-22948374.220616207,2326278.866439023,-2066836.5866567483,-23394017.946627095,-3370324.81658253,-2067314.0637990823,-72.07203513424736,-19.791543191556475,-149.96242554537545,95.75055214459576,-21.995881555384756,-147.1467154846236,445643.7260108882,5696603.683021553,477.4771423339844,-167.82258727884314,2.2043383638282705,-2.8157100607518415,1221,frame_001221.png
8000,8001,15,5,0.3333333333333333,5,1.0,5,5,1.0,445635.563779764,5696601.1024777265,463.87903230281535,-7.699226345866919,-2.4875653302296996,-13.60271818546596,54.09754777512363,74.85416963757282,160.6737159739027,-138.3687072332645,71.4827786033326,161.45763369211085,5,1.0,445635.563779764,5696601.1024777265,463.87903230281535,-7.699226345866919,-2.4875653302296996,-13.60271818546596,54.09754777512363,74.85416963757282,160.6737159739027,-138.3687072332645,71.4827786033326,161.45763369211085,445643.26300610986,5696603.590043057,477.4817504882813,-167.53374499161188,3.3713910342402245,-0.7839177182081488,1222,frame_001222.png
8000,8000,21,9,0.42857142857142855,9,1.0,9,8,0.8888888888888888,445640.4804155521,5696603.716218433,473.6931167721658,-1.8925768755725585,0.3175989128649235,-3.7975143313498165,-169.04351280731083,-8.12481060353062,6.79775943012038,-0.8965840284962212,-13.973063632762887,7.910673604080159,8,0.8888888888888888,-1193145466.8850515,82971232.56611685,-45521861.569827974,-1193591109.258044,77274629.16749734,-45522339.06045908,-79.7322188691633,-58.38016453093776,-138.07812050395006,88.41470990965132,-64.22841756017003,-136.96520632999028,445642.37299242767,5696603.3986195205,477.4906311035156,-168.1469287788146,5.848253029232264,-1.1129141739597859,1223,frame_001223.png
8000,8000,23,12,0.5217391304347826,12,1.0,12,11,0.9166666666666666,445639.0996109684,5696605.754148331,473.8876818528419,-3.0314758784952573,2.389966629445553,-3.589490998720578,-170.01423957871717,-4.524970687264025,-9.46502915647263,-1.6032734523262206,-7.961345306902018,-8.140475242264358,11,0.9166666666666666,-15719799.600482238,-18226886.277525194,-3802648.7489681654,-16165441.731569085,-23923489.641706895,-3803126.226141017,-24.77779085256408,29.08763949377726,-104.46140203926761,143.63317527382685,25.651264874139258,-103.13684812505934,445642.1310868469,5696603.364181701,477.4771728515625,-168.41096612639095,3.436374619638006,-1.3245539142082692,1224,frame_001224.png
8000,8000,25,14,0.56,14,1.0,14,13,0.9285714285714286,445638.1074145504,5696605.414636365,473.9695336163819,-3.7616824178840034,2.081138269044459,-3.4897864519774657,-170.3429640294938,0.34024133542581225,-6.482207818073195,-1.4706926299682266,-2.5093664530126034,-3.2857850698835875,13,0.9285714285714286,2033152.7887389911,7117131.846405747,237638.0604586606,1587510.9196420228,1420528.5129076513,237160.60113859223,-100.43075885855121,81.17591408844598,82.71148339500623,68.44151254097437,78.32630630000756,85.90790614319587,445641.86909696826,5696603.333498096,477.4593200683594,-168.87227139952557,2.84960778843843,-3.1964227481896206,1225,frame_001225.png
8000,8001,26,14,0.5384615384615384,14,1.0,14,14,1.0,445637.3422908117,5696605.804958878,473.82353041924273,-3.9936290200566873,2.5291747068986297,-3.6333787604447707,-170.44001562251628,2.6439164837219167,-9.896610481307604,-1.3301897932963698,-0.5060792115707216,-6.926605522915395,14,1.0,-5444833.25473747,5913334.689804582,-2465391.7407243666,-5890474.590657302,216731.41402041074,-2465869.1976335463,-136.94904649982624,-70.06574993641915,162.09585519596484,32.16077932939368,-73.2157456317118,165.0658601543571,445641.33591983176,5696603.275784171,477.4569091796875,-169.10982582921991,3.149995695292645,-2.9700049583922183,1226,frame_001226.png
8000,8000,29,15,0.5172413793103449,15,1.0,15,15,1.0,445637.42389113235,5696605.775339086,473.87120221045103,-3.64804342383286,2.5308279432356358,-3.5717299184552758,-170.61360972761258,-1.103286699652761,-10.089152982684462,-1.6435591837464187,-2.9670014102412665,-7.903210036377573,15,1.0,542364.6807130064,5663027.850123963,-37804.91990188126,96723.60877845023,-33575.394387179054,-38282.362834010164,-99.62463996905832,-5.893384897426931,170.8665319734003,69.34541057480783,-7.757099608015409,173.0524749197072,445641.0719345562,5696603.244511142,477.4429321289063,-168.97005054386617,1.8637147105884913,-2.1859429463069042,1227,frame_001227.png
8000,8000,16,6,0.375,6,1.0,6,5,0.8333333333333334,445637.56670691713,5696606.58169829,473.72504867531904,-3.2496505636372603,3.3718465073034167,-3.7123292543684556,-171.53548686293678,-4.7709239632481575,-15.110975145307368,-2.270764476858062,-7.187998306407053,-12.375161324631733,5,0.8333333333333334,-275551.2841459271,5636836.3837186955,-2283549.4046419016,-721192.1005034079,-59766.82613308728,-2284026.8420198313,-70.57799840498934,0.3164491685844058,137.53174437750488,98.68672398108936,-2.1006251745745033,140.2675581981805,445640.81635748077,5696603.209851783,477.4373779296875,-169.26472238607872,2.417074343158907,-2.735813820675621,1228,frame_001228.png
8001,8000,22,12,0.5454545454545454,12,1.0,12,11,0.9166666666666666,445636.7932046524,5696605.02254708,473.9808268059541,-3.519173284759745,1.8945365846157074,-3.439461279983391,-171.52346315540333,-0.9030892405714575,-5.228130294336849,-2.1997704191418563,-2.653580133146278,-3.6822535132655787,11,0.9166666666666666,439922.9377399112,5635265.629523866,53481.786392034155,-5717.37463802594,-61337.49848662969,53004.36610394822,-177.95482032469434,1.9596145729411254,47.76379831875679,-8.63112758843286,0.2091236803663037,49.30967509982804,445640.31237793714,5696603.128010496,477.4202880859375,-169.32369273626148,1.750490892574822,-1.5458767810712577,1229,frame_001229.png
8001,8000,22,16,0.7272727272727273,16,1.0,16,15,0.9375,445636.36767681036,5696604.522928361,473.9721188356886,-3.6958665731363,1.4391757166013122,-3.4605288693895204,-171.0436143968032,0.6843584814019119,-2.122689831574673,-1.835901057433432,-1.0237194024456358,-0.19617623064328882,15,0.9375,1043572.5262077795,-65091.70658983197,-1030655.0426385208,597932.462664396,-5761694.790342476,-1031132.4752862259,-32.22020697319047,-86.60474353162074,172.25100262639157,136.98750636617933,-88.31282141546828,174.17751622732294,445640.0635433835,5696603.083752644,477.4326477050781,-169.20771333936977,1.7080778838475377,-1.9265136009313872,1230,frame_001230.png
8000,8001,24,13,0.5416666666666666,13,1.0,13,11,0.8461538461538461,445635.7290098374,5696603.736277544,473.9564804132276,-3.857082773989532,0.7527291551232338,-3.4584365789598905,-171.54267075190046,2.340579970164227,2.0476859718361013,-2.2606745957689895,0.5424403446711494,2.8595218512968756,11,0.8461538461538461,8095200.307392329,3871344.2308104434,-18231642.73348521,7649560.721299717,-1825258.7527379454,-18232120.148402203,-78.27092163035117,-16.084049978704996,99.51170951273673,91.01107452578032,-17.88218960419809,100.3235453921975,445639.58609261137,5696602.983548389,477.4149169921875,-169.28199615613147,1.798139625493091,-0.8118358794607617,1231,frame_001231.png
8000,8000,30,17,0.5666666666666667,17,1.0,17,17,1.0,445635.85452058003,5696604.52703175,474.0616268243597,-3.497019380738493,1.6030282778665423,-3.347858038921629,-170.61052536441306,-1.2100815309448991,-4.753958164275757,-1.8723730022418579,-3.5296094144968606,-4.563418972580308,17,1.0,507675.3898009665,5702288.332776528,102559.82616924093,62036.03826100571,5685.4087730553,102082.41668437765,59.28335793587922,11.960392640407875,34.235461544580225,-131.97848970194957,9.640864756855905,34.42600073627568,445639.3515399608,5696602.924003473,477.4094848632813,-168.7381523621712,2.3195278835519697,-0.1905391916954535,1232,frame_001232.png
8000,8001,40,27,0.675,27,1.0,27,24,0.8888888888888888,445635.4807989652,5696604.668094649,474.06477013313685,-3.404802358010784,1.856265677139163,-3.3209720543631533,-170.21477032519556,-1.2430974362619087,-6.340419851118535,-1.8998835308712216,-3.7776614948730582,-5.284715148234227,24,0.8888888888888888,-2933488.690130163,7393144.7395363655,-2473961.651094552,-3379127.575731486,1696541.9277073937,-2474439.0368367396,-73.60716843827207,-1.3239913619047379,177.34048914592293,94.70771835605228,-3.8585554205158985,178.39619384880723,445638.8856013232,5696602.811828972,477.3857421875,-168.31488679432434,2.5345640586111555,-1.0557047028843107,1233,frame_001233.png
8000,8000,31,22,0.7096774193548387,22,1.0,22,19,0.8636363636363636,445635.37566859834,5696605.33766321,473.94035425051374,-3.2701172108063474,2.5866412427276373,-3.4440451635487648,-170.98386539405868,-4.12885790686139,-11.054397905335659,-1.926586225452212,-5.614515685529426,-10.18107427043168,19,0.8636363636363636,1661346.7657509092,6182898.7999781165,361653.7818480349,1215708.1199651002,486296.04895614926,361176.3974486208,-79.6803515799221,9.900433248659896,17.803810223043996,89.37692758868434,8.414775469991866,18.67713385794798,445638.64578580915,5696602.751021967,477.3843994140625,-169.05727916860647,1.4856577786680356,-0.873323634903973,1234,frame_001234.png
8001,8000,50,38,0.76,38,1.0,38,37,0.9736842105263158,445634.8889830011,5696604.446150641,474.0373435085718,-3.5205585038638674,1.7827385710552335,-3.34553002658447,-171.20037744099287,-0.11545281923072155,-7.8686821952382076,-1.723492029895226,-3.221668203725926,-10.571357403244463,37,0.9736842105263158,2372921.2194073317,5553076.243665254,7211631.5071833655,1927282.8098658267,-143526.41974681616,7211154.12430983,-1.534743635418161,25.96402689235826,-59.52672420142441,167.9421417756795,22.85781150786306,-62.22939940943067,445638.409541505,5696602.66341207,477.38287353515625,-169.47688541109764,3.106215384495208,2.702675208006269,1235,frame_001235.png
8000,8000,60,45,0.75,45,1.0,45,40,0.8888888888888888,445634.65197328205,5696604.154790889,474.02091088108864,-3.5251622226205654,1.5717759672552347,-3.348138191176986,-171.3820687461888,0.0704403486483564,-4.941131895260506,-1.7349111669370814,-3.4750961826349,-6.0465563754374045,40,0.8888888888888888,38459398.70382583,23611921.170720346,-31335637.805768564,38013760.52669033,17915318.587705426,-31336115.174817637,148.25335153290257,37.67429800151818,162.80608519173077,-42.09949088784572,34.128761470234934,161.70066071155384,445638.17713550467,5696602.583014921,477.3690490722656,-169.6471575792517,3.5455365312832474,1.105424480176906,1236,frame_001236.png
8000,8000,58,39,0.6724137931034483,39,1.0,39,32,0.8205128205128205,445634.1457906148,5696604.194056604,473.99220417512765,-3.554450008494314,1.7576585812494159,-3.395979418622346,-171.77437965110758,1.0306909955774617,-5.669324111139446,-1.7059442115865977,-2.5134801195190164,-6.660490054190433,32,0.8205128205128205,-1559549679.291473,293381373.72705626,472156911.4950628,-1559995316.9917135,287684771.29065824,472156434.10687923,-92.75947476665169,-11.451044205083202,167.37050275677072,77.30896067286926,-14.995215320179682,166.37933681371976,445637.7002406233,5696602.436398023,477.38818359375,-170.06843543952098,3.544171115096481,0.9911659430509735,1237,frame_001237.png
8000,8000,62,45,0.7258064516129032,45,1.0,45,38,0.8444444444444444,445634.208712448,5696604.498622861,473.9426354095075,-3.240553645649925,2.135723300278187,-3.4503699615862615,-172.50147570356378,-3.5309947023454615,-8.30756863352091,-1.8855693999487642,-4.831919172192414,-10.237833678782408,38,0.8444444444444444,-2843976.2677219547,2651416.044794007,-5177974.46452578,-3289613.7169880485,-3045186.3181055533,-5178451.857531151,-82.08702712594346,-30.000275898092173,153.09045518723258,88.52887917767157,-31.301200367939117,151.1601901419711,445637.44926609367,5696602.3628995605,477.39300537109375,-170.61590630361502,1.3009244698469402,1.930265045261492,1238,frame_001238.png
8001,8001,63,46,0.7301587301587301,46,1.0,46,44,0.9565217391304348,445633.43562395935,5696603.730941615,473.98493440746205,-3.4998088348656893,1.480938507243991,-3.413716715584826,-173.0939257880392,-1.3076745519975983,-2.4586197743275044,-1.8625788470743885,-2.7943105784085276,-3.831904333844932,44,0.9565217391304348,-771713.8624133861,6287435.566035976,-791353.115090379,-1217350.7978461804,590833.3160328679,-791830.5137415021,-102.16339838885752,0.0998359315026518,-179.87340214279087,69.06794855210728,-1.3868000949082955,178.7533132976917,445636.9354327942,5696602.250003108,477.3986511230469,-171.2313469409648,1.4866360264109353,1.3732845595174368,1239,frame_001239.png
8001,8000,64,50,0.78125,50,1.0,50,49,0.98,445632.8519716542,5696603.612610623,474.0141590736609,-3.3317484467988834,1.4292962551116943,-3.404175887276608,-172.33172288961208,-1.8757704400690418,-0.051272971596407646,-1.7871678964637852,-2.8715156817828245,1.9620334820964729,49,0.98,11694162.246495718,28412476.44334486,-22228247.313885756,11248526.062775617,22715874.260030493,-22228724.732220717,-120.30450922892629,44.716133364389876,123.55924138830802,50.240045764222,43.7203881226761,125.57254784200092,445636.183720101,5696602.183314368,477.4183349609375,-170.5445549931483,0.9957452417137775,-2.0133064536928797,1240,frame_001240.png
8000,8003,73,56,0.7671232876712328,56,1.0,56,49,0.875,445632.76593048405,5696603.615200726,474.128009871173,-3.166538733348716,1.4414310613647103,-3.282970353436383,-171.26645108447218,-8.069203163761221,-0.4881281737725966,-1.566030173906995,-3.619598002731834,1.7458169057202895,49,0.875,2910954.4436644125,15682655.884393841,54492522.11835819,2465318.511195195,9986053.710624177,54492044.70737796,83.51322643214645,6.26993582453719,-4.257720403236174,-106.78635265728838,10.719540985566567,-2.02377532374328,445635.9324692174,5696602.173769665,477.4109802246094,-169.70042091056519,-4.449605161029383,-2.233945079492891,1241,frame_001241.png
8000,8000,102,79,0.7745098039215687,79,1.0,79,70,0.8860759493670886,445632.8951901646,5696604.291435376,474.1387953480268,-2.79465279832948,2.126309372484684,-3.244841126582571,-171.11307730283937,-14.030426288088217,-5.8412304069248755,-1.903740677327903,-6.4652904908351445,-3.6854256453345897,70,0.8860759493670886,-1964156.7538063538,5609478.702017434,718396.4488280832,-2409792.4436493167,-87123.46310856938,717919.0651916086,-88.86014900872621,-29.724322895672472,163.39970604073915,80.34918761678523,-22.15918709841941,165.55551080232942,445635.68984296295,5696602.165126003,477.3836364746094,-169.20933662551147,-7.5651357972530615,-2.155804761590293,1242,frame_001242.png
8000,8000,98,79,0.8061224489795918,79,1.0,79,66,0.8354430379746836,445632.65230241464,5696604.267911794,474.1602135539305,-2.6918071844847873,2.132284604012966,-3.1976050495851496,-170.83687223645123,-12.164187266923987,-7.5382487767295405,-1.7604585319912474,-7.141124360271817,-7.149957311447196,66,0.8354430379746836,-47694996.6373641,1335987.8680326287,72482097.73150404,-48140631.9814737,-4360614.267594561,72481620.37368543,-167.9862479940464,52.515787807621436,-126.28766547022701,1.0901657104135722,57.53885071427359,-125.89937400494465,445635.34410959913,5696602.13562719,477.3578186035156,-169.07641370445998,-5.023062906652167,-0.388291465282358,1243,frame_001243.png
8001,8001,104,86,0.8269230769230769,86,1.0,86,78,0.9069767441860465,445632.6102740128,5696604.065002775,474.17491768153616,-2.6308651655563153,1.9494941933080554,-3.180215375104467,-170.88921471790832,-12.97503456671565,-5.588197008038075,-1.7650806615622798,-7.36411887207268,-5.043820286434453,78,0.9069767441860465,912306.0798314933,5495613.7533317655,-21033.74065579589,466670.838692315,-200988.36217681598,-21511.09578885253,19.323382946787643,63.85633652356239,-169.155972565404,-171.55248299686633,69.46725221820537,-168.6115958438004,445635.24113917834,5696602.1155085815,477.3551330566406,-169.12413405634604,-5.610915694642977,-0.5443767216036192,1244,frame_001244.png
8000,8000,90,73,0.8111111111111111,73,1.0,73,69,0.9452054794520548,445632.5519214603,5696603.889183507,474.14717692345477,-2.62693832651712,1.7850137557834387,-3.20069294959211,-171.0880025570501,-11.770357735170178,-4.261407981942802,-1.5483105670317343,-7.25578458732241,-4.0148862098508005,69,0.9452054794520548,-224097454338.2814,40830444159.16737,-402879920459.1892,-224097899973.46027,40824747557.0632,-402879920936.5371,-112.03887657840066,2.31049854114283,150.0515866524085,57.50081541161768,6.82507168899059,150.29810842450047,445635.1788597868,5696602.1041697515,477.3478698730469,-169.53969199001835,-4.514573147847767,-0.24652177209200749,1245,frame_001245.png
8000,8000,84,67,0.7976190476190477,67,1.0,67,57,0.8507462686567164,445632.42514110106,5696604.206595656,474.40207266419964,-2.7375692713540047,2.106400318443775,-2.9519922772066707,-164.21302101729205,-10.574497420318506,-9.989416906330879,1.484705932779974,-7.483301249254197,-9.449877401719334,57,0.8507462686567164,-170123785.8711204,-18130521.94306985,-183245250.48129892,-170569421.03383076,-23827124.043265186,-183245727.83536386,-79.37399890582421,25.582328014687885,104.05256525340528,86.32372804424779,28.6735241857522,104.59210475801683,445635.1627103724,5696602.100195338,477.3540649414063,-165.69772695007202,-3.091196171064311,-0.5395395046115399,1246,frame_001246.png
8001,8000,79,62,0.7848101265822784,62,1.0,62,46,0.7419354838709677,445632.21946757095,5696602.5449387375,475.2202436706786,-2.83322489465354,0.3705784911289811,-2.171174786352708,-150.49085935995026,-8.896720833973143,-8.284843459135983,-2.383551370371663,-7.171943355131475,-3.9324592030947088,46,0.7419354838709677,-11681444.935973393,-60769516.45277052,25545508.48615545,-12127079.988665858,-66466118.62713076,25545031.094736993,-14.446339159754933,-51.61661491875265,158.72004142430802,133.66096882982367,-49.891837439911,163.07242568034928,445635.0526924656,5696602.174360246,477.3914184570313,-148.1073079895786,-1.7247774788416659,-4.3523842560412715,1247,frame_001247.png
8000,8000,45,33,0.7333333333333333,33,1.0,33,28,0.8484848484848485,445632.5361880998,5696603.424919646,475.3681455314921,-2.5441628615371883,1.2539137043058872,-2.0415224372579246,-151.2468886841407,-6.762945972622337,-17.166950816572594,-3.0571369337841645,-13.450360018782646,-19.66742063108225,28,0.8484848484848485,259112.92209991388,5321973.874698112,-683378.126339124,-186522.15825104748,-374628.29630783014,-683855.5360070928,-79.67073645314392,-12.668070479453217,141.10128274722166,68.51901529721263,-19.35548452561352,138.60081293271196,445635.08035096136,5696602.171005942,477.40966796875,-148.18975175035655,6.687414046160318,2.500469814509663,1248,frame_001248.png
8001,8001,73,59,0.8082191780821918,59,1.0,59,45,0.7627118644067796,445632.5063679393,5696603.072037751,475.4624503560813,-2.6154680209583603,0.9219009568914771,-1.9405037454811804,-151.2177508252724,-8.208110840034967,-15.756414322631326,-3.2883995410134617,-11.967433348942308,-18.73135340116218,45,0.7627118644067796,-2398798.983799385,-2721855.73842333,-1402347.0900695417,-2844434.105635345,-8418457.888560124,-1402824.4930236433,-29.72679193577805,-4.643198414250198,-157.87975504879293,118.20255934848086,-8.402520923157539,-160.85469412732377,445635.12183596025,5696602.150136794,477.4029541015625,-147.92935128425893,3.759322508907332,2.974939078530851,1249,frame_001249.png
8000,8000,93,72,0.7741935483870968,72,1.0,72,56,0.7777777777777778,445632.6194794046,5696601.672176426,475.22930811457735,-2.485999802360311,-0.4672154765576124,-2.162507070969525,-149.4215976493676,-7.111728625395489,-5.5035371792272265,-1.108943498213506,-5.369399582680444,-4.657197063601927,56,0.7777777777777778,-34340376.694806755,1808846.9379803129,-81071854.61090493,-34786011.800285965,-3887755.20141159,-81072332.00272012,55.815448900506254,28.789809600695758,41.661505845418255,-155.87189694833967,30.532138643410804,42.50784596104356,445635.10547920695,5696602.139391903,477.3918151855469,-148.3126541511541,-1.742329042715036,-0.8463401156253062,1250,frame_001250.png
8001,8001,99,76,0.7676767676767676,76,1.0,76,55,0.7236842105263158,445632.2441566949,5696602.148549583,475.31108608546833,-2.8436227464699186,0.015353555791079998,-2.0907999008597926,-150.80242757697766,-5.484634203528386,-9.465330385780108,-2.827657015112379,-6.065464014100343,-9.256953634182423,55,0.7236842105263158,301346.7878986142,5806544.459614198,-2143.7071871744993,-144288.2998808272,109942.3264181707,-2621.1090731608274,-133.81021960766185,23.89587962464732,-146.7896934858202,14.164550954203435,23.315049814075365,-146.58131673422253,445635.0877794414,5696602.133196027,477.4018859863281,-147.97477056186528,0.5808298105719502,-0.20837675159767596,1251,frame_001251.png
8000,8000,86,68,0.7906976744186046,68,1.0,68,48,0.7058823529411765,445632.23982045375,5696602.164168616,475.33638118184444,-2.8400670044939034,0.030055537819862366,-2.081282392374362,-149.8005382950869,-5.237819640584678,-9.776339179400912,-1.6657893378958875,-5.902780446637166,-9.452903279992455,48,0.7058823529411765,-3008585704.184937,-3340257864.0138807,-9264747412.44875,-3009031339.2648244,-3345954466.147994,-9264747889.866413,-79.21188239542613,11.0285120071309,-32.62525999979724,68.92286656176489,10.363551201078423,-32.301824100388785,445635.07988745824,5696602.134113078,477.4176635742188,-148.13474895719102,0.664960806052485,-0.3234358994084596,1252,frame_001252.png
8000,8000,81,64,0.7901234567901234,64,1.0,64,48,0.75,445632.23087748303,5696602.550487231,475.3907066412819,-2.8425724576809444,0.4153670808300376,-2.01697768488998,-150.98918710756035,-7.458354293611641,-11.956236170288593,-3.0446415931306774,-7.0990298382996,-11.624618524502836,48,0.75,-20942864902.35264,-4791876356.39204,124456614315.12369,-20943310537.426086,-4797572958.527161,124456613837.716,6.086334014312353,-16.06890100951187,-120.83726095182146,154.03087952874205,-15.709576554199828,-120.50564330603572,445635.0734499407,5696602.135120151,477.4076843261719,-147.94454551442968,-0.3593244553120328,-0.331617645785748,1253,frame_001253.png
8000,8000,92,68,0.7391304347826086,68,1.0,68,54,0.7941176470588235,445632.583922579,5696602.543565934,475.3231424120798,-2.4698417131439783,0.4075820203870535,-2.0798422070608353,-150.2310339135717,-8.995355474324223,-10.66985998753681,-2.363748903629812,-9.027516192515293,-10.21088177723135,54,0.7941176470588235,81122360.39159194,-28329407.172123462,65477450.10466648,80676725.33782764,-34026009.308107376,65476972.70168186,-90.12718567654143,-8.79360146309765,110.91118748687761,57.74009933340045,-8.825762181288724,111.3701656971831,445635.05376429216,5696602.135983913,477.4029846191406,-147.8672850099419,0.032160718191063906,-0.4589782103054631,1254,frame_001254.png
8000,8001,75,61,0.8133333333333334,61,1.0,61,46,0.7540983606557377,445632.4511556313,5696601.51314242,475.12536599685944,-2.595303987385705,-0.6213982859626412,-2.2806398625155566,-149.73905704893718,-5.1856664608584175,-5.4612814064377595,-1.866391792300874,-5.02009059049098,-5.528385538672012,46,0.7540983606557377,10783730.626600254,18389940.496836033,45520608.71053121,10338095.580140635,12693338.362295326,45520131.30452535,-92.25449538129158,9.68150027032696,-101.00274837310239,55.618169875344734,9.847076140694384,-101.06985250533664,445635.04645961866,5696602.134540706,477.406005859375,-147.8726652566363,-0.1655758703674262,0.06710413223424878,1255,frame_001255.png
8000,8001,82,64,0.7804878048780488,64,1.0,64,50,0.78125,445632.425080729,5696602.710779558,475.4353321840745,-2.617228884017095,0.5743488483130932,-1.9538584897535998,-150.96617036768444,-9.50961287349699,-12.63244625311888,-3.275857849434516,-8.745719944735413,-12.772185929667756,50,0.78125,9022838.17676323,10832680.903968416,-766684.266051311,8577203.134453615,5136078.7675377065,-767161.6552419849,-84.01785128398919,23.069369866922614,162.7172959995777,63.67246123426074,23.833262795684192,162.57755632302883,445635.042309613,5696602.13643071,477.3891906738281,-147.69031251824993,-0.7638929287615766,0.13973967654886493,1256,frame_001256.png
8000,8000,78,57,0.7307692307692307,57,1.0,57,49,0.8596491228070176,445632.4342933064,5696601.975406918,475.2528534801367,-2.60273694829084,-0.16255089361220598,-2.1378020374414177,-149.25501819616815,-6.217108939908226,-7.520075525508116,-1.605373908248879,-6.684214172357315,-6.358946463234361,49,0.8596491228070176,-2230309.785775771,8717022.171330746,13585627.444099385,-2675944.8228060254,3020420.033372935,13585150.053443868,-110.62895783485084,16.973955743130702,-132.91193356647173,37.020686453068436,16.506850510681602,-131.750804504198,445635.03703025467,5696602.137957811,477.3906555175781,-147.64964428791927,0.46710523244909713,-1.1611290622737551,1257,frame_001257.png
8000,8000,69,49,0.7101449275362319,49,1.0,49,40,0.8163265306122449,445632.06629852235,5696602.322724828,475.31978272643465,-2.970069810457062,0.17239958234131336,-2.090983875127847,-150.69283244458887,-5.623939871862364,-10.39906796053725,-3.033210918184068,-5.8986145072612715,-8.956972009115958,40,0.8163265306122449,-13717124123.7498,-12372022538.669806,5511318283.939365,-13717569758.786167,-12377719140.820131,5511317806.528599,163.41427041929873,57.32558827172286,-64.5050924930519,-48.92610805429649,57.05091363632397,-63.06299654163061,445635.0363683328,5696602.150325245,477.4107666015625,-147.6596215264048,0.2746746353988958,-1.442095951421295,1258,frame_001258.png
8001,8000,83,66,0.7951807228915663,66,1.0,66,48,0.7272727272727273,445632.49759599275,5696602.4480275335,475.3111708704123,-2.5449878968065605,0.2988175954669714,-2.0906235631814525,-150.03100297735895,-8.174875561244974,-10.550366641814964,-2.48251337478834,-8.664516919465626,-10.276108706520091,48,0.7272727272727273,492583.2741039479,5542831.476424344,-43706.50897978825,46948.231520058354,-153770.67278559413,-44183.91077422184,14.535766429001486,2.335368702976879,-163.74364340399015,162.08425603157207,1.8457273447562272,-163.46938546869526,445635.04258388956,5696602.149209938,477.40179443359375,-147.5484896025706,0.4896413582206531,-0.2742579352948845,1259,frame_001259.png
8000,8001,74,58,0.7837837837837838,58,1.0,58,49,0.8448275862068966,445632.5854980706,5696601.6375056105,475.1666090423503,-2.464145805570297,-0.5105982897803187,-2.236284024056033,-149.34103816219042,-5.702206742204624,-5.8886334460994405,-1.5966284690183556,-6.357580358179121,-6.064155182782429,49,0.8448275862068966,982866.2691082087,4830008.351221792,-243308.47761138465,537231.2194643326,-866593.7968821079,-243785.88050445105,71.90701780723253,-32.573973578455956,-126.6791803022405,-140.34857249959543,-33.22934719443046,-126.85470203892349,445635.04964387615,5696602.1481039,477.4028930664063,-147.74440969317206,0.6553736159745097,0.17552173668299653,1260,frame_001260.png
8000,8000,89,69,0.7752808988764045,69,1.0,69,56,0.8115942028985508,445632.31867045205,5696601.945330411,475.18737799344376,-2.754928365116939,-0.2111505474895239,-2.2088317233531143,-150.3669591050896,-5.20953204231938,-7.77911522903618,-2.2620777130141505,-5.8005107483125755,-7.154638355178122,56,0.8115942028985508,231885852809.45947,-38283375623.852905,34174963253.722527,231885407174.38586,-38289072226.009384,34174962776.326317,81.75957510447066,84.2430353983843,68.50072342387743,-130.1355435034539,83.65205669239111,69.12520029773549,445635.07359881717,5696602.156480959,477.3962097167969,-148.10488139207544,0.5909787059931894,-0.6244768738580686,1261,frame_001261.png
8000,8000,90,57,0.6333333333333333,57,1.0,57,49,0.8596491228070176,445632.5485560662,5696601.264886177,475.0245370185003,-2.5300384007859975,-0.9003419643267989,-2.3635245049371747,-149.96528520049833,-4.1611285415604256,-3.68391127416088,-1.9856508160083024,-4.8070889725209724,-3.944197992390542,49,0.8596491228070176,4395103.897997512,5117063.428567285,13205069.328570092,3949468.8194030444,-579538.7366608568,13204591.940508569,-75.9723590278762,14.713598475425629,175.3502129183609,72.00727535661383,14.06763804446507,175.08992620013123,445635.07859446696,5696602.1652281415,477.3880615234375,-147.97963438449003,0.6459604309605435,0.260286718229665,1262,frame_001262.png
8000,8001,73,60,0.821917808219178,60,1.0,60,45,0.75,445632.56497374846,5696602.810826784,475.38021245708126,-2.510179369535763,0.6360176289454103,-1.9997008729968684,-150.71810797997173,-9.396606723387366,-12.480408111250872,-3.1849079852875377,-10.110130904464512,-12.373734817662239,45,0.75,-7975.638579384249,3828356.8937244387,-2241914.201439212,-453610.71373250225,-1868245.2810847163,-2242391.581352542,-58.48130392597701,-13.85298974316701,-171.2334814310673,89.05189606870715,-14.566513924244134,-171.12680813747866,445635.075153118,5696602.174809155,477.3799133300781,-147.5331999946842,0.7135241810771336,-0.1066732935886328,1263,frame_001263.png
8000,8000,85,67,0.788235294117647,67,1.0,67,46,0.6865671641791045,445632.7123946428,5696603.233522437,475.36991893556774,-2.353794577473309,1.0452848989516497,-2.015396005838568,-150.25892136591125,-11.876492085184932,-13.50496227564366,-2.7425616846489334,-12.05856676776395,-12.202198453685213,46,0.6865671641791045,-4497767.750820055,2926781.175960549,2877629.351149109,-4943402.817009275,-2769821.0122769885,2877151.965834168,160.581030002925,41.72416184587518,-77.40942839672151,-51.902610315812694,41.542087163296145,-76.10666457476307,445635.0661892203,5696602.188237538,477.3853149414063,-147.51635968126232,0.18207468257902804,-1.3027638219584354,1264,frame_001264.png
8000,8000,72,53,0.7361111111111112,53,1.0,53,40,0.7547169811320755,445632.40323937114,5696601.795722196,475.1160650535572,-2.6502660429105163,-0.4152277261018753,-2.276635141755321,-149.6187022728023,-5.140232695376884,-5.63316561715441,-1.7637346457591718,-5.653105890225589,-3.958271864075016,40,0.7547169811320755,264516630.04212746,146295095.9693832,179551690.03502405,264070994.98862204,140598493.75843328,179551212.64232385,102.05665576757787,1.05129744260819,-178.6813037837898,-110.08837660537904,0.538424247759508,-177.00641003071038,445635.05350541405,5696602.210949922,477.3927001953125,-147.85496762704312,0.5128731948486922,-1.6748937530793917,1265,frame_001265.png
8000,8000,81,64,0.7901234567901234,64,1.0,64,50,0.78125,445632.4288811461,5696602.231208349,475.16481405014696,-2.622132779506501,0.016553599387407303,-2.2290152955561666,-149.92335935001208,-6.646268443985964,-7.83397766297149,-1.955939293671463,-7.317909660096461,-6.037154163614986,50,0.78125,-128759535.34834121,83783918.26705196,-28125191.20098181,-129205170.39935514,78087316.05239722,-28125668.594811156,-114.4248620597367,-22.043237301247032,142.27461902388993,33.54255799660393,-22.714878517357533,144.07144252324645,445635.0510139256,5696602.214654749,477.3938293457031,-147.96742005634061,0.6716412161105053,-1.7968234993565153,1266,frame_001266.png
8000,8000,77,55,0.7142857142857143,55,1.0,55,49,0.8909090909090909,445632.44820281054,5696602.385638645,475.2711365849154,-2.6046435523894615,0.1739982459694147,-2.117596325240868,-149.39501772123242,-7.381140901110401,-9.217808572860227,-1.4460728005526846,-7.914023513631207,-7.702203391427787,49,0.8909090909090909,-5355533888.922269,2459875528.608357,2699703913.7289033,-5355979523.975115,2454178926.3967166,2699703436.3401704,-111.17597653011387,-3.1137974168936946,175.03329215349302,36.772968390565865,-3.646680029414483,176.54889733492547,445635.05284636293,5696602.211640399,477.38873291015625,-147.94894492067974,0.5328826125207988,-1.5156051814324454,1267,frame_001267.png
8000,8000,66,46,0.696969696969697,46,1.0,46,35,0.7608695652173914,445632.2312328165,5696602.035754855,475.22017424616064,-2.82521355652716,-0.168156367726624,-2.1558633514956114,-149.79905583527508,-5.60533954425876,-8.568165961424535,-2.0308943642914983,-5.159476910723583,-8.102757290587732,35,0.7608695652173914,-10055255.12414292,13652888.281767655,-4226488.861274693,-10500890.180589294,7956286.077856433,-4226966.237312291,-110.06093616308334,-64.77690872514395,154.9771756101492,37.707225307900245,-64.33104609160878,155.442584280986,445635.05644637306,5696602.2039112225,477.37603759765625,-147.76816147098359,-0.4458626335351699,-0.4654086708367959,1268,frame_001268.png
8000,8000,80,61,0.7625,61,1.0,61,38,0.6229508196721312,445632.3978454455,5696602.384543865,475.27864038269405,-2.68992586620152,0.20379838813096285,-2.09074438293095,-150.39822759428833,-6.956824477304268,-10.612958398491276,-2.2726504897181314,-7.387493663022951,-10.946006646819853,38,0.6229508196721312,144870340.86520523,-280396693.8424452,-115877143.83651106,144424705.7774339,-286093296.0231907,-115877621.20589583,75.31441006271257,47.39653033115267,-18.01130228074608,-136.56001283271723,46.96586114543399,-18.34435052907466,445635.0877713117,5696602.180745477,477.369384765625,-148.1255771045702,0.4306691857186853,0.33304824832859015,1269,frame_001269.png
8001,8001,72,57,0.7916666666666666,57,1.0,57,43,0.7543859649122807,445632.62551012426,5696603.045525535,475.3732869677593,-2.482453425764106,0.870486288331449,-1.9941446728656729,-150.95238527976827,-9.714454063613834,-13.863264133385531,-2.9569846268854008,-11.036042471627383,-14.066064434215122,43,0.7543859649122807,1383794.4733144296,6085589.927739799,338363.33592353837,938159.3653508796,388987.75270055234,337885.96849189774,-146.23888032161443,53.402896079784654,-166.14177440679813,1.7565203312684332,52.0813076717711,-166.34457470762771,445635.10796355,5696602.175039247,477.367431640625,-147.99540065288286,1.321588408013558,0.2028003008295881,1270,frame_001270.png
8000,8000,68,57,0.8382352941176471,57,1.0,57,44,0.7719298245614035,445632.44317963585,5696601.357476551,475.0563829115731,-2.674555440840777,-0.8143918570131063,-2.3165418931143904,-150.04190988743642,-3.4132980120238323,-4.113633676888039,-2.128645929958793,-4.432321245341967,-3.434648720797014,44,0.7719298245614035,359381530.2413743,314563216.8042889,-444274141.097157,358935895.1236392,308866614.63242054,-444274618.4700818,-85.41671613129853,42.27225763096037,85.25990043662809,62.496547826179096,41.253234397642245,85.9388853927191,445635.1177350767,5696602.171868408,477.3729248046875,-147.91326395747762,1.0190232333181328,-0.6789849560910242,1271,frame_001271.png
8000,8000,60,42,0.7,42,1.0,42,34,0.8095238095238095,445632.60108028015,5696601.179700622,474.9780620832945,-2.522481811000034,-0.9948386549949646,-2.3976398210023717,-149.66577404420346,-3.4707814367939442,-2.855166210547991,-1.5614913717409706,-4.553017244894164,-2.79737287871572,34,0.8095238095238095,2274138.5990453004,8542653.49321718,72108.14310501772,1828503.4754832094,2846051.318677902,71630.76740311342,-151.35650920490036,50.898681148942835,164.5859985511175,-3.2522265324378736,49.81644534084262,164.6437918829498,445635.12356209115,5696602.174539277,477.3757019042969,-148.1042826724625,1.0822358081002226,-0.05779333183226091,1272,frame_001272.png
8001,8000,59,43,0.7288135593220338,43,1.0,43,34,0.7906976744186046,445632.7095862202,5696602.036356955,475.2485011796303,-2.4119198162225075,-0.13788178656250238,-2.1196628828697044,-150.58389885280747,-8.03583766814601,-7.5477954522784305,-2.660529073045069,-7.551215414662579,-7.1676582674920155,34,0.7906976744186046,-140725215.5469581,14007357.080572395,215649682.03235272,-141170850.66846412,8310754.906333653,215649204.66418865,-101.37451476993495,-7.842838365969403,-153.71962777954357,46.548855009827435,-7.358216112485991,-153.33949059475717,445635.12150603643,5696602.174238741,477.3681640625,-147.9233697797624,-0.4846222534834178,-0.38013718478641273,1273,frame_001273.png
8001,8000,65,46,0.7076923076923077,46,1.0,46,40,0.8695652173913043,445632.4527720263,5696601.53110649,475.1158910491214,-2.6559965791529976,-0.6509276870638132,-2.2523035309567376,-149.09983210038482,-4.699403508656529,-4.6838961132847325,-1.6364418371141483,-4.747754341152159,-3.172004916257322,40,0.8695652173913043,5763857.0695396485,5540017.470507732,-5109751.144381434,5318221.960771043,-156584.7115264451,-5110228.512576014,-101.7845780363179,25.323815166855333,13.61840419792864,45.67881222695277,25.275464334359725,15.13029539495605,445635.10876860545,5696602.182034177,477.3681945800781,-147.46339026327067,0.04835083249561795,-1.5118911970274151,1274,frame_001274.png
8000,8001,75,54,0.72,54,1.0,54,41,0.7592592592592593,445632.62229061045,5696603.1135048615,475.3510637793836,-2.480583353783004,0.9228476509451866,-2.026987978428906,-150.2914519472333,-10.104245434030204,-13.362565695146657,-2.9459988736118987,-11.349152486299943,-12.212918332127316,41,0.7592592592592593,-19630405.798226573,19776383.50026755,-6135839.145304939,-20076040.90110054,14079781.30961034,-6136316.523356697,-101.60496968697815,13.30976693472007,-166.9517110925841,45.740483386643234,12.06485988245035,-165.80206372956476,445635.10287396424,5696602.190657211,477.3780517578125,-147.3454530736214,1.2449070522697336,-1.1496473630193296,1275,frame_001275.png
8000,8001,65,53,0.8153846153846154,53,1.0,53,41,0.7735849056603774,445632.53390462295,5696603.16125185,475.33352647445554,-2.615279901190661,0.9563723849132657,-2.047546523591336,-150.86517053024,-8.238651143752461,-14.662616793754603,-2.580653705392251,-10.90151523877995,-15.331695484541655,41,0.7735849056603774,10761089.333522052,9111084.472989209,980960.4675929593,10315454.184337527,3414482.2681097435,980483.0865199612,171.92927642130962,27.91931673915309,-152.10648368218986,-39.786206753842634,25.256452644125574,-152.7755623729769,445635.14918452414,5696602.2048794655,477.3810729980469,-148.28451682484774,2.6628640950275035,0.6690786907870458,1276,frame_001276.png
8001,8000,59,39,0.6610169491525424,39,1.0,39,30,0.7692307692307693,445631.9782433632,5696602.736712148,475.3436650538826,-3.193239273794461,0.5255460785701871,-2.039879867992397,-152.40521889989245,-3.572971596735133,-13.95083868846862,-3.9739200166558817,-6.479021702499551,-14.584076176391505,30,0.7692307692307693,-336603.15320402296,5557774.222920404,762827.9299683928,-782238.32468666,-138827.98824566603,762350.546423471,1.0262002729337256,-60.05616850648331,-64.1126227746508,149.4574991561703,-62.962218612247725,-64.7458602625737,445635.171482637,5696602.21116607,477.383544921875,-148.43129888323656,2.906050105764416,0.633237487922898,1277,frame_001277.png
8000,8000,81,60,0.7407407407407407,60,1.0,60,48,0.8,445632.6965652713,5696602.939829083,475.26537092134157,-2.4999292213469744,0.7055640826001763,-2.133982106002179,-151.0993065840395,-9.106105418163441,-11.082490252255003,-2.542145969253397,-9.985959704002369,-9.168420764541509,48,0.8,25137894.49389422,18758248.480659667,18120483.868542433,24692259.297399726,13061646.246394668,18120006.469189405,143.99470857626213,7.230734135282526,-163.8701219605581,-67.44813080895176,6.350879849443601,-161.95605247284462,445635.19649449264,5696602.234265001,477.39935302734375,-148.5571606147861,0.8798542858389217,-1.9140694877134872,1278,frame_001278.png
8000,8000,84,56,0.6666666666666666,56,1.0,56,51,0.9107142857142857,445632.40749479755,5696603.397288396,475.2557623494681,-2.8174751173937693,1.1458962634205818,-2.131292093891261,-153.9756215445532,-6.335523899418585,-15.347079840752397,-3.0105641424904945,-10.553215063781948,-16.272815359565584,51,0.9107142857142857,175008.7581951504,5629374.9956767615,-235199.89529663848,-270626.4667747645,-67227.25571537111,-235677.28235108184,-88.40471011783278,6.166148195743837,172.5673788287039,62.56034728422992,1.9484570313804568,171.6416433098907,445635.22496991494,5696602.251392133,477.3870544433594,-150.9650574020627,4.217691164363368,0.9257355188131915,1279,frame_001279.png
8000,8000,97,74,0.7628865979381443,74,1.0,74,56,0.7567567567567568,445632.49503671017,5696603.210772652,475.2124231209847,-2.7125175922410563,0.9655893174931407,-2.1999914297966257,-154.7675661182085,-7.9480329020305325,-12.179370265414658,-2.974700528763748,-9.800688541107036,-11.260857759930616,56,0.7567567567567568,-6143462.223417288,15770502.346580468,1450317.451275709,-6589097.43097159,10073900.101397134,1449840.0388611583,-76.88149172907923,-29.64453171194865,10.076293351267449,74.91137386036553,-31.497187351025133,10.994805856751498,445635.2075543024,5696602.245183335,477.4124145507813,-151.79286558944474,1.8526556390764917,-0.9185125054840474,1280,frame_001280.png
8001,8001,73,52,0.7123287671232876,52,1.0,52,38,0.7307692307692307,445632.3011314529,5696604.7703736285,475.12029618829865,-2.773707806947641,2.571060299873352,-2.283054641779472,-156.11814282113886,-14.271495881748526,-21.014614696364745,-2.991727048952839,-12.101127799932556,-19.565519848167156,38,0.7307692307692307,113542753.53018302,151149825.78285763,293883704.8734248,113097118.45534375,145453223.58354428,293883227.470074,134.75843717101503,-10.08089573544786,-153.15015967678298,-72.11514705679895,-7.9105276536319025,-151.7010648285854,445635.07483925985,5696602.199313329,477.4033508300781,-153.12641577218602,-2.1703680818159556,-1.4490948481975865,1281,frame_001281.png
8000,8000,72,53,0.7361111111111112,53,1.0,53,37,0.6981132075471698,445631.7746005394,5696601.598019361,475.09449575251966,-3.3083388506784104,-0.55118293967098,-2.321031591230337,-158.6828786655267,-3.560651380112201,-5.056575470626773,-7.799920436379807,1.6411197612071646,-4.068583932905369,37,0.6981132075471698,-8412891078.528755,-4871389739.215682,8213705952.782954,-8413336713.611694,-4877086341.364884,8213705475.367427,-89.15855387091749,-0.8193580888532265,-168.5858953005502,61.72440435822938,4.38241305246612,-167.5979037628288,445635.0829393901,5696602.1492023,477.41552734375,-150.88295822914688,-5.201771141319355,-0.9879915377213951,1282,frame_001282.png
8000,8000,83,69,0.8313253012048193,69,1.0,69,50,0.7246376811594203,445632.94680501596,5696601.78098389,475.2624038922351,-2.0444060452864505,-0.3739782879129052,-2.1202865374523867,-138.25496505019544,-12.858762780903213,-6.207296725966122,-1.6321124017146644,-6.852342250557399,-2.600181148836924,50,0.7246376811594203,101192573.26977624,-136336248.26870677,-151260546.84217352,100746938.27856518,-142032850.42366895,-151261024.22486395,-75.92624445643875,-16.16569757619828,37.30679554353142,60.69660819204202,-10.159277045852463,40.9139111206606,445634.99121106125,5696602.154962178,477.3826904296875,-136.62285264848077,-6.006420530345824,-3.6071155771291936,1283,frame_001283.png
8000,8001,88,69,0.7840909090909091,69,1.0,69,52,0.7536231884057971,445632.80182389193,5696603.751007384,475.2364568322345,-2.1008137756725773,1.591834595426917,-2.1762934119061015,-114.84599735094918,-15.413501882644107,-11.015914495282624,-1.87277073654559,-15.308132939165404,-5.246714765976634,52,0.7536231884057971,-166063921.95546818,-12858896.152463935,-90964359.01826616,-166509556.85810584,-18555498.311636724,-90964836.4310164,108.68677256211966,4.160835799842148,-2.0949035639330686,-138.34000082347677,4.266204743320827,3.6742961653729367,445634.9026376676,5696602.159172788,477.4127502441406,-112.97322661440359,-0.10536894347869298,-5.769199729305995,1284,frame_001284.png
8000,8001,87,71,0.8160919540229885,71,1.0,71,61,0.8591549295774648,445632.69490646076,5696604.266853921,473.28505575731396,-2.158958993735723,2.1573094744235277,-4.152505277842295,-92.09544431632096,-5.105385788130609,4.554506056037895,-1.5149643378171618,-7.459062442408822,8.896215766321205,61,0.8591549295774648,1597475.1773929638,89082825.18561082,-5497955.176518701,1151840.3235275093,83386223.07606637,-5498432.614079736,-108.95822643090136,-34.97320161117527,176.9252622395933,-18.37774645239756,-37.32687826545347,-178.73302805012338,445634.8538654545,5696602.109544447,477.43756103515625,-90.58047997850379,2.353676654278202,-4.341709710283307,1285,frame_001285.png
8001,8002,78,69,0.8846153846153846,69,1.0,69,49,0.7101449275362319,-332800.3068224597,6040276.397673257,1209177.4367724773,-778435.3735510779,343674.6854990097,1208700.0127917645,-122.59157482969471,-30.776642582429673,-50.41107156376488,-77.22723802192318,-34.88414213961303,-50.16066974510835,49,0.7101449275362319,-2547859.210847156,11747614.488049641,5907819.926233701,-2993494.277575774,6051012.775875394,5907342.5022529885,-67.81287882993864,2.8159876000124164,144.38297133326932,-22.448542022167118,-1.2915119571709397,144.63337315192587,445635.0667286182,5696601.712174247,477.4239807128906,-45.36433680777152,4.1074995571833695,-0.25040181865652356,1286,frame_001286.png
8000,8001,63,48,0.7619047619047619,48,1.0,48,41,0.8541666666666666,445629.08804501116,5696605.526125929,456.3037465571792,-6.180847419134807,3.9729091748595238,-21.11318459516457,-30.745801589518248,50.17862780286475,175.74920877001657,1.020771300512024,45.69887016406605,174.97807149269534,41,0.8541666666666666,328959.47216551064,5840186.905893089,222587.98828650784,-116675.79672691965,143585.3526763348,222110.5713553555,28.51254959806035,32.04190441253816,173.95998540724585,60.27912248809065,27.562146773739443,173.18884812992462,445635.2688924303,5696601.553216754,477.41693115234375,-31.766572890030286,4.479757638798707,0.7711372773212035,1287,frame_001287.png
8001,8000,71,55,0.7746478873239436,55,1.0,55,49,0.8909090909090909,445633.521528046,5696611.885325552,458.921725047973,-1.9776042692246847,10.43180136103183,-18.483060108277016,2.084779962085421,37.4470693489108,117.33361965776383,29.9475714764784,33.51819836438602,114.52469738383485,49,0.8909090909090909,667548.5641587398,5617371.989179096,116714.84658867843,221913.06502642453,-79229.46434509475,116237.44180352218,-98.02075920902845,-10.615550188961112,-173.3269741412394,-70.15796769463549,-14.544421173485887,-176.1358964151684,445635.4991323152,5696601.453524191,477.40478515625,-27.86279151439297,3.9288709845247745,2.808922273929004,1288,frame_001288.png
8000,8000,73,51,0.6986301369863014,51,1.0,51,31,0.6078431372549019,445675.11511787766,5696671.423214316,265.200010638216,38.8641607927857,70.20862978417426,-212.22018589498714,31.39734423774508,12.340959264151632,167.41331443191703,57.3700066468885,9.073657543499564,164.2030798059899,31,0.6078431372549019,34359694.0923239,-15167967.039924163,-19508038.87660902,33914057.84136681,-20864568.254508696,-19508516.296805553,-118.35252259286673,41.06709883688748,-129.55081790647523,-92.37986018372332,37.799797116235396,-132.76105253240235,445636.2509570849,5696601.214584532,477.4201965332031,-25.97266240914341,3.2673017206520796,3.210234625927122,1289,frame_001289.png
8000,8000,57,43,0.7543859649122807,43,1.0,43,35,0.813953488372093,445925.0087532886,5696191.189235203,269.7781041743084,288.2377788150916,-409.8259980129078,-207.6685510991291,9.138610657840836,21.150899479467142,-104.12331362486216,35.16805107647616,19.357032294463124,-108.40073764652136,35,0.813953488372093,432236.52049351804,5819356.282378958,208331.12149426233,-13400.250480955467,122755.26714574173,207853.6748389889,-176.79561207621182,82.58575354593151,-53.08041647185888,-150.76617165757648,80.79188636092749,-57.35784049351807,445636.7709744735,5696601.015233216,477.4466552734375,-26.02944041863534,1.7938671850040315,4.277424021659195,1290,frame_001290.png
8000,8000,59,36,0.6101694915254238,36,1.0,36,31,0.8611111111111112,777379.3805274961,8847942.398027418,-8069889.979245715,331741.849405997,3151341.716017685,-8070367.41088634,121.20268807980138,-53.5331183792841,12.09612931646874,148.32873842810864,-54.73121598683696,8.484893142509321,31,0.8611111111111112,645000.6791022291,6561039.852450247,-1320574.3281193199,199363.14798073,864439.1704405136,-1321051.7597599449,-100.55311589472338,-26.65871768915689,-173.7421317208013,-73.42706554641609,-27.856815296709755,-177.3533678947607,445637.5311214991,5696600.682009733,477.431640625,-27.126050348307288,1.1980976075528664,3.611236173959426,1291,frame_001291.png
8001,8000,58,36,0.6206896551724138,36,1.0,36,33,0.9166666666666666,445591.82564842695,5696668.1851761285,656.3061454138167,-45.94354418833973,67.62182428594679,178.8884818395979,-58.2732122625878,-55.056448631914996,-2.3742652022586936,-31.07627552620491,-56.67994544893773,-6.020105175011594,33,0.9166666666666666,43097090426.81441,42606609871.78013,23382350095.28685,43096644789.04521,42600913271.216774,23382349617.869186,-104.7934079237245,13.88820023332319,83.97493932855872,-77.5964711873416,12.26470341630045,80.3290993558058,445637.7691926153,5696600.563351843,477.4176635742188,-27.196936736382895,1.6234968170227322,3.6458399727529085,1292,frame_001292.png
8000,8000,55,34,0.6181818181818182,34,1.0,34,27,0.7941176470588235,443800.16242397577,5702283.39172974,2912.845128538118,-1838.0862725329353,5683.074150766246,2435.440099241243,46.14399003632002,-29.6741388731685,79.6956682617755,73.2467571341106,-30.878978167347725,75.23746862337325,27,0.7941176470588235,2160213.319077449,7584067.091491518,492781.72919085424,1714575.07038094,1887466.7739125434,492304.32416155736,-90.24670452879315,6.874513540801824,123.94588432464408,-63.14393743100257,5.6696742466226056,119.48768468624183,445638.2486965087,5696600.317578974,477.405029296875,-27.102767097790576,1.2048392941792179,4.458199638402244,1293,frame_001293.png
8001,8000,56,38,0.6785714285714286,38,1.0,38,24,0.631578947368421,445638.7086734295,5696600.692711977,475.0879546244254,0.005433933925814927,0.5875106304883957,-2.301663295496496,-29.020344873244017,-9.5028370693374,-0.05734541352176988,-1.7430085316051418,-12.07517633635598,-3.806867962756229,24,0.631578947368421,396588.7378067233,5685524.845382401,99529.90547896129,-49049.9654327723,-11075.259818946011,99052.51586104136,-72.43254310794309,39.98146554218086,95.762820326837,-45.15520676630422,37.40912627516229,92.01329777760253,445638.7032394956,5696600.105201347,477.3896179199219,-27.27733634163889,2.57233926701858,3.7495225492344595,1294,frame_001294.png
8001,8000,57,40,0.7017543859649122,40,1.0,40,29,0.725,101424.04958108452,5339096.89594514,-569094.1724279274,-344215.07889900135,-357502.9897756418,-569571.5686681618,60.74686919713641,10.023448494575472,-19.011028126089734,87.36495752098637,6.517557589722827,-23.724197582519224,29,0.725,1308932.5971308362,5091092.766981823,421528.61758932244,863293.4686507504,-605507.1187389586,421051.22134908807,-104.36532523680268,-44.93770493449459,-147.1993973443002,-77.74723691295272,-48.44359583934724,-151.91256680072968,445639.12848008587,5696599.885720782,477.396240234375,-26.618088323849964,3.505890904852645,4.713169456429489,1295,frame_001295.png
8000,8000,45,31,0.6888888888888889,31,1.0,31,20,0.6451612903225806,452740.6295091486,5704467.437590441,2439.150916231636,7100.809853295796,7867.863074872643,1961.788336885933,170.16195464877288,10.682657917429735,87.52331334625414,-163.35999055998332,8.839278459669544,81.15419343740786,20,0.6451612903225806,523566.36671574134,6321871.846388467,-5555.507188849064,77926.54705988854,625272.2718728986,-6032.869768194767,-81.0764488767675,33.899980916418315,-170.14260249005739,-54.59839408552372,32.05660145865812,-176.51172239890366,445639.8196558528,5696599.574515568,477.3625793457031,-26.478054791243775,1.8433794577601925,6.369119908846269,1296,frame_001296.png
8001,8002,45,30,0.6666666666666666,30,1.0,30,21,0.7,445632.12290430476,5696604.874673094,472.8567038337276,-7.92721881903708,5.39901867043227,-4.499771996350546,-17.636901738738768,-71.62756503829984,10.291674767768182,9.121387480708961,-73.91823590487827,4.416692977606857,21,0.7,-34567624.5184438,-4697178.186608434,-105035768.65714133,-35013264.568566926,-10393777.662262857,-105036246.01361716,-48.426967318046025,-57.36255985509491,-135.5523151949653,-21.668678098598292,-59.65323072167334,-141.42729698512665,445640.0501231238,5696599.475654423,477.3564758300781,-26.758289219447725,2.2906708665784334,5.8749817901613355,1297,frame_001297.png
8001,8001,51,31,0.6078431372549019,31,1.0,31,21,0.6774193548387096,445365.37110442313,5696485.886598254,1370.963763868049,-274.89546586660435,-113.49224817380309,893.5905949227365,-83.182427166536,-25.05562487134313,-24.33032413231267,-56.49224958258111,-28.543952828659144,-29.715107687000057,21,0.6774193548387096,-99605472886.31395,127055926721.53494,-207861187870.6915,-99605918526.58052,127050230122.1561,-207861188348.06467,-132.41014194764819,-16.677432777444523,-19.33682021504348,-105.7199643636933,-20.16576073476054,-24.721603769730876,445640.26657028974,5696599.378846427,477.3731689453125,-26.690177583954895,3.4883279573160104,5.384783554687396,1298,frame_001298.png
8001,8001,47,34,0.723404255319149,34,1.0,34,20,0.5882352941176471,445574.36330031377,5696654.157246567,512.8926839364074,-66.54540292837191,55.053144971840084,35.514754248907366,57.86281620077233,-80.50732845749411,86.5048596787712,85.01368709395223,-83.09963389924359,80.09243760475567,20,0.5882352941176471,436089.55111656815,5667512.5546542555,-62513.84619867988,-9551.357586673985,-29086.54944733996,-62991.22412836738,-88.225141416529,6.109762587737792,-175.99409927864784,-61.0742705233491,3.517457145988317,177.5934786473366,445640.90870324214,5696599.1041015955,477.3779296875,-27.150870893179892,2.5923054417494686,6.412422074015546,1299,frame_001299.png
8000,8001,47,39,0.8297872340425532,39,1.0,39,24,0.6153846153846154,445634.7978199585,5696603.305972808,473.7038894680006,-6.503589656727854,4.420882077887654,-3.687132260515,-36.4912281837119,-56.82300075636098,-3.243653759413239,-9.944192296657434,-61.70272741455568,-7.881392258803686,24,0.6153846153846154,1999267597.3424969,1348968937.722681,-1549424756.0952656,1998821956.0410872,1343272338.8375902,-1549425233.4862874,-104.10135285428917,16.576960423096462,-37.68624564143992,-77.55431696723471,11.697233764901767,-42.32398414083036,445641.3014096152,5696598.88509073,477.3910217285156,-26.54703588705447,4.879726658194691,4.63773849939044,1300,frame_001300.png
8000,8000,52,35,0.6730769230769231,35,1.0,35,31,0.8857142857142857,445642.5784742851,5696593.1212021215,468.69683923029476,1.0754466492217034,-5.653334897942841,-8.685484988455244,-23.912494081091133,31.366592378450015,-45.96743827793136,2.8246919996460633,27.631681118230006,-51.99044136134643,31,0.8857142857142857,1733964.8576319322,5886803.4273978025,-110093.61450061892,1288323.3546042964,190204.65286078304,-110570.99682483767,-116.30424927522482,-36.48725349821534,176.82630625787885,-89.56706319448762,-40.222164758435355,170.8033031744638,445641.50302763586,5696598.774537019,477.38232421875,-26.737186080737196,3.734911260220022,6.023003083415073,1301,frame_001301.png
8001,8000,46,34,0.7391304347826086,34,1.0,34,29,0.8529411764705882,445627.87789839925,5696474.278446025,175.06824835953591,-14.05395276233321,-124.27533001173288,-302.3079113084329,-91.72287583898866,2.0452433436055806,-178.16854862622876,-65.00318961669782,-0.6879928719518773,175.82612177095712,29,0.8529411764705882,736408.3370844161,6719092.03626221,-817301.0151996006,290766.4052332545,1022493.4824861735,-817778.3913592686,-89.54808489080261,-0.07901482866590702,-159.66343060646565,-62.82839866851178,-2.812251044223359,-165.66876020927975,445641.9318511616,5696598.553776037,477.3761596679688,-26.719686222290832,2.733236215557458,6.005329602814091,1302,frame_001302.png
8000,8000,48,34,0.7083333333333334,34,1.0,34,29,0.8529411764705882,445643.4676619578,5696592.333298152,465.9635568486255,1.0808507241890766,-5.998708727769554,-11.409123815436999,-8.989142331592978,25.70700959286938,-74.86520578146111,17.650207062893003,23.437068512563542,-81.16510759338496,29,0.8529411764705882,572390.0579074087,5799810.950567776,189666.32516863593,126747.6710961751,103212.61856089626,189188.95248797187,170.92848334395984,63.37263014023444,-96.21475596007348,-162.43216726155418,61.10268905992859,-102.51465777199732,445642.3868112336,5696598.33200688,477.3726806640625,-26.63934939448599,2.269941080305845,6.299901811923841,1303,frame_001303.png
8000,8001,40,30,0.75,30,1.0,30,26,0.8666666666666667,358936.28640614473,6467752.298286301,659264.7867334471,-86706.33338308951,771154.0812053718,658787.4109399901,-131.66633728105953,-75.36276491663463,-42.2576393799239,-104.69136752984633,-76.65638111498029,-47.98504149390129,26,0.8666666666666667,-8932866684.471922,-4184212778.3241386,-20518599108.087555,-8933312327.091711,-4189909376.5412197,-20518599585.46335,-150.62820850869804,4.24947111944537,-179.27240334316312,-123.65323875748484,2.9558549210997,175.0001945428595,445642.61978923425,5696598.217080929,477.3757934570313,-26.974969751213195,1.2936161983456607,5.727402113977401,1304,frame_001304.png
8000,8000,39,27,0.6923076923076923,27,1.0,27,22,0.8148148148148148,445649.531048742,5696598.230773976,468.1212114157205,6.455732911475934,0.2408829340711236,-9.249088877248312,-17.658028611962617,47.63278911013068,5.660731100892812,9.634002085542875,46.426338690512665,-1.1314198598955727,22,0.8148148148148148,507855.2950400298,5693515.654384893,209753.24104284577,62212.21972419927,-3082.3355061486363,209275.8707425528,99.05134480076127,61.513700210385196,-29.593479029838154,126.34337549826677,60.30724979076717,-36.38562999062651,445643.07531583053,5696597.989891042,477.3703002929688,-27.2920306975055,1.2064504196180235,6.7921509607883745,1305,frame_001305.png
8001,8000,35,24,0.6857142857142857,24,1.0,24,17,0.7083333333333334,445643.6031107504,5696598.27930393,474.8753762203437,0.10807805537478998,0.5395105220377445,-2.5136313480156787,-28.157718739440988,-8.951390690331893,-0.4039493505184227,-1.7421411786810381,-11.878631810894575,-5.228768517556205,17,0.7083333333333334,600481.9897412509,5527762.827887966,-56099.797630980735,154838.49470855587,-168834.91190544143,-56577.186638549094,144.33299535040473,-72.82865022609916,111.5953955139493,170.74857291116467,-75.75589134666184,106.77057634691153,445643.495032695,5696597.739793408,477.3890075683594,-26.415577560759935,2.9272411205626887,4.824819167037767,1306,frame_001306.png
8000,8000,28,20,0.7142857142857143,20,1.0,20,19,0.95,445644.16963173304,5696592.647810613,475.1590374283227,0.054922831477597356,-4.711773948743939,-2.2536822982398235,-49.60721823708014,8.834076000656312,-9.75951059149684,-22.536600109882812,6.313741586901273,-14.148181101013023,19,0.95,32067964.83324466,105777876.13039947,-18804193.73542976,31622320.71853576,100081278.77081491,-18804671.148149487,-54.693885290608414,16.8446814214934,173.0779705384164,-27.6232671634111,14.324347007738368,168.68930002890022,445644.11470890156,5696597.359584562,477.4127197265625,-27.07061812719732,2.5203344137550454,4.388670509516175,1307,frame_001307.png
8001,8002,29,23,0.7931034482758621,23,1.0,23,22,0.9565217391304348,445606.94066320674,5696568.07296119,552.5080307392526,-37.37717935204273,-29.16452133655548,75.0901840595651,-68.5185602620251,-22.44994262528691,-29.12266953947567,-41.283947194713534,-26.07315019702847,-33.75783656964492,22,0.9565217391304348,36673518.3436747,-100244812.06999041,63379071.130227126,36227874.02583214,-105941409.30747294,63378593.71238045,-87.96502781858602,-4.830333150484734,-152.2932705191544,-60.73041475127445,-8.453540722226307,-156.92843754932363,445644.3178425588,5696597.237482526,477.4178466796875,-27.234613067311567,3.623207571741567,4.635167030169248,1308,frame_001308.png
8000,8000,26,16,0.6153846153846154,16,1.0,16,14,0.875,445112.5104650825,5697356.151169055,763.9804548463552,-532.0168639548356,759.0480462629348,286.5595258912771,63.20367594910747,-46.42908594707485,98.55605921568689,90.6173931523831,-48.85720906746761,93.56497884181408,14,0.875,604118.4322597706,5778193.785687124,-104175.46745547475,158473.90493073326,81596.68256433215,-104652.88838442983,-103.75532640786476,-39.674829428990975,133.69377692091132,-76.34160920458915,-42.10295254938373,128.7026965470385,445644.5273290373,5696597.103122792,477.4209289550781,-27.413717203275613,2.4281231203927582,4.991080373872787,1309,frame_001309.png
8001,8000,42,28,0.6666666666666666,28,1.0,28,23,0.8214285714285714,445645.1444661931,5696587.801805558,595.1061391691665,0.4014641305548139,-9.165603138506413,117.70626734299458,-26.468824438799487,-28.904759118942092,-3.037484073642884,0.8239992481215666,-30.239735024105983,-6.802861559367983,23,0.8214285714285714,137957970.46551266,36898630.1926952,77066397.98834275,137512325.7225106,31202033.225286506,77065920.58847092,-159.74694738644558,0.2255266625526695,8.943235975371298,-132.45412369952453,-1.1094492426112197,5.177858489646184,445644.74300206255,5696596.967408696,477.3998718261719,-27.292823686921064,1.3349759051638872,3.7653774857251068,1310,frame_001310.png
8000,8000,39,27,0.6923076923076923,27,1.0,27,15,0.5555555555555556,445927.3256772764,5696441.126262936,291.42240342864756,281.91270205855835,-155.4277018820867,-185.96465101471182,-63.76420513585761,18.581312373518074,119.90791739725174,-36.28007012358398,18.009439367782562,115.54857820873491,15,0.5555555555555556,6888939.53157682,7420441.191324538,115801.4430400203,6443294.118601602,1723844.6373597197,115324.05598557694,-141.2557711353515,18.654246593286082,119.46776465733706,-113.77163612307787,18.08237358755059,115.10842546882026,445645.41297521786,5696596.553964818,477.3870544433594,-27.484135012273626,0.5718730057355063,4.359339188516815,1311,frame_001311.png
8000,8000,36,23,0.6388888888888888,23,1.0,23,17,0.7391304347826086,445646.4395268249,5696580.032575589,555.8800686084415,0.7879164958721958,-16.39507467020303,78.50097925297274,153.9740026094724,-65.86186865066867,19.63071042351631,-178.15644237120864,-66.16568565081188,14.5063666290053,17,0.7391304347826086,1047655.2564888606,7672469.454990355,7059515.592025536,602009.6048785315,1975873.0273400964,7059038.212936181,81.90214542110968,77.05151423641013,-7.342083670577775,109.77170044042867,76.7476972362669,-12.46642746508877,445645.65161032905,5696596.427650259,477.3790893554688,-27.869555019318994,0.3038170001432101,5.124343794511007,1312,frame_001312.png
8002,8000,39,28,0.717948717948718,28,1.0,28,16,0.5714285714285714,445645.7446295664,5696595.739410185,474.96566272192206,-0.1392741230665706,-0.5662768995389342,-2.410100217531067,-31.66335387376079,-10.249802114256237,-6.9533816824238635,-3.616139269754285,-10.416421497764702,-11.531084456566617,16,0.5714285714285714,-275150200.85769224,-306917656.61075026,173371532.27076983,-275595846.7415959,-312614252.9164373,173371054.8950069,66.13689296389055,-0.9422825107205077,35.418253969728916,94.18410756789706,-1.1089018942289783,30.84055119558616,445645.88390368945,5696596.305687085,477.3757629394531,-28.047214604006495,0.16661938350846184,4.577702774142754,1313,frame_001313.png
8001,8000,35,27,0.7714285714285715,27,1.0,27,18,0.6666666666666666,445648.09884688363,5696605.197996521,469.9945469785556,1.7681024767225608,9.140028801746666,-7.373586566366271,2.155437278895584,0.6558873283131529,55.0794157775566,30.275353871964228,0.7065297393561423,50.75024660297089,18,0.6666666666666666,-11101829.520545334,12610671.128708024,2592242.540035077,-11547475.85128974,6914075.070740304,2591765.171901532,-37.90168763931542,-17.881479448089877,-5.236911840119264,-9.781771046246774,-17.830837037046905,-9.566081014704992,445646.3307444069,5696596.05796772,477.3681335449219,-28.11991659306866,-0.050642411042983636,4.329169174585718,1314,frame_001314.png
8000,8000,41,31,0.7560975609756098,31,1.0,31,21,0.6774193548387096,445644.2601043285,5696593.704409809,454.0691840760908,-2.7063212959328666,-1.9666559658944607,-23.302245367268597,-91.58103577250796,12.636936225758705,177.1963780004761,-64.1254352143733,12.35922657032458,173.29481347581628,21,0.6774193548387096,2164488.5324287666,4748084.028759684,12399258.528613698,1718841.5660031422,-948511.6423060903,12398781.157184254,95.95939931380119,55.01326569669,1.509007562019971,123.41499987193583,54.73555604125585,-2.392556962639844,445646.96642562444,5696595.671065775,477.3714294433594,-27.45560055813466,0.27770965543413395,3.901564524659811,1315,frame_001315.png
8000,8001,51,35,0.6862745098039216,35,1.0,35,25,0.7142857142857143,445648.08586250764,5696597.622878889,475.0232144242711,0.7112159617245197,2.2022458082064986,-2.3469027632289112,-24.25593202424787,-12.656658737777729,10.21585681702069,3.056088485643386,-12.921184665586395,6.745362366618565,25,0.7142857142857143,2173928.9016654715,10691755.220562153,-1498038.1490284067,1728281.5270189256,4995159.799929072,-1498515.5191455942,-131.5686602466296,3.486719304158766,-129.2884309082558,-104.25663973673835,3.2221933763501056,-132.75892535865793,445647.3746465459,5696595.42063308,477.3701171875,-27.312020509891248,0.26452592780865164,3.4704944504021293,1316,frame_001316.png
8000,8001,43,34,0.7906976744186046,34,1.0,34,26,0.7647058823529411,438495.973821435,5703978.981216628,-3530.939639698263,-7151.821445146168,7383.794776475057,-4008.304629932638,-106.88545812283154,-1.2450914466966785,62.68205459526062,-79.78387174705645,-1.722649662013481,58.664520598347934,26,0.7647058823529411,7179428.269683476,26641522.665227897,17196028.899300765,6733780.474416895,20944927.478787743,17195551.53431053,-152.0866333465728,50.12765809337342,-66.95009330525593,-124.98504697079773,49.65009987805661,-70.96762730216861,445647.7952665812,5696595.186440153,477.364990234375,-27.101586375775078,0.4775582153167957,4.017533996912676,1317,frame_001317.png
8001,8000,42,29,0.6904761904761905,29,1.0,29,20,0.6896551724137931,445652.5161820053,5696598.500500334,472.09896225330834,4.502471596817486,3.424727177247405,-5.257727199816657,-19.03672393429341,10.707188769320432,25.483281483318063,8.273793461301466,11.022775976922475,21.590702745298273,20,0.6896551724137931,8600181.91999006,3131544.4258801145,-1125501.9725108843,8154533.906279652,-2565050.6498930426,-1125979.3292003374,138.29350439402276,9.083141045561778,-122.15414710438667,165.6040217896176,9.398728253163824,-126.04672584240647,445648.0137104085,5696595.075773157,477.356689453125,-27.310517395594864,-0.3155872076020356,3.8925787380198007,1318,frame_001318.png
8000,8000,41,32,0.7804878048780488,32,1.0,32,27,0.84375,416053.38183950825,5687852.96400519,59814.22528953297,-29595.056755235477,-8741.890040382743,59336.88712424977,63.022192226965046,11.044586208036709,-159.75691032379518,90.6875021120743,10.961960715983935,-163.82610985572146,27,0.84375,205731.8469023786,5546529.789315612,885153.4274059512,-239916.59169236512,-150065.06472996064,884676.089240668,-132.19632329251684,70.26509170983748,27.597880410814323,-104.53101340740756,70.18246621778471,23.528680878888053,445648.4385947437,5696594.854045573,477.3381652832031,-27.66530988510928,0.08262549205276744,4.069199531926274,1319,frame_001319.png
8001,8000,40,26,0.65,26,1.0,26,21,0.8076923076923077,412802.24936440896,5687810.4318980165,-4783.121504451628,-32846.60498689744,-8784.206198799424,-5260.466597225066,-102.52857030253006,2.4970023940427897,-102.82209764727014,-75.39789249646536,1.566321420651974,-106.6203044080312,21,0.8076923076923077,1256636.2733760139,6174714.199075566,-452461.88715285645,810987.4190247075,478119.56097874977,-452939.2322456299,-117.70583681666932,-15.025248074608562,135.15595314787282,-90.57515901060462,-15.955929047999376,131.35774638711177,445648.8543513064,5696594.638096816,477.3450927734375,-27.1306778060647,0.930680973390806,3.7982067607610674,1320,frame_001320.png
8000,8000,39,30,0.7692307692307693,30,1.0,30,21,0.7,-987528.1149985618,5934726.894477368,-1486329.3101862706,-1433177.170243067,238132.36747147888,-1486806.6699885167,63.003603536019014,-24.747581452392037,-55.788701909263814,90.06538570546843,-25.22755368629319,-60.17547503717941,21,0.7,515285.8825469514,5645915.009954319,116886.61198116411,69636.82730244624,-50679.51705157012,116409.25217891802,82.66327038017896,59.88169031993521,-47.400494148494815,109.72505254962834,59.401718086034066,-51.78726727641043,445649.0552445052,5696594.527005889,477.35980224609375,-27.061782169449412,0.4799722339011549,4.386773127915601,1321,frame_001321.png
8001,8000,34,28,0.8235294117647058,28,1.0,28,17,0.6071428571428571,445649.64187196636,5696589.630197988,472.1906716329203,0.19125075067859143,-4.6843988839536905,-5.169863035048479,-34.42953736560655,10.639961365708503,-27.452019054838452,-7.198124091400842,10.030670477969096,-31.251059483969357,17,0.6071428571428571,562103.3628390809,6659648.651478686,-1506235.4154654124,116453.91221786517,963054.3368818145,-1506712.7760000804,-88.44167887065267,-6.426864344932017,-135.13845690507478,-61.210265596446945,-7.036155232671433,-138.93749733420566,445649.4506212157,5696594.314596872,477.3605346679688,-27.231413274205718,0.6092908877394012,3.7990404291308946,1322,frame_001322.png
8000,8000,40,31,0.775,31,1.0,31,29,0.9354838709677419,443631.76272743347,5699108.217860512,356.59900325562637,-2017.8819966366864,2514.0169602092355,-120.77138859007675,-111.22507498009254,3.4623113425093,81.57182892420803,-83.97900479854546,1.8374747962759272,78.28956228745784,29,0.9354838709677419,-440831.7730383798,5543804.183033394,418875.2910634175,-886481.41776245,-152790.0178669095,418397.9206715718,-140.67828395979,-53.503988449937836,82.9717101185432,-113.43221377824293,-55.128824996171204,79.68944348179298,445649.64472407015,5696594.200900303,477.3703918457031,-27.24607018154708,1.6248365462333656,3.282266636750206,1323,frame_001323.png
8000,8000,43,28,0.6511627906976745,28,1.0,28,21,0.75,445651.4883955979,5696593.348381742,474.2388688330963,1.0085520069114864,-0.3872510436922312,-3.106773256747431,-28.35320196725006,-3.719724727595918,-2.805979439170155,-0.8149402212809207,-3.706517302384782,-6.19049142318292,21,0.75,373367.7548796361,5778357.592443633,79277.91402323308,-72282.72496395488,81763.8568108473,78800.56838114324,-36.07930198855044,64.46365378256786,168.33629690039342,-8.541040242581317,64.476861207779,164.9517849163807,445650.479843591,5696593.735632786,477.34564208984375,-27.53826174596913,-0.013207425211122796,3.384511984012769,1324,frame_001324.png
8001,8001,41,31,0.7560975609756098,31,1.0,31,20,0.6451612903225806,452013.84877293545,5694591.212341616,1116.7970415296713,6363.148284810479,-2002.3996625896543,639.4677263441245,-20.387850644810243,-67.08484712113216,177.39382768714188,6.321743697274428,-66.90464379563716,174.09325517354432,20,0.6451612903225806,-19750301.34250779,18691448.65640892,33950061.84100398,-20195952.042995915,12994855.044404715,33949584.51168879,-69.10359841938275,38.365260510357096,-46.74155400858202,-42.39400407729809,38.545463835852104,-50.04212652217956,445650.700488125,5696593.612004206,477.3293151855469,-26.709594342084657,-0.18020332549499482,3.300572513597535,1325,frame_001325.png
8000,8000,48,34,0.7083333333333334,34,1.0,34,24,0.7058823529411765,445634.5665177242,5696775.657160016,725.0709120976624,-16.34945030725794,182.1786443674937,247.72954246875605,-100.31966884371862,-62.326071734660474,-8.434288023852693,-74.00413348013139,-61.41199486903588,-11.81293635457061,24,0.7058823529411765,91008528.79666367,98624892.01332049,-213212101.5748551,90562877.88069564,92928298.53480484,-213212578.91622472,-125.50193504183196,-26.060417027268265,145.55243753192818,-99.18639967824473,-25.14634016164365,142.1737892012103,445650.91596803145,5696593.478515648,477.3413696289063,-26.31553536358723,-0.9140768656246032,3.3786483307179216,1326,frame_001326.png
8000,8000,42,32,0.7619047619047619,32,1.0,32,20,0.625,445648.22642193455,5696598.60310425,474.70298959856177,-2.9175897001405247,5.245144466869533,-2.6400584971413537,-15.785594746304408,-39.38793144550452,20.657822560205446,10.147507941415142,-37.942356530659424,16.22732707874283,20,0.625,778631.6676916471,8524700.457592703,594145.4828832322,332980.5236800124,2828107.0996329207,593668.1398351365,-69.40012511506771,-1.107458798162184,53.03196212197289,-43.467022427348155,0.33811611668292585,48.60146664051027,445651.1440116347,5696593.357959783,477.3430480957031,-25.933102687719547,-1.4455749148451085,4.430495481462613,1327,frame_001327.png
