kp_uav,kp_patch,raw_matches,good_matches,good_ratio,homography_inliers,homography_ratio,num_3d2d_corr,pnp_inliers_anchor,pnp_ratio_anchor,anchor_easting_est,anchor_northing_est,anchor_altitude_est,anchor_easting_delta,anchor_northing_delta,anchor_altitude_delta,anchor_yaw_est,anchor_pitch_est,anchor_roll_est,anchor_yaw_delta,anchor_pitch_delta,anchor_roll_delta,reproj_error_anchor_mean,reproj_error_anchor_std,pnp_inliers_prior,pnp_ratio_prior,prior_easting_est,prior_northing_est,prior_altitude_est,prior_easting_delta,prior_northing_delta,prior_altitude_delta,prior_yaw_est,prior_pitch_est,prior_roll_est,prior_yaw_delta,prior_pitch_delta,prior_roll_delta,reproj_error_prior_mean,reproj_error_prior_std,gps_easting,gps_northing,gps_altitude,imu_yaw,imu_pitch,imu_roll,image_id,filename
8001,8001,40,28,0.7,28,1.0,28,25,0.8928571428571429,445662.81752225227,5696629.419604878,479.6786234362056,-1.2214287297101691,-1.5806192141026258,-0.22881674934126295,-133.49876846817057,10.36117645926525,3.229861703714516,-1.1859503971371623,-0.6670738832511631,4.062570652448414,0.43570814,0.28627414,25,0.8928571428571429,445662.8175222529,5696629.419604878,479.6786234362831,-1.2214287290698849,-1.5806192141026258,-0.22881674926378537,-133.49876846842523,10.361176457599734,3.2298617054456873,-1.1859503973918208,-0.6670738849166753,4.062570654179581,0.43570814,0.28627414,445664.038950982,5696631.000224092,479.9074401855469,-132.3128180710334,11.028250342516413,-0.8327089487338988,214,frame_000214.png
8001,8000,36,23,0.6388888888888888,23,1.0,23,21,0.9130434782608695,445661.5523372294,5696628.040056381,479.7238286076461,-0.31477622158126906,-0.6903621908277273,-0.2001826228226946,-133.22721245860913,8.299387534652093,4.561656111079371,-1.1881068451211831,-1.242437798061303,6.601023215298596,0.480043,0.25783587,21,0.9130434782608695,445661.55233721854,5696628.040056375,479.72382860586544,-0.31477623246610165,-0.6903621973469853,-0.20018262460337155,-133.2272124583341,8.299387580171246,4.561656096183637,-1.1881068448461463,-1.2424377525421448,6.601023200402835,0.480043,0.25783587,445661.867113451,5696628.730418572,479.9240112304688,-132.03910561348795,9.5418253327134,-2.0393671042192123,215,frame_000215.png
8000,8000,29,15,0.5172413793103449,15,1.0,15,14,0.9333333333333333,445660.35554521665,5696626.341353447,479.70363463893756,-0.4488141125184484,-1.2888604756444693,-0.25803528293744193,-133.7772742362804,8.555027837743312,6.614844461650957,-1.5453160704153106,-0.47600266281020254,9.28663775945924,0.62619656,0.38772222,14,0.9333333333333333,445660.3555452124,5696626.341353453,479.70363463903965,-0.44881411676760763,-1.2888604700565338,-0.25803528283535115,-133.7772742302868,8.555027834633385,6.614844434930281,-1.545316064421712,-0.4760026659201344,9.28663773273857,0.62619656,0.38772222,445660.80435932917,5696627.630213923,479.961669921875,-132.23195816586508,9.03103050055351,-2.6717932978082812,216,frame_000216.png
8000,8000,31,23,0.7419354838709677,23,1.0,23,19,0.8260869565217391,445658.90619924583,5696625.318935134,479.7837556868226,-0.8638920636149123,-1.2296066479757428,-0.19421062177116255,-133.16318760972263,3.9605834802019517,3.023173707937822,-1.0325974664389435,-1.1932557672838016,3.739294126901882,0.7975511,0.59764,19,0.8260869565217391,445658.9061992431,5696625.318935142,479.7837556875041,-0.8638920663506724,-1.2296066405251622,-0.1942106210896668,-133.16318760539838,3.9605834676686817,3.023173680925019,-1.032597462114694,-1.1932557798170649,3.739294099889065,0.7975511,0.59764,445659.77009130944,5696626.548541782,479.97796630859375,-132.13059014328368,5.15383924748576,-0.716120418964055,217,frame_000217.png
8001,8000,34,21,0.6176470588235294,21,1.0,21,21,1.0,445657.64841207466,5696624.101915013,479.76978830676546,-1.1161443996825255,-1.3977959984913468,-0.19264455456266205,-133.17552345158694,-0.7548737734379448,3.3022905182499023,-1.1176407291837904,-1.4409878189757706,4.3899980333094675,0.7620846,0.4589884,21,1.0,445657.64841208205,5696624.101914993,479.7697883086335,-1.1161443922901526,-1.3977960189804435,-0.19264455269461678,-133.17552345240375,-0.7548737342270355,3.3022905956872264,-1.117640730000602,-1.4409877797648392,4.389998110746774,0.7620846,0.4589884,445658.76455647434,5696625.499711012,479.9624328613281,-132.05788272240315,0.6861140455378161,-1.0877075150595585,218,frame_000218.png
8000,8000,22,13,0.5909090909090909,13,1.0,13,13,1.0,445656.65228768886,5696622.965525872,479.81622252308006,-0.20348371186992154,-0.5504359975457191,-0.009003306998067728,-132.3498165603441,-31.568341916993354,3.928765449368313,-1.3570893831008561,-2.1039383030512226,6.14894328606772,0.30474722,0.16087243,13,1.0,445656.66591216007,5696621.261705118,480.1631577146067,-0.18985924066510051,-2.2542567513883114,0.3379318845285866,-130.71316811165235,-26.451022492546123,8.902953725292793,0.27955906559088817,3.0133811213959802,11.123131561992182,0.83133626,0.4055726,445656.85577140073,5696623.51596187,479.8252258300781,-130.99272717724324,-29.464403613942117,-2.2201778366993925,219,frame_000219.png
8000,8000,36,21,0.5833333333333334,21,1.0,21,21,1.0,445655.89623221057,5696621.992028202,479.87228673567637,-0.22085632104426622,-0.7069064565002918,0.027407585285743608,-133.3106766090327,-26.43549005645877,1.016950709384158,-0.7744999380209947,-2.547182393569841,-0.6831882692910369,0.44327277,0.268845,21,1.0,445655.8962322024,5696621.992028188,479.872286739017,-0.22085632919333875,-0.7069064704701304,0.02740758862637449,-133.31067660712188,-26.435489991999347,1.0169507257969737,-0.7744999361101748,-2.547182329110427,-0.6831882528782103,0.44327277,0.268845,445656.1170885316,5696622.698934658,479.8448791503906,-132.5361766710117,-23.88830766288892,1.7001389786751886,220,frame_000220.png
8000,8000,52,46,0.8846153846153846,46,1.0,46,46,1.0,445654.3816487186,5696620.424178255,479.8237039015031,-0.038652690360322595,-0.47993882931768894,-0.11370454576251632,-133.64771883192677,-6.732432768818913,2.0932863824170784,-1.0770191138418,-1.2794938197714032,1.8633380438978975,0.36996078,0.21301916,46,1.0,445654.3816487343,5696620.424178262,479.8237039002778,-0.03865267464425415,-0.47993882186710835,-0.11370454698783306,-133.64771882787883,-6.732432832986049,2.093286408246003,-1.0770191097938664,-1.2794938839385566,1.8633380697268365,0.36996078,0.21301916,445654.420301409,5696620.904117084,479.9374084472656,-132.57069971808497,-5.452938949047501,0.22994833851917465,221,frame_000221.png
8000,8000,69,58,0.8405797101449275,58,1.0,58,58,1.0,445654.43634271296,5696620.42628735,479.75924941149464,0.07473037496674806,-0.44528457429260015,-0.13644150647417064,-132.91452247655852,-1.669701871660257,2.2466848553613885,-1.034041659114905,-1.523136088515173,1.8146771891133824,0.36044633,0.25128964,58,1.0,445654.4363427128,5696620.42628735,479.7592494115118,0.07473037479212508,-0.44528457429260015,-0.13644150645700392,-132.91452247657347,-1.669701870323785,2.246684855677374,-1.034041659129855,-1.523136087178699,1.8146771894293465,0.36044633,0.25128964,445654.361612338,5696620.871571925,479.8956909179688,-131.8804808174436,-0.14656578314508253,0.43200766624801845,222,frame_000222.png
8000,8000,75,64,0.8533333333333334,64,1.0,64,64,1.0,445654.63872998336,5696620.68804582,479.7402961628125,0.17116816126508638,-0.2912084739655256,-0.17645188406248735,-133.28591655530474,2.577715820057189,2.309294913283416,-1.103189618876172,-1.3445325913305624,1.8307977799952653,0.42844656,0.3664084,64,1.0,445654.63872998155,5696620.688045821,479.74029616285856,0.1711681594606489,-0.29120847303420305,-0.17645188401644418,-133.28591655489097,2.5777158244979983,2.309294907502683,-1.1031896184624088,-1.3445325868897555,1.830797774214517,0.42844656,0.3664084,445654.4675618221,5696620.979254294,479.916748046875,-132.18272693642857,3.9222484113877503,0.4784971332881627,223,frame_000223.png
8001,8001,64,51,0.796875,51,1.0,51,51,1.0,445654.6335766911,5696620.738203762,479.74823257107613,0.11319437419297174,-0.28977603279054165,-0.18792465548636983,-133.6515812402793,4.251274387796008,1.9976878192618772,-1.0811637344963856,-1.496111188964619,1.560467013412108,0.45961025,0.40301168,51,1.0,445654.6335766916,5696620.73820376,479.7482325711817,0.11319437471684068,-0.2897760346531868,-0.1879246553808116,-133.65158124128175,4.251274392391112,1.9976878266109004,-1.0811637354988193,-1.4961111843695107,1.5604670207611377,0.45961025,0.40301168,445654.5203823169,5696621.027979795,479.9361572265625,-132.57041750578293,5.747385576760614,0.43722080584976025,224,frame_000224.png
8001,8001,68,53,0.7794117647058824,53,1.0,53,53,1.0,445654.58790490474,5696620.796908862,479.74727081001885,-0.005908458668272942,-0.30395604856312275,-0.191266787637403,-133.90881695355088,3.79478412490062,1.0595570782684909,-1.0513447621149794,-1.1672696350231035,-0.08898437604040055,0.34996212,0.21550699,53,1.0,445654.5879048836,5696620.796908832,479.74727081221346,-0.005908479797653854,-0.30395607836544514,-0.1912667854427923,-133.90881695656995,3.794784269755406,1.0595570999636343,-1.051344765134047,-1.1672694901683087,-0.08898435434525709,0.34996212,0.21550699,445654.5938133634,5696621.1008649105,479.93853759765625,-132.8574721914359,4.962053759923721,1.148541454308899,225,frame_000225.png
8000,8000,78,69,0.8846153846153846,69,1.0,69,68,0.9855072463768116,445654.58381882287,5696620.851048352,479.7558014674331,-0.024249842972494662,-0.27028537914156914,-0.18725273178569068,-134.00587402743145,3.2588391425213397,1.1301747187177769,-0.9909590148947416,-1.30525968010636,0.15999045469803264,0.5015495,0.50804585,68,0.9855072463768116,445654.58381882234,5696620.851048353,479.7558014673757,-0.02424984349636361,-0.27028537821024656,-0.18725273184310254,-134.00587402716081,3.258839142771834,1.1301747159741835,-0.9909590146241101,-1.3052596798558511,0.15999045195442818,0.5015495,0.50804585,445654.60806866584,5696621.121333731,479.9430541992188,-133.0149150125367,4.564098822627692,0.9701842640197561,226,frame_000226.png
8002,8000,77,69,0.8961038961038961,69,1.0,69,67,0.9710144927536232,445654.5554693702,5696620.732919494,479.7894672908591,-0.0489045146969147,-0.39933173172175884,-0.15956835367222766,-133.72039206443336,3.1500291290784066,2.7882585592910902,-1.0306001953457553,-0.7840477395263292,3.2075188601682783,0.38866183,0.2658552,67,0.9710144927536232,445654.5554693691,5696620.732919491,479.78946729104496,-0.04890451580286026,-0.39933173451572657,-0.15956835348634968,-133.7203920648353,3.1500291397832743,2.788258563396114,-1.0306001957476951,-0.7840477288214629,3.2075188642732826,0.38866183,0.2658552,445654.6043738849,5696621.132251225,479.9490356445313,-132.6897918690876,3.9340768686047256,-0.41926030087718225,227,frame_000227.png
8002,8000,64,54,0.84375,54,1.0,54,50,0.9259259259259259,445654.54051460896,5696620.786475461,479.77229007597737,-0.010240812203846872,-0.3827362544834614,-0.1761352169914403,-129.19110914043043,5.179005680989491,2.658543850840332,-1.086270835862706,-1.1298919318008132,2.941534375388528,0.42617592,0.3450832,50,0.9259259259259259,445654.5405146089,5696620.786475462,479.7722900759662,-0.010240812262054533,-0.3827362535521388,-0.1761352170025816,-129.19110914036187,5.179005680841939,2.6585438503311214,-1.0862708357941528,-1.1298919319483502,2.9415343748792964,0.42617592,0.3450832,445654.55075542117,5696621.169211715,479.9484252929688,-128.10483830456772,6.308897612790297,-0.2829905245481869,228,frame_000228.png
8000,8000,75,66,0.88,66,1.0,66,66,1.0,445654.6231560005,5696620.927577341,479.77050290371744,0.05043414048850536,-0.2748273843899369,-0.19757570956386417,-128.1590347521385,4.248960186046166,2.240941867847165,-0.926373534034326,-1.1950559802859289,2.2530372865333845,0.45512807,0.3539658,66,1.0,445654.6231560002,5696620.927577341,479.7705029036898,0.05043414019746706,-0.2748273843899369,-0.19757570959149007,-128.15903475202154,4.248960186543658,2.240941866738555,-0.9263735339173991,-1.1950559797884353,2.2530372854247673,0.45512807,0.3539658,445654.57272186,5696621.202404725,479.9680786132813,-127.23266121810416,5.444016166332099,-0.012095418686215078,229,frame_000229.png
8000,8000,53,43,0.8113207547169812,43,1.0,43,42,0.9767441860465116,445654.50688916136,5696620.505889701,479.78447825932017,-0.00905952590983361,-0.5691097937524319,-0.23609058833608287,-128.03512081260976,15.179845921230287,0.2888179535077953,-1.1616898422765871,-0.08353990016340163,-2.2799807811182404,0.40670484,0.23074786,42,0.9767441860465116,445654.5068891623,5696620.5058897035,479.78447825941316,-0.009059524978511035,-0.5691097909584641,-0.23609058824308704,-128.03512081041984,15.179845908550853,0.28881794803839417,-1.1616898400866944,-0.0835399128428378,-2.279980786587629,0.40670484,0.23074786,445654.5159486873,5696621.0749994945,480.02056884765625,-126.87343097033316,15.263385821393678,2.5687987346260304,230,frame_000230.png
8000,8000,34,28,0.8235294117647058,28,1.0,28,28,1.0,445654.102116352,5696620.327791479,479.79642652071465,-0.12723742699017748,-0.3987199878320098,-0.2539580007697282,-127.4292602525473,17.639079889949233,1.1831254723593592,-1.025741690433506,-1.3086924196265954,0.13198334472386364,0.40471697,0.18755104,28,1.0,445654.1021163516,5696620.3277914785,479.7964265205924,-0.1272374273976311,-0.39871998876333237,-0.2539580008919984,-127.42926025237433,17.639079891793273,1.1831254716205304,-1.0257416902605598,-1.308692417782538,0.1319833439850413,0.40471697,0.18755104,445654.229353779,5696620.726511467,480.0503845214844,-126.40351856211377,18.94777230957582,1.051142127635491,231,frame_000231.png
8000,8000,47,39,0.8297872340425532,39,1.0,39,39,1.0,445653.66449308407,5696619.476541136,479.8002933844874,-0.007634510169737041,-0.5723774861544371,-0.23550373465320718,-127.61868473463751,18.218559074986317,1.7249202052427457,-1.3291006120741145,-0.08753543344553805,0.396133922915368,0.35659397,0.18750134,39,1.0,445653.66449308814,5696619.476541132,479.80029338459127,-0.007634506095200777,-0.5723774908110499,-0.23550373454935425,-127.61868474377164,18.218559080831692,1.7249202318437247,-1.329100621208255,-0.08753542760015876,0.3961339495163543,0.35659397,0.18750134,445653.67212759424,5696620.048918623,480.0357971191406,-126.28958412256338,18.306094508431848,1.328786282327373,232,frame_000232.png
8000,8000,47,33,0.7021276595744681,33,1.0,33,33,1.0,445653.13930143445,5696618.750870409,479.7715531776404,-0.1591412135749124,-0.8326336918398738,-0.25609574814092184,-127.90076861053008,17.28123106556313,1.0938175455290782,-1.3992810483111953,0.23387702191641324,-0.8966843373526387,0.49975234,0.48283783,33,1.0,445653.1393013925,5696618.750870406,479.7715531714,-0.15914125554263592,-0.8326336955651641,-0.25609575438130605,-127.90076857391455,17.28123118033772,1.093817414643334,-1.3992810116956775,0.23387713669100663,-0.8966844682383908,0.49975234,0.48283783,445653.298442648,5696619.583504101,480.0276489257813,-126.50148756221888,17.047354043646706,1.9905018828817274,233,frame_000233.png
8000,8001,59,49,0.8305084745762712,49,1.0,49,48,0.9795918367346939,445652.47338794655,5696618.192805915,479.77624858617247,-0.3951850891462527,-0.8532685898244381,-0.23858295679633557,-128.1405135867216,15.295754360150973,0.39504623823777185,-1.2956996637053066,-0.2142943841086833,-1.6682727116007356,0.47413945,0.31427595,48,0.9795918367346939,445652.4733879463,5696618.192805915,479.77624858612234,-0.39518508937908337,-0.8532685898244381,-0.23858295684647146,-128.14051358653933,15.295754360828338,0.39504623754024104,-1.2956996635230666,-0.2142943834313087,-1.6682727122982612,0.47413945,0.31427595,445652.8685730357,5696619.046074505,480.0148315429688,-126.84481392301628,15.510048744259652,2.063318949838503,234,frame_000234.png
8001,8000,74,55,0.7432432432432432,55,1.0,55,55,1.0,445651.00379285676,5696616.525554294,479.77171461682957,-0.26967294211499393,-0.6235998002812266,-0.21507127184230512,-128.07335870896256,8.96638743522987,1.8154825887145727,-1.2141551674366156,1.4034873050333374,1.570628971774795,0.5122719,0.38682616,55,1.0,445651.0037928523,5696616.525554298,479.7717146164126,-0.2696729465969838,-0.6235997956246138,-0.2150712722592516,-128.07335870467506,8.966387431077356,1.815482562058037,-1.2141551631491154,1.403487300880812,1.5706289451182442,0.5122719,0.38682616,445651.2734657989,5696617.149154094,479.9867858886719,-126.85920354152594,7.562900130196543,0.24485361693977864,235,frame_000235.png
8001,8001,90,77,0.8555555555555555,77,1.0,77,76,0.987012987012987,445650.34294612304,5696615.629678615,479.78524015461784,-0.3508020866429433,-0.8328780131414533,-0.17081453288216153,-128.17969312350675,3.5050443855033993,2.1053163982798764,-1.2249717586965971,-0.2523731040575399,1.7869278662492718,0.48460513,0.30749944,76,0.987012987012987,445650.3429461228,5696615.6296786135,479.78524015454207,-0.35080208687577397,-0.8328780150040984,-0.1708145329579338,-128.17969312393274,3.5050443908264115,2.105316401302915,-1.2249717591225817,-0.2523730987345232,1.7869278692723185,0.48460513,0.30749944,445650.6937482097,5696616.4625566285,479.9560546875,-126.95472136481014,3.7574174895609302,0.3183885320306002,236,frame_000236.png
8000,8000,54,43,0.7962962962962963,43,1.0,43,39,0.9069767441860465,445648.2835336606,5696613.273101923,479.82239146172157,-0.2482840232551098,-0.6340246805921197,-0.09908680976280948,-127.90703737176035,-5.326407591809021,3.159434237822056,-1.2062068882459585,-0.6683994923469356,4.287733492032828,0.44748423,0.29111096,39,0.9069767441860465,445648.28353366075,5696613.273101923,479.82239146173174,-0.2482840230804868,-0.6340246805921197,-0.09908680975263451,-127.90703737170242,-5.326407592379702,3.1594342380636595,-1.206206888188035,-0.6683994929176151,4.287733492274441,0.44748423,0.29111096,445648.53181768383,5696613.907126604,479.9214782714844,-126.7008304835144,-4.658008099462074,-1.128299254210774,237,frame_000237.png
8000,8000,29,20,0.6896551724137931,20,1.0,20,20,1.0,445647.77835472155,5696612.714759685,479.81963968399214,-0.3087065677973442,-0.672383863478899,-0.08233785507036373,-127.90345528473242,-10.719459858775139,2.931725104848047,-1.196521189134188,-1.0723655030130033,3.8909896144887455,0.46113738,0.27889794,20,1.0,445647.77835472516,5696612.714759687,479.819639683829,-0.3087065641884692,-0.6723838616162539,-0.08233785523350434,-127.90345528244478,-10.719459872758163,2.9317251125095836,-1.196521186846553,-1.0723655169960296,3.8909896221503004,0.46113738,0.27889794,445648.08706128935,5696613.387143549,479.9019775390625,-126.70693409559823,-9.647094355762126,-0.9592645096407056,238,frame_000238.png
8000,8000,38,24,0.631578947368421,24,1.0,24,24,1.0,445647.3434522028,5696612.216611762,479.8381660122019,-0.3470385355176404,-0.7139829760417342,-0.04424975928247932,-127.74223003411777,-14.196488232502006,2.7973140653716126,-1.2208838978598635,-0.5776529021395618,3.831157214071567,0.51078516,0.2035538,24,1.0,445647.3434522034,5696612.216611762,479.83816601205274,-0.3470385349355638,-0.7139829760417342,-0.04424975943163645,-127.74223003347524,-14.196488233763755,2.797314067527937,-1.220883897217334,-0.5776529034013151,3.8311572162278935,0.51078516,0.2035538,445647.6904907383,5696612.930594738,479.8824157714844,-126.5213461362579,-13.61883533036245,-1.0338431486999522,239,frame_000239.png
8000,8002,50,33,0.66,33,1.0,33,33,1.0,445647.0952198244,5696611.836449886,479.81418949122735,-0.2810776127735153,-0.7347780922427773,-0.044208946272647154,-127.57259913847275,-14.81764391312182,2.7689899683292487,-1.1389544290297522,-0.9980320067693356,3.3724046592112984,0.4275189,0.20686829,33,1.0,445647.09521982446,5696611.836449886,479.8141894912212,-0.2810776127153076,-0.7347780922427773,-0.04420894627878624,-127.57259913843018,-14.817643913217234,2.7689899685385906,-1.1389544289871765,-0.9980320068647472,3.3724046594206243,0.4275189,0.20686829,445647.3762974372,5696612.571227978,479.8583984375,-126.43364470944299,-13.819611906352478,-0.6034146908820397,240,frame_000240.png
8000,8000,39,28,0.717948717948718,28,1.0,28,28,1.0,445646.9455386312,5696611.6943318285,479.7890618837642,-0.0421327396761626,-0.45431202929466963,-0.05752625100143405,-127.76827762713134,-12.338411363364534,3.125432050070064,-1.032042413468048,-1.1747988902197903,4.137665009651613,0.44745174,0.21366979,28,1.0,445646.9455386303,5696611.694331827,479.78906188397565,-0.042132740549277514,-0.4543120311573148,-0.05752625078997653,-127.76827762746336,-12.338411354973747,3.1254320520633914,-1.0320424138000703,-1.1747988818290196,4.137665011644941,0.44745174,0.21366979,445646.98767137085,5696612.148643858,479.8465881347656,-126.7362352136633,-11.163612473144731,-1.0122329595815596,241,frame_000241.png
8000,8002,71,37,0.5211267605633803,37,1.0,37,37,1.0,445646.7693135199,5696611.605078547,479.77492123269457,-0.1324849973898381,-0.47312754672020674,-0.0936700758991833,-128.0119233483248,-6.068516874170995,4.154292824075056,-1.0615952653474778,-1.4902997187899132,6.67133213978218,0.58689344,0.30345526,37,1.0,445646.76931352017,5696611.605078547,479.7749212325939,-0.1324849970987998,-0.47312754672020674,-0.093670075999853,-128.01192334818955,-6.068516873608475,4.1542928262811465,-1.061595265212219,-1.4902997182273907,6.671332141988273,0.58689344,0.30345526,445646.90179851727,5696612.078206094,479.86859130859375,-126.95032808297734,-4.578217155381087,-2.5170393157071334,242,frame_000242.png
8000,8000,62,36,0.5806451612903226,36,1.0,36,36,1.0,445646.73772202095,5696611.67233148,479.74735304300225,-0.11983632255578414,-0.3927149176597595,-0.12590745504462575,-128.37708127879398,-3.955554357615036,4.881279450609952,-1.1722388953151608,-0.7266653168188668,7.762713708658254,0.46499333,0.28079888,36,1.0,445646.73772200785,5696611.67233148,479.7473530455351,-0.11983633565250784,-0.3927149176597595,-0.1259074525117967,-128.37708128661515,-3.955554325720793,4.881279407781789,-1.1722389031363036,-0.7266652849246213,7.762713665830091,0.46499333,0.28079888,445646.8575583435,5696612.065046398,479.8732604980469,-127.20484238347883,-3.2288890407961772,-2.8814342580483085,243,frame_000243.png
8001,8000,60,35,0.5833333333333334,35,1.0,35,35,1.0,445646.7967315085,5696611.70307321,479.6115602105839,-0.04596467490773648,-0.38399755861610174,-0.23136581480673613,-128.55739003661267,-1.8438447009189103,4.8709430744927005,-1.0697741153065863,-0.38635017589001563,7.563724645086239,0.45469022,0.27266786,35,1.0,445646.79673150834,5696611.703073209,479.61156021057036,-0.04596467508235946,-0.3839975595474243,-0.23136581482026486,-128.5573900368561,-1.843844698666037,4.8709430751981,-1.0697741155500466,-0.3863501736371404,7.563724645791638,0.45469022,0.27266786,445646.8426961834,5696612.087070769,479.8429260253906,-127.48761592130607,-1.4574945250288824,-2.6927815705935347,244,frame_000244.png
8000,8001,69,44,0.6376811594202898,44,1.0,44,44,1.0,445646.7991750591,5696611.793395676,479.36285712153443,-0.07175976305734366,-0.40823942329734564,-0.22314141362181772,-128.66313029478064,-0.5250660844668887,5.614314441560912,-1.161088982820047,-0.3915301783789573,9.009214221514867,0.46551502,0.25622115,44,1.0,445646.79917505983,5696611.793395677,479.3628571215235,-0.07175976230064407,-0.40823942236602306,-0.22314141363273166,-128.6631302943748,-0.525066088807685,5.614314442025209,-1.1610889824142134,-0.39153018271974815,9.009214221979164,0.46551502,0.25622115,445646.87093482213,5696612.201635099,479.58599853515625,-127.5020413119606,-0.13353590608793464,-3.394899779953955,245,frame_000245.png
8000,8001,79,54,0.6835443037974683,54,1.0,54,54,1.0,445646.92188523454,5696611.972697612,478.4302934065543,-0.015404146572109312,-0.3704650877043605,-0.5160872086800623,-128.2753656739516,-0.5959907493379283,4.825742950624096,-1.1685161647987172,-0.3765660769834369,7.446515786281225,0.42263877,0.27174377,54,1.0,445646.9218852329,5696611.972697611,478.4302934066455,-0.015404148201923817,-0.37046508863568306,-0.5160872085888855,-128.27536567487408,-0.5959907400592975,4.825742948664125,-1.1685161657212007,-0.3765660677048004,7.446515784321235,0.42263877,0.27174377,445646.9372893811,5696612.3431627,478.9463806152344,-127.10684950915288,-0.21942467235448834,-2.6207728356571205,246,frame_000246.png
8000,8000,86,63,0.7325581395348837,63,1.0,63,63,1.0,445646.99477667926,5696612.095768386,477.80385103308544,0.007860936340875924,-0.32396601885557175,-0.6818362227739385,-127.5655839625268,-0.8201393408197662,4.853215280937813,-1.1547017083873357,-0.5527911548551856,7.317957811547558,0.45675853,0.25463825,63,1.0,445646.99477667594,5696612.095768383,477.80385103338926,0.007860933023039252,-0.32396602164953947,-0.6818362224701104,-127.56558396444858,-0.8201393194304027,4.853215277866267,-1.1547017103091264,-0.5527911334658313,7.317957808476024,0.45675853,0.25463825,445646.9869157429,5696612.419734404,478.4856872558594,-126.41088225413945,-0.26734818596457355,-2.464742530609758,247,frame_000247.png
8000,8000,80,57,0.7125,57,1.0,57,57,1.0,445647.0757249179,5696612.185519486,477.121758745006,-0.019439008960034698,-0.4020484136417508,-0.33499784679088407,-126.39010066104416,0.4130110345749699,5.095599739751516,-1.204332295803738,-0.45734613271545754,7.913818904473317,0.61250347,0.36544377,57,1.0,445647.07572491764,5696612.185519488,477.12175874516396,-0.019439009192865342,-0.40204841177910566,-0.3349978466329162,-126.39010066039988,0.4130110298271229,5.095599734724905,-1.2043322951594462,-0.4573461374633325,7.91381889944671,0.61250347,0.36544377,445647.09516392683,5696612.587567899,477.4567565917969,-125.18576836524043,0.8703571672904415,-2.818219164721798,248,frame_000248.png
8001,8001,97,67,0.6907216494845361,67,1.0,67,67,1.0,445647.13965698634,5696612.2790462375,476.4331549116989,-0.01824454008601606,-0.39631700702011585,-0.47871032267607916,-125.95977254238039,2.147977486475282,6.067939720835091,-1.4618634749767807,-0.4666917163933988,9.627189556819417,0.55546063,0.30306152,67,1.0,445647.13965698634,5696612.2790462375,476.4331549116989,-0.01824454008601606,-0.39631700702011585,-0.47871032267607916,-125.95977254238029,2.14797748647555,6.067939720831886,-1.461863474976667,-0.4666917163931146,9.627189556816205,0.55546063,0.30306152,445647.1579015264,5696612.6753632445,476.911865234375,-124.49790906740361,2.6146692028686784,-3.559249835984324,249,frame_000249.png
8001,8001,102,77,0.7549019607843137,77,1.0,77,75,0.974025974025974,445647.2510238577,5696612.362843762,475.7618609056973,0.014068708580452949,-0.3939343458041549,-0.627390803287085,-126.41795786690217,4.492509364300985,3.915410793878566,-1.3045967502757208,0.18779776088581457,5.515784494750193,0.54355556,0.32640108,75,0.974025974025974,445647.2510238579,5696612.362843762,475.7618609057187,0.014068708813283592,-0.3939343458041549,-0.627390803265655,-126.4179578668685,4.492509363435229,3.915410794638811,-1.3045967502420694,0.18779776002006088,5.515784495510445,0.54355556,0.32640108,445647.2369551491,5696612.756778108,476.3892517089844,-125.11336111662645,4.304711603415176,-1.6003737008716248,250,frame_000250.png
8000,8000,83,61,0.7349397590361446,61,1.0,61,60,0.9836065573770492,445647.3352398869,5696612.421074532,475.1624830351102,0.02100331272231415,-0.40956118796020746,-0.7075731172335509,-127.11399635552661,3.365852020099985,3.5987142393301514,-1.2798545364681218,0.26804868979616003,4.895896413483257,0.6062739,0.37024996,60,0.9836065573770492,445647.335239887,5696612.421074532,475.1624830351122,0.02100331283872947,-0.40956118796020746,-0.7075731172315614,-127.11399635552893,3.365852019853175,3.5987142400468866,-1.2798545364704523,0.2680486895493459,4.895896414199996,0.6062739,0.37024996,445647.31423657417,5696612.83063572,475.87005615234375,-125.83414181905847,3.097803330303838,-1.2971821741531182,251,frame_000251.png
8000,8001,91,74,0.8131868131868132,74,1.0,74,74,1.0,445647.4866165262,5696612.553360847,474.2756113175199,-0.022102591523434967,-0.4467180734500289,-0.3771291609957075,-127.56640933538348,6.362581534927381,3.0733887672014797,-1.2756294264301005,0.44733440123494006,3.877771569548287,0.6166046,0.38613644,74,1.0,445647.4866165262,5696612.553360847,474.2756113175202,-0.022102591523434967,-0.4467180734500289,-0.37712916099542326,-127.56640933538453,6.362581534912504,3.073388767240655,-1.275629426431152,0.4473344012200471,3.8777715695874804,0.6166046,0.38613644,445647.50871911773,5696613.00007892,474.6527404785156,-126.29077990895338,5.915247133692446,-0.8043828023468155,252,frame_000252.png
8000,8001,101,85,0.8415841584158416,85,1.0,85,85,1.0,445647.52345439093,5696612.569690934,474.0442484165581,-0.025829316989984363,-0.45202446915209293,-0.36322228656689504,-127.97525990568873,5.421704508171766,2.1324991869157754,-1.25095763645146,0.205212295736942,1.970644364788967,0.63630944,0.34817204,85,1.0,445647.52345439116,5696612.569690934,474.0442484165471,-0.02582931675715372,-0.45202446915209293,-0.36322228657792266,-127.9752599058094,5.421704507901687,2.132499188795466,-1.2509576365721102,0.2052122954668505,1.9706443666686653,0.63630944,0.34817204,445647.5492837079,5696613.021715404,474.407470703125,-126.72430226923728,5.216492212434837,0.16185482212680968,253,frame_000253.png
8000,8000,85,67,0.788235294117647,67,1.0,67,65,0.9701492537313433,445647.47660816374,5696612.562790852,473.93350304168365,-0.053616575663909316,-0.45929607562720776,-0.21777259308197472,-121.16533958555225,4.575198832411495,2.3694603562059795,-0.4867309443561112,0.15050801553675797,3.048529820363626,0.63964516,0.40578198,65,0.9701492537313433,445647.4766081624,5696612.562790855,473.93350304224856,-0.05361657700268552,-0.45929607283324003,-0.21777259251706482,-121.16533958376665,4.5751988190922,2.369460337297612,-0.4867309425704889,0.15050800221746385,3.0485298014552598,0.63964516,0.40578198,445647.5302247394,5696613.022086928,474.1512756347656,-120.67860864119615,4.42469081687474,-0.6790694641576549,254,frame_000254.png
8001,8000,76,64,0.8421052631578947,64,1.0,64,64,1.0,445647.4845513231,5696612.352083015,474.0577400586135,0.3577671977109276,-0.36858858447521925,-0.19033733396463504,-57.996120128491846,2.4607841180241024,3.537861218145973,-4.801055342372138,-0.05220872275123156,4.455625264598723,0.63528174,0.4208179,64,1.0,445647.48455132253,5696612.352083016,474.05774005880613,0.35776719712885097,-0.3685885835438967,-0.1903373337719927,-57.99612012848016,2.460784111031947,3.5378612179774733,-4.801055342360456,-0.052208729743369986,4.455625264430211,0.63528174,0.4208179,445647.1267841254,5696612.7206716,474.2480773925781,-53.1950647861197,2.5129928407753233,-0.91776404645274,255,frame_000255.png
8000,8000,79,57,0.7215189873417721,57,1.0,57,57,1.0,445646.46047717903,5696612.781695316,457.5919619921454,-0.6122511256253347,0.3590705720707774,-16.673693525432725,140.96351855642445,-5.927748034330185,0.2405995150120208,179.23517246368908,-7.968117106258376,0.47067835885235354,1.0068108,0.77704257,57,1.0,445647.5515134413,5696612.327727372,474.07824535415267,0.47878513665637,-0.09489737171679735,-0.18741016342545436,-38.95675705432438,1.938609666352125,2.5590851870596354,-0.6851031470597491,-0.10175940557607532,2.7891640308999683,0.579047,0.31325382,445647.07272830466,5696612.422624744,474.2656555175781,-38.27165390726463,2.040369071928189,-0.23007884384033955,256,frame_000256.png
8001,8001,66,49,0.7424242424242424,49,1.0,49,49,1.0,445643.84938225953,5696611.212684451,459.35918610391354,-3.252242656366434,-1.14539741165936,-14.911413261320831,144.91164385681407,-17.701709529309152,-22.04975863085103,176.58429383047502,-19.769973519919517,-22.457950928424964,27.047192,21.08449,49,1.0,445647.57899487746,5696612.3510510875,474.08368874789306,0.47736996156163514,-0.007030774839222431,-0.18691061734131154,-32.857444561631326,1.8670011940973248,2.0057872583554865,-1.184794587970373,-0.2012627965130207,1.5975949607815778,0.6983076,0.42365143,445647.1016249159,5696612.358081862,474.2705993652344,-31.672649973660953,2.0682639906103506,0.40819229757392195,257,frame_000257.png
8002,8000,90,63,0.7,63,1.0,63,61,0.9682539682539683,445646.7380407864,5696614.712936648,473.9813561300238,-0.41646552027668804,2.3492514714598656,-0.26742316685118794,-31.682856334233815,-10.598414321018844,8.399191352977457,-0.6865657493874835,-13.887700671073162,4.534210380597187,10.760649,8.638354,61,0.9682539682539683,445647.6415598835,5696612.395528215,474.0627888731876,0.4870535767986439,0.0318430382758379,-0.18599042368737173,-32.25067798853488,3.090777154591076,-1.6577404771741155,-1.254387403688554,-0.19850919546323098,-5.522721449554382,0.6263721,0.35391614,445647.1545063067,5696612.363685177,474.248779296875,-30.996290584846328,3.2892863500543172,3.864980972380263,258,frame_000258.png
8000,8000,83,68,0.8192771084337349,68,1.0,68,68,1.0,445646.72597173305,5696614.683689924,474.1201632543403,-0.5034612242598087,2.2997590797021985,-0.14045686284720205,-31.783639663706605,-8.662776358868062,8.45052400192388,-0.9487939634635438,-13.981161118139283,5.119637271485487,13.740673,9.274799,68,1.0,445647.69020823814,5696612.389850212,474.0690179376147,0.4607752808369696,0.005919368006289005,-0.19160217957278292,-32.134717671933885,5.151460197702739,-1.1578984812203987,-1.299871971690834,-0.1669245615684929,-4.488785211658779,0.6012049,0.34884176,445647.2294329573,5696612.383930844,474.2606201171875,-30.83484570024305,5.3183847592712254,3.330886730438388,259,frame_000259.png
8000,8001,94,75,0.7978723404255319,75,1.0,75,75,1.0,445647.7539257154,5696612.366602701,474.0767324201614,0.47383339441148564,-0.001995042897760868,-0.20161840991670488,-32.052192366056175,7.8056623917268,-0.7689568140334774,-1.3465124652443592,-0.2840292653450831,-3.7432652569789866,0.65767837,0.38770074,75,1.0,445647.7539254759,5696612.366602858,474.0767324539533,0.473833154886961,-0.0019948864355683327,-0.20161837612482714,-32.05219246341616,7.805660447621968,-0.7689567708925384,-1.346512562604346,-0.2840312094499211,-3.7432652138380433,0.6576784,0.38770053,445647.280092321,5696612.368597744,474.2783508300781,-30.705679900811823,8.089691657071885,2.974308442945495,260,frame_000260.png
8001,8000,73,60,0.821917808219178,60,1.0,60,60,1.0,445647.3543894055,5696612.999678326,474.2553490254919,0.00019105290994048119,0.6672504106536508,-0.0461036112268971,-32.40100523277759,5.939211345233249,1.155099147500438,-1.7718653833894678,-5.654166983097241,-2.0998086866526933,4.351281,2.7754977,60,1.0,445647.86498294084,5696612.30032866,474.079519737713,0.5107845882303081,-0.03209925536066294,-0.22193289900582158,-32.0485854757838,11.452258535084214,-0.9977071671926988,-1.4194456263956567,-0.14111979324627555,-4.252615001345816,0.6278875,0.3484026,445647.3541983526,5696612.332427915,474.3014526367188,-30.62913984938814,11.593378328330504,3.254907834153121,261,frame_000261.png
8000,8001,90,65,0.7222222222222222,65,1.0,65,64,0.9846153846153847,445648.6126465974,5696611.856273934,474.1177532242453,0.5735364472493529,-0.035676962696015835,-0.19068793786408378,-32.631546558084025,4.113073711427692,-0.025103696649308702,-1.4245279860240032,-0.24543840094491998,-2.4327960321101045,0.66378295,0.3074457,64,0.9846153846153847,445648.61264659755,5696611.856273933,474.1177532243015,0.5735364474239759,-0.03567696362733841,-0.19068793780786564,-32.63154655803724,4.113073713824484,-0.025103698192252194,-1.424527985977221,-0.24543839854811722,-2.4327960336530623,0.66378295,0.3074457,445648.03911015013,5696611.891950897,474.3084411621094,-31.20701857206002,4.358512112372602,2.4076923354608066,262,frame_000262.png
8002,8000,101,82,0.8118811881188119,82,1.0,82,79,0.9634146341463414,445649.38805750705,5696611.354679455,474.12908952258164,0.5473850885173306,-0.015139803290367126,-0.12005598523086292,-33.34836414938484,-6.3581026150548565,0.028031961755819356,-1.497746932327658,-0.26295477949395263,-2.2737553228310503,0.5295152,0.28536946,79,0.9634146341463414,445649.3880575144,5696611.354679454,474.1290895230303,0.5473850958514959,-0.015139804221689701,-0.12005598478219781,-33.34836414859108,-6.35810256975298,0.028031979716697172,-1.4977469315338965,-0.2629547341920784,-2.2737553048701784,0.5295152,0.28536946,445648.84067241853,5696611.369819258,474.2491455078125,-31.850617217057195,-6.09514783556091,2.3017872845868697,263,frame_000263.png
8000,8001,105,86,0.819047619047619,86,1.0,86,83,0.9651162790697675,445649.45341942186,5696611.313473934,474.1130769728278,0.5247254519490525,-0.0039150528609752655,-0.16271038068782673,-32.870373018934465,-1.3932306258206368,-0.16213452185449576,-1.3824921583166088,-0.45467662056060476,-2.5821828154328728,0.5625656,0.3191696,83,0.9651162790697675,445649.45341942186,5696611.313473934,474.11307697282615,0.5247254519490525,-0.0039150528609752655,-0.1627103806894752,-32.87037301894821,-1.3932306261007694,-0.1621345216308438,-1.3824921583303365,-0.45467662084075755,-2.5821828152092223,0.5625656,0.3191696,445648.9286939699,5696611.317388987,474.2757873535156,-31.48788086061787,-0.9385540052600241,2.4200482935783874,264,frame_000264.png
8002,8000,109,82,0.7522935779816514,82,1.0,82,82,1.0,445649.52900652034,5696611.270876654,474.11517189380186,0.5337416899274103,-0.013562883250415325,-0.1551528132294493,-32.870514976936086,-2.2345963295667963,-0.36358915771418177,-1.5006806118850022,-0.6992908311927692,-3.0611851499043894,0.60368854,0.29805297,82,1.0,445649.5290065206,5696611.270876654,474.11517189382647,0.533741690160241,-0.013562883250415325,-0.1551528132048361,-32.8705149770418,-2.234596327377073,-0.36358915818268334,-1.5006806119907026,-0.6992908290030471,-3.061185150372893,0.60368854,0.29805297,445648.9952648304,5696611.284439538,474.2703247070313,-31.36983436505109,-1.5353054983740144,2.6975959921902155,265,frame_000265.png
8000,8000,108,81,0.75,81,1.0,81,81,1.0,445649.5683415754,5696611.233484282,474.1085745739213,0.4823281390708871,0.010347794741392136,-0.1763985706099902,-32.649350662240735,0.7330982007946525,0.007859158892018062,-1.4289530464840254,-0.22178305525832798,-2.30222313332996,0.7009505,0.3943037,81,1.0,445649.5683415754,5696611.233484282,474.10857457392166,0.4823281390708871,0.010347794741392136,-0.17639857060964914,-32.649350662241815,0.733098200811727,0.007859158860760967,-1.4289530464851055,-0.22178305524124653,-2.302223133361224,0.7009505,0.3943037,445649.0860134363,5696611.223136487,474.2849731445313,-31.220397615756706,0.9548812560529722,2.3100822922219773,266,frame_000266.png
8000,8000,104,92,0.8846153846153846,92,1.0,92,91,0.9891304347826086,445649.56958322134,5696611.228140129,474.11077278760854,0.4730786280706525,0.011026608757674694,-0.17023307176646085,-32.69187227420495,0.3476437552541759,0.1365931620166825,-1.453676873944005,-0.30158573600724026,-2.0493111965856485,0.6241868,0.33581758,91,0.9891304347826086,445649.56958322105,5696611.228140129,474.11077278760456,0.4730786277796142,0.011026608757674694,-0.1702330717704399,-32.691872274171544,0.347643752983459,0.1365931619762132,-1.4536768739106094,-0.3015857382779359,-2.0493111966260926,0.6241868,0.33581758,445649.09650459327,5696611.21711352,474.281005859375,-31.238195400260935,0.6492294912614067,2.185904358602319,267,frame_000267.png
8000,8000,119,94,0.7899159663865546,94,1.0,94,94,1.0,445649.55657702714,5696611.223695413,474.1118480453681,0.44515034346841276,0.01473312545567751,-0.1705311050225191,-32.705590082684346,0.3925540666869692,-0.15294746106555182,-1.4454895075283787,-0.39464968035179027,-2.571056083360048,0.62887836,0.42609036,94,1.0,445649.5565770224,5696611.223695411,474.1118480456806,0.4451503387535922,0.01473312359303236,-0.17053110471005084,-32.705590082380645,0.3925540449493302,-0.15294748381323484,-1.4454895072246643,-0.3946497020894526,-2.571056106107733,0.62887836,0.42609036,445649.11142668367,5696611.208962288,474.2823791503906,-31.260100575155978,0.78720374703877,2.4181086222945067,268,frame_000268.png
8000,8001,119,89,0.7478991596638656,89,1.0,89,89,1.0,445649.5670390449,5696611.195161117,474.11789659464694,0.46367870998801664,0.0001534903421998024,-0.16924329793118886,-32.68547913851011,0.6224669608386331,0.543075838879631,-1.5184006100211604,-0.26634786540779487,-1.2063084107417978,0.6026285,0.39620158,89,1.0,445649.5670390449,5696611.195161117,474.1178965946551,0.46367870998801664,0.0001534903421998024,-0.1692432979230034,-32.685479138520456,0.6224669612842911,0.5430758385352874,-1.518400610031506,-0.26634786496211404,-1.2063084110861269,0.6026285,0.39620158,445649.10336033494,5696611.195007627,474.2871398925781,-31.167078528488954,0.8888148262464176,1.7493842496214234,269,frame_000269.png
8000,8001,112,81,0.7232142857142857,81,1.0,81,81,1.0,445649.50742825854,5696611.233786046,474.11159518898523,0.459150671842508,0.01620306447148323,-0.18546291648357283,-33.11916580625291,1.0907287118895674,0.13697406800779524,-1.5328303865232442,-0.27728318913619887,-2.0566043644835474,0.61663896,0.3805581,81,1.0,445649.5074282586,5696611.233786046,474.11159518898484,0.4591506719007157,0.01620306447148323,-0.18546291648397073,-33.119165806256866,1.09072871233918,0.1369740681713582,-1.5328303865271948,-0.27728318868659585,-2.0566043643199805,0.61663896,0.3805581,445649.0482775867,5696611.217582981,474.2970581054688,-31.58633541972968,1.3680119010257712,2.1935784324913374,270,frame_000270.png
8001,8000,132,108,0.8181818181818182,108,1.0,108,108,1.0,445649.4928793579,5696611.235929928,474.1142733787867,0.45890208677155897,0.003971305675804615,-0.17784087902577994,-33.03965701524885,1.0917259215546808,0.5544466249214188,-1.5267947231029382,-0.2922342103610731,-1.2219467188445208,0.6341006,0.49042186,108,1.0,445649.4928793583,5696611.235929928,474.114273378766,0.4589020871790126,0.003971305675804615,-0.1778408790465278,-33.03965701524753,1.0917259238146286,0.5544466265846865,-1.5267947231016024,-0.2922342081011209,-1.221946717181254,0.6341006,0.49042186,445649.0339772711,5696611.231958622,474.2921142578125,-31.51286229214591,1.3839601319157562,1.7763933437659434,271,frame_000271.png
8000,8001,117,96,0.8205128205128205,96,1.0,96,96,1.0,445649.43987286644,5696611.257823247,474.1272900192924,0.45904421393061057,0.016443832777440548,-0.18142580102011152,-32.9381585525362,1.4452666758453354,0.8956883794141297,-1.5857676611679494,-0.34169181808357507,-0.6290544849520643,0.6218831,0.32889673,96,1.0,445649.43987286586,5696611.257823247,474.12729001925896,0.45904421334853396,0.016443832777440548,-0.18142580105353545,-32.93815855237632,1.4452666709826651,0.8956883801605562,-1.585767661008049,-0.34169182294624534,-0.6290544842056249,0.6218831,0.32889673,445648.9808286525,5696611.241379415,474.3087158203125,-31.352390891368263,1.7869584939289112,1.524742864366182,272,frame_000272.png
8000,8000,114,96,0.8421052631578947,96,1.0,96,96,1.0,445649.432768311,5696611.274634272,474.1263958301336,0.45871908229310066,0.0288084102794528,-0.18766056635075756,-32.90197799167061,1.9773535530603885,0.837749439644514,-1.5917388797113574,-0.33085541251924155,-0.7824622296922712,0.6384871,0.4235889,96,1.0,445649.4327683108,5696611.274634272,474.12639583013856,0.4587190821184777,0.0288084102794528,-0.18766056634581219,-32.90197799164095,1.9773535520597383,0.8377494390157526,-1.5917388796816851,-0.3308554135199131,-0.7824622303210447,0.6384871,0.4235889,445648.9740492287,5696611.245825862,474.3140563964844,-31.310239111959266,2.308208965579641,1.6202116693367994,273,frame_000273.png
8001,8001,106,88,0.8301886792452831,88,1.0,88,88,1.0,445649.43295111525,5696611.273800849,474.12713620071,0.4616114405216649,0.022334790788590908,-0.18518069382128033,-32.77003425546082,1.7754471952457576,1.047824932758822,-1.572901319616136,-0.29398393398480493,-0.3394429036097506,0.6371739,0.37338862,88,1.0,445649.43295111525,5696611.273800849,474.12713620070997,0.4616114405216649,0.022334790788590908,-0.18518069382133717,-32.77003425546015,1.7754471952094557,1.0478249327624698,-1.5729013196154824,-0.29398393402109946,-0.3394429036060842,0.6371739,0.37338862,445648.9713396747,5696611.251466058,474.3123168945313,-31.197132935844685,2.0694311292305634,1.3872678363685595,274,frame_000274.png
8000,8000,119,99,0.8319327731092437,99,1.0,99,99,1.0,445649.4533190262,5696611.270015886,474.127357774246,0.48020341229857877,0.015002158470451832,-0.18505067301964573,-32.775838188946416,1.4714123743664063,0.7494608107925337,-1.5741917719612957,-0.21259553269266007,-0.9337687657193214,0.6448646,0.36165094,99,1.0,445649.4533190264,5696611.270015886,474.12735777425445,0.48020341247320175,0.015002158470451832,-0.18505067301117606,-32.77583818899155,1.4714123757636113,0.749460810924863,-1.5741917720064293,-0.21259553129544884,-0.93376876558699,0.6448646,0.36165094,445648.9731156139,5696611.255013728,474.3124084472656,-31.201646416985135,1.6840079070590626,1.6832295765118446,275,frame_000275.png
8000,8000,106,92,0.8679245283018868,92,1.0,92,92,1.0,445649.4500891847,5696611.280869857,474.1205626485931,0.46456368803046644,0.016900972463190556,-0.1854981424225457,-32.93374461352108,1.412707415139688,0.26608814538934145,-1.6011111540713898,-0.2786326249705553,-1.847333748877304,0.6897092,0.41165993,92,1.0,445649.4500891849,5696611.280869857,474.1205626486012,0.4645636882632971,0.016900972463190556,-0.1854981424144171,-32.933744613549656,1.4127074164455722,0.26608814634315636,-1.601111154099982,-0.278632623664663,-1.8473337479235,0.6897092,0.41165993,445648.98552549665,5696611.263968885,474.3060607910156,-31.33263345944968,1.6913400401102487,2.1134218942666436,276,frame_000276.png
8001,8000,118,93,0.788135593220339,93,1.0,93,93,1.0,445649.4645251128,5696611.290293279,474.120561332109,0.47507047693943605,0.023455383256077766,-0.18571308195350866,-32.91125882909271,1.7588621702619593,0.21132047096596399,-1.589595582195244,-0.23141499484344763,-2.008785215865771,0.6380994,0.37783265,93,1.0,445649.4645251132,5696611.290293279,474.12056133213116,0.475070477288682,0.023455383256077766,-0.18571308193133973,-32.911258829167004,1.7588621731923573,0.21132047071084342,-1.5895955822695385,-0.2314149919130557,-2.0087852161208843,0.6380994,0.37783265,445648.9894546359,5696611.266837896,474.3062744140625,-31.32166324689747,1.9902771651054156,2.2201056868317357,277,frame_000277.png
8000,8000,122,94,0.7704918032786885,94,1.0,94,94,1.0,445649.4619504902,5696611.27926562,474.1221702259312,0.4659223170601763,0.008309278637170792,-0.18242572133442536,-32.82714115016775,1.4324258313054554,0.5635293672648096,-1.5912301167946055,-0.3015442783656397,-1.2136148731400738,0.6559878,0.40214014,94,1.0,445649.4619504907,5696611.27926562,474.1221702259159,0.46592231758404523,0.008309278637170792,-0.18242572134971624,-32.82714115024521,1.4324258339719302,0.5635293690664424,-1.591230116872083,-0.3015442756991433,-1.2136148713384216,0.6559878,0.40214014,445648.99602817313,5696611.270956341,474.3045959472656,-31.23591103337313,1.733970109671085,1.777144240404874,278,frame_000278.png
8000,8000,104,84,0.8076923076923077,84,1.0,84,84,1.0,445649.47740785376,5696611.277668618,474.12161248593037,0.46725601964863017,0.008847484365105629,-0.17419439883525456,-32.860077302282576,1.47243063488802,0.360400931496878,-1.6251028911494245,-0.2593660663314097,-1.61997336107504,0.5869735,0.29340935,84,1.0,445649.47740785324,5696611.277668618,474.121612485937,0.4672560191247612,0.008847484365105629,-0.17419439882860388,-32.86007730208669,1.4724306318807303,0.3604009297318851,-1.625102890953542,-0.25936606933871076,-1.6199733628400281,0.5869735,0.29340935,445649.0101518341,5696611.268821133,474.2958068847656,-31.234974411133145,1.7317967012194329,1.9803742925719265,279,frame_000279.png
8000,8000,117,94,0.8034188034188035,94,1.0,94,94,1.0,445649.4839782684,5696611.273880433,474.11741487578337,0.47223800054052845,0.007117424160242081,-0.17811735077913227,-32.759600400486384,1.6484483179352316,0.4821917977242437,-1.6088077087388513,-0.19936861882729318,-1.351804744033842,0.5958031,0.3945127,94,1.0,445649.4839782689,5696611.273880433,474.11741487575875,0.4722380010643974,0.007117424160242081,-0.17811735080374547,-32.75960040047568,1.648448321081922,0.48219179926710426,-1.6088077087281363,-0.19936861568061204,-1.3518047424909696,0.5958031,0.3945127,445649.01174026786,5696611.266763009,474.2955322265625,-31.150792691747544,1.84781693676253,1.8339965417580875,280,frame_000280.png
8000,8000,119,98,0.8235294117647058,98,1.0,98,98,1.0,445649.49454102473,5696611.291063722,474.11341834212845,0.476070036937017,0.02474440075457096,-0.1788485035746703,-32.9428361678919,1.678762791889869,0.025070188930734438,-1.6453661059585443,-0.25071328893935174,-2.3309009668734006,0.63462025,0.4468268,98,1.0,445649.4945410523,5696611.291063712,474.11341834219684,0.47607006452744827,0.02474439051002264,-0.17884850350628767,-32.94283616959047,1.6787629790619232,0.025070228536758186,-1.6453661076571393,-0.2507131017672748,-2.330900927267379,0.6346202,0.44682676,445649.0184709878,5696611.2663193215,474.2922668457031,-31.297470061933346,1.9294760808292069,2.355971155804131,281,frame_000281.png
8000,8000,126,100,0.7936507936507936,100,1.0,100,100,1.0,445649.5055510916,5696611.290305432,474.10883429244507,0.48461588006466627,0.02228537481278181,-0.18501946732055785,-33.165373513941034,1.173684396474617,-0.4122660770595488,-1.6220391998880928,-0.2416062213497412,-3.211548012872612,0.5861866,0.32442212,100,1.0,445649.50555109273,5696611.290305431,474.10883429249674,0.48461588117061183,0.022285373881459236,-0.18501946726888718,-33.16537351428994,1.17368440450567,-0.41226607636867174,-1.6220392002369977,-0.2416062133186756,-3.211548012181737,0.5861866,0.32442212,445649.02093521156,5696611.268020057,474.2938537597656,-31.543334314052938,1.415290617824347,2.7992819358130676,282,frame_000282.png
8000,8000,119,97,0.8151260504201681,97,1.0,97,97,1.0,445649.51542292326,5696611.271638871,474.11282354078685,0.48085505719063804,0.01113438792526722,-0.17535394944752625,-32.973841741191066,1.6583700904226777,0.4071725179686556,-1.5980926154439317,-0.20686057289896098,-1.5365903789001436,0.5582929,0.2853693,97,1.0,445649.51542292314,5696611.271638872,474.11282354076445,0.4808550570742227,0.011134388856589794,-0.17535394946992255,-32.97384174112751,1.6583700886486752,0.4071725191447792,-1.5980926153803807,-0.20686057467298724,-1.5365903777239964,0.5582929,0.2853693,445649.03456786607,5696611.260504483,474.2881774902344,-31.37574912574714,1.8652306633216484,1.9437628968687863,283,frame_000283.png
8001,8000,105,87,0.8285714285714286,87,1.0,87,87,1.0,445649.52592430345,5696611.281494198,474.10423605447943,0.4785125901689753,0.019569790922105312,-0.17985208028619581,-33.084927422541725,1.632556356287819,-1.2291621672942388,-1.6319774126443463,-0.17412829862348644,-4.846070247724128,0.60123885,0.3973215,87,1.0,445649.5259243028,5696611.281494198,474.1042360544993,0.478512589528691,0.019569790922105312,-0.17985208026630062,-33.08492742259038,1.63255635291485,-1.2291621697833361,-1.6319774126930042,-0.17412830199646123,-4.8460702502132165,0.60123885,0.3973215,445649.0474117133,5696611.261924407,474.2840881347656,-31.45295000989738,1.8066846549113098,3.6169080804298925,284,frame_000284.png
8000,8001,126,99,0.7857142857142857,99,1.0,99,98,0.98989898989899,445649.52839827817,5696611.276868368,474.10776677666604,0.4764860124560073,0.013839812949299812,-0.17070612372458527,-32.987190671215025,1.4017080592934548,-0.7796815636045188,-1.611339979910099,-0.2388372046645202,-3.931011534600003,0.6170636,0.30776292,98,0.98989898989899,445649.52839827805,5696611.2768683685,474.10776677666104,0.476486012339592,0.013839813880622387,-0.1707061237295875,-32.987190671190284,1.4017080582036407,-0.7796815637445238,-1.611339979885372,-0.23883720575435063,-3.9310115347400085,0.6170636,0.30776292,445649.0519122657,5696611.263028555,474.2784729003906,-31.37585069130492,1.6405452639579794,3.1513299709954894,285,frame_000285.png
8000,8000,101,74,0.7326732673267327,74,1.0,74,74,1.0,445649.53295916773,5696611.293366118,474.1039714244942,0.47437818231992424,0.024274404160678387,-0.1822224231620453,-32.937099337701575,2.5900185429143248,-0.6952892360458411,-1.6475748700732424,-0.20273890081969625,-3.8373766035452945,0.5703125,0.35828704,74,1.0,445649.5329591677,5696611.293366119,474.10397142443924,0.4743781822617166,0.02427440509200096,-0.18222242321701287,-32.937099337596,2.5900185396661235,-0.6952892320357853,-1.6475748699676842,-0.20273890406789974,-3.837376599535247,0.5703125,0.35828704,445649.0585809854,5696611.269091714,474.28619384765625,-31.28952446762833,2.7927574437340295,3.1420873674994576,286,frame_000286.png
8000,8000,114,97,0.8508771929824561,97,1.0,97,97,1.0,445649.53421127127,5696611.306581461,474.0953442155587,0.47569544275756925,0.030231925658881664,-0.1801074445975246,-32.65447093325914,2.276144054940621,-1.8118929020868697,-1.605704863976399,-0.17295993460530212,-6.016459205776698,0.6357517,0.34420395,97,1.0,445649.5342112711,5696611.306581461,474.0953442155571,0.47569544258294627,0.030231925658881664,-0.18010744459917305,-32.65447093324344,2.276144053551979,-1.8118929024997223,-1.6057048639607103,-0.17295993599395842,-6.016459206189552,0.6357517,0.34420395,445649.0585158285,5696611.276349535,474.27545166015625,-31.04876606928273,2.449103989545932,4.204566303689834,287,frame_000287.png
8000,8000,108,88,0.8148148148148148,88,1.0,88,88,1.0,445649.55843321205,5696611.325910244,474.08368947545955,0.4856435244437307,0.04062218405306339,-0.17949411829044948,-32.630059156302046,1.7158911371524037,-1.7355429867747576,-1.6168639451959734,-0.20469405424915976,-5.899408459446391,0.6153358,0.3647817,88,1.0,445649.55843321193,5696611.325910244,474.08368947545864,0.4856435243273154,0.04062218405306339,-0.17949411829135897,-32.63005915630628,1.715891135915081,-1.7355429869482304,-1.6168639452002083,-0.20469405548647046,-5.899408459619849,0.6153358,0.3647817,445649.0727896876,5696611.28528806,474.26318359375,-31.013195211106066,1.9205851914015653,4.163865472671623,288,frame_000288.png
8000,8000,106,86,0.8113207547169812,86,1.0,86,86,1.0,445649.5892167675,5696611.318751309,474.08572867146995,0.4866214416688308,0.025482160039246082,-0.17257210978004878,-32.647980896916756,1.1348234659076595,-1.8725721353797864,-1.5905155788931609,-0.20270266793369274,-6.11539485879095,0.57940525,0.3594214,86,1.0,445649.589216771,5696611.318751308,474.08572867154004,0.48662144516129047,0.025482159107923508,-0.17257210970996084,-32.647980897230184,1.134823486946107,-1.872572126140381,-1.590515579206567,-0.20270264689523287,-6.115394849551535,0.57940525,0.3594214,445649.10259532585,5696611.293269149,474.25830078125,-31.057465318023603,1.3375261338413438,4.242822723411152,289,frame_000289.png
8000,8000,128,110,0.859375,110,1.0,110,110,1.0,445649.6051013806,5696611.316265135,474.0876641062393,0.49112838658038527,0.022431702353060246,-0.16544868672951907,-32.83372238916539,0.5759938870127521,-1.935947682124018,-1.6085263509043557,-0.22151546713811854,-6.257410494753714,0.6329672,0.3959711,110,1.0,445649.60510138056,5696611.316265135,474.0876641062387,0.4911283865221776,0.022431702353060246,-0.1654486867300875,-32.833722389163725,0.5759938868175736,-1.9359476821774102,-1.6085263509027072,-0.22151546733331884,-6.25741049480709,0.6329672,0.3959711,445649.11397299403,5696611.293833433,474.2531127929688,-31.225196038261032,0.7975093541508822,4.321462812629685,290,frame_000290.png
8000,8000,123,96,0.7804878048780488,96,1.0,96,96,1.0,445649.6098969622,5696611.306124194,474.0904147337834,0.484609522507526,0.012371164746582508,-0.1642239380915953,-32.82742067804692,0.9235528114454833,-1.6204428611589954,-1.6091708924520844,-0.20054460908843907,-5.621500983345328,0.5826916,0.3175959,96,1.0,445649.6098969623,5696611.306124194,474.09041473378517,0.4846095226239413,0.012371164746582508,-0.16422393808983315,-32.82742067806217,0.9235528118224209,-1.6204428609197787,-1.6091708924673185,-0.20054460871148194,-5.6215009831061025,0.5826916,0.3175959,445649.1252874397,5696611.293753029,474.254638671875,-31.218249785594846,1.1240974205339131,4.001058122186322,291,frame_000291.png
8001,8000,119,98,0.8235294117647058,98,1.0,98,98,1.0,445649.6086199425,5696611.305697521,474.08925463246476,0.47480195632670075,0.026668274775147438,-0.17313550425404856,-32.56147835377064,1.0648591873250222,-1.5425621035670307,-1.6098928264369192,-0.31167307583567094,-5.423817186666184,0.63595283,0.3467468,98,1.0,445649.60861994204,5696611.305697522,474.0892546324709,0.47480195586103946,0.026668275706470013,-0.17313550424790947,-32.56147835373009,1.0648591840834434,-1.542562104312146,-1.6098928263963614,-0.31167307907725217,-5.423817187411316,0.63595283,0.3467468,445649.1338179862,5696611.279029246,474.2623901367188,-30.95158552733373,1.3765322631607022,3.8812550830991563,292,frame_000292.png
8000,8001,109,78,0.7155963302752294,78,1.0,78,76,0.9743589743589743,445648.7641761085,5696612.588522613,473.85350433707947,-0.3710742508410476,1.3136802092194557,-0.41016753792052896,-32.08501662313216,-8.384740215585337,2.7433350902029674,-1.201865370415959,-9.579230580384348,-1.0365856843913548,11.0348215,6.695115,76,0.9743589743589743,445649.61673538346,5696611.296757907,474.0932305161642,0.4814850240945816,0.021915502846240997,-0.17044135883577383,-32.49044631077763,0.9323743963972618,-1.4393766479385062,-1.6072950580614247,-0.26211596840175844,-5.219297422532833,0.63003683,0.39202508,445649.13525035937,5696611.274842404,474.263671875,-30.883151252716207,1.19449036479901,3.7799207745943133,293,frame_000293.png
8000,8000,116,83,0.7155172413793104,83,1.0,83,83,1.0,445649.6267934343,5696611.299572306,474.0904254156719,0.4871240943321027,0.028521496802568436,-0.1750775140155838,-32.66580641168741,0.8746178506947752,-1.43033945831956,-1.5615182848346478,-0.16747406762746664,-5.274197700841285,0.6595487,0.3325298,83,1.0,445649.6267934343,5696611.299572306,474.09042541567203,0.4871240943321027,0.028521496802568436,-0.17507751401547011,-32.665806411687086,0.8746178506743066,-1.4303394583291944,-1.5615182848343068,-0.16747406764793027,-5.2741977008509195,0.6595487,0.3325298,445649.13966934,5696611.271050809,474.2655029296875,-31.104288126852772,1.042091918322245,3.8438582425217307,294,frame_000294.png
8000,8000,125,102,0.816,102,1.0,102,101,0.9901960784313726,445649.62377468654,5696611.285635274,474.090463653901,0.4791778990183957,0.01566828414797783,-0.1745509945365029,-32.89218201343722,0.10893418802837912,-1.406737037106235,-1.6206761213493337,-0.30888399306408587,-5.190989590490517,0.6544563,0.34696472,101,0.9901960784313726,445649.6237746866,5696611.285635274,474.0904636538979,0.47917789907660335,0.01566828414797783,-0.17455099453957246,-32.89218201343495,0.10893418825796002,-1.4067370364783869,-1.62067612134706,-0.3088839928344953,-5.190989589862653,0.6544563,0.34696472,445649.1445967875,5696611.26996699,474.2650146484375,-31.271505892087898,0.4178181810924689,3.7842525533842704,295,frame_000295.png
8000,8000,108,77,0.7129629629629629,77,1.0,77,77,1.0,445649.638461043,5696611.270174125,474.0921195555224,0.4761411505751312,0.019210572354495525,-0.1605965089307233,-32.822787962915235,-0.12766542108919093,-0.9987908082572104,-1.5775095802769101,-0.23188895239889007,-4.366665187570931,0.6463191,0.32710305,77,1.0,445649.63846104307,5696611.270174125,474.09211955552405,0.47614115063333884,0.019210572354495525,-0.16059650892907484,-32.822787962918916,-0.12766542063008426,-0.9987908079832684,-1.577509580280605,-0.2318889519397942,-4.366665187297002,0.6463191,0.32710305,445649.16231989244,5696611.250963553,474.2527160644531,-31.24527838263832,0.10422353130970213,3.367874379313725,296,frame_000296.png
8000,8000,120,102,0.85,102,1.0,102,102,1.0,445649.65459132526,5696611.247619481,474.0929096317335,0.4849835073109716,0.007376938126981258,-0.1542522335008698,-32.98165403967482,-0.21396073868184354,-0.9245591998958098,-1.5754029698933891,-0.21900919587790213,-4.240863400799327,0.6158248,0.31623283,102,1.0,445649.6545913253,5696611.247619481,474.09290963173004,0.4849835073691793,0.007376938126981258,-0.15425223350433725,-32.98165403967193,-0.21396073829058285,-0.9245591996414179,-1.5754029698904901,-0.21900919548664888,-4.240863400544924,0.6158248,0.31623283,445649.16960781795,5696611.240242543,474.2471618652344,-31.40625106978143,0.00504845719605829,3.316304200903512,297,frame_000297.png
8000,8000,129,97,0.751937984496124,97,1.0,97,97,1.0,445699.705413701,5696643.379995902,443.9938251633715,50.53516679315362,32.15205364115536,-30.25956228780035,-85.24938714334566,10.115532985828489,173.36954808574373,-53.85075325752244,10.120830352341216,170.10700940076134,264.20752,116.568825,97,1.0,445649.6487518204,5696611.23598941,474.0918839636277,0.47850491252029315,0.008047149516642094,-0.16150348754416655,-32.98556066639417,-0.2667144241173246,-0.859749605242742,-1.5869267805709626,-0.26141705760460354,-4.1222882902251285,0.61214036,0.32079926,445649.17024690786,5696611.227942261,474.2533874511719,-31.398633885823212,-0.005297366512713785,3.262538684982391,298,frame_000298.png
8000,8000,100,77,0.77,77,1.0,77,76,0.987012987012987,445649.64464843046,5696611.189266607,474.0969967871438,0.4773611452546902,0.007332826033234596,-0.17052030269996976,-32.73075598947372,-0.4156364150098921,0.07668188033969937,-1.577811351489629,-0.23134812664935112,-2.1661317718007638,0.67862177,0.34843868,76,0.987012987012987,445649.64464843046,5696611.189266607,474.09699678714384,0.4773611452546902,0.007332826033234596,-0.17052030269991292,-32.730755989473785,-0.4156364150116227,0.07668188033591845,-1.5778113514896859,-0.23134812665108484,-2.166131771804544,0.67862177,0.34843868,445649.1672872852,5696611.181933781,474.26751708984375,-31.152944637984096,-0.1842882883605305,2.242813652140466,299,frame_000299.png
8000,8000,109,86,0.7889908256880734,86,1.0,86,80,0.9302325581395349,445649.63374921575,5696611.186712596,474.0970569261286,0.4727719316724688,0.016219272278249264,-0.1778759351995518,-32.69769067162197,-0.3234166531973675,0.052392127841313266,-1.623579892615851,-0.33197234362873473,-2.2815196826690567,0.5472989,0.32660535,80,0.9302325581395349,445649.63374921656,5696611.186712597,474.0970569260483,0.47277193248737603,0.01621927320957184,-0.1778759352798147,-32.697690671744084,-0.323416650843886,0.05239213373647352,-1.6235798927379506,-0.3319723412752751,-2.2815196767738826,0.5472989,0.32660535,445649.1609772841,5696611.170493323,474.2749328613281,-31.07411077900612,0.00855569043137685,2.333911810510361,300,frame_000300.png
8000,8000,114,82,0.7192982456140351,82,1.0,82,82,1.0,445649.62646400044,5696611.193067137,474.0987388390706,0.471148002310656,0.020688402466475964,-0.1804664831950049,-32.86266067316086,0.43759314664489185,-0.7459077220147248,-1.5427794814105198,-0.24380277195751887,-3.8315828417476894,0.67623687,0.3573662,82,1.0,445649.62646400154,5696611.193067137,474.0987388389994,0.47114800341660157,0.020688402466475964,-0.18046648326622972,-32.862660673278874,0.4375931529896228,-0.7459077179328995,-1.5427794815285552,-0.24380276561279857,-3.8315828376658487,0.67623687,0.3573662,445649.1553159981,5696611.172378735,474.2792053222656,-31.319881191750333,0.6813959186024197,3.085675119732954,301,frame_000301.png
8000,8000,108,91,0.8425925925925926,91,1.0,91,91,1.0,445649.5377975383,5696611.210572247,474.1026828226639,0.4407178368419409,0.01062897127121687,-0.17194486288298094,-33.01801695956068,1.078705997969134,0.03192639522636547,-1.59280927344426,-0.3739571844682814,-2.2404446319901297,0.64292085,0.3842885,91,1.0,445649.53779753915,5696611.210572247,474.1026828226192,0.4407178377150558,0.01062897127121687,-0.17194486292765987,-33.018016959661594,1.078706003063967,0.031926397268271955,-1.5928092735451571,-0.3739571793734626,-2.240444629948229,0.64292085,0.3842885,445649.09707970143,5696611.199943276,474.2746276855469,-31.425207686116433,1.452663182437429,2.2723710272165,302,frame_000302.png
8000,8000,112,84,0.75,84,1.0,84,84,1.0,445649.51844523055,5696611.235832487,474.0986073525552,0.44268766086315736,0.027698754332959652,-0.17782087010107261,-32.96182746645966,1.8364217871731439,-0.4854926818193679,-1.579130815459564,-0.24982123158272884,-3.2756006274872504,0.5947154,0.3781706,84,1.0,445649.51844523003,5696611.235832487,474.098607352575,0.4426876603392884,0.027698754332959652,-0.17782087008123426,-32.96182746642929,1.836421784807285,-0.48549268424735065,-1.5791308154292096,-0.24982123394858036,-3.275600629915232,0.5947154,0.3781706,445649.0757575697,5696611.208133733,474.27642822265625,-31.382696651000092,2.086243018755867,2.7901079456678763,303,frame_000303.png
8000,8000,107,83,0.7757009345794392,83,1.0,83,82,0.9879518072289156,445649.49983998266,5696611.242814298,474.1021338857012,0.471812590258196,0.022878311574459076,-0.19001088968940394,-33.018062289835235,1.9435455448083903,-0.5961319551259766,-1.5687892981451341,-0.2360688474948347,-3.5912203674934062,0.5741428,0.31312734,82,0.9879518072289156,445649.4998399834,5696611.242814298,474.1021338857579,0.4718125910148956,0.022878311574459076,-0.19001088963273105,-33.018062289988144,1.9435455507011057,-0.5961319556793545,-1.568789298298043,-0.23606884160210484,-3.5912203680468053,0.5741428,0.31312734,445649.0280273924,5696611.219935986,474.2921447753906,-31.449272991690098,2.1796143923032236,2.995088412367441,304,frame_000304.png
8000,8000,104,92,0.8846153846153846,92,1.0,92,91,0.9891304347826086,445649.473667662,5696611.247868715,474.1073918196698,0.4617412642692216,0.020622852258384228,-0.18759109048647815,-33.10440513529302,1.836973515371003,0.10414663992195804,-1.5990135313772385,-0.2659082649318236,-2.2913577452586082,0.65317637,0.34794116,91,0.9891304347826086,445649.4736676631,5696611.247868715,474.10739181963794,0.46174126537516713,0.020622852258384228,-0.18759109051831047,-33.10440513529978,1.8369735226117148,0.1041466423962687,-1.5990135313840028,-0.26590825769110893,-2.2913577427842995,0.65317637,0.34794116,445649.01192639774,5696611.227245863,474.29498291015625,-31.505391603915772,2.1028817803028343,2.3955043851805757,305,frame_000305.png
8000,8000,109,84,0.7706422018348624,84,1.0,84,84,1.0,445647.59583574126,5696614.800350626,470.8080425721145,-1.4010085260379128,3.567862303927541,-3.490571929838609,-25.089790324289222,-28.04328153036499,21.342973070743916,6.477914657548411,-30.186977027993237,19.080427065326887,66.285866,38.477238,84,1.0,445649.4547989821,5696611.247049977,474.10873692618964,0.4579547147732228,0.01456165499985218,-0.1898775757634894,-33.16311251702034,1.8336455036263812,0.11768062107028286,-1.5954075351826873,-0.31004999400187216,-2.14486538434673,0.61457133,0.34122026,445648.9968442673,5696611.232488322,474.2986145019531,-31.567704981837643,2.1436954976282583,2.2625460054170166,306,frame_000306.png
8000,8000,112,95,0.8482142857142857,95,1.0,95,95,1.0,445649.41575643345,5696611.275829777,474.1117765011156,0.45650345558533445,0.027836511842906475,-0.18177208286874702,-32.88346026964331,2.3513740056082417,0.04844368510143637,-1.5489892632509736,-0.34156419745087874,-2.327398589668462,0.56209457,0.33444232,95,1.0,445649.41575643345,5696611.275829777,474.111776501115,0.45650345558533445,0.027836511842906475,-0.1817720828693723,-32.88346026964141,2.3513740053787404,0.04844368502980678,-1.5489892632490694,-0.34156419768038404,-2.327398589740085,0.56209457,0.33444232,445648.95925297786,5696611.247993265,474.2935485839844,-31.334471006392334,2.692938203059127,2.375842274769885,307,frame_000307.png
8000,8000,105,79,0.7523809523809524,79,1.0,79,79,1.0,445649.4198707645,5696611.28448956,474.1108564156771,0.47066522744717076,0.023276970721781254,-0.18205129916663054,-32.911667007848585,2.710503993119288,-0.7723687753806985,-1.583156601991334,-0.23831826642415876,-3.949336306774285,0.62075603,0.3263525,79,1.0,445649.4198707644,5696611.284489561,474.1108564156753,0.4706652273889631,0.02327697165310383,-0.18205129916844953,-32.91166700784554,2.7105039924384338,-0.7723687754153076,-1.5831566019882644,-0.23831826710500081,-3.9493363068089025,0.62075603,0.3263525,445648.94920553704,5696611.261212589,474.29290771484375,-31.328510405857266,2.9488222595434337,3.176967531393592,308,frame_000308.png
8001,8000,96,74,0.7708333333333334,74,1.0,74,74,1.0,445649.47089305805,5696611.28983387,474.1094070202407,0.49334683339111507,0.018558062613010406,-0.1754135363999012,-32.75489316669565,1.4464075720994534,-1.4075771287053696,-1.606215343016828,-0.14704148706454134,-5.224782464022468,0.6967912,0.4256963,74,1.0,445649.47089305735,5696611.28983387,474.10940702023413,0.49334683269262314,0.018558062613010406,-0.17541353640649504,-32.75489316661731,1.4464075669871481,-1.4075771288011873,-1.6062153429384693,-0.14704149217683948,-5.224782464118277,0.6967912,0.4256963,445648.97754622466,5696611.271275807,474.2848205566406,-31.14867782367883,1.593449059163993,3.817205335317096,309,frame_000309.png
8000,8000,121,93,0.768595041322314,93,1.0,93,88,0.946236559139785,445649.46849852626,5696611.30410447,474.1092592236598,0.47393434680998325,0.03583118226379156,-0.17934551266830567,-32.72268435852713,1.0289606680402734,-1.5078510908452005,-1.6057084097496386,-0.37109981562272765,-5.399028499524746,0.58340394,0.31273672,88,0.946236559139785,445649.4684985261,5696611.304104471,474.1092592236294,0.47393434663536027,0.035831183195114136,-0.1793455126987169,-32.72268435848198,1.0289606660296655,-1.5078510897606856,-1.6057084097044765,-0.3710998176333362,-5.399028498440231,0.58340394,0.31273672,445648.99456417945,5696611.268273287,474.2886047363281,-31.11697594877749,1.4000604836630097,3.8911774086795483,310,frame_000310.png
8000,8000,101,76,0.7524752475247525,76,1.0,76,75,0.9868421052631579,445649.5111429219,5696611.297068097,474.1124792634407,0.4990244111395441,0.02971171960234642,-0.17707151780928143,-32.6242509749355,1.1118184293174473,-1.6812861443410227,-1.557892506918904,-0.19544046468087117,-5.788437678750881,0.57694304,0.33318666,75,0.9868421052631579,445649.5111429219,5696611.297068097,474.1124792634403,0.4990244111395441,0.02971171960234642,-0.17707151780967934,-32.62425097493424,1.1118184292395752,-1.6812861443750307,-1.5578925069176535,-0.19544046475871824,-5.788437678784902,0.57694304,0.33318666,445649.0121185108,5696611.267356377,474.28955078125,-31.06635846801659,1.3072588939983072,4.107151534409869,311,frame_000311.png
8000,8000,97,73,0.7525773195876289,73,1.0,73,72,0.9863013698630136,445649.5406380716,5696611.307407004,474.1143307947396,0.48109981580637395,0.033686558715999126,-0.16203639276039894,-32.59236931959683,0.9914004402102652,-1.857245437968496,-1.5661119136712784,-0.21193165825957294,-6.097068326651112,0.6375867,0.30985,72,0.9863013698630136,445649.54063807166,5696611.307407004,474.1143307947392,0.4810998158645816,0.033686558715999126,-0.16203639276079684,-32.592369319596564,0.9914004404048098,-1.8572454378879575,-1.5661119136710226,-0.21193165806502634,-6.0970683265705645,0.6375867,0.30985,445649.0595382558,5696611.273720445,474.2763671875,-31.02625740592555,1.2033320984698384,4.2398228886826175,312,frame_000312.png
8000,8000,99,85,0.8585858585858586,85,1.0,85,84,0.9882352941176471,445649.53757621866,5696611.29941606,474.1155613177274,0.47049454686930403,0.02379843220114708,-0.16477315492886646,-32.68849033838878,0.9824436718133609,-1.6658489033087138,-1.5408603544304071,-0.2970940250349656,-5.646880380910119,0.6699531,0.40441686,84,0.9882352941176471,445649.53757621866,5696611.29941606,474.1155613177273,0.47049454686930403,0.02379843220114708,-0.1647731549289233,-32.68849033838772,0.9824436717363664,-1.665848903327253,-1.5408603544293555,-0.29709402511196004,-5.646880380928678,0.6699531,0.40441686,445649.0670816718,5696611.275617627,474.28033447265625,-31.147629983958378,1.279537696848317,3.981031477601416,313,frame_000313.png
8000,8001,105,81,0.7714285714285715,81,1.0,81,81,1.0,445649.552155785,5696611.309431159,474.1179314505742,0.47917169495485723,0.030877714976668358,-0.15752020958206003,-32.699437001599044,1.4870948025583646,-1.506054307328554,-1.5791942533105612,-0.24556793993849624,-5.429440010189126,0.72555,0.40981412,81,1.0,445649.55215581105,5696611.30943115,474.11793145089246,0.4791717210318893,0.03087770566344261,-0.15752020926379373,-32.69943700124165,1.487094976806275,-1.5060542657212765,-1.5791942529531582,-0.2455677656905948,-5.429439968581846,0.72555,0.40981412,445649.07298409,5696611.278553444,474.27545166015625,-31.12024274828849,1.7326627424968668,3.923385702860567,314,frame_000314.png
8001,8000,114,83,0.7280701754385965,83,1.0,83,78,0.9397590361445783,445649.5480264882,5696611.3185464,474.124690289053,0.4670421958435327,0.026374715380370617,-0.1656844668063968,-32.80875282351776,1.5321881239925639,-1.3386429957439356,-1.5556417056204737,-0.24467083037248472,-5.053520662545566,0.5901142,0.28108862,78,0.9397590361445783,445649.54802648834,5696611.3185464,474.12469028905065,0.467042195959948,0.026374715380370617,-0.1656844668087274,-32.808752823535876,1.5321881244626416,-1.3386429953106462,-1.5556417056385783,-0.24467082990241806,-5.053520662112277,0.5901142,0.28108862,445649.0809842924,5696611.292171685,474.2903747558594,-31.253111117897287,1.776858954365062,3.7148776668016246,315,frame_000315.png
8000,8000,113,88,0.7787610619469026,88,1.0,88,86,0.9772727272727273,445649.55414427037,5696611.31123934,474.1329307016448,0.4792461300967261,0.024165778420865536,-0.1636086049958294,-33.0110684479588,1.5503814231226682,-1.3578277664929432,-1.4896677867767494,-0.13216647900733847,-5.139805372923718,0.70654565,0.38803965,86,0.9772727272727273,445649.5541442702,5696611.311239341,474.1329307015886,0.47924612992210314,0.02416577935218811,-0.16360860505204755,-33.011068447767045,1.5503814190373835,-1.357827761855083,-1.4896677865850165,-0.13216648309261814,-5.139805368285863,0.70654565,0.38803965,445649.0748981403,5696611.287073562,474.2965393066406,-31.52140066118204,1.6825479021299936,3.78197760643077,316,frame_000316.png
8000,8000,114,87,0.7631578947368421,87,1.0,87,87,1.0,445649.5596744574,5696611.297029221,474.13960974577753,0.48073716956423596,0.011108222417533398,-0.15998131867559096,-33.01700257517399,1.1152334832478494,-1.0125078226200697,-1.3137192668987154,-0.011833483173006698,-4.201152233903713,0.6254304,0.3279177,87,1.0,445649.5596744578,5696611.297029221,474.1396097457689,0.4807371699716896,0.011108222417533398,-0.15998131868423116,-33.0170025751638,1.1152334854552644,-1.0125078214372343,-1.313719266888512,-0.011833480965606213,-4.201152232720887,0.6254304,0.3279177,445649.07893728785,5696611.285920999,474.2995910644531,-31.703283308275285,1.1270669664208612,3.188644411283643,317,frame_000317.png
8000,8000,132,98,0.7424242424242424,98,1.0,98,98,1.0,445649.57267649047,5696611.288938289,474.13786282409444,0.4902440527221188,0.020761585794389248,-0.17292819153055916,-33.32398817153124,0.3641871475119448,-0.6755709619500984,-1.526880063537078,-0.1955982426305809,-3.781861065828508,0.6341308,0.36625993,98,1.0,445649.5726764905,5696611.288938289,474.1378628240949,0.49024405278032646,0.020761585794389248,-0.1729281915301044,-33.323988171536726,0.3641871480442555,-0.6755709618982466,-1.526880063542535,-0.1955982420982707,-3.781861065776667,0.6341308,0.36625993,445649.08243243775,5696611.268176703,474.310791015625,-31.797108107994177,0.5597853901425209,3.106290103878408,318,frame_000318.png
8000,8000,104,77,0.7403846153846154,77,1.0,77,77,1.0,445649.5608855028,5696611.268271803,474.14021010682956,0.4809829550795257,0.0020470572635531425,-0.16798691465481852,-33.66629300437797,0.4997455353144126,-1.261676622325139,-1.5535080598310458,-0.12713433164080357,-4.784962150772799,0.64419955,0.317359,77,1.0,445649.56088550197,5696611.268271804,474.14021010682245,0.48098295426461846,0.002047058194875717,-0.16798691466192395,-33.66629300432752,0.49974553075218064,-1.2616766246495241,-1.5535080597805973,-0.12713433620302794,-4.784962153097183,0.64419955,0.317359,445649.0799025477,5696611.266224746,474.3081970214844,-32.11278494454693,0.6268798669552035,3.523285528447654,319,frame_000319.png
8001,8000,94,73,0.776595744680851,73,1.0,73,73,1.0,445649.555359524,5696611.293934066,474.13494829267006,0.47781551809748635,0.02811058610677719,-0.17147870928306475,-33.73407628048914,1.3453923359516549,-0.5300472904604419,-1.4750600668704692,-0.2578030492446999,-3.489627069401962,0.65134895,0.36438644,73,1.0,445649.5553595228,5696611.293934067,474.13494829272315,0.47781551693333313,0.028110587038099766,-0.171478709229973,-33.73407628049931,1.345392329373096,-0.5300472941208283,-1.4750600668806442,-0.2578030558232456,-3.4896270730623655,0.65134895,0.36438644,445649.0775440059,5696611.26582348,474.3064270019531,-32.25901621361868,1.603195385196352,2.959579778941528,320,frame_000320.png
8000,8000,113,87,0.7699115044247787,87,1.0,87,87,1.0,445649.5354573739,5696611.282426586,474.13806739939764,0.46939927799394354,0.015538451261818409,-0.17763694630548343,-33.8255066432174,1.5838793436313787,-0.18685674414092565,-1.5424988660015515,-0.23657454938069122,-2.7850304831188737,0.63854307,0.34731916,87,1.0,445649.53545737383,5696611.282426586,474.13806739942726,0.4693992779357359,0.015538451261818409,-0.177636946275868,-33.82550664322328,1.5838793448641177,-0.18685674631209565,-1.5424988660074348,-0.23657454814795642,-2.7850304852900365,0.63854307,0.34731916,445649.0660580959,5696611.266888135,474.3157043457031,-32.283007777215836,1.8204538930120808,2.5981737389779527,321,frame_000321.png
8000,8000,108,92,0.8518518518518519,92,1.0,92,92,1.0,445649.51175368263,5696611.289834736,474.13830670300314,0.4713755297125317,0.011860940605401993,-0.1836842637937366,-33.63625914245178,1.8309652216869525,-0.7066098906411299,-1.5246695543336557,-0.20225372683725595,-3.77584893761059,0.66323096,0.40030593,92,1.0,445649.51175368286,5696611.289834736,474.1383067029908,0.47137552994536236,0.011860940605401993,-0.1836842638060716,-33.636259142429076,1.8309652228622868,-0.7066098896013295,-1.5246695543109468,-0.202253725661933,-3.77584893657081,0.66323096,0.40030593,445649.0403781529,5696611.277973795,474.3219909667969,-32.11158958811812,2.0332189485242123,3.069239046969468,322,frame_000322.png
8000,8001,127,102,0.8031496062992126,102,1.0,102,102,1.0,445649.49685417936,5696611.319090172,474.1392044465018,0.4652189338230528,0.026048080064356327,-0.18248134451380338,-33.418810190209264,1.9500157128008422,-0.7634569424138028,-1.511051394445559,-0.2739324085155772,-3.94419822573542,0.64850146,0.36796752,102,1.0,445649.4968541792,5696611.319090172,474.139204446501,0.4652189336484298,0.026048080064356327,-0.1824813445145992,-33.418810190202194,1.950015711704348,-0.7634569423695617,-1.511051394438482,-0.27393240961205834,-3.944198225691167,0.64850146,0.36796752,445649.03163524554,5696611.293042092,474.3216857910156,-31.907758795763716,2.2239481213164076,3.1807412833216047,323,frame_000323.png
8000,8000,128,103,0.8046875,103,1.0,103,103,1.0,445649.4566268228,5696611.3016270995,474.14265594984647,0.46606020722538233,0.015749525278806686,-0.19715728257540377,-32.7841641743057,2.1616270076246686,0.41555543572842424,-1.548927220811123,-0.2794370856550188,-1.560574967896116,0.5891936,0.41851074,103,1.0,445649.4566268234,5696611.3016270995,474.142655949842,0.46606020780745894,0.015749525278806686,-0.1971572825798944,-32.784164174402974,2.161627010826211,0.4155554376121818,-1.5489272209083822,-0.27943708245348375,-1.5605749660123536,0.5891936,0.41851074,445648.9905666156,5696611.285877574,474.3398132324219,-31.235236953494585,2.4410640932796857,1.9761304036245453,324,frame_000324.png
8000,8000,106,87,0.8207547169811321,87,1.0,87,87,1.0,445649.4470437261,5696611.296541789,474.13923361730485,0.4639127190457657,0.01800038293004036,-0.1970395760545216,-32.86814885766713,1.9220788184423445,-0.16827552880574545,-1.503893646049363,-0.27914473472631585,-2.688178213647376,0.6369171,0.37569457,87,1.0,445649.447043726,5696611.296541789,474.13923361730195,0.4639127189293504,0.01800038293004036,-0.19703957605742062,-32.868148857657786,1.9220788177744619,-0.16827552892202724,-1.5038936460400123,-0.2791447353941976,-2.688178213763649,0.6369171,0.37569457,445648.98313100706,5696611.278541406,474.3362731933594,-31.364255211617767,2.201223553168667,2.5199026848416217,325,frame_000325.png
8000,8000,105,87,0.8285714285714286,87,1.0,87,87,1.0,445649.4653051282,5696611.286436346,474.1384559913109,0.47146529919700697,0.015499375760555267,-0.17282330556412262,-32.988172741979255,1.7248307007522183,0.015007796673170044,-1.547271042417833,-0.24389391675694583,-2.432182502662215,0.6329899,0.3064097,87,1.0,445649.46530512825,5696611.286436346,474.13845599130883,0.47146529925521463,0.015499375760555267,-0.17282330556616898,-32.988172741981295,1.7248307008509012,0.015007796913145861,-1.547271042419851,-0.24389391665826565,-2.4321825024222505,0.6329899,0.3064097,445648.993839829,5696611.270936971,474.311279296875,-31.440901699561437,1.9687246175091575,2.4471902993353867,326,frame_000326.png
8001,8000,102,86,0.8431372549019608,86,1.0,86,86,1.0,445649.45846195443,5696611.275975045,474.1369645391498,0.46359775390010327,0.011639660224318504,-0.1736433710064489,-33.12224587728723,1.3096064160991874,-0.1628546575769631,-1.5334058111337754,-0.3058649814507248,-2.6777619622697557,0.69775325,0.37229863,86,1.0,445649.45846195443,5696611.275975045,474.13696453916197,0.46359775390010327,0.011639660224318504,-0.1736433709942844,-33.12224587730048,1.3096064168286685,-0.16285465810221436,-1.53340581114702,-0.30586498072125323,-2.677761962794989,0.69775325,0.37229863,445648.99486420053,5696611.264335385,474.31060791015625,-31.588840066153445,1.6154713975499109,2.514907304692783,327,frame_000327.png
8000,8001,118,94,0.7966101694915254,94,1.0,94,94,1.0,445649.4823295689,5696611.258342679,474.1291273584332,0.4769034357741475,0.004450485110282898,-0.17745223141054112,-33.11774403085837,1.492276085122397,-0.7617373309408201,-1.553300777609735,-0.24169540425191371,-3.8855673624727842,0.6116485,0.3482961,94,1.0,445649.4823295688,5696611.258342679,474.12912735843673,0.47690343571593985,0.004450485110282898,-0.17745223140701682,-33.11774403085521,1.492276084686389,-0.7617373313733782,-1.5533007776065801,-0.24169540468793116,-3.885567362905334,0.6116485,0.3482961,445649.0054261331,5696611.253892194,474.30657958984375,-31.564443253248626,1.7339714893743112,3.1238300315319667,328,frame_000328.png
8000,8000,109,91,0.8348623853211009,91,1.0,91,91,1.0,445649.4979325846,5696611.2526827585,474.1242559639686,0.4741834608721547,0.008922775276005268,-0.17631166298451717,-33.03193444345124,0.946638116071869,-0.42719605647423353,-1.5382144421893713,-0.20733076708583553,-3.183445481180769,0.6051767,0.40242273,91,1.0,445649.4979325845,5696611.2526827585,474.12425596396855,0.47418346075573936,0.008922775276005268,-0.176311662984574,-33.03193444344099,0.9466381153621951,-0.42719605650300313,-1.5382144421791395,-0.2073307677954972,-3.18344548120956,0.6051767,0.40242273,445649.02374912373,5696611.243759983,474.3005676269531,-31.493720001261856,1.1539688831576942,2.7562494247065477,329,frame_000329.png
8000,8000,116,92,0.7931034482758621,92,1.0,92,92,1.0,445649.5304049706,5696611.236131014,474.123137220255,0.49140187486773357,0.00902501866221428,-0.1772473012293858,-33.09916316979368,0.9030020792241217,-0.20869209361475136,-1.5144140089464884,-0.1580370889792846,-2.842353431474862,0.6041058,0.35293156,92,1.0,445649.5304049704,5696611.236131014,474.12313722025885,0.4914018746931106,0.00902501866221428,-0.17724730122552046,-33.09916316979917,0.9030020779406697,-0.20869209425647642,-1.5144140089519738,-0.15803709026275214,-2.8423534321165675,0.6041058,0.35293156,445649.0390030957,5696611.227105996,474.3003845214844,-31.584749160847196,1.0610391682034082,2.6336613378600977,330,frame_000330.png
8000,8000,119,93,0.7815126050420168,93,1.0,93,93,1.0,445649.51644318283,5696611.240508845,474.1254479145213,0.47246569325216115,0.017848318442702293,-0.17789681204118324,-33.10004437127,0.688913225496888,-0.2245148978935761,-1.5414027601217697,-0.31667583054507986,-2.8266522410847017,0.5635797,0.3222132,93,1.0,445649.5164433026,5696611.24050902,474.1254479157621,0.4724658130435273,0.01784849353134632,-0.1778968108004051,-33.1000443491764,0.6889132596584239,-0.22451352684178105,-1.5414027380281539,-0.31667579638354937,-2.8266508700328927,0.5635792,0.32221282,445649.0439774896,5696611.222660527,474.3033447265625,-31.558641611148236,1.0055890560419611,2.6021373431911146,331,frame_000331.png
8000,8000,119,93,0.7815126050420168,93,1.0,93,93,1.0,445649.51672996493,5696611.227083979,474.1293126675087,0.46065998333506286,0.0038745710626244545,-0.16893562350691127,-33.10700019047357,1.1075858352430283,-0.1543515285848502,-1.5317349647312142,-0.2744155498935186,-2.6073229309937744,0.6446642,0.38911128,93,1.0,445649.5167299649,5696611.227083979,474.12931266751133,0.4606599832768552,0.0038745710626244545,-0.16893562350429647,-33.10700019045655,1.1075858345443834,-0.15435152864441412,-1.5317349647141896,-0.27441555059218103,-2.6073229310533463,0.6446642,0.38911128,445649.0560699816,5696611.223209408,474.2982482910156,-31.575265225742363,1.3820013851365545,2.4529714024089193,332,frame_000332.png
8000,8000,113,94,0.831858407079646,94,1.0,94,93,0.9893617021276596,445649.5234886949,5696611.247179474,474.128556225629,0.4665497917449102,0.021908627822995186,-0.1703024169491414,-33.22922448272184,1.1842608018651957,-0.22685150626962858,-1.5520752643625144,-0.29795503437784987,-2.8395074994546405,0.60171896,0.38381526,93,0.9893617021276596,445649.52348869486,5696611.247179474,474.128556225631,0.4665497916867025,0.021908627822995186,-0.17030241694715187,-33.229224482716596,1.1842608011782993,-0.22685150633676965,-1.5520752643572564,-0.29795503506474574,-2.839507499521801,0.60171896,0.38381526,445649.0569389032,5696611.225270846,474.2988586425781,-31.677149218359336,1.4822158362430544,2.6126559931850184,333,frame_000333.png
8001,8000,112,90,0.8035714285714286,90,1.0,90,90,1.0,445649.51994784694,5696611.253246439,474.12787090472204,0.46425984520465136,0.021366150118410587,-0.17089618512170546,-33.018431069435245,1.4700370959036295,-0.49589394842863094,-1.5302942023082267,-0.27959928870649264,-3.360159235070114,0.63452834,0.36986157,90,1.0,445649.5199478467,5696611.253246439,474.12787090471795,0.4642598449718207,0.021366150118410587,-0.17089618512579818,-33.01843106943136,1.4700370947437391,-0.4958939490021107,-1.5302942023043329,-0.2795992898663826,-3.3601592356435788,0.63452834,0.36986157,445649.05568800174,5696611.231880289,474.29876708984375,-31.48813686712701,1.749636384610135,2.864265286641481,334,frame_000334.png
8001,8000,108,85,0.7870370370370371,85,1.0,85,85,1.0,445649.5206963996,5696611.274870712,474.1297648469454,0.46438815526198596,0.019032900221645832,-0.17641801438270477,-32.90138090979325,2.103465305138141,-1.0249985036958458,-1.4775376710184673,-0.17775003945180856,-4.372643873301911,0.6730409,0.39885196,85,1.0,445649.5206964044,5696611.274870711,474.1297648467585,0.46438816003501415,0.019032899290323257,-0.17641801456960593,-32.90138090952321,2.1034653348364403,-1.0249984920978814,-1.4775376707484327,-0.17775000975350963,-4.372643861703949,0.6730409,0.39885196,445649.05630824436,5696611.255837812,474.3061828613281,-31.423843238774776,2.2812153445899592,3.3476453696060684,335,frame_000335.png
8001,8000,101,77,0.7623762376237624,77,1.0,77,77,1.0,445649.5568424753,5696611.288710109,474.13192200400744,0.4891011090367101,0.027432807721197605,-0.1772820975550644,-33.027407161062534,1.2135655519374813,-0.6571995328708286,-1.4982795153830466,-0.13317922716080943,-3.7964355361687865,0.62303627,0.3677283,77,1.0,445649.5568424747,5696611.288710109,474.1319220040091,0.48910110839642584,0.027432807721197605,-0.17728209755341595,-33.02740716101346,1.2135655482770045,-0.6571995343782472,-1.4982795153339907,-0.13317923082129823,-3.796435537676217,0.62303627,0.3677283,445649.0677413663,5696611.261277301,474.3092041015625,-31.529127645679477,1.3467447790982916,3.1392360032979676,336,frame_000336.png
8000,8000,129,103,0.7984496124031008,103,1.0,103,103,1.0,445649.5562261822,5696611.277443012,474.1344987390003,0.4833088036393747,0.018742560409009457,-0.17781815553098568,-33.027536684303755,0.9754352699424904,-0.4630616305487154,-1.4651802080717573,-0.2337262228279826,-3.3041395839987047,0.61196315,0.33809707,103,1.0,445649.55622617673,5696611.277443014,474.13449873891085,0.48330879816785455,0.018742562271654606,-0.17781815562045722,-33.027536683522136,0.9754352333705005,-0.4630616389253758,-1.4651802072901319,-0.2337262593999867,-3.3041395923753782,0.61196315,0.33809707,445649.07291737857,5696611.258700452,474.3123168945313,-31.562356476231997,1.209161492770475,2.8410779534500006,337,frame_000337.png
8000,8001,118,94,0.7966101694915254,94,1.0,94,94,1.0,445649.5501219669,5696611.2738895,474.1334939352577,0.46664625767152756,0.02036591526120901,-0.17198702177358882,-33.04850735787696,1.1756944198465713,-0.05971915530982453,-1.4574697603308948,-0.28247455911119346,-2.5403569675521283,0.6398925,0.33998135,94,1.0,445649.5501219689,5696611.273889499,474.1334939352149,0.46664625965058804,0.020365914329886436,-0.17198702181639192,-33.048507357777815,1.1756944313242335,-0.05971915004381199,-1.45746976023176,-0.28247454763351243,-2.5403569622861255,0.6398925,0.33998135,445649.08347570925,5696611.253523584,474.3054809570313,-31.59103759754606,1.4581689789577585,2.480637812242304,338,frame_000338.png
8001,8000,116,94,0.8103448275862069,94,1.0,94,92,0.9787234042553191,445649.5662116397,5696611.2504069535,474.134733006679,0.4793041814118624,0.014010213315486908,-0.17456264761784723,-32.86753856658648,1.1492878600644467,0.0883192939695986,-1.4629968502737825,-0.1960653257969227,-2.241927900338027,0.6296315,0.35466313,92,0.9787234042553191,445649.5662116395,5696611.2504069535,474.13473300666664,0.47930418117903173,0.014010213315486908,-0.1745626476302391,-32.86753856655725,1.1492878579417323,0.08831929421043687,-1.4629968502445365,-0.1960653279196265,-2.2419279000972097,0.6296315,0.35466313,445649.0869074583,5696611.23639674,474.3092956542969,-31.40454171631271,1.345353185861368,2.3302471943076353,339,frame_000339.png
8000,8001,101,78,0.7722772277227723,78,1.0,78,78,1.0,445649.56656078715,5696611.234104835,474.1333276896948,0.47416405664989725,0.0023187659680843353,-0.17035273022707997,-32.820867157556776,1.109996490594804,0.11928871184661602,-1.4770978169122486,-0.14379052240812484,-2.1338395984551255,0.61572117,0.3861,78,1.0,445649.566560787,5696611.234104835,474.1333276896937,0.47416405647527426,0.0023187659680843353,-0.17035273022816,-32.82086715753846,1.1099964890859246,0.11928871191689572,-1.4770978168939166,-0.14379052391700498,-2.1338395983848386,0.61572117,0.3861,445649.0923967305,5696611.231786069,474.3036804199219,-31.34376934064454,1.2537870130029365,2.2531283103017326,340,frame_000340.png
8000,8001,130,99,0.7615384615384615,99,1.0,99,97,0.9797979797979798,445649.55080678506,5696611.244086058,474.1305738740306,0.46079066302627325,0.026742899790406227,-0.1753343290944258,-32.872050399809915,0.7148651534064892,0.05983442790907,-1.481934683575787,-0.28695923958360936,-2.1982723884696043,0.6492076,0.41163933,97,0.9797979797979798,445649.5508067847,5696611.244086058,474.1305738740194,0.4607906626770273,0.026742899790406227,-0.17533432910562397,-32.872050399735464,0.7148651512909011,0.05983442731157161,-1.481934683501322,-0.2869592416992077,-2.198272389067114,0.6492076,0.41163933,445649.09001612203,5696611.217343158,474.305908203125,-31.39011571623413,1.0018243929900974,2.2581068163786866,341,frame_000341.png
8000,8000,113,85,0.7522123893805309,85,1.0,85,85,1.0,445649.5762007236,5696611.217617602,474.1300920209594,0.4844566004467197,0.0037260903045535088,-0.17438185599371536,-33.009295292199404,0.8648345222088445,0.09072744998590469,-1.4783087953410927,-0.16470004124610682,-2.194007522348329,0.5843139,0.30659217,85,1.0,445649.57620072336,5696611.217617602,474.1300920209668,0.48445660021388903,0.0037260903045535088,-0.17438185598632572,-33.009295292214,0.8648345212346611,0.09072744891064362,-1.4783087953557015,-0.16470004222028933,-2.1940075234236076,0.5843139,0.30659217,445649.09174412314,5696611.213891512,474.3044738769531,-31.53098649685831,1.0295345634549635,2.284734972334243,342,frame_000342.png
8000,8000,109,88,0.8073394495412844,88,1.0,88,88,1.0,445649.566336426,5696611.216550098,474.129928587612,0.47358749114209786,0.004433965310454369,-0.17021179324734703,-33.12231632207436,0.9476152643841756,0.13801423998233633,-1.4736328559620517,-0.20140859541672285,-2.062171799123263,0.6664573,0.41912785,88,1.0,445649.56633642694,5696611.216550099,474.1299285875567,0.47358749207342044,0.004433966241776943,-0.17021179330265568,-33.12231632196479,0.9476152688686339,0.13801424487953706,-1.473632855852486,-0.20140859093226027,-2.0621717942260602,0.6664573,0.41912785,445649.09274893487,5696611.2121161325,474.3001403808594,-31.64868346611231,1.149023859800893,2.2001860391055925,343,frame_000343.png
8002,8000,115,89,0.7739130434782608,89,1.0,89,89,1.0,445649.5647586388,5696611.226705646,474.12451169478027,0.4707105878042057,0.016987275332212448,-0.1777954341260397,-33.32602155424677,0.7791854388901281,0.2810124235567927,-1.4956205472017245,-0.3285724564875636,-1.8577819414743146,0.60003144,0.3759505,89,1.0,445649.56475888344,5696611.226705708,474.1245116955777,0.47071083245100453,0.016987336799502373,-0.17779543332858339,-33.32602157141406,0.779186539504378,0.28101362624705095,-1.4956205643690055,-0.32857135587329367,-1.8577807387840437,0.60002923,0.37595233,445649.094048051,5696611.209718371,474.3023071289063,-31.830401007045054,1.1077578953776805,2.1387943650311074,344,frame_000344.png
8002,8000,129,104,0.8062015503875969,104,1.0,104,104,1.0,445649.5657697207,5696611.197467176,474.1286711238222,0.469749590032734,-0.0076401205733418465,-0.17098097578718807,-33.575757462701105,0.41585672615927116,0.34356001263854524,-1.4862573595011952,-0.21590495685771316,-1.6042670769339509,0.6515513,0.39810556,104,1.0,445649.5657697207,5696611.197467176,474.1286711238193,0.469749590032734,-0.0076401205733418465,-0.1709809757900871,-33.57575746269809,0.4158567263324379,0.3435600128452188,-1.4862573594981825,-0.21590495668453968,-1.6042670767272966,0.6515513,0.39810556,445649.0960201307,5696611.205107297,474.2996520996094,-32.08950010319991,0.6317616830169832,1.9478270895725098,345,frame_000345.png
8001,8000,114,94,0.8245614035087719,94,1.0,94,94,1.0,445649.5614336781,5696611.192354665,474.1317120427088,0.46599112974945456,-0.0015907082706689835,-0.17733947096309066,-33.6812949032123,0.8089971848626298,0.4553831654202952,-1.4757277264748723,-0.2077807240098366,-1.3812014575167382,0.59675443,0.3409222,94,1.0,445649.5614336777,5696611.192354665,474.1317120427162,0.46599112934200093,-0.0015907082706689835,-0.17733947095570102,-33.68129490316572,0.8089971820392988,0.45538316511404825,-1.475727726428289,-0.20778072683316395,-1.3812014578230105,0.59675443,0.3409222,445649.09544254834,5696611.193945373,474.3090515136719,-32.20556717673744,1.0167779088724662,1.8365846229370448,346,frame_000346.png
8001,8000,115,96,0.8347826086956521,96,1.0,96,95,0.9895833333333334,445649.5644193313,5696611.183616282,474.13480063156624,0.47308342764154077,-0.005705881863832474,-0.176814358668139,-33.66595898560346,0.8895881884356587,0.5307117960899596,-1.5300733836253926,-0.1809017975324423,-1.2523844145861744,0.6907038,0.40764323,95,0.9895833333333334,445649.5644193257,5696611.183616284,474.13480063174023,0.47308342199539766,-0.0057058800011873245,-0.1768143584941413,-33.665958984859294,0.8895881517725586,0.5307117851832261,-1.530073382881227,-0.18090183419553796,-1.2523844254928918,0.6907038,0.40764323,445649.0913359037,5696611.189322164,474.3116149902344,-32.135885601978075,1.0704899859681034,1.7830962106761223,347,frame_000347.png
8000,8000,103,88,0.8543689320388349,88,1.0,88,88,1.0,445649.55830926925,5696611.17494802,474.138503667143,0.4726683826884255,-0.007544130086898804,-0.1725620066850979,-33.48999820448486,1.2444591070644104,1.0359968480115216,-1.514415630606635,-0.1196836306080229,-0.2588467143444859,0.65753835,0.38270095,88,1.0,445649.5583093017,5696611.174947914,474.13850367455035,0.4726684151100926,-0.00754423625767231,-0.17256199927777516,-33.489998226929764,1.2444596627360276,1.0359963849573226,-1.5144156530515431,-0.11968307493640395,-0.25884717739867824,0.65753835,0.38270098,445649.08564088657,5696611.18249215,474.3110656738281,-31.97558257387823,1.3641427376724362,1.2948435623559997,348,frame_000348.png
8000,8001,99,77,0.7777777777777778,77,1.0,77,77,1.0,445649.5342491856,5696611.197676854,474.1370548296902,0.4638827436720021,-0.0015538129955530167,-0.17193564882541068,-33.51351220176386,1.9974857493010691,0.2915678126684973,-1.5504845067248425,-0.20900612831545118,-1.736062515757311,0.60284543,0.3254382,77,1.0,445649.5342491855,5696611.197676854,474.1370548296938,0.46388274361379445,-0.0015538129955530167,-0.17193564882182955,-33.513512201769615,1.997485748781861,0.2915678123389206,-1.550484506730612,-0.20900612883465897,-1.7360625160868892,0.60284543,0.3254382,445649.0703664419,5696611.199230667,474.3089904785156,-31.963027695039006,2.2064918776165174,2.0276303284258126,349,frame_000349.png
8000,8002,101,82,0.8118811881188119,82,1.0,82,82,1.0,445649.53669904737,5696611.218891517,474.1314405643626,0.4666046889615245,0.01547834649682045,-0.17773301962176902,-33.429969583313394,1.361270466657581,0.3174573642686547,-1.5585318027000596,-0.24999333793118694,-1.811996509440462,0.57260674,0.3460545,82,1.0,445649.5366990486,5696611.218891516,474.1314405644085,0.4666046901838854,0.015478345565497875,-0.17773301957589638,-33.42996958343591,1.3612704762685166,0.31745736424330484,-1.5585318028225856,-0.2499933283202438,-1.8119965094658141,0.57260674,0.3460545,445649.0700943584,5696611.203413171,474.3091735839844,-31.871437780613334,1.6112638045887553,2.1294538737091053,350,frame_000350.png
8000,8002,110,89,0.8090909090909091,89,1.0,89,86,0.9662921348314607,445649.54791053344,5696611.215681029,474.12622269283423,0.48251114710001275,0.011905776336789131,-0.18118087161889207,-33.23957074972153,1.5230517833991768,0.49240079484410376,-1.5273060664180207,-0.16385392402932553,-1.4447095401868921,0.6205697,0.37624514,86,0.9662921348314607,445649.5479105336,5696611.215681029,474.12622269283753,0.48251114727463573,0.011905776336789131,-0.18118087161559515,-33.23957074973152,1.5230517843540259,0.49240079489556393,-1.5273060664280251,-0.16385392307446978,-1.4447095401354204,0.6205697,0.37624514,445649.06539938634,5696611.203775252,474.3074035644531,-31.7122646833035,1.686905707428506,1.9371103350309942,351,frame_000351.png
8000,8001,107,88,0.822429906542056,88,1.0,88,84,0.9545454545454546,445649.54321390216,5696611.216133881,474.1227449439171,0.4747774015413597,0.008782562799751759,-0.17797527092665177,-32.80149410588082,1.1695686618060674,0.15122272515688281,-1.5323229938024099,-0.19128282413012698,-2.014648754991299,0.60501415,0.34644598,84,0.9545454545454546,445649.5432139021,5696611.216133881,474.1227449439179,0.47477740148315206,0.008782562799751759,-0.17797527092585597,-32.80149410588223,1.1695686617496504,0.15122272508934867,-1.5323229938038025,-0.19128282418654408,-2.014648755058829,0.60501415,0.34644598,445649.0684365006,5696611.207351319,474.30072021484375,-31.269171112078414,1.3608514859361829,2.165871480148172,352,frame_000352.png
8001,8000,118,88,0.7457627118644068,88,1.0,88,88,1.0,445649.59803320654,5696611.235411794,474.10760526179297,0.47154400567524135,0.009328915737569332,-0.17401094914453097,-33.659309734952046,0.8414029942824467,-0.25974463937381054,-1.5422322414084988,-0.27797902372611816,-2.8589637876677614,0.6053441,0.30203778,88,1.0,445649.59803320654,5696611.235411794,474.10760526179286,0.47154400567524135,0.009328915737569332,-0.17401094914464466,-33.659309734951044,0.8414029942537887,-0.25974463936874703,-1.542232241407504,-0.27797902375479566,-2.8589637876627023,0.6053441,0.30203778,445649.12648920086,5696611.226082878,474.2816162109375,-32.11707749354353,1.1193820180085754,2.5992191482939626,353,frame_000353.png
8000,8001,108,88,0.8148148148148148,88,1.0,88,88,1.0,445649.60138704284,5696611.239933963,474.1135426168486,0.4764319315436296,0.006681649945676327,-0.18034166049517353,-33.817756939299436,1.1894646298322356,0.20675330268137115,-1.5345967456998153,-0.17684242047170073,-1.913500758361181,0.616604,0.3448311,88,1.0,445649.6013870428,5696611.239933963,474.11354261684824,0.47643193148542196,0.006681649945676327,-0.1803416604955146,-33.817756939297716,1.1894646293306492,0.20675330242094964,-1.53459674569811,-0.17684242097328706,-1.913500758621609,0.616604,0.3448311,445649.1249551113,5696611.233252313,474.29388427734375,-32.28316019359961,1.3663070503039434,2.1202540610425484,354,frame_000354.png
8000,8001,123,97,0.7886178861788617,97,1.0,97,97,1.0,445649.5978734917,5696611.25234863,474.110930428435,0.47148117853794247,0.018461083061993122,-0.18197728640876676,-33.89449855318027,0.4707931885983689,0.14997346265516684,-1.5138200883779973,-0.28587810716680906,-2.1153594751415596,0.61577857,0.3551021,97,1.0,445649.59787349164,5696611.25234863,474.1109304284353,0.4714811784797348,0.018461083061993122,-0.1819772864084257,-33.89449855318684,0.4707931883527892,0.14997346238759798,-1.5138200883845627,-0.28587810741240105,-2.1153594754091216,0.61577857,0.3551021,445649.12639231316,5696611.233887547,474.29290771484375,-32.38067846480229,0.7566712957651905,2.2653329377967224,355,frame_000355.png
8000,8000,108,83,0.7685185185185185,83,1.0,83,83,1.0,445649.6095515349,5696611.235809875,474.11382255594526,0.4849577667773701,-0.0021219365298748016,-0.16846504171098786,-33.877761369044144,0.694704218693138,-0.01537663803736574,-1.5166547284100034,-0.14119187705549052,-2.398132636043954,0.5930998,0.31330797,83,1.0,445649.60955153534,5696611.235809875,474.11382255589234,0.4849577672430314,-0.0021219365298748016,-0.16846504176390908,-33.877761368990015,0.6947042201160426,-0.015376634640145458,-1.5166547283558884,-0.14119187563258606,-2.3981326326467354,0.5930998,0.31330797,445649.1245937681,5696611.237931811,474.28228759765625,-32.36110664063413,0.8358960957486375,2.3827559980065995,356,frame_000356.png
8000,8000,110,94,0.8545454545454545,94,1.0,94,94,1.0,445649.5776551619,5696611.2555083865,474.113818760164,0.46230646420735866,0.011921587400138378,-0.17759359335161662,-33.61387767062278,1.7075028104579977,0.08097713499035536,-1.4846116316889493,-0.19385214543754614,-2.2381986896265005,0.71613556,0.41810477,94,1.0,445649.5776551616,5696611.2555083865,474.11381876016475,0.46230646391632035,0.011921587400138378,-0.17759359335087765,-33.613877670601525,1.7075028088364936,0.0809771341408483,-1.4846116316676898,-0.1938521470590615,-2.238198690475997,0.71613556,0.41810477,445649.1153486977,5696611.243586799,474.2914123535156,-32.12926603893384,1.9013549558955547,2.319175824616851,357,frame_000357.png
8002,8000,112,92,0.8214285714285714,92,1.0,92,92,1.0,445649.5798529539,5696611.26274725,474.1158768636269,0.46863965172087774,0.019346625544130802,-0.18206625160746626,-33.27161706285774,0.6125848791949415,-0.6868732251100375,-1.463900009136978,-0.3663971492693463,-3.59389425102799,0.61086345,0.38221222,92,1.0,445649.5798529543,5696611.262747249,474.1158768636548,0.46863965212833136,0.019346624612808228,-0.18206625157955614,-33.271617062932215,0.6125848828598185,-0.6868732254163503,-1.463900009211443,-0.36639714560445213,-3.5938942513343193,0.61086345,0.38221222,445649.1112133022,5696611.243400624,474.2979431152344,-31.807717053720765,0.978982028464284,2.907021025917965,358,frame_000358.png
8000,8000,117,83,0.7094017094017094,83,1.0,83,83,1.0,445649.55328101356,5696611.256809285,474.11401517604816,0.4458744287258014,-0.10357678402215242,-0.1813339450455942,-57.80654523328245,1.1864783452214624,1.4053161090275035,-0.7989477557687792,-0.25606380272000706,0.3283678046003047,0.6012864,0.380119,83,1.0,445649.5532810137,5696611.256809285,474.1140151760431,0.44587442884221673,-0.10357678402215242,-0.18133394505065326,-57.80654523325989,1.1864783454066934,1.4053161098389733,-0.7989477557462408,-0.2560638025347828,0.3283678054117729,0.6012864,0.380119,445649.10740658484,5696611.360386069,474.29534912109375,-57.007597477513656,1.4425421479414762,1.0769483044272021,359,frame_000359.png
8000,8000,111,88,0.7927927927927928,88,1.0,88,88,1.0,445649.55924369046,5696611.266883186,474.11490494766724,0.4115245083812624,-0.22804090473800898,-0.17757552108275831,-80.80252062836252,-0.3670447943785436,-0.6888355029954925,-1.629440995715811,-0.20442506005346672,-3.752547223389996,0.65725064,0.29939803,88,1.0,445649.55924369046,5696611.266883186,474.1149049476666,0.4115245083812624,-0.22804090473800898,-0.1775755210833836,-80.80252062835828,-0.36704479454025307,-0.6888355030039447,-1.6294409957116045,-0.20442506021518625,-3.7525472233984374,0.65725064,0.29939803,445649.1477191821,5696611.494924091,474.29248046875,-79.17307963264669,-0.16261973432508087,3.0637117203944984,360,frame_000360.png
8000,8002,112,90,0.8035714285714286,90,1.0,90,90,1.0,445649.544630981,5696611.319396622,474.1146248269226,0.30072451068554074,-0.3038251707330346,-0.15350261448372748,-103.93344761452397,1.4920629918011317,0.859608509971584,-0.872560930038162,-0.2533507160852082,-0.6048953269722972,0.67509943,0.4405985,90,1.0,445649.54463098105,5696611.319396622,474.1146248269153,0.3007245107437484,-0.3038251707330346,-0.15350261449100344,-103.93344761451525,1.4920629913705903,0.8596085099557008,-0.8725609300294366,-0.25335071651574026,-0.6048953269881565,0.67509943,0.4405985,445649.2439064703,5696611.623221792,474.2681274414063,-103.06088668448581,1.7454137078863314,1.4645038369438699,361,frame_000361.png
8000,8001,100,77,0.77,77,1.0,77,77,1.0,445649.5396837351,5696611.366759214,474.119961599376,0.01822279510088265,-0.4311034260317683,-0.1840239963271415,-126.75537760256229,1.8602330301464989,2.0479210384803475,-1.8969776053563692,-0.2821327701011569,1.7223318153363607,0.7275682,0.4266069,77,1.0,445649.53968373354,5696611.366759213,474.11996159955373,0.018222793529275805,-0.4311034269630909,-0.18402399614939213,-126.75537760279106,1.860233043675579,2.0479210358415667,-1.8969776055851355,-0.28213275657208214,1.7223318126975755,0.7275682,0.4266069,445649.52146094,5696611.79786264,474.3039855957031,-124.85839999720592,2.142365800247659,0.3255892231439814,362,frame_000362.png
8000,8000,116,87,0.75,87,1.0,87,87,1.0,445649.5657061515,5696611.46982915,474.12165435930933,-0.2579861669219099,-0.33342351857572794,-0.194416197331293,-172.2588609980392,1.3378322482090876,4.559721062765777,-1.8754815399527445,-0.1227879837535113,6.694835061411055,0.6947126,0.34562433,87,1.0,445648.7681918857,5696612.482150298,457.1627386975164,-1.0555004326743074,0.6788976294919848,-17.15333185912425,8.167670358244985,5.766131603176896,-3.0116599012001095,178.55104981633144,4.305511371214294,-0.8765459025548523,4.0497746,2.7195544,445649.8236923184,5696611.803252668,474.3160705566406,-170.38337945808647,1.4606202319626065,-2.135113998645269,363,frame_000363.png
8000,8000,108,92,0.8518518518518519,92,1.0,92,92,1.0,445649.54264764715,5696611.490616839,474.1019193089689,-0.49628151481738314,-0.0009051691740751266,-0.16770349376548666,150.18830070267273,-1.0711022536422592,3.4941575207872946,-1.926230181203266,-0.010998505509235201,4.557388240686095,0.64864755,0.390327,92,1.0,445649.5426476475,5696611.490616839,474.10191930899305,-0.4962815144681372,-0.0009051691740751266,-0.1677034937413282,150.1883007027019,-1.0711022555658187,3.494157519617943,-1.9262301811741054,-0.010998507432788074,4.55738823951674,0.64864755,0.390327,445650.03892916196,5696611.491522009,474.2696228027344,152.114530883876,-1.0601037481330378,-1.0632307198987971,364,frame_000364.png
8000,8001,104,84,0.8076923076923077,84,1.0,84,82,0.9761904761904762,445649.5055224147,5696611.496117939,474.1047602824885,-0.49405682570068166,0.0036164866760373116,-0.1716069050115152,150.1186083070414,-1.422157444058625,4.200516182424197,-1.7932635688740675,-0.4865963280634844,5.953582827404205,0.66848713,0.3883902,82,0.9761904761904762,445649.5055224152,5696611.49611794,474.10476028251435,-0.4940568251768127,0.003616487607359886,-0.17160690498565145,150.11860830707224,-1.4221574466184759,4.200516180096848,-1.79326356884323,-0.4865963306233425,5.9535828250768645,0.66848713,0.3883902,445649.9995792404,5696611.492501453,474.2763671875,151.91187187591547,-0.9355611159951469,-1.753066644980016,365,frame_000365.png
8000,8000,101,76,0.7524752475247525,76,1.0,76,73,0.9605263157894737,445649.25882666965,5696611.498886166,474.13277354683737,-0.5032212620717473,-0.0014272890985012054,-0.19760975394393654,150.53946330079214,5.184587911786329,2.6105922616218526,-1.679436178361783,0.22947401247768084,2.8474497803429983,0.58533174,0.3469682,73,0.9605263157894737,445649.25882667064,5696611.498886166,474.1327735469601,-0.5032212610822171,-0.0014272890985012054,-0.1976097538212116,150.53946330078452,5.184587905300466,2.610592260123828,-1.6794361783694,0.22947400599181833,2.8474497788449753,0.58533174,0.3469682,445649.7620479317,5696611.500313455,474.3303833007813,152.21889947915392,4.955113899308638,-0.2368575187211399,366,frame_000366.png
8000,8000,107,89,0.8317757009345794,89,1.0,89,85,0.9550561797752809,445648.85247714416,5696611.639485611,474.14948473879696,-0.6506188158527948,0.0723301637917757,-0.21623791745304288,150.4703491287616,5.397861789904405,1.381170579565533,-1.65362555123113,0.18286319968132148,0.38157865267348257,0.63301486,0.30361524,85,0.9550561797752809,445648.8524771437,5696611.639485611,474.14948473877195,-0.6506188163184561,0.0723301637917757,-0.216237917478054,150.4703491286139,5.3978617921979115,1.3811705812351052,-1.6536255513788376,0.18286320197483974,0.38157865434305904,0.63301486,0.30361524,445649.50309596,5696611.567155447,474.36572265625,152.12397467999273,5.214998590223085,0.9995919268920544,367,frame_000367.png
8000,8000,86,71,0.8255813953488372,71,1.0,71,66,0.9295774647887324,445648.5891841129,5696611.770513563,474.17495413100005,-0.5192234176793136,0.03237724304199219,-0.19617013657807547,150.46868657041583,3.8079445644478263,1.6985824901922557,-1.6223486000359344,0.03162069533678391,1.112494316643108,0.66637737,0.3522201,66,0.9295774647887324,445648.58918411477,5696611.770513563,474.1749541311214,-0.5192234158166684,0.03237724304199219,-0.19617013645671477,150.46868657091233,3.8079445544034582,1.6985824831114509,-1.6223485995394356,0.03162068529240969,1.1124943095623223,0.66637737,0.3522201,445649.1084075306,5696611.73813632,474.3711242675781,152.09103517045176,3.776323869111055,0.5860881735491381,368,frame_000368.png
8000,8000,77,59,0.7662337662337663,59,1.0,59,58,0.9830508474576272,445647.3399326963,5696612.400338896,474.2424206950952,-0.5695115210255608,0.0065821874886751175,-0.12931392404544795,154.64478514410493,-8.140880172093874,3.347817420200101,-2.055072414875241,-0.24250415604663544,4.039359132425801,0.71686924,0.35002342,58,0.9830508474576272,445647.3399326966,5696612.400338896,474.2424206950751,-0.5695115207345225,0.0065821874886751175,-0.12931392406551367,154.6447851442172,-8.140880174422676,3.347817420249394,-2.055072414762975,-0.24250415837545347,4.039359132475084,0.71686924,0.35002342,445647.90944421734,5696612.393756708,474.3717346191406,156.69985755898017,-7.898376016047228,-0.6915417122256949,369,frame_000369.png
8001,8000,88,65,0.7386363636363636,65,1.0,65,65,1.0,445647.2920926194,5696612.426073586,474.2407049592103,-0.515837971761357,-0.09402506425976753,-0.13801818532101606,175.47870265180617,-5.101935706122783,5.461784913652156,-1.2663639582781059,-0.3547633636851515,8.38023336227397,0.6123005,0.3384431,65,1.0,445931.9004953896,5696734.398403841,-492.0229521786625,284.0925647984259,121.87830519117415,-966.4016753231938,-70.22573688188477,6.58318101313978,157.4538727002577,113.02919650803096,11.330353355577415,160.37232114887956,352.07758,180.121,445647.80793059117,5696612.52009865,474.3787231445313,176.74506661008428,-4.747172342437636,-2.9184484486218185,370,frame_000370.png
8000,8000,71,58,0.8169014084507042,58,1.0,58,58,1.0,445647.19220717705,5696612.421224153,474.2224532208847,-0.494308277964592,-0.2494267039000988,-0.1793412127090619,-161.95468203370507,-1.603614113473362,7.075088401999704,-2.16094366868262,-0.025585802262668267,11.621007893470448,0.6114568,0.39425203,58,1.0,445647.1922071803,5696612.421224152,474.22245322106915,-0.49430827470496297,-0.24942670483142138,-0.179341212524605,-161.95468203198456,-1.603614132333975,7.075088415400246,-2.160943666962112,-0.025585821123286223,11.621007906870972,0.6114568,0.39425203,445647.686515455,5696612.670650857,474.40179443359375,-159.79373836502245,-1.5780283112106965,-4.545919491470734,371,frame_000371.png
8000,8000,78,53,0.6794871794871795,53,1.0,53,49,0.9245283018867925,445647.2189801074,5696612.330762976,474.2156367461556,-0.2171548861078918,-0.4659555433318019,-0.19937179876626487,-139.3269390611638,-0.4972631687871879,4.848560895399991,-1.3170635506139092,0.26296765232319785,7.178692901733683,0.61334944,0.38642907,49,0.9245283018867925,445647.2189801073,5696612.330762976,474.2156367462213,-0.21715488622430712,-0.4659555433318019,-0.19937179870055388,-139.32693906118766,-0.4972631695297538,4.8485608935189815,-1.317063550637755,0.2629676515806523,7.178692899852649,0.61334944,0.38642907,445647.4361349935,5696612.796718519,474.4150085449219,-138.0098755105499,-0.7602308211103946,-2.330132006333681,372,frame_000372.png
8000,8000,92,71,0.7717391304347826,71,1.0,71,71,1.0,445647.2816369157,5696612.271525374,474.2170032350162,-0.0384025092353113,-0.5123198330402374,-0.19034539779630677,-116.51976465306626,0.6271800577098937,2.199422959422049,-2.1957811218836127,0.29758872763503064,2.0664477318357513,0.6704854,0.38875362,71,1.0,445647.2816369158,5696612.271525374,474.21700323502824,-0.03840250911889598,-0.5123198330402374,-0.19034539778425597,-116.51976465303542,0.6271800573226961,2.1994229597314496,-2.195781121852775,0.2975887272478417,2.06644773214515,0.6704854,0.38875362,445647.3200394249,5696612.783845207,474.4073486328125,-114.32398353118265,0.3295913300748591,0.13297522758628696,373,frame_000373.png
8001,8001,82,61,0.7439024390243902,61,1.0,61,60,0.9836065573770492,445647.4539791818,5696612.1898530945,474.22010754670623,0.32017342117615044,-0.4335020799189806,-0.185226925950019,-70.19398193073827,1.4173518610399516,1.6156859295418668,-0.2906455467580713,-0.012825428137318795,1.1446075337005652,0.59592336,0.3068905,60,0.9836065573770492,445647.45397918107,5696612.1898530945,474.2201075467253,0.32017342041945085,-0.4335020799189806,-0.18522692593097645,-70.1939819309703,1.4173518566671306,1.615685925738111,-0.29064554699010614,-0.0128254325101409,1.1446075298968026,0.59592336,0.3068905,445647.13380576065,5696612.623355174,474.40533447265625,-69.90333638398019,1.4301772891772686,0.471078395841303,374,frame_000374.png
8000,8000,84,57,0.6785714285714286,57,1.0,57,55,0.9649122807017544,445647.49430043995,5696612.1891021915,474.2274111459057,0.4099548080121167,-0.16035910788923502,-0.18387425448491967,-47.124520935662964,0.19321814393745518,0.914318322841104,-1.1509842295972135,-0.5278570852685505,-0.10023119206877595,0.6509189,0.3579892,55,0.9649122807017544,445647.4943004405,5696612.1891021915,474.2274111459457,0.40995480853598565,-0.16035910788923502,-0.1838742544449019,-47.12452093551445,0.19321814680749558,0.9143183248032791,-1.1509842294486816,-0.5278570823984978,-0.10023119010659798,0.6509189,0.3579892,445647.08434563194,5696612.349461299,474.4112854003906,-45.97353670606576,0.7210752292060071,1.0145495149098853,375,frame_000375.png
8000,8000,81,60,0.7407407407407407,60,1.0,60,58,0.9666666666666667,445647.6611835335,5696612.21944615,474.2428678081985,0.4954528184607625,0.0157160684466362,-0.17809166445772462,-31.697831282424502,0.5368379419087728,-0.3183574279651481,-1.3247187383460641,-0.22016943969978797,-2.624491811788573,0.55699766,0.3217161,58,0.9666666666666667,445647.66118353355,5696612.21944615,474.2428678081965,0.49545281851897016,0.0157160684466362,-0.17809166445977098,-31.697831282388524,0.5368379424271871,-0.3183574278470636,-1.3247187383100822,-0.220169439181376,-2.624491811670481,0.55699766,0.3217161,445647.16573071503,5696612.203730081,474.42095947265625,-30.373112544078428,0.757007381608552,2.3061343838234176,376,frame_000376.png
8001,8001,96,69,0.71875,69,1.0,69,69,1.0,445647.6678504856,5696612.271853922,474.2428076894584,0.47181524976622313,0.05896688997745514,-0.16930168554159764,-31.73377389575589,1.3309310305438322,-1.7148294798282866,-1.3970101191852962,-0.5552669609492682,-5.702286921654718,0.6296229,0.3543753,69,1.0,445647.66785048664,5696612.271853922,474.24280768953145,0.47181525081396103,0.05896688997745514,-0.16930168546855384,-31.733773895458697,1.3309310370617469,-1.7148294770303938,-1.3970101188881188,-0.5552669544313744,-5.702286918856828,0.6296229,0.3543753,445647.19603523583,5696612.212887032,474.412109375,-30.33676377657059,1.8861979914931122,3.987457441826438,377,frame_000377.png
8000,8000,92,61,0.6630434782608695,61,1.0,61,60,0.9836065573770492,445647.69135234435,5696612.265143083,474.2358063179084,0.4305027282098308,0.03882674593478441,-0.1897918266229226,-31.608301150022083,2.9068053452637224,-0.721733462023113,-1.4019862525556448,-0.6359996530276817,-3.616077092424547,0.65026027,0.381029,60,0.9836065573770492,445647.6913523458,5696612.265143083,474.23580631800604,0.43050272966502234,0.03882674593478441,-0.1897918265252656,-31.608301149789188,2.9068053537676817,-0.7217334569660581,-1.4019862523227573,-0.6359996445237357,-3.6160770873675006,0.65026027,0.381029,445647.26084961614,5696612.2263163375,474.4255981445313,-30.206314897466434,3.5428049982914107,2.89434363040143,378,frame_000378.png
8000,8001,87,68,0.7816091954022989,68,1.0,68,64,0.9411764705882353,445643.9919285871,5696617.544507269,472.1577006038689,-3.312453142774757,5.328981724567711,-2.269545489881125,-26.79000120818065,-39.01456306795138,19.641133868703058,3.366383409888499,-44.612476261991645,17.216986479433928,50.34848,28.467407,64,0.9411764705882353,445647.75523511035,5696612.217360835,474.22504064799364,0.45085338049102575,0.0018352903425693512,-0.20220544575636268,-31.574490384264745,5.114173191546379,-0.3777360646363884,-1.4181057661955947,-0.4837400024938745,-2.8018834539055035,0.6360985,0.3929125,445647.30438172986,5696612.215525544,474.42724609375,-30.156384618069165,5.597913194040257,2.42414738926912,379,frame_000379.png
8000,8000,70,53,0.7571428571428571,53,1.0,53,52,0.9811320754716981,445647.8621673267,5696612.168586739,474.2165970984111,0.5057442846591584,-0.014301859773695469,-0.22554157346388592,-31.577687165850485,9.11492463712893,-0.3005942847638705,-1.4372483477694402,-0.3027116569020052,-2.8020652347051396,0.6231959,0.3370611,52,0.9811320754716981,445647.8621673266,5696612.168586739,474.2165970983721,0.5057442846009508,-0.014301859773695469,-0.2255415735028805,-31.577687165802807,9.114924637298724,-0.30059428562181484,-1.4372483477217486,-0.3027116567322139,-2.8020652355630773,0.6231959,0.3370611,445647.356423042,5696612.182888599,474.442138671875,-30.14043881808105,9.417636294030945,2.501470949941269,380,frame_000380.png
8000,8000,66,50,0.7575757575757576,50,1.0,50,48,0.96,445644.80371087696,5696615.2405538345,473.725333121057,-2.6467354584601708,3.1038756482303143,-0.7290430996461055,-31.920180290707943,-20.238262625957354,6.761465118350975,-1.6676510879281352,-30.161255428142624,4.880035446653039,19.222279,10.674356,48,0.96,445648.01825119747,5696612.054931627,474.2106060299952,0.5678048620466143,-0.08174655959010124,-0.2437701907079486,-31.66969145063898,9.83997798289354,0.2646860507017735,-1.4171622478591814,-0.08301481929171928,-1.6167436209961465,0.60460037,0.35891062,445647.4504463354,5696612.136678186,474.4543762207031,-30.2525292027798,9.922992802185268,1.8814296716979213,381,frame_000381.png
8000,8000,74,44,0.5945945945945946,44,1.0,44,43,0.9772727272727273,445648.23688335466,5696611.929462032,474.21986851841064,0.47432540863519534,-0.017683775164186954,-0.21052088588623974,-32.1531607632526,6.149480650876302,0.4265865048158369,-1.4217213111747924,-0.10806443848335334,-1.3599773761597476,0.7128781,0.40618503,43,0.9772727272727273,445648.2368833667,5696611.929462032,474.21986851875243,0.47432542068418115,-0.017683775164186954,-0.21052088554444026,-32.15316076285134,6.149480716027398,0.42658655149610214,-1.4217213107735347,-0.10806437333226881,-1.3599773294794772,0.7128781,0.40618503,445647.76255794603,5696611.947145808,474.4303894042969,-30.7314394520778,6.2575450893596685,1.786563880975571,382,frame_000382.png
8000,8000,91,66,0.7252747252747253,66,1.0,66,66,1.0,445648.543968683,5696611.752728107,474.2230890334813,0.5785643193521537,-0.062062607146799564,-0.19652766573750569,-32.31063464560242,3.2770040644126666,0.12284507516251301,-1.4282479541430462,-0.2635503660038978,-2.0338117213106273,0.6505735,0.4259277,66,1.0,445648.54396868375,5696611.752728108,474.2230890335269,0.5785643201088533,-0.06206260621547699,-0.19652766569191726,-32.31063464546472,3.2770040676946555,0.122845079077196,-1.428247954005343,-0.26355036272192933,-2.0338117173959347,0.6505735,0.4259277,445647.96540436364,5696611.8147907145,474.4196166992188,-30.882386691459363,3.540554430416575,2.1566567964731442,383,frame_000383.png
8000,8000,82,63,0.7682926829268293,63,1.0,63,63,1.0,445648.8399365306,5696611.565603219,474.2200115763929,0.6454683037591167,-0.10245464835315943,-0.1914264118884148,-32.21413926204493,2.2967972858210204,0.20879553181305313,-1.4594364098149413,-0.23719176090003202,-1.8538085922763514,0.6428819,0.324616,63,1.0,445648.83993652975,5696611.565603218,474.2200115763754,0.6454683028860018,-0.102454649284482,-0.19142641190592258,-32.21413926219762,2.2967972823500706,0.2087955266489747,-1.4594364099676227,-0.23719176437097644,-1.8538085974404055,0.6428819,0.324616,445648.19446822687,5696611.668057867,474.4114379882813,-30.75470285222999,2.5339890467210475,2.0626041240893933,384,frame_000384.png
8001,8000,84,75,0.8928571428571429,75,1.0,75,74,0.9866666666666667,445649.1452202718,5696611.362572226,474.2183036400551,0.7167178947711363,-0.15542174223810434,-0.17638019783549908,-32.00070558136101,1.5362740880752395,0.6836577781178952,-1.4346382361718497,-0.31165381370686873,-0.8810038007945309,0.63864094,0.36635238,74,0.9866666666666667,445649.145220273,5696611.362572225,474.2183036400563,0.7167178959934972,-0.15542174316942692,-0.17638019783430536,-32.000705581297616,1.5362740951832061,0.6836577813782506,-1.4346382361084693,-0.31165380659891184,-0.8810037975341629,0.63864094,0.36635238,445648.428502377,5696611.517993968,474.3946838378906,-30.56606734518915,1.8479279017821153,1.5646615789124139,385,frame_000385.png
8000,8000,92,80,0.8695652173913043,80,1.0,80,80,1.0,445649.4286649235,5696611.171369973,474.21732658801034,0.5237530315644108,-0.035469526425004005,-0.17940192761466278,-31.84076088592177,1.169519770599366,0.7584330962907008,-1.4051517885542637,-0.4221800737363708,-0.6952938568600757,0.5947663,0.37393928,80,1.0,445649.42866492266,5696611.171369973,474.217326588003,0.5237530307495035,-0.035469526425004005,-0.17940192762199558,-31.84076088593396,1.1695197653979814,0.7584330943908749,-1.4051517885664566,-0.42218007893774256,-0.6952938587599249,0.5947663,0.37393928,445648.9049118919,5696611.206839499,474.396728515625,-30.435609097367497,1.591699844335724,1.4537269531507877,386,frame_000386.png
8001,8000,103,88,0.8543689320388349,88,1.0,88,88,1.0,445649.74595315184,5696610.974995227,474.2235225475141,0.6036233417107724,-0.08099146373569965,-0.16707193490776717,-31.81254148082765,0.9153912463756823,0.5963899716823429,-1.4138691136595014,-0.3268587478595464,-1.0725637279317368,0.6063144,0.40128008,88,1.0,445649.74595315225,5696610.974995224,474.22352254759613,0.603623342118226,-0.08099146652966738,-0.16707193482574212,-31.812541481066912,0.9153912564420332,0.5963899605297711,-1.4138691138987554,-0.3268587377932022,-1.072563739084302,0.6063144,0.40128008,445649.1423298101,5696611.05598669,474.3905944824219,-30.398672367168146,1.2422499942352392,1.6689536996140737,387,frame_000387.png
8000,8000,103,84,0.8155339805825242,84,1.0,84,84,1.0,445650.034484222,5696610.810073658,474.2259620372257,0.6617429878097028,-0.09836648683995008,-0.16930163464928683,-31.926768765607193,1.3701667105066448,0.37537730296228644,-1.4303228334434266,-0.2944234684381968,-1.5820037945002525,0.5874139,0.31594968,84,1.0,445650.034484222,5696610.810073658,474.2259620372256,0.6617429878097028,-0.09836648683995008,-0.1693016346494005,-31.9267687656072,1.370166710541029,0.37537730296732685,-1.4303228334434266,-0.2944234684038065,-1.5820037944952219,0.5874139,0.31594968,445649.3727412342,5696610.908440145,474.395263671875,-30.496445932163766,1.6645901789448487,1.9573810974625372,388,frame_000388.png
8001,8000,117,97,0.8290598290598291,97,1.0,97,97,1.0,445650.31083206215,5696610.659950584,474.2284834095192,0.7040745035046712,-0.1151085589081049,-0.17175462759018956,-31.88441116716474,1.5375631318062266,0.3636461665473897,-1.397206178915468,-0.35756064640310115,-1.656097444885745,0.51052976,0.28465235,97,1.0,445650.31083206215,5696610.659950584,474.22848340952015,0.7040745035046712,-0.1151085589081049,-0.17175462758922322,-31.884411167171525,1.5375631321424235,0.3636461662629541,-1.3972061789222607,-0.35756064606690074,-1.656097445170161,0.51052976,0.28465235,445649.60675755865,5696610.775059143,474.4002380371094,-30.487204988249268,1.8951237782093255,2.0197436114331238,389,frame_000389.png
8000,8001,114,89,0.7807017543859649,89,1.0,89,88,0.9887640449438202,445646.7340405657,5696617.033819146,459.1726884150954,-3.520568335428834,6.656445026397705,-15.233988830998328,163.2902599603303,-47.14062191404386,32.15103754156873,-166.00050059495163,-49.49151259382009,29.767786939213977,166.66943,60.42423,88,0.9887640449438202,445650.8533894126,5696610.328207866,474.23017751584433,0.5987805114709772,-0.04916625376790762,-0.176499730249418,-32.15381161491967,2.1718997484942437,-0.033648046055512,-1.44457217020161,-0.1789909312819873,-2.4168986484102675,0.5858689,0.4067509,445650.2546089011,5696610.37737412,474.40667724609375,-30.709239444718055,2.3508906797762252,2.3832506023547495,390,frame_000390.png
8001,8001,118,97,0.8220338983050848,97,1.0,97,97,1.0,445646.48058497347,5696617.062824695,469.2325240178606,-4.1963294761953875,6.92915132176131,-5.166188140342513,-6.524316271969397,-57.01246558999947,45.30113700227403,24.372079603937095,-60.00638025387998,43.35983124557259,89.403656,67.09374,97,1.0,445651.3568464473,5696610.025896574,474.22718152939024,0.6799319976125844,-0.10777679923921824,-0.1715306288128886,-32.39297014011929,2.6935996005713663,0.520204040978369,-1.4965742642127964,-0.30031506330914226,-1.4211017157230685,0.59047496,0.37093574,445650.67691444966,5696610.133673374,474.3987121582031,-30.89639587590649,2.993914663880507,1.9413057567014513,391,frame_000391.png
8000,8001,119,93,0.7815126050420168,93,1.0,93,93,1.0,445651.6179476422,5696609.850565031,474.2232375964964,0.5347557559143752,-0.025581849738955498,-0.1858505382692215,-32.324785059366825,3.692466417397542,0.6691418339121289,-1.486988924354705,-0.17980283493645288,-1.0236651179124863,0.5985617,0.33282655,93,1.0,445651.6179476429,5696609.850565028,474.2232375962638,0.5347557566128671,-0.02558185253292322,-0.18585053850182476,-32.32478505962157,3.692466431808304,0.6691418197227165,-1.4869889246094488,-0.17980282052567986,-1.023665132101911,0.5985617,0.33282655,445651.0831918863,5696609.876146881,474.4090881347656,-30.837796135012113,3.8722692523339877,1.6928069518246287,392,frame_000392.png
8000,8000,82,63,0.7682926829268293,63,1.0,63,63,1.0,445652.1568563023,5696609.527866601,474.2316501405139,0.6445726886158809,-0.09370234422385693,-0.17667505479857937,-32.11638830875331,2.6643342680852706,-0.0308301328979898,-1.4941030252633993,-0.12154013660318697,-2.330182036717929,0.58886737,0.3523924,63,1.0,445652.1568563017,5696609.5278666,474.2316501405058,0.6445726880338043,-0.0937023451551795,-0.17667505480670798,-32.116388309233166,2.6643342677537634,-0.030830138911296198,-1.4941030257432715,-0.12154013693469778,-2.3301820427312236,0.58886737,0.3523924,445651.5122836137,5696609.621568945,474.4083251953125,-30.622285283489898,2.7858744046884496,2.299351903819938,393,frame_000393.png
8000,8000,94,61,0.648936170212766,61,1.0,61,61,1.0,445652.46290552866,5696609.393699208,474.23309175706896,0.734541661455296,-0.10076947323977947,-0.18026883863416288,-32.27937184885948,2.0404450814140453,-0.005779522041928949,-1.519938592989348,-0.14248769957251284,-2.517615996315186,0.5406952,0.30427617,61,1.0,445652.4629055283,5696609.393699209,474.2330917571233,0.73454166110605,-0.1007694723084569,-0.18026883857982057,-32.27937184895611,2.040445078360157,-0.005779521363667389,-1.519938593085982,-0.14248770262642552,-2.5176159956369304,0.5406952,0.30427617,445651.7283638672,5696609.4944686815,474.4133605957031,-30.75943325587014,2.182932780986569,2.5118364742732586,394,frame_000394.png
8000,8000,96,55,0.5729166666666666,55,1.0,55,54,0.9818181818181818,445652.75027794484,5696609.213008008,474.233688564335,0.5690805659396574,-0.03144418075680733,-0.1749112891806135,-32.42466533854011,2.0280596941126174,-0.5703140023145608,-1.5220363841893914,-0.04616326024890327,-3.585808673651769,0.6515656,0.34714442,54,0.9818181818181818,445652.7502779447,5696609.213008008,474.2336885643396,0.5690805658232421,-0.03144418075680733,-0.17491128917600918,-32.42466533862783,2.0280596941605604,-0.5703140033910976,-1.5220363842771292,-0.04616326020095585,-3.5858086747282982,0.6515656,0.34714442,445652.1811973789,5696609.244452189,474.4085998535156,-30.902628954350714,2.07422295436152,3.0154946713371986,395,frame_000395.png
8000,8000,86,51,0.5930232558139535,51,1.0,51,51,1.0,445652.9952966881,5696609.066474284,474.2396032854201,0.6006892494624481,-0.049328962340950966,-0.17152952707988334,-32.47405452712191,2.2698588503411363,-0.5922475255368639,-1.5316057383659825,-0.2071535715707853,-3.553944399595423,0.653226,0.33965033,51,1.0,445652.99529668904,5696609.066474293,474.2396032862097,0.6006892503937706,-0.04932895302772522,-0.17152952629032825,-32.47405452474539,2.269858822138993,-0.592247472554021,-1.5316057359894444,-0.207153599772937,-3.5539443466125817,0.653226,0.33965033,445652.39460743865,5696609.115803246,474.4111328125,-30.942448788755932,2.4770124219119234,2.9616968740585654,396,frame_000396.png
8000,8000,78,47,0.6025641025641025,47,1.0,47,44,0.9361702127659575,445653.24162336194,5696608.892285478,474.21609147932224,0.6275525281089358,-0.10253089107573032,-0.1972080812246304,-32.54675176703176,1.9494128063322835,-0.8916393517899522,-1.515106905961602,-0.38552175739678773,-3.967151787554201,0.64811736,0.44537634,44,0.9361702127659575,445653.2416233535,5696608.89228547,474.2160914764881,0.627552519668825,-0.1025308994576335,-0.19720808405878643,-32.546751768122846,1.9494127878545195,-0.891639422667366,-1.515106907052683,-0.38552177587456526,-3.967151858431606,0.64811736,0.44537634,445652.61407083384,5696608.994816369,474.4132995605469,-31.031644861070166,2.3349345637290853,3.07551243576424,397,frame_000397.png
8000,8001,79,55,0.6962025316455697,55,1.0,55,52,0.9454545454545454,445653.51772261923,5696608.752527358,474.221970909302,0.6953398523619398,-0.11495219822973013,-0.18757498913549853,-32.481998604437095,2.000048096366862,-0.29149959978025974,-1.5333308137398944,-0.2604280772918628,-2.9328984611044007,0.665879,0.39005846,52,0.9454545454545454,445653.51772261906,5696608.752527357,474.2219709092119,0.6953398521873169,-0.1149521991610527,-0.18757498922559535,-32.481998604377644,2.0000480966179732,-0.2914996021381791,-1.5333308136804646,-0.260428077040757,-2.9328984634623225,0.665879,0.39005846,445652.82238276687,5696608.867479556,474.4095458984375,-30.94866779069719,2.2604761736587324,2.6413988613241544,398,frame_000398.png
8000,8000,67,45,0.6716417910447762,45,1.0,45,45,1.0,445653.7705573952,5696608.607455698,474.2302488368131,0.5281414404744282,-0.010077671147882938,-0.18201312607754971,-32.561063363933,2.199882291999356,-0.3853680690626395,-1.5824625756914088,-0.32666443024461955,-3.1445700286824376,0.41129455,0.19971001,45,1.0,445653.77055739507,5696608.607455698,474.23024883683286,0.5281414403580129,-0.010077671147882938,-0.1820131260577682,-32.56106336405338,2.199882290500552,-0.3853680680538198,-1.5824625758118032,-0.32666443174341,-3.144570027673609,0.41129455,0.19971001,445653.2424159547,5696608.617533369,474.4122619628906,-30.978600788241586,2.526546722243968,2.759201959619792,399,frame_000399.png
8000,8000,73,57,0.7808219178082192,57,1.0,57,54,0.9473684210526315,445654.7979352189,5696607.960778947,474.2141445975774,0.5323777049197815,-0.04886159673333168,-0.17562591023511231,-32.552507725543244,2.6646245229325936,-0.4252356655454961,-1.5426009367693894,-0.16993568238399348,-3.133788694597797,0.45593223,0.27664262,54,0.9473684210526315,445654.79793521884,5696607.960778947,474.21414459755283,0.5323777048615739,-0.04886159673333168,-0.17562591025966867,-32.5525077255546,2.6646245229059717,-0.4252356661314314,-1.542600936780758,-0.16993568241062462,-3.133788695183739,0.45593223,0.27664262,445654.265557514,5696608.009640544,474.3897705078125,-31.009906788773847,2.834560205316586,2.708553029052302,400,frame_000400.png
8001,8000,70,58,0.8285714285714286,58,1.0,58,55,0.9482758620689655,445653.94766832236,5696614.978883266,470.45615253545924,-0.5157386303180829,7.1022256053984165,-3.946526907900136,-19.447375416972925,-32.95635365907895,46.22756965706028,11.42935755297782,-35.82330695654886,43.54328622037676,47.502552,54.930557,55,0.9482758620689655,445655.01994893944,5696607.813056121,474.2158750392661,0.5565419867634773,-0.06360154040157795,-0.18680440409326593,-32.40234154236797,2.5230413816650716,-0.49976172195935886,-1.5256085724172124,-0.3439119158048527,-3.184045158642874,0.5127398,0.24412271,445654.4634069527,5696607.876657661,474.4026794433594,-30.87673296995076,2.8669532974699132,2.6842834366835278,401,frame_000401.png
8000,8001,76,60,0.7894736842105263,60,1.0,60,58,0.9666666666666667,449856.7428350466,5713598.77538107,-9503.845030647188,4202.075477839797,16991.016907867044,-9978.242308479219,174.4849756421492,13.615857327850566,-109.75284854500482,-154.65386633404069,10.309652725646032,-112.6064878627216,167.25319,136.2538,58,0.9666666666666667,445655.3349520779,5696607.678565031,474.2266363663537,0.6675948710762896,-0.07990817166864872,-0.17064146567759053,-32.43616396056714,3.2474852512265597,-0.3556570499023768,-1.5750059367570373,-0.058719350977980866,-3.209296367619146,0.4290585,0.21693978,445654.6673572068,5696607.758473203,474.3972778320313,-30.86115802381011,3.306204602204546,2.853639317716771,402,frame_000402.png
8000,8001,54,47,0.8703703703703703,47,1.0,47,47,1.0,445655.05264882586,5696613.752998722,472.021015122959,0.1849056597566232,6.11785021238029,-2.3774834121972503,-24.493019399953827,-22.4601674172467,36.5343876344679,6.249687272901582,-25.638953995061996,33.73748129368252,31.339943,33.523476,47,1.0,445655.4723998867,5696607.519413405,474.1934307610406,0.6046567205921747,-0.11573510430753231,-0.2050677741156619,-32.25929187794119,2.541941450321422,-0.7254061675086957,-1.5165852050857893,-0.6368451274938707,-3.5223125082940783,0.6996689,0.58585525,445654.8677431661,5696607.635148509,474.39849853515625,-30.742706672855398,3.1787865778152873,2.796906340785377,403,frame_000403.png
8000,8000,63,59,0.9365079365079365,59,1.0,59,58,0.9830508474576272,445655.8029750915,5696607.405334316,474.22454070581165,0.5287112997611985,0.01936928927898407,-0.16852570043835158,-32.309864871952946,2.5031037597028605,-0.28541265559569934,-1.5512623338173057,-0.40362751333137226,-3.147210638546909,0.481003,0.34444615,58,0.9830508474576272,445655.80297509127,5696607.405334316,474.2245407057452,0.5287112995283678,0.01936928927898407,-0.16852570050480153,-32.30986487203494,2.5031037590645346,-0.28541265723802633,-1.5512623338993023,-0.40362751396969543,-3.147210640189229,0.481003,0.34444615,445655.27426379174,5696607.385965027,474.39306640625,-30.75860253813563,2.9067312730342367,2.861797982951212,404,frame_000404.png
8000,8001,78,64,0.8205128205128205,64,1.0,64,64,1.0,445656.0344185317,5696607.2130548395,474.2196030493948,0.5546229317551479,-0.05408914387226105,-0.16851950919897263,-32.42285113071783,2.525004971020578,-0.9693836632996035,-1.556778455104734,-0.3762824966791811,-4.237539657541959,0.50373065,0.29952428,64,1.0,445656.0344185309,5696607.2130548395,474.2196030492641,0.5546229309402406,-0.05408914387226105,-0.16851950932965565,-32.42285113106675,2.5250049676707476,-0.9693836669441229,-1.5567784554536388,-0.37628250002902064,-4.237539661186474,0.50373065,0.29952428,445655.47979559994,5696607.267143983,474.38812255859375,-30.866072675613097,2.9012874676997633,3.2681559942423526,405,frame_000405.png
8002,8000,63,54,0.8571428571428571,54,1.0,54,52,0.9629629629629629,445657.3498344011,5696609.098340556,452.31371266677485,1.6720752091496252,1.9563145311549306,-22.080574442600152,-79.6179804901064,1.370142641497685,-172.9701352222547,-48.71609834825986,-2.0716347511446997,-176.05213308568054,170.30772,135.94217,52,0.9629629629629629,445656.3374419174,5696607.056940257,474.2296572569317,0.6596827254397795,-0.08508576825261116,-0.16462985244328365,-32.42790440512896,3.3498088978623084,-0.6328257719191059,-1.5260222632824139,-0.09196849478007607,-3.714823635344942,0.5541014,0.35190967,445655.67775919195,5696607.142026025,474.394287109375,-30.901882141846535,3.441777392642392,3.0819978634258325,406,frame_000406.png
8000,8002,67,57,0.8507462686567164,57,1.0,57,56,0.9824561403508771,445656.59146153583,5696606.8668718785,474.2155181129369,0.7075265877647325,-0.1520847985520959,-0.18249214096942978,-32.20857185107285,3.3282051271065805,-1.0734680716612193,-1.454849223529294,0.02502829237153037,-4.361643632667011,0.5136127,0.28852263,56,0.9824561403508771,445656.5914615262,5696606.866871885,474.215518113322,0.7075265781022608,-0.15208479203283787,-0.18249214058431562,-32.20857186219214,3.328205059509189,-1.0734680710430107,-1.4548492346485773,0.025028224774132468,-4.361643632048782,0.5136127,0.28852263,445655.88393494807,5696607.018956677,474.3980102539063,-30.753722627543546,3.3031768347350603,3.2881755610057786,407,frame_000407.png
8001,8000,84,66,0.7857142857142857,66,1.0,66,65,0.9848484848484849,445656.8522530483,5696606.700319888,474.21067177003846,0.5453079960425384,-0.07005151733756065,-0.19142783933654073,-32.155337455640705,2.856139304622618,-1.5058009302606166,-1.5030634759324926,-0.035365268848323694,-5.133318773616736,0.6168881,0.35946846,65,0.9848484848484849,445656.8522530482,5696606.700319888,474.21067177002254,0.5453079959843308,-0.07005151733756065,-0.19142783935245689,-32.15533745570057,2.8561393043089867,-1.5058009308121085,-1.503063475992377,-0.03536526916195726,-5.133318774168231,0.6168881,0.35946846,445656.30694505223,5696606.770371405,474.402099609375,-30.6522739797082,2.8915045734709297,3.6275178433561255,408,frame_000408.png
8000,8000,79,69,0.8734177215189873,69,1.0,69,69,1.0,445657.1498420325,5696606.598208731,474.220172065059,0.6208227968891151,-0.050078677944839,-0.17078862830038588,-31.967515834221587,2.3990457956664897,-1.4604817466040991,-1.4632554009645844,-0.07374325419846173,-5.394953968650299,0.6390016,0.38538077,69,1.0,445657.1498420342,5696606.59820873,474.2201720650165,0.6208227985771373,-0.050078678876161575,-0.17078862834284791,-31.96751583246333,2.3990458085218127,-1.4604817482961236,-1.4632553992063322,-0.0737432413431236,-5.394953970342328,0.6390016,0.38538077,445656.52901923563,5696606.648287409,474.3909606933594,-30.50426043325701,2.4727890498649434,3.9344722220461987,409,frame_000409.png
8000,8000,85,71,0.8352941176470589,71,1.0,71,71,1.0,445657.4160253808,5696606.428663945,474.2171362678961,0.669461719749961,-0.09408874716609716,-0.17104732585391957,-32.04374638454807,2.1195081096710107,-1.3724977286063336,-1.5155848835704262,-0.11658777845775603,-5.130641631640543,0.59584683,0.4078496,71,1.0,445657.4160253776,5696606.428663943,474.21713626753143,0.6694617165485397,-0.09408874902874231,-0.1710473262185701,-32.043746385270914,2.1195080983838377,-1.3724977478286158,-1.5155848842932755,-0.11658778974492634,-5.130641650862827,0.59584683,0.4078496,445656.746563661,5696606.522752692,474.38818359375,-30.528161500977635,2.2360958881287742,3.758143903034211,410,frame_000410.png
8001,8000,102,85,0.8333333333333334,85,1.0,85,85,1.0,445657.67411046516,5696606.278984196,474.223203662185,0.7080894339014776,-0.12372271716594696,-0.16577338859627844,-31.95798466279574,1.6241288706288115,-1.3158375012726027,-1.5273306398615034,-0.23357844801006422,-5.00345810823498,0.68088406,0.393277,85,1.0,445657.67411046504,5696606.278984196,474.2232036621449,0.7080894337850623,-0.12372271716594696,-0.1657733886364099,-31.9579846628006,1.6241288706152777,-1.315837502714187,-1.5273306398663635,-0.23357844802359295,-5.003458109676586,0.68088406,0.393277,445656.96602103126,5696606.402706913,474.3889770507813,-30.43065402293425,1.8577073186388637,3.687620606962388,411,frame_000411.png
8000,8001,86,66,0.7674418604651163,66,1.0,66,64,0.9696969696969697,445657.9158368266,5696606.133588379,474.22015820458137,0.533494665287435,-0.015884320251643658,-0.1635087876061334,-31.922903019370764,1.7822991518710607,-2.184634788449737,-1.483714088730835,-0.2800619171701726,-6.644982288116182,0.61836725,0.33586136,64,0.9696969696969697,445657.91549517226,5696606.133635056,474.2201303374825,0.5331530109397136,-0.015837643295526505,-0.16353665470501255,-31.92297479424371,1.7803876543814077,-2.185496906644392,-1.4837858636037993,-0.2819734146598307,-6.645844406310829,0.61838025,0.33584398,445657.3823421613,5696606.1494726995,474.3836669921875,-30.439188930639922,2.062361069041244,4.460347499666443,412,frame_000412.png
8001,8000,93,68,0.7311827956989247,68,1.0,68,68,1.0,445658.2213390344,5696605.975863724,474.22806768658427,0.6298056066734716,-0.05731118191033602,-0.16481561419703894,-32.026322070374015,2.697944081196808,-0.760919725561216,-1.506738363644189,-0.009726480900440038,-4.001017348030331,0.623232,0.37383085,68,1.0,445658.2213404346,5696605.9758635005,474.22806776587737,0.6298070069169626,-0.057311405427753925,-0.16481553490393708,-32.026321839948565,2.6979520215039834,-0.7609163034705971,-1.5067381332187324,-0.009718540593269154,-4.001013925939731,0.6232313,0.37382847,445657.5915334277,5696606.033174906,474.3928833007813,-30.519583706729826,2.7076705620972623,3.240097622469123,413,frame_000413.png
8000,8000,105,71,0.6761904761904762,71,1.0,71,67,0.9436619718309859,445655.2455275849,5696608.376497776,472.7342703143425,-2.7499111118377186,2.5917508769780397,-1.6686532696418794,-34.96229491120454,-27.05335068165899,-0.15193623756387709,-4.1859551947430305,-29.195780214831416,-4.015845663885955,14.901203,9.0012455,67,0.9436619718309859,445658.78854672087,5696605.636352567,474.22953089968905,0.7931080241105519,-0.148394332267344,-0.1733926842953224,-32.281159609662836,2.542121677116066,-1.3128019184184798,-1.5048198932013293,0.39969214394363917,-5.176711344740539,0.7073916,0.50246507,445657.99543869676,5696605.784746899,474.4029235839844,-30.77633971646152,2.1424295331724315,3.8639094263220657,414,frame_000414.png
8000,8000,116,84,0.7241379310344828,84,1.0,84,79,0.9404761904761905,461464.00020537374,5679555.025540467,-137016.9095368451,15805.598038762459,-17050.508617027663,-137491.31529856386,94.06418871125709,11.913135801329267,5.299846064589432,124.8053057994457,9.497753864690822,1.6545584178207946,340.39258,158.33917,79,0.9404761904761905,445658.9495469092,5696605.510485356,474.2331021332172,0.5473802979104221,-0.023672139272093773,-0.1726595855328128,-32.2613384197284,2.1744050188892614,-1.209138154957487,-1.5202213315398296,-0.24097691774917962,-4.854425801726109,0.71254575,0.4739808,445658.4021666113,5696605.534157495,474.40576171875,-30.74111708818858,2.4153819366384495,3.645287646768628,415,frame_000415.png
8000,8001,132,100,0.7575757575757576,100,1.0,100,98,0.98,445659.21114803094,5696605.364342111,474.2356007351169,0.6016598084243014,-0.044415141455829144,-0.17516586644558174,-32.17616092831308,2.385321971027723,-0.837350210558423,-1.4852610372651043,-0.1975945655339899,-4.1959322840284585,0.58689475,0.32775146,98,0.98,445659.21114803135,5696605.36434211,474.23560073515864,0.6016598088317551,-0.04441514238715172,-0.17516586640385867,-32.17616092835522,2.3853219738409615,-0.8373502105375716,-1.4852610373072537,-0.19759456272075226,-4.195932284007597,0.58689475,0.32775146,445658.6094882225,5696605.408757253,474.4107666015625,-30.690899891047962,2.5829165365617137,3.3585820734700347,416,frame_000416.png
8001,8000,122,92,0.7540983606557377,92,1.0,92,90,0.9782608695652174,448866.9197623546,5684671.661852398,15142.452198657873,3208.1113309292123,-11933.619707488455,14668.04469743717,10.261282655424612,8.356922092065368,-38.302946364403695,40.940287160301466,6.014824524485704,-41.87700029807024,413.7279,115.81841,90,0.9782608695652174,445659.45236066467,5696605.18490268,474.22857069265825,0.6439292393042706,-0.09665720630437136,-0.17893052804487297,-32.181600078217585,2.085369898863734,-1.1938123058486767,-1.5025955733407272,-0.2567276687159392,-4.767866239515229,0.6369245,0.3944482,445658.80843142536,5696605.281559886,474.4075012207031,-30.679004504876872,2.342097567579662,3.5740539336665496,417,frame_000417.png
8001,8001,129,107,0.8294573643410853,107,1.0,107,106,0.9906542056074766,445659.71112199133,5696605.052110699,474.2266820367598,0.6990516821388155,-0.09847138915210962,-0.18249765074017432,-32.20758687166069,1.967355139147965,-1.1348778559621593,-1.4781671959686378,-0.28511797263178096,-4.796352689984218,0.5953486,0.3879335,106,0.9906542056074766,445659.7111219911,5696605.052110699,474.2266820367338,0.6990516819059849,-0.09847138915210962,-0.1824976507662086,-32.207586871608584,1.9673551379182332,-1.1348778563526791,-1.4781671959165124,-0.28511797386150306,-4.796352690374732,0.5953486,0.3879335,445659.0120703092,5696605.150582088,474.4091796875,-30.729419675692057,2.252473111779738,3.6614748340220467,418,frame_000418.png
8001,8000,144,106,0.7361111111111112,106,1.0,106,104,0.9811320754716981,445659.98082479043,5696604.865152264,474.22921088967234,0.5554991414537653,-0.032875338569283485,-0.16202446189015518,-32.18259708496976,2.2995202320024304,-0.873113728148263,-1.4647203602072807,-0.12094923375747157,-4.185135257404596,0.58884007,0.3968253,104,0.9811320754716981,445659.9808247904,5696604.865152264,474.22921088966774,0.5554991413955577,-0.032875338569283485,-0.1620244618947595,-32.18259708496709,2.2995202313383523,-0.873113728259366,-1.464720360204609,-0.12094923442154482,-4.185135257515697,0.58884007,0.3968253,445659.425325649,5696604.898027603,474.3912353515625,-30.717876724762476,2.4204694657599055,3.3120215292563437,419,frame_000419.png
8001,8000,159,136,0.8553459119496856,136,1.0,136,135,0.9926470588235294,445660.214527967,5696604.72390133,474.2285001691478,0.5906366492272355,-0.038716357201337814,-0.17234821952405355,-32.180693322224975,2.0823657528163397,-0.5593390917899937,-1.4670034572669977,-0.25335340361559133,-3.6298715326111335,0.5941267,0.37738043,135,0.9926470588235294,445660.214527967,5696604.72390133,474.2285001691512,0.5906366492272355,-0.038716357201337814,-0.17234821952069979,-32.180693322214736,2.082365753234264,-0.5593390924156281,-1.4670034572567658,-0.2533534031976785,-3.629871533236752,0.5941267,0.37738043,445659.62389131775,5696604.762617687,474.4008483886719,-30.71368986495798,2.3357191564319315,3.0705324408211268,420,frame_000420.png
8000,8001,179,146,0.8156424581005587,146,1.0,146,144,0.9863013698630136,445254.0688513053,5701236.963432247,2484.6139566201928,-405.7560520621482,4632.328267536126,2010.2105752725365,-45.711102274729065,-55.705333379659095,33.06975351880313,-14.711384186812609,-57.661420949722554,29.471799591829523,377.86942,145.18286,144,0.9863013698630136,445660.4484861424,5696604.563760436,474.2297922668039,0.6235827749478631,-0.07140427455306053,-0.17358908085236635,-32.48937394694246,1.5331626168187464,-1.1455541027491307,-1.4896558590260156,-0.422924953244717,-4.743508029722733,0.58228517,0.3545602,445659.82490336744,5696604.635164711,474.40338134765625,-30.999718087916452,1.956087570063452,3.5979539269736036,421,frame_000421.png
8000,8000,177,142,0.8022598870056498,142,1.0,142,142,1.0,445662.4490178553,5696602.299998534,473.88227497882696,2.4140666354214773,-2.212316212244332,-0.5111881559386688,-31.6922793493225,17.016096673270454,-6.126608576318485,-0.7303644301258316,15.03920032224758,-9.589184458147031,15.132651,9.56724,142,1.0,445660.7097790889,5696604.414481094,474.2321143744413,0.6748278690502048,-0.09783365204930305,-0.16134876032430157,-32.416387497696846,1.5927671503281002,-0.9017190114344753,-1.454472578500173,-0.3841292006947583,-4.364294893263008,0.5961508,0.38695025,445660.03495121986,5696604.512314746,474.3934631347656,-30.961914919196662,1.976896351022867,3.4625758818285393,422,frame_000422.png
8000,8001,182,160,0.8791208791208791,160,1.0,160,159,0.99375,445660.9554811469,5696604.247172468,474.23503468103286,0.5221570513676852,-0.009544655680656433,-0.1539728873265176,-32.349477341840654,1.953012933866059,-0.5647154900935554,-1.4088689977537854,-0.3551873426191321,-3.613935838772619,0.57010883,0.35853034,159,0.99375,445660.95548114623,5696604.247172467,474.2350346810187,0.5221570506691933,-0.009544656611979008,-0.1539728873406716,-32.34947734179631,1.953012931802309,-0.5647154944144329,-1.4088689977094475,-0.35518734468288926,-3.6139358430935147,0.57010883,0.35853034,445660.43332409556,5696604.256717124,474.3890075683594,-30.94060834408686,2.3082002764852008,3.04922034867907,423,frame_000423.png
8000,8000,209,159,0.7607655502392344,159,1.0,159,155,0.9748427672955975,445662.7863326645,5696601.432360574,474.14819939913286,1.756249692873098,-2.454332798719406,-0.2524658840702614,-31.757592984852185,14.49145352503286,-9.305626937160113,-0.7099658878646267,11.986869165175051,-12.570240055433686,15.296118,7.288936,155,0.9748427672955975,445661.71186839126,5696603.780940392,474.2418636816771,0.6817854196415283,-0.1057529803365469,-0.1588016015260223,-32.4924058868098,2.2155603299575097,-0.7173665501539733,-1.4447787898222373,-0.28902402990030396,-3.981979668427556,0.54904205,0.30709118,445661.0300829716,5696603.886693372,474.4006652832031,-31.047627096987558,2.504584359857811,3.264613118273584,424,frame_000424.png
8000,8000,241,209,0.8672199170124482,209,1.0,209,209,1.0,445662.2063297482,5696603.484098299,474.2442796151635,0.5778032845119014,-0.030603851191699505,-0.17252946686778614,-32.14440031668412,3.0947506175040673,-1.2252576538387832,-1.5129593978271885,-0.29039701380179395,-5.011270760020523,0.5882399,0.33948916,209,1.0,445662.20632973214,5696603.484098366,474.2442796152955,0.577803268446587,-0.030603784136474133,-0.17252946673579572,-32.14440032386483,3.094750332276544,-1.2252573698755618,-1.512959405007905,-0.29039729902933686,-5.0112704760573195,0.58824015,0.33948922,445661.6285264637,5696603.514702151,474.4168090820313,-30.631440918856928,3.3851476313058755,3.786013106181749,425,frame_000425.png
8000,8000,230,202,0.8782608695652174,202,1.0,202,199,0.9851485148514851,445662.45685491187,5696603.354584357,474.2347895457176,0.6283283029333688,-0.049829439260065556,-0.1785405324073963,-31.834999087730225,3.1815830840402124,-1.9331290679429867,-1.4736076429223317,-0.29864998672155707,-6.4322539302775965,0.564363,0.32339868,199,0.9851485148514851,445662.4568549121,5696603.354584356,474.23478954571976,0.6283283031661995,-0.04982944019138813,-0.17854053240523626,-31.83499908772274,3.181583085956892,-1.9331290685586668,-1.4736076429148284,-0.29864998480488225,-6.432253930893268,0.564363,0.32339868,445661.82852660894,5696603.404413796,474.413330078125,-30.3613914448079,3.4802330707617823,4.499124862334601,426,frame_000426.png
8000,8000,234,192,0.8205128205128205,192,1.0,192,191,0.9947916666666666,445662.97776912927,5696603.0937047545,474.2250852378755,0.5483915443765,0.013601780869066715,-0.17387106095264926,-32.07479064904209,3.1495814843402306,-2.2044943482883155,-1.463610132296992,-0.18373748316872707,-6.995528234454696,0.5884248,0.3232292,191,0.9947916666666666,445662.9777691352,5696603.093704751,474.2250852375796,0.5483915503136814,0.013601777143776417,-0.17387106124851925,-32.07479064926034,3.149581524159348,-2.204494347654098,-1.4636101325152424,-0.18373744334962794,-6.995528233820494,0.5884248,0.3232292,445662.4293775849,5696603.080102974,474.3989562988281,-30.6111805167451,3.3333189675089634,4.791033886166395,427,frame_000427.png
8000,8000,217,183,0.8433179723502304,183,1.0,183,181,0.9890710382513661,445663.25734907226,5696602.928230094,474.22685227319676,0.6204809143091552,-0.03915184177458286,-0.16954054906886995,-32.07403151763638,3.348928676069108,-2.085284477058777,-1.4569579865118385,-0.015082132481950339,-6.671603011413282,0.5483407,0.29587838,181,0.9890710382513661,445663.2573490723,5696602.928230094,474.2268522731892,0.6204809143673629,-0.03915184177458286,-0.16954054907643012,-32.07403151767454,3.348928676154229,-2.08528447658292,-1.4569579865499804,-0.01508213239685574,-6.671603010937417,0.5483407,0.29587838,445662.63686815795,5696602.967381936,474.3963928222656,-30.61707353112455,3.364010808551071,4.586318534354495,428,frame_000428.png
8000,8001,209,173,0.8277511961722488,173,1.0,173,171,0.9884393063583815,445663.53116161365,5696602.783615826,474.22441963703494,0.6748756478191353,-0.07416174560785294,-0.1630315348400586,-32.48617112562942,3.090597836494651,-2.66142748021641,-1.426697170060379,0.09108870342592468,-7.89968101814722,0.55886316,0.33695522,171,0.9884393063583815,445663.531161612,5696602.783615826,474.22441963725225,0.6748756461893208,-0.07416174560785294,-0.16303153462274622,-32.48617112507278,3.0905978288826126,-2.6614274859039284,-1.4266971695037398,0.09108869581388035,-7.899681023834745,0.55886316,0.33695522,445662.8562859658,5696602.857777571,474.387451171875,-31.05947395556903,2.999509133068732,5.238253537930815,429,frame_000429.png
8000,8000,201,170,0.845771144278607,170,1.0,170,163,0.9588235294117647,445663.79216960154,5696602.6256894795,474.22652028853196,0.7277980018989183,-0.1204558527097106,-0.16306711381179184,-32.49988226454926,3.2159130738615334,-2.561752969607215,-1.5481609347092729,0.024544820165914416,-7.680028208169119,0.52452445,0.275481,163,0.9588235294117647,445663.79216960154,5696602.6256894795,474.2265202885397,0.7277980018989183,-0.1204558527097106,-0.16306711380406114,-32.499882264537234,3.215913073694697,-2.561752969841756,-1.5481609346972505,0.02454481999907898,-7.680028208403655,0.52452445,0.275481,445663.06437159964,5696602.746145332,474.38958740234375,-30.951721329839984,3.191368253695611,5.118275238561912,430,frame_000430.png
8000,8001,202,167,0.8267326732673267,167,1.0,167,164,0.9820359281437125,445661.7428869154,5696600.832673777,454.85115156891345,-1.934888132440392,-1.5355255724862218,-19.5444172787428,146.8675270377688,-4.931465859735574,-16.780186781238307,177.99315708954634,-7.824226098398924,-20.89355212611116,10.295934,6.538165,164,0.9820359281437125,445664.32391370967,5696602.299366928,474.22625790636164,0.646138661832083,-0.06883242167532444,-0.16931094129461144,-32.609674941717195,2.9683872671493075,-1.5734449002574775,-1.4840448899396392,0.07562702848593972,-5.686810245130317,0.53157926,0.2947614,445663.67777504784,5696602.368199349,474.39556884765625,-31.125630051777563,2.89276023866336,4.113365344872845,431,frame_000431.png
8001,8001,174,141,0.8103448275862069,141,1.0,141,141,1.0,445664.5547923783,5696602.126125494,474.2369036540461,0.6793673498323187,-0.11161913257092237,-0.17328311353202253,-33.491493100393015,2.6364118988716054,-0.38342361971231403,-1.5779459751922786,0.033758911871331065,-3.314774550790162,0.5399255,0.30409566,141,1.0,445664.5547923783,5696602.126125494,474.2369036540402,0.6793673498323187,-0.11161913257092237,-0.17328311353793424,-33.491493100401016,2.636411899155438,-0.3834236196252405,-1.5779459752002936,0.03375891215517868,-3.3147745507030777,0.5399255,0.30409566,445663.87542502844,5696602.237744627,474.4101867675781,-31.913547125200726,2.602652987000271,2.931350931077841,432,frame_000432.png
8000,8000,178,143,0.8033707865168539,143,1.0,143,143,1.0,445665.0331931487,5696601.8152594,474.23418743785317,0.588253884750884,-0.02034949790686369,-0.19260089222495935,-32.612876793890216,3.9535759860544903,-0.6325384066048313,-1.671477959795027,-0.3067099390072485,-3.6152546542122934,0.54390436,0.2996959,143,1.0,445665.03319315135,5696601.8152594,474.2341874371464,0.5882538874284364,-0.02034949790686369,-0.19260089293175042,-32.61287679433173,3.9535760001912994,-0.6325384000489017,-1.6714779602365581,-0.30670992487043236,-3.6152546476563714,0.54390436,0.2996959,445664.4449392639,5696601.835608898,474.4267883300781,-30.94139883409518,4.260285925061731,2.9827162476074593,433,frame_000433.png
8000,8000,148,114,0.7702702702702703,114,1.0,114,114,1.0,445663.0192153398,5696600.70851277,454.5597042131544,-1.6201488345395774,-1.003286188468337,-19.86308631418933,147.66456509121969,-5.242649689571687,-12.359845017453365,178.02111584759513,-7.526998765398162,-15.877790803056627,8.898119,5.178535,114,1.0,445665.29818392295,5696601.652391486,474.233566040919,0.6588197486125864,-0.05940747261047363,-0.18922448642473455,-31.733134237371665,2.9194723527762623,-0.9684985712515247,-1.376583480996203,0.6351232769497983,-4.486444356854804,0.56466013,0.34881192,445664.63936417433,5696601.7117989585,474.42279052734375,-30.356550756375448,2.284349075826464,3.5179457856032648,434,frame_000434.png
8000,8000,110,86,0.7818181818181819,86,1.0,86,81,0.9418604651162791,445665.5843505857,5696601.128565099,474.22607470949276,0.7583110691048205,-0.4589253244921565,-0.17620800535098624,-32.11215742638184,-2.5136589304419337,-3.503989126044523,-1.7245960362113522,1.1128205471244144,-7.822529291285548,2.942149,0.9995723,81,0.9418604651162791,445665.49697168067,5696601.553253012,474.24210170752843,0.6709321640664712,-0.03423741180449724,-0.16018100731531604,-31.83453966697859,-4.197939753632884,-1.6056174591255468,-1.446978276808096,-0.5714602760665173,-5.924157624366586,0.53196025,0.42591736,445664.8260395166,5696601.587490424,474.40228271484375,-30.387561390170493,-3.6264794775663534,4.318540165241038,435,frame_000435.png
8000,8000,88,69,0.7840909090909091,69,1.0,69,67,0.9710144927536232,445665.72923899157,5696601.42089288,474.224138989435,0.7165134079987183,-0.06260478310286999,-0.150616869939995,-32.25109739212601,-6.831250731562306,-2.659994494715407,-1.7887982145794012,-1.8714632573287417,-8.574560847144483,0.62031126,0.4064829,67,0.9710144927536232,445665.7292390076,5696601.420892885,474.224138989575,0.7165134240058251,-0.06260477844625711,-0.15061686979998967,-32.251097378754004,-6.831250666348637,-2.6599944233583925,-1.7887982012073849,-1.8714631921150726,-8.574560775787461,0.6203098,0.40648258,445665.01272558357,5696601.483497663,474.374755859375,-30.462299177546615,-4.959787474233558,5.914566352429077,436,frame_000436.png
8000,8000,111,81,0.7297297297297297,81,1.0,81,81,1.0,445665.83703119506,5696601.403321846,474.20298456897854,0.5572606480563991,0.044990815222263336,-0.13365483531833888,-31.376194061021057,-3.3221094900485393,-4.128442750681152,-1.1567918427059851,0.11983603379482588,-10.653341135120883,0.560426,0.3716139,81,1.0,445665.8370311875,5696601.403321853,474.2029845687655,0.5572606404894032,0.04499082174152136,-0.13365483553138802,-31.376194057757946,-3.3221095490161745,-4.128442737866093,-1.1567918394428602,0.11983597482719688,-10.653341122305818,0.560426,0.3716139,445665.279770547,5696601.358331031,474.3366394042969,-30.21940221831508,-3.4419455238433643,6.524898384439723,437,frame_000437.png
8000,8000,97,71,0.7319587628865979,71,1.0,71,71,1.0,445665.841805179,5696601.340960146,474.2034328768905,0.49424161901697516,0.013536825776100159,-0.1333591152970257,-31.942853343979806,-3.331174445322083,-3.1968220905414015,-1.3877200088828658,-0.29134523854176564,-8.590587853483186,0.5526763,0.3258841,71,1.0,445665.8418051787,5696601.340960146,474.20343287685597,0.4942416186677292,0.013536825776100159,-0.13335911533152967,-31.94285334406639,-3.3311744469100875,-3.19682209135524,-1.3877200089694668,-0.2913452401297718,-8.590587854297013,0.5526763,0.3258841,445665.34756356,5696601.32742332,474.3367919921875,-30.55513333509693,-3.0398292067803188,5.393765762941774,438,frame_000438.png
8000,8001,120,83,0.6916666666666667,83,1.0,83,82,0.9879518072289156,445665.85754231067,5696601.3557661045,474.1897998432512,0.4634861808735877,0.0192463556304574,-0.1603588481551128,-31.42789275659026,3.1054706391543414,-2.4493498127011435,-1.399449885373457,-0.31796238895617535,-7.117840484182807,0.49189368,0.29368594,82,0.9879518072289156,445665.8575423106,5696601.3557661045,474.18979984325347,0.46348618081538007,0.0192463556304574,-0.16035884815283907,-31.427892756590452,3.105470638618361,-2.4493498127401545,-1.3994498853736559,-0.31796238949215194,-7.1178404842218015,0.49189368,0.29368594,445665.3940561298,5696601.336519749,474.3501586914063,-30.028442871216793,3.423433028110505,4.6684906714816545,439,frame_000439.png
8000,8000,112,78,0.6964285714285714,78,1.0,78,78,1.0,445665.89636174706,5696601.408881779,474.1849749401889,0.49017231131438166,0.022576386108994484,-0.17375919067046652,-31.28461144758844,3.498665108902179,-3.001507457472672,-1.3733088374611384,0.14289308686565505,-8.443913093143237,0.53646266,0.30716065,78,1.0,445665.8963617459,5696601.408881779,474.18497494023626,0.49017231015022844,0.022576386108994484,-0.17375919062311596,-31.284611447602217,3.4986651026674638,-3.0015074601375384,-1.373308837474923,0.14289308063095518,-8.443913095808114,0.53646266,0.30716065,445665.40618943574,5696601.386305393,474.3587341308594,-29.911302610127294,3.3557720220365153,5.44240563567057,440,frame_000440.png
8001,8000,133,105,0.7894736842105263,105,1.0,105,105,1.0,445665.92110498133,5696601.428700639,474.18046573680317,0.4939666895661503,0.015683318488299847,-0.15620418507182876,-31.686459416014866,1.7913153979014722,-3.3619718656362507,-1.452151748738487,0.17336484538969898,-9.136475851399553,0.55719805,0.38793558,105,1.0,445665.92110498133,5696601.428700638,474.18046573679067,0.4939666895661503,0.015683317556977272,-0.1562041850843343,-31.686459416068974,1.79131539852993,-3.361971866462733,-1.452151748792602,0.17336484601815982,-9.136475852226027,0.55719805,0.38793558,445665.42713829177,5696601.41301732,474.336669921875,-30.234307667276383,1.6179505525117701,5.774503985763303,441,frame_000441.png
8000,8000,117,83,0.7094017094017094,83,1.0,83,78,0.9397590361445783,445665.9050319141,5696601.4528117245,474.186422610326,0.4715117091545835,0.03291156142950058,-0.15046093459585563,-31.720604774835817,1.9951030043230225,-3.035078174624791,-1.4538049228947614,-0.04917997799304885,-8.508701130659176,0.47974977,0.2875875,78,0.9397590361445783,445665.90503191424,5696601.452811724,474.1864226103543,0.47151170927099884,0.032911560498178005,-0.1504609345675476,-31.720604775114982,1.9951030078651855,-3.0350781789128587,-1.4538049231739194,-0.04917997445090805,-8.508701134947245,0.47974977,0.2875875,445665.43352020497,5696601.419900163,474.3368835449219,-30.26679985194106,2.0442829823160795,5.473622956034388,442,frame_000442.png
8000,8001,130,90,0.6923076923076923,90,1.0,90,90,1.0,445665.9395249362,5696601.476831871,474.18891184954856,0.5064662051736377,0.043140788562595844,-0.16707569927956456,-32.130080351815884,2.615391762636879,-3.4330709930869743,-1.4764668848068254,0.14097756798233263,-9.53329072104006,0.5437969,0.29159987,90,1.0,445665.9395249365,5696601.476831869,474.18891184974217,0.506466205464676,0.043140786699950695,-0.16707569908595588,-32.13008035245207,2.6153917715862245,-3.433071004158792,-1.476466885443017,0.14097757693167523,-9.53329073211188,0.5437969,0.29159987,445665.433058731,5696601.4336910825,474.3559875488281,-30.653613467009063,2.474414194654552,6.1002197279530845,443,frame_000443.png
8000,8000,132,84,0.6363636363636364,84,1.0,84,81,0.9642857142857143,445665.9596151206,5696601.523550306,474.18396820674553,0.5255655340733938,0.07773444522172213,-0.17266021122327402,-31.78028855486138,2.4448031810026474,-3.945248790886558,-1.3920862045115996,0.0569658713412764,-10.706965278680826,0.5511052,0.32133958,81,0.9642857142857143,445665.9596151206,5696601.523550306,474.183968206746,0.5255655340733938,0.07773444522172213,-0.17266021122281927,-31.780288554861677,2.444803180999551,-3.9452487909038982,-1.3920862045119122,0.05696587133817843,-10.706965278698164,0.5511052,0.32133958,445665.43404958653,5696601.445815861,474.3566284179688,-30.388202350349772,2.387837309661369,6.7617164877942715,444,frame_000444.png
8000,8000,114,83,0.7280701754385965,83,1.0,83,81,0.9759036144578314,445665.90750790236,5696601.475694342,474.19709233463624,0.46788459416711703,0.022201580926775932,-0.15996332942626168,-31.639300711619732,1.6387043250601074,-3.6042951325053774,-1.4587037738646416,-0.18614895820718402,-9.580537619317198,0.52240294,0.3648335,81,0.9759036144578314,445665.9075079042,5696601.475694342,474.1970923347672,0.4678845960297622,0.022201580926775932,-0.15996332929529444,-31.639300711194174,1.6387043332325306,-3.6042951252649496,-1.4587037734390833,-0.18614895003477727,-9.580537612076768,0.52240294,0.3648335,445665.4396233082,5696601.453492761,474.3570556640625,-30.1805969377551,1.824853283267304,5.976242486811822,445,frame_000445.png
8000,8003,118,96,0.8135593220338984,96,1.0,96,94,0.9791666666666666,445665.98573348357,5696601.492753077,474.2033693897946,0.5140796284540556,0.02460488025099039,-0.15112279770539772,-31.33036508432666,0.8136868205340533,-4.265178399861546,-1.3268299408299242,0.22646964793347024,-10.959729841318705,0.5420772,0.39234936,94,0.9791666666666666,445665.98573348357,5696601.492753077,474.2033693897949,0.5140796284540556,0.02460488025099039,-0.1511227977051135,-31.33036508433283,0.8136868204196366,-4.265178399940588,-1.3268299408360917,0.22646964781904444,-10.959729841397746,0.5420772,0.39234936,445665.4716538551,5696601.468148197,474.3544921875,-30.003535143496734,0.5872171726005941,6.694551441457162,446,frame_000446.png
8000,8000,123,99,0.8048780487804879,99,1.0,99,99,1.0,445665.97252953966,5696601.506675344,474.2098711922745,0.4689048093277961,0.03110396023839712,-0.15112123936614807,-31.908596510127925,-0.033094377349179735,-4.782095350458983,-1.466586043663682,-0.41607725829345554,-11.967211212646845,0.551483,0.27803323,99,1.0,445665.9725295397,5696601.506675344,474.20987119225595,0.46890480938600376,0.03110396023839712,-0.15112123938467903,-31.90859651015649,-0.033094376135807096,-4.782095351404849,-1.4665860436922458,-0.4160772570800759,-11.96721121359272,0.551483,0.27803323,445665.50362473034,5696601.475571384,474.3609924316406,-30.442010466464232,0.38298288094427796,7.185115862187872,447,frame_000447.png
8000,8000,120,93,0.775,93,1.0,93,93,1.0,445666.09191216883,5696601.515981276,474.20438002696653,0.5245009069913067,0.020684429444372654,-0.14065171131477427,-32.17596654718064,-0.35227044878745023,-4.480213113061549,-1.5116271669481876,0.011128729736213927,-11.589958317771504,0.539813,0.3021539,93,1.0,445666.0919121682,5696601.515981277,474.2043800270805,0.5245009063510224,0.020684431307017803,-0.14065171120080322,-32.17596654644292,-0.35227045734892337,-4.480213106653581,-1.5116271662104737,0.011128721174742395,-11.589958311363517,0.539813,0.3021539,445665.56741126184,5696601.495296846,474.3450317382813,-30.66433938023246,-0.3633991785236638,7.109745204709945,448,frame_000448.png
8000,8001,120,91,0.7583333333333333,91,1.0,91,91,1.0,445666.08037440665,5696601.4943624325,474.2038251484525,0.5047545367269777,0.0021111350506544113,-0.1444414531100051,-32.253990300107326,-1.0557386687267505,-4.580297881962809,-1.4740762762891677,-0.1540741946743367,-11.493239503704217,0.5649884,0.33644372,91,1.0,445666.08037440665,5696601.4943624325,474.203825148453,0.5047545367269777,0.0021111350506544113,-0.14444145310949352,-32.25399030011103,-1.05573866889722,-4.580297882012382,-1.474076276292891,-0.1540741948448101,-11.493239503753784,0.5649884,0.33644372,445665.5756198699,5696601.492251297,474.3482666015625,-30.779914023818147,-0.9016644740524197,6.912941621741397,449,frame_000449.png
8000,8000,120,93,0.775,93,1.0,93,93,1.0,445666.0476763719,5696601.483486423,474.20186673425513,0.4718782548443414,-0.0026961341500282288,-0.1442331192604911,-32.099885263586664,0.22076647578632172,-2.958036507466192,-1.3798189398781915,-0.0017527702316897376,-8.185209748654756,0.57891613,0.30596575,93,1.0,445666.0476763719,5696601.483486423,474.201866734247,0.4718782548443414,-0.0026961341500282288,-0.1442331192686197,-32.099885263603795,0.22076647602783114,-2.9580365076648913,-1.3798189398953298,-0.0017527699901620508,-8.185209748853453,0.57891613,0.30596575,445665.57579811703,5696601.486182557,474.3460998535156,-30.720066323708462,0.22251924601800108,5.227173241188569,450,frame_000450.png
8000,8000,131,99,0.7557251908396947,99,1.0,99,98,0.98989898989899,445666.0754804205,5696601.495471844,474.1912866117578,0.5037026481586508,0.020619668066501617,-0.16036744097658584,-32.514293245990416,-0.4524642769780477,-2.2723409188481742,-1.4574073662123226,-0.12224836444210041,-7.216734454397624,0.51976347,0.29025593,98,0.98989898989899,445666.0754804207,5696601.495471845,474.19128661167076,0.5037026483914815,0.020619668997824192,-0.16036744106361311,-32.51429324554986,-0.45246427829956104,-2.2723409142730686,-1.4574073657717577,-0.12224836576362463,-7.216734449822525,0.51976347,0.29025593,445665.57177777233,5696601.474852176,474.3516540527344,-31.056885879778104,-0.3302159125359417,4.94439353554945,451,frame_000451.png
8000,8000,129,97,0.751937984496124,97,1.0,97,97,1.0,445666.0258430595,5696601.43197124,474.18425669680227,0.46909927460365,-0.013452020473778248,-0.15100941647904165,-32.82523032573683,-1.0415638076286264,-2.147528025506131,-1.385524601657238,-0.003647007472693531,-6.6314948101752975,0.49850318,0.3195335,97,1.0,445666.02584305755,5696601.431971241,474.1842566967975,0.4690992726245895,-0.013452019542455673,-0.1510094164838165,-32.82523032583598,-1.0415638192678756,-2.147528028578436,-1.385524601756373,-0.003647019111951977,-6.631494813247599,0.49850318,0.3195335,445665.5567437849,5696601.44542326,474.3352661132813,-31.439705724079598,-1.03791680015592,4.483966784669158,452,frame_000452.png
8000,8001,131,102,0.7786259541984732,102,1.0,102,101,0.9901960784313726,445666.04690871,5696601.439171898,474.17598948948523,0.49514918617205694,0.010425196960568428,-0.15244068629607455,-32.47621998237864,-0.3913897323091948,-1.9094693341491513,-1.431708414985195,-0.16378552238043653,-6.441070887260793,0.5238071,0.35123092,101,0.9901960784313726,445666.04690870666,5696601.439171899,474.17598948950405,0.49514918285422027,0.010425197891891003,-0.15244068627725937,-32.476219982973106,-0.39138975058916897,-1.9094693416558162,-1.4317084155796636,-0.1637855406604274,-6.441070894767478,0.5238071,0.35123092,445665.5517595238,5696601.428746701,474.3284301757813,-31.04451156739344,-0.2276042099287468,4.531601553111651,453,frame_000453.png
8000,8000,106,80,0.7547169811320755,80,1.0,80,80,1.0,445666.06424269435,5696601.435050705,474.1685545841485,0.5175449395319447,0.025356560945510864,-0.16015024983585135,-32.40982576208767,-0.18588883827243508,-1.2635229243551767,-1.3566849301197692,0.033620875370900194,-5.212160888205148,0.49318394,0.2969127,80,1.0,445666.0642426944,5696601.435050706,474.1685545841215,0.5175449395901524,0.02535656187683344,-0.16015024986285198,-32.409825761935906,-0.18588883896025968,-1.2635229227381461,-1.3566849299680257,0.033620874683066404,-5.212160886588123,0.49318394,0.2969127,445665.5466977548,5696601.4096941445,474.3287048339844,-31.05314083196789,-0.21950971364333424,3.948637963849981,454,frame_000454.png
8001,8000,131,92,0.7022900763358778,92,1.0,92,92,1.0,445666.0584187217,5696601.376778138,474.16554220702096,0.5098787165479735,-0.017598899081349373,-0.16218606446341255,-32.308727629382645,-0.876316792004758,-1.5359687517334086,-1.356215337925363,-0.1698264088868484,-5.513540381696373,0.5779889,0.33102086,92,1.0,445666.05841872166,5696601.376778138,474.1655422070254,0.5098787164897658,-0.017598899081349373,-0.16218606445897876,-32.30872762936234,-0.8763167926519875,-1.5359687516811757,-1.3562153379050699,-0.169826409534096,-5.513540381644162,0.5779889,0.33102086,445665.54854000517,5696601.394377037,474.3277282714844,-30.95251229145728,-0.7064903831179048,3.977571629962978,455,frame_000455.png
8000,8001,120,83,0.6916666666666667,83,1.0,83,76,0.9156626506024096,445666.40206547215,5696599.525194251,473.9524906154308,0.8350069192238152,-1.825896610505879,-0.36586875956919584,-32.3886335253249,5.492258680494228,-10.151651727554048,-1.7609650624311826,7.401292185647435,-14.727405961365207,3.4232748,2.0206454,76,0.9156626506024096,445666.08993594116,5696601.339317599,474.16993800433556,0.522877388226334,-0.011773262172937393,-0.14842137066443684,-31.990476740210312,-1.7623467887560942,-2.124740265959831,-1.362808277316617,0.14668671639711306,-6.700494499770997,0.5655822,0.31067872,445665.56705855293,5696601.3510908615,474.318359375,-30.62766846289371,-1.909033505153207,4.5757542338111605,456,frame_000456.png
8000,8000,115,82,0.7130434782608696,82,1.0,82,79,0.9634146341463414,445666.0339925471,5696601.307491368,474.1823106960114,0.45929044019430876,-0.020679042674601078,-0.13852060281669765,-31.93058205102428,-2.2775634975642816,-1.2299630896446347,-1.3548695996050242,-0.22570831536370406,-4.717083357126199,0.6153055,0.4109884,79,0.9634146341463414,445666.03399373224,5696601.307494444,474.1823107558279,0.4592916253604926,-0.020675966516137123,-0.13852054300019745,-31.930579614742538,-2.2775670837416184,-1.2299441939545313,-1.354867163323263,-0.22571190154101828,-4.717064461436081,0.6153045,0.4109893,445665.5747021069,5696601.32817041,474.3208312988281,-30.57571245141926,-2.0518551822005877,3.487120267481562,457,frame_000457.png
8000,8000,130,100,0.7692307692307693,100,1.0,100,99,0.99,445666.0416482448,5696601.307241715,474.19005068474775,0.46507179853506386,-0.0012668222188949585,-0.1420110828303791,-31.946720479836657,-1.6386009409069968,-0.9263961897794948,-1.3476503911391546,-0.23843215399364226,-4.21734829503572,0.55232555,0.3611493,99,0.99,445666.0416482448,5696601.307241715,474.19005068475826,0.46507179853506386,-0.0012668222188949585,-0.14201108281986308,-31.946720479953676,-1.6386009402154877,-0.9263961907937747,-1.3476503912561668,-0.23843215330214207,-4.217348296050005,0.55232555,0.3611493,445665.57657644624,5696601.308508537,474.3320617675781,-30.599070088697502,-1.4001687869133588,3.2909521052562245,458,frame_000458.png
8000,8001,112,80,0.7142857142857143,80,1.0,80,80,1.0,445666.0823986177,5696601.304594388,474.1953295468804,0.5059508022968657,0.019104907289147377,-0.14991581444775193,-31.979132515258172,-2.1036572919071856,-0.9581188196814069,-1.3071489177022215,-0.14006166111843754,-4.501668499985243,0.5714556,0.37409642,80,1.0,445666.0823986173,5696601.304594389,474.1953295468561,0.5059508018894121,0.01910490822046995,-0.14991581447202407,-31.97913251527214,-2.1036572944623257,-0.9581188199805732,-1.307148917716205,-0.14006166367357764,-4.50166850028441,0.5714556,0.37409642,445665.5764478154,5696601.285489481,474.3452453613281,-30.67198359755594,-1.963595630788737,3.5435496803038244,459,frame_000459.png
8001,8001,119,84,0.7058823529411765,84,1.0,84,80,0.9523809523809523,445666.1421543888,5696601.254048557,474.2033250051023,0.5493172405986115,0.012750387191772461,-0.15202167458522808,-32.01415011072134,-1.4888466133477323,-2.0566947539365525,-1.325609982089702,0.1631922812173343,-6.714642743610909,0.5274928,0.34740114,80,0.9523809523809523,445666.14215438877,5696601.254048557,474.2033250050923,0.5493172405404039,0.012750387191772461,-0.15202167459517568,-32.014150110844675,-1.488846613158203,-2.056694754918319,-1.3256099822130523,0.16319228140685027,-6.71464274459268,0.5274928,0.34740114,445665.59283714823,5696601.24129817,474.3553466796875,-30.688540128631626,-1.652038894565057,4.65794798967437,460,frame_000460.png
8000,8000,129,102,0.7906976744186046,102,1.0,102,102,1.0,445666.1158058509,5696601.201990966,474.2097543377747,0.5073211840353906,-0.026358955539762974,-0.14543975402216347,-32.076512645466366,-2.9605049587287167,-2.196789948606323,-1.3364454551286542,0.026955358498611304,-6.589431493303579,0.5808835,0.39369515,102,1.0,445666.1158058509,5696601.201990967,474.2097543377763,0.5073211840353906,-0.0263589546084404,-0.14543975402057185,-32.07651264545559,-2.9605049588336825,-2.1967899485396525,-1.3364454551178824,0.02695535839364993,-6.589431493236901,0.5808835,0.39369515,445665.60848466685,5696601.228349921,474.3551940917969,-30.74006719033771,-2.9874603172273195,4.392641544697252,461,frame_000461.png
8002,8001,123,95,0.7723577235772358,95,1.0,95,93,0.9789473684210527,445666.14011046756,5696601.196102337,474.2077973335079,0.5156460950965993,-0.01523946039378643,-0.1428801567264486,-32.007577823519576,-4.205459276270481,-1.4116472960245585,-1.345201909383377,-0.07147234847829509,-5.141146747443855,0.54061085,0.38429528,93,0.9789473684210527,445666.1401104676,5696601.196102337,474.2077973335056,0.515646095154807,-0.01523946039378643,-0.14288015672877918,-32.007577823514275,-4.205459275938678,-1.4116472959680628,-1.345201909378062,-0.07147234814647163,-5.141146747387353,0.54061085,0.38429528,445665.62446437246,5696601.211341797,474.3506774902344,-30.662375914136206,-4.133986927792196,3.7294994514192834,462,frame_000462.png
8000,8000,98,83,0.8469387755102041,83,1.0,83,82,0.9879518072289156,445666.1194418975,5696601.16228981,474.2050424132702,0.4725059609627351,-0.017171128652989864,-0.1345266785266972,-32.216038292957435,-4.171181122110517,-1.1831458863334507,-1.3333391584379228,-0.16402731278873262,-4.539434500704516,0.549677,0.39570525,82,0.9879518072289156,445666.11944189755,5696601.16228981,474.20504241327166,0.4725059610209428,-0.017171128652989864,-0.13452667852521927,-32.21603829293195,-4.171181121913083,-1.1831458861852338,-1.3333391584124286,-0.164027312591287,-4.539434500556297,0.549677,0.39570525,445665.64693593653,5696601.179460939,474.3395690917969,-30.882699134519516,-4.007153809321791,3.3562886143710675,463,frame_000463.png
8000,8000,123,97,0.7886178861788617,97,1.0,97,95,0.979381443298969,445666.13316861546,5696601.174243624,474.2019679727655,0.4839476550114341,0.003587888553738594,-0.1302769002813875,-32.20240832895095,-3.6060308211952723,-1.746976520848706,-1.3565893184597542,-0.20374994729294826,-5.861473767396774,0.58650774,0.355456,95,0.979381443298969,445666.1331686153,5696601.174243624,474.2019679727594,0.4839476548368111,0.003587888553738594,-0.13027690028746974,-32.202408329110014,-3.6060308217886683,-1.746976522057025,-1.356589318618802,-0.2037499478863367,-5.861473768605094,0.58650774,0.355456,445665.64922096045,5696601.170655736,474.3322448730469,-30.8458190104912,-3.40228087390232,4.114497246548081,464,frame_000464.png
8000,8001,113,93,0.8230088495575221,93,1.0,93,93,1.0,445666.1503514568,5696601.171571397,474.19562879504366,0.5009829426417127,0.011509767733514309,-0.14021715222196462,-31.901887230553154,-3.648171116782277,-1.30127575734584,-1.3237502636079057,-0.11809581635696986,-5.047942716878794,0.57375646,0.40326068,93,1.0,445666.1503514503,5696601.171571399,474.19562879547277,0.5009829361806624,0.011509769596159458,-0.14021715179285366,-31.90188723105107,-3.648171154545129,-1.3012757667149144,-1.3237502641057972,-0.11809585411981516,-5.047942726247868,0.57375646,0.40326068,445665.64936851413,5696601.1600616295,474.3358459472656,-30.57813696694526,-3.530075300425319,3.746666959532966,465,frame_000465.png
8000,8000,120,91,0.7583333333333333,91,1.0,91,89,0.978021978021978,445668.14727038733,5696596.376313007,472.1640228559842,2.501811868743971,-4.780351406894624,-2.168191499484635,-25.86160789093405,22.470470080400048,-23.206872178443017,4.501003432220983,25.5859615599486,-27.393372896037874,22.520052,13.510932,89,0.978021978021978,445666.1156530274,5696601.173549193,474.1948996082005,0.47019450878724456,0.01688477862626314,-0.13731474726830584,-31.66883302495157,-3.252333235417726,-1.8079047200544418,-1.3062217017965452,-0.13684175586917036,-5.994405437649306,0.554139,0.36086038,445665.6454585186,5696601.156664414,474.3322143554688,-30.362611323155036,-3.1154914795485453,4.186500717594871,466,frame_000466.png
8000,8001,117,92,0.7863247863247863,92,1.0,92,90,0.9782608695652174,445666.11973636836,5696601.204428277,474.1915022825129,0.4971083819982596,0.05027909856289625,-0.1448624635808642,-31.497352210073895,-3.017280629078104,-0.7422775976369428,-1.311617928662514,-0.18771471872605616,-4.1180396661169425,0.49805272,0.28973675,90,0.9782608695652174,445666.1197363692,5696601.204428265,474.1915022828532,0.4971083828131668,0.05027908645570278,-0.14486246324054264,-31.49735221847824,-3.0172805906468336,-0.7422776518020189,-1.3116179370668704,-0.1877146802947891,-4.118039720282013,0.49805272,0.28973675,445665.62262798636,5696601.154149178,474.33636474609375,-30.18573428141138,-2.829565910352057,3.375762068479995,467,frame_000467.png
8000,8000,115,81,0.7043478260869566,81,1.0,81,80,0.9876543209876543,445666.0820695694,5696601.162667044,474.18378613780095,0.4771455230657011,0.0014227060601115227,-0.15154101063654934,-31.65135389279421,-2.261627280021008,-2.1275013847994972,-1.270567137497153,-0.09081773424625794,-6.571561058892399,0.54606664,0.3599862,80,0.9876543209876543,445666.082069569,5696601.162667044,474.1837861378327,0.4771455226582475,0.0014227060601115227,-0.15154101060477387,-31.651353892798898,-2.2616272829984,-2.1275013849723035,-1.270567137501871,-0.09081773722365938,-6.571561059065203,0.54606664,0.3599862,445665.6049240463,5696601.161244338,474.3353271484375,-30.38078675529704,-2.170809545774753,4.444059674092891,468,frame_000468.png
8000,8000,104,79,0.7596153846153846,79,1.0,79,73,0.9240506329113924,445666.0854204193,5696601.250517639,474.17919851494355,0.5007174120983109,0.06430644821375608,-0.14514230536894956,-31.53351435730464,-2.669074927835542,-2.4292652676960644,-1.2331159208495706,-0.08008136843645275,-7.430219523594673,0.58144945,0.36107388,73,0.9240506329113924,445666.0854204185,5696601.250517638,474.17919851508213,0.5007174112834036,0.06430644728243351,-0.1451423052303653,-31.533514357897882,-2.6690749303386347,-2.4292652723752814,-1.233115921442817,-0.0800813709395527,-7.430219528273881,0.58144945,0.36107388,445665.5847030072,5696601.186211191,474.3243408203125,-30.30039843645506,-2.5889935593990843,5.000954255898598,469,frame_000469.png
8000,8000,98,74,0.7551020408163265,74,1.0,74,73,0.9864864864864865,445666.0602077881,5696601.287133639,474.1695048403768,0.514276618079748,0.05220298934727907,-0.1584980893106831,-31.209251612228744,-0.8997959238957104,-2.5511725536305105,-1.2490044790997388,0.10007757312786225,-7.7096109478474375,0.49749213,0.28578153,73,0.9864864864864865,445666.0602077931,5696601.287133654,474.1695048392559,0.5142766230856068,0.052203004248440266,-0.15849809043157848,-31.209251602618846,-0.8997959425159792,-2.5511724656811303,-1.2490044694898472,0.10007755450760669,-7.709610859898049,0.49749213,0.28578153,445665.54593117,5696601.234930649,474.3280029296875,-29.960247133129002,-0.9998734970235804,5.158438394216922,470,frame_000470.png
8001,8000,109,85,0.7798165137614679,85,1.0,85,84,0.9882352941176471,445666.049855866,5696601.322790295,474.1689922968919,0.5158502529375255,0.0633635614067316,-0.15144227342062777,-31.423519510772326,-0.8082342930297122,-3.057887188754205,-1.2675952851220416,0.06756382594883803,-8.79410327371329,0.5705878,0.3424935,84,0.9882352941176471,445666.0498558866,5696601.322790271,474.1689922960863,0.5158502735430375,0.06336353719234467,-0.1514422742262127,-31.423519520809247,-0.8082341204855902,-3.05788724221858,-1.2675952951589693,0.06756399849294326,-8.794103327177652,0.5705878,0.3424935,445665.53400561307,5696601.2594267335,474.3204345703125,-30.15592422565029,-0.8757981189785365,5.736216084959079,471,frame_000471.png
8000,8000,110,91,0.8272727272727273,91,1.0,91,91,1.0,445666.03534471325,5696601.355544632,474.16973110662224,0.5057869199663401,0.06767076533287764,-0.14441684259656995,-31.272734160539322,-0.4205842831753092,-3.0969909508551567,-1.2194457219535195,-0.09970732093142942,-8.810992599868001,0.5512798,0.28140837,91,1.0,445666.0353447132,5696601.355544635,474.1697311065451,0.5057869199081324,0.06767076812684536,-0.14441684267370647,-31.27273415944911,-0.4205842900038224,-3.0969909404344387,-1.2194457208632912,-0.09970732775994406,-8.810992589447295,0.5512798,0.28140837,445665.5295577933,5696601.287873867,474.3141479492188,-30.053288438585806,-0.32087696224388357,5.7140016490128485,472,frame_000472.png
8001,8000,111,81,0.7297297297297297,81,1.0,81,80,0.9876543209876543,445666.01677207294,5696601.373992101,474.1678486529775,0.5122924463939853,0.04913993086665869,-0.1602763470224886,-30.99204785445602,0.3684820906637385,-3.4478443668449383,-1.2416011317683058,0.0542024542336037,-9.416628967644385,0.5501339,0.37028757,80,0.9876543209876543,445666.0167720723,5696601.373992103,474.16784865284785,0.512292445753701,0.04913993272930384,-0.16027634715214845,-30.992047853347906,0.3684820802284992,-3.447844356089638,-1.2416011306602002,0.054202443798374134,-9.41662895688907,0.5501339,0.37028757,445665.50447962654,5696601.32485217,474.328125,-29.750446722687705,0.3142796364301251,5.9687846007994345,473,frame_000473.png
8000,8000,95,80,0.8421052631578947,80,1.0,80,70,0.875,445666.0125497393,5696601.468401415,474.18521684192564,0.4980242725578137,0.11015881597995758,-0.12948042369936275,-31.05885293565247,-3.8136318907220077,-4.670291859540915,-1.279894644472762,-0.255149415568269,-12.124074015334202,0.48191598,0.29593936,70,0.875,445666.01254973904,5696601.468401417,474.18521684196253,0.49802427232498303,0.11015881784260273,-0.12948042366247137,-31.05885293459372,-3.813631896046869,-4.67029185326152,-1.2798946434139964,-0.25514942089310466,-12.124074009054823,0.48191598,0.29593936,445665.5145254667,5696601.358242599,474.314697265625,-29.778958291179713,-3.558482475153753,7.453782155793288,474,frame_000474.png
8000,8001,91,74,0.8131868131868132,74,1.0,74,74,1.0,835804.6794304007,9431433.785427907,-3037618.57876462,390139.1637964538,3734832.4167918293,-3038092.888945284,170.5277674891128,-18.057501805597376,44.89357136640613,-159.53144382996516,-14.816470506675358,37.99303649491523,242.1478,138.53497,74,1.0,445666.00661463424,5696601.438757311,474.2057925618177,0.49098068731836975,0.07012123242020607,-0.10438810224479766,-31.212549216584502,-3.342977873626348,-4.314278433198049,-1.2717605356624233,-0.10194657470432844,-11.21481330468896,0.6489382,0.46497047,445665.5156339469,5696601.368636078,474.3101806640625,-29.940788680922083,-3.241031298922026,6.9005348714909,475,frame_000475.png
8000,8000,95,69,0.7263157894736842,69,1.0,69,67,0.9710144927536232,445665.9868749963,5696601.445730852,474.21912910931684,0.5191961781820282,0.0551806865260005,-0.14326713091753618,-31.285275432830687,-0.4213592462106462,-3.189023278847604,-1.26378121722135,0.09436756057306184,-9.039124775615676,0.4488708,0.24909504,67,0.9710144927536232,445665.986874997,5696601.445730848,474.21912910944354,0.5191961788805202,0.0551806828007102,-0.1432671307908322,-31.285275434698704,-0.42135923188298036,-3.1890232947180346,-1.263781219089367,0.09436757490072978,-9.039124791486103,0.4488708,0.24909504,445665.4676788181,5696601.390550165,474.3623962402344,-30.02149421560933,-0.5157268067837062,5.850101496768074,476,frame_000476.png
8000,8000,121,80,0.6611570247933884,80,1.0,80,80,1.0,445665.9095420746,5696601.474324417,474.23255655295833,0.4706306376028806,0.0729831624776125,-0.15178182594797818,-30.86679168219009,2.119677083480623,-2.1208477863078756,-1.1665332392182393,-0.10463623611133244,-6.841367931420848,0.4920453,0.2862114,80,1.0,445665.9095420745,5696601.474324417,474.2325565529575,0.4706306374864653,0.0729831624776125,-0.15178182594883083,-30.866791682083637,2.119677081790418,-2.1208477851197203,-1.1665332391117715,-0.10463623780154307,-6.841367930232707,0.4920453,0.2862114,445665.438911437,5696601.401341255,474.3843383789063,-29.70025844297186,2.224313319591949,4.720520145112973,477,frame_000477.png
8000,8000,104,71,0.6826923076923077,71,1.0,71,71,1.0,445665.86552438093,5696601.413323263,474.24143454898865,0.45817631180398166,0.008276229724287987,-0.16182472835509998,-31.647688059628617,0.6558598072771451,-2.883469002256221,-1.3048450996939494,-0.036460810220773965,-8.075045112739247,0.5192248,0.30356398,71,1.0,445665.86552438035,5696601.413323263,474.2414345489522,0.45817631122190505,0.008276229724287987,-0.1618247283915366,-31.647688059744166,0.6558598046312802,-2.883469004006373,-1.3048450998094836,-0.03646081286663616,-8.075045114489399,0.5192248,0.30356398,445665.40734806913,5696601.405047033,474.40325927734375,-30.34284295993468,0.6923206174979217,5.191576110483037,478,frame_000478.png
8002,8000,49,42,0.8571428571428571,42,1.0,42,42,1.0,445627.14621287707,5696623.074025082,313.2161566043793,-38.23268798436038,21.66580448579043,-161.1891168331207,152.29908731161208,-28.97815405516508,-10.293913801954144,178.15147938050404,-15.68403180995395,-24.535214321166052,243.01753,148.71013,42,1.0,445665.8462887265,5696601.4165437315,474.19751412157353,0.4673878650646657,0.00832313485443592,-0.20775931592646657,-27.292553426556957,-13.516948820636122,-13.191253091861546,-1.4401613576649765,-0.22282657542498896,-27.432553611073445,0.62241733,0.3548108,445665.3789008614,5696601.408220597,474.4052734375,-25.85239206889197,-13.294122245211131,14.241300519211897,479,frame_000479.png
8000,8000,111,94,0.8468468468468469,94,1.0,94,94,1.0,-10607074.167610561,-10190070.67917978,-12730049.17529674,-11052739.487731865,-15886671.84755031,-12730523.60208507,143.92137464935976,-4.081160921459533,-48.43512533691835,122.19621414743062,-9.154714170673799,-45.44079569924929,309.51334,132.97926,94,1.0,445665.6920415819,5696601.4993757,474.184512305771,0.3719202788779512,0.3310051690787077,-0.2422760243071025,20.066353682215354,5.371375529669401,5.34489310592451,-1.658806819713817,0.2978222804551365,8.339222743593552,0.58892447,0.3207673,445665.320121303,5696601.168370531,474.4267883300781,21.725160501929164,5.0735532492142745,-2.9943296376690416,480,frame_000480.png
8002,8000,105,84,0.8,84,1.0,84,83,0.9880952380952381,445669.8948749744,5696605.7702415725,472.1301599420117,4.517514856997877,4.608467380516231,-2.2751134954883128,44.63996686115922,33.160432687744546,8.918792478105777,-0.5380476885361247,37.346359458400315,16.17543300366094,16.661938,14.469095,83,0.9880952380952381,445665.6185854257,5696601.708989597,474.223453552919,0.24122530833119527,0.54721540492028,-0.18181988458098886,42.752989781377075,-4.0115486824776285,9.525671433975363,-2.4250247683182806,0.1743780881781447,16.782311959530546,0.55095273,0.27599818,445665.3773601174,5696601.161774192,474.4052734375,45.17801454969534,-4.185926770655762,-7.256640525555174,481,frame_000481.png
8000,8000,115,95,0.8260869565217391,95,1.0,95,94,0.9894736842105263,445665.4986405029,5696601.937742655,474.2361323138735,0.04406415193807334,0.6821415331214666,-0.16898853573587758,64.62737537377473,-0.15465919184101756,10.833132931166789,-4.994060823167047,-0.41961350344459447,18.559399715513564,0.4899396,0.2587026,94,0.9894736842105263,445665.4986405041,5696601.937742656,474.2361323137414,0.044064153102226555,0.6821415340527892,-0.16898853586798168,64.62737537445676,-0.1546591812761421,10.833132928470777,-4.994060822485039,-0.41961349287970506,18.559399712817566,0.4899396,0.2587026,445665.454576351,5696601.255601122,474.4051208496094,69.62143619694179,0.26495431160356353,-7.7262667843467865,482,frame_000482.png
8000,8001,129,103,0.7984496124031008,103,1.0,103,102,0.9902912621359223,445665.2498605,5696602.236385624,474.24254082967155,-0.23420071334112436,0.521077630110085,-0.19483710001594545,87.27653214827235,0.18407655043459611,6.451980793503706,-0.4309360582124384,0.03699024632800274,10.31038764947371,0.5259814,0.28054625,102,0.9902912621359223,445665.2498604999,5696602.236385624,474.24254082967263,-0.23420071339933202,0.521077630110085,-0.19483710001486543,87.27653214818334,0.18407654914006047,6.4519807938211535,-0.4309360583014552,0.03699024503347914,10.310387649791153,0.5259814,0.28054625,445665.4840612133,5696601.715307994,474.4373779296875,87.70746820648479,0.1470863041065813,-3.858406855970004,483,frame_000483.png
8000,8000,158,116,0.7341772151898734,116,1.0,116,115,0.9913793103448276,445664.8510663116,5696602.867115547,474.2598672581382,-0.4586921451264061,0.47637587785720825,-0.18639128678370298,119.1203223996496,-1.8313356584827098,5.544104956085993,-0.9734946177145218,-0.2040523131219345,9.385829119179022,0.5593615,0.40143928,115,0.9913793103448276,445664.8510663116,5696602.867115547,474.25986725813067,-0.4586921451264061,0.47637587785720825,-0.1863912867912063,119.12032239964145,-1.8313356584714477,5.544104955905343,-0.9734946177226789,-0.20405231311065108,9.385829118998373,0.5593615,0.40143928,445665.3097584567,5696602.390739669,474.4462585449219,120.09381701736412,-1.6272833453607856,-3.841724163093036,484,frame_000484.png
8000,8000,182,131,0.7197802197802198,131,1.0,131,131,1.0,445664.60259411763,5696603.141548458,474.2698104826854,-0.5429089507670142,0.4775582728907466,-0.16677398997086357,121.81747070169742,-2.8490698203715703,3.773128679462783,-1.1052797130270449,-0.27952502565204895,5.803532437339015,0.49978328,0.32034224,131,1.0,445664.6025941186,5696603.141548457,474.26981048257494,-0.5429089497774839,0.477558271959424,-0.16677399008131033,121.8174707010769,-2.8490698273113995,3.773128676913958,-1.105279713647576,-0.27952503259189143,5.803532434790185,0.49978328,0.32034224,445665.1455030684,5696602.663990185,474.43658447265625,122.92275041472446,-2.5695447947195125,-2.0304037578762375,485,frame_000485.png
8000,8001,171,132,0.7719298245614035,132,1.0,132,131,0.9924242424242424,445664.35167267005,5696603.417333507,474.27596681593127,-0.4037531484500505,0.2994886850938201,-0.1626318168812304,122.17445307986664,-2.16896117483408,2.208405850673201,-1.125295875145781,-0.19435936464276438,2.8322210918022392,0.51498514,0.29973072,131,0.9924242424242424,445664.3516726703,5696603.417333507,474.2759668158826,-0.40375314821721986,0.2994886850938201,-0.16263181692988837,122.1744530797666,-2.168961175537302,2.2084058496245755,-1.1252958752458255,-0.1943593653459743,2.8322210907536203,0.51498514,0.29973072,445664.7554258185,5696603.117844822,474.4385986328125,123.29974895501242,-1.9746018101913223,-0.6238152411290402,486,frame_000486.png
8001,8000,168,134,0.7976190476190477,134,1.0,134,133,0.9925373134328358,445664.08827390283,5696603.706689235,474.2835367909603,-0.47154434834374115,0.3763923980295658,-0.16168415630534128,122.52018781930866,-1.733300345535988,2.5378427629290505,-1.2092874593781175,-0.06533250007197466,3.3827157106000243,0.5443931,0.33783516,133,0.9925373134328358,445664.0882739053,5696603.706689235,474.28353679058876,-0.4715443458990194,0.3763923980295658,-0.16168415667686986,122.52018781797614,-1.733300353457558,2.537842751422965,-1.209287460710641,-0.06533250799355983,3.38271569909395,0.5443931,0.33783516,445664.5598182512,5696603.330296837,474.4452209472656,123.72947527868679,-1.667967845464002,-0.8448729476709766,487,frame_000487.png
8000,8000,177,142,0.8022598870056498,142,1.0,142,142,1.0,445663.8332197407,5696603.973314039,474.28496119377706,-0.5437016275245696,0.42652039136737585,-0.1606564820042422,122.9420305797011,-2.739260335045753,2.657501732765291,-1.2325045376264825,-0.0979373455748771,3.5454626227300707,0.58653706,0.36351204,142,1.0,445663.83321974205,5696603.9733140385,474.2849611936358,-0.5437016261857934,0.4265203904360533,-0.1606564821454981,122.94203057906722,-2.739260342535328,2.657501728282256,-1.2325045382603435,-0.09793735306445228,3.5454626182470292,0.58653706,0.36351204,445664.37692136824,5696603.546793648,474.4456176757813,124.17453511732757,-2.6413229894708814,-0.8879608899647693,488,frame_000488.png
8001,8000,189,138,0.7301587301587301,138,1.0,138,138,1.0,445663.6395315296,5696604.262169985,474.2722841969097,-0.5515997046022676,0.49771456234157085,-0.17629368394966605,122.77107403792104,-2.4929243917901296,3.4005498866302935,-1.2727730889378677,0.01168049214490452,5.058149093491039,0.51991767,0.3008576,138,1.0,445663.63953153003,5696604.262169985,474.27228419688106,-0.551599704194814,0.49771456234157085,-0.17629368397831513,122.7710740376613,-2.492924393102697,3.4005498848088886,-1.2727730891976137,0.011680490832333135,5.058149091669634,0.51991767,0.3008576,445664.1911312342,5696603.764455423,474.4485778808594,124.0438471268589,-2.5046048839350297,-1.6575992068607577,489,frame_000489.png
8001,8000,176,142,0.8068181818181818,142,1.0,142,134,0.9436619718309859,445663.4271684075,5696604.54098688,474.2664739325679,-0.45243950124131516,0.3291226392611861,-0.1765497490727057,122.6139849129855,-1.9448655690598764,4.827452426340741,-1.18669397170612,-0.021435706532798804,7.754624140901029,0.60619277,0.355706,134,0.9436619718309859,445663.42716840794,5696604.540986879,474.2664739325731,-0.45243950077565387,0.32912263832986355,-0.17654974906753296,122.61398491278396,-1.9448655727431392,4.827452425391194,-1.18669397190763,-0.021435710216053394,7.754624139951488,0.60619277,0.355706,445663.8796079087,5696604.2118642405,474.4430236816406,123.8006788846916,-1.9234298625270831,-2.92717171456029,490,frame_000490.png
8001,8000,146,106,0.726027397260274,106,1.0,106,104,0.9811320754716981,445663.24387096707,5696604.832764848,474.2566699773254,-0.48385767033323646,0.3907544370740652,-0.1898937433777519,122.3902943296953,-2.8517241198608936,5.403859118114827,-1.242351485187612,0.013108694711007729,8.833666152212515,0.6189436,0.33315527,104,0.9811320754716981,445663.24387096945,5696604.832764846,474.2566699774842,-0.48385766794672236,0.39075443521142006,-0.18989374321893138,122.39029432905923,-2.8517241372834814,5.403859113123394,-1.24235148582369,0.013108677288414583,8.833666147221095,0.6189436,0.33315527,445663.7277286374,5696604.442010411,474.4465637207031,123.6326458148829,-2.8648328145718978,-3.429807034097695,491,frame_000491.png
8000,8000,128,98,0.765625,98,1.0,98,98,1.0,445663.0579271392,5696605.107894518,474.2378159302406,-0.5323272969108075,0.425479450263083,-0.18265526116573483,122.46999595063565,-4.32951755974448,5.580359990736464,-1.207105296996673,-0.07801264315895651,9.038630730177232,0.6159023,0.45491576,98,1.0,445663.0579271402,5696605.107894518,474.2378159302852,-0.5323272959212773,0.425479450263083,-0.18265526112111274,122.4699959505467,-4.329517560689017,5.580359984536276,-1.2071052970856044,-0.07801264410349518,9.038630723977036,0.6159023,0.45491576,445663.59025443613,5696604.682415068,474.4204711914063,123.67710124763232,-4.251504916585515,-3.458270739440755,492,frame_000492.png
8000,8000,114,85,0.7456140350877193,85,1.0,85,84,0.9882352941176471,445662.9019749273,5696605.422647696,474.2239123437569,-0.5518666456337087,0.50171307194978,-0.17650879882120307,121.6257550756428,-3.418428569216723,5.887375878970136,-1.3666130610930054,0.13119179475191345,9.779135922102085,0.53214073,0.30508834,84,0.9882352941176471,445662.90197492734,5696605.422647696,474.22391234375664,-0.551866645575501,0.50171307194978,-0.1765087988214873,121.62575507563166,-3.4184285693680034,5.887375878489359,-1.3666130611041467,0.1311917946006247,9.779135921621304,0.53214073,0.30508834,445663.4538415729,5696604.920934624,474.4004211425781,122.99236813673579,-3.549620363968625,-3.891760043131946,493,frame_000493.png
8000,8000,133,110,0.8270676691729323,110,1.0,110,105,0.9545454545454546,445662.7229516212,5696605.682482434,474.2271814509842,-0.4779799293028191,0.3206904651597142,-0.16844843182832392,122.13559672221875,-2.5563034549230146,6.227827972470424,-1.4208918355188302,-0.015682273512737765,10.189493255040475,0.58273053,0.42619345,105,0.9545454545454546,445662.72295161773,5696605.6824824335,474.22718145109104,-0.47797993279527873,0.32069046422839165,-0.1684484317214583,122.13559672177735,-2.5563034524840744,6.227827995637265,-1.4208918359602478,-0.015682271073814036,10.189493278207294,0.58273053,0.42619345,445663.2009315505,5696605.361791969,474.3956298828125,123.5564885577376,-2.540621181410272,-3.9616652825700385,494,frame_000494.png
8000,8000,128,109,0.8515625,109,1.0,109,104,0.9541284403669725,445662.57191362785,5696605.872415665,474.2246022675691,-0.5080385562032461,0.3088269419968128,-0.19242043750904259,122.48919231476846,-1.701985750693477,6.600976428002333,-1.4468940902538066,-0.15613863238496606,10.789628436700468,0.51545894,0.29163575,104,0.9541284403669725,445662.57191362797,5696605.872415665,474.2246022676404,-0.5080385560868308,0.3088269419968128,-0.1924204374377041,122.48919231495998,-1.7019857484285912,6.600976425708052,-1.446894090062301,-0.15613863012006846,10.789628434406183,0.51545894,0.29163575,445663.07995218405,5696605.563588723,474.4170227050781,123.93608640502227,-1.5458471183085147,-4.188652008698129,495,frame_000495.png
8000,8000,150,114,0.76,114,1.0,114,111,0.9736842105263158,445662.4455222078,5696606.098969453,474.2270008661555,-0.5099645332084037,0.33606008160859346,-0.1932261846258143,122.54132384881154,-1.0705063816215483,5.850116841462277,-1.485549156303989,-0.27328308215734864,9.435332229586521,0.54992616,0.33237845,111,0.9736842105263158,445662.44552220765,5696606.098969453,474.2270008662211,-0.5099645333830267,0.33606008160859346,-0.193226184560217,122.5413238489944,-1.070506378883898,5.850116840878075,-1.4855491561211238,-0.27328307941971275,9.435332229002341,0.54992616,0.33237845,445662.95548674103,5696605.762909371,474.4202270507813,124.02687300511552,-0.7972232994641979,-3.585215388124257,496,frame_000496.png
8000,8000,144,123,0.8541666666666666,123,1.0,123,123,1.0,445662.25550782273,5696606.358423232,474.23699681314275,-0.5647064953809604,0.41345361340790987,-0.18493922201349733,122.86632290268096,-1.2243040739106963,5.154690104114312,-1.4910411701990824,-0.10303075605483514,8.076340971527515,0.6443975,0.44276544,123,1.0,445662.2555078226,5696606.358423232,474.2369968131823,-0.5647064954973757,0.41345361340790987,-0.1849392219739343,122.86632290275826,-1.2243040722875664,5.154690103943722,-1.4910411701218038,-0.10303075443172816,8.076340971356927,0.6443975,0.44276544,445662.8202143181,5696605.944969619,474.42193603515625,124.35736407288006,-1.1212733178558496,-2.9216508674132036,497,frame_000497.png
8002,8000,129,111,0.8604651162790697,111,1.0,111,105,0.9459459459459459,445662.1234862211,5696606.616082789,474.2526146122718,-0.41180510667618364,0.2999153072014451,-0.16886365921254765,123.15102867071633,-6.136865929304806,4.8391795655027074,-1.6669539848769546,0.19168773120412652,7.789397336448644,0.5570533,0.34360993,105,0.9459459459459459,445662.12348622247,5696606.616082789,474.2526146121262,-0.41180510533740744,0.2999153072014451,-0.16886365935818048,123.15102867012192,-6.136865935631876,4.839179559849618,-1.6669539854713662,0.1916877248770561,7.789397330795566,0.5570533,0.34360993,445662.5352913278,5696606.316167482,474.4214782714844,124.8179826555933,-6.328553660508921,-2.9502177709459425,498,frame_000498.png
8000,8002,112,93,0.8303571428571429,93,1.0,93,89,0.956989247311828,445661.89236819214,5696606.791984835,474.27567873691504,-0.5090599877294153,0.31601286958903074,-0.10661496425683481,123.43534325373052,-12.49842682416178,4.66551525233156,-1.5034321812956932,0.02974820396019595,7.320702249953143,0.57363814,0.44931662,89,0.956989247311828,445661.8923681855,5696606.791984833,474.2756787370279,-0.5090599943650886,0.3160128677263856,-0.10661496414400062,123.4353432603265,-12.498426811353456,4.665515292358803,-1.503432174699725,0.02974821676852457,7.320702289980403,0.57363814,0.44931662,445662.4014281799,5696606.475971965,474.3822937011719,124.93877543502623,-12.528175028121971,-2.655186997621596,499,frame_000499.png
8000,8000,105,91,0.8666666666666667,91,1.0,91,91,1.0,445661.80815544823,5696606.904163519,474.2810771321811,-0.4887017889996059,0.31952777970582247,-0.1074421549282647,123.07127358627991,-5.976165704271625,4.735327880875453,-1.4690767843700883,-0.05484254216750628,7.5011623481534855,0.53729916,0.35541826,91,1.0,445661.8081554398,5696606.904163522,474.2810771319838,-0.48870179743971676,0.3195277824997902,-0.1074421551255682,123.07127358934777,-5.976165661182489,4.735327913038886,-1.469076781302249,-0.054842499078375795,7.501162380316913,0.53729916,0.35541826,445662.29685723723,5696606.584635739,474.3885192871094,124.54035037065,-5.921323162104119,-2.765834467278031,500,frame_000500.png
8000,8001,125,113,0.904,113,1.0,113,109,0.9646017699115044,445661.7141564089,5696606.928366414,474.27799290772145,-0.4390964546473697,0.22781640384346247,-0.15074854735667031,122.9754662986875,-4.500929397620176,4.870968573828312,-1.4359636488101444,0.08174674791138159,7.474379077618551,0.5581245,0.28046736,109,0.9646017699115044,445661.7141564073,5696606.928366412,474.2779929076942,-0.4390964562771842,0.22781640198081732,-0.1507485473838983,122.97546629901127,-4.500929397296032,4.870968585360677,-1.4359636484863643,0.08174674823553119,7.474379089150915,0.5581245,0.28046736,445662.15325286356,5696606.70055001,474.4287414550781,124.41142994749764,-4.582676145531568,-2.6034105037902457,501,frame_000501.png
8001,8000,129,117,0.9069767441860465,117,1.0,117,114,0.9743589743589743,445661.6944517692,5696606.973382594,474.27413790809885,-0.44343960873084143,0.25735364109277725,-0.17065579307302414,123.14468942345863,-1.6893209011863168,5.837416337620118,-1.4767229574331964,0.2259330634486787,9.465505773901157,0.6017509,0.36747465,114,0.9743589743589743,445661.69445176807,5696606.973382594,474.274137908039,-0.443439609836787,0.25735364109277725,-0.17065579313288026,123.14468942354965,-1.689320897744674,5.837416343331973,-1.47672295734219,0.22593306689032033,9.46550577961304,0.6017509,0.36747465,445662.1378913779,5696606.716028953,474.4447937011719,124.62141238089183,-1.9152539646350009,-3.6280894362810536,502,frame_000502.png
8001,8000,140,128,0.9142857142857143,128,1.0,128,127,0.9921875,445661.7153269737,5696606.976570803,474.2778925111431,-0.40948379889596254,0.24399019591510296,-0.17202814315379555,123.27125187276263,-2.537214095012471,5.69364953872883,-1.481494300522229,0.006869063375290807,9.316205842157956,0.58944774,0.3889133,127,0.9921875,445661.7153269738,5696606.976570803,474.2778925111435,-0.4094837987795472,0.24399019591510296,-0.17202814315339765,123.27125187275871,-2.5372140952561213,5.693649538329708,-1.4814943005261512,0.006869063131631492,9.31620584175883,0.58944774,0.3889133,445662.1248107726,5696606.732580607,474.4499206542969,124.75274617328488,-2.5440831583877483,-3.622556303429126,503,frame_000503.png
8000,8000,129,106,0.8217054263565892,106,1.0,106,106,1.0,445661.6750312306,5696607.003387879,474.2766585784625,-0.44217496912460774,0.25767933018505573,-0.1649002594281228,123.16107962661381,-2.0845223839061746,5.440376721652965,-1.4187041053165785,0.3896977609517762,8.736349124494353,0.6076735,0.35564226,106,1.0,445661.67503122723,5696607.00338788,474.27665857827094,-0.4421749725006521,0.2576793311163783,-0.16490025961968513,123.16107962718435,-2.0845223645337105,5.440376732820479,-1.4187041047460411,0.38969778032424074,8.736349135661868,0.6076735,0.35564226,445662.11720619973,5696606.745708548,474.4415588378906,124.57978373193038,-2.474220144857963,-3.2959724028413806,504,frame_000504.png
8000,8000,124,108,0.8709677419354839,108,1.0,108,106,0.9814814814814815,445661.65029274166,5696607.052444652,474.2862423101821,-0.4329202903318219,0.25440738070756197,-0.16523474059920318,122.6013791146828,-4.256297409459656,5.44718425096445,-1.5661995568984821,0.1206675867001934,8.58707936325419,0.57476974,0.3534974,106,0.9814814814814815,445661.6502927404,5696607.052444653,474.2862423101756,-0.43292029161239043,0.25440738163888454,-0.16523474060568333,122.60137911479455,-4.256297399945038,5.447184253645972,-1.566199556786728,0.12066759621481538,8.587079365935693,0.57476974,0.3534974,445662.083213032,5696606.798037271,474.4514770507813,124.1675786715813,-4.376964996159848,-3.1398951122897323,505,frame_000505.png
8000,8000,125,114,0.912,114,1.0,114,113,0.9912280701754386,445661.59387250047,5696607.04967221,474.2618876047006,-0.4602127234102227,0.21321291849017143,-0.1696614675650494,123.2660783840643,-3.6375643988010906,5.254325856289276,-1.5264174303627556,-0.03172597091707985,8.105447800029197,0.5869988,0.3266969,113,0.9912280701754386,445661.59387250233,5696607.0496722115,474.26188760486593,-0.46021272154757753,0.21321292035281658,-0.1696614673996919,123.2660783834096,-3.637564398197625,5.25432584252378,-1.5264174310174212,-0.03172597031360169,8.105447786263682,0.5869988,0.3266969,445662.0540852239,5696606.836459291,474.4315490722656,124.79249581442704,-3.6058384278840228,-2.8511219437399067,506,frame_000506.png
8000,8000,135,114,0.8444444444444444,114,1.0,114,112,0.9824561403508771,445661.61135318986,5696607.082852036,474.258316033666,-0.4212544622714631,0.2429153686389327,-0.17381287258399425,123.15363957604373,-3.476327151599397,4.616789444887239,-1.5100181391559317,0.04608427134363069,7.100155575033995,0.5456971,0.30128485,112,0.9824561403508771,445661.61135318887,5696607.082852036,474.2583160336165,-0.42125446326099336,0.2429153686389327,-0.17381287263350487,123.15363957629457,-3.4763271474403052,4.616789449311403,-1.5100181389050817,0.04608427550272154,7.100155579458175,0.5456971,0.30128485,445662.03260765213,5696606.839936667,474.43212890625,124.66365771519965,-3.5224114229430237,-2.4833661301467616,507,frame_000507.png
8000,8000,143,127,0.8881118881118881,127,1.0,127,125,0.984251968503937,445661.59729229996,5696607.064869838,474.2622860382669,-0.42176010564435273,0.22826050966978073,-0.15662875665498177,123.5505694300136,-4.2609293887764235,4.095070890928688,-1.3958675649958536,0.08530326052618875,6.108621511201136,0.58741534,0.33008116,125,0.984251968503937,445661.59729229636,5696607.064869838,474.26228603814104,-0.4217601092532277,0.22826050966978073,-0.1566287567808331,123.55056943105247,-4.260929378860989,4.095070910511605,-1.3958675639569833,0.08530327044161368,6.108621530784063,0.58741534,0.33008116,445662.0190524056,5696606.836609328,474.4189147949219,124.94643699500945,-4.3462326493026,-2.013550620272459,508,frame_000508.png
8000,8000,153,131,0.8562091503267973,131,1.0,131,128,0.9770992366412213,445661.6020447761,5696607.011622944,474.2692843846402,-0.41250695480266586,0.22437771689146757,-0.1731899805942021,123.04349326050409,-2.738784677769063,5.323218322600159,-1.5570848587948944,-0.005855005615501341,8.352252854018701,0.55699444,0.32064763,128,0.9770992366412213,445661.6020447688,5696607.011622942,474.26928438445753,-0.4125069620786235,0.22437771502882242,-0.17318998077684,123.0434932615833,-2.738784662626509,5.323218364812318,-1.5570848577156653,-0.005854990472954569,8.352252896230851,0.55699444,0.32064763,445662.0145517309,5696606.787245227,474.4424743652344,124.60057811929897,-2.7329296721535594,-3.029034531418537,509,frame_000509.png
8001,8000,123,101,0.8211382113821138,101,1.0,101,101,1.0,445661.5919097673,5696606.975373559,474.26473583704916,-0.4253367304918356,0.20121615566313267,-0.17676196568521618,123.27632947803257,-2.8423920435120604,4.988400670063788,-1.5827335037225225,-0.040883809061597276,7.66594077376709,0.57739943,0.3085148,101,1.0,445661.5919097672,5696606.975373559,474.26473583705547,-0.42533673060825095,0.20121615566313267,-0.17676196567890656,123.27632947802275,-2.842392042508845,4.9884006701361585,-1.582733503732328,-0.0408838080583962,7.665940773839452,0.57739943,0.3085148,445662.0172464978,5696606.774157403,474.4414978027344,124.85906298175507,-2.8015082344504565,-2.677540103703294,510,frame_000510.png
8000,8003,135,119,0.8814814814814815,119,1.0,119,118,0.9915966386554622,445661.5906625692,5696606.952562512,474.24999949785496,-0.4300185068859719,0.20509196259081364,-0.185547377145042,123.32682249922244,-2.7050665466006656,4.492190506069653,-1.60942483298669,-0.2822602502343159,6.661797299254772,0.57102716,0.35997602,118,0.9915966386554622,445661.5906625691,5696606.952562512,474.2499994978497,-0.4300185070023872,0.20509196259081364,-0.1855473771502716,123.3268224992347,-2.705066546043687,4.492190506428942,-1.6094248329744119,-0.28226024967733565,6.661797299614051,0.57102716,0.35997602,445662.0206810761,5696606.747470549,474.435546875,124.93624733220912,-2.422806296366342,-2.1696067931851077,511,frame_000511.png
8001,8000,141,121,0.8581560283687943,121,1.0,121,120,0.9917355371900827,445661.5948596308,5696606.929152951,474.2454288294526,-0.4162883850513026,0.20479080732911825,-0.1782161900787287,122.91873441871462,-3.0151676630793545,4.374866377471583,-1.6235623726190624,-0.08486966059996348,6.425546755480298,0.60420823,0.36006054,120,0.9917355371900827,445661.5948596323,5696606.929152951,474.2454288295505,-0.41628838353790343,0.20479080732911825,-0.17821618998078748,122.91873441834429,-3.0151676686179862,4.3748663701101975,-1.6235623729893973,-0.08486966613858726,6.425546748118904,0.60420823,0.36006054,445662.01114801585,5696606.724362143,474.4236450195313,124.5422967913337,-2.930298002479395,-2.0506803780087037,512,frame_000512.png
8001,8000,136,120,0.8823529411764706,120,1.0,120,116,0.9666666666666667,445661.5740497396,5696606.912001885,474.24632011891356,-0.43503617378883064,0.19757493305951357,-0.17241157053956613,122.7645755513034,-2.640488979301892,4.146517563651817,-1.5514458441586214,-0.088738055904372,5.877985321378105,0.5327988,0.28668782,116,0.9666666666666667,445661.5740497394,5696606.912001884,474.2463201188941,-0.4350361739634536,0.197574932128191,-0.17241157055900658,122.76457555135404,-2.6404889804719214,4.146517565903441,-1.551445844107974,-0.08873805707440852,5.87798532362973,0.5327988,0.28668782,445662.00908591336,5696606.7144269515,474.4187316894531,124.31602139546202,-2.5517509233975124,-1.7314677577262871,513,frame_000513.png
8000,8001,129,110,0.8527131782945736,110,1.0,110,110,1.0,445661.58141544426,5696606.914511536,474.2500574272922,-0.41997839917894453,0.21462969481945038,-0.17389276802032327,122.83106733684563,-2.475384165754863,3.895569559578618,-1.549787541170076,-0.032102715032010565,5.544080064482813,0.5425441,0.34115833,110,1.0,445661.58141544333,5696606.914511536,474.2500574272713,-0.4199784001102671,0.21462969481945038,-0.1738927680411848,122.83106733688278,-2.475384163903459,3.8955695647855433,-1.5497875411329574,-0.03210271318062041,5.544080069689727,0.5425441,0.34115833,445662.00139384344,5696606.699881841,474.4239501953125,124.38085487801573,-2.443281450722849,-1.6485105049041817,514,frame_000514.png
8000,8000,153,139,0.9084967320261438,139,1.0,139,138,0.9928057553956835,445661.56913327257,5696606.881472533,474.2559452835129,-0.4271567500545643,0.19746502954512835,-0.175817411799585,123.1205431385913,-2.1483794404900114,3.460225668041847,-1.5323167094792893,-0.08479111001912543,4.627856003805761,0.5988003,0.39060107,138,0.9928057553956835,445661.56913327496,5696606.881472534,474.25594528358107,-0.42715674766805023,0.19746503047645092,-0.17581741173142973,123.12054313848266,-2.148379447368822,3.4602256552670605,-1.532316709587917,-0.08479111689791807,4.62785599103097,0.5988003,0.39060107,445661.9962900226,5696606.684007503,474.4317626953125,124.65285984807059,-2.0635883304708926,-1.1676303357639084,515,frame_000515.png
8001,8000,126,108,0.8571428571428571,108,1.0,108,108,1.0,445661.5499765842,5696606.867802542,474.2583504430478,-0.44724268902791664,0.21646095905452967,-0.17460243781158624,122.88615905130686,-2.2626578698863353,3.9733273975502414,-1.55723829381688,-0.02005721575994812,5.5358718439786685,0.5635188,0.3553753,108,1.0,445661.5499765797,5696606.867802543,474.25835044287686,-0.44724269350990653,0.21646095998585224,-0.1746024379825144,122.8861590515333,-2.262657848194236,3.9733274158949827,-1.5572382935904443,-0.020057194067845785,5.535871862323404,0.5635188,0.3553753,445661.99721927324,5696606.651341583,474.4329528808594,124.44339734512374,-2.2426006541263863,-1.5625444464284155,516,frame_000516.png
8002,8001,131,124,0.9465648854961832,124,1.0,124,124,1.0,445661.57988991396,5696606.841847981,474.2607681303047,-0.4230005124118179,0.20548075903207064,-0.17786102008591342,122.92310063300515,-2.801503388137183,6.18604763762516,-1.6066826977873916,-0.5189762135146623,9.53952571997172,0.617709,0.3951749,124,1.0,445661.5798899145,5696606.84184798,474.260768130315,-0.42300051188794896,0.20548075810074806,-0.17786102007562477,122.92310063296328,-2.8015033911210097,6.186047636084861,-1.6066826978292568,-0.518976216498487,9.539525718431435,0.617709,0.3951749,445662.0028904264,5696606.636367222,474.4386291503906,124.52978333079254,-2.2825271746225124,-3.3534780823465655,517,frame_000517.png
8000,8000,115,97,0.8434782608695652,97,1.0,97,96,0.9896907216494846,445661.57570472243,5696606.845941149,474.25876905322986,-0.43388080009026453,0.2223318051546812,-0.18379686473895163,122.47045457374492,-1.7726361355421183,5.392578202815435,-1.5809878771024728,-0.08304685141979462,8.458322821216484,0.6139079,0.38766608,96,0.9896907216494846,445661.5757047224,5696606.845941149,474.2587690532254,-0.4338808001484722,0.2223318051546812,-0.1837968647433854,122.47045457374716,-1.7726361354359847,5.392578203198176,-1.5809878771002275,-0.08304685131366796,8.45832282159924,0.6139079,0.38766608,445662.0095855225,5696606.623609344,474.4425659179688,124.05144245084739,-1.6895892841223181,-3.0657446184010637,518,frame_000518.png
8001,8000,132,109,0.8257575757575758,109,1.0,109,109,1.0,445661.6014009411,5696606.811106883,474.25820043128306,-0.41260366048663855,0.20508793462067842,-0.1820156331700673,122.26164384363575,-3.482016841346343,4.2639267934809615,-1.5299202918708374,-0.14637432631678848,6.157449947108688,0.5698089,0.34372815,109,1.0,445661.601400942,5696606.811106885,474.2582004315075,-0.41260365955531597,0.20508793648332357,-0.18201563294564949,122.26164384333872,-3.482016834395559,4.2639267824251625,-1.5299202921679012,-0.14637431936600365,6.157449936052899,0.5698089,0.34372815,445662.0140046016,5696606.606018948,474.4402160644531,123.7915641355066,-3.335642515029551,-1.8935231536277244,519,frame_000519.png
8000,8000,134,114,0.8507462686567164,114,1.0,114,99,0.868421052631579,445661.61995984416,5696606.846101803,474.25729438901874,-0.3996676197857596,0.2711723614484072,-0.1643669879343861,122.20309711977879,-5.297895867843872,3.651677749787482,-1.632362470527994,0.785487001985814,4.673305162166457,0.53418815,0.35125658,99,0.868421052631579,445661.6199598439,5696606.846101805,474.25729438906455,-0.39966762001859024,0.2711723633110523,-0.1643669878885703,122.20309711967742,-5.297895860864354,3.6516777471359148,-1.6323624706293458,0.7854870089653332,4.673305159514882,0.53418815,0.35125658,445662.01962746395,5696606.574929441,474.4216613769531,123.83545959030677,-6.0833828698296895,-1.02162741237897,520,frame_000520.png
8000,8000,136,115,0.8455882352941176,115,1.0,115,115,1.0,445661.8892892767,5696606.73011234,474.23298709540455,-0.261511608841829,0.2136787148192525,-0.1194909319391968,122.96707675553219,-6.870803669575378,4.84062495336774,-1.5049949820241864,-0.48529451174943006,8.076806901256873,0.5394124,0.32671827,115,1.0,445661.889289277,5696606.730112338,474.2329870953446,-0.26151160849258304,0.21367871295660734,-0.1194909319991666,122.96707675551397,-6.870803677497805,4.84062495589279,-1.5049949820424047,-0.4852945196718679,8.076806903781915,0.5394124,0.32671827,445662.1508008855,5696606.5164336255,474.35247802734375,124.47207173755638,-6.385509157825941,-3.23618194788912,521,frame_000521.png
8000,8000,121,106,0.8760330578512396,106,1.0,106,106,1.0,445661.95081329276,5696606.619652955,474.24839499531544,-0.4077736957115121,0.21613785903900862,-0.17219826640337033,122.4447048197561,-2.3706610710949803,7.760880557232951,-1.4958086806309154,0.006819886231738792,13.153022491876072,0.5778222,0.3709214,106,1.0,445661.95081329247,5696606.619652955,474.2483949953019,-0.4077736960025504,0.21613785903900862,-0.17219826641689906,122.44470481979397,-2.37066107034933,7.760880559045922,-1.4958086805930293,0.006819886977382339,13.153022493689065,0.5778222,0.3709214,445662.35858698847,5696606.403515096,474.4205932617188,123.94051350038701,-2.377480957326722,-5.392141934643135,522,frame_000522.png
8001,8001,158,134,0.8481012658227848,134,1.0,134,134,1.0,445662.20098861726,5696606.514040954,474.26969591437836,-0.35056212439667434,0.21051380224525928,-0.19029554069976484,122.75475179338935,-0.45464863990576543,8.603112532644783,-1.4689456446971576,0.08046192083935466,15.233344979280503,0.5046858,0.34610718,134,1.0,445662.2009886178,5696606.5140409535,474.269695914352,-0.3505621238728054,0.2105138013139367,-0.1902955407261402,122.75475179335612,-0.4546486432068656,8.603112530940203,-1.468945644730411,0.08046191753825838,15.23334497757591,0.5046858,0.34610718,445662.55155074166,5696606.303527152,474.4599914550781,124.22369743808652,-0.5351105607451163,-6.6302324466357065,523,frame_000523.png
8000,8000,133,118,0.8872180451127819,118,1.0,118,118,1.0,445662.11980098946,5696606.951520325,474.26131999977355,-0.4802766464999877,0.33610161673277617,-0.1686421584295772,122.33882257514499,1.3383125573025318,7.790623851344643,-1.5460568631285696,0.23728721606829595,13.192671370709178,0.548375,0.32936707,118,1.0,445662.1198009887,5696606.951520325,474.26131999975655,-0.4802766472566873,0.33610161673277617,-0.16864215844657338,122.33882257511695,1.3383125616003069,7.7906238540937,-1.5460568631566218,0.23728722036608474,13.19267137345824,0.548375,0.32936707,445662.60007763596,5696606.615418708,474.4299621582031,123.88487943827357,1.10102534123423,-5.4020475193645305,524,frame_000524.png
8000,8000,114,105,0.9210526315789473,105,1.0,105,102,0.9714285714285714,445662.0169538703,5696607.096860529,474.2865029117107,-0.47998940059915185,0.3072102190926671,-0.14333717617989805,123.11466796896215,-8.243862014201476,7.10869756776325,-1.5563212258936119,0.13528205015819594,11.94277210497313,0.56928515,0.31777522,102,0.9714285714285714,445662.01695387054,5696607.096860528,474.28650291171294,-0.4799894003663212,0.30721021816134453,-0.14333717617768116,123.11466796889734,-8.2438620158329,7.108697567531023,-1.5563212259584134,0.13528204852678982,11.942772104740897,0.56928515,0.31777522,445662.4969432709,5696606.78965031,474.4298400878906,124.67098919485576,-8.379144064359682,-4.834074537209878,525,frame_000525.png
8000,8001,137,123,0.8978102189781022,123,1.0,123,119,0.967479674796748,445661.9786324179,5696607.195628137,474.28638421311456,-0.4254996292293072,0.27814295794814825,-0.12578619704169114,122.53096103387784,-7.1619047379451235,5.582749150861541,-1.754571930202161,-0.435724756901152,9.10204129792146,0.6175023,0.35501504,119,0.967479674796748,445661.97863241413,5696607.195628124,474.2863842129232,-0.42549963301280513,0.2781429449096322,-0.1257861972330261,122.53096103855317,-7.161904790713644,5.582749211793033,-1.7545719255268182,-0.4357248096696651,9.102041358852944,0.6175023,0.35501504,445662.40413204714,5696606.917485179,474.41217041015625,124.28553296408,-6.726179981043967,-3.519292147059904,526,frame_000526.png
8000,8000,123,110,0.8943089430894309,110,1.0,110,107,0.9727272727272728,445661.9614768753,5696607.190107805,474.2894222338713,-0.42983384197577834,0.25169942528009415,-0.13294104737872203,122.5205685013333,-6.118990919262638,6.867361376302748,-1.643347794105523,-0.2164486652691835,11.573948390902359,0.59585375,0.3330371,107,0.9727272727272728,445661.9614768719,5696607.190107806,474.28942223383376,-0.4298338453518227,0.2516994262114167,-0.1329410474162387,122.52056850279983,-6.118990904064109,6.867361390491208,-1.6433477926389912,-0.21644865007067438,11.573948405090817,0.59585375,0.3330371,445662.39131071727,5696606.938408379,474.42236328125,124.16391629543882,-5.902542253993449,-4.706587014599609,527,frame_000527.png
8000,8001,117,107,0.9145299145299145,107,1.0,107,107,1.0,445661.8628838932,5696607.164641869,474.28917846647755,-0.5278912055073306,0.1444483818486333,-0.1558898928974486,144.6407545266392,-2.3537650713584477,8.011683359404733,-2.808898153036438,-0.023762494539795398,13.993151097476925,0.6170657,0.35890844,107,1.0,445661.86288389226,5696607.164641869,474.28917846644174,-0.5278912064386532,0.1444483818486333,-0.15588989293325994,144.64075452676823,-2.3537650668824988,8.011683362370619,-2.8088981529074033,-0.02376249006385933,13.993151100442788,0.6170657,0.35890844,445662.3907750987,5696607.020193487,474.445068359375,147.44965267967564,-2.3300025768186416,-5.981467738072179,528,frame_000528.png
8000,8002,124,116,0.9354838709677419,116,1.0,116,114,0.9827586206896551,445661.7587665864,5696607.02548683,474.2913576539627,-0.5139659533742815,-0.1978364596143365,-0.2156613890061294,-178.77926193675074,4.617930405173446,9.715897887492021,-1.843732175178559,-0.17473688000433185,17.037712585560655,0.57589126,0.32992464,114,0.9827586206896551,445661.758766585,5696607.02548683,474.2913576539044,-0.513965954829473,-0.1978364596143365,-0.21566138906439392,-178.7792619367404,4.617930413918823,9.715897885212392,-1.8437321751682134,-0.17473687125897186,17.037712583281035,0.57589126,0.32992464,445662.2727325398,5696607.223323289,474.5070190429688,-176.93552976157218,4.792667285177786,-7.321814698068636,529,frame_000529.png
8000,8001,108,94,0.8703703703703703,94,1.0,94,93,0.9893617021276596,445661.45648343535,5696606.819335603,474.27714648050267,-0.4995196675299667,-0.3103796197101474,-0.2797993202786415,-171.73518838743246,9.093680110325629,4.313061384638566,-1.9810559067437339,1.4772426569344361,6.221796127991524,0.635192,0.4222354,93,0.9893617021276596,445661.45648343465,5696606.819335603,474.2771464804724,-0.4995196682284586,-0.3103796197101474,-0.2797993203088822,-171.7351883870326,9.093680114127697,4.313061381564512,-1.9810559063438689,1.4772426607364935,6.221796124917489,0.635192,0.4222354,445661.9560031029,5696607.129715223,474.5569458007813,-169.75413248068872,7.616437453391206,-1.9087347433529713,530,frame_000530.png
8002,8000,116,96,0.8275862068965517,96,1.0,96,96,1.0,445661.06261232944,5696606.628279349,474.28189148650983,-0.5589841261389665,-0.3536827936768532,-0.23351989044329002,-171.10389121307952,6.2243384332103595,5.823103285219224,-1.7406456658789295,0.3168579207596167,9.406604347375321,0.52272666,0.29963848,96,1.0,406892.8280266635,5691602.170268155,7527.725455054786,-38768.79356979206,-5004.811693987809,7053.210043677833,167.63512582914518,81.18711254139697,23.27945568345825,-23.001628623654256,75.27963202894622,26.862956745614355,267.5997,141.06192,445661.6215964556,5696606.9819621425,474.5154113769531,-169.3632455472006,5.907480512450752,-3.5835010621561048,531,frame_000531.png
8000,8001,88,68,0.7727272727272727,68,1.0,68,66,0.9705882352941176,445660.8004945337,5696606.590574706,474.27102373708505,-0.4212252095458098,-0.2852100199088454,-0.24771405588376183,-171.24276367872395,6.640011262750215,6.741484814649434,-1.7228594254015377,0.07005656408193772,11.289417197026921,0.5609905,0.37527025,66,0.9705882352941176,445660.8004945337,5696606.590574706,474.27102373708834,-0.4212252095458098,-0.2852100199088454,-0.2477140558804649,-171.24276367870795,6.640011262665155,6.741484814502161,-1.7228594253855363,0.07005656399687155,11.28941719687964,0.5609905,0.37527025,445661.2217197432,5696606.875784726,474.5187377929688,-169.5199042533224,6.569954698668286,-4.547932382377494,532,frame_000532.png
8000,8001,91,79,0.8681318681318682,79,1.0,79,79,1.0,445660.48842115304,5696606.545476621,474.2651936932338,-0.506623936642427,-0.29838100727647543,-0.2413981036411883,-171.26001965575088,6.566428492396205,7.207958072373955,-1.7566374270930964,0.24054936444895247,12.233450091535389,0.66362435,0.41568387,79,1.0,445660.48842115304,5696606.545476621,474.2651936932328,-0.506623936642427,-0.29838100727647543,-0.24139810364221148,-171.26001965575205,6.5664284924339364,7.207958072370802,-1.7566374270942617,0.24054936448666808,12.233450091532234,0.66362435,0.41568387,445660.9950450897,5696606.843857628,474.506591796875,-169.50338222865778,6.325879127947264,-5.025492019161435,533,frame_000533.png
8000,8002,101,83,0.8217821782178217,83,1.0,83,81,0.9759036144578314,445660.1957856808,5696606.518391728,474.26797788819147,-0.5534905814565718,-0.29783398285508156,-0.23522645751165783,-171.15843339019332,6.109096030601915,8.074409151188407,-1.6114453491737777,0.07399842128165801,14.008237915161345,0.56500006,0.30636594,81,0.9759036144578314,445660.19578568736,5696606.51839173,474.26797788868487,-0.5534905748791061,-0.2978339809924364,-0.23522645701825695,-171.15843338724906,6.10909599060809,8.074409146100257,-1.611445346229516,0.07399838128782221,14.008237910073177,0.56500006,0.30636594,445660.74927626224,5696606.816225711,474.5032043457031,-169.54698804101955,6.035097609320262,-5.9338287639729295,534,frame_000534.png
8000,8000,84,68,0.8095238095238095,68,1.0,68,68,1.0,445659.8507718186,5696606.483362467,474.2693142061212,-0.629518442437984,-0.3007752913981676,-0.23526343059762667,-171.09761995982652,4.619361869062674,7.828560130959509,-1.629690203582129,-0.02454334175030226,13.483369215407464,0.6252866,0.34763455,68,1.0,445659.850771819,5696606.483362467,474.2693142061743,-0.6295184420305304,-0.3007752913981676,-0.2352634305445349,-171.09761995968637,4.619361866594423,7.828560130144489,-1.6296902034419816,-0.024543344218557195,13.483369214592443,0.6252866,0.34763455,445660.48029026104,5696606.784137758,474.5045776367188,-169.4679297562444,4.643905210812975,-5.654809084447956,535,frame_000535.png
8002,8001,98,74,0.7551020408163265,74,1.0,74,73,0.9864864864864865,445659.4799713925,5696606.431398456,474.27122524557495,-0.42863939463859424,-0.2789536891505122,-0.22206088723754647,-170.9904157347767,3.2516391538886813,8.048017594647318,-1.6556902072066464,-0.09809335528666452,13.897332769388811,0.6478943,0.3410304,73,0.9864864864864865,445659.4799713948,5696606.431398455,474.27122524580625,-0.4286393923102878,-0.2789536900818348,-0.2220608870062506,-170.99041573436062,3.2516391408156187,8.048017598760804,-1.655690206790581,-0.09809336835971294,13.897332773502285,0.6478943,0.3410304,445659.9086107871,5696606.710352145,474.4932861328125,-169.33472552757004,3.3497325091753316,-5.849315174741481,536,frame_000536.png
8000,8001,94,71,0.7553191489361702,71,1.0,71,71,1.0,445659.1144924098,5696606.384246538,474.2694624979432,-0.5012081041350029,-0.2909221611917019,-0.2180558126036658,-170.81069414866636,2.5434812035912286,8.0340126256535,-1.6471172801587386,-0.14236035544851688,13.900961007155416,0.65686935,0.4302114,71,1.0,445659.11449240905,5696606.38424654,474.2694624979583,-0.5012081048917025,-0.29092215932905674,-0.2180558125886023,-170.81069414809446,2.5434812065064016,8.034012614916449,-1.647117279586837,-0.14236035253333057,13.900960996418377,0.65686935,0.4302114,445659.61570051394,5696606.6751687,474.4875183105469,-169.16357686850762,2.6858415590397327,-5.866948381501927,537,frame_000537.png
8000,8000,96,71,0.7395833333333334,71,1.0,71,71,1.0,445658.7400790657,5696606.330359416,474.2663524459758,-0.5845284289098345,-0.3008670248091221,-0.2185108352741736,-170.8186072637299,2.3480986174767433,7.999437554148938,-1.6378354226344527,-0.1915832112754856,13.836158039607767,0.69699615,0.36409125,71,1.0,445658.7400790654,5696606.330359417,474.26635244589585,-0.5845284292590804,-0.3008670238777995,-0.21851083535415228,-170.81860726363013,2.348098618818114,7.999437549786432,-1.6378354225346925,-0.1915832099340946,13.836158035245262,0.69699615,0.36409125,445659.32460749464,5696606.631226441,474.48486328125,-169.18077184109544,2.5396818287522183,-5.836720485458825,538,frame_000538.png
8000,8001,83,65,0.7831325301204819,65,1.0,65,65,1.0,445657.4333717083,5696606.068376811,474.25731254203737,-0.5550925079151057,-0.32350051403045654,-0.21332954780638147,-170.98925985313502,3.125722194419358,7.347523149501705,-1.6566271887121218,-0.06807792766616672,12.459182803579154,0.5488046,0.34443423,65,1.0,445657.43337170867,5696606.068376811,474.25731254208563,-0.5550925075658597,-0.32350051403045654,-0.2133295477581214,-170.98925985295688,3.1257221919696203,7.347523148688504,-1.6566271885339745,-0.0680779301158907,12.459182802765952,0.5488046,0.34443423,445657.98846421624,5696606.391877325,474.47064208984375,-169.3326326644229,3.193800122085515,-5.111659654077457,539,frame_000539.png
8000,8001,89,74,0.8314606741573034,74,1.0,74,74,1.0,445657.1302015955,5696606.005182797,474.2550993729311,-0.60934028995689,-0.33824297972023487,-0.21603099816263693,-170.90278329170582,3.1353703317710755,7.540647343461053,-1.5882386735352725,-0.11003345582213342,12.879897098101225,0.65803444,0.38781872,74,1.0,445657.1302015868,5696606.005182797,474.25509937142675,-0.6093402986298315,-0.33824297972023487,-0.216030999666998,-170.90278329440625,3.135370384577294,7.540647338107463,-1.5882386762357044,-0.1100334030159047,12.879897092747626,0.65803444,0.38781872,445657.73954188544,5696606.343425777,474.47113037109375,-169.31454461817054,3.2454037875932036,-5.3392497546401785,540,frame_000540.png
8001,8000,71,59,0.8309859154929577,59,1.0,59,59,1.0,445656.85375909694,5696605.93200203,474.25470138672165,-0.4116351261618547,-0.3008488453924656,-0.21725295898147579,-170.78454769492856,3.6053850886548493,6.497925619701276,-1.647449532778836,-0.11100780937360355,10.718900910229166,0.61667436,0.34167993,59,1.0,445656.853759099,5696605.93200203,474.2547013869631,-0.4116351241245866,-0.3008488453924656,-0.21725295874000494,-170.78454769379178,3.6053850763089157,6.497925620690492,-1.647449531642053,-0.11100782171953938,10.718900911218384,0.61667436,0.34167993,445657.2653942231,5696606.232850876,474.4719543457031,-169.13709816214973,3.7163928980284657,-4.220975290527885,541,frame_000541.png
8000,8002,58,49,0.8448275862068966,49,1.0,49,49,1.0,445656.53771766165,5696605.839298633,474.2445406853836,-0.49033477826742455,-0.33709689881652594,-0.22143221500704158,-170.4667106171037,3.770220258888163,6.349421691087101,-1.637506543894574,-0.02447143784945638,10.338508739588661,0.58285415,0.39920485,49,1.0,445656.53771766176,5696605.839298633,474.2445406853991,-0.49033477815100923,-0.33709689881652594,-0.22143221499152332,-170.46671061698825,3.770220258002124,6.349421691173129,-1.637506543779125,-0.02447143873550317,10.338508739674694,0.58285415,0.39920485,445657.0280524399,5696606.176395532,474.4659729003906,-168.82920407320913,3.794691696737624,-3.9890870485015566,542,frame_000542.png
8000,8000,66,48,0.7272727272727273,48,1.0,48,48,1.0,445656.21688921255,5696605.742769705,474.2342087765746,-0.5796140712918714,-0.3657906111329794,-0.23237447537854905,-170.6651866086663,4.726696225215735,5.406037301267704,-1.542447070374891,0.21774357864595117,8.455931892578405,0.6684136,0.4685531,48,1.0,445656.21688921255,5696605.742769705,474.234208776577,-0.5796140712918714,-0.3657906111329794,-0.23237447537610478,-170.66518660865728,4.726696225141869,5.406037301249824,-1.5424470703658812,0.21774357857208315,8.455931892560528,0.6684136,0.4685531,445656.79650328384,5696606.108560316,474.4665832519531,-169.1227395382914,4.508952646569793,-3.0498945913107027,543,frame_000543.png
8000,8000,61,40,0.6557377049180327,40,1.0,40,40,1.0,445655.94992666075,5696605.681219981,474.2430837195784,-0.6168519625207409,-0.36328326631337404,-0.2194406944840921,-170.68944919047362,4.281517354635326,5.275281685868706,-1.6322671459458888,0.24930198508144485,8.320969758174556,0.5701798,0.3896959,40,1.0,445655.9499266608,5696605.681219981,474.24308371958745,-0.6168519624625333,-0.36328326631337404,-0.219440694475054,-170.68944919044782,4.281517354405195,5.275281685791364,-1.632267145920082,0.24930198485131427,8.32096975809722,0.5701798,0.3896959,445656.56677862327,5696606.044503247,474.4625244140625,-169.05718204452774,4.032215369553884,-3.045688072305861,544,frame_000544.png
8000,8000,59,44,0.7457627118644068,44,1.0,44,43,0.9772727272727273,445655.61564577854,5696605.569865526,474.2330231008898,-0.4803110432694666,-0.35001937113702297,-0.22077328582901146,-170.6627399561657,4.407736051841804,5.391594693823232,-1.606427500175755,0.46241132130001006,8.428603721116417,0.5360072,0.44633234,43,0.9772727272727273,445655.61564577854,5696605.569865526,474.23302310088957,-0.4803110432694666,-0.35001937113702297,-0.22077328582923883,-170.66273995616632,4.407736051847581,5.3915946938249535,-1.6064275001763804,0.46241132130577967,8.42860372111815,0.5360072,0.44633234,445656.0959568218,5696605.919884897,474.4537963867188,-169.05631245598994,3.945324730541789,-3.03700902729319,545,frame_000545.png
8000,8002,42,26,0.6190476190476191,26,1.0,26,25,0.9615384615384616,445655.0281749871,5696605.467862522,474.25331926443,-0.5771285157534294,-0.3274030536413193,-0.2097239484606348,-170.906388319328,3.401638784017314,5.476601073914902,-1.5781523225047636,0.09847016484499704,8.815284293378738,0.51399255,0.2998301,25,0.9615384615384616,445655.0281749872,5696605.467862522,474.25331926443386,-0.5771285156952217,-0.3274030536413193,-0.20972394845676945,-170.90638831931204,3.4016387839087976,5.476601073944456,-1.578152322488819,0.09847016473648296,8.815284293408297,0.51399255,0.2998301,445655.6053035029,5696605.795265576,474.4630432128906,-169.32823599682322,3.303168619172327,-3.338683219463832,546,frame_000546.png
8001,8001,39,23,0.5897435897435898,23,1.0,23,22,0.9565217391304348,445654.70209555345,5696605.367218464,474.2424385642165,-0.6569897891604342,-0.37457876838743687,-0.21675943383036156,-170.92611920938208,3.607890478265305,5.926183964716285,-1.5759570682556898,0.35201786229458776,9.472553091147432,0.53382707,0.291586,22,0.9565217391304348,445654.70209555345,5696605.367218464,474.24243856420225,-0.6569897891604342,-0.37457876838743687,-0.21675943384462926,-170.92611920940027,3.6078904785116785,5.926183964868171,-1.5759570682738797,0.35201786254097556,9.472553091299318,0.53382707,0.291586,445655.3590853426,5696605.741797232,474.4591979980469,-169.3501621411264,3.255872615970704,-3.5463691264311596,547,frame_000547.png
8000,8000,35,17,0.4857142857142857,17,1.0,17,17,1.0,445654.4080964497,5696605.320457191,474.2494007181709,-0.4572175106150098,-0.3237175503745675,-0.19801749471974972,-170.7802081211546,3.117397502430086,5.41244601463553,-1.6183848237665188,0.1941929031566758,8.530459216214638,0.6729364,0.41938737,17,1.0,445654.4080964496,5696605.320457192,474.24940071820794,-0.4572175106732175,-0.32371754944324493,-0.1980174946826878,-170.78020812101627,3.1173975026092,5.412446013618677,-1.6183848236281904,0.19419290333578942,8.530459215197794,0.6729364,0.41938737,445654.8653139603,5696605.644174742,474.4474182128906,-169.16182329738808,2.9232045992734017,-3.118013201579114,548,frame_000548.png
8000,8000,39,22,0.5641025641025641,22,1.0,22,22,1.0,445653.8267657133,5696605.2105677435,474.27545816004357,-0.5330480039701797,-0.3398175314068794,-0.18026083409705507,-170.77698838117146,2.389732693082992,6.210567847095609,-1.5998190716542808,-0.28311322475431666,10.102569054141043,0.6611801,0.30127347,22,1.0,445653.8267657133,5696605.2105677435,474.2754581600784,-0.5330480039701797,-0.3398175314068794,-0.18026083406221005,-170.7769883810913,2.389732692979944,6.210567846508767,-1.5998190715741032,-0.2831132248573738,10.102569053554191,0.6611801,0.30127347,445654.35981371725,5696605.550385275,474.4557189941406,-169.17716930951718,2.672845917837322,-3.8920012070454253,549,frame_000549.png
8000,8000,39,25,0.6410256410256411,25,1.0,25,23,0.92,445653.4549830966,5696605.187650685,474.2804518297004,-0.6444433025317267,-0.32069852016866207,-0.18127912733092444,-170.29184174993682,1.104481942312522,6.863858956409257,-1.6562159082537562,-0.18652390434965582,11.505600311757405,0.4777688,0.28848732,23,0.92,445653.4549830956,5696605.187650685,474.28045182955935,-0.6444433035794646,-0.32069852016866207,-0.18127912747195296,-170.29184174981188,1.1044819484469408,6.863858953851222,-1.6562159081288144,-0.18652389821522775,11.505600309199366,0.4777688,0.28848732,445654.09942639916,5696605.508349205,474.4617309570313,-168.63562584168307,1.2910058466621692,-4.6417413553481435,550,frame_000550.png
8000,8001,42,19,0.4523809523809524,19,1.0,19,19,1.0,445652.9126209916,5696605.1189512005,474.2807315586327,-0.4458180934889242,-0.29498132038861513,-0.20611536519544416,-170.36166111254667,3.816468826094663,7.02419769195817,-1.494399883761929,-0.32298389009434914,11.775888652951295,0.7880934,0.33744726,19,1.0,445652.91262099193,5696605.118951195,474.28073155568615,-0.44581809313967824,-0.2949813259765506,-0.20611536814197962,-170.36166111550125,3.816468830582714,7.024197731554329,-1.4943998867165078,-0.3229838856063054,11.775888692547454,0.7880934,0.33744726,445653.3584390851,5696605.413932521,474.4868469238281,-168.86726122878474,4.13945271618901,-4.751690960993132,551,frame_000551.png
8000,8000,38,24,0.631578947368421,24,1.0,24,23,0.9583333333333334,445652.12119014526,5696604.991343421,474.25348981108704,-0.41272593644680455,-0.28810219559818506,-0.226185481881771,-170.52477250177785,5.648775844933496,5.74251994055297,-1.555352554058686,0.004046436479001159,9.335288373333242,0.6755898,0.5447136,23,0.9583333333333334,445652.1211901454,5696604.991343421,474.25348981110625,-0.41272593633038923,-0.28810219559818506,-0.22618548186255794,-170.5247725017746,5.64877584432201,5.742519940739866,-1.555352554055446,0.00404643586750808,9.335288373520143,0.6755898,0.5447136,445652.5339160817,5696605.2794456165,474.4796752929688,-168.96941994771916,5.644729408454497,-3.592768432780277,552,frame_000552.png
8001,8000,34,22,0.6470588235294118,22,1.0,22,22,1.0,445651.6191501818,5696604.862163441,474.2559732295966,-0.5025159015203826,-0.3295090114697814,-0.2298666141534227,-170.5176471585178,6.430932004207715,6.377690712513083,-1.4429655971938757,-0.053784348804242654,10.368740912734978,0.5488808,0.25574806,22,1.0,445651.6191501818,5696604.862163441,474.2559732295919,-0.5025159015203826,-0.3295090114697814,-0.22986661415808385,-170.51764715852877,6.430932004309236,6.3776907125928375,-1.4429655972048465,-0.05378434870272031,10.36874091281473,0.5488808,0.25574806,445652.12166608335,5696605.191672453,474.48583984375,-169.07468156132393,6.484716353011948,-3.9910502002219017,553,frame_000553.png
8002,8001,33,21,0.6363636363636364,21,1.0,21,21,1.0,445651.3622058398,5696604.825435585,474.26058479834984,-0.5485999558004551,-0.3308001374825835,-0.22000602196266072,-170.48541375974477,6.112730507496378,6.717572859458998,-1.4955567556652625,-0.19262917872313778,11.124901278523197,0.5837121,0.25716168,21,1.0,445651.36220583646,5696604.825435584,474.26058479829555,-0.5485999591182917,-0.3308001384139061,-0.2200060220169462,-170.48541376057673,6.112730529358,6.717572862000514,-1.4955567564972228,-0.19262915686149995,11.124901281064723,0.5837121,0.25716168,445651.9108057956,5696605.156235723,474.4805908203125,-168.9898570040795,6.305359686219506,-4.407328419064205,554,frame_000554.png
8000,8000,29,17,0.5862068965517241,17,1.0,17,17,1.0,445651.07678973384,5696604.776697843,474.2638606308006,-0.39134531549643725,-0.3042359547689557,-0.2341252090431567,-170.98896308559569,6.017298361607916,7.249629996174888,-1.574918736050563,-0.23551241474376639,11.994683575026045,0.46397334,0.22917725,17,1.0,445651.07678973366,5696604.776697843,474.2638606307803,-0.39134531567106023,-0.3042359547689557,-0.2341252090634498,-170.98896308565344,6.0172983628704655,7.249629996364446,-1.574918736108316,-0.2355124134812172,11.99468357521559,0.46397334,0.22917725,445651.46813504933,5696605.080933798,474.49798583984375,-169.41404434954512,6.252810776351674,-4.745053578851154,555,frame_000555.png
8000,8000,28,20,0.7142857142857143,20,1.0,20,20,1.0,445650.4148927497,5696604.674637861,474.25888847242504,-0.5816369481617585,-0.33543512504547834,-0.22823310960626486,-170.5150281381567,5.493849595530698,7.020992488931941,-1.5688206435777943,0.19592709542254738,11.651338812296643,0.5322276,0.22429353,20,1.0,445650.4148927497,5696604.674637861,474.25888847242317,-0.5816369481617585,-0.33543512504547834,-0.2282331096081407,-170.5150281381598,5.493849595584535,7.020992488959071,-1.5688206435808922,0.1959270954763781,11.651338812323758,0.5322276,0.22429353,445650.99652969785,5696605.010072986,474.4871215820313,-168.9462074945789,5.297922500108158,-4.630346323364691,556,frame_000556.png
8000,8000,22,16,0.7272727272727273,16,1.0,16,15,0.9375,445649.8772011803,5696604.619594168,474.2573503042245,-0.3892694432870485,-0.2579225832596421,-0.2195478891349012,-170.56851560189781,4.157278268015032,6.070283428800498,-1.5500795114643324,-0.3771913864486862,10.020811624211603,0.48793882,0.32809904,15,0.9375,445649.8772011828,5696604.619594159,474.2573503035339,-0.38926944078411907,-0.25792259257286787,-0.2195478898254919,-170.56851560890294,4.157278261663093,6.070283489959064,-1.5500795184694596,-0.37719139280062564,10.020811685370148,0.48793882,0.32809904,445650.2664706236,5696604.877516751,474.4768981933594,-169.01843609043348,4.534469654463714,-3.950528195411092,557,frame_000557.png
8000,8000,31,18,0.5806451612903226,18,1.0,18,17,0.9444444444444444,445649.56074371055,5696604.464452421,474.2554060476286,-0.4543343923869543,-0.356527934782207,-0.22924361057454234,-171.12165871481912,3.7948411827802877,6.178996537945309,-1.6566496698471553,-0.34739404203557456,9.693687597087177,0.7794168,0.59078413,17,0.9444444444444444,445649.5607437098,5696604.464452421,474.2554060477291,-0.45433439314365387,-0.356527934782207,-0.22924361047404318,-171.12165871462238,3.794841186889762,6.178996534554233,-1.6566496696504203,-0.347394037926108,9.693687593696097,0.7794168,0.59078413,445650.01507810294,5696604.820980356,474.4846496582031,-169.46500904497196,4.142235224815872,-3.51469105914186,558,frame_000558.png
8000,8001,42,29,0.6904761904761905,29,1.0,29,27,0.9310344827586207,445649.2519853694,5696604.311060623,474.23121586906956,-0.5055501579772681,-0.4500939855352044,-0.24147089850856673,-170.90965659864997,1.659772854291038,5.999901690546185,-1.5089341840427721,-0.5613731423028412,8.86324077160512,0.9176987,0.6033444,27,0.9310344827586207,461952.59882024047,5670991.762812828,-392916.5891435855,16302.841284713068,-25612.998341781087,-393391.06183035305,-88.98991278227395,-5.033659974834517,-178.99039518939938,80.41080963233327,-7.254805971428397,-176.12705610834044,316.1369,200.58757,445649.7575355274,5696604.761154609,474.4726867675781,-169.4007224146072,2.221145996593888,-2.8633390810589283,559,frame_000559.png
8001,8001,41,32,0.7804878048780488,32,1.0,32,27,0.84375,445649.0194798752,5696604.192579389,474.21947019997646,-0.4658270322252065,-0.5173313170671463,-0.23725587424235073,-170.68983427680672,1.2516975238477117,7.3949110571283905,-1.5539402798375477,-1.061227804842872,11.251808413745835,1.0986087,0.48213834,27,0.84375,445049.79518388485,5696589.844160521,-1446.568119031254,-599.6901230225922,-14.86575018428266,-1921.0248451054727,65.95265247302947,6.401055951917673,-11.727634582546257,-124.91145353000138,4.088130623227073,-7.870737225928821,261.02878,156.42978,445649.48530690745,5696604.709910706,474.4567260742188,-169.13589399696917,2.312925328690592,-3.856897356617432,560,frame_000560.png
8000,8000,40,29,0.725,29,1.0,29,27,0.9310344827586207,445648.47683784115,5696604.292477386,474.22178709529055,-0.5010979264043272,-0.3130844281986356,-0.2418054340063236,-170.78576649518027,4.071836455264612,5.81172675070771,-1.4190651124769147,0.302536904488818,9.360603806096691,1.077433,0.510554,27,0.9310344827586207,448066.83098752727,5696196.9467555955,9064.598334601616,2417.85305175971,-407.6588062187657,8590.13474207232,24.123011664322195,13.06906682609645,176.85872951298106,-166.5102869529744,9.299767275320647,-179.59239343162994,298.33276,158.76219,445648.97793576756,5696604.605561814,474.4635925292969,-169.36670138270335,3.769299550775789,-3.5488770553889872,561,frame_000561.png
8000,8000,50,33,0.66,33,1.0,33,28,0.8484848484848485,445648.17963777896,5696604.186226774,474.2166967772857,-0.552842439559754,-0.36626668833196163,-0.2524194336518235,-171.04647092167033,3.8386529478357816,6.562981018360262,-1.5886807990363536,0.2798774297440616,10.455201294818153,0.8695571,0.53127146,28,0.8484848484848485,445648.1796377289,5696604.186226805,474.21669677092063,-0.5528424896183424,-0.36626665759831667,-0.25241944001686534,-171.04647089419421,3.8386532396657898,6.562980768011953,-1.5886807715602345,0.2798777215740529,10.455201044469845,0.8695571,0.53127146,445648.7324802185,5696604.552493462,474.4691162109375,-169.45779012263398,3.558775518091723,-3.892220276457901,562,frame_000562.png
8002,8001,33,24,0.7272727272727273,24,1.0,24,21,0.875,445647.79883388826,5696604.196880066,474.22923054771394,-0.6882415680447593,-0.30760475248098373,-0.23799357337981064,-170.73177039043804,3.536509152474234,5.4210360283969115,-1.4853098560894864,0.6998539975975575,8.848379631894375,0.8030085,0.44399023,21,0.875,445652.4846984112,5696598.082804781,459.5257503935265,3.9976229548919946,-6.42168003693223,-14.941473727567256,43.0703162430461,11.439357106090823,54.166260770096216,-147.6832232226053,8.602701951214158,57.59360437359368,184.6832,79.93571,445648.4870754563,5696604.504484818,474.46722412109375,-169.24646053434856,2.8366551548766714,-3.427343603497476,563,frame_000563.png
8000,8000,29,17,0.5862068965517241,17,1.0,17,15,0.8823529411764706,445647.1613842643,5696604.012748917,474.1943337035289,-0.5857533478992991,-0.3307975931093097,-0.2684348511585881,-170.94051844619602,3.967363042200421,6.007985568138147,-1.6609770209439034,0.9414458815487876,9.662698618125063,0.77866966,0.5703718,15,0.8823529411764706,445647.16138426476,5696604.012748915,474.194333703572,-0.5857533474336378,-0.3307975949719548,-0.2684348511155008,-170.9405184464235,3.9673630405977334,6.007985578958116,-1.6609770211713908,0.9414458799460874,9.662698628945037,0.77866966,0.5703718,445647.7471376122,5696604.34354651,474.4627685546875,-169.27954142525212,3.025917160651633,-3.6547130499869165,564,frame_000564.png
8000,8000,30,15,0.5,15,1.0,15,15,1.0,445646.8666662378,5696603.765984037,474.1700505265531,-0.6294279234134592,-0.5267359185963869,-0.2862177839937772,-170.92556047718773,2.994226930838396,6.767722673567058,-1.6617540004918112,0.9744830661130663,9.969689316633747,0.87211835,0.566421,15,1.0,445652.8786828711,5696614.00869622,469.4511077324488,5.382588709879201,9.715976264327765,-5.005160578098071,-37.99791494638584,-9.74429953215497,-111.61467010028935,131.2658915303101,-11.76404339688031,-108.41270345722266,201.22217,139.2702,445647.49609416124,5696604.292719956,474.4562683105469,-169.26380647669592,2.019743864725326,-3.201966643066684,565,frame_000565.png
8001,8000,22,8,0.36363636363636365,8,1.0,8,7,0.875,445645.75457722973,5696603.6016142005,474.17498186526706,-0.5012890988145955,-0.4664666345342994,-0.25113507809231805,-171.33042482294633,2.24843388431202,6.141228490007094,-1.8644472240453354,0.018731071660823773,8.88491712041889,0.7348339,0.47369623,7,0.875,445645.75457721873,5696603.601614194,474.1749818621355,-0.5012891098158434,-0.4664666410535574,-0.25113508122387884,-171.33042482516643,2.248433963581371,6.141228520040141,-1.8644472262654403,0.018731150930165086,8.88491715045194,0.7348339,0.47369623,445646.25586632855,5696604.068080835,474.4261169433594,-169.465977598901,2.229702812651205,-2.7436886304118038,566,frame_000566.png
8000,8000,15,5,0.3333333333333333,5,1.0,5,5,1.0,445646.37921206024,5696599.823095033,465.08388350300646,0.37867821857798845,-4.192381975241005,-9.345468303634163,166.5256122253252,-6.7244466325894585,115.10323725832215,-24.402159712091134,-8.214109964322802,117.77006836730794,55.364105,23.961388,5,1.0,445646.37921206024,5696599.823095033,465.08388350300646,0.37867821857798845,-4.192381975241005,-9.345468303634163,166.5256122253252,-6.7244466325894585,115.10323725832215,-24.402159712091134,-8.214109964322802,117.77006836730794,55.364105,23.961388,445646.00053384167,5696604.015477008,474.4293518066406,-169.07222806258366,1.4896633317333507,-2.66683110898578,567,frame_000567.png
8001,8001,16,4,0.25,4,1.0,4,4,1.0,445658.3245606358,5696597.5973597085,463.5481774467096,12.571924698539078,-6.36399067286402,-10.885172162665413,45.991659339227255,-29.655484280204995,-100.80160890217778,-145.1825039798888,-31.140264827281072,-98.64975709344675,29.83343,14.637223,4,1.0,445658.3245606358,5696597.5973597085,463.5481774467096,12.571924698539078,-6.36399067286402,-10.885172162665413,45.991659339227255,-29.655484280204995,-100.80160890217778,-145.1825039798888,-31.140264827281072,-98.64975709344675,29.83343,14.637223,445645.75263593724,5696603.961350381,474.433349609375,-168.82583668088395,1.4847805470760764,-2.1518518087310277,568,frame_000568.png
8000,8001,10,4,0.4,4,1.0,4,4,1.0,445639.37976069737,5696607.284152819,466.24226363907053,-5.688020344823599,3.4824456740170717,-8.19743362655447,-116.64659515953974,-49.81688273705972,-69.41959990940896,52.497466771456374,-52.90694927477122,-67.4155268725295,130.68562,54.947575,4,1.0,445639.37976069737,5696607.284152819,466.24226363907053,-5.688020344823599,3.4824456740170717,-8.19743362655447,-116.64659515953974,-49.81688273705972,-69.41959990940896,52.497466771456374,-52.90694927477122,-67.4155268725295,130.68562,54.947575,445645.0677810422,5696603.801707145,474.439697265625,-169.14406193099612,3.0900665377115,-2.0040730368794586,570,frame_000570.png
8000,8000,13,5,0.38461538461538464,5,1.0,5,5,1.0,445637.34898644587,5696605.208667457,457.408109559982,-7.503036801528651,1.4597438415512443,-17.02490435603363,-41.3384814649015,28.961894619999978,-161.9744663377638,127.93486833610865,25.313068110606054,-160.69299888090134,125.07024,45.15878,5,1.0,445637.34898644587,5696605.208667457,457.408109559982,-7.503036801528651,1.4597438415512443,-17.02490435603363,-41.3384814649015,28.961894619999978,-161.9744663377638,127.93486833610865,25.313068110606054,-160.69299888090134,125.07024,45.15878,445644.8520232474,5696603.748923616,474.4330139160156,-169.27334980101014,3.648826509393914,-1.281467456862447,571,frame_000571.png
8000,8000,16,4,0.25,4,1.0,4,4,1.0,445644.76339646376,5696600.277086283,464.9500048943161,0.13763412402477115,-3.425061917863786,-9.486518543183877,166.08610514282694,54.70468527026373,145.75320821268107,-24.95644319929488,51.8217192335091,148.12958907692672,21.109367,13.309736,4,1.0,445644.76339646376,5696600.277086283,464.9500048943161,0.13763412402477115,-3.425061917863786,-9.486518543183877,166.08610514282694,54.70468527026373,145.75320821268107,-24.95644319929488,51.8217192335091,148.12958907692672,21.109367,13.309736,445644.62576233974,5696603.702148201,474.4365234375,-168.9574516578782,2.8829660367546386,-2.3763808642456508,572,frame_000572.png
8000,8000,10,4,0.4,4,1.0,4,4,1.0,445654.09580000176,5696602.895502248,462.1691896281517,9.932442915916909,-0.7209096541628242,-12.26467878005144,-107.38418238158974,58.45649730093642,115.07805224993335,61.465772287763485,55.77225942746219,117.30282518018743,87.228355,21.740831,4,1.0,445654.09580000176,5696602.895502248,462.1691896281517,9.932442915916909,-0.7209096541628242,-12.26467878005144,-107.38418238158974,58.45649730093642,115.07805224993335,61.465772287763485,55.77225942746219,117.30282518018743,87.228355,21.740831,445644.16335708584,5696603.616411902,474.4338684082031,-168.84995466935322,2.6842378734742143,-2.224772930254065,573,frame_000573.png
8000,8000,27,11,0.4074074074074074,11,1.0,11,9,0.8181818181818182,445643.3147310081,5696602.941040186,474.2436529646379,-0.3762493888498284,-0.5807769298553467,-0.18347105879962555,-170.14568482280436,2.0928154774018117,5.483795555715099,-1.6445396510285377,-0.7933071388474957,6.870471173160524,0.7929272,0.39443463,9,0.8181818181818182,445643.3147310045,5696602.941040204,474.24365296279086,-0.37624939245870337,-0.5807769121602178,-0.18347106064663876,-170.1456848125256,2.092815480731373,5.483795435892029,-1.6445396407497697,-0.7933071355179209,6.87047105333744,0.7929272,0.39443463,445643.69098039693,5696603.521817116,474.4271240234375,-168.50114517177582,2.8861226162492954,-1.3866756174454145,574,frame_000574.png
8000,8000,27,10,0.37037037037037035,10,1.0,10,7,0.7,445641.63523771486,5696604.131934008,473.8337400912798,-1.8189792043995112,0.6526547092944384,-0.5991517544233034,-167.12842328901408,9.46904002542352,-4.410136321398597,1.2674731495241929,6.514581724072542,-2.4261861406328933,4.1455173,2.1019647,7,0.7,445465.4917584052,5696767.667351731,941.9733886515903,-177.96245851408457,164.18807243276387,467.5404968058872,-61.79122249607654,-26.469964419741192,-178.0789547004139,106.60467394246172,-29.424422721092185,-176.0950045196482,244.38927,198.70934,445643.45421691926,5696603.479279298,474.4328918457031,-168.39589643853827,2.954458301350984,-1.9839501807657032,575,frame_000575.png
8000,8000,24,11,0.4583333333333333,11,1.0,11,10,0.9090909090909091,445642.7420956949,5696602.828985554,474.2415385949789,-0.24197816802188754,-0.566444331780076,-0.19788401244295528,-170.74234603524036,1.4477921351297165,6.189519770507707,-1.7903720905644036,-1.0268170439456128,8.251195412135587,1.2076192,0.8434007,10,0.9090909090909091,463243.13426943164,5712258.433165457,-70742.34071700387,17600.15019556874,15655.037735571153,-71216.78013961129,-171.22000891512656,10.796575136287236,-159.59019799957832,-2.2680349704506,8.321965957211916,-157.52852235795044,314.72284,106.186005,445642.9840738629,5696603.395429886,474.4394226074219,-168.95197394467596,2.4746091790753257,-2.061675641627876,576,frame_000576.png
8001,8000,19,12,0.631578947368421,12,1.0,12,12,1.0,445642.67161958164,5696602.150116806,474.2762246565712,-0.07462869473965839,-1.1992161786183715,-0.16032929850695155,-171.07198381491915,0.7473675278006779,10.696055275202248,-1.9081659632606716,-1.8639810423722167,12.739693969477628,1.3461332,0.66678804,12,1.0,-21980433.474987805,-10238178.08197798,-6170947.375645777,-22426076.22123608,-15934781.431310965,-6171421.812199732,137.74164117646225,-39.402496608669395,-60.9721557745489,-53.09454097187927,-42.013845178842274,-58.92851708027351,295.66882,115.52463,445642.7462482764,5696603.349332985,474.4365539550781,-169.16381785165848,2.611348570172889,-2.0436386942753875,577,frame_000577.png
8000,8000,10,4,0.4,4,1.0,4,4,1.0,445646.4618550032,5696607.477513355,466.98104474382535,3.9562473937985487,4.173846544697881,-7.4526710764871495,149.23497579983243,-23.917595938322258,-69.34505968507759,-41.35124149858132,-26.222197392172035,-67.82711645433177,39.264435,10.588579,4,1.0,445646.4618550032,5696607.477513355,466.98104474382535,3.9562473937985487,4.173846544697881,-7.4526710764871495,149.23497579983243,-23.917595938322258,-69.34505968507759,-41.35124149858132,-26.222197392172035,-67.82711645433177,39.264435,10.588579,445642.5056076094,5696603.3036668105,474.4337158203125,-169.41378270158626,2.3046014538497794,-1.5179432307458212,578,frame_000578.png
8000,8000,17,12,0.7058823529411765,12,1.0,12,11,0.9166666666666666,445642.0756510828,5696602.197102163,474.2904015716812,-0.1883884897106327,-1.061967957764864,-0.13614261777195225,-171.48933361716362,0.16918269332872649,9.832100727375334,-2.0258726163525296,-2.1799987527641633,11.92115991803945,1.204399,0.7664428,11,0.9166666666666666,113089623.42795396,25159257.91053512,-349452854.1939561,112643981.16391438,19462654.651465,-349453328.62050027,-94.01961666740753,3.758466191541323,174.8353950004274,75.44384433340355,1.4092847454484456,176.9244541910915,279.05408,139.68294,445642.2640395725,5696603.259070121,474.4265441894531,-169.4634610008111,2.349181446092878,-2.0890591906641096,579,frame_000579.png
8000,8001,19,9,0.47368421052631576,9,1.0,9,7,0.7777777777777778,445641.34453271894,5696602.888854715,474.23229000670005,-0.4262952807475813,-0.2934358296915889,-0.19126346009682038,-170.91413826105446,1.8994627422901225,4.566543139248724,-1.5257636505781988,-0.13090095791909562,6.895844012907418,0.23990536,0.08250118,7,0.7777777777777778,439333.32498046866,5671461.800747319,-67029.40930229521,-6308.445847531024,-25141.38154322561,-67503.83285576201,-110.95057912114088,-23.310444942464922,-169.90921614559974,58.43779548933537,-25.34080864267412,-167.57991527194105,297.2993,137.5897,445641.7708279997,5696603.182290545,474.4235534667969,-169.38837461047626,2.0303637002092043,-2.3293008736587018,580,frame_000580.png
8000,8000,14,9,0.6428571428571429,9,1.0,9,7,0.7777777777777778,445640.7274458039,5696602.707692458,474.2356332252098,-0.5860047427122481,-0.39981690142303705,-0.1864553978370509,-170.57373118535867,3.672635712747294,5.079577354662623,-1.5663961475265467,0.3144839041208627,7.370283819695231,0.46213102,0.24854285,7,0.7777777777777778,445643.1311528265,5696602.513258123,473.7437487268473,1.8177022798918188,-0.5942512368783355,-0.6783398961995886,-171.3449488673333,-12.892354607601483,8.826000497561232,-2.33761382950118,-16.25050641622792,11.116706962593838,1.7739389,0.62678283,445641.3134505466,5696603.10750936,474.4220886230469,-169.00733503783212,3.3581518086264404,-2.2907064650326157,581,frame_000581.png
8002,8000,23,12,0.5217391304347826,12,1.0,12,12,1.0,445640.60642593255,5696602.656095277,474.233838655707,-0.4762881658389233,-0.411565700545907,-0.201006314996107,-170.59233962576477,2.193193280860299,5.296474812183137,-1.7202551000590063,-0.801266683672992,7.597953065812931,0.61059046,0.28530616,12,1.0,445232.12109132233,5696955.440626771,31.93593727796093,-408.9616227760562,352.37296579405665,-442.4989076927422,31.785567774354373,31.244989538789255,-35.15705062865013,-159.34234769993986,28.250529574255978,-32.85557237502036,239.38728,170.7282,445641.0827140984,5696603.067660977,474.4348449707031,-168.87208452570576,2.994459964533282,-2.301478253629786,582,frame_000582.png
8000,8001,31,26,0.8387096774193549,26,1.0,26,26,1.0,445640.2336061106,5696602.687249533,474.2148700949019,-0.3979856087244116,-0.298418203368783,-0.20209157501994923,-170.65574599164285,3.155611445114865,3.707870037834518,-1.57009587520659,-0.14230967809456274,5.115389190662569,0.6662425,0.3055553,26,1.0,445641.19339806976,5696603.488785261,455.56415033662597,0.5618063504225574,0.5031175250187516,-18.852811333295904,-96.22351432850076,3.5767138397926828,-174.1017590087826,72.8621357879355,0.27879271658326843,-172.69423985595455,199.41727,114.2861,445640.63159171934,5696602.985667736,474.4169616699219,-169.08565011643626,3.2979211232094165,-1.407519152828054,583,frame_000583.png
8000,8000,33,21,0.6363636363636364,21,1.0,21,20,0.9523809523809523,445640.0052870238,5696602.577573399,474.22046922549544,-0.3980747142340988,-0.3579738875851035,-0.19380689755143976,-170.82642555067437,2.428257850502331,4.0932461406993275,-1.6890084194834003,-0.6091932258142663,5.430719691327823,0.61610705,0.21986814,20,0.9523809523809523,446272.6649153925,5695559.266238523,-1812.6276028281159,632.2615536545054,-1043.6693087639287,-2287.0418789511627,-9.176031161054912,-12.44409964023166,33.28306366276989,159.96138597013606,-15.481550716548242,34.62053721339839,275.55878,145.49043,445640.403361738,5696602.935547287,474.4142761230469,-169.13741713119097,3.037451076316593,-1.3374735506284885,584,frame_000584.png
8001,8000,37,25,0.6756756756756757,25,1.0,25,25,1.0,445639.3200360785,5696602.474533461,474.20542792152946,-0.6261862480314448,-0.3659760467708111,-0.19911309409553724,-170.5128360998126,3.387894434857945,3.2685944248299976,-1.5214957664630049,0.14758610890353907,4.068117058820036,0.4856776,0.30518344,25,1.0,445639.32003607793,5696602.474533461,474.20542792148086,-0.6261862486135215,-0.3659760467708111,-0.19911309414413836,-170.51283609988403,3.3878944391307595,3.2685944255611585,-1.5214957665344286,0.1475861131763736,4.068117059551213,0.4856776,0.30518344,445639.94622232654,5696602.840509508,474.404541015625,-168.9913403333496,3.240308325954394,-0.79952263399005,585,frame_000585.png
8001,8001,50,29,0.58,29,1.0,29,29,1.0,445639.0616208088,5696602.411026477,474.209171928774,-0.434530814178288,-0.3280659504234791,-0.19762738763228072,-170.58567195938107,2.945735442820968,3.0683265616111566,-1.5608586407290659,-0.04377434645147105,3.749568252938019,0.54706204,0.23979144,29,1.0,445639.06162080675,5696602.411026474,474.20917192885247,-0.4345308162155561,-0.3280659532174468,-0.1976273875538368,-170.58567196128092,2.945735460115227,3.068326580850622,-1.560858642628915,-0.04377432915720192,3.7495682721774983,0.54706204,0.23979144,445639.49615162297,5696602.739092427,474.4067993164063,-169.024813318652,2.9895097892724265,-0.6812416913268654,586,frame_000586.png
8000,8000,67,42,0.6268656716417911,42,1.0,42,38,0.9047619047619048,445638.2470585904,5696602.206545718,474.23714959387377,-0.5688164324965328,-0.3772387458011508,-0.17877447839185834,-170.65672924641493,3.2647573911665537,3.472088031610361,-1.5289354181918782,-0.26502034115489437,4.362450004170057,0.587064,0.2538294,38,0.9047619047619048,445638.24705859023,5696602.206545718,474.23714959389065,-0.5688164326711558,-0.3772387458011508,-0.17877447837497584,-170.65672924643638,3.264757392381155,3.4720880330491455,-1.5289354182133366,-0.2650203399402926,4.362450005608849,0.587064,0.2538294,445638.8158750229,5696602.583784464,474.4159240722656,-169.12779382822305,3.529777732321452,-0.890361972559696,587,frame_000587.png
8000,8000,63,45,0.7142857142857143,45,1.0,45,37,0.8222222222222222,445637.95690099266,5696602.161295459,474.23651566736606,-0.4015023944666609,-0.33540263026952744,-0.19533858068081145,-170.72736452930783,3.788614182186237,3.4924659548153087,-1.5476673732884478,-0.17268980800329814,4.3978535155519864,0.5882559,0.34128737,37,0.8222222222222222,505874.57988758845,5632063.621445482,-29557211.19966565,60236.22148420132,-64538.87525260728,-29557685.6315199,-90.3074052703775,0.2542135406292973,9.56361412061142,78.87229188564186,-3.707090449560212,10.46900168134809,318.33423,127.79695,445638.35840338713,5696602.496698089,474.4318542480469,-169.1796971560194,3.9613039901895215,-0.9053875607366685,588,frame_000588.png
8000,8001,72,47,0.6527777777777778,47,1.0,47,41,0.8723404255319149,445637.63850972825,5696602.165911834,474.22420440236516,-0.48752739519113675,-0.28032500203698874,-0.21222748240046485,-170.7210905743247,3.4993279878766423,2.8033347819662926,-1.564297812001314,-0.13435698719501943,3.4509443014815986,0.87413436,0.6294812,41,0.8723404255319149,470015.0638107151,5710774.215648757,-96701.81353209929,24376.937773591664,14171.769411921501,-97176.24996398405,-93.9284803856595,7.896566579573546,177.18999742034214,75.2283123766639,4.262881604501899,177.83760693985744,360.00092,106.98727,445638.12603712344,5696602.446236836,474.4364318847656,-169.1567927623234,3.6336849750716516,-0.6476095195152967,589,frame_000589.png
8001,8001,80,43,0.5375,43,1.0,43,40,0.9302325581395349,445637.33117916976,5696602.125035557,474.2293192691454,-0.5522211987408809,-0.27944341860711575,-0.19868976405774674,-170.35497967810664,2.7217206035704895,2.950232573891704,-1.5183729859089965,-0.13238177968696618,3.896388349032179,0.75523436,0.4337855,40,0.9302325581395349,-45889882486.22883,-644231975264.7765,-448188257032.01306,-45890328124.11223,-644237671867.1809,-448188257506.44104,-29.952624132208324,-31.175736225001756,-119.82689688797053,138.88398255998936,-34.02983860825921,-118.88074111283007,340.15744,98.39778,445637.8834003685,5696602.404478976,474.4280090332031,-168.83660669219765,2.854102383257445,-0.9461557751404691,590,frame_000590.png
8000,8001,96,66,0.6875,66,1.0,66,65,0.9848484848484849,445637.0246285124,5696602.007024826,474.24402369460165,-0.6124647282995284,-0.3517136899754405,-0.1920114616483488,-170.01470284552653,2.4942351706854833,3.7645489120919398,-1.517829049812434,0.0035950951613017423,5.12319531516485,0.6418157,0.3253388,65,0.9848484848484849,439159.69137903437,5698587.977404821,-104834.20038456786,-6477.945714206318,1985.6186663052067,-105308.6364197241,-176.33788629081008,-9.75394786010739,-166.58995483986453,-7.841012495095981,-12.244587935631557,-165.2313084367916,388.2606,170.64268,445637.6370932407,5696602.3587385155,474.43603515625,-168.4968737957141,2.4906400755241758,-1.358646403072911,591,frame_000591.png
8001,8000,94,73,0.776595744680851,73,1.0,73,73,1.0,445635.77045929723,5696601.781528824,474.2444266164425,-0.6222387418965809,-0.34490423835814,-0.1932259714481006,-170.27387742037658,0.24638819784773922,3.1549721241977173,-1.4993347445604854,0.01877561218861956,3.976180874425495,0.5779218,0.26813594,73,1.0,445636.8640878234,5696596.867484172,479.11406979676144,0.4713897842448205,-5.25894889049232,4.6764172088708165,-66.02060252908419,13.105447347256781,-172.89683821032065,102.7539401467319,12.877834761597654,-172.07562946009287,222.94559,151.10889,445636.3926980391,5696602.126433062,474.4376525878906,-168.7745426758161,0.2276125856591331,-0.821208750227786,592,frame_000592.png
8000,8000,101,87,0.8613861386138614,87,1.0,87,87,1.0,445635.4358956949,5696601.714919537,474.2487543787484,-0.45401043398305774,-0.3314551869407296,-0.15618336539222355,-170.41809308054866,-4.333131895763591,2.9185633366344206,-1.5171340658848749,0.1305596911332998,3.5067529996296685,0.62071794,0.35677484,87,1.0,445635.4358956904,5696601.714919535,474.248754379232,-0.4540104384650476,-0.33145518880337477,-0.15618336490859974,-170.41809307868303,-4.3331318626514586,2.9185633417483814,-1.5171340640192454,0.13055972424544393,3.5067530047436435,0.62071794,0.35677484,445635.88990612887,5696602.046374724,474.4049377441406,-168.90095901466378,-4.463691586896902,-0.5881896629952578,593,frame_000593.png
8000,8000,124,102,0.8225806451612904,102,1.0,102,98,0.9607843137254902,445635.2407922205,5696601.705796335,474.2386258983527,-0.42161367647349834,-0.3054661126807332,-0.14427815438165226,-170.45341569936977,-8.721365676090354,3.222362999343735,-1.6121771670090936,-0.8617066298663474,4.187577400218657,0.5877176,0.39419493,98,0.9607843137254902,445635.24079222046,5696601.705796335,474.2386258983157,-0.421613676531706,-0.3054661126807332,-0.14427815441865732,-170.453415699594,-8.72136567609647,3.2223629966661083,-1.6121771672333125,-0.8617066298724865,4.18757739754102,0.5877176,0.39419493,445635.662405897,5696602.011262448,474.3829040527344,-168.84123853236068,-7.859659046223995,-0.9652144008749206,594,frame_000594.png
8000,8001,145,116,0.8,116,1.0,116,109,0.9396551724137931,445634.9830377192,5696601.659572009,474.2213128513281,-0.29478946479503065,-0.2982475347816944,-0.16558900414071331,-170.46605171271162,-4.14086802381581,3.0780721567484384,-1.6643294453590443,-0.6312883344019724,3.798342034324236,0.592701,0.30107272,109,0.9396551724137931,445634.98303771974,5696601.659572008,474.22131285129876,-0.2947894642711617,-0.298247535713017,-0.16558900417004452,-170.46605171277275,-4.140868026628179,3.078072163761192,-1.6643294454201794,-0.6312883372143574,3.79834204133698,0.592701,0.30107272,445635.277827184,5696601.957819544,474.3869018554688,-168.80172226735257,-3.509579689413835,-0.720269877575801,595,frame_000595.png
8001,8000,136,112,0.8235294117647058,112,1.0,112,106,0.9464285714285714,445634.93644760986,5696601.66795082,474.2212654510538,-0.33096871356246993,-0.2958744838833809,-0.17561565246182909,-159.7180938112309,-1.6774171610681252,2.264057202409099,-1.9981522378893146,-0.3601870980318722,2.667925410582086,0.5871828,0.3896626,106,0.9464285714285714,445634.9364475922,5696601.667950799,474.22126545397686,-0.3309687311993912,-0.2958745053038001,-0.17561564953876996,-159.71809381717281,-1.6774169885921613,2.2640573007001126,-1.9981522438312425,-0.3601869255558938,2.6679255088730827,0.5871828,0.3896626,445635.2674163234,5696601.963825304,474.3968811035156,-157.71994157334157,-1.3172300630362606,-0.4038682081729815,596,frame_000596.png
8001,8000,135,118,0.8740740740740741,118,1.0,118,118,1.0,445635.0071598229,5696601.633877383,474.2093956882137,-0.19263782718917355,-0.38878242392092943,-0.19206305202067142,-155.57065887592404,1.8570533689860715,6.641730623713771,-1.8006395675411682,-1.1348779558063313,9.888691115004292,0.573613,0.3594223,118,1.0,445635.0071598232,5696601.633877383,474.20939568816516,-0.19263782689813524,-0.38878242392092943,-0.1920630520692157,-155.57065887599882,1.8570533670139495,6.641730624528886,-1.8006395676159457,-1.134877957778457,9.888691115819398,0.573613,0.3594223,445635.1997976501,5696602.022659807,474.4014587402344,-153.77001930838287,2.9919313247924157,-3.2469604912905066,597,frame_000597.png
8001,8001,123,107,0.8699186991869918,107,1.0,107,107,1.0,445635.0371858208,5696601.614343655,474.19543493023383,-0.1991035535465926,-0.39852522406727076,-0.23651087054747677,-155.23075275621432,5.7576993027666825,0.49511630260757766,-1.6766655664864913,0.03968554329372864,-1.6665687924138126,0.5752811,0.31491083,107,1.0,445635.03718582087,5696601.614343655,474.1954349302298,-0.19910355348838493,-0.39852522406727076,-0.23651087055151265,-155.23075275618297,5.757699302584405,0.49511630241817106,-1.6766655664551422,0.03968554311146022,-1.6665687926032149,0.5752811,0.31491083,445635.23628937436,5696602.012868879,474.4319458007813,-153.55408718972782,5.718013759472951,2.1616850950213995,598,frame_000598.png
8000,8000,135,110,0.8148148148148148,110,1.0,110,106,0.9636363636363636,445635.05013097805,5696601.587849699,474.2214031169274,-0.211385780130513,-0.38622752390801907,-0.18747139479143016,-155.10022591949013,0.5215847961469191,2.5692893197384286,-1.607627700738334,-0.3075817531422729,2.8013588344102516,0.5955606,0.35559186,106,0.9636363636363636,445635.0501309779,5696601.587849699,474.2214031169769,-0.211385780305136,-0.38622752390801907,-0.18747139474191954,-155.10022591955837,0.5215847982263999,2.5692893204817726,-1.6076277008065745,-0.3075817510627701,2.801358835153593,0.5955606,0.35559186,445635.2615167582,5696601.974077223,474.4088745117188,-153.4925982187518,0.8291665492891834,-0.23206951467181733,599,frame_000599.png
8000,8000,118,106,0.8983050847457628,106,1.0,106,106,1.0,445635.0319954564,5696601.576613158,474.24268587471096,-0.23131805867888033,-0.3921005828306079,-0.1911825334921673,-154.94575716347194,1.3593965553434937,3.214457909691304,-1.6790628522977329,-0.1328644155578047,4.017069415975982,0.57852715,0.34187108,106,1.0,445635.03199545643,5696601.576613158,474.2426858747169,-0.23131805862067267,-0.3921005828306079,-0.19118253348619874,-154.94575716354635,1.3593965554201364,3.214457910293269,-1.679062852372141,-0.13286441548115135,4.017069416577954,0.57852715,0.34187108,445635.26331351505,5696601.968713741,474.4338684082031,-153.2666943111742,1.4922609709013013,-0.8026115062846727,600,frame_000600.png
8000,8000,133,118,0.8872180451127819,118,1.0,118,118,1.0,445635.0581765336,5696601.579545238,474.2447845093566,-0.23578503675526008,-0.39236041624099016,-0.19570621329967253,-155.27545518888377,1.528125242429279,1.8658103972886186,-1.6835714058805422,-0.1883759814963355,1.3530995787659208,0.57809085,0.33842325,118,1.0,445635.0581765342,5696601.579545238,474.24478450930684,-0.23578503617318347,-0.39236041624099016,-0.19570621334941052,-155.2754551884791,1.5281252358856356,1.8658103932495833,-1.683571405475874,-0.18837598803997935,1.3530995747268832,0.57809085,0.33842325,445635.29396157037,5696601.971905654,474.44049072265625,-153.59188378300323,1.7165012239256123,0.5127108185226917,601,frame_000601.png
8000,8000,144,115,0.7986111111111112,115,1.0,115,108,0.9391304347826087,445635.05679763155,5696601.576837952,474.2461504751237,-0.2577833527466282,-0.39678193256258965,-0.20337345065757972,-155.38970358360248,2.4114021447029224,2.8366681744855216,-1.5948321807684067,0.10686548356250114,3.3109687820851263,0.5560805,0.3332426,108,0.9391304347826087,445635.0567976292,5696601.576837948,474.2461504754584,-0.25778335507493466,-0.3967819372192025,-0.20337345032288567,-155.38970358602324,2.411402172828009,2.8366681949381576,-1.594832183189169,0.10686551168757319,3.310968802537758,0.5560805,0.3332426,445635.3145809843,5696601.973619885,474.4495239257813,-153.79487140283408,2.304536661140432,-0.4743006075996023,602,frame_000602.png
8000,8000,121,103,0.8512396694214877,103,1.0,103,103,1.0,445635.12318607816,5696601.577082885,474.241203795486,-0.21965506416745484,-0.4069482497870922,-0.21652935881087387,-155.653649624714,3.8336286377559654,3.4380679785480885,-1.6859227971219468,-0.15813287789453057,4.220211468187699,0.5601407,0.35750982,103,1.0,445635.1231860782,5696601.577082885,474.24120379548464,-0.21965506410924718,-0.4069482497870922,-0.21652935881223812,-155.65364962469263,3.8336286373370547,3.438067978385542,-1.6859227971005737,-0.15813287831343814,4.2202114680251555,0.5601407,0.35750982,445635.3428411423,5696601.984031135,474.4577331542969,-153.96772682759206,3.991761515650506,-0.7821434896396013,603,frame_000603.png
8001,8000,132,114,0.8636363636363636,114,1.0,114,107,0.9385964912280702,445635.1403470755,5696601.625947843,474.23663154718736,-0.22799598623532802,-0.3664825540035963,-0.22775443914076732,-155.69705209658363,4.048890799938893,2.742189168509174,-1.7054419175034354,-0.06950016910076329,3.0884981307379746,0.59697807,0.34376583,107,0.9385964912280702,445635.1403470735,5696601.62594784,474.2366315476656,-0.2279959882143885,-0.3664825577288866,-0.22775443866254363,-155.69705209906024,4.048890822877662,2.742189184460279,-1.7054419199800464,-0.06950014616199951,3.0884981466890906,0.59697807,0.34376583,445635.3683430617,5696601.992430397,474.4643859863281,-153.9916101790802,4.118390969039654,-0.3463089622288035,604,frame_000604.png
8000,8001,141,121,0.8581560283687943,121,1.0,121,119,0.9834710743801653,445635.1289213048,5696601.619915576,474.2343426830713,-0.259233187767677,-0.3808837877586484,-0.21499813724119576,-155.58320150200046,2.8443210115959827,1.9634876158119847,-1.6334451027622947,0.07712000923092432,1.6518242018659066,0.5876193,0.36096114,119,0.9834710743801653,445635.1289213047,5696601.619915576,474.2343426831256,-0.25923318782588467,-0.3808837877586484,-0.2149981371869103,-155.58320150242022,2.8443210133641945,1.9634876186859793,-1.633445103182055,0.07712001099912413,1.6518242047399099,0.5876193,0.36096114,445635.38815449254,5696602.0007993635,474.4493408203125,-153.94975639923817,2.767201002365072,0.3116634139460738,605,frame_000605.png
8001,8000,133,113,0.849624060150376,113,1.0,113,113,1.0,445635.11522858706,5696601.604175983,474.24188154454,-0.26536726363701746,-0.4068249175325036,-0.20788652186632817,-155.46788721587637,2.22517353569515,4.013505846408915,-1.6382125118637418,0.053287305975942445,5.476670014156809,0.62547,0.33008474,113,1.0,445635.11522858805,5696601.604175985,474.241881544388,-0.2653672626474872,-0.40682491566985846,-0.20788652201832747,-155.46788721482304,2.22517352391304,4.01350583737475,-1.6382125108104049,0.05328729419383649,5.4766700051226564,0.62547,0.33008474,445635.3805958507,5696602.0110009005,474.4497680664063,-153.82967470401263,2.1718862297192083,-1.4631641677479013,606,frame_000606.png
8001,8001,142,109,0.7676056338028169,109,1.0,109,109,1.0,445635.16213823383,5696601.629756911,474.23536306884876,-0.2106165808509104,-0.3927837433293462,-0.22545236083874443,-155.42232307009442,2.123031572339281,4.629575853057956,-1.6522847737964526,-0.3696350185267363,6.649456112968238,0.6199553,0.36020434,109,1.0,445635.16213823337,5696601.62975691,474.23536306895755,-0.21061658131657168,-0.39278374426066875,-0.22545236072994612,-155.42232307037526,2.1230315771612207,4.629575855052677,-1.6522847740772875,-0.36963501370479435,6.649456114962959,0.6199553,0.36020434,445635.3727548147,5696602.022540654,474.4608154296875,-153.77003829629797,2.492666590866028,-2.019880259910285,607,frame_000607.png
8000,8000,125,109,0.872,109,1.0,109,109,1.0,445635.1269644465,5696601.676541823,474.2411501717839,-0.24237743072444573,-0.36284207832068205,-0.21395847079423902,-155.42087752791622,2.7046669953911957,4.278296585849168,-1.6168116865091235,-0.14101879451064292,6.227150061783732,0.55998695,0.31873015,109,1.0,445635.1269644458,5696601.676541822,474.24115017186756,-0.24237743142293766,-0.3628420792520046,-0.2139584707105655,-155.42087752837182,2.7046670028201056,4.278296590383602,-1.6168116869647235,-0.14101878708171967,6.227150066318188,0.55998695,0.31873015,445635.36934187723,5696602.039383901,474.4551086425781,-153.8040658414071,2.845685789901839,-1.9488534759345746,608,frame_000608.png
8000,8000,147,118,0.8027210884353742,118,1.0,118,118,1.0,445635.1347797928,5696601.673774317,474.23718185065826,-0.22763997630681843,-0.389808164909482,-0.22024612785736508,-155.44611610866016,2.746006756734286,4.525080947743946,-1.693946930031018,-0.2230700278848019,6.481726869910432,0.57928264,0.3645511,118,1.0,445635.13477978995,5696601.673774313,474.23718185112756,-0.2276399791589938,-0.3898081686347723,-0.22024612738806582,-155.44611611074282,2.7460067866009763,4.5250809638631795,-1.6939469321136755,-0.22306999801810434,6.481726886029662,0.57928264,0.3645511,445635.3624197691,5696602.063582482,474.4574279785156,-153.75216917862915,2.9690767846190926,-1.956645922166487,609,frame_000609.png
8000,8000,124,103,0.8306451612903226,103,1.0,103,103,1.0,445635.1271429182,5696601.689166098,474.23554339725166,-0.22604373045032844,-0.3782508224248886,-0.22536358517021426,-155.46211410104422,2.5535359486478386,4.169157799744972,-1.6551147111268563,-0.25318557724497737,5.915946884531536,0.56170845,0.36407337,103,1.0,445635.1271429182,5696601.689166098,474.23554339725433,-0.22604373045032844,-0.3782508224248886,-0.22536358516754262,-155.46211410108788,2.553535948814985,4.16915780005186,-1.655114711170512,-0.2531855770778293,5.915946884838434,0.56170845,0.36407337,445635.35318664863,5696602.06741692,474.4609069824219,-153.80699938991737,2.8067215258928204,-1.7467890847865737,610,frame_000610.png
8000,8002,128,101,0.7890625,101,1.0,101,101,1.0,445635.11275424523,5696601.682648946,474.23588167794645,-0.23237728973617777,-0.3882471192628145,-0.22200406424104813,-155.33748345875088,2.3600248512500985,4.080602826811394,-1.6658587950244055,-0.27331322593357754,5.681692160792693,0.53445214,0.3087696,101,1.0,445635.11275424034,5696601.682648938,474.2358816792445,-0.2323772946256213,-0.3882471267133951,-0.2220040629429718,-155.33748346215972,2.3600249038984153,4.080602856371422,-1.6658587984332485,-0.27331317328525984,5.68169219035272,0.53445214,0.3087696,445635.34513153497,5696602.070896065,474.4578857421875,-153.67162466372648,2.633338077183675,-1.601089333981299,611,frame_000611.png
8000,8000,118,97,0.8220338983050848,97,1.0,97,97,1.0,445635.09388658847,5696601.664895408,474.2356242569331,-0.2392937446711585,-0.40463843382894993,-0.22216993252004613,-155.32091135862697,2.147377649069748,3.919633587841447,-1.6880332928634232,-0.197935293028479,5.461670716153179,0.58597976,0.31520236,97,1.0,445635.09388658823,5696601.664895408,474.23562425696883,-0.23929374490398914,-0.40463843382894993,-0.22216993248429162,-155.3209113587591,2.147377651062416,3.9196335890668657,-1.6880332929955557,-0.19793529103583296,5.46167071737861,0.58597976,0.31520236,445635.33318033314,5696602.069533842,474.4577941894531,-153.63287806576355,2.345312942098239,-1.5420371283117382,612,frame_000612.png
8000,8000,121,95,0.7851239669421488,95,1.0,95,92,0.968421052631579,445635.05939404777,5696601.655346075,474.2352045137142,-0.26066806755261496,-0.40426161978393793,-0.20873469527015232,-155.40300608873196,2.782075580091297,3.6499194038398564,-1.6362910123902452,0.09787722172575286,4.8166861861471375,0.578731,0.2966339,92,0.968421052631579,445635.0593940483,5696601.655346075,474.23520451366767,-0.260668067028746,-0.40426161978393793,-0.20873469531670708,-155.4030060883087,2.782075574145694,3.6499194004865276,-1.6362910119669891,0.09787721578015862,4.816686182793802,0.578731,0.2966339,445635.3200621153,5696602.059607695,474.4439392089844,-153.7667150763417,2.684198358365537,-1.1667667823072767,613,frame_000613.png
8000,8000,107,90,0.8411214953271028,90,1.0,90,90,1.0,445635.04334708734,5696601.685421272,474.2312768085241,-0.26202014891896397,-0.3699493808671832,-0.21907109186651041,-155.457315252291,2.1082824702534855,4.5156092895503885,-1.6450287449518157,-0.08424040814477962,6.7342181402428025,0.5661695,0.39060426,90,1.0,445635.0433470873,5696601.685421272,474.23127680853105,-0.26202014897717163,-0.3699493808671832,-0.21907109185957552,-155.457315252337,2.1082824708258654,4.515609290003221,-1.645028744997802,-0.08424040757239482,6.734218140695617,0.5661695,0.39060426,445635.30536723626,5696602.055370653,474.4503479003906,-153.8122865073392,2.1925228783982718,-2.2186088506924024,614,frame_000614.png
8000,8001,127,97,0.7637795275590551,97,1.0,97,92,0.9484536082474226,445635.0359079976,5696601.686589343,474.2165657873243,-0.2419692426919937,-0.3656063787639141,-0.2244132165819792,-155.2752758188327,2.397469959196543,4.179125009291426,-1.6113187057975438,-0.26410260537116415,6.013233665539985,0.5376599,0.34856462,92,0.9484536082474226,445635.0359079957,5696601.686589339,474.21656578785223,-0.24196924455463886,-0.3656063824892044,-0.22441321605407438,-155.27527582157245,2.3974699828493464,4.179125028081308,-1.6113187085372829,-0.26410258171836176,6.013233684329862,0.5376599,0.34856462,445635.27787724027,5696602.052195721,474.4409790039063,-153.66395711303517,2.6615725645676984,-1.8341086562485576,615,frame_000615.png
8000,8000,119,106,0.8907563025210085,106,1.0,106,99,0.9339622641509434,445635.04476085084,5696601.681874899,474.21309635286957,-0.2336657214909792,-0.36686806939542294,-0.22409847134923666,-155.34279545440356,2.3103521147219928,3.9115877151483094,-1.6498075174727944,-0.25048731617249587,5.503553473063334,0.55555844,0.29762188,99,0.9339622641509434,445635.04476085096,5696601.681874899,474.21309635284973,-0.23366572137456387,-0.36686806939542294,-0.22409847136907501,-155.34279545431139,2.310352113599198,3.9115877144822684,-1.6498075173806228,-0.2504873172952955,5.5035534723973,0.55555844,0.29762188,445635.27842657233,5696602.048742969,474.4371948242188,-153.69298793693076,2.560839430894499,-1.5919657579150213,616,frame_000616.png
8001,8001,111,94,0.8468468468468469,94,1.0,94,93,0.9893617021276596,445635.0230932497,5696601.652905836,474.2195410605278,-0.2506809420301579,-0.38426864333450794,-0.21512080470660067,-155.60635167262856,1.5308277285655594,3.999879520453855,-1.6908248033180655,-0.2136020437252455,5.639189576623778,0.59307396,0.33612666,93,0.9893617021276596,445635.0230932494,5696601.652905835,474.219541060593,-0.2506809423211962,-0.3842686442658305,-0.21512080464140126,-155.60635167298784,1.5308277325907202,3.9998795242292817,-1.6908248036773443,-0.21360203970010616,5.639189580399204,0.59307396,0.33612666,445635.27377419174,5696602.037174479,474.4346618652344,-153.9155268693105,1.7444297722908169,-1.6393100561699263,617,frame_000617.png
8000,8001,104,87,0.8365384615384616,87,1.0,87,87,1.0,445635.0237952504,5696601.606547978,474.22364422667425,-0.24217652034712955,-0.4148565586656332,-0.21260455262262212,-155.70366961816043,2.1346450408651485,3.952282739590651,-1.7188560808732234,-0.021106174466638095,5.326016532929771,0.5920237,0.33963028,87,1.0,445635.0237952504,5696601.606547978,474.22364422668136,-0.24217652034712955,-0.4148565586656332,-0.2126045526155167,-155.7036696182892,2.134645041360266,3.952282740666794,-1.7188560810020022,-0.021106173971531916,5.32601653400593,0.5920237,0.33963028,445635.26597177074,5696602.021404536,474.4362487792969,-153.9848135372872,2.1557512153317897,-1.373733793339132,618,frame_000618.png
8001,8000,132,115,0.8712121212121212,115,1.0,115,109,0.9478260869565217,445635.01420821523,5696601.620518501,474.2223111793214,-0.253014609683305,-0.38987069949507713,-0.21100791247545203,-155.62125785871325,1.9566875113897528,3.010339394440199,-1.6999422649433882,-0.11745458925969388,3.5989140613020254,0.5990693,0.31790048,109,0.9478260869565217,445635.0142082151,5696601.620518501,474.2223111793663,-0.25301460979972035,-0.38987069949507713,-0.21100791243060257,-155.6212578589995,1.95668751326424,3.0103393969211645,-1.6999422652296516,-0.1174545873852253,3.598914063782985,0.5990693,0.31790048,445635.2672228249,5696602.0103892,474.4333190917969,-153.92131559376986,2.0741421006494543,-0.5885746668618246,619,frame_000619.png
8000,8000,115,94,0.8173913043478261,94,1.0,94,87,0.925531914893617,445635.00822760246,5696601.584200059,474.22655897037623,-0.25877020601183176,-0.4067505281418562,-0.20785875423314337,-155.4691449315948,1.7537578244047136,3.4520574124733985,-1.6590465652047897,-0.1000532844655595,4.445703526045833,0.54223967,0.3044208,87,0.925531914893617,445635.00822760223,5696601.584200059,474.22655897039476,-0.2587702062446624,-0.4067505281418562,-0.20785875421461242,-155.4691449317528,1.7537578267505183,3.4520574137509494,-1.659046565362786,-0.10005328211977371,4.4457035273233885,0.54223967,0.3044208,445635.2669978085,5696601.990950587,474.4344177246094,-153.81009836639,1.8538111088702833,-0.9936461135724404,620,frame_000620.png
8000,8000,114,88,0.7719298245614035,88,1.0,88,86,0.9772727272727273,445634.9912491615,5696601.583077025,474.2180275971956,-0.26599957147846,-0.3782652150839567,-0.21437596725752428,-155.5131436834244,0.8507271145197837,2.7849156691924937,-1.6796123776322816,-0.05359060720485331,3.2787380029045323,0.60278654,0.39674315,86,0.9772727272727273,445634.99124916154,5696601.583077025,474.2180275971971,-0.2659995714202523,-0.3782652150839567,-0.21437596725604635,-155.51314368341357,0.8507271138997242,2.784915669067379,-1.6796123776214529,-0.05359060782492975,3.27873800277942,0.60278654,0.39674315,445635.25724873296,5696601.96134224,474.4324035644531,-153.83353130579212,0.9043177217246503,-0.49382233371205203,621,frame_000621.png
8000,8000,125,96,0.768,96,1.0,96,94,0.9791666666666666,445635.00594292843,5696601.573145819,474.2154952915008,-0.2474463782273233,-0.37269549537450075,-0.20531159326480974,-155.43840274527616,0.6098459326300877,1.9849315728190484,-1.730722334176562,-0.31089893666572266,1.721569787407617,0.5650998,0.3157287,94,0.9791666666666666,445635.0059429284,5696601.573145819,474.2154952915213,-0.24744637828553095,-0.37269549537450075,-0.2053115932443461,-155.4384027454039,0.6098459339045823,1.9849315738972595,-1.7307223343042892,-0.31089893539123636,1.721569788485823,0.5650998,0.3157287,445635.25338930666,5696601.945841314,474.4208068847656,-153.7076804110996,0.9207448692958142,0.26336178541143446,622,frame_000622.png
8000,8000,129,103,0.7984496124031008,103,1.0,103,101,0.9805825242718447,445634.9925400125,5696601.562644703,474.2120533802408,-0.25563297915505245,-0.3734820680692792,-0.2004222056967251,-155.20163236411386,1.4188783955538424,1.7982166070615324,-1.7345888851524478,-0.005252007780512713,1.583599409164833,0.54905754,0.31924272,101,0.9805825242718447,445634.99254001246,5696601.562644703,474.2120533802389,-0.2556329792132601,-0.3734820680692792,-0.20042220569860092,-155.20163236410306,1.418878395755306,1.7982166069422998,-1.7345888851416476,-0.0052520075790596366,1.583599409045604,0.54905754,0.31924272,445635.2481729917,5696601.936126771,474.4124755859375,-153.46704347896141,1.4241304033343536,0.2146171978967078,623,frame_000623.png
8000,8000,129,105,0.813953488372093,105,1.0,105,97,0.9238095238095239,445635.0338313364,5696601.532468169,474.21036823457706,-0.1966631191316992,-0.3921714127063751,-0.19780437284481422,-154.9831707354776,0.37960802650209086,2.7059293874241077,-1.7135086513779356,-0.47254479134434746,2.9259200049833396,0.61537457,0.34149304,97,0.9238095238095239,445635.0338313292,5696601.532468149,474.21036823621586,-0.19666312634944916,-0.3921714322641492,-0.19780437120601846,-154.9831707453275,0.3796081322335805,2.705929488195497,-1.7135086612278485,-0.47254468561283147,2.9259201057547273,0.61537457,0.34149304,445635.23049445555,5696601.924639582,474.4081726074219,-153.26966208409965,0.8521528178464244,-0.21999061755923485,624,frame_000624.png
8000,8000,135,108,0.8,108,1.0,108,105,0.9722222222222222,445634.97554457944,5696601.544767667,474.21804050748835,-0.23965432355180383,-0.3791233887895942,-0.2008742874335212,-154.52663576585775,1.0249553408518173,2.7037713889702975,-1.7017138199935289,-0.2472910632644414,3.1549948295866272,0.5387212,0.2844546,105,0.9722222222222222,445634.9755445793,5696601.544767667,474.21804050749944,-0.23965432366821915,-0.3791233887895942,-0.20087428742243674,-154.52663576583018,1.0249553413884498,2.703771388639127,-1.7017138199659598,-0.2472910627278111,3.1549948292554575,0.5387212,0.2844546,445635.215198903,5696601.923891055,474.4189147949219,-152.82492194586422,1.2722464041162556,-0.45122344061633174,625,frame_000625.png
8000,8000,123,102,0.8292682926829268,102,1.0,102,102,1.0,445634.92763195105,5696601.522669915,474.22158620326695,-0.27188749064225703,-0.39918336644768715,-0.206758523295548,-154.53511077511402,0.8724680600623594,3.042089235109077,-1.5915008803426645,0.18635916734845637,3.685415199386483,0.5698385,0.30484658,102,1.0,445634.92763195146,5696601.522669917,474.2215862032041,-0.2718874902348034,-0.399183364585042,-0.20675852335841682,-154.53511077455207,0.8724680540541965,3.042089228966618,-1.5915008797807104,0.18635916134027752,3.685415193244012,0.5698385,0.30484658,445635.1995194417,5696601.921853282,474.4283447265625,-152.94360989477136,0.6861088927139064,-0.643325964277397,626,frame_000626.png
8000,8000,109,91,0.8348623853211009,91,1.0,91,89,0.978021978021978,445634.92994819325,5696601.501686043,474.220498847318,-0.25353742233710364,-0.3957131393253803,-0.1935026175257235,-155.324150018656,0.8763670807026517,2.0107550787166484,-1.70124220225091,-0.012443336054047904,1.681807386163399,0.5820043,0.3094499,89,0.978021978021978,445634.9299481913,5696601.501686039,474.2204988475903,-0.2535374243161641,-0.3957131430506706,-0.19350261725344353,-155.32415002021438,0.876367105222529,2.0107550975847683,-1.7012422038092723,-0.012443311534184431,1.6818074050315204,0.5820043,0.3094499,445635.1834856156,5696601.897399182,474.41400146484375,-153.6229078164051,0.8888104167567003,0.3289476925532589,627,frame_000627.png
8000,8000,124,102,0.8225806451612904,102,1.0,102,92,0.9019607843137255,445634.9423081665,5696601.543921705,474.2095813004511,-0.2409902675426565,-0.34440730791538954,-0.20255859212704763,-155.44289978242273,0.6819880903469492,1.5417833188020067,-1.6505323497482607,-0.31304156849009246,0.9892575882143149,0.5345271,0.29672423,92,0.9019607843137255,445634.94230816944,5696601.543921711,474.2095812999539,-0.2409902645740658,-0.3444073023274541,-0.20255859262420017,-155.44289978002982,0.6819880553907045,1.5417832942173837,-1.6505323473553517,-0.3130416034463508,0.9892575636296783,0.5345271,0.29672423,445635.183298434,5696601.888329013,474.4121398925781,-153.79236743267447,0.9950296588370434,0.5525257305876996,628,frame_000628.png
8001,8001,112,97,0.8660714285714286,97,1.0,97,96,0.9896907216494846,445634.92230220843,5696601.522566822,474.2104064016663,-0.2548681794432923,-0.35798412933945656,-0.20219125458368126,-155.24822935087818,0.43949600204715217,2.7894185558512237,-1.6155625541149732,-0.19649021377057352,3.42562819205304,0.54788667,0.31692645,96,0.9896907216494846,445634.92230220826,5696601.522566822,474.2104064017045,-0.2548681796179153,-0.35798412933945656,-0.20219125454548248,-155.24822935098473,0.43949600389342314,2.7894185572888692,-1.6155625542215262,-0.19649021192429927,3.425628193490695,0.54788667,0.31692645,445635.1771703879,5696601.880550952,474.41259765625,-153.6326667967632,0.6359862158177341,-0.6362096362018159,629,frame_000629.png
8000,8001,99,90,0.9090909090909091,90,1.0,90,90,1.0,445634.9341937277,5696601.477913674,474.21362814551844,-0.2479749463382177,-0.38605137914419174,-0.19860329979405833,-155.07019910910844,1.3034961019544675,1.9386345010212627,-1.6310791200834558,-0.07496746960345035,1.5172127610552195,0.5099269,0.261365,90,1.0,445634.9341937282,5696601.477913675,474.2136281454562,-0.24797494581434876,-0.38605137821286917,-0.19860329985630187,-155.07019910866157,1.303496095448516,1.9386344962964215,-1.6310791196365813,-0.07496747610940702,1.5172127563303661,0.5099269,0.261365,445635.182168674,5696601.863965053,474.4122314453125,-153.439119989025,1.3784635715579163,0.4214217399660529,630,frame_000630.png
8000,8001,131,108,0.8244274809160306,108,1.0,108,106,0.9814814814814815,445634.938756329,5696601.438647142,474.21776391918354,-0.2407171965460293,-0.42393582686781883,-0.1997775847227672,-155.06599320754918,0.6033748130275063,2.96690429390683,-1.6235802215703359,0.07007736509163465,3.2707898550708876,0.54031724,0.3073389,106,0.9814814814814815,445634.938756329,5696601.438647142,474.21776391918587,-0.2407171965460293,-0.42393582686781883,-0.1997775847204366,-155.06599320753503,0.6033748130735495,2.9669042937197565,-1.6235802215561819,0.07007736513767782,3.2707898548837875,0.54031724,0.3073389,445635.17947352555,5696601.862582969,474.4175415039063,-153.44241298597885,0.5332974479358603,-0.30388556116404514,631,frame_000631.png
8000,8001,144,123,0.8541666666666666,123,1.0,123,122,0.991869918699187,445634.9513912115,5696601.5123716835,474.21390659377903,-0.2266870271996595,-0.35033158771693707,-0.2010103984084708,-154.9957578356113,0.12326996382335231,1.7922077571092223,-1.6243753967855525,-0.3999746056469178,1.3822695225500183,0.56415826,0.39678064,122,0.991869918699187,445634.9513912114,5696601.512371683,474.21390659379915,-0.22668702725786716,-0.35033158864825964,-0.20101039838834822,-154.99575783568787,0.12326996443165114,1.7922077580463847,-1.6243753968621206,-0.39997460503863635,1.3822695234871674,0.56415826,0.39678064,445635.1780782387,5696601.862703271,474.4149169921875,-153.37138243882575,0.5232445694702808,0.40993823455920886,632,frame_000632.png
8001,8001,124,100,0.8064516129032258,100,1.0,100,100,1.0,445634.9340590459,5696601.474958537,474.21596888408334,-0.24578607064904645,-0.3942607017233968,-0.19217320576041175,-154.9862778624782,0.7251481932774863,2.4449679553389103,-1.6140194339223513,-0.1320938875230695,2.482559817526777,0.54082847,0.29150912,100,1.0,445634.93405904336,5696601.474958532,474.21596888444003,-0.24578607321018353,-0.3942607073113322,-0.1921732054037193,-154.98627786479847,0.7251482270273079,2.444967983873937,-1.6140194362426143,-0.1320938537732559,2.482559846061804,0.54082847,0.29150912,445635.17984511657,5696601.869219239,474.40814208984375,-153.37225842855585,0.8572420808005577,-0.03759186218787627,633,frame_000633.png
8001,8001,125,107,0.856,107,1.0,107,98,0.9158878504672897,445634.9034670552,5696601.479315187,474.21408754613896,-0.2755131821613759,-0.3950801491737366,-0.2002801296423513,-154.93075199630653,1.2644115743327287,2.857858980452588,-1.6334964900734974,0.11159312155928092,3.3787143473109893,0.53258467,0.31455156,98,0.9158878504672897,445634.9034670554,5696601.479315187,474.21408754613276,-0.27551318192854524,-0.3950801491737366,-0.20028012964854724,-154.93075199624076,1.264411572555002,2.8578589799230043,-1.6334964900077296,0.11159311978153141,3.3787143467814076,0.53258467,0.31455156,445635.17898023734,5696601.874395336,474.4143676757813,-153.29725550623303,1.1528184527734582,-0.5208553668583981,634,frame_000634.png
8000,8000,134,118,0.8805970149253731,118,1.0,118,118,1.0,445634.935278646,5696601.495218407,474.21149192593884,-0.2563839140930213,-0.3837623754516244,-0.20516456820178064,-155.3080764999344,1.316267096451901,1.887518972792616,-1.5937263843913456,0.0015695192818725445,1.5120980790393617,0.5835319,0.34015608,118,1.0,445634.93527864595,5696601.495218407,474.21149192593055,-0.25638391415122896,-0.3837623754516244,-0.20516456821007978,-155.3080764998877,1.3162670965629482,1.8875189722972083,-1.5937263843446487,0.001569519392944585,1.5120980785439713,0.5835319,0.34015608,445635.1916625601,5696601.878980783,474.4166564941406,-153.71435011554306,1.3146975771700151,0.3754208937532429,635,frame_000635.png
8000,8000,141,123,0.8723404255319149,123,1.0,123,115,0.9349593495934959,445634.92844387103,5696601.527636544,474.2055440324168,-0.26408053969498724,-0.35596917290240526,-0.2087626082081897,-155.3467003071231,1.1178076251306361,2.834009967972408,-1.5918334526602962,-0.03773981620224731,3.538194008301275,0.49757326,0.30915904,115,0.9349593495934959,445634.92844387103,5696601.527636544,474.2055440324156,-0.26408053969498724,-0.35596917290240526,-0.20876260820938342,-155.34670030711965,1.1178076249856934,2.8340099679137443,-1.5918334526568572,-0.03773981634719803,3.5381940082426127,0.49757326,0.30915904,445635.1925244107,5696601.883605717,474.414306640625,-153.7548668544628,1.155547441332882,-0.7041840403288748,636,frame_000636.png
8001,8001,135,111,0.8222222222222222,111,1.0,111,111,1.0,445634.94193718355,5696601.513965924,474.2085803984629,-0.24643032072344795,-0.38179170340299606,-0.20181999216208624,-155.31039057354673,0.6926081191964831,3.3946213459056933,-1.581572483608653,-0.0643055346503445,4.345182628706567,0.61364204,0.39162984,111,1.0,445634.9419371835,5696601.513965924,474.20858039848804,-0.2464303207816556,-0.38179170340299606,-0.20181999213696145,-155.31039057370867,0.6926081205783144,3.3946213477001126,-1.5815724837706,-0.06430553326850941,4.345182630500972,0.61364204,0.39162984,445635.1883675043,5696601.895757628,474.410400390625,-153.72881808993807,0.7569136538468284,-0.9505612828008627,637,frame_000637.png
8000,8000,141,129,0.9148936170212766,129,1.0,129,127,0.9844961240310077,445634.9873919813,5696601.5635931995,474.201435034596,-0.0994875481701456,-0.42407179716974497,-0.14802175251338667,-121.93714274383127,-0.3471582530911107,7.241982791849251,-1.5138366388679287,-0.28564838528785685,12.01334732984759,0.6742477,0.45963195,127,0.9844961240310077,445634.98739198066,5696601.563593193,474.20143503531295,-0.09948754881042987,-0.424071803689003,-0.14802175179642063,-121.93714274734114,-0.3471582083863968,7.241982813675959,-1.513836642377811,-0.28564834058315114,12.013347351674298,0.6742477,0.45963195,445635.08687952947,5696601.987664997,474.3494567871094,-120.42330610496333,-0.06150986780324632,-4.771364537998332,638,frame_000638.png
8000,8000,123,99,0.8048780487804879,99,1.0,99,97,0.9797979797979798,445635.1528677951,5696601.578278211,474.19288252055844,0.2030032665352337,-0.39711805433034897,-0.24687578022286516,-99.80946061785598,3.5397443184536472,8.35185363440724,3.869022229839686,-0.1527238383377778,13.601225251487506,0.611467,0.32239556,97,0.9797979797979798,445635.1528677944,5696601.578278214,474.19288252044595,0.20300326583674178,-0.39711805153638124,-0.24687578033535829,-99.80946061557125,3.539744299482378,8.351853626004612,3.8690222321243937,-0.1527238573090699,13.601225243084883,0.611467,0.32239556,445634.94986452855,5696601.975396265,474.4397583007813,-103.67848284769566,3.6924681567914375,-5.249371617080275,639,frame_000639.png
8001,8000,123,109,0.8861788617886179,109,1.0,109,108,0.9908256880733946,445635.90225095616,5696601.38820762,474.2138305812903,0.6932822779635899,-0.19775029458105564,-0.20380247535030094,-37.28947205614726,3.8422735028028043,0.1900651463783985,0.26126909528372266,-0.02675778221220071,-1.714194426283541,0.55994916,0.29205874,108,0.9908256880733946,445635.9022509515,5696601.388207613,474.21383058205714,0.693282273306977,-0.19775030203163624,-0.20380247458348322,-37.289472054658766,3.842273507133437,0.19006508589750037,0.26126909677222443,-0.026757777881584843,-1.714194486764427,0.55994916,0.29205874,445635.2089686782,5696601.585957915,474.4176330566406,-37.550741151430984,3.8690312850150175,1.9042595726619256,640,frame_000640.png
8001,8000,114,96,0.8421052631578947,96,1.0,96,92,0.9583333333333334,445636.9109106709,5696601.0667968765,474.2254434618131,0.7095748510328121,-0.06333624571561813,-0.17894496592128917,-28.304671359287635,2.39286050836458,-1.9623945436844719,-1.4075382291065068,-0.1510573108880351,-5.93003339997955,0.61982554,0.31039435,92,0.9583333333333334,445636.9109106709,5696601.0667968765,474.2254434618073,0.7095748510328121,-0.06333624571561813,-0.1789449659270872,-28.304671359293707,2.3928605084692043,-1.962394543477293,-1.407538229112589,-0.15105731078338636,-5.930033399772384,0.61982554,0.31039435,445636.20133581985,5696601.130133122,474.4043884277344,-26.897133130181125,2.543917819252602,3.96763885629508,641,frame_000641.png
8000,8001,101,86,0.8514851485148515,86,1.0,86,86,1.0,445544.86707700545,5696605.2602415765,78.30751112616161,-91.60310137725901,4.237405848689377,-396.0995323308697,150.87995266554864,-17.181895192839967,-13.940101643206939,178.09813014045722,-18.32276484055876,-17.621514581958763,310.9545,131.92155,86,1.0,445637.2548684538,5696600.878320835,474.2248712990477,0.7846900710719638,-0.14451489318162203,-0.18217215798358666,-28.680239206908574,1.1134240285877042,-2.0139599771307433,-1.462061732000052,-0.027445619131071908,-5.6953729158825865,0.6670773,0.35421294,445636.4701783827,5696601.022835728,474.4070434570313,-27.218177474908533,1.1408696477187785,3.681412938751837,642,frame_000642.png
8000,8000,115,88,0.7652173913043478,88,1.0,88,88,1.0,445637.5646013228,5696600.753946167,474.2284932923049,0.5720815765089355,-0.03311902657151222,-0.17635289910140273,-28.381945629161564,0.35839249605090673,-0.8573526836138846,-1.5344122740168018,-0.19101036408184768,-3.41289117970868,0.6326032,0.38856745,88,1.0,445637.5646012505,5696600.753946339,474.22849329247816,0.5720815042150207,-0.03311885520815849,-0.176352898928144,-28.38194555302948,0.3583914902063952,-0.857351866889393,-1.5344121978847056,-0.1910113699263718,-3.4128903629842,0.63260514,0.3885659,445636.9925197463,5696600.787065194,474.4048461914063,-26.84753335514477,0.5494028601327685,2.5555384960947993,643,frame_000643.png
8000,8000,80,62,0.775,62,1.0,62,62,1.0,700252.9639355219,5795915.966925827,2256293.6263524042,254615.266602695,99315.52554532886,2255819.220987414,82.93253667076884,0.7820455673486517,-8.172163781335021,109.51491910539187,-1.0600010253826326,-11.531604983251526,399.50848,139.99713,62,1.0,445638.4360461835,5696600.334479378,474.20384098474386,0.7387133566080593,-0.10690112039446831,-0.20152400549051208,-28.025023877753583,1.7562787008287544,-1.2868072925623246,-1.442641443130583,-0.08576789190254885,-4.646248494478812,0.530311,0.30260444,445637.6973328269,5696600.441380498,474.4053649902344,-26.582382434623003,1.8420465927312983,3.3594412019164963,644,frame_000644.png
8000,8000,85,64,0.7529411764705882,64,1.0,64,63,0.984375,445638.9639724051,5696600.092000282,474.20408830799823,0.5969443129142746,-0.0010668756440281868,-0.1803721412205732,-27.82514521977742,1.4141294969512546,-0.11231831450264103,-1.4680851336204626,-0.4123555505940715,-2.5291866582276157,0.6014665,0.29044786,63,0.984375,445638.9639724023,5696600.092000281,474.20408830817996,0.5969443101203069,-0.0010668765753507614,-0.1803721410388448,-27.825145219623803,1.4141294812048295,-0.1123183253007474,-1.4680851334668432,-0.4123555663404943,-2.5291866690257336,0.6014665,0.29044786,445638.3670280922,5696600.093067158,474.3844604492188,-26.357060086156945,1.826485047545337,2.4168683437249836,645,frame_000645.png
8000,8000,81,64,0.7901234567901234,64,1.0,64,64,1.0,445639.5717510211,5696599.789430051,474.2096677073303,0.7516140271327458,-0.06023481022566557,-0.18297145282593874,-28.36371722759398,0.6995682917236671,-1.124962357473318,-1.5005824305475812,-0.20675457186726476,-4.60907586481764,0.67474365,0.34516245,64,1.0,445639.5717510211,5696599.789430051,474.2096677073313,0.7516140271327458,-0.06023481022566557,-0.1829714528249724,-28.36371722760275,0.6995682918159648,-1.124962357576185,-1.5005824305563635,-0.20675457177497947,-4.609075864920499,0.67474365,0.34516245,445638.82013699395,5696599.849664861,474.39263916015625,-26.863134797046396,0.9063228635909377,3.4841135073443192,646,frame_000646.png
8000,8000,82,70,0.8536585365853658,70,1.0,70,70,1.0,445639.8818226481,5696599.648926048,474.213493490696,0.5889652997720987,0.024994123727083206,-0.16675553274149024,-28.39938062890916,0.32972979755000864,-0.755762849387366,-1.4789344230842119,-0.1825787164445387,-3.944291746953297,0.6129156,0.36058268,70,1.0,445639.8818226481,5696599.648926048,474.21349349069493,0.5889652997720987,0.024994123727083206,-0.16675553274257027,-28.399380628905412,0.3297297975947607,-0.7557628493520109,-1.4789344230804602,-0.18257871639977452,-3.9442917469179406,0.6129156,0.36058268,445639.29285734834,5696599.623931924,474.3802490234375,-26.92044620582496,0.512308513994536,3.1885288975659365,647,frame_000647.png
8000,8001,84,66,0.7857142857142857,66,1.0,66,66,1.0,445640.1525782108,5696599.473691761,474.22091186485966,0.6262557521113195,-0.02848400454968214,-0.16858398474971636,-28.479547983583146,0.2890996783246557,-1.1486627783175716,-1.5078216619070872,-0.25193159297347734,-4.43137578308378,0.6493962,0.3743636,66,1.0,445640.1525782101,5696599.473691761,474.2209118649549,0.6262557514128275,-0.02848400454968214,-0.1685839846544468,-28.47954798387814,0.2890996749579282,-1.1486627817948891,-1.5078216622021046,-0.25193159634019935,-4.431375786561091,0.6493962,0.3743636,445639.5263224587,5696599.502175765,474.3894958496094,-26.971726321676044,0.5410312712981321,3.2827130047662116,648,frame_000648.png
8001,8000,66,53,0.803030303030303,53,1.0,53,53,1.0,445640.45595642127,5696599.355072167,474.22027540261917,0.6904329467797652,-0.04163906071335077,-0.16143846456833444,-28.43142451059845,0.21986273733748532,-1.2817650953653539,-1.4980367786618842,-0.2118954413770382,-4.910562800101985,0.6630321,0.42585272,53,1.0,445640.4559564214,5696599.355072167,474.22027540261644,0.6904329468961805,-0.04163906071335077,-0.16143846457106292,-28.43142451063563,0.2198627380662975,-1.281765095596617,-1.4980367786990882,-0.2118954406482203,-4.910562800333253,0.6630321,0.42585272,445639.7655234745,5696599.3967112275,474.3817138671875,-26.933387731936556,0.4317581787145216,3.62879770473664,649,frame_000649.png
8000,8000,65,50,0.7692307692307693,50,1.0,50,49,0.98,445640.74114233704,5696599.203154354,474.2188962271207,0.743662868917454,-0.0828672805801034,-0.16989771819180532,-28.367503153228274,0.5521560109545371,-1.5528589490692721,-1.5437708184974213,-0.1537270003231015,-5.352412392831553,0.6076939,0.35247055,49,0.98,445640.74114233704,5696599.203154354,474.2188962271208,0.743662868917454,-0.0828672805801034,-0.16989771819169164,-28.367503153228267,0.5521560109438124,-1.5528589490687406,-1.5437708184974213,-0.15372700033381648,-5.352412392831013,0.6076939,0.35247055,445639.9974794681,5696599.286021635,474.3887939453125,-26.823732334730845,0.705883011277641,3.7995534437622864,650,frame_000650.png
8000,8000,69,56,0.8115942028985508,56,1.0,56,56,1.0,445641.02024859015,5696599.07185216,474.21961464987635,0.5665734528447501,0.012374436482787132,-0.17198691262365173,-28.037759481344732,-0.023224941857934937,-1.0926723246632508,-1.546536962846858,-0.22314847122930814,-4.5448841336101395,0.6235541,0.32974058,56,1.0,445641.02024858905,5696599.071852175,474.21961464876637,0.5665734517388046,0.012374451383948326,-0.17198691373363317,-28.037759477043267,-0.023224993794196007,-1.0926722418805,-1.5465369585453743,-0.22314852316557676,-4.544884050827392,0.6235541,0.32974058,445640.4536751373,5696599.059477723,474.3916015625,-26.49122251849789,0.1999235293713817,3.4522118089468807,651,frame_000651.png
8000,8001,60,38,0.6333333333333333,38,1.0,38,38,1.0,445638.0917011502,5696595.399364814,459.89430833505884,-2.794170340639539,-3.4549129707738757,-14.503579848534912,149.96388400607927,-9.786456782620187,-38.706649826054104,176.66719699316764,-11.620748312646413,-42.86030095713352,34.129017,19.463947,38,1.0,445641.5282364404,5696598.79765938,474.2171857225604,0.6423649495700374,-0.05661840457469225,-0.18070246103337695,-28.149157401902897,1.7785390334396127,-1.8774672355135695,-1.4458444148145304,-0.05575249658662074,-6.0311183665929775,0.59970677,0.26394174,445640.8858714908,5696598.854277785,474.39788818359375,-26.70331298708837,1.834291530026222,4.1536511310794,652,frame_000652.png
8000,8001,61,47,0.7704918032786885,47,1.0,47,46,0.9787234042553191,445644.4700714411,5696593.571068503,471.5502300961718,3.371186119155027,-5.182574113830924,-2.842836310078212,-11.321405270330803,31.983616848918892,-35.55414795695386,15.721401002891923,30.87080160559222,-39.94042288377847,52.44,44.917126,46,0.9787234042553191,445641.82243725186,5696598.735624523,474.2169727931934,0.7235519299283624,-0.018018093891441822,-0.17609361305659377,-28.56773922229044,0.8283167519550614,-1.7572306086400167,-1.5249329490677326,-0.28449849137160754,-6.143505535464612,0.5991059,0.27977452,445641.09888532193,5696598.753642617,474.39306640625,-27.042806273222716,1.112815243326673,4.386274926824587,653,frame_000653.png
8000,8001,68,52,0.7647058823529411,52,1.0,52,52,1.0,491236.94303094776,5713726.103049815,78007.18889568932,45595.2006260514,17127.651927733794,77532.79991863854,-104.35628620828662,-14.428310263864532,24.869251761650254,-77.24066213534313,-16.30844284078853,20.28481388923103,345.3516,133.21184,52,1.0,445642.3508923307,5696598.474277216,474.22122234779334,0.6084874343359843,0.023155135102570057,-0.16775470298796336,-28.549518496376148,1.567901126308085,-2.1936111539702505,-1.4338944234326618,-0.3122314506159114,-6.778049026389482,0.65995246,0.35582355,445641.74240489636,5696598.451122081,474.3889770507813,-27.11562407294349,1.880132576924002,4.584437872419224,654,frame_000654.png
8000,8000,68,57,0.8382352941176471,57,1.0,57,55,0.9649122807017544,445644.8087554695,5696594.783513102,472.92440045965867,2.8470943238353357,-3.5648183804005384,-1.4651869426850794,-22.301130480905517,25.307230711851922,-19.868890691821814,4.813220513584554,24.052825040686457,-24.760161535871816,22.324482,17.690704,55,0.9649122807017544,445642.64224208,5696598.321279338,474.22509183033975,0.680580934335012,-0.027052144519984722,-0.16449557200400022,-28.560917695141416,1.1328009965462285,-2.419061714175192,-1.4465667006513456,-0.12160467461924895,-7.310332558225184,0.5718657,0.30952314,445641.9616611457,5696598.348331482,474.38958740234375,-27.114350994490064,1.254405671165473,4.89127084405,655,frame_000655.png
8000,8000,79,67,0.8481012658227848,67,1.0,67,67,1.0,445644.22076209,5696595.71845872,473.6303347493389,2.0338840343174525,-2.529569269157946,-0.7526913737079894,-25.732049363616092,16.30233573175931,-13.405741947559685,1.3973929510910352,15.263125080692788,-17.91750530325089,13.274596,15.717324,67,1.0,445642.89107444603,5696598.140541271,474.22277896333384,0.704196390346624,-0.10748671740293503,-0.1602471597130375,-28.559344470018967,0.9383324274889399,-2.4153681498640993,-1.4299021553118507,-0.10087822357758114,-6.927131505555309,0.57760847,0.33998924,445642.1868780557,5696598.248027989,474.3830261230469,-27.129442314707116,1.0392106510665202,4.511763355691201,656,frame_000656.png
8001,8001,89,66,0.7415730337078652,66,1.0,66,64,0.9696969696969697,446742.5711042998,5695965.985384985,1940.1260361466475,1099.9453581517446,-632.04489792604,1465.7425522599287,-98.69190613058443,8.696345630424187,-142.5708074510651,-71.50726318973196,7.434638498947294,-146.98225956403448,236.31638,138.8916,64,0.9696969696969697,445643.15618908097,5696598.0197340185,474.2267320073221,0.5304429329116829,-0.010548892430961132,-0.15675187939672242,-28.690651874284292,1.0180784381243542,-2.2585518492777936,-1.506008933431815,-0.243628693352548,-6.670003962247165,0.70525634,0.35356236,445642.62574614806,5696598.030282911,474.3834838867188,-27.184642940852463,1.2617071314768948,4.411452112969373,657,frame_000657.png
8000,8000,81,64,0.7901234567901234,64,1.0,64,61,0.953125,445645.1206386623,5696594.700057533,473.1392539559741,2.278379287745338,-3.2230665804818273,-1.2382484854322229,-24.481406505258985,21.291926415177816,-18.28165133212593,2.658808096442584,20.36918179086274,-23.189130088587262,18.31479,13.8434105,61,0.953125,445643.4598101387,5696597.867740108,474.22546946190334,0.6175507641164586,-0.055384005419909954,-0.15203297950296246,-28.59655047126523,0.9718828530586843,-2.7479661710996703,-1.4563358695636737,0.049138228743601076,-7.655444927561007,0.6726391,0.33971423,445642.84225937456,5696597.923124113,474.3775024414063,-27.14021460170156,0.9227446243150702,4.9074787564613445,658,frame_000658.png
8000,8002,66,51,0.7727272727272727,51,1.0,51,49,0.9607843137254902,445643.27350465825,5696602.792387116,471.8702007493203,-0.861394302919507,5.492033035494387,-2.521553401070321,-18.824105577378646,-26.86659371219252,31.477061869404135,7.984538901016464,-27.772072969811603,25.895450856233026,24.57291,18.275883,49,0.9607843137254902,445644.87348314765,5696597.197488403,474.2286993947159,0.738584186474327,-0.10286567732691765,-0.16305475567475014,-28.236550287849795,1.445812372839734,-3.2736508301454124,-1.4279058094546713,0.5403331152206476,-8.855261843316526,0.6663995,0.442251,445644.1348989612,5696597.30035408,474.3917541503906,-26.80864447839512,0.9054792576190859,5.581611013171119,659,frame_000659.png
8000,8000,65,52,0.8,52,1.0,52,52,1.0,445645.0942998178,5696597.061001429,474.24006339093285,0.7452996298670769,-0.11999609787017107,-0.16945198992652877,-28.03339910679943,0.7300794454676968,-2.229811767814229,-1.527747367881176,0.09987361887698398,-6.715748486765534,0.6927607,0.44196886,52,1.0,445645.0942998178,5696597.061001429,474.24006339093296,0.7452996298670769,-0.11999609787017107,-0.16945198992641508,-28.0333991067985,0.7300794454661738,-2.2298117678067713,-1.527747367880238,0.09987361887544921,-6.715748486758088,0.6927607,0.44196886,445644.34900018794,5696597.180997527,474.4095153808594,-26.505651738918246,0.6302058265907203,4.485936718951318,660,frame_000660.png
8000,8001,71,64,0.9014084507042254,64,1.0,64,62,0.96875,445556.6282458064,5697258.939422617,949.2433392448875,-88.1522717254702,661.9939737785608,474.8264080925437,-6.6395505462491995,-29.700443473651767,51.61038481260417,20.13788391018832,-30.485424794461636,46.76120933117227,246.2645,118.876366,62,0.96875,445645.2963583907,5696596.927982955,474.24573362540417,0.5158408588613383,-0.017465882934629917,-0.17119752693957935,-28.27019994362404,0.5982378315592725,-2.724203702185138,-1.4927654871865172,-0.18674348925060258,-7.57337918361705,0.6294083,0.38836855,445644.78051753185,5696596.945448838,474.41693115234375,-26.77743445643752,0.7849813208098636,4.849175481431916,661,frame_000661.png
8000,8000,56,45,0.8035714285714286,45,1.0,45,45,1.0,445179.7871327979,5697381.592530283,-900.6321512755724,-465.2096208113944,784.7704377854243,-1375.0550333556505,-67.44380091540427,42.51315875979031,-176.11174817116085,-40.62845316652425,42.04444108719838,179.1630177633043,261.73093,117.51197,45,1.0,445645.56676724233,5696596.781432277,474.25410330457504,0.5700136330560781,-0.04066022112965584,-0.1687787755030854,-28.38214278033677,0.030059873614118004,-2.4986575860380382,-1.5667950314567634,-0.43865779897780044,-7.223891651572842,0.62631905,0.31774858,445644.9967536093,5696596.822092498,474.4228820800781,-26.81534774888,0.468717672591915,4.725234065534802,662,frame_000662.png
8000,8000,69,49,0.7101449275362319,49,1.0,49,47,0.9591836734693877,445645.91750042373,5696596.617692264,474.2413881265072,0.6947331424453296,-0.08376550301909447,-0.17752666841465725,-28.526937813858904,0.6836936272879788,-2.494062056168692,-1.4168726346476888,0.1532252681402042,-7.2648435409304,0.7045023,0.3997412,47,0.9591836734693877,445645.9175004231,5696596.617692263,474.2413881265563,0.6947331418050453,-0.08376550395041704,-0.17752666836560138,-28.52693781442075,0.6836936250222301,-2.4940620611714968,-1.416872635209529,0.15322526587448237,-7.264843545933218,0.7045023,0.3997412,445645.2227672813,5696596.701457767,474.4189147949219,-27.110065179211226,0.5304683591477604,4.7707814847617085,663,frame_000663.png
8000,8000,61,37,0.6065573770491803,37,1.0,37,35,0.9459459459459459,428943.677321523,5720481.269248108,-856.0286719825076,-16701.770458845946,23884.68926389981,-1330.4434974219607,48.58503601404744,-23.710086513858887,99.2642488854527,75.69718033753759,-23.729135367163508,95.11603134876327,220.19095,101.79289,35,0.9459459459459459,445646.1476371441,5696596.487380867,474.26202722893765,0.6998567751143128,-0.0926033416762948,-0.1527982105154706,-28.552543218023892,-0.3783756235805287,-1.6372809285788574,-1.440398894533729,-0.39742447688516336,-5.78549846526829,0.66935176,0.4091822,445645.44778036897,5696596.579984209,474.4148254394531,-27.112144323490156,0.019048853304635963,4.148217536689434,664,frame_000664.png
8000,8001,55,32,0.5818181818181818,32,1.0,32,31,0.96875,445647.05649737705,5696596.076729196,474.22101255323656,0.7459048127639107,-0.02552387397736311,-0.16256288621656267,-28.30500939663619,1.1170119393352214,-1.1787085683049943,-1.3443914495857427,0.37592445296311894,-5.323457110124679,0.70330364,0.38212574,31,0.96875,445647.05649737414,5696596.076729192,474.22101255320854,0.7459048098535277,-0.025523877702653408,-0.16256288624458648,-28.305009398946133,1.1170119349122987,-1.1787085997386741,-1.3443914518956888,0.37592444854018936,-5.32345714155835,0.70330364,0.38212574,445646.3105925643,5696596.10225307,474.3835754394531,-26.96061794705044,0.7410874863721028,4.144748541819686,665,frame_000665.png
8000,8000,68,40,0.5882352941176471,40,1.0,40,40,1.0,445647.14418820356,5696595.869983989,474.2333432739548,0.6546980261919089,-0.11696960497647524,-0.1573427612014484,-28.42998702845589,2.186002478235711,-0.8606216468093866,-1.4480279480751506,-0.2165518788330587,-3.891760954822132,0.57541025,0.28773278,40,1.0,445647.14418820344,5696595.869983989,474.2333432739521,0.6546980260754935,-0.11696960497647524,-0.1573427612041769,-28.42998702849839,2.1860024782312113,-0.8606216479375346,-1.4480279481176694,-0.21655187883754934,-3.891760955950275,0.57541025,0.28773278,445646.48949017737,5696595.986953594,474.39068603515625,-26.981959080380726,2.4025543570687624,3.031139308012737,666,frame_000666.png
8000,8000,81,67,0.8271604938271605,67,1.0,67,67,1.0,445649.34701913444,5696595.15813909,474.1677502802289,1.5766024558688514,-0.04724624194204807,-0.24402340141170953,-29.053029063093298,8.506156713422248,2.2312655886639434,-1.8668579522640982,5.654437751851617,-0.9841339285824233,6.214611,2.7103431,67,1.0,445648.3086897646,5696595.216280635,474.23300260567424,0.5382730860146694,0.010895303450524807,-0.17877107596638098,-28.689876738194588,2.680080440639502,-0.6117869166406243,-1.5037056273653775,-0.17163852093111132,-3.827186433886993,0.58839285,0.4753582,445647.77041667857,5696595.205385332,474.4117736816406,-27.1861711108292,2.8517189615706164,3.2153995172463725,667,frame_000667.png
8001,8002,90,73,0.8111111111111111,73,1.0,73,71,0.9726027397260274,445649.1272462955,5696594.801960154,474.2226046675242,0.7197043878259137,-0.0475753266364336,-0.19359406294461223,-28.741538613624588,2.1713456037330547,-1.424346642774057,-1.4721870087643936,-0.2898384612571192,-5.535495623017141,0.6029108,0.36351395,71,0.9726027397260274,445649.1272462976,5696594.80196015,474.2226046684577,0.7197043899213895,-0.047575331293046474,-0.1935940620111296,-28.741538615372086,2.1713456290423623,-1.424346663170879,-1.4721870105119024,-0.28983843594781433,-5.535495643413981,0.6029108,0.36351395,445648.4075419077,5696594.849535481,474.4161987304688,-27.269351604860198,2.461184064990166,4.1111489802430885,668,frame_000668.png
8000,8001,74,57,0.7702702702702703,57,1.0,57,56,0.9824561403508771,445648.7614693354,5696589.600967461,473.8617209251424,-0.08769072592258453,-5.009882429614663,-0.5586587135294963,-27.178572117656625,13.270484714501334,-30.630410629519975,0.1411969391578225,11.310615366248413,-33.92487323046004,8.1384535,4.1454716,56,0.9824561403508771,445649.45794411807,5696594.607097956,474.23159823128526,0.6087840567342937,-0.0037519345059990883,-0.18878140738661386,-28.82424445648177,2.0526205401971307,-0.6984998835972386,-1.5044753996673137,0.09275119194418835,-3.9929624845373155,0.5585012,0.2974013,445648.84916006133,5696594.610849891,474.4203796386719,-27.319769056814454,1.95986934825293,3.294462600940072,669,frame_000669.png
8000,8000,88,75,0.8522727272727273,75,1.0,75,72,0.96,445649.71486391075,5696594.466687758,474.2323548238149,0.6415704112732783,-0.02057339809834957,-0.18399649454448763,-28.7998377591386,1.9448005959744192,-0.2496305990686858,-1.4374081387219633,-0.12646322464928517,-3.1193986885904224,0.5173156,0.27807772,72,0.96,445649.71486391034,5696594.466687758,474.23235482383524,0.6415704108658247,-0.02057339809834957,-0.1839964945241377,-28.7998377589107,1.9448005926130736,-0.2496305987709047,-1.4374081384940496,-0.12646322801063548,-3.1193986882926197,0.5173156,0.27807772,445649.0732934995,5696594.487261157,474.4163513183594,-27.36242962041665,2.071263820623706,2.8697680895217257,670,frame_000670.png
8000,8000,92,74,0.8043478260869565,74,1.0,74,71,0.9594594594594594,445650.2458271653,5696594.13563775,474.24193406228244,0.7295763129950501,-0.09840376116335392,-0.1827790724831857,-29.079895049465975,1.168574113996444,-0.12288624290562507,-1.343517759267968,-0.10409707666624968,-2.7143912094409757,0.62006396,0.3197124,71,0.9594594594594594,445650.24582716555,5696594.13563775,474.24193406230955,0.7295763132278807,-0.09840376116335392,-0.1827790724560714,-29.079895049752764,1.1685741164183183,-0.12288624425249674,-1.343517759554743,-0.10409707424437897,-2.714391210787852,0.62006396,0.3197124,445649.5162508523,5696594.234041511,474.4247131347656,-27.736377290198014,1.2726711906626982,2.5915049665353487,671,frame_000671.png
8000,8000,90,80,0.8888888888888888,80,1.0,80,78,0.975,445650.50550104456,5696593.951271359,474.2441646532013,0.5467319046729244,-0.015572812408208847,-0.17938881359555126,-29.178553559417573,0.5660775128656337,-0.4321259038463806,-1.3619136395023475,-0.2693649592032159,-3.1998727584278868,0.53516704,0.30243227,78,0.975,445650.50550107664,5696593.951271257,474.2441646591369,0.5467319367453456,-0.01557291392236948,-0.17938880765996146,-29.178553617151994,0.5660779870347461,-0.4321263577130914,-1.361913697236787,-0.26936448503408883,-3.1998732122946194,0.5351677,0.30243307,445649.9587691399,5696593.966844171,474.4235534667969,-27.81663991991521,0.8354424720688388,2.7677468545815187,672,frame_000672.png
8000,8000,98,87,0.8877551020408163,87,1.0,87,87,1.0,445650.7822703259,5696593.767023453,474.2505372689487,0.6089138181414455,-0.06451350171118975,-0.17774642245763062,-28.9993263073108,1.4619521295401334,0.6547848582129608,-1.3881495125487788,-0.20632451118680706,-0.9908553163648719,0.56788975,0.31643113,87,1.0,445650.78227032564,5696593.767023453,474.2505372689062,0.6089138179086149,-0.06451350171118975,-0.17774642250009265,-28.99932630698331,1.4619521264779634,0.654784861281664,-1.388149512221304,-0.20632451424896203,-0.9908553132961515,0.56788975,0.31643113,445650.17335650773,5696593.831536954,474.4282836914063,-27.611176794762017,1.668276640726927,1.6456401745778233,673,frame_000673.png
8000,8000,99,86,0.8686868686868687,86,1.0,86,83,0.9651162790697675,445651.2813581457,5696593.450795766,474.25318072787235,0.6861159844556823,-0.12586412020027637,-0.1776969576745273,-29.065155174942976,1.1505174905219644,0.7673749566976561,-1.4148336070699656,-0.29767605885362514,-0.8085103057088929,0.65410614,0.346445,83,0.9651162790697675,445651.2813581459,5696593.450795766,474.2531807278557,0.6861159846303053,-0.12586412020027637,-0.17769695769118243,-29.065155174955088,1.1505174907365119,0.7673749580406444,-1.4148336070820733,-0.2976760586390981,-0.8085103043659103,0.65410614,0.346445,445650.59524216125,5696593.576659886,474.4308776855469,-27.650321567873018,1.4481935493756004,1.5758852624065605,674,frame_000674.png
8000,8000,89,63,0.7078651685393258,63,1.0,63,62,0.9841269841269841,445651.80241971376,5696593.164540641,474.2412560423509,0.584184933512006,-0.03532199747860432,-0.18934698499282376,-29.148042083797897,1.3146294213035563,0.5576488617635136,-1.4169382244588746,-0.40040495820946376,-1.1229544088849366,0.6041559,0.37975127,62,0.9841269841269841,445651.8024197138,5696593.164540641,474.2412560423531,0.5841849335702136,-0.03532199747860432,-0.1893469849906637,-29.148042083851703,1.3146294218354635,0.5576488617741486,-1.4169382245127053,-0.4004049576775799,-1.1229544088743069,0.6041559,0.37975127,445651.21823478024,5696593.1998626385,474.43060302734375,-27.731103859339008,1.7150343795130323,1.6806032706484426,675,frame_000675.png
8000,8000,75,60,0.8,60,1.0,60,57,0.95,447158.0128121947,5708823.264020716,886.8335241736206,1506.5835572269862,12230.178993624635,412.4128088415893,-14.336698706619885,-29.113698812125644,85.83956825761378,13.325206778055929,-30.708895949214792,84.04947377567032,382.34702,163.1278,57,0.95,445652.0717904933,5696592.994097922,474.2404302310908,0.6425355256069452,-0.09092916920781136,-0.18028510094052308,-29.071411826726763,1.3502525505756977,0.5482537847706039,-1.4095063420509462,-0.24494458651344075,-1.2418406971728757,0.5973331,0.31226248,445651.4292549677,5696593.085027091,474.4207153320313,-27.66190548467582,1.595197137089143,1.7900944819434736,676,frame_000676.png
8000,8000,106,85,0.8018867924528302,85,1.0,85,85,1.0,445652.34187888406,5696592.866204673,474.2345356916462,0.699559097061865,-0.10274133738130331,-0.18135786304128487,-28.934889824910087,1.6500767666817815,0.4105381086046439,-1.3677049492364688,-0.2100309723066971,-1.5662819686487808,0.6163374,0.48553607,85,1.0,445652.3418788841,5696592.866204676,474.2345356915674,0.6995590971200727,-0.10274133458733559,-0.1813578631201267,-28.934889824417578,1.6500767600515691,0.4105381214989499,-1.367704948743949,-0.21003097893688505,-1.566281955754448,0.6163374,0.48553607,445651.642319787,5696592.968946011,474.4158935546875,-27.56718487567362,1.8601077389884644,1.9768200772534117,677,frame_000677.png
8000,8000,114,95,0.8333333333333334,95,1.0,95,95,1.0,445653.21056089987,5696592.436581978,474.22530341522275,0.6972657789592631,-0.059838647954165936,-0.1778643093866208,-28.769785569705128,0.8756482024797031,0.5976856312445253,-1.4194841675302143,-0.08107802987234436,-1.3175857317979762,0.53333455,0.37470955,95,1.0,445653.21056089964,5696592.436581978,474.2253034152227,0.6972657787264325,-0.059838647954165936,-0.17786430938667763,-28.769785569714752,0.8756482015521402,0.597685630411328,-1.4194841675398493,-0.08107803079988685,-1.317585732631187,0.53333455,0.37470955,445652.5132951209,5696592.496420626,474.4031677246094,-27.350301402174917,0.9567262323520405,1.9152713630425136,678,frame_000678.png
8001,8000,130,115,0.8846153846153846,115,1.0,115,114,0.991304347826087,445653.73234673997,5696592.178092797,474.2179348330251,0.5401479288702831,0.01237450446933508,-0.18019749119372364,-28.54204619219146,0.17463274262764075,0.43291146357292226,-1.4237946514913915,-0.27907985416359793,-1.626680334733436,0.4992465,0.3040208,114,0.991304347826087,445653.7323467409,5696592.178092799,474.21793483300144,0.5401479298016056,0.012374506331980228,-0.1801974912173705,-28.54204619190507,0.17463274167529827,0.43291147682659986,-1.423794651204986,-0.27907985511595257,-1.6266803214797392,0.4992465,0.3040208,445653.1921988111,5696592.165718293,474.3981323242188,-27.118251540700072,0.4537125967912401,2.059591798306345,679,frame_000679.png
8000,8000,128,116,0.90625,116,1.0,116,110,0.9482758620689655,445652.6234416721,5696592.765155799,455.6042273587626,-0.7897942832205445,0.7079487899318337,-18.792806332643693,151.3626402367341,-9.193743345454072,0.09431972074651528,178.572264070097,-9.937974381550191,-2.053916250811909,1.1071402,0.9130068,110,0.9482758620689655,445654.0071828715,5696592.031208479,474.2184952123127,0.5939469161676243,-0.025998529978096485,-0.17853847909361775,-28.609239368312885,0.42515812596468555,0.21643416213048766,-1.3996155349500157,-0.3190729101314389,-1.931801809427924,0.53998035,0.31678203,445653.41323595535,5696592.057207009,474.3970336914063,-27.209623833362876,0.7442310360961223,2.1482359715584205,680,frame_000680.png
8000,8000,132,116,0.8787878787878788,116,1.0,116,115,0.9913793103448276,445654.5256334327,5696591.774585045,474.21271606107126,0.682631526782643,-0.06998817343264818,-0.18474487642873783,-28.96528062957293,0.5135489646435522,0.109575140615303,-1.405879503077358,-0.4238781578735882,-2.2349269252340775,0.54847354,0.35047993,115,0.9913793103448276,445654.5256334325,5696591.774585046,474.2127160610216,0.6826315265498124,-0.06998817250132561,-0.18474487647841897,-28.965280629580562,0.5135489611822491,0.10957514418506871,-1.4058795030850035,-0.42387816133489764,-2.234926921664311,0.54847354,0.35047993,445653.84300190595,5696591.844573218,474.3974609375,-27.55940112649557,0.9374271225171533,2.3445020658493863,681,frame_000681.png
8000,8000,132,120,0.9090909090909091,120,1.0,120,120,1.0,445650.6799222775,5696592.466147116,456.00977038912754,-3.583563911903184,0.8393279360607266,-18.38769054837246,127.63158944915149,-18.43367041091202,-15.688745600811789,155.15589788381692,-19.41654245244527,-17.59764071497267,125.86173,52.647083,120,1.0,445654.78761121735,5696591.623507772,474.2198258597153,0.524125027935952,-0.003311408683657646,-0.1776350777847142,-28.946395450637265,0.6377118828261448,0.34506165117652887,-1.4220870159718118,-0.3451601587071309,-1.5638334629843769,0.56422144,0.37206358,445654.2634861894,5696591.62681918,474.3974609375,-27.524308434665446,0.9828720415332634,1.908895114160892,682,frame_000682.png
8000,8000,156,131,0.8397435897435898,131,1.0,131,129,0.9847328244274809,445655.2749366458,5696591.374896766,474.22088423100365,0.6102541843429208,-0.035916974768042564,-0.17611894282447338,-28.873823221941517,1.5789180521680755,1.2894847921390238,-1.4294744429666082,-0.49779424940288663,0.033419452373237846,0.53233266,0.32221994,129,0.9847328244274809,445655.2749366432,5696591.374896781,474.2208842304201,0.610254181723576,-0.03591695986688137,-0.17611894340802792,-28.873823223235036,1.578917995944895,1.2894848614539396,-1.429474444260137,-0.49779430562605853,0.033419521688131226,0.53233266,0.32221994,445654.6646824615,5696591.41081374,474.3970031738281,-27.44434877897491,2.0767123015709505,1.256065339765796,683,frame_000683.png
8000,8001,146,126,0.863013698630137,126,1.0,126,124,0.9841269841269841,445655.96617341804,5696590.859563966,474.24293363735853,1.1119610505411401,-0.4391697207465768,-0.17192231967277394,-28.662583075348138,5.385553225108263,0.7752922249102743,-1.2126494964258825,2.848174210127098,-0.3024225783540544,3.484233,1.32189,124,0.9841269841269841,445655.51547644316,5696591.23341817,474.2224100399458,0.6612640756648034,-0.06531551666557789,-0.19244591708547887,-28.851481181655757,2.0454032979049424,1.4506539445915452,-1.4015476027335012,-0.49197571707622956,0.3729391413272083,0.54007226,0.30704337,445654.8542123675,5696591.298733687,474.4148559570313,-27.449933578922252,2.5373790149811617,1.0777148032643247,684,frame_000684.png
8002,8000,177,155,0.8757062146892656,155,1.0,155,154,0.9935483870967742,332453.6564742748,-6868351.378271236,-10696192.271279937,-113201.58105840307,-12564942.465924192,-10696666.674020415,171.06660914461884,13.321066544611131,-45.77036263105008,-161.1756721847051,10.594120654134883,-47.3798080048428,336.89987,149.9069,154,0.9935483870967742,445655.7647671153,5696591.106392036,474.22190950946504,0.5272344374097884,0.01873908005654812,-0.18083096905058937,-29.138587820526695,2.3936701523925557,0.9250114908797142,-1.3808691498506107,-0.33327573808367106,-0.6844338829129981,0.55735886,0.3146307,445655.2375326779,5696591.087652956,474.4027404785156,-27.757718670676077,2.726945890476236,1.6094453737927246,685,frame_000685.png
8000,8002,170,151,0.888235294117647,151,1.0,151,151,1.0,445656.10946995893,5696590.519219542,474.1887325146967,0.6754744793870486,-0.46925967652350664,-0.20552407710016496,-29.15579335182467,4.431043679380574,-1.3946938585166777,-1.2529600704733923,1.5191771667074079,-3.1844235912184047,1.8890601,1.1119711,151,1.0,445655.9989293359,5696590.956636211,474.21585852700474,0.5649338563671336,-0.031843007542192936,-0.17839806479213394,-29.232793269628388,2.6149392357291923,0.5651764302947253,-1.3299599882770963,-0.2969272769439897,-1.2245533024070028,0.5506208,0.2921737,445655.43399547954,5696590.988479218,474.3942565917969,-27.90283328135128,2.9118665126731695,1.7897297327017405,686,frame_000686.png
8000,8000,184,153,0.8315217391304348,153,1.0,153,153,1.0,445656.51112738077,5696590.682030998,474.22693222401523,0.68972592841601,-0.08258814364671707,-0.16949111582852083,-29.169756365793024,-3.1710878283211428,2.0677447952686463,-1.302153597685873,0.011161404004894848,1.728480136715973,0.5504671,0.30796745,153,1.0,445656.51112738077,5696590.682030998,474.22693222401523,0.68972592841601,-0.08258814364671707,-0.16949111582852083,-29.169756365792477,-3.171087828320169,2.067744795274407,-1.302153597685333,0.011161404005861186,1.7284801367217142,0.5504671,0.30796745,445655.82140145235,5696590.764619142,474.39642333984375,-27.86760276810715,-3.18224923232603,0.3392646585526854,687,frame_000687.png
8001,8001,160,137,0.85625,137,1.0,137,137,1.0,445656.70954822685,5696590.567144693,474.22758138800225,0.537431959528476,-0.012878041714429855,-0.1235233483258753,-29.089782149999998,-6.4804866112505985,0.6040116509925507,-1.3973750959038114,-0.23928025123061047,-1.1038939244425308,0.5128483,0.31713212,137,1.0,445656.7095482179,5696590.567144692,474.2275813872607,0.5374319505644962,-0.01287804264575243,-0.1235233490673977,-29.08978215661277,-6.480486652237627,0.604011617361577,-1.3973751025166052,-0.2392802922176429,-1.1038939580735132,0.5128483,0.31713212,445656.1721162673,5696590.580022735,474.3511047363281,-27.69240705409618,-6.241206360019977,1.7079055754350954,688,frame_000688.png
8001,8000,157,135,0.8598726114649682,135,1.0,135,135,1.0,445656.83662518364,5696590.549983741,474.21924798961885,0.5496069580549374,0.022495354525744915,-0.13731939319364983,-29.001425694780465,-4.479009071848647,2.548963335555483,-1.2344019795031898,-0.45332370881146744,3.0548549702650973,0.54169965,0.35065025,135,1.0,445656.8366251836,5696590.549983741,474.21924798961095,0.5496069579967298,0.022495354525744915,-0.13731939320155107,-29.00142569477916,-4.479009072291576,2.5489633356851193,-1.2344019795018824,-0.4533237092544198,3.0548549703947288,0.54169965,0.35065025,445656.2870182256,5696590.527488386,474.3565673828125,-27.767023715277276,-4.025685363037168,-0.5058916347096031,689,frame_000689.png
8001,8000,162,146,0.9012345679012346,146,1.0,146,146,1.0,445657.69587479986,5696588.79238112,474.0941287016408,1.3255942567484453,-1.7259488003328443,-0.26838960890609087,-28.564611041412793,5.235682879075735,-6.9465690348191265,-0.9406691348290792,8.4710633451094,-9.500193944204028,10.485256,6.873403,146,1.0,445656.91049680795,5696590.566218229,474.208120697948,0.5402162648388185,0.04788830876350403,-0.15439761259887064,-28.98887787510194,-3.67073025672321,-0.049504948010356715,-1.364935968518239,-0.4353497906895427,-2.6031298573952597,0.54493725,0.36117232,445656.3702805431,5696590.51832992,474.3625183105469,-27.623941906583717,-3.23538046603367,2.5536249093848915,690,frame_000690.png
8000,8000,133,122,0.9172932330827067,122,1.0,122,121,0.9918032786885246,445656.99334884476,5696587.808287493,473.4583380623318,0.561135028488934,-2.7327737119048834,-0.8821465568088342,-27.393802296973234,7.675361837997084,-18.645441873470695,0.006511323812532055,8.066938190592339,-24.20152143448925,13.173186,8.794404,121,0.9918032786885246,445656.94478200004,5696590.60601128,474.193260752331,0.5125681837671436,0.06495007500052452,-0.14722386680961108,-28.667069761407983,-0.5105001873809358,-3.5003348884452015,-1.2667561406222205,-0.11892383478567581,-9.056414449463773,0.5431225,0.32523033,445656.43221381627,5696590.541061205,474.3404846191406,-27.400313620785766,-0.39157635259526974,5.5560795610185565,691,frame_000691.png
8001,8000,165,148,0.896969696969697,148,1.0,148,148,1.0,445656.9343006987,5696590.677389008,474.1811801772468,0.456886945059523,0.0435168007388711,-0.16266137548757342,-28.19438896304237,3.7429356136936476,-2.700769305450173,-1.2732197550277533,-0.008677302410234233,-8.143084163743453,0.51222736,0.29401973,148,1.0,445656.9343006987,5696590.677389008,474.1811801772471,0.456886945059523,0.0435168007388711,-0.1626613754872892,-28.194388963042975,3.7429356136727123,-2.7007693054349633,-1.2732197550283502,-0.008677302431181033,-8.143084163728247,0.51222736,0.29401973,445656.47741375363,5696590.633872207,474.3438415527344,-26.921169208014625,3.75161291610388,5.442314858293277,692,frame_000692.png
8000,8001,165,150,0.9090909090909091,150,1.0,150,148,0.9866666666666667,445656.96216056723,5696590.7049499545,474.182325249257,0.46861094381893054,0.04403648991137743,-0.1687184519148559,-28.095808731273017,2.8244938161780078,-1.457324785403547,-1.2577176959155452,0.37565348899724427,-5.167849456896448,0.53395784,0.34420255,148,0.9866666666666667,445656.9621605669,5696590.704949955,474.1823252492846,0.46861094346968457,0.044036490842700005,-0.16871845188728685,-28.095808731342053,2.8244938129163235,-1.4573247832899041,-1.2577176959845815,0.3756534857355689,-5.1678494547827825,0.53395784,0.34420255,445656.4935496234,5696590.660913465,474.3510437011719,-26.83809103535748,2.4488403271807684,3.7105246714928892,693,frame_000693.png
8000,8002,168,151,0.8988095238095238,151,1.0,151,151,1.0,445656.9843802838,5696590.720013084,474.18417115786326,0.4766555753303692,0.03733841795474291,-0.15329222104304563,-28.433958417923524,0.8203972762467343,-2.292163127684821,-1.3707338374278493,0.01651069246290149,-6.8086636838809795,0.531008,0.29908353,151,1.0,445656.9843802836,5696590.720013084,474.1841711578422,0.4766555751557462,0.03733841795474291,-0.15329222106413454,-28.433958418038507,0.8203972762520672,-2.292163130062165,-1.3707338375428435,0.01651069246824477,-6.808663686258313,0.531008,0.29908353,445656.50772470847,5696590.682674666,474.3374633789063,-27.063224580495678,0.8038865837838306,4.516500556196144,694,frame_000694.png
8000,8000,145,129,0.8896551724137931,129,1.0,129,126,0.9767441860465116,445656.9507636763,5696590.509032401,474.16700023717425,0.4252184381475672,-0.19043033383786678,-0.168510016732057,-28.778221086357465,1.685602436499927,-3.506464707024709,-1.4412304516329755,0.24892514450277758,-7.922383551656139,2.0390122,0.7260833,126,0.9767441860465116,445657.0119488973,5696590.732764622,474.18666283890377,0.4864036591607146,0.0333018871024251,-0.1488474150025354,-28.740471772063692,1.3968342800648665,-2.122004919673388,-1.403481137339213,-0.039843011932276795,-6.537923764304821,0.57589066,0.39876208,445656.52554523817,5696590.699462735,474.3355102539063,-27.336990634724476,1.436677291997153,4.415918844631432,695,frame_000695.png
8000,8000,167,152,0.9101796407185628,152,1.0,152,152,1.0,445657.0230796587,5696590.737207548,474.1861033878675,0.48140337300719693,0.019235379062592983,-0.16686292072625974,-29.072292330349217,0.9714081227124004,-1.806100014959012,-1.4009515292491415,-0.08463383320267326,-5.913765226308016,0.5056619,0.28349382,152,1.0,445657.0230796588,5696590.737207547,474.1861033877893,0.48140337312361225,0.01923537813127041,-0.1668629208044763,-29.07229233058208,0.9714081267808851,-1.8061000208454792,-1.4009515294820005,-0.0846338291341624,-5.913765232194493,0.5056619,0.28349382,445656.5416762857,5696590.717972169,474.35296630859375,-27.67134080110008,1.0560419559150598,4.107665211349012,696,frame_000696.png
8000,8001,187,175,0.9358288770053476,175,1.0,175,174,0.9942857142857143,445657.01838915097,5696590.7496581245,474.1889115500414,0.47649514715885743,0.029164208099246025,-0.16628254175549273,-28.718369816450977,1.1601867797340637,-1.6871484946495634,-1.4887627786203268,-0.19719157407755006,-5.694824036807091,0.49540737,0.2977248,174,0.9942857142857143,445657.0183893202,5696590.749658759,474.1889115859197,0.4764953163685277,0.029164842329919338,-0.1662825058771773,-28.718369716463847,1.1601858624736867,-1.6871447247478515,-1.4887626786331793,-0.19719249133794392,-5.694820266905367,0.4954086,0.2977284,445656.5418940038,5696590.720493916,474.3551940917969,-27.229607037830657,1.3573783538116262,4.007675542157524,697,frame_000697.png
8000,8000,155,142,0.9161290322580645,142,1.0,142,142,1.0,445657.0158853548,5696590.745099885,474.19041178408213,0.48058397200657055,0.02691987995058298,-0.17006184873037,-28.178882125675976,1.5484862175804708,-1.0104080458388351,-1.3258086788880803,-0.09897683107126909,-4.381795037137493,0.4976237,0.29123023,142,1.0,445657.0158853543,5696590.745099885,474.1904117840569,0.48058397154090926,0.02691987995058298,-0.17006184875560848,-28.178882125855818,1.5484862174345602,-1.0104080513635825,-1.3258086790679044,-0.09897683121718615,-4.381795042662247,0.4976237,0.29123023,445656.53530138277,5696590.718180005,474.3604736328125,-26.853073446787906,1.647463048651746,3.3713869912986523,698,frame_000698.png
8000,8000,175,162,0.9257142857142857,162,1.0,162,161,0.9938271604938271,445656.99426231795,5696590.760614433,474.18977862252666,0.464216714608483,0.04218654986470938,-0.17399090872334,-28.475428533522713,1.0912160600485952,-0.8765368631572522,-1.3624729225836063,-0.1818055820892539,-4.193761695441168,0.47424808,0.2925921,161,0.9938271604938271,445656.99426231795,5696590.760614433,474.18977862250773,0.464216714608483,0.04218654986470938,-0.17399090874226886,-28.475428533607875,1.0912160613341022,-0.87653686591166,-1.3624729226687862,-0.18180558080373999,-4.193761698195573,0.47424808,0.2925921,445656.53004560334,5696590.718427883,474.36376953125,-27.112955610939096,1.2730216421378462,3.317224832283909,699,frame_000699.png
8000,8000,172,149,0.8662790697674418,149,1.0,149,148,0.9932885906040269,445656.97008617036,5696590.756056136,474.18748739658554,0.4527766772080213,0.021580717526376247,-0.1655704647425864,-28.865866276939308,1.2217734685206438,-1.462704916954777,-1.3480158232623296,-0.2719206872968414,-5.3925895463762,0.51412404,0.28270358,148,0.9932885906040269,445656.9700861703,5696590.756056137,474.18748739658827,0.4527766771498136,0.021580718457698822,-0.16557046473985793,-28.86586627695139,1.221773468113315,-1.4627049170692792,-1.3480158232744088,-0.2719206877041813,-5.392589546490683,0.51412404,0.28270358,445656.51730949315,5696590.734475419,474.3530578613281,-27.51785045367697,1.4936941558174834,3.929884629421409,700,frame_000700.png
8000,8000,157,140,0.89171974522293,140,1.0,140,140,1.0,-8694140.810136072,-241454.86491560005,18200837.08601072,-9139797.311444735,-5938045.60511944,18200362.740277078,-108.36918036418727,25.286671423376088,161.81134791115352,-81.00359190045633,23.209073583053055,158.1669703181189,341.54318,153.35402,140,1.0,445656.94208554324,5696590.768170881,474.183847338071,0.4407768807723187,0.027967041358351707,-0.16188630450710662,-28.73534842634038,1.8564571881418317,-1.2889463643557166,-1.3697599626094359,-0.22114065218119094,-4.933323957390343,0.51906425,0.32673746,445656.50130866247,5696590.74020384,474.3457336425781,-27.365588463730944,2.0775978403230253,3.644377593034615,701,frame_000701.png
8000,8001,160,147,0.91875,147,1.0,147,146,0.9931972789115646,445656.8731962463,5696590.79670168,474.1871144581116,0.41839031100971624,0.04535767901688814,-0.16713358876342,-28.640073618890558,2.7823093625964215,-0.8759019274610522,-1.420078706431127,-0.16267137618456218,-4.067033782872244,0.56403935,0.33451796,146,0.9931972789115646,445656.873196247,5696590.796701682,474.18711445815757,0.4183903117082082,0.04535768087953329,-0.16713358871743367,-28.640073618782626,2.7823093616259253,-0.8759019171687294,-1.4200787063231814,-0.16267137715504987,-4.067033772579919,0.56403935,0.33451796,445656.45480593527,5696590.751344001,474.354248046875,-27.21999491245944,2.9449807387809708,3.191131855411196,702,frame_000702.png
8000,8000,166,146,0.8795180722891566,146,1.0,146,138,0.9452054794520548,445656.8616043281,5696590.856844421,474.19138203448387,0.4601785857230425,0.1006942605599761,-0.17550028973494136,-28.59663146743321,2.7405567935277815,-0.4929515072570172,-1.4270167181389013,-0.28266947542601883,-3.727294303701342,0.81975985,0.3958149,138,0.9452054794520548,445656.8468906096,5696590.796473066,474.1895799693867,0.4454648672253825,0.04032290633767843,-0.17730235483207935,-28.609159056889236,2.8454197252480102,-0.8305662624300362,-1.4395443075949288,-0.17780654370577054,-4.064909058874349,0.5173576,0.30307224,445656.40142574237,5696590.75615016,474.3668823242188,-27.16961474929431,3.0232262689537923,3.2343427964443183,703,frame_000703.png
8000,8000,160,148,0.925,148,1.0,148,146,0.9864864864864865,445657.84164184047,5696587.727285608,473.40166732056815,1.457570105441846,-3.036754143424332,-0.9694569470099736,-25.713551386186282,16.65995453259517,-16.831803236160052,1.600292606561112,13.772540360292396,-21.701593312596543,15.762083,12.41981,146,0.9864864864864865,445656.848234705,5696590.804589145,474.191218267211,0.46416296996176243,0.040549393743276596,-0.17990600036711157,-28.79270572589017,2.763502654946775,-2.4623300289847805,-1.4788617331427645,-0.1239115173560208,-7.332120105421268,0.51845664,0.31912613,445656.384071735,5696590.764039751,474.3711242675781,-27.313843992747394,2.8874141723027873,4.869790076436491,704,frame_000704.png
8001,8001,168,155,0.9226190476190477,155,1.0,155,154,0.9935483870967742,445656.83918489213,5696590.794339075,474.19583982395255,0.45910069317324087,0.025398675352334976,-0.17204958034432138,-28.35040019613375,2.2041851475758856,-1.3673342066319263,-1.458279308076584,-0.1093251323339075,-5.093420370237908,0.6421214,0.40213987,154,0.9935483870967742,445656.8387839815,5696590.797442077,474.1974763089798,0.45869978255359456,0.028501677326858044,-0.17041309531708748,-28.350312128293822,2.1992395418474198,-1.3438039218848004,-1.4581912402366584,-0.11427073806237331,-5.069890085490783,0.55980784,0.3944153,445656.38008419896,5696590.768940399,474.3678894042969,-26.89212088805718,2.313510279909804,3.7260861636059825,705,frame_000705.png
8001,8000,163,151,0.9263803680981595,151,1.0,151,150,0.9933774834437086,445656.8533879497,5696590.797853244,474.1969465458632,0.4747385528171435,0.034830390475690365,-0.17527635452739787,-28.56678572055806,0.9485425338798479,-0.8399114924482242,-1.5017211530492887,-0.20439492819076577,-4.158071380414725,0.55419695,0.3331236,150,0.9933774834437086,445656.8533879474,5696590.797853243,474.1969465458191,0.4747385505470447,0.03483038954436779,-0.17527635457150836,-28.566785721175624,0.9485425245035277,-0.8399115027003089,-1.501721153666864,-0.2043949375670877,-4.158071390666805,0.55419695,0.3331236,445656.3786493969,5696590.763022853,474.3722229003906,-27.065064567508767,1.152937462070611,3.3181598879665004,706,frame_000706.png
8001,8001,138,128,0.927536231884058,128,1.0,128,127,0.9921875,445657.60507813573,5696584.807898076,470.7907608900461,1.2273309163283557,-5.961426322348416,-3.5707198228445236,-16.95971918947534,22.97229831956484,-40.829491455703675,10.681678321323261,20.651045112487452,-45.02609272095842,49.866524,32.69408,127,0.9921875,445656.8466739244,5696590.7969309315,474.19461014930454,0.4689267050125636,0.027606532908976078,-0.16687056358608743,-29.1339016676788,2.1960033035516098,-1.7997287855709998,-1.4925041568801873,-0.12524990352576992,-5.9963300508257475,0.56177914,0.31112555,445656.3777472194,5696590.769324399,474.3614807128906,-27.6413975107986,2.321253207077379,4.196601265254745,707,frame_000707.png
8001,8001,162,150,0.9259259259259259,150,1.0,150,148,0.9866666666666667,445609.040235369,5695352.827315571,-3795.5888675418983,-47.31672443845309,-1237.9409421272576,-4269.968201037992,-165.38778959038163,-4.989160517440374,-13.347853127863942,-138.26906987794604,-8.424627221353262,-15.881477757999022,326.80655,150.24922,148,0.9866666666666667,445656.80215716537,5696590.801754438,474.2035617746142,0.4451973579125479,0.0334967402741313,-0.17577172147957754,-28.645206170425546,3.196807727781895,-0.08620946963817051,-1.5264864579899609,-0.23865897613100628,-2.6198340997732714,0.5506693,0.32060248,445656.35695980745,5696590.768257698,474.37933349609375,-27.118719712435585,3.435466703912902,2.533624630135092,708,frame_000708.png
8000,8000,149,137,0.9194630872483222,137,1.0,137,137,1.0,445657.62391030375,5696588.857571279,473.77460929298235,1.2791278852964751,-1.9106429275125265,-0.6062805995957774,-27.462086922216443,12.954580071631566,-9.606428277931652,-0.14800498385343985,9.862021585852176,-13.628388424283997,12.093079,7.214984,137,1.0,445656.7963032015,5696590.818527023,474.20299483989504,0.4515207830700092,0.050312817096710205,-0.17789505268308403,-28.827916934127483,3.1018579019581356,-1.362672782832119,-1.5138349957644834,0.009299416178748743,-5.384632929184477,0.54735637,0.30203074,445656.34478241845,5696590.768214206,474.3808898925781,-27.314081938363007,3.0925584857793904,4.021960146352344,709,frame_000709.png
8000,8001,150,136,0.9066666666666666,136,1.0,136,136,1.0,445657.2090811506,5696588.548745524,473.7799290506045,0.870035033498425,-2.228166592307389,-0.592721095879881,-27.832550875303244,11.085427358275023,-12.358350310695872,-0.3638657552280051,8.448868558094972,-16.282506650883647,10.671605,7.2950296,136,1.0,445656.7955639085,5696590.815178878,474.20336633667864,0.4565177914337255,0.03826676122844219,-0.16928380980573365,-29.048469822414745,2.4407988743546176,-1.425279262253333,-1.5797847023395093,-0.19575992582542767,-5.349435602441105,0.5404016,0.31095514,445656.3390461171,5696590.776912116,474.3726501464844,-27.46868512007523,2.6365588001800595,3.924156340187761,710,frame_000710.png
8000,8000,149,134,0.8993288590604027,134,1.0,134,134,1.0,445656.79198022257,5696590.7935797395,474.20465254987766,0.4552637073211372,0.021382681094110012,-0.17089676652864227,-29.00127531920756,2.4444770256272084,-0.5405402259121034,-1.5568751953146318,-0.08027877775575121,-3.445774096195663,0.5218096,0.2907356,134,1.0,445656.7919802225,5696590.7935797395,474.2046525498792,0.45526370726292953,0.021382681094110012,-0.1708967665271075,-29.001275319219836,2.4444770253492303,-0.5405402260945269,-1.55687519532691,-0.08027877803371553,-3.445774096378102,0.5218096,0.2907356,445656.33671651524,5696590.772197058,474.3755493164063,-27.44440012389292,2.524755803382958,2.9052338702835674,711,frame_000711.png
8000,8000,158,141,0.8924050632911392,141,1.0,141,141,1.0,445656.8023194622,5696590.789380982,474.2085176960915,0.46989451406989247,0.02450724970549345,-0.16819128828348084,-29.126114237781238,2.2591740537426825,-0.24903141853465238,-1.6630481202521707,-0.09709970700248505,-2.8750338428598923,0.52952987,0.29481375,141,1.0,445656.8023194621,5696590.789380982,474.20851769609357,0.4698945140116848,0.02450724970549345,-0.16819128828143448,-29.126114237784925,2.2591740534522606,-0.24903141841383664,-1.6630481202558371,-0.0970997072929265,-2.8750338427390716,0.52952987,0.29481375,445656.3324249481,5696590.764873732,474.376708984375,-27.463066117529078,2.3562737607451796,2.626002424325242,712,frame_000712.png
8000,8000,150,137,0.9133333333333333,137,1.0,137,137,1.0,445656.76495666197,5696589.079112503,473.9185689954237,0.43003075185697526,-1.6831279220059514,-0.46027621942005226,-28.73489179698308,6.783419273376769,-9.683643658465876,-1.081110690585433,4.363291675454434,-12.537162968997137,12.150478,4.4257402,137,1.0,445656.78829507204,5696590.798061751,474.21415373532415,0.4533691619290039,0.035821326076984406,-0.16469147951960394,-29.258925480751174,2.1372707450982236,-0.31934130855667764,-1.6051443743535287,-0.28285685282409645,-3.172860619087942,0.5583413,0.411835,445656.3349259101,5696590.762240425,474.37884521484375,-27.65378110639766,2.420127597922334,2.8535193105312606,713,frame_000713.png
8000,8000,154,145,0.9415584415584416,145,1.0,145,145,1.0,445656.7993490446,5696590.790085914,474.2205706098086,0.4691652057808824,0.03126824926584959,-0.17176337456641022,-29.34405826139999,2.405163757197608,-0.5630722164066833,-1.590625051844654,-0.1447375684487895,-3.642720559903694,0.5418466,0.33841845,145,1.0,445656.79934904445,5696590.790085914,474.22057060980484,0.4691652056062594,0.03126824926584959,-0.1717633745701619,-29.344058261433673,2.4051637565912856,-0.5630722176793682,-1.5906250518783622,-0.14473756905510982,-3.6427205611763895,0.5418466,0.33841845,445656.33018383884,5696590.758817664,474.392333984375,-27.753433209555322,2.5499013256464056,3.0796483434970203,714,frame_000714.png
8000,8000,161,144,0.8944099378881988,144,1.0,144,144,1.0,445656.79524921865,5696590.80614103,474.2184503439462,0.4635135716525838,0.0449609849601984,-0.16897031035068721,-29.46920734094021,2.782272046462508,-0.7232391287798173,-1.6132064324772557,-0.24156030699288067,-3.9819378456695915,0.5521209,0.31979367,144,1.0,445656.79524921667,5696590.806141035,474.2184503439535,0.4635135696735233,0.044960989616811275,-0.1689703103433544,-29.46920734085409,2.7822720244180776,-0.7232391126368816,-1.613206432391138,-0.24156032903732694,-3.9819378295266574,0.5521209,0.31979367,445656.331735647,5696590.761180045,474.3874206542969,-27.856000908462963,3.023832353455402,3.2586987168897794,715,frame_000715.png
8001,8000,155,138,0.8903225806451613,138,1.0,138,138,1.0,445656.7924749537,5696590.80661598,474.22203628686594,0.4599910635733977,0.0394104216247797,-0.17008407446218143,-29.465620369338353,2.6861096481366507,-1.290130928413559,-1.6253770796224387,-0.2156377168607264,-5.0858068816718855,0.5432734,0.30479237,138,1.0,445656.7924749535,5696590.80661598,474.2220362868817,0.4599910633987747,0.0394104216247797,-0.1700840744464358,-29.46562036933453,2.6861096470824264,-1.2901309280438282,-1.6253770796186302,-0.21563771791497288,-5.0858068813021475,0.5432734,0.30479237,445656.3324838901,5696590.767205559,474.3921203613281,-27.84024328971591,2.901747364997389,3.795675953258327,716,frame_000716.png
8000,8000,162,142,0.8765432098765432,142,1.0,142,142,1.0,445656.79644345964,5696590.795284088,474.219829152465,0.46349194535287097,0.02806362323462963,-0.17137568151935056,-29.170019634005058,2.666357703556936,-1.5749928524305932,-1.6575679683493547,-0.23389561184592367,-5.619488133209245,0.542269,0.3078007,142,1.0,445656.79644345935,5696590.795284088,474.21982915245786,0.46349194506183267,0.02806362323462963,-0.17137568152651284,-29.17001963405677,2.666357702786434,-1.5749928543407188,-1.6575679684010538,-0.2338956126164362,-5.619488135119354,0.542269,0.3078007,445656.3329515143,5696590.767220465,474.3912048339844,-27.512451665655714,2.9002533154028725,4.04449528077864,717,frame_000717.png
8000,8000,146,138,0.9452054794520548,138,1.0,138,138,1.0,445656.8111467586,5696590.805596614,474.2128975882537,0.468101536273025,0.03660704754292965,-0.17342443323065027,-29.256000636889507,2.892295628340176,-1.6451182473062032,-1.6135079454033985,-0.13072889512878305,-5.805955516938155,0.55241734,0.3425092,138,1.0,445656.8111467575,5696590.80559661,474.21289758811827,0.4681015351670794,0.036607042886316776,-0.17342443336610813,-29.256000636685112,2.892295636161187,-1.6451182750753317,-1.6135079451989895,-0.1307288873077539,-5.805955544707302,0.55241734,0.3425092,445656.34304522234,5696590.768989567,474.3863220214844,-27.642492691486108,3.0230245234689517,4.160837269631962,718,frame_000718.png
8001,8001,157,146,0.9299363057324841,146,1.0,146,145,0.9931506849315068,445656.83258793876,5696590.782924926,474.20999417346,0.4774290692876093,0.018635153770446777,-0.17290987927435708,-29.204139524065404,2.451962374512414,-1.176335075510133,-1.5992775976719145,-0.06612030745080233,-4.797961365236262,0.5238135,0.3052264,145,0.9931506849315068,445656.8325879387,5696590.782924926,474.2099941734585,0.47742906922940165,0.018635153770446777,-0.17290987927589185,-29.204139524075035,2.4519623744565626,-1.176335075929335,-1.599277597681521,-0.06612030750665099,-4.797961365655453,0.5238135,0.3052264,445656.35515886947,5696590.764289772,474.3829040527344,-27.604861926393504,2.5180826819632074,3.621626289726115,719,frame_000719.png
8001,8001,155,139,0.896774193548387,139,1.0,139,131,0.9424460431654677,445657.0638465131,5696587.830122017,473.5521121822083,0.6963978240964934,-2.9228966925293207,-0.8217281498230022,-27.738458402750833,11.487758641448268,-17.179213512268674,-0.113681920429201,9.612962428166185,-21.50598313049295,12.708479,9.173212,131,0.9424460431654677,445656.8580701805,5696590.777276805,474.20335564359107,0.4906214915099554,0.02425809483975172,-0.17048468844024,-29.217865345481602,1.802846546695605,-1.8799099044775853,-1.5930888631599487,-0.07194966658647672,-6.206679522701876,0.54670703,0.34146264,445656.367448689,5696590.75301871,474.3738403320313,-27.624776482321643,1.8747962132820835,4.326769618224284,720,frame_000720.png
8001,8000,152,137,0.9013157894736842,137,1.0,137,137,1.0,445658.10153430805,5696587.970341136,473.35346737000464,1.7170644346624613,-2.7713534217327833,-1.013872717885988,-26.58018745322563,15.40950976530213,-13.485958271982714,0.9867186947674611,14.327947274151597,-17.37366081508921,16.207594,12.202423,137,1.0,445656.87391168176,5696590.743829334,474.1974142407293,0.489441808371339,0.0021347766742110252,-0.16992584716132342,-29.15759040324726,0.9385992474426869,-1.5116858980520265,-1.5906842552541889,-0.14296324370783964,-5.399388441158521,0.59241104,0.37191376,445656.3844698734,5696590.7416945575,474.3673400878906,-27.56690614799308,1.081562491150531,3.887702543106494,721,frame_000721.png
8001,8000,136,126,0.9264705882352942,126,1.0,126,125,0.9920634920634921,445656.9127377236,5696590.743900901,474.19638504017973,0.4859816770767793,0.026494579389691353,-0.15163742075776554,-28.87967115849926,0.60331143134539,-0.6867806454533358,-1.5306267848484936,-0.05251265987089937,-3.8394183219332376,0.56111854,0.36631766,125,0.9920634920634921,445656.91273772466,5696590.743900903,474.1963850403181,0.4859816781245172,0.026494581252336502,-0.15163742061940866,-28.879671157797382,0.6033114301430432,-0.6867806309657511,-1.5306267841466195,-0.052512661073251365,-3.8394183074456407,0.56111854,0.36631766,445656.42675604654,5696590.717406321,474.3480224609375,-27.349044373650756,0.6558240912162909,3.1526376764798973,722,frame_000722.png
8001,8000,136,123,0.9044117647058824,123,1.0,123,123,1.0,445657.0925419197,5696588.4753382355,473.7543233734114,0.6524130916805007,-2.229605197906494,-0.6004434722917154,-28.038434375654585,8.280170531565423,-12.54447745811535,-0.641544898691194,7.1632001115065975,-16.073092299677313,10.437167,6.6877666,123,1.0,445656.9096748476,5696590.717198656,474.194610658595,0.4695460196235217,0.012255222536623478,-0.1601561871081003,-28.95582938998267,0.9367869323148084,-1.1147220178456818,-1.5589399130192874,-0.18018348774401716,-4.64333685940764,0.58324283,0.44689307,445656.440128828,5696590.704943433,474.3547668457031,-27.396889476963384,1.1169704200588357,3.5286148415619683,723,frame_000723.png
8000,8000,146,125,0.8561643835616438,125,1.0,125,125,1.0,445656.9264210858,5696590.699615777,474.1968309386953,0.47213637368986383,0.000801444984972477,-0.15244274294531124,-28.799507920616318,1.3192518278616936,-0.8122208505900721,-1.5200797878481183,-0.10845635338347392,-3.9678892659375435,0.511186,0.28971556,125,1.0,445656.9264210821,5696590.699615816,474.1968309406354,0.4721363700227812,0.0008014841005206108,-0.15244274100524535,-28.799507913723367,1.3192516995721912,-0.812220661253601,-1.5200797809551716,-0.10845648167295963,-3.967889076601068,0.511186,0.28971556,445656.4542847121,5696590.698814332,474.3492736816406,-27.2794281327682,1.4277081812451602,3.155668415347464,724,frame_000724.png
8001,8000,154,141,0.9155844155844156,141,1.0,141,138,0.9787234042553191,445656.9448041335,5696590.680533279,474.1930936975525,0.47174849483417347,0.007924179546535015,-0.15837724971311218,-28.979140105464943,0.49637661398493405,-0.8863163292913301,-1.5379759094697079,-0.13956367634028766,-4.121321997503401,0.49762726,0.30278638,138,0.9787234042553191,445656.9448041334,5696590.680533279,474.19309369755297,0.47174849471775815,0.007924179546535015,-0.15837724971265743,-28.979140105464918,0.4963766130588105,-0.886316329119574,-1.5379759094696794,-0.13956367726640906,-4.121321997331648,0.49762726,0.30278638,445656.47305563866,5696590.672609099,474.3514709472656,-27.44116419599523,0.6359402903252298,3.2350056682120765,725,frame_000725.png
8001,8001,146,128,0.8767123287671232,128,1.0,128,128,1.0,445656.95663927426,5696590.692079289,474.1900405537831,0.47461599146481603,0.02130280714482069,-0.1545029032482148,-28.996302881913934,0.3929735442789156,-0.5693005891362964,-1.5370819179128432,-0.17105380204552034,-3.5946289818842843,0.517975,0.3497121,128,1.0,445656.9566392744,5696590.69207929,474.1900405537965,0.47461599158123136,0.021302808076143265,-0.15450290323479976,-28.99630288182688,0.39297354412783736,-0.5693005874458051,-1.5370819178257875,-0.17105380219661015,-3.5946289801937894,0.517975,0.3497121,445656.4820232828,5696590.670776482,474.3445434570313,-27.459220964001087,0.5640273463244334,3.0253283927479746,726,frame_000726.png
8000,8000,154,145,0.9415584415584416,145,1.0,145,144,0.993103448275862,445656.9459231164,5696590.706777529,474.1867353514395,0.4638100090669468,0.038528271950781345,-0.15908984387300507,-28.555683478676237,1.1953505541474236,-0.9459050064517788,-1.5651314528852822,-0.1397669003797546,-4.310625438097304,0.5590894,0.45418927,144,0.993103448275862,445656.9459231164,5696590.706777529,474.1867353514399,0.4638100090669468,0.038528271950781345,-0.15908984387260716,-28.55568347867441,1.1953505541261173,-0.9459050063896232,-1.5651314528834348,-0.13976690040107087,-4.310625438035146,0.5590894,0.45418927,445656.48211310734,5696590.668249257,474.3458251953125,-26.99055202579097,1.3351174545271878,3.3647204316455297,727,frame_000727.png
8001,8000,169,144,0.8520710059171598,144,1.0,144,143,0.9930555555555556,445656.9475221246,5696590.701597023,474.18621021939975,0.46675793500617146,0.026425493881106377,-0.15573924349087065,-28.63849628505287,0.8516795200096207,-1.1179396376622206,-1.5612254070872496,-0.22534531954096337,-4.62775145068656,0.54514,0.3335601,143,0.9930555555555556,445656.9475221246,5696590.701597023,474.18621021940214,0.46675793500617146,0.026425493881106377,-0.15573924348848323,-28.63849628504871,0.8516795199100882,-1.117939637526589,-1.5612254070831,-0.2253453196404962,-4.627751450550932,0.54514,0.3335601,445656.4807641896,5696590.675171529,474.3419494628906,-27.07727087796561,1.077024839550582,3.5098118130243385,728,frame_000728.png
8000,8000,147,135,0.9183673469387755,135,1.0,135,135,1.0,445657.484680015,5696588.161759815,473.6435803138057,1.0066477577202022,-2.517936655320227,-0.6956836022098969,-27.502509309253075,10.841936280857226,-13.439705723622533,-0.2853758664824113,9.934659963082623,-17.01966847357133,12.556979,8.893558,135,1.0,445656.9530077586,5696590.706505951,474.18766113224314,0.47497550130356103,0.026809480041265488,-0.15160278377248915,-28.75780939527683,0.7935837546714667,-1.2127316656455753,-1.5406759525061773,-0.11369256310314313,-4.792694415594383,0.50881183,0.308176,445656.4780322573,5696590.6796964705,474.3392639160156,-27.21713344277066,0.9072763177746044,3.5799627499487987,729,frame_000729.png
8001,8000,140,125,0.8928571428571429,125,1.0,125,125,1.0,445656.9287689657,5696590.699893551,474.19137977012394,0.4489511196152307,0.01669056247919798,-0.14791466346980542,-28.922567530442297,0.9372146185360727,-0.6287006823669385,-1.6169982513021637,-0.1739752876355567,-3.6151173084730033,0.50617945,0.29679352,125,1.0,445656.9287689735,5696590.69989357,474.19137977109455,0.44895112741505727,0.01669058110564947,-0.14791466249920404,-28.92256752617124,0.9372146052818339,-0.6287005632993138,-1.6169982470310913,-0.17397530088979352,-3.615117189405396,0.50617903,0.29679385,445656.4798178461,5696590.6832029885,474.33929443359375,-27.305569279140144,1.1111899061716184,2.986416626106072,730,frame_000730.png
8000,8000,147,134,0.9115646258503401,134,1.0,134,130,0.9701492537313433,445657.47869066446,5696586.504141055,472.6618309436528,1.0053947710548528,-4.179439198225737,-1.6846046032222262,-23.929035829783125,15.776296040227397,-24.031156537870608,3.3893611405876527,14.395704537377526,-27.282123244567487,27.077557,18.652996,130,0.9701492537313433,445656.9277137305,5696590.691899465,474.1907152231392,0.45441783708520234,0.00831921212375164,-0.1557203237358067,-28.883832667243826,1.160046926430257,-0.9434254471057295,-1.5654356968730383,-0.22054457641959857,-4.194392153802596,0.53437346,0.3535595,445656.4732958934,5696590.683580253,474.346435546875,-27.31839697037079,1.3805915028498639,3.2509667066968717,731,frame_000731.png
8000,8000,127,107,0.84251968503937,107,1.0,107,107,1.0,445656.8995547777,5696590.696885434,474.19051912638866,0.4672675206675194,0.017293741926550865,-0.16498014118946003,-28.769740458467716,0.5158491554015386,-0.2113274874775618,-1.5795219679532693,-0.18744365515951245,-2.7226604294124286,0.512725,0.28925392,107,1.0,445656.8995547783,5696590.696885436,474.1905191265096,0.46726752124959603,0.017293743789196014,-0.16498014106849723,-28.769740457727632,0.5158491519416,-0.21132747413150957,-1.5795219672131964,-0.18744365861942924,-2.722660416066361,0.512725,0.28925392,445656.43228725705,5696590.679591692,474.3554992675781,-27.190218490514436,0.7032928105610402,2.5113329419348553,732,frame_000732.png
8000,8001,164,145,0.8841463414634146,145,1.0,145,144,0.993103448275862,445656.8956868362,5696590.710587435,474.2021371910094,0.4700852975365706,0.019976862706243992,-0.16315821914685102,-29.041124423398752,1.6722886912114825,-0.8814766269371916,-1.5765461095824094,-0.12619301560087592,-4.107143204124071,0.5260824,0.3397936,144,0.993103448275862,445656.89568173396,5696590.710560165,474.2021378728416,0.47008019528584555,0.019949592649936676,-0.1631575373146461,-29.04112812963093,1.6723469931424917,-0.8816215981719805,-1.5765498158145874,-0.12613471366987028,-4.10728817535886,0.5260767,0.33980626,445656.4256015387,5696590.690610573,474.36529541015625,-27.464578313816354,1.7984817068123706,3.2256665771868764,733,frame_000733.png
8000,8000,159,144,0.9056603773584906,144,1.0,144,142,0.9861111111111112,445656.6538745318,5696589.376675952,474.02875498352273,0.23775375919649377,-1.3083133846521378,-0.343528952024144,-29.14280773001815,3.773284781687988,-7.887234332718422,-1.4890660522846417,2.4309866297843996,-10.50476406470122,5.849383,3.6368847,142,0.9861111111111112,445656.8794605124,5696590.706544413,474.2083801107014,0.4633397398283705,0.021555076353251934,-0.16390382484547672,-29.275295107179094,1.1689780447081433,-0.23078232180258645,-1.6215534294455836,-0.1733201071954511,-2.848312053785378,0.53638923,0.3734162,445656.4161207726,5696590.684989337,474.3722839355469,-27.653741677733514,1.3422981519035937,2.6175297319828013,734,frame_000734.png
8000,8000,173,158,0.9132947976878613,158,1.0,158,156,0.9873417721518988,445656.8606828224,5696590.702077757,474.20712964709514,0.45295086974510923,0.017690788954496384,-0.1713798743892312,-29.313146181705147,1.788083073986098,-0.021023788790229595,-1.6176902352059983,-0.206624663989885,-2.4123698186526497,0.55211514,0.34212008,156,0.9873417721518988,445656.86068281485,5696590.702077753,474.2071296471381,0.4529508621781133,0.017690785229206085,-0.17137987434625757,-29.313146183861118,1.7880830460579078,-0.021023829576644674,-1.617690237361984,-0.20662469191807986,-2.4123698594390532,0.55211514,0.34212008,445656.40773195267,5696590.684386968,474.3785095214844,-27.69545594649914,1.9947077379759752,2.391346029862422,735,frame_000735.png
8000,8001,162,143,0.8827160493827161,143,1.0,143,143,1.0,445656.85047565575,5696590.689086018,474.21079001603374,0.46263480617199093,0.018433482386171818,-0.1704660874818842,-29.088877209808857,1.0406046695030593,-0.06702801662790009,-1.6261101895685215,-0.14755665635343007,-2.4055395802836017,0.56108475,0.40815374,143,1.0,445656.8499473814,5696590.691117057,474.2110481622931,0.46210653183516115,0.020464520901441574,-0.170207941222543,-29.088804105966215,1.0340987323645223,-0.055168003416118626,-1.6260370857258692,-0.1540625934919717,-2.393679567071814,0.55606526,0.3998865,445656.3878408496,5696590.670652536,474.3812561035156,-27.46276702024035,1.1881613258564965,2.3385115636557043,736,frame_000736.png
8002,8000,145,123,0.8482758620689655,123,1.0,123,123,1.0,445656.84903155797,5696590.6679784,474.2095977950744,0.4662090970086865,0.0033412566408514977,-0.17281797640998775,-29.066256520589885,1.2429826535475,0.08113709679544547,-1.6288224132497078,-0.15260536548018422,-2.15054651767619,0.523902,0.30972502,123,1.0,445656.84903155797,5696590.6679784,474.20959779507666,0.4662090970086865,0.0033412566408514977,-0.172817976407714,-29.06625652058318,1.242982653490527,0.08113709701109921,-1.6288224132430003,-0.15260536553714132,-2.1505465174605547,0.523902,0.30972502,445656.38282246096,5696590.664637144,474.3824157714844,-27.43743410734017,1.395588019027675,2.2316836144716405,737,frame_000737.png
8000,8000,138,122,0.8840579710144928,122,1.0,122,122,1.0,445657.1296413875,5696587.957154323,473.5873642979683,0.7523612355580553,-2.706586252897978,-0.7947462977348323,-27.231252731918314,11.222030171131985,-14.296930784935666,0.23994916906610797,9.052659933983108,-16.96627683786454,14.199605,9.106852,122,1.0,445656.8445265954,5696590.673937427,474.20121428430156,0.467246443440672,0.010196850635111332,-0.18089631140156825,-29.051266928825996,2.0383415535040705,-0.36543079419679203,-1.5800650278415844,-0.13102868364481424,-3.03477684712567,0.58648425,0.3357295,445656.37728015194,5696590.663740576,474.3821105957031,-27.47120190098442,2.169370237148888,2.6693460529288755,738,frame_000738.png
8000,8000,158,130,0.8227848101265823,130,1.0,130,130,1.0,445656.84871820523,5696590.686167167,474.2013174657977,0.4714410633314401,0.014356114901602268,-0.16944059084295304,-28.95562184607724,2.4003039974513123,0.00034081240459724445,-1.5629391664409695,-0.10727161423469056,-2.35379332288079,0.54013884,0.32629752,130,1.0,445656.84871820523,5696590.686167167,474.20131746579915,0.4714410633314401,0.014356114901602268,-0.1694405908414751,-28.955621846079367,2.400303997343917,0.00034081245185799385,-1.5629391664431012,-0.1072716143420962,-2.353793322833525,0.54013884,0.32629752,445656.3772771419,5696590.671811052,474.3707580566406,-27.392682679636273,2.507575611686006,2.3541341352853915,739,frame_000739.png
8001,8000,154,133,0.8636363636363636,133,1.0,133,132,0.9924812030075187,445656.84223325853,5696590.661669444,474.2027552207149,0.46668715483974665,-0.007794266566634178,-0.1765782753788585,-28.80927655865035,2.110063456198053,-0.05573475991166524,-1.5468028893844235,-0.2033094992461315,-2.221224393147793,0.57809067,0.36165234,132,0.9924812030075187,445656.84223325836,5696590.661669444,474.20275522071586,0.46668715466512367,-0.007794266566634178,-0.17657827537789217,-28.80927655867595,2.110063454933713,-0.055734759799777156,-1.546802889410003,-0.20330950051047125,-2.221224393035925,0.57809067,0.36165234,445656.3755461037,5696590.669463711,474.37933349609375,-27.262473669265937,2.313372955444179,2.1654896332361355,740,frame_000740.png
8000,8001,150,133,0.8866666666666667,133,1.0,133,133,1.0,445656.4216967835,5696589.10423416,473.92819226422836,0.042097903904505074,-1.5558644160628319,-0.45114123186539246,-28.739691384055195,3.2970748425612597,-9.986181108532579,-1.5248644646829064,2.052160107498196,-12.699101639441608,6.083107,4.0001116,133,1.0,445656.8517506117,5696590.68494579,474.20495017205695,0.47215173207223415,0.024847214110195637,-0.17438332403679624,-28.78237399696242,1.0635241740363346,-0.34242174080412774,-1.5675470775901204,-0.18139056102674544,-3.055342271713158,0.532781,0.34891182,445656.3795988796,5696590.660098576,474.37933349609375,-27.214826919372296,1.2449147350630776,2.712920530909026,741,frame_000741.png
8000,8000,186,161,0.8655913978494624,161,1.0,161,161,1.0,443598.4061395524,5694375.916354802,-1797.6238195670594,-2057.9872214546776,-2214.753835612908,-2271.9988500846375,168.85320681917634,-36.09994137403004,-41.33617146001832,-163.8800234954797,-37.61309987651276,-44.59260498623178,349.44785,144.83788,161,1.0,445656.86602165975,5696590.693182266,474.1976233023082,0.4726606526528485,0.022991850972175598,-0.1774072152699091,-28.8410875715987,1.3650322463576172,-0.9351488331011731,-1.5743178862547325,-0.14812625612509578,-4.191582359314651,0.5360289,0.32043245,445656.3933610071,5696590.670190415,474.3750305175781,-27.26676968534397,1.513158502482717,3.2564335262134687,742,frame_000742.png
8001,8000,149,134,0.8993288590604027,134,1.0,134,134,1.0,445656.8634113023,5696590.6930170255,474.1953784069723,0.4618915583123453,0.009839101694524288,-0.16555298951209352,-29.269653268252245,2.351952289154144,-0.8423593428428399,-1.4373186590845535,-0.1437111247590792,-3.937776809936196,0.5096018,0.29947105,134,1.0,445656.86341130215,5696590.6930170255,474.1953784069699,0.4618915581377223,0.009839101694524288,-0.16555298951448094,-29.269653268286504,2.3519522884841857,-0.8423593438952923,-1.43731865911883,-0.14371112542903575,-3.9377768109886517,0.5096018,0.29947105,445656.401519744,5696590.683177924,474.3609313964844,-27.832334609167678,2.4956634139132343,3.095417467093362,743,frame_000743.png
8000,8000,155,144,0.9290322580645162,144,1.0,144,139,0.9652777777777778,445657.8287511292,5696587.461619523,473.11262916267674,1.41793971916195,-3.2234120164066553,-1.2481801634951353,-26.487765350714973,15.370427494643698,-16.80459122177243,1.8767890255887494,14.285606371653358,-20.434711528306877,19.474611,13.073954,139,0.9652777777777778,445656.8733350321,5696590.683698746,474.19676939681756,0.46252362203085795,-0.0013327933847904205,-0.16403992935431688,-29.86820984386931,0.9154668176102377,-1.3577492974588832,-1.5036554675655793,-0.16935430538009655,-4.987869603993346,0.52199626,0.3175241,445656.41081141005,5696590.68503154,474.3608093261719,-28.364554376303722,1.0848211229903408,3.630120306534463,744,frame_000744.png
8000,8000,179,160,0.8938547486033519,160,1.0,160,159,0.99375,445656.4942242912,5696589.845570236,474.0786342025936,0.07852165831718594,-0.8234400385990739,-0.2792149185001449,-29.886374789036303,1.2437946724221858,-4.989479503076453,-1.8520406278790915,0.047509155500989664,-6.840983223088131,2.6477304,2.1137326,159,0.99375,445656.88886109047,5696590.645912548,474.19522678098747,0.47315845760749653,-0.023097727447748184,-0.16262234010628163,-29.673755391778105,0.8912531023732836,0.3218046124772786,-1.6394212306208829,-0.30503241454792374,-1.5296991075344124,0.5259255,0.3029956,445656.41570263286,5696590.669010275,474.35784912109375,-28.03433416115722,1.196285516921207,1.8515037200116777,745,frame_000745.png
8000,8000,147,134,0.9115646258503401,134,1.0,134,134,1.0,445656.91985987045,5696590.669573496,474.1837464973631,0.4739457626128569,0.02852481696754694,-0.16284163740255053,-28.74538880600374,0.15438305510986922,-1.4671774598861953,-1.5253822787968545,-0.18151972845126352,-5.302085153541185,0.5705826,0.3984726,134,1.0,445656.91985987045,5696590.669573496,474.1837464973632,0.4739457626128569,0.02852481696754694,-0.16284163740243685,-28.745388806004936,0.15438305507938382,-1.4671774598905496,-1.5253822787980766,-0.1815197284817316,-5.302085153545534,0.5705826,0.3984726,445656.44591410784,5696590.641048679,474.3465881347656,-27.220006527206873,0.3359027835611242,3.834907693654994,746,frame_000746.png
8000,8002,148,134,0.9054054054054054,134,1.0,134,133,0.9925373134328358,445656.93067209265,5696590.693917533,474.17735526883024,0.471699500863906,0.05418157298117876,-0.16721870577913478,-28.521146776327292,0.12548483267614577,-1.4125029912102955,-1.4459638484647712,-0.1102406254320556,-5.215373858182204,0.5634954,0.38697737,133,0.9925373134328358,445656.9306720906,5696590.693917535,474.17735526888185,0.47169949882663786,0.05418157484382391,-0.16721870572752096,-28.521146776685246,0.12548481676208614,-1.4125029872422703,-1.4459638488227142,-0.11024064134610967,-5.215373854214164,0.5634954,0.38697737,445656.4589725918,5696590.63973596,474.3445739746094,-27.075182927862528,0.23572545810820836,3.8028708669718982,747,frame_000747.png
8000,8000,161,149,0.9254658385093167,149,1.0,149,149,1.0,445656.9561493155,5696590.685019139,474.17404836530164,0.48538332781754434,0.041140479035675526,-0.16848093157335597,-28.45537099099675,0.6678946406780132,-1.3816137496131855,-1.5070649574097956,-0.19181810749424244,-5.132928788641863,0.5279243,0.32430646,149,1.0,445656.9561493155,5696590.685019139,474.1740483653011,0.48538332781754434,0.041140479035675526,-0.1684809315739244,-28.455370991006152,0.6678946406261201,-1.3816137497812881,-1.5070649574191748,-0.19181810754611206,-5.132928788809949,0.5279243,0.32430646,445656.4707659877,5696590.64387866,474.342529296875,-26.94830603358697,0.8597127481722429,3.751315039028666,748,frame_000748.png
8000,8000,144,134,0.9305555555555556,134,1.0,134,134,1.0,445656.806896152,5696589.639748773,474.04580818364565,0.31104091671295464,-1.0111326975747943,-0.2824083690887278,-28.08250494457644,3.0234158480009894,-7.361370128481124,-1.5449424523259552,1.958718908105169,-11.070011359061766,4.032966,2.6488397,134,1.0,445656.96738101885,5696590.681044165,474.1716808510338,0.4715257835923694,0.030162694863975048,-0.15653570170059083,-28.014502179364523,0.9733839168564935,-1.3914519150453175,-1.4769396871140543,-0.09131302303933353,-5.100093145625976,0.5560211,0.3465158,445656.49585523526,5696590.65088147,474.3282165527344,-26.537562492250473,1.0646969398958297,3.708641230580647,749,frame_000749.png
8000,8000,155,140,0.9032258064516129,140,1.0,140,140,1.0,445656.98773034,5696590.674439115,474.1708113351227,0.4787600336712785,0.024257239885628223,-0.15169843050227882,-27.739725481574556,0.15185822908254074,-1.4707593591685109,-1.5021843337350163,-0.206653471386943,-5.185887887737238,0.5302257,0.28849337,140,1.0,445656.9877303396,5696590.674439116,474.1708113351401,0.4787600332638249,0.024257240816950798,-0.15169843048488474,-27.739725481642267,0.1518582263279451,-1.4707593588932872,-1.5021843338027452,-0.20665347414154667,-5.185887887462002,0.5302257,0.28849337,445656.5089703063,5696590.650181876,474.322509765625,-26.237541147839533,0.3585117004694785,3.715128528568716,750,frame_000750.png
8000,8000,136,122,0.8970588235294118,122,1.0,122,122,1.0,445656.99863170687,5696590.678540417,474.1743602758305,0.47890864161308855,0.03224517032504082,-0.14763069096636627,-27.57582292420121,0.4071130300248607,-3.125788102840818,-1.481907278291402,-0.09665690652300896,-8.519435215711525,0.5828829,0.32903546,122,1.0,445656.9986317068,5696590.678540417,474.17436027582124,0.4789086415548809,0.03224517032504082,-0.14763069097563175,-27.575822924257874,0.4071130301492984,-3.1257881039979285,-1.481907278348075,-0.09665690639857871,-8.51943521686863,0.5828829,0.32903546,445656.51972306526,5696590.646295247,474.3219909667969,-26.09391564590981,0.5037699365478787,5.39364711287071,751,frame_000751.png
8000,8000,154,142,0.922077922077922,142,1.0,142,142,1.0,445657.003675476,5696590.655943069,474.1961779545573,0.47168242529733106,0.013854790478944778,-0.12367678177082553,-27.71699807127244,0.3078492487556307,-2.9567444886757297,-1.462156677943483,-0.13988434706953967,-8.118489568594867,0.5220486,0.2984794,142,1.0,445657.0036754779,5696590.655943072,474.1961779547766,0.4716824272181839,0.013854794204235077,-0.12367678155152362,-27.716998070001278,0.307849249152296,-2.956744465113661,-1.462156676672322,-0.13988434667285787,-8.118489545032787,0.5220486,0.2984794,445656.5319930507,5696590.642088278,474.3198547363281,-26.254841393328967,0.44773359582516115,5.161745079919138,752,frame_000752.png
8000,8001,142,125,0.8802816901408451,125,1.0,125,124,0.992,445657.0234693212,5696590.623449814,474.2261202861558,0.481700521777384,0.016593270003795624,-0.14418000681303056,-27.976534143519892,-0.26492125890815305,-1.464231764363478,-1.4825649998917072,-0.10640150430452877,-5.208994817064365,0.49964806,0.3249731,124,0.992,445657.0234693211,5696590.623449814,474.2261202861521,0.48170052166096866,0.016593270003795624,-0.14418000681672538,-27.97653414361712,-0.2649212593199885,-1.4642317654837969,-1.4825649999889379,-0.10640150471635934,-5.208994818184664,0.49964806,0.3249731,445656.5417687994,5696590.606856544,474.3703002929688,-26.493969143628174,-0.15851975460363674,3.7447630527008746,753,frame_000753.png
8000,8001,157,135,0.8598726114649682,135,1.0,135,135,1.0,445657.0238685462,5696590.59516413,474.24793694576545,0.4805358567973599,0.007679109461605549,-0.14476324954705433,-28.1817473408517,-0.19551619680979673,-0.3270832271843155,-1.4701809067978218,-0.1466419642413257,-2.989521557298957,0.5090193,0.32170263,135,1.0,445657.0238685461,5696590.59516413,474.2479369457672,0.4805358567391522,0.007679109461605549,-0.14476324954529218,-28.18174734084747,-0.19551619689599528,-0.3270832270918718,-1.470180906793587,-0.14664196432750032,-2.9895215572065297,0.5090193,0.32170263,445656.5433326894,5696590.587485021,474.3927001953125,-26.711566434053875,-0.048874232568484534,2.6624383301146475,754,frame_000754.png
8000,8000,139,128,0.920863309352518,128,1.0,128,128,1.0,445658.2898296392,5696588.595725495,473.6570571311098,1.7472625325899571,-1.9838823210448027,-0.7420212380308158,-26.78082208425284,12.556729065211869,-8.560059332495928,0.026817592931791978,13.765056552424511,-11.770578073999133,12.157202,8.070129,128,1.0,445657.01180600474,5696590.606567867,474.25235267184684,0.46923889813479036,0.02696005068719387,-0.14672569729378893,-28.391706535940383,0.2563161434940119,-1.0738800254332437,-1.5840668587557616,1.4646436307066608,-4.284398766936448,0.5936399,0.3771073,445656.5425671066,5696590.579607816,474.3990783691406,-26.807639677184625,-1.208327487212643,3.210518741503214,755,frame_000755.png
8000,8003,137,119,0.8686131386861314,119,1.0,119,117,0.9831932773109243,445658.08247405995,5696587.596266711,473.59287444537534,1.5411317693651654,-2.9829300809651613,-0.8057156425152812,-30.808551182339166,12.703678612267892,-12.542352924113407,1.524685352695002,14.071100867691484,-15.21812403074125,16.2573,11.65555,117,0.9831932773109243,445657.0081864693,5696590.622748721,474.2457393460756,0.46684417873620987,0.04355192929506302,-0.15285074181502978,-32.80843001368777,-2.1194389157018727,-0.3009213756638093,-0.4751934786536083,-0.7520166602782865,-2.976692482291668,0.5655464,0.29254466,445656.5413422906,5696590.579196792,474.3985900878906,-32.33323653503416,-1.367422255423594,2.6757711066278476,756,frame_000756.png
8000,8001,156,138,0.8846153846153846,138,1.0,138,136,0.9855072463768116,445656.88070351275,5696590.7042609,474.22633386101637,0.3906560041359626,-0.21373831201344728,-0.15980505499925357,-75.06163980498503,5.568058505290337,-5.126986369974276,-8.210091063766924,0.6137955385069631,-12.903400195311292,0.5837712,0.39569354,136,0.9855072463768116,445656.8807035081,5696590.704260891,474.2263338603486,0.3906559994793497,-0.21373832039535046,-0.15980505566705006,-75.06163980469955,5.56805854672323,-5.126986409315803,-8.210091063481457,0.6137955799398753,-12.903400234652821,0.5837712,0.39569354,445656.4900475086,5696590.917999212,474.3861389160156,-66.85154874121811,4.95426296678336,7.776413825337024,757,frame_000757.png
8000,8000,145,126,0.8689655172413793,126,1.0,126,123,0.9761904761904762,445656.80753520265,5696590.69103584,474.22479485532114,0.2774792989366688,-0.34518780652433634,-0.17471075991323914,-95.29822443447038,9.584228656943178,-2.0439569469563184,-1.3044016089941124,-0.06519902174554204,-6.663642619492123,0.54133,0.3757988,123,0.9761904761904762,445656.8075352046,5696590.691035844,474.22479485575394,0.27747930091572925,-0.34518780186772346,-0.17471075948043335,-95.29822443481297,9.584228630505885,-2.043956937703461,-1.3044016093367077,-0.06519904818284772,-6.663642610239265,0.54133,0.3757988,445656.5300559037,5696591.036223646,474.3995056152344,-93.99382282547626,9.64942767868873,4.619685672535801,758,frame_000758.png
8001,8000,130,113,0.8692307692307693,113,1.0,113,112,0.9911504424778761,445656.71573743253,5696590.634937249,474.2273587938097,0.13862568320473656,-0.44900000654160976,-0.20831015150281473,-105.12373870917067,13.108699220156094,-0.3975308427573951,-1.4980816003170503,0.05138353586391986,-3.3377515788216954,0.5941583,0.49104863,112,0.9911504424778761,445656.71573743346,5696590.634937251,474.22735879402927,0.13862568413605914,-0.4490000046789646,-0.2083101512832286,-105.12373870921171,13.108699207950965,-0.39753084020643753,-1.4980816003580912,0.05138352365878518,-3.3377515762707617,0.5941583,0.49104863,445656.5771117493,5696591.083937256,474.4356689453125,-103.62565710885362,13.057315684292188,2.9402207360643104,759,frame_000759.png
8000,8000,144,123,0.8541666666666666,123,1.0,123,123,1.0,445656.59773141466,5696590.371941366,474.2270206775566,0.0906292931176722,-0.5118814995512366,-0.23440510369340473,-107.83999476609354,9.501964072903215,1.794818663025091,-1.7814668925965407,-0.6474385725269087,0.6613228987249897,0.5226732,0.31046656,123,1.0,445656.5977314144,5696590.371941365,474.22702067747537,0.09062929288484156,-0.5118815004825592,-0.23440510377463397,-107.83999476613958,9.501964076321592,1.7948186624768596,-1.7814668926425838,-0.6474385691085445,0.6613228981767634,0.5226732,0.31046656,445656.50710212154,5696590.883822866,474.46142578125,-106.05852787349698,10.149402645430133,1.1334957643000918,760,frame_000760.png
8000,8000,159,145,0.9119496855345912,145,1.0,145,144,0.993103448275862,445656.46784529364,5696590.084293946,474.23560249309634,0.05212816986022517,-0.6066983351483941,-0.20812309284116282,-108.76911633345445,5.3730839453924615,2.1946511129554285,-1.5199583834667578,0.2088550464492016,1.7522304442369432,0.5276346,0.2750741,144,0.993103448275862,445656.4678452935,5696590.084293945,474.2356024930282,0.05212816974380985,-0.6066983360797167,-0.20812309290931807,-108.76911633356617,5.373083948135376,2.194651113086933,-1.5199583835784551,0.20885504919212394,1.7522304443684504,0.5276346,0.2750741,445656.4157171238,5696590.690992281,474.4437255859375,-107.2491579499877,5.1642288989432545,0.4424206687184939,761,frame_000761.png
8000,8000,143,133,0.9300699300699301,133,1.0,133,132,0.9924812030075187,445656.3459202133,5696589.815776102,474.23788738707657,0.016210530360694975,-0.6491015385836363,-0.20019244690780624,-109.20400495071831,6.380898114736271,1.5048264196026286,-1.5377921914865453,0.021652440719265087,0.46158274743518746,0.5855886,0.40574217,132,0.9924812030075187,445656.3459202129,5696589.8157761,474.23788738673977,0.01621052995324135,-0.6491015404462814,-0.2001924472446035,-109.20400495128085,6.380898126703409,1.5048264212450237,-1.5377921920490962,0.021652452686396373,0.46158274907756436,0.5855886,0.40574217,445656.32970968296,5696590.464877641,474.4380798339844,-107.66621275923177,6.359245674017008,1.043243672167454,762,frame_000762.png
8001,8001,124,107,0.8629032258064516,107,1.0,107,107,1.0,445656.24794606573,5696589.486738614,474.23964607657285,0.013704714074265212,-0.7297614850103855,-0.21170890389595343,-109.05157247397575,5.297758931946635,1.807026136265464,-1.5024976776792869,-0.526120787874305,0.9149589277166115,0.54169863,0.327466,107,1.0,445656.24794606573,5696589.486738613,474.2396460765644,0.013704714074265212,-0.7297614859417081,-0.2117089039044231,-109.05157247396836,5.297758932670593,1.8070261366471512,-1.5024976776718972,-0.5261207871503473,0.9149589280982866,0.54169863,0.327466,445656.23424135166,5696590.216500099,474.4513549804688,-107.54907479629648,5.823879719820954,0.8920672085488592,763,frame_000763.png
8001,8000,145,127,0.8758620689655172,127,1.0,127,127,1.0,445656.10537143215,5696589.1145116845,474.23729718760256,0.06281067430973053,-0.5514200031757355,-0.18326555653806054,-108.96238519720691,3.5489105061731947,1.0043859955720689,-1.5004004443647432,-0.14952113043185022,-0.4707342231545226,0.52237004,0.3103055,127,1.0,445656.1053714321,5696589.1145116845,474.23729718759944,0.06281067425152287,-0.5514200031757355,-0.18326555654118692,-108.96238519719824,3.548910506081179,1.0043859951798702,-1.5004004443560461,-0.1495211305238513,-0.4707342235467138,0.52237004,0.3103055,445656.04256075784,5696589.665931688,474.4205627441406,-107.46198475284218,3.698431636605035,1.4751202187265895,764,frame_000764.png
8000,8001,141,101,0.7163120567375887,101,1.0,101,101,1.0,445655.9964296064,5696588.7445312105,474.23558812389905,0.047328558925073594,-0.6291656130924821,-0.18378443469470085,-108.51822152468863,2.8710439836431476,0.936099106977253,-1.4562261254069995,-0.1439369319239745,-0.6040187173730942,0.49161345,0.31466874,101,1.0,445655.99642960634,5696588.7445312105,474.23558812387574,0.04732855886686593,-0.6291656130924821,-0.18378443471800665,-108.51822152467112,2.871043984082485,0.9360991064693239,-1.4562261253894917,-0.1439369314846317,-0.604018717881047,0.49161345,0.31466874,445655.9491010475,5696589.373696824,474.41937255859375,-107.06199539928161,3.0149809155671083,1.5401178243503613,765,frame_000765.png
8000,8000,155,117,0.7548387096774194,117,1.0,117,116,0.9914529914529915,445655.894566743,5696588.36828534,474.24011407295166,0.035976406128611416,-0.7156360214576125,-0.18063177665771946,-108.26063400542179,2.3032326998315265,1.2683916999939098,-1.3923306076531503,-0.14437771099267138,0.027096334077555184,0.5516388,0.36510658,116,0.9914529914529915,445655.8945667436,5696588.36828534,474.240114072977,0.035976406710688025,-0.7156360214576125,-0.1806317766323673,-108.26063400542806,2.303232698420269,1.2683917029150604,-1.392330607659403,-0.14437771240392294,0.027096336998710058,0.5516388,0.36510658,445655.85859033687,5696589.083921362,474.4207458496094,-106.86830339776866,2.4476104108241916,1.2412953659163553,766,frame_000766.png
8000,8000,136,113,0.8308823529411765,113,1.0,113,112,0.9911504424778761,445655.7933373955,5696588.015653165,474.24345113969116,0.028353197034448385,-0.777007388882339,-0.16511819624633972,-108.25673327983422,1.5471805576264595,0.5792848532847773,-1.4204904042520354,-0.24965147462503978,-1.443158808070109,0.5070036,0.36243832,112,0.9911504424778761,445655.7933373955,5696588.015653165,474.2434511396915,0.028353197034448385,-0.777007388882339,-0.16511819624599866,-108.25673327983436,1.5471805575546937,0.5792848532812841,-1.4204904042521775,-0.2496514746968046,-1.4431588080736049,0.5070036,0.36243832,445655.76498419844,5696588.792660554,474.4085693359375,-106.83624287558219,1.7968320322514992,2.0224436613548766,767,frame_000767.png
8000,8000,134,107,0.7985074626865671,107,1.0,107,107,1.0,445655.5760458533,5696587.312777141,474.2406174409844,0.05721912422450259,-0.6340033980086446,-0.1667311918280916,-108.22754682497276,2.250171799927819,0.4132195153196921,-1.4110930475415557,-0.011100665372708818,-1.552364161873811,0.56693405,0.33704388,107,1.0,445655.5760458533,5696587.312777141,474.2406174409868,0.05721912422450259,-0.6340033980086446,-0.16673119182570417,-108.22754682496833,2.2501717997616733,0.4132195152494045,-1.411093047537122,-0.01110066553883371,-1.552364161944098,0.56693405,0.33704388,445655.5188267291,5696587.946780539,474.4073486328125,-106.8164537774312,2.261272465300514,1.9655836771934916,768,frame_000768.png
8000,8000,136,108,0.7941176470588235,108,1.0,108,108,1.0,445655.46468856116,5696586.956723568,474.2433983920262,0.027177096053492278,-0.7161231972277164,-0.17136601227065285,-108.43011504086085,2.0520663789934597,0.7184510027818084,-1.3989867486087064,0.06342805810731988,-0.9740100775661915,0.4976827,0.3116195,108,1.0,445655.4646885617,5696586.956723569,474.24339839213195,0.027177096577361226,-0.7161231962963939,-0.1713660121649241,-108.43011504077414,2.052066372586554,0.7184510036496038,-1.3989867485219918,0.06342805170041288,-0.9740100766983915,0.4976827,0.3116195,445655.4375114651,5696587.672846765,474.4147644042969,-107.03112829225215,1.9886383208861307,1.6924610803480002,769,frame_000769.png
8000,8000,129,97,0.751937984496124,97,1.0,97,95,0.979381443298969,445655.2265772465,5696586.307233012,474.2455943716009,0.05794646491995081,-0.5906054070219398,-0.17573131199287673,-109.04730156210887,1.5165621685711865,1.1716743920544481,-1.409474969268274,0.052312397269275834,-0.09510159803650708,0.55846804,0.32855424,95,0.979381443298969,445655.22657724656,5696586.307233012,474.24559437157154,0.057946464978158474,-0.5906054070219398,-0.17573131202220793,-109.04730156216537,1.5165621703449197,1.1716743928561664,-1.4094749693247763,0.052312399042989455,-0.0951015972347875,0.55846804,0.32855424,445655.1686307816,5696586.897838419,474.42132568359375,-107.63782659284058,1.4642497713019211,1.2667759900909479,770,frame_000770.png
8000,8000,108,88,0.8148148148148148,88,1.0,88,84,0.9545454545454546,445655.1184703866,5696585.990285858,474.2437510479496,0.04378754191566259,-0.6621181890368462,-0.19084978212850956,-109.04981939015131,2.274330562568555,1.4508613788716422,-1.4019294342711532,0.18513147584400258,0.39963182929605523,0.568418,0.44139454,84,0.9545454545454546,445655.1184703863,5696585.990285857,474.24375104791756,0.04378754162462428,-0.6621181899681687,-0.19084978216056925,-109.04981939022714,2.274330564020788,1.4508613775874002,-1.4019294343469824,0.18513147729623824,0.3996318280118203,0.568418,0.44139454,445655.0746828447,5696586.652404047,474.4346008300781,-107.64788995588015,2.089199086724547,1.0512295495755781,771,frame_000771.png
8000,8000,107,90,0.8411214953271028,90,1.0,90,89,0.9888888888888889,445654.90139977704,5696585.442715734,474.2486546537607,0.0018769155722111464,-0.7306023659184575,-0.1813990571768045,-108.60267191620947,2.396366271865482,1.5927685799484639,-1.3900612361689753,0.014519638839630034,0.7536304078202534,0.5038027,0.26469857,89,0.9888888888888889,445654.9013997766,5696585.442715733,474.2486546536265,0.001876915106549859,-0.7306023668497801,-0.1813990573110118,-108.60267191645488,2.396366276905815,1.592768578803178,-1.3900612364143967,0.014519643879964406,0.7536304066749437,0.5038027,0.26469857,445654.89952286147,5696586.1733181,474.4300537109375,-107.2126106800405,2.381846633025856,0.8391381721282227,772,frame_000772.png
8000,8000,100,75,0.75,75,1.0,75,72,0.96,445654.7898899842,5696585.130622446,474.24203032989146,0.07723002071725205,-0.5805798973888159,-0.20016937713984362,-108.69005496941023,2.7113522334986495,2.272568408908539,-1.417817375693943,0.14298589400146966,2.0445141969755127,0.5225827,0.29132003,72,0.96,445654.7898899842,5696585.130622446,474.2420303299426,0.07723002071725205,-0.5805798973888159,-0.20016937708868454,-108.69005496935083,2.7113522321493413,2.272568408602434,-1.4178173756345416,0.14298589265217743,2.044514196669411,0.5225827,0.29132003,445654.71265996346,5696585.711202343,474.4421997070313,-107.27223759371628,2.568366339497176,0.22805421193303485,773,frame_000773.png
8000,8000,74,51,0.6891891891891891,51,1.0,51,51,1.0,445654.58641765825,5696584.62903466,474.2542680158713,0.037256863492075354,-0.6324961027130485,-0.14706865405059943,-109.33147371201582,-4.81831802819712,1.3157014097396127,-1.474854196910485,-0.3464474492543559,0.2186397137268159,0.5641249,0.26261097,51,1.0,445654.58641765843,5696584.62903466,474.25426801586383,0.03725686366669834,-0.6324961027130485,-0.14706865405804592,-109.33147371190469,-4.8183180297064725,1.3157014102080264,-1.474854196799356,-0.3464474507637192,0.2186397141952341,0.5641249,0.26261097,445654.54916079476,5696585.261530763,474.4013366699219,-107.85661951510534,-4.471870578942761,1.0970616960127937,774,frame_000774.png
8000,8001,88,65,0.7386363636363636,65,1.0,65,62,0.9538461538461539,445654.407100238,5696584.185555377,474.2043209400335,0.06414872407913208,-0.6444801185280085,-0.1814517650446419,-109.89490912260915,-1.1896391314720485,3.3089480512909435,-1.5850943246744862,1.9824525595972773,3.8744032415117147,0.7647844,0.5077586,62,0.9538461538461539,445654.4071002317,5696584.185555374,474.2043209397911,0.06414871773449704,-0.6444801213219762,-0.18145176528702223,-109.89490912571331,-1.1896390999414852,3.30894802287066,-1.5850943277786484,1.9824525911278386,3.8744032130914263,0.7647844,0.5077586,445654.34295151394,5696584.830035496,474.3857727050781,-108.30981479793466,-3.172091691069312,-0.565455190220777,775,frame_000775.png
8000,8000,90,64,0.7111111111111111,64,1.0,64,61,0.953125,445654.38077278464,5696584.164670803,474.198843624129,0.07125444727716967,-0.6118983589112759,-0.21793494032414173,-109.76561532099268,1.6679018803483556,2.3797775538046775,-1.4070335852907192,0.5851118549028058,2.2875228335001623,0.7536766,0.5085326,61,0.953125,445654.3807727814,5696584.1646708,474.19884362370226,0.07125444401754066,-0.6118983617052436,-0.21793494075086528,-109.76561532208025,1.667901901345135,2.379777541333759,-1.407033586378276,0.5851118758995995,2.2875228210292278,0.7536766,0.5085326,445654.30951833737,5696584.776569162,474.4167785644531,-108.35858173570197,1.0827900254455427,0.09225472030451771,776,frame_000776.png
8001,8000,82,66,0.8048780487804879,66,1.0,66,65,0.9848484848484849,445654.35727724736,5696584.212842208,474.22802407439184,0.07484560343436897,-0.5210863780230284,-0.1799349099831602,-109.63549599895408,-0.19162595594866444,2.7975133842926407,-1.4644237405140927,0.13543120752129312,3.1475332313996773,0.5365748,0.2604591,65,0.9848484848484849,445654.35727724736,5696584.212842208,474.2280240743927,0.07484560343436897,-0.5210863780230284,-0.17993490998230754,-109.63549599895372,-0.19162595597894153,2.7975133842922157,-1.4644237405137233,0.135431207491024,3.147533231399251,0.5365748,0.2604591,445654.2824316439,5696584.733928586,474.407958984375,-108.17107225843999,-0.3270571634699529,-0.350019847107023,777,frame_000777.png
8000,8000,75,62,0.8266666666666667,62,1.0,62,60,0.967741935483871,445654.3591883544,5696584.181598735,474.3275294009122,0.10574492753949016,-0.516337881796062,-0.08195546236908058,-109.68606656395563,0.8781915523452197,1.6927527454233822,-1.6142286513147042,0.38269433888976323,1.010305157510487,0.54946554,0.276823,60,0.967741935483871,445654.35918835446,5696584.181598735,474.3275294009209,0.10574492759769782,-0.516337881796062,-0.08195546236038354,-109.68606656393597,0.8781915520074682,1.6927527455645341,-1.6142286512950363,0.38269433855202806,1.0103051576516577,0.54946554,0.276823,445654.25344342686,5696584.697936617,474.4094848632813,-108.07183791264093,0.49549721345544706,0.6824475879128907,778,frame_000778.png
8000,8001,81,58,0.7160493827160493,58,1.0,58,58,1.0,445654.29187972145,5696584.154665881,474.4656515392106,0.07461447344394401,-0.5010721627622843,-0.1547708240706811,-109.45333686404159,2.0783678953708096,2.7485660413578823,-1.4807699141802004,0.12876178385283765,3.1567105582212207,0.60838675,0.2975431,58,1.0,445654.2918797206,5696584.154665882,474.46565153920966,0.0746144725708291,-0.5010721618309617,-0.15477082407164744,-109.45333686438771,2.0783678948825823,2.7485660361432864,-1.48076991452632,0.12876178336460953,3.156710553006633,0.60838675,0.2975431,445654.217265248,5696584.655738044,474.6204223632813,-107.97256694986139,1.9496061115179688,-0.40814451686333986,779,frame_000779.png
8000,8001,81,63,0.7777777777777778,63,1.0,63,61,0.9682539682539683,445654.27370062436,5696584.160173405,474.56351237863714,0.07828086748486385,-0.4819085355848074,-0.15230793386285768,-109.61033586143293,0.857387266643894,3.5906382661830456,-1.42188725883517,0.016558366250507106,4.864165499387667,0.5913964,0.27128547,61,0.9682539682539683,445654.2737006234,5696584.160173404,474.5635123783792,0.07828086655354127,-0.48190853651612997,-0.15230793412081312,-109.61033586167618,0.857387274037518,3.590638263200444,-1.4218872590784315,0.016558373644130597,4.8641654964050645,0.5913964,0.27128547,445654.19541975687,5696584.642081941,474.7158203125,-108.18844860259775,0.8408289003933958,-1.2735272332046328,780,frame_000780.png
8000,8000,84,68,0.8095238095238095,68,1.0,68,67,0.9852941176470589,445654.2591338571,5696584.102260077,474.59992967682933,0.08272456272970885,-0.5195001810789108,-0.1700898544206666,-109.55169327270971,0.7252229278194876,2.83005985047705,-1.3665150371065806,0.20859503100351162,3.266674314708297,0.5407897,0.42059085,67,0.9852941176470589,445654.259133855,5696584.102260078,474.5999296771535,0.08272456063423306,-0.5195001801475883,-0.17008985409648858,-109.55169327317533,0.7252229274907512,2.83005983762293,-1.3665150375722135,0.2085950306747577,3.266674301854181,0.5407897,0.42059085,445654.17640929436,5696584.621760258,474.77001953125,-108.18517823560312,0.5166278968159811,-0.4366144642312371,781,frame_000781.png
8001,8000,88,70,0.7954545454545454,70,1.0,70,69,0.9857142857142858,445654.276397904,5696584.118760658,474.6143188279486,0.10718997602816671,-0.48751446045935154,-0.16070558611392016,-109.36756243195842,0.9953804875721262,3.201221430442214,-1.3722322837958245,0.015180860030937993,3.8537719412093168,0.6173013,0.31975472,69,0.9857142857142858,445654.2763979038,5696584.118760658,474.61431882789265,0.10718997585354373,-0.48751446045935154,-0.1607055861698541,-109.36756243204286,0.9953804895073031,3.20122143010324,-1.3722322838802654,0.015180861966115344,3.8537719408703595,0.6173013,0.31975472,445654.16920792795,5696584.606275119,474.7750244140625,-107.9953301481626,0.9801996275411753,-0.6525505107671112,782,frame_000782.png
8000,8000,85,67,0.788235294117647,67,1.0,67,66,0.9850746268656716,445654.23408297845,5696584.095306261,474.5988494666562,0.09203073184471577,-0.4865126423537731,-0.1822174278751163,-108.88882120893031,1.3066851234202403,2.627688551728267,-1.3694737968171466,0.12426778186681986,2.9211562153672617,0.59655154,0.30999684,66,0.9850746268656716,445654.2340829785,5696584.0953062605,474.59884946658786,0.09203073190292343,-0.4865126432850957,-0.1822174279434421,-108.888821209,1.3066851255360303,2.627688552599361,-1.3694737968868367,0.12426778398261717,2.92115621623833,0.59655154,0.30999684,445654.1420522466,5696584.581818904,474.7810668945313,-107.51934741211316,1.1824173415534118,-0.2934676636389832,783,frame_000783.png
8000,8000,86,65,0.7558139534883721,65,1.0,65,60,0.9230769230769231,445654.24161313195,5696584.091273997,474.5903820119192,0.09873427485581487,-0.48950965888798237,-0.18903693339331085,-109.25549417269147,1.4529472321619812,1.9753975816874407,-1.375050815480705,0.10063170081525641,1.373924873011191,0.5244438,0.29049924,60,0.9230769230769231,445654.24161313195,5696584.091273997,474.5903820119156,0.09873427485581487,-0.48950965888798237,-0.18903693339689198,-109.25549417268994,1.4529472322808057,1.975397581704528,-1.3750508154791703,0.10063170093408758,1.3739248730282725,0.5244438,0.29049924,445654.1428788571,5696584.580783656,474.7794189453125,-107.88044335721077,1.352315531346717,0.6014727086762542,784,frame_000784.png
8000,8001,76,60,0.7894736842105263,60,1.0,60,59,0.9833333333333333,445654.294473363,5696584.0567350285,474.5892953806846,0.1257259876583703,-0.518162190914154,-0.18426418962792468,-109.17431628542869,1.5489228213413284,2.3229030188034425,-1.2957182753797554,0.2117019696857767,2.120446409407606,0.58164346,0.35958707,59,0.9833333333333333,445654.29447336216,5696584.056735028,474.5892953806384,0.12572598678525537,-0.5181621918454766,-0.18426418967408154,-109.1743162856579,1.5489228242886441,2.3229030145279004,-1.2957182756089765,0.21170197263310797,2.1204464051320713,0.58164346,0.35958707,445654.16874737537,5696584.574897219,474.7735595703125,-107.87859801004893,1.3372208516555377,0.2024566093958288,785,frame_000785.png
8000,8001,69,50,0.7246376811594203,50,1.0,50,47,0.94,445654.2940566433,5696583.994848156,474.5739582900816,0.11551702010910958,-0.5796513669192791,-0.19404708101217238,-109.26735019903761,1.5434714116181842,1.78485902665508,-1.3395252609384443,0.5266392313206154,0.9592430114823287,0.6395823,0.47076955,47,0.94,445654.2940566432,5696583.994848157,474.5739582902044,0.11551701999269426,-0.5796513659879565,-0.19404708088933376,-109.26735019910198,1.5434714076611282,1.7848590245584934,-1.339525261002791,0.5266392273635461,0.959243009385716,0.6395823,0.47076955,445654.1785396232,5696584.574499523,474.76800537109375,-107.92782493809918,1.0168321802975693,0.8256160151727645,786,frame_000786.png
8000,8000,78,64,0.8205128205128205,64,1.0,64,61,0.953125,445654.2915858075,5696583.970176877,474.562291652282,0.11106569814728573,-0.5989766409620643,-0.19845053521800082,-109.11795509739346,1.413603364739251,1.99045803453344,-1.2870383568315447,0.680609788202446,1.4328966579462588,0.78937143,0.4544075,61,0.953125,445654.29158580874,5696583.970176876,474.5622916519806,0.11106569936964661,-0.5989766428247094,-0.19845053551938463,-109.11795509718894,1.4136033760036024,1.9904580456479322,-1.287038356627022,0.6806097994667937,1.4328966690607672,0.78937143,0.4544075,445654.18052010937,5696584.569153518,474.7607421875,-107.8309167405619,0.7329935765368164,0.5575613765871734,787,frame_000787.png
8000,8001,90,71,0.7888888888888889,71,1.0,71,67,0.9436619718309859,445654.26292233105,5696584.005015582,474.56830484936575,0.07421885727671906,-0.5694325622171164,-0.2023250334467548,-108.65098015426888,1.2641831090070108,2.532517740131128,-1.3042869860801716,0.5988495679989967,2.714234502080558,0.6414461,0.47784078,67,0.9436619718309859,445654.262922329,5696584.00501558,474.5683048490972,0.07421885523945093,-0.5694325640797615,-0.2023250337152831,-108.65098015485844,1.264183120534425,2.5325177318310717,-1.3042869866697515,0.5988495795264157,2.714234493780509,0.6414461,0.47784078,445654.1887034738,5696584.574448144,474.7706298828125,-107.34669316818871,0.6653335410080166,-0.1817167619494241,788,frame_000788.png
8000,8000,76,54,0.7105263157894737,54,1.0,54,53,0.9814814814814815,445654.3610985351,5696584.092011184,474.5732259161518,0.11656679684529081,-0.48493783082813025,-0.17704874205134047,-108.28183943020602,1.3384658935567955,0.9178425058312019,-1.3437351504794037,0.11316686178858504,-0.5084112288847962,0.6355189,0.3843398,53,0.9814814814814815,445654.36109853507,5696584.092011184,474.5732259162101,0.11656679678708315,-0.48493783082813025,-0.17704874199301912,-108.28183943025898,1.338465891817521,0.9178425049364514,-1.3437351505323534,0.11316686004931853,-0.50841122977954,0.6355189,0.3843398,445654.2445317383,5696584.576949015,474.7502746582031,-106.93810427972663,1.2252990317682007,1.426253734715997,789,frame_000789.png
8000,8000,80,63,0.7875,63,1.0,63,63,1.0,445654.37911065074,5696584.098282431,474.5798518125391,0.11037320870673284,-0.47617053613066673,-0.16859179097650667,-108.49590542081839,1.1459954171165248,0.16479725672988277,-1.438582402047274,0.05325965057710391,-1.9540383642487882,0.59130895,0.32559448,63,1.0,445654.3791106508,5696584.098282431,474.57985181254946,0.1103732087649405,-0.47617053613066673,-0.16859179096616117,-108.49590542080442,1.1459954167302167,0.16479725687091495,-1.4385824020333189,0.05325965019079604,-1.9540383641077312,0.59130895,0.32559448,445654.26873744203,5696584.574452967,474.7484436035156,-107.05732301877111,1.0927357665394222,2.118835620978657,790,frame_000790.png
8000,8000,78,55,0.7051282051282052,55,1.0,55,54,0.9818181818181818,445654.42968383315,5696584.105430742,474.5863240815992,0.13743002794217318,-0.47037244960665703,-0.1623941801196338,-108.60646555277634,1.568459667531303,-0.14207688083598757,-1.4431721659007337,-0.042334333044721006,-2.666302195088889,0.6545028,0.3617987,54,0.9818181818181818,445654.42968384136,5696584.105430737,474.5863240829466,0.13743003614945337,-0.4703724542632699,-0.1623941787722174,-108.60646555034687,1.5684596758424931,-0.142076829311388,-1.4431721634712744,-0.04233432473353105,-2.6663021435642804,0.6545028,0.3617987,445654.2922538052,5696584.575803191,474.7487182617188,-107.16329338687561,1.610794000576015,2.5242253142529028,791,frame_000791.png
8000,8000,73,54,0.7397260273972602,54,1.0,54,52,0.9629629629629629,445654.4233634184,5696584.112401193,474.58232378075013,0.09527129051275551,-0.453978237695992,-0.16929365089049497,-108.72479001638874,1.3714542275408037,-0.5933555874348881,-1.427841675182549,-0.020946560475010756,-3.348202355357074,0.57130283,0.36131418,52,0.9629629629629629,445654.42336341826,5696584.112401192,474.5823237807111,0.09527129039634019,-0.45397823862731457,-0.1692936509295464,-108.72479001628962,1.3714542302916777,-0.5933555871181057,-1.4278416750834424,-0.020946557724130344,-3.3482023550402857,0.57130283,0.36131418,445654.32809212786,5696584.566379431,474.7516174316406,-107.29694834120617,1.3924007880158222,2.7548467679221775,792,frame_000792.png
8000,8000,93,69,0.7419354838709677,69,1.0,69,68,0.9855072463768116,445654.4780729192,5696584.075286481,474.5898153766361,0.11755403282586485,-0.4863888565450907,-0.15890288508268213,-109.37208014338528,1.0960301886802697,-0.49300453730478655,-1.4099885685901938,0.09675615717043229,-3.3551057659337857,0.5504802,0.24725956,68,0.9855072463768116,445654.4780729176,5696584.075286479,474.5898153761254,0.117554031254258,-0.4863888584077358,-0.15890288559342025,-109.37208014400852,1.0960302029255249,-0.49300454181357783,-1.4099885692134535,0.09675617141567727,-3.3551057704425773,0.5504802,0.24725956,445654.36051888636,5696584.561675337,474.7487182617188,-107.96209157479508,0.9992740315098473,2.862101228628986,793,frame_000793.png
8000,8000,82,62,0.7560975609756098,62,1.0,62,60,0.967741935483871,445654.4860382779,5696584.05910486,474.58673356495916,0.11568573786644265,-0.5034366762265563,-0.16399885691583904,-109.73951905130544,1.0293085597065759,-0.12684991099843096,-1.3993421323001485,0.17760866438021594,-2.6925897084131805,0.5310801,0.25532728,60,0.967741935483871,445654.4860382782,5696584.059104861,474.5867335651434,0.11568573815748096,-0.5034366752952337,-0.16399885673160952,-109.73951905119118,1.029308555043476,-0.12684991094045747,-1.3993421321858932,0.1776086597170945,-2.6925897083552286,0.5310801,0.25532728,445654.37035254005,5696584.562541536,474.750732421875,-108.3401769190053,0.8516998953263688,2.565739797414757,794,frame_000794.png
8000,8000,90,67,0.7444444444444445,67,1.0,67,66,0.9850746268656716,445654.4826647879,5696584.018238148,474.5710198624158,0.10329839546466246,-0.5527634397149086,-0.1880438582873012,-109.99003591196373,1.6820016790722156,-0.020977056046676004,-1.4238064713113943,0.5459415289338381,-2.4941930459576156,0.7570819,0.5856712,66,0.9850746268656716,445654.4826647882,5696584.018238148,474.571019862296,0.10329839575570077,-0.5527634397149086,-0.18804385840712712,-109.99003591190726,1.682001681967084,-0.020977053332514,-1.4238064712549203,0.5459415318287029,-2.494193043243456,0.7570819,0.5856712,445654.37936639244,5696584.571001587,474.7590637207031,-108.56622944065234,1.136060150138389,2.4732159899109365,795,frame_000795.png
8000,8001,77,50,0.6493506493506493,50,1.0,50,49,0.98,445654.46894508525,5696584.130844291,474.5943009675375,0.08938462688820437,-0.44339597318321466,-0.1690046965250076,-110.18586820776468,1.1640174632375868,-0.55967219903703,-1.4240413946700414,-0.09615962838972791,-3.3518662688365737,0.5669325,0.3128922,49,0.98,445654.4689450851,5696584.13084429,474.5943009675032,0.08938462671358138,-0.44339597411453724,-0.16900469655928418,-110.18586820781569,1.1640174639881602,-0.5596721997707854,-1.42404139472103,-0.09615962763913899,-3.351866269570337,0.5669325,0.3128922,445654.37956045836,5696584.5742402645,474.7633056640625,-108.76182681309466,1.2601770916273027,2.7921940697995438,796,frame_000796.png
8000,8001,88,67,0.7613636363636364,67,1.0,67,66,0.9850746268656716,445654.48182395677,5696584.103703986,474.5980603739606,0.10513754020212218,-0.47721633594483137,-0.16454338580501826,-110.17338348605179,0.8803699156766319,0.8098111789541568,-1.4023176400780812,0.004098388823251753,-0.7944976504139731,0.56418383,0.2658297,66,0.9850746268656716,445654.48182395677,5696584.103703986,474.59806037389365,0.10513754020212218,-0.47721633594483137,-0.1645433858719798,-110.17338348607365,0.8803699174809579,0.8098111794008894,-1.402317640099966,0.004098390627575554,-0.7944976499672407,0.56418383,0.2658297,445654.37668641657,5696584.580920322,474.7626037597656,-108.7710658459737,0.8762715268533922,1.6043088293681202,797,frame_000797.png
8000,8000,79,58,0.7341772151898734,58,1.0,58,56,0.9655172413793104,445654.47742951475,5696583.976048877,474.5615458930582,0.10769519535824656,-0.6125249806791544,-0.20871777881677644,-110.29471563722055,1.689370508125594,0.7625498274112686,-1.3599751792829693,0.7542926892581647,-1.1287824020237451,0.7165845,0.42562824,56,0.9655172413793104,445654.47742951463,5696583.976048877,474.56154589304856,0.10769519524183124,-0.6125249806791544,-0.20871777882643983,-110.29471563723887,1.6893705086157487,0.7625498271516066,-1.3599751793012729,0.7542926897482971,-1.1287824022834059,0.7165845,0.42562824,445654.3697343194,5696584.588573858,474.770263671875,-108.9347404579376,0.9350778188674411,1.8913322294350192,798,frame_000798.png
8000,8001,81,64,0.7901234567901234,64,1.0,64,62,0.96875,445654.4568897897,5696584.12836558,474.59020937958445,0.09107369394041598,-0.4732898948714137,-0.17285214385304926,-110.04529057892994,1.5599046064791053,0.41455967541824684,-1.3641035561343244,0.013764798084764607,-1.5170161048649504,0.5513476,0.29954612,62,0.96875,445654.45688978984,5696584.128365579,474.5902093794247,0.0910736940568313,-0.4732898958027363,-0.17285214401277926,-110.04529057890014,1.559904610839943,0.4145596776410352,-1.36410355610451,0.01376480244559275,-1.5170161026421738,0.5513476,0.29954612,445654.3658160958,5696584.601655475,474.7630615234375,-108.68118702279561,1.546139808394346,1.9315757802831997,799,frame_000799.png
8000,8000,91,64,0.7032967032967034,64,1.0,64,60,0.9375,445654.49796688627,5696584.196817331,474.5965485075811,0.13785155047662556,-0.41100001335144043,-0.1668181916377307,-109.97464055339113,0.9661409616099184,0.8911579874639457,-1.3684081634228278,-0.4246713569748408,-0.7103255329219849,0.49700674,0.27023426,60,0.9375,445654.4979668865,5696584.196817331,474.59654850760865,0.1378515507094562,-0.41100001335144043,-0.16681819161016165,-109.97464055331515,0.9661409597885343,0.8911579880338942,-1.3684081633468566,-0.42467135879621765,-0.7103255323520159,0.49700674,0.27023426,445654.3601153358,5696584.607817344,474.7633666992188,-108.6062323899683,1.3908123185847494,1.6014835203859237,800,frame_000800.png
8000,8000,93,71,0.7634408602150538,71,1.0,71,71,1.0,445654.46257725527,5696584.14104682,474.5958949203271,0.11075810249894857,-0.47513633500784636,-0.17531479646976322,-110.02752851000247,1.3665503075681538,0.49416308404960396,-1.3385561794015643,0.05763961091764713,-1.4743595691656424,0.5421832,0.24866526,71,1.0,445654.4625772557,5696584.141046823,474.59589492077566,0.1107581029064022,-0.47513633221387863,-0.1753147960212118,-110.02752850984594,1.3665502931783025,0.4941630813992729,-1.3385561792450176,0.05763959652779249,-1.4743595718159668,0.5421832,0.24866526,445654.35181915277,5696584.616183155,474.7712097167969,-108.6889723306009,1.308910696650515,1.9685226532152411,801,frame_000801.png
8000,8000,97,71,0.7319587628865979,71,1.0,71,70,0.9859154929577465,445654.4413789937,5696584.105594458,474.58623839421017,0.0904282865813002,-0.5217849854379892,-0.1840557952429549,-109.99906545113554,1.8000875700049666,0.7103137889547535,-1.3461312460290742,0.25585299099066106,-1.0079615444023204,0.6974802,0.5295295,70,0.9859154929577465,445654.44137899467,5696584.105594455,474.58623839391294,0.09042828757083043,-0.521784988231957,-0.18405579554018914,-109.99906545144162,1.8000875813530373,0.7103137987024266,-1.346131246335176,0.25585300233871067,-1.0079615346546404,0.6974802,0.5295295,445654.3509507071,5696584.6273794435,474.7702941894531,-108.65293420510646,1.5442345790143135,1.718275333357063,802,frame_000802.png
8000,8000,83,62,0.7469879518072289,62,1.0,62,59,0.9516129032258065,445654.45754929923,5696584.1473969715,474.60222640560653,0.10902255529072136,-0.48256354965269566,-0.17017349673722038,-110.00711351589769,1.3307841137111094,0.9339704192907139,-1.3582590471456228,0.04161815927761836,-0.6108982130915308,0.58145577,0.25041145,59,0.9516129032258065,445654.45754929987,5696584.147396972,474.6022264057294,0.10902255593100563,-0.4825635487213731,-0.1701734966143249,-110.00711351559534,1.3307841081733773,0.9339704211078635,-1.3582590468432727,0.04161815373987565,-0.6108982112743888,0.58145577,0.25041145,445654.34852674394,5696584.629960521,474.77239990234375,-108.64885446875208,1.2891659544334906,1.5448686323822411,803,frame_000803.png
8000,8000,76,64,0.8421052631578947,64,1.0,64,62,0.96875,445654.43696700275,5696584.171290745,474.60438481805596,0.09375293034827337,-0.4619349483400583,-0.16780146124091289,-109.94121248892624,1.2592855281210242,0.7343514108582725,-1.383943314750013,-0.025978631689667964,-0.9258770813656838,0.5572094,0.33543658,62,0.96875,445654.4369670029,5696584.171290745,474.604384818062,0.09375293052289635,-0.4619349483400583,-0.16780146123488748,-109.94121248884457,1.2592855285051503,0.7343514119677136,-1.383943314668329,-0.02597863130554856,-0.9258770802562424,0.5572094,0.33543658,445654.3432140724,5696584.633225693,474.7721862792969,-108.55726917417623,1.2852641598106946,1.660228492223944,804,frame_000804.png
8000,8001,82,63,0.7682926829268293,63,1.0,63,63,1.0,445654.4096388051,5696584.155809202,474.60187033230176,0.0685823496314697,-0.4845593264326453,-0.17052957004199243,-109.76852301222449,1.4164005597227551,0.8153182689607912,-1.3462683657097614,0.09084948572183293,-0.7707852958913861,0.51466817,0.28310135,63,1.0,445654.4096388044,5696584.155809202,474.6018703321777,0.06858234893297777,-0.4845593264326453,-0.17052957016602477,-109.76852301244116,1.416400561799812,0.8153182656589393,-1.3462683659264485,0.09084948779889146,-0.7707852991932498,0.51466817,0.28310135,445654.34105645545,5696584.640368529,474.77239990234375,-108.42225464651472,1.3255510740009282,1.5861035648521888,805,frame_000805.png
8000,8001,83,72,0.8674698795180723,72,1.0,72,70,0.9722222222222222,445654.41092867346,5696584.145267579,474.6018974941942,0.08798968495102599,-0.5020286170765758,-0.17599557221211626,-109.64858904161336,1.6586972708737848,1.7168716705735798,-1.3501058445074818,0.1946069003974742,1.0453409377742275,0.6202712,0.33693543,70,0.9722222222222222,445654.41092867346,5696584.145267578,474.60189749409204,0.08798968495102599,-0.5020286180078983,-0.17599557231426388,-109.64858904172729,1.6586972742670851,1.7168716717909995,-1.3501058446214245,0.19460690379079892,1.045340938991643,0.6202712,0.33693543,445654.3229389885,5696584.647296196,474.7778930664063,-108.29848319710587,1.464090370476299,0.6715307327993537,806,frame_000806.png
8000,8001,84,70,0.8333333333333334,70,1.0,70,64,0.9142857142857143,445654.43412362423,5696584.161170108,474.60714227708075,0.11344239674508572,-0.4916928242892027,-0.1745960041692456,-109.70621715422247,1.1943730701405866,1.5791340616005587,-1.3631815914730794,0.06487789195566052,0.5937453543428433,0.54396707,0.2566133,64,0.9142857142857143,445654.4341236246,5696584.161170109,474.60714227719023,0.11344239709433168,-0.4916928233578801,-0.17459600405976516,-109.70621715398008,1.1943730664934764,1.5791340625857033,-1.3631815912306706,0.06487788830855834,0.5937453553279681,0.54396707,0.2566133,445654.3206812275,5696584.6528629325,474.78173828125,-108.34303556274939,1.129495178184921,0.9853887072577224,807,frame_000807.png
8000,8000,84,68,0.8095238095238095,68,1.0,68,65,0.9558823529411765,445654.4070193299,5696584.172002421,474.6067643920106,0.08831898513017222,-0.4892957294359803,-0.1664289673644248,-109.59735121685104,1.7006103069841962,1.572225101088699,-1.3653892401033545,0.15171545047641644,0.6124970362164959,0.55517423,0.24969508,65,0.9558823529411765,445654.40701932996,5696584.172002421,474.60676439197107,0.08831898518837988,-0.4892957294359803,-0.16642896740393098,-109.59735121683671,1.7006103080614987,1.572225101731056,-1.36538924008903,0.1517154515537129,0.6124970368588265,0.55517423,0.24969508,445654.31870034477,5696584.66129815,474.773193359375,-108.23196197674767,1.5488948565077811,0.9597280648722161,808,frame_000808.png
8001,8001,78,57,0.7307692307692307,57,1.0,57,55,0.9649122807017544,445654.3798701523,5696584.129491126,474.6133199318508,0.07721748220501468,-0.5378192951902747,-0.17659706033668954,-109.55302577019957,-1.8236544775586816,1.6171795884161408,-1.3474434797639105,0.43955593753182143,0.8090826847667927,0.5832478,0.35911545,55,0.9649122807017544,445654.3798701555,5696584.129491125,474.6133199313922,0.07721748540643603,-0.5378192961215973,-0.17659706079530224,-109.55302576854494,-1.8236544761527957,1.6171796080344991,-1.3474434781093123,0.4395559389377013,0.8090827043851334,0.5832478,0.35911545,445654.30265267007,5696584.667310421,474.7899169921875,-108.20558229043564,-2.2632104150904895,0.8080969036493593,809,frame_000809.png
8000,8000,76,58,0.7631578947368421,58,1.0,58,57,0.9827586206896551,445654.3864928958,5696584.064387425,474.60869675349454,0.08533556712791324,-0.6107522808015347,-0.15140456486483345,-109.58680073171803,-6.030343614795371,1.335524059626525,-1.2818960494993519,0.8013235467897744,0.16018537841910074,0.72526705,0.5910797,57,0.9827586206896551,445654.386492898,5696584.064387419,474.60869675299074,0.08533556933980435,-0.6107522863894701,-0.15140456536863667,-109.58680072890208,-6.0303435909875605,1.3355240810815996,-1.2818960466834142,0.8013235705975887,0.16018539987419445,0.72526705,0.5910797,445654.30115732865,5696584.675139706,474.7601013183594,-108.30490468221868,-6.831667161585147,1.1753386812074154,810,frame_000810.png
8001,8000,61,47,0.7704918032786885,47,1.0,47,45,0.9574468085106383,445654.45950087055,5696584.310322061,474.6218673912462,0.15052851475775242,-0.39919471088796854,-0.11864164195691274,-109.48836317663104,-5.671056459952226,1.3799448879582412,-1.2954741948850597,-0.6595483644075841,0.37036170018862435,0.505423,0.26101658,45,0.9574468085106383,445654.4595008707,5696584.310322061,474.62186739125747,0.1505285149323754,-0.39919471088796854,-0.11864164194565774,-109.4883631764966,-5.671056461139849,1.3799448884950367,-1.295474194750625,-0.6595483655952137,0.3703617007254252,0.505423,0.26101658,445654.3089723558,5696584.709516772,474.7405090332031,-108.192888981746,-5.011508095544643,1.0095831877696078,811,frame_000811.png
8001,8001,72,51,0.7083333333333334,51,1.0,51,51,1.0,445654.6127860947,5696584.6738577755,474.5947611688207,0.19089502905262634,-0.4120183680206537,-0.14266558899180382,-109.55636189424928,-1.8298191524571246,1.8356800895284613,-1.3985222822568062,-1.5834972846309654,0.8695302999873604,0.68863845,0.39831388,51,1.0,445654.6127860951,5696584.673857776,474.59476116880205,0.19089502946007997,-0.41201836708933115,-0.14266558901044846,-109.55636189405293,-1.8298191539540956,1.8356800914930826,-1.398522282060469,-1.5834972861279368,0.8695303019519827,0.68863845,0.39831388,445654.42189106566,5696585.085876144,474.7374267578125,-108.15783961199247,-0.2463218678261497,0.9661497895411075,812,frame_000812.png
8000,8001,97,81,0.8350515463917526,81,1.0,81,81,1.0,445654.6269035447,5696584.952301895,474.5646230761955,0.14679702266585082,-0.31520997267216444,-0.21818332028885834,-109.33406888331795,11.679916837621647,2.2359341082573003,-1.2593956907285815,1.0350837762618994,1.899949327436076,0.4706269,0.25276604,81,1.0,445654.6269035445,5696584.952301895,474.5646230761497,0.14679702243302017,-0.31520997267216444,-0.21818332033467414,-109.33406888323343,11.679916838235695,2.2359341070006566,-1.2593956906440553,1.0350837768759504,1.8999493261794385,0.4706269,0.25276604,445654.48010652204,5696585.267511868,474.7828063964844,-108.07467319258937,10.64483306135975,0.3359847808212208,813,frame_000813.png
8001,8000,102,85,0.8333333333333334,85,1.0,85,85,1.0,445654.70689021144,5696585.199712061,474.5829036414983,0.09510290808975697,-0.4487188719213009,-0.1908085167048057,-109.75435520130286,4.622186578621101,1.3446853596379913,-1.3115286258672825,0.38229309565099356,0.3495100736791983,0.53098,0.34648195,85,1.0,445654.7068902115,5696585.199712061,474.58290364147126,0.09510290814796463,-0.4487188719213009,-0.19080851673186316,-109.75435520133787,4.622186579455358,1.34468536017671,-1.311528625902298,0.382293096485256,0.34951007421790337,0.53098,0.34648195,445654.61178730335,5696585.648430933,474.7737121582031,-108.44282657543557,4.239893482970096,0.9951752859587969,814,frame_000814.png
8000,8000,107,82,0.7663551401869159,82,1.0,82,82,1.0,445654.707845118,5696585.249500968,474.60319087355145,0.09864758618641645,-0.46797865629196167,-0.17790653855792016,-109.7985066936939,1.3963117553839348,2.056861879355998,-1.3607199852286271,-0.1251855613020325,1.7088508068690942,0.57102436,0.31435567,82,1.0,445654.7078451181,5696585.249500967,474.6031908735471,0.09864758624462411,-0.46797865722328424,-0.1779065385622971,-109.79850669369624,1.3963117556779656,2.0568618798654685,-1.3607199852309861,-0.12518556100800993,1.7088508073785533,0.57102436,0.31435567,445654.6091975318,5696585.717479624,474.7810974121094,-108.43778670846525,1.5214973166859793,0.34801107248690255,815,frame_000815.png
8001,8001,94,68,0.723404255319149,68,1.0,68,68,1.0,445654.6910831739,5696585.251948548,474.5956228748165,0.08755271584959701,-0.479264666326344,-0.1777535900272369,-109.61150942242834,1.5144444343741645,2.2665900191323085,-1.3468768457225337,-0.03906820769057617,2.161202988898623,0.5646171,0.293858,68,1.0,445654.69108317385,5696585.2519485485,474.59562287497084,0.08755271579138935,-0.47926466539502144,-0.17775358987290701,-109.61150942229234,1.514444427577504,2.2665900165316866,-1.3468768455865074,-0.03906821448723008,2.161202986298008,0.5646171,0.293858,445654.60353045806,5696585.731213214,474.77337646484375,-108.26463257670582,1.55351264206473,0.1053870302336843,816,frame_000816.png
8000,8000,109,86,0.7889908256880734,86,1.0,86,86,1.0,445654.6814437524,5696585.255434417,474.58835820338766,0.08444972132565454,-0.49195905216038227,-0.18727656223734357,-109.35409594509687,1.968814618703787,2.568890259866114,-1.3766167448304714,0.034483332281780577,2.703124549429333,0.54418904,0.29886976,86,1.0,445654.68144375243,5696585.255434418,474.58835820351567,0.0844497213838622,-0.4919590512290597,-0.1872765621093322,-109.35409594495975,1.9688146154147246,2.568890259235965,-1.376616744693365,0.034483328992735096,2.703124548799167,0.54418904,0.29886976,445654.59699403105,5696585.747393469,474.775634765625,-107.97747920026639,1.9343312864220008,-0.13423428956320568,817,frame_000817.png
8000,8000,114,98,0.8596491228070176,98,1.0,98,98,1.0,445654.69972906535,5696585.297770188,474.5988905542514,0.10994748125085607,-0.4610314220190048,-0.1800706273892274,-109.34179645066372,2.2044421404278145,2.582918093488932,-1.3459439728894722,-0.11178223258605158,2.655550148553232,0.4896474,0.32301873,98,1.0,445654.6997290637,5696585.297770185,474.5988905537376,0.10994747962104157,-0.46103142481297255,-0.18007062790303507,-109.34179645159504,2.2044421595741697,2.5829180902790756,-1.3459439738207948,-0.11178221343971018,2.6555501453433976,0.4896474,0.32301873,445654.5897815841,5696585.75880161,474.7789611816406,-107.99585247777425,2.31622437301388,-0.07263205506430821,818,frame_000818.png
8000,8000,114,92,0.8070175438596491,92,1.0,92,92,1.0,445654.69178192085,5696585.313699134,474.60614914924986,0.10382234951248392,-0.46603707782924175,-0.17986159293764103,-109.44054090427743,2.06305684684864,2.261898716966516,-1.404105480414188,-0.09079356419530882,2.0932979039108943,0.5167762,0.28508487,92,1.0,445654.69178192096,5696585.313699134,474.6061491492262,0.10382234962889925,-0.46603707782924175,-0.1798615929612879,-109.44054090429172,2.063056847933731,2.2618987179985446,-1.404105480428484,-0.0907935631102248,2.0932979049429434,0.5167762,0.28508487,445654.58795957133,5696585.7797362115,474.7860107421875,-108.03643542386324,2.153850411043958,0.16860081305560792,819,frame_000819.png
8000,8000,104,78,0.75,78,1.0,78,78,1.0,445654.69596812915,5696585.307291467,474.60950827202316,0.10404905420728028,-0.47827483899891376,-0.17488503852371196,-109.33502451344175,1.9043609975676326,1.823367581954131,-1.3458319823072884,-0.0943040825866035,1.3522951923829112,0.5629177,0.2826902,78,1.0,445654.69596812926,5696585.307291467,474.6095082720036,0.1040490543236956,-0.47827483899891376,-0.1748850385432661,-109.33502451343001,1.9043609975721263,1.8233675828367266,-1.3458319822955218,-0.09430408258211287,1.352295193265519,0.5629177,0.2826902,445654.59191907494,5696585.785566306,474.7843933105469,-107.98919253113448,1.9986650801542363,0.47107238957122066,820,frame_000820.png
8000,8000,109,86,0.7889908256880734,86,1.0,86,86,1.0,445654.7025615063,5696585.293280801,474.6029505484768,0.1042686682776548,-0.490882346406579,-0.1813817269137985,-109.39776186546725,1.6581162236073765,1.6956488418958044,-1.4346646697462688,0.021648937047331174,0.947282209562843,0.5547209,0.27505532,86,1.0,445654.70256150607,5696585.2932808,474.602950548277,0.10426866804482415,-0.4908823473379016,-0.18138172711360312,-109.39776186559182,1.6581162291265468,1.6956488425356468,-1.4346646698708128,0.021648942566486085,0.947282210202701,0.5547209,0.27505532,445654.598292838,5696585.784163147,474.7843322753906,-107.96309719572099,1.6364672865600487,0.7483666323329482,821,frame_000821.png
8000,8001,92,67,0.7282608695652174,67,1.0,67,67,1.0,445654.7352416462,5696585.289804786,474.60684820946034,0.12939077947521582,-0.4915465386584401,-0.17736199561778676,-109.53030181413766,1.9282935630948066,1.158301641613381,-1.4466718472069715,0.035454657659698796,-0.198372505225052,0.5273325,0.3538039,67,1.0,445654.73524164624,5696585.289804786,474.6068482094676,0.12939077953342348,-0.4915465386584401,-0.1773619956105108,-109.5303018141256,1.9282935626112936,1.1583016418507792,-1.4466718471949207,0.035454657176188675,-0.19837250498764547,0.5273325,0.3538039,445654.6058508667,5696585.781351325,474.7842102050781,-108.08362996693069,1.8928389054351122,1.3566741468384287,822,frame_000822.png
8000,8000,120,97,0.8083333333333333,97,1.0,97,97,1.0,445654.7384655137,5696585.2854876155,474.6094018443763,0.1088554096641019,-0.47720419615507126,-0.1696203724205816,-109.62573358187768,1.4215561399269274,1.2176391039633272,-1.4878692735420316,-0.0602281690597124,-0.062423624839169634,0.5898918,0.35358182,97,1.0,445654.73846551386,5696585.2854876155,474.6094018443706,0.10885540983872488,-0.47720419615507126,-0.16962037242626593,-109.62573358183573,1.421556140393606,1.2176391052118443,-1.4878692735000811,-0.06022816859302793,-0.06242362359063236,0.5898918,0.35358182,445654.629610104,5696585.762691812,474.7790222167969,-108.13786430833565,1.4817843089866303,1.28006272880249,823,frame_000823.png
8000,8000,100,84,0.84,84,1.0,84,81,0.9642857142857143,445654.7377051325,5696585.26676157,474.6091378149373,0.10428502113791183,-0.4884485434740782,-0.16622229248457643,-109.54390389762409,1.6311033807892106,1.0223566455769106,-1.465142908185669,-0.05627225763421961,-0.2768207593941554,0.5461741,0.3101751,81,0.9642857142857143,445654.7377051323,5696585.26676157,474.60913781488597,0.10428502090508118,-0.4884485434740782,-0.16622229253590604,-109.54390389772443,1.6311033825027823,1.0223566449946262,-1.4651429082859977,-0.05627225592064633,-0.27682075997643096,0.5461741,0.3101751,445654.6334201114,5696585.755210114,474.7753601074219,-108.07876098943842,1.6873756384234189,1.2991774049710576,824,frame_000824.png
8000,8000,110,95,0.8636363636363636,95,1.0,95,95,1.0,445654.74877291155,5696585.264397846,474.61634463429414,0.10708422563038766,-0.4705441137775779,-0.16472226023716985,-109.63019464319167,2.0063501487212436,0.8944763031382029,-1.4028069650078692,-0.03636131618529248,-0.6208414596476075,0.57167476,0.35471454,95,1.0,445654.74877291167,5696585.264397846,474.61634463428373,0.10708422574680299,-0.4705441137775779,-0.1647222602475722,-109.63019464318386,2.0063501492595264,0.8944763039586466,-1.4028069650000248,-0.036361315647013726,-0.620841458827158,0.57167476,0.35471454,445654.6416886859,5696585.734941959,474.7810668945313,-108.22738767818382,2.0427114649065445,1.5153177627858165,825,frame_000825.png
8000,8000,103,87,0.8446601941747572,87,1.0,87,83,0.9540229885057471,445654.7425040133,5696585.215626996,474.61478881399506,0.10127631761133671,-0.502545528113842,-0.17015381295806264,-109.3233802008261,1.7960614420886922,1.3545977777408182,-1.3630553705206125,0.10323379230706564,0.24455060213057322,0.50945646,0.30161384,83,0.9540229885057471,445654.74250401306,5696585.215626996,474.6147888140101,0.10127631737850606,-0.502545528113842,-0.17015381294299914,-109.32338020089406,1.796061441699768,1.3545977762708827,-1.3630553705885688,0.10323379191814297,0.24455060066065926,0.50945646,0.30161384,445654.6412276957,5696585.718172524,474.7849426269531,-107.9603248303055,1.692827649781635,1.1100471756102352,826,frame_000826.png
8000,8000,104,84,0.8076923076923077,84,1.0,84,84,1.0,445654.74173913716,5696585.211248268,474.62240546536924,0.10981077468022704,-0.47451804112643003,-0.16534477877138443,-109.30583945846439,1.6291183754889276,0.7582078961994965,-1.329562212394677,-0.05184523237684857,-1.0174223237355875,0.5280198,0.28842422,84,1.0,445654.7417391372,5696585.211248268,474.6224054653704,0.1098107747384347,-0.47451804112643003,-0.16534477877024756,-109.30583945845851,1.6291183754258356,0.758207896288331,-1.3295622123887938,-0.051845232439944766,-1.0174223236467697,0.5280198,0.28842422,445654.6319283625,5696585.6857663095,474.7877502441406,-107.97627724606971,1.680963607865785,1.7756302199350915,827,frame_000827.png
8000,8001,101,84,0.8316831683168316,84,1.0,84,84,1.0,445654.7194339834,5696585.205294827,474.62935650330047,0.09524464909918606,-0.47357163671404123,-0.1602858306839039,-109.27702868447294,1.1946946347441028,1.4026440491964298,-1.3303356950274292,-0.012851741663013172,0.4880893339824013,0.5590325,0.32278174,84,1.0,445654.71943398344,5696585.205294827,474.6293565032866,0.09524464915739372,-0.47357163671404123,-0.1602858306977737,-109.27702868446109,1.1946946351979004,1.4026440495398957,-1.3303356950156058,-0.01285174120923216,0.4880893343258492,0.5590325,0.32278174,445654.6241893343,5696585.678866464,474.7896423339844,-107.9466929894455,1.2075463764071188,0.9145547152140358,828,frame_000828.png
8001,8001,84,64,0.7619047619047619,64,1.0,64,61,0.953125,445654.7233269741,5696585.161682667,474.62464820607545,0.12358178599970415,-0.48947482369840145,-0.1661232782995512,-109.59554273961018,0.8623187057706538,1.58168441114041,-1.3551802715595045,-0.011772743628284843,0.6234876466128583,0.6083351,0.32426357,61,0.953125,445654.7233269743,5696585.161682667,474.6246482060758,0.1235817862325348,-0.48947482369840145,-0.16612327829921014,-109.59554273953533,0.862318705219478,1.5816844120324758,-1.3551802714846417,-0.011772744179438632,0.623487647504902,0.6083351,0.32426357,445654.5997451881,5696585.651157491,474.790771484375,-108.24036246805069,0.8740914493989278,0.9581967645275641,829,frame_000829.png
8000,8000,81,67,0.8271604938271605,67,1.0,67,67,1.0,445654.6664500812,5696585.155963298,474.6351084392464,0.09853664558613673,-0.4982655616477132,-0.17855122872242646,-109.55406713147929,1.8935278411925174,1.9711578679334878,-1.3604054844831523,0.22565032730159373,1.4080884965491691,0.54251677,0.2859957,67,1.0,445654.6664500812,5696585.155963298,474.63510843924166,0.09853664558613673,-0.4982655616477132,-0.17855122872714446,-109.55406713148676,1.89352784130036,1.971157867927481,-1.3604054844906273,0.22565032740945412,1.4080884965431721,0.54251677,0.2859957,445654.56791343563,5696585.65422886,474.8136596679688,-108.19366164699613,1.6678775138909192,0.563069371384307,830,frame_000830.png
8000,8001,88,75,0.8522727272727273,75,1.0,75,74,0.9866666666666667,445654.6600784798,5696585.178912086,474.64660113025496,0.10281836643116549,-0.47504578810185194,-0.17587811779191043,-109.72364052670686,1.8570748758534494,2.2469973056203694,-1.3491015277503493,0.03920537795471546,2.0647383578941003,0.5647116,0.35897622,74,0.9866666666666667,445654.6600784736,5696585.178912078,474.64660112852613,0.10281836026115343,-0.4750457964837551,-0.17587811952074617,-109.72364052903252,1.857074932096182,2.2469972894173718,-1.349101530075984,0.03920543419744149,2.064738341691111,0.5647116,0.35897622,445654.55726011336,5696585.6539578745,474.8224792480469,-108.37453899895652,1.8178694978987429,0.18225894772626747,831,frame_000831.png
8000,8000,93,75,0.8064516129032258,75,1.0,75,75,1.0,445654.6412576246,5696585.180773392,474.65046556511976,0.09242392843589187,-0.4760320382192731,-0.1734174915208655,-109.55282026077221,1.1591578288678064,2.12446185410336,-1.339516637168856,-0.07295855405072871,1.8724950799812916,0.5518263,0.31917122,75,1.0,445654.6412576246,5696585.180773392,474.6504655651192,0.09242392843589187,-0.4760320382192731,-0.17341749152143393,-109.55282026077255,1.1591578288846907,2.1244618541216655,-1.339516637169197,-0.07295855403384621,1.8724950799995952,0.5518263,0.31917122,445654.5488336962,5696585.656805431,474.8238830566406,-108.21330362360335,1.232116382918549,0.2519667741220662,832,frame_000832.png
8000,8000,105,81,0.7714285714285715,81,1.0,81,81,1.0,445654.62849948875,5696585.167009181,474.6436001218655,0.09296254499349743,-0.48885479662567377,-0.175308569540789,-109.35253352020831,1.4970722197051096,3.0068798961793037,-1.3494848352789006,0.0593574562823278,3.5845105458835462,0.52881587,0.30935827,81,1.0,445654.6284994887,5696585.167009181,474.64360012185665,0.09296254493528977,-0.48885479662567377,-0.17530856954965657,-109.35253352022565,1.4970722199622437,3.006879896107812,-1.3494848352962379,0.05935745653945901,3.584510545812037,0.52881587,0.30935827,445654.53553694376,5696585.655863978,474.8189086914063,-108.00304868492941,1.4377147634227714,-0.5776306497042286,833,frame_000833.png
8000,8000,104,77,0.7403846153846154,77,1.0,77,77,1.0,445654.63486517075,5696585.177012055,474.63172330221795,0.10228459670906886,-0.49184655398130417,-0.18288241067267563,-109.76911378690679,2.0407840698124455,1.6902456121164067,-1.3518995555524498,0.11852693540396331,0.9566673257665457,0.53579426,0.2880988,77,1.0,445654.63486517075,5696585.177012055,474.6317233022305,0.10228459670906886,-0.49184655398130417,-0.18288241066011324,-109.76911378690994,2.0407840695824664,1.6902456119062095,-1.3518995555556046,0.11852693517400326,0.9566673255563387,0.53579426,0.2880988,445654.53258057404,5696585.668858609,474.8146057128906,-108.41721423135434,1.9222571344084767,0.7335782863498695,834,frame_000834.png
8000,8000,101,81,0.801980198019802,81,1.0,81,77,0.9506172839506173,445654.6400556631,5696585.211222797,474.6307617998964,0.10071510123088956,-0.47140099480748177,-0.17621451846298442,-109.94676299928118,2.5599930561705797,1.3206181125884817,-1.3304601568156613,0.05965746475200717,0.3222548904654161,0.53713137,0.2804407,77,0.9506172839506173,445654.6400556617,5696585.211222796,474.6307617995878,0.10071509977569804,-0.47140099573880434,-0.17621451877158734,-109.94676299998069,2.5599930659277916,1.3206181074850019,-1.3304601575151764,0.05965747450923686,0.3222548853619571,0.53713137,0.2804407,445654.5393405619,5696585.6826237915,474.8069763183594,-108.61630284246552,2.5003355914185685,0.9983632221230548,835,frame_000835.png
8000,8000,87,69,0.7931034482758621,69,1.0,69,69,1.0,445654.640101512,5696585.226667128,474.62677366459513,0.10327818209771067,-0.47024036664515734,-0.18334596431117234,-109.90217676778896,2.686336846253614,2.9073744607433216,-1.3929773323781092,-0.025663100031437125,3.3796547583007452,0.536071,0.36296186,69,1.0,445654.640101512,5696585.226667128,474.6267736645939,0.10327818209771067,-0.47024036664515734,-0.1833459643124229,-109.9021767677932,2.6863368463015598,2.9073744607116203,-1.3929773323823724,-0.0256630999834897,3.3796547582690266,0.536071,0.36296186,445654.5368233299,5696585.696907494,474.8101196289063,-108.50919943541084,2.711999946285045,-0.47228029755741935,836,frame_000836.png
8000,8000,93,77,0.8279569892473119,77,1.0,77,77,1.0,445654.6132138438,5696585.271880094,474.63160886539583,0.08573841687757522,-0.4452613443136215,-0.18397340999479184,-109.75735244377697,3.2964068017732218,3.2906929591925,-1.3825480518155757,-0.04967270391014722,4.246853086390075,0.5574585,0.3139018,77,1.0,445654.61321384396,5696585.271880094,474.6316088653706,0.0857384170521982,-0.4452613443136215,-0.18397341002003031,-109.75735244378822,3.296406801973253,3.2906929603577435,-1.3825480518268307,-0.04967270371011523,4.2468530875553085,0.5574585,0.3139018,445654.5274754269,5696585.717141438,474.8155822753906,-108.37480439196139,3.3460795056833805,-0.9561601271975713,837,frame_000837.png
8001,8000,100,83,0.83,83,1.0,83,79,0.9518072289156626,445654.6002449046,5696585.266855425,474.6178825300839,0.0887379283667542,-0.48425308614969254,-0.19660111249424972,-109.81864297722183,3.7978253990593323,2.8279136047060875,-1.3663542074204997,0.06259846329695051,3.2010258828938163,0.49673665,0.2617223,79,0.9518072289156626,445654.60024490464,5696585.266855424,474.6178825300096,0.08873792842496186,-0.4842530870810151,-0.19660111256854407,-109.81864297729827,3.7978254009425902,2.8279136056617062,-1.3663542074969257,0.0625984651802014,3.201025883849411,0.49673665,0.2617223,445654.5115069762,5696585.751108511,474.8144836425781,-108.45228876980134,3.7352269357623875,-0.37311227818771797,838,frame_000838.png
8000,8000,97,73,0.7525773195876289,73,1.0,73,72,0.9863013698630136,445654.5705566606,5696585.293497319,474.6189157263766,0.07204677839763463,-0.47055171243846416,-0.1896475060452758,-109.60486496304955,3.2270619708887622,3.993638025898272,-1.44026554458776,0.19350805473075638,5.711878250485341,0.44411743,0.26404864,72,0.9863013698630136,445654.5705566606,5696585.293497319,474.6189157263536,0.07204677839763463,-0.47055171243846416,-0.1896475060682974,-109.60486496306554,3.227061971385695,3.993638026218307,-1.4402655446037613,0.19350805522768155,5.711878250805398,0.44411743,0.26404864,445654.4985098822,5696585.764049032,474.8085632324219,-108.16459941846178,3.0335539161580165,-1.7182402245870816,839,frame_000839.png
8000,8001,102,89,0.8725490196078431,89,1.0,89,89,1.0,445654.60285482334,5696585.328182024,474.62683245774866,0.12846307415748015,-0.45107019506394863,-0.18420269850133764,-108.74429695399097,3.8166253715897085,2.042121001379742,-1.4131659255897944,0.23495980704834096,2.0217061396060387,0.5742433,0.3671442,89,1.0,445654.6028548238,5696585.328182024,474.626832457696,0.12846307462314144,-0.45107019506394863,-0.18420269855397464,-108.74429695401165,3.8166253734898894,2.042121004707932,-1.4131659256104854,0.2349598089485312,2.0217061429342493,0.5742433,0.3671442,445654.4743917492,5696585.779252219,474.81103515625,-107.33113102840116,3.581665564541366,0.020414861773694584,840,frame_000840.png
8000,8001,103,83,0.8058252427184466,83,1.0,83,83,1.0,445654.64700641244,5696585.330385839,474.62219084380064,0.1137832414242439,-0.47040883637964725,-0.19104157807436195,-108.48854420185184,4.4461621804146585,1.1021311420301938,-1.4539185873990732,-0.03784007612290452,-0.09888480758212381,0.5083452,0.24989878,83,1.0,445654.64700641244,5696585.330385838,474.6221908437807,0.1137832414242439,-0.47040883731096983,-0.191041578094314,-108.48854420187811,4.4461621811047305,1.1021311421639173,-1.4539185874253349,-0.037840075432825415,-0.09888480744839967,0.5083452,0.24989878,445654.533223171,5696585.800794675,474.813232421875,-107.03462561445278,4.484002256537563,1.2010159496123258,841,frame_000841.png
8000,8000,108,84,0.7777777777777778,84,1.0,84,84,1.0,445654.67233197176,5696585.32468313,474.6229011351616,0.1242100905510597,-0.4824708513915539,-0.19414598397901273,-108.95700268255055,5.454943656641627,1.6205021766646304,-1.421804499353982,0.17978365409285857,0.8602026384842247,0.52816564,0.29866698,84,1.0,445654.6723319716,5696585.324683131,474.6229011351924,0.12421009037643671,-0.4824708504602313,-0.1941459839482036,-108.95700268254335,5.454943656101074,1.6205021756496976,-1.4218044993467913,0.17978365355230608,0.8602026374692855,0.52816564,0.29866698,445654.5481218812,5696585.807153981,474.8170471191406,-107.53519818319656,5.27516000254877,0.7602995381804047,842,frame_000842.png
8000,8000,113,94,0.831858407079646,94,1.0,94,94,1.0,445654.6893421588,5696585.363547645,474.6338918237625,0.10323120595421642,-0.456830732524395,-0.18861794186250336,-109.66468078683901,3.8803734610643046,1.8816289148462186,-1.4125585205915172,-0.14791595480565434,1.408744050615411,0.55375564,0.35063502,94,1.0,445654.68934215955,5696585.363547644,474.63389182371475,0.10323120671091601,-0.45683073345571756,-0.18861794191025183,-109.66468078696413,3.880373463083084,1.881628920147124,-1.4125585207166296,-0.14791595278686032,1.4087440559163156,0.55375564,0.35063502,445654.58611095283,5696585.820378377,474.822509765625,-108.25212226624751,4.028289415869947,0.4728848642308045,843,frame_000843.png
8000,8000,119,92,0.773109243697479,92,1.0,92,90,0.9782608695652174,445654.67163041345,5696585.36979114,474.6216789873779,0.08206303411861882,-0.46375725511461496,-0.20305856145023427,-109.90292607668982,4.497204225976507,1.588137366065558,-1.4328423935863839,0.09213376753180569,0.8913670560541789,0.5054853,0.26224944,90,0.9782608695652174,445654.6716304134,5696585.36979114,474.62167898735964,0.08206303406041116,-0.46375725511461496,-0.203058561468481,-109.90292607670317,4.497204226455139,1.5881373658713194,-1.432842393599742,0.09213376801042727,0.8913670558599449,0.5054853,0.26224944,445654.5895673793,5696585.833548395,474.8247375488281,-108.47008368310344,4.405070458444707,0.6967703100113806,844,frame_000844.png
8000,8000,99,84,0.8484848484848485,84,1.0,84,83,0.9880952380952381,445654.65869072924,5696585.364437893,474.62652792295745,0.0980517006246373,-0.47145721036940813,-0.1898783270425497,-109.62740285294569,3.743805481070221,2.2694225487798834,-1.4321254438851838,-0.03344060072393518,2.189077534469277,0.5484798,0.30388135,83,0.9880952380952381,445654.6586907293,5696585.364437893,474.62652792292255,0.09805170068284497,-0.47145721036940813,-0.18987832707745156,-109.62740285297458,3.743805482051887,2.2694225494878273,-1.4321254439140887,-0.033440599742277755,2.1890775351772334,0.5484798,0.30388135,445654.5606390286,5696585.835895103,474.81640625,-108.1952774090605,3.7772460817941638,0.0803450143106039,845,frame_000845.png
8000,8000,117,89,0.7606837606837606,89,1.0,89,83,0.9325842696629213,445654.6353233981,5696585.311318142,474.61827981994384,0.08036854898091406,-0.5121877584606409,-0.19574605896247022,-109.42002981728882,3.8003468471926034,1.8754974158234685,-1.4241682608713404,0.24822202841141916,1.4265574754672343,0.4951853,0.21045624,83,0.9325842696629213,445654.63532339805,5696585.311318142,474.61827981995646,0.0803685489227064,-0.5121877584606409,-0.19574605894985098,-109.42002981728075,3.800346846722001,1.8754974151967332,-1.4241682608632686,0.2482220279408125,1.4265574748405072,0.4951853,0.21045624,445654.5549548491,5696585.823505901,474.8140258789063,-107.99586155641748,3.5521248187811856,0.44893994035623125,846,frame_000846.png
8001,8000,108,96,0.8888888888888888,96,1.0,96,96,1.0,445654.6621294089,5696585.322337977,474.6313905197581,0.10638156515778974,-0.4871586551889777,-0.17915635524190066,-109.30213358925275,2.7613794790208464,1.4987895861778056,-1.4323255344427253,-0.06476330169357425,0.6473830300134296,0.55578095,0.27825788,96,1.0,445654.662129409,5696585.322337977,474.63139051974866,0.1063815652159974,-0.4871586551889777,-0.17915635525133666,-109.30213358926244,2.761379479307725,1.4987895862927152,-1.432325534452417,-0.06476330140671394,0.6473830301283385,0.55578095,0.27825788,445654.55574784375,5696585.809496632,474.810546875,-107.86980805481002,2.82614278071443,0.8514065561643654,847,frame_000847.png
8001,8001,96,76,0.7916666666666666,76,1.0,76,71,0.9342105263157895,445654.66458944185,5696585.293590082,474.6273813268228,0.10480166057823226,-0.4998267823830247,-0.18163966927096453,-109.42096903538236,3.584176459785163,1.2872411894512985,-1.411383371746723,-0.06408695318836521,0.2155866404557969,0.54914063,0.29566303,71,0.9342105263157895,445654.66458944185,5696585.293590082,474.6273813268,0.10480166057823226,-0.4998267823830247,-0.18163966929375874,-109.42096903540903,3.5841764605833273,1.2872411896031413,-1.411383371773411,-0.06408695239019835,0.21558664060762567,0.54914063,0.29566303,445654.55978778127,5696585.793416864,474.80902099609375,-108.00958566363563,3.6482634129735185,1.0716545489955078,848,frame_000848.png
8000,8001,127,112,0.8818897637795275,112,1.0,112,112,1.0,445654.68678938353,5696585.30545641,474.6385921357139,0.10727220930857584,-0.46791031397879124,-0.18400918264546817,-109.37247728808542,4.402378376529058,0.7890847299883499,-1.441599893265618,0.0395752307405246,-0.6786045580412292,0.5983294,0.33056605,112,1.0,445654.6867893835,5696585.30545641,474.63859213568713,0.10727220925036818,-0.46791031397879124,-0.18400918267224142,-109.37247728813472,4.4023783775354755,0.7890847302055578,-1.4415998933149012,0.039575231746937334,-0.6786045578240021,0.5983294,0.33056605,445654.5795171742,5696585.773366724,474.8226013183594,-107.93087739481982,4.362803145788528,1.4676892880295702,849,frame_000849.png
8000,8001,103,76,0.7378640776699029,76,1.0,76,76,1.0,445654.6829539547,5696585.288452853,474.6368368428211,0.09516568656545132,-0.47355431970208883,-0.18512360639772396,-109.43907550449119,3.527455163825228,1.5777921360947114,-1.4364016127047137,-0.18400834721077786,0.7590145059405984,0.5332853,0.29087552,76,1.0,445654.6829539547,5696585.288452853,474.6368368428307,0.09516568656545132,-0.47355431970208883,-0.18512360638811742,-109.43907550448063,3.527455163571434,1.5777921360421086,-1.4364016126941692,-0.18400834746458372,0.7590145058879898,0.5332853,0.29087552,445654.5877882681,5696585.762007173,474.8219604492188,-108.00267389178647,3.711463511036017,0.81877763015412,850,frame_000850.png
8000,8000,92,77,0.8369565217391305,77,1.0,77,77,1.0,445654.70522720617,5696585.288268736,474.63946749357723,0.11920253868447617,-0.4665609039366245,-0.18935941071964635,-109.49281776672602,4.341811627454527,1.0001146854347311,-1.4225106380667967,-0.09064962812342969,-0.37774070912431057,0.5427148,0.28132787,77,1.0,445654.7052272062,5696585.288268736,474.6394674935729,0.11920253874268383,-0.4665609039366245,-0.18935941072396645,-109.49281776673712,4.341811627593749,1.0001146858454388,-1.4225106380778811,-0.09064962798422016,-0.37774070871361687,0.5427148,0.28132787,445654.5860246675,5696585.75482964,474.8288269042969,-108.07030712865924,4.4324612555779614,1.3778553945590453,851,frame_000851.png
8001,8001,110,83,0.7545454545454545,83,1.0,83,82,0.9879518072289156,445654.68232065573,5696585.245701989,474.63164240663014,0.10272419784450904,-0.497126798145473,-0.1977643316511717,-109.57647562650551,4.338753172066315,1.33702064441996,-1.500112420046321,0.16621605459647526,0.25467777758683496,0.53120196,0.2702315,82,0.9879518072289156,445654.68232065573,5696585.245701989,474.6316424066164,0.10272419784450904,-0.497126798145473,-0.1977643316649278,-109.57647562652576,4.338753172441593,1.3370206444907091,-1.5001124200665572,0.1662160549717555,0.2546777776575766,0.53120196,0.2702315,445654.5795964579,5696585.742828787,474.8294067382813,-108.0763632064592,4.172537117469839,1.0823428668331272,852,frame_000852.png
8000,8000,106,82,0.7735849056603774,82,1.0,82,82,1.0,445654.6714683204,5696585.228587235,474.631981417894,0.09795761841814965,-0.5057564545422792,-0.19840188288731042,-109.77611327874918,3.5740213270560015,1.4758608380270806,-1.4953414680975925,0.24378819410461006,0.5999049188475283,0.49334034,0.28370345,82,1.0,445654.6714683205,5696585.228587235,474.6319814178904,0.09795761847635731,-0.5057564545422792,-0.19840188289089156,-109.7761132787459,3.574021327203585,1.4758608384553977,-1.495341468094324,0.243788194252204,0.5999049192758434,0.49334034,0.28370345,445654.573510702,5696585.73434369,474.8303833007813,-108.28077181065157,3.330233132951383,0.8759559191795561,853,frame_000853.png
8000,8000,98,85,0.8673469387755102,85,1.0,85,85,1.0,445654.6668228276,5696585.245724758,474.6401738354508,0.09959385776892304,-0.4741888213902712,-0.18761547118981525,-109.62165616344184,3.597567309295857,1.917938538380221,-1.445602001433116,-0.06443077173653933,1.5092931570005703,0.553774,0.2980621,85,1.0,445654.66682282765,5696585.245724758,474.64017383543825,0.0995938578271307,-0.4741888213902712,-0.18761547120237765,-109.62165616346299,3.597567309723744,1.9179385387789651,-1.4456020014542617,-0.06443077130865049,1.509293157399327,0.553774,0.2980621,445654.5672289698,5696585.7199135795,474.8277893066406,-108.17605416200873,3.661998081032383,0.4086453813796374,854,frame_000854.png
8000,8000,103,85,0.8252427184466019,85,1.0,85,84,0.9882352941176471,445654.65222414146,5696585.166513441,474.6218059811154,0.09336173249175772,-0.5074463607743382,-0.17381779818146015,-109.95898314072323,2.3254568190710536,0.14966283271330738,-1.423559461210175,0.20133657584261755,-1.9962169756438755,0.52776736,0.28666195,84,0.9882352941176471,445654.6522241415,5696585.16651344,474.6218059811042,0.09336173254996538,-0.5074463617056608,-0.1738177981926583,-109.95898314072473,2.32545681960893,0.14966283324188315,-1.4235594612116529,0.2013365763804984,-1.996216975115317,0.52776736,0.28666195,445654.558862409,5696585.673959802,474.7956237792969,-108.53542367951307,2.1241202432284307,2.145879808357196,855,frame_000855.png
8001,8002,90,73,0.8111111111111111,73,1.0,73,70,0.958904109589041,445654.6261240128,5696585.144973988,474.6300856244449,0.10148877336177975,-0.49957907013595104,-0.1874802935238904,-109.15229253431015,3.3983329594722,2.0259667275946245,-1.3577732807253824,0.1604734555357652,1.7256059547985672,0.5150919,0.31494778,70,0.958904109589041,445654.62612400646,5696585.144973971,474.63008562147485,0.10148876701714471,-0.4995790868997574,-0.18748029649395903,-109.1522925381235,3.3983330597557964,2.0259667248670823,-1.3577732845387231,0.16047355581935108,1.725605952071021,0.5150919,0.31494778,445654.52463523945,5696585.644553058,474.8175659179688,-107.79451925358478,3.237859503936447,0.30036077279606216,856,frame_000856.png
8000,8000,93,68,0.7311827956989247,68,1.0,68,68,1.0,445654.6209906642,5696585.135678681,474.63281490844565,0.10525616991799325,-0.5030129905790091,-0.1896948571793473,-109.05046723675159,2.7043309383861014,2.5823199114380833,-1.4903136401101733,-0.0998882434309678,2.655952309386805,0.5290808,0.26780027,68,1.0,445654.6209906642,5696585.135678681,474.63281490843326,0.10525616991799325,-0.5030129905790091,-0.18969485719173917,-109.0504672367701,2.704330938688045,2.582319911434519,-1.4903136401287043,-0.09988824312901556,2.6559523093832524,0.5290808,0.26780027,445654.51573449426,5696585.638691671,474.822509765625,-107.56015359664141,2.80421918181706,-0.07363239794872671,857,frame_000857.png
8001,8000,98,68,0.6938775510204082,68,1.0,68,68,1.0,445654.6581646955,5696585.142210762,474.63965625781134,0.12767073116265237,-0.47532403469085693,-0.18041210156366105,-109.26985117402178,3.002991564372058,0.33133277288029983,-1.4591835976169136,0.00518090877233135,-1.8050042232324301,0.50306565,0.25778884,68,1.0,445654.6581646937,5696585.142210761,474.6396562575378,0.12767072935821488,-0.4753240356221795,-0.18041210183719159,-109.26985117413595,3.0029915722072085,0.3313327647818808,-1.459183597731112,0.005180916607486097,-1.8050042313308552,0.50306565,0.25778884,445654.5304939643,5696585.617534797,474.820068359375,-107.81066757640485,2.99781065559972,2.1363369961127336,858,frame_000858.png
8000,8001,96,78,0.8125,78,1.0,78,77,0.9871794871794872,445654.65984640137,5696585.10416002,474.6293295265667,0.11627369816415012,-0.5011911056935787,-0.18570343241765386,-109.4540258501222,3.0255327372976226,-0.16886446547321163,-1.4874585509605254,0.1010457180967137,-2.826938123661222,0.5223287,0.27090445,77,0.9871794871794872,445654.65984640137,5696585.10416002,474.62932952655825,0.11627369816415012,-0.5011911056935787,-0.18570343242612353,-109.45402585012869,3.025532737568982,-0.168864465378632,-1.4874585509670055,0.10104571836808418,-2.826938123566663,0.5223287,0.27090445,445654.5435727032,5696585.605351126,474.8150329589844,-107.96656729916168,2.9244870192009036,2.658073658188021,859,frame_000859.png
8000,8000,93,70,0.7526881720430108,70,1.0,70,70,1.0,445654.66328250675,5696585.08952729,474.63138040383404,0.10120499785989523,-0.4900053422898054,-0.1758705727284564,-109.29217201917469,2.9343970418900063,1.0123220510161668,-1.3947081266715884,0.032316539536054734,-0.2208862022184519,0.5885988,0.31628108,70,1.0,445654.66328250675,5696585.08952729,474.63138040383546,0.10120499785989523,-0.4900053422898054,-0.17587057272703532,-109.29217201917086,2.934397041819183,1.0123220511414117,-1.3947081266677515,0.032316539465227834,-0.22088620209319743,0.5885988,0.31628108,445654.5620775089,5696585.579532633,474.8072509765625,-107.8974638925031,2.9020805023539453,1.2332082532346185,860,frame_000860.png
8000,8000,88,64,0.7272727272727273,64,1.0,64,64,1.0,445654.6703982657,5696585.108756509,474.6381174887722,0.1137574587482959,-0.451119726523757,-0.17456561669661141,-109.17708626083356,2.479167539063485,0.48459131317868487,-1.2773941891185245,-0.10582714745973476,-1.2979827079097674,0.5767199,0.23713575,64,1.0,445654.6703982659,5696585.108756508,474.63811748873815,0.11375745892291889,-0.45111972745507956,-0.17456561673066062,-109.17708626099963,2.47916754212589,0.4845913150646239,-1.277394189284621,-0.10582714439732399,-1.2979827060238165,0.5767199,0.23713575,445654.55664080696,5696585.559876235,474.8126831054688,-107.89969207171502,2.58499468652321,1.7825740210884393,861,frame_000861.png
8000,8000,102,85,0.8333333333333334,85,1.0,85,84,0.9882352941176471,445654.62367938436,5696585.1030373825,474.6389942264016,0.08020243159262463,-0.45690686721354723,-0.1791515255515037,-109.90401070766339,2.9527732298859077,1.9643843301430972,-1.3495935048267143,-0.0841711598191921,1.9207844989459204,0.52918607,0.26777256,84,0.9882352941176471,445654.62367938436,5696585.1030373825,474.6389942263997,0.08020243159262463,-0.45690686721354723,-0.17915152555343639,-109.90401070766589,2.9527732299461547,1.9643843301630157,-1.3495935048292154,-0.08417115975893807,1.920784498965844,0.52918607,0.26777256,445654.54347695276,5696585.55994425,474.8181457519531,-108.55441720283669,3.0369443897050896,0.04359983119717244,862,frame_000862.png
8000,8001,98,78,0.7959183673469388,78,1.0,78,78,1.0,445654.5622231355,5696585.072134363,474.6281769985797,0.05338514392497018,-0.4940855922177434,-0.19976489595160274,-109.459667194954,2.8894384747182595,4.4492638208531545,-1.3018308226541535,0.11102372914101011,6.533589482491976,0.6715375,0.52153677,78,1.0,445654.5622231355,5696585.072134363,474.62817699858743,0.05338514392497018,-0.4940855922177434,-0.19976489594387203,-109.45966719494689,2.889438474454448,4.449263820817464,-1.301830822647048,0.1110237288771998,6.533589482456307,0.6715375,0.52153677,445654.50883799157,5696585.566219956,474.8279418945313,-108.15783637229984,2.7784147455772517,-2.084325661638833,863,frame_000863.png
8000,8000,87,78,0.896551724137931,78,1.0,78,69,0.8846153846153846,445654.5293174608,5696585.097407055,474.62621111238957,0.07999514963012189,-0.4888440137729049,-0.18964582120418072,-109.84281582321094,2.4211678930483806,2.8619505744122224,-1.2389954588317664,0.17803589374926787,3.4436777676529857,0.5714184,0.28346708,69,0.8846153846153846,445654.5293174608,5696585.097407055,474.6262111123814,0.07999514963012189,-0.4888440137729049,-0.18964582121236617,-109.84281582322056,2.4211678932264933,2.861950574435548,-1.238995458841373,0.1780358939273583,3.4436777676762915,0.5714184,0.28346708,445654.44932231115,5696585.586251069,474.81585693359375,-108.60382036437919,2.243131999299121,-0.5817271932407506,864,frame_000864.png
8000,8001,105,82,0.780952380952381,82,1.0,82,78,0.9512195121951219,445654.4912799963,5696585.135483454,474.62963973401816,0.06696096976520494,-0.4608355835080147,-0.18041885973184435,-109.13745188411283,2.9104735567268754,4.121610959620584,-1.162487253144434,0.12095490749257465,5.366201657726549,0.55667156,0.31175986,78,0.9512195121951219,445654.491279998,5696585.135483453,474.6296397340095,0.0669609714532271,-0.46083558443933725,-0.18041885974048455,-109.13745188408318,2.910473557131086,4.121610969794154,-1.1624872531147616,0.1209549078967882,5.3662016679001,0.55667156,0.31175986,445654.4243190265,5696585.5963190375,474.81005859375,-107.97496463096842,2.7895186492343096,-1.2445906981059511,865,frame_000865.png
8000,8000,92,74,0.8043478260869565,74,1.0,74,74,1.0,445654.49980876036,5696585.135068813,474.62705744349716,0.09381522593321279,-0.4710436202585697,-0.20033513462783503,-109.59068519921217,3.058442396590722,3.7079098769353047,-1.287035306235481,-0.025106651361767263,5.011338321371454,0.52597445,0.33215556,74,1.0,445654.49980876,5696585.135068813,474.6270574434558,0.09381522558396682,-0.4710436202585697,-0.20033513466921704,-109.59068519928614,3.058442398369288,3.707909875721159,-1.2870353063094626,-0.02510664958322195,5.011338320157307,0.52597445,0.33215556,445654.4059935344,5696585.606112434,474.827392578125,-108.3036498929767,3.083549047952498,-1.3034284444361453,866,frame_000866.png
8001,8000,96,80,0.8333333333333334,80,1.0,80,80,1.0,445654.50338520523,5696585.159686978,474.62571416057074,0.09863484464585781,-0.46279268618673086,-0.19084467731988752,-109.76537882492268,2.7232121177911734,1.986782091227439,-1.263737922148323,-0.017332767549305572,1.7130681652934925,0.5413544,0.27458876,80,1.0,445654.50338520523,5696585.159686978,474.6257141605671,0.09863484464585781,-0.46279268618673086,-0.1908446773235255,-109.76537882492494,2.723212117924792,1.9867820912982372,-1.2637379221505967,-0.017332767415695116,1.713068165364291,0.5413544,0.27458876,445654.4047503606,5696585.622479664,474.8165588378906,-108.50164090277434,2.7405448853404826,0.27371392593393723,867,frame_000867.png
8000,8000,99,82,0.8282828282828283,82,1.0,82,81,0.9878048780487805,445654.4855666777,5696585.163246102,474.63087127185815,0.08508627186529338,-0.4817040413618088,-0.19514801525122039,-109.90958073672489,3.524936051977936,3.601945550013226,-1.3103653148496335,0.07199245865427883,4.805688878038495,0.50859594,0.32042956,81,0.9878048780487805,445654.4855666777,5696585.163246102,474.6308712718534,0.08508627186529338,-0.4817040413618088,-0.19514801525599523,-109.909580736729,3.5249360520891186,3.6019455500683737,-1.3103653148537546,0.07199245876546456,4.805688878093662,0.50859594,0.32042956,445654.40048040583,5696585.644950143,474.8260192871094,-108.59921542187526,3.452943593323651,-1.2037433280252763,868,frame_000868.png
8000,8000,98,83,0.8469387755102041,83,1.0,83,83,1.0,445654.4750469045,5696585.176845854,474.63579684990304,0.08123200270347297,-0.47783674765378237,-0.20181911689383014,-110.10087802216104,3.057011584267671,3.9610198965338332,-1.3065335587511981,0.005393912144086244,5.5872049859436,0.52858,0.30910152,83,1.0,445654.4750469044,5696585.176845853,474.6357968498499,0.08123200258705765,-0.47783674858510494,-0.20181911694697874,-110.10087802225232,3.0570115855886946,3.961019896054743,-1.3065335588424887,0.005393913465127298,5.587204985464524,0.52858,0.30910152,445654.3938149018,5696585.654682602,474.8376159667969,-108.79434446340983,3.0516176721235717,-1.6261850894097725,869,frame_000869.png
8000,8000,99,85,0.8585858585858586,85,1.0,85,82,0.9647058823529412,445654.4746409284,5696585.172785266,474.63426154378703,0.08890466782031581,-0.4919036300852895,-0.2035070109004664,-109.81016363943243,2.9274434711679937,4.1211417359811655,-1.4276774442386966,0.1215654419883947,6.098077611441653,0.5705955,0.34003708,82,0.9647058823529412,445654.4746409284,5696585.172785266,474.6342615437458,0.08890466782031581,-0.4919036300852895,-0.2035070109416779,-109.81016363946739,2.9274434721358937,4.1211417363683145,-1.4276774442736553,0.12156544295629601,6.098077611828813,0.5705955,0.34003708,445654.38573626056,5696585.664688896,474.8377685546875,-108.38248619519374,2.8058780291795857,-1.9769358754604947,870,frame_000870.png
8001,8000,108,72,0.6666666666666666,72,1.0,72,72,1.0,445654.4545837037,5696585.195804153,474.6344662298885,0.09234459366416559,-0.4818121241405606,-0.20568269589278998,-109.10190227165674,2.745217275878687,4.187458968062533,-1.3436051496375399,-0.051379672221969486,5.965018170744287,0.4917142,0.2894623,72,1.0,445654.4545837032,5696585.195804154,474.63446622997077,0.09234459314029664,-0.48181212320923805,-0.20568269581053755,-109.1019022717314,2.7452172744414645,4.18745896454809,-1.3436051497122037,-0.05137967365919849,5.965018167229829,0.4917142,0.2894623,445654.36223911005,5696585.677616277,474.8401489257813,-107.7582971220192,2.7965969481006545,-1.7775592026817526,871,frame_000871.png
8001,8000,84,67,0.7976190476190477,67,1.0,67,66,0.9850746268656716,445654.4951611089,5696585.2094496535,474.63337060694477,0.11055345193017274,-0.47930228523910046,-0.20586279149273423,-109.67660029298409,3.6422272059192764,1.8674114289838266,-1.3316100288104735,0.0711229324151077,1.3786791112738683,0.50232863,0.31528246,66,0.9850746268656716,445654.4951611089,5696585.2094496535,474.6333706069446,0.11055345193017274,-0.47930228523910046,-0.20586279149290476,-109.67660029298428,3.6422272059242538,1.8674114289910035,-1.331610028810644,0.0711229324200815,1.3786791112810306,0.50232863,0.31528246,445654.384607657,5696585.688751939,474.8392333984375,-108.34499026417363,3.5711042735041607,0.48873231770996034,872,frame_000872.png
8000,8002,104,83,0.7980769230769231,83,1.0,83,82,0.9879518072289156,445654.5248593147,5696585.230374032,474.6351778754228,0.11166467942530289,-0.46658596955239773,-0.18916294488968788,-109.50374329394413,3.5676276780061653,1.7104686058316625,-1.3487926777991959,-0.078528042969225,1.2215754702120876,0.54714304,0.3646643,82,0.9879518072289156,445654.5248593148,5696585.230374032,474.63517787542145,0.11166467948351055,-0.46658596955239773,-0.18916294489105212,-109.50374329394268,3.567627678038468,1.7104686059967034,-1.3487926777977464,-0.07852804293690951,1.221575470377104,0.54714304,0.3646643,445654.4131946353,5696585.696960001,474.8243408203125,-108.15495061614493,3.6461557209753823,0.4888931356195892,873,frame_000873.png
8001,8000,112,83,0.7410714285714286,83,1.0,83,83,1.0,445654.5542254211,5696585.225283916,474.63217353543695,0.12387629324803129,-0.48066684044897556,-0.208372118859927,-109.46043805677913,3.7790859397547125,3.54303257039383,-1.247530469433741,0.08899734859491559,4.704090832086592,0.5403718,0.28064346,83,1.0,445654.5542254212,5696585.225283916,474.63217353534134,0.12387629336444661,-0.48066684044897556,-0.20837211895553764,-109.4604380568737,3.7790859415116835,3.543032571607892,-1.2475304695283,0.08899735035188883,4.704090833300654,0.5403718,0.28064346,445654.43034912786,5696585.705950757,474.8405456542969,-108.2129075873454,3.690088591159793,-1.1610582616927478,874,frame_000874.png
8000,8000,108,88,0.8148148148148148,88,1.0,88,88,1.0,445654.51998776995,5696585.237584468,474.63454524314363,0.08518341806484386,-0.47088682372123003,-0.2020636435751726,-109.70413368552215,3.1950573121375263,3.1472160531846622,-1.3007887821025292,0.00042118887299125163,3.9930450835351223,0.530962,0.26738647,88,1.0,445654.51998776983,5696585.237584468,474.6345452430934,0.08518341794842854,-0.47088682372123003,-0.20206364362542217,-109.70413368557769,3.1950573134734372,3.147216052943947,-1.3007887821580653,0.00042119020889686,3.993045083294419,0.530962,0.26738647,445654.4348043519,5696585.708471292,474.8366088867188,-108.40334490341961,3.194636123264543,-0.8458290303504614,875,frame_000875.png
8000,8000,92,68,0.7391304347826086,68,1.0,68,68,1.0,445654.53079159145,5696585.251698112,474.63491706295156,0.09568364539882168,-0.4605315374210477,-0.19357414798594164,-109.62774771111225,3.4573552479600753,3.649423240738274,-1.2605904851340597,-0.01687878982181701,4.761949582231466,0.527392,0.29611585,68,1.0,445654.5307915915,5696585.251698112,474.6349170629388,0.09568364545702934,-0.4605315374210477,-0.19357414799867456,-109.62774771112171,3.457355248504457,3.6494232411174083,-1.2605904851435525,-0.016878789277456008,4.761949582610612,0.527392,0.29611585,445654.43510794605,5696585.71222965,474.8284912109375,-108.36715722597818,3.4742340377819043,-1.1125263414931914,876,frame_000876.png
8000,8001,117,89,0.7606837606837606,89,1.0,89,83,0.9325842696629213,445654.53194305743,5696585.246172425,474.6372888489641,0.10017865861300379,-0.46820261236280203,-0.19626827994221685,-109.32967704764361,3.1504749418009474,4.5433518729447355,-1.2544979966520486,-0.07938471824155613,6.74051800131312,0.4915845,0.22041535,83,0.9325842696629213,445654.5319430565,5696585.246172424,474.6372888488379,0.10017865768168122,-0.4682026132941246,-0.19626828006840924,-109.32967704804132,3.1504749464924764,4.543351869186094,-1.254497997049782,-0.0793847135500414,6.740517997554463,0.4915845,0.22041535,445654.4317643988,5696585.714375038,474.8335571289063,-108.07517905099155,3.229859660042508,-2.197166128368379,877,frame_000877.png
8001,8000,99,82,0.8282828282828283,82,1.0,82,80,0.975609756097561,445654.5281459202,5696585.251378994,474.63932255893144,0.10701854334911332,-0.4643818438053131,-0.19576044888106026,-109.12179793937908,2.884744695453421,4.336004632624042,-1.283522726590121,-0.13578637441298724,6.298165323876816,0.5317441,0.2562942,80,0.975609756097561,445654.5281459202,5696585.251378994,474.6393225589333,0.10701854334911332,-0.4643818438053131,-0.19576044887918442,-109.12179793937246,2.8847446953598914,4.336004632756795,-1.2835227265834988,-0.1357863745065231,6.298165324009574,0.5317441,0.2562942,445654.42112737685,5696585.715760838,474.8350830078125,-107.83827521278896,3.020531069866408,-1.9621606912527796,878,frame_000878.png
8000,8000,102,83,0.8137254901960784,83,1.0,83,82,0.9879518072289156,445654.5406281167,5696585.246935589,474.63334917494564,0.10747156164143234,-0.4594682389870286,-0.19154096177317115,-109.32812747319682,2.8303017037873657,2.26635759500382,-1.270827057720851,-0.11012251318970812,2.2938873657996623,0.5490268,0.28535533,82,0.9879518072289156,445654.5406281141,5696585.246935584,474.6333491738277,0.1074715590220876,-0.45946824457496405,-0.19154096289111067,-109.32812747447466,2.830301740404274,2.2663575921411443,-1.270827058998691,-0.11012247657279772,2.2938873629369994,0.5490268,0.28535533,445654.43315655505,5696585.706403828,474.8248901367188,-108.05730041547595,2.9404242169770805,-0.02752977079584644,879,frame_000879.png
8000,8000,97,79,0.8144329896907216,79,1.0,79,78,0.9873417721518988,445654.5671848684,5696585.218524703,474.62712109525046,0.12031504075275734,-0.4806258426979184,-0.18751513521834795,-109.48299870764912,3.09096010500377,2.454205390597238,-1.2834676780457244,-0.053061123178224534,2.5472111824250874,0.47067878,0.24910365,78,0.9873417721518988,445654.5671848689,5696585.218524702,474.62712109520646,0.12031504127662629,-0.480625843629241,-0.18751513526234476,-109.48299870775173,3.0909601074932413,2.454205394579096,-1.2834676781483267,-0.053061120688767005,2.547211186406969,0.47067878,0.24910365,445654.44686982763,5696585.6991505455,474.8146362304688,-108.1995310296034,3.144021228182004,-0.09300579182786044,880,frame_000880.png
8000,8001,88,71,0.8068181818181818,71,1.0,71,71,1.0,445654.57351862534,5696585.215950993,474.6240391110974,0.09632737666834146,-0.4743679650127888,-0.18601948265262536,-109.4555337864256,2.884062916602762,2.115966985776947,-1.3034745431186252,-0.002307323371979919,1.9809485198637447,0.53689206,0.29841393,71,1.0,445654.5735186256,5696585.215950993,474.6240391110634,0.0963273769011721,-0.4743679650127888,-0.18601948268661772,-109.45553378648917,2.8840629186510194,2.115966987866002,-1.3034745431822046,-0.0023073213237125856,1.9809485219527971,0.53689206,0.29841393,445654.4771912487,5696585.690318958,474.81005859375,-108.15205924330697,2.8863702399747364,0.13501846591321304,881,frame_000881.png
8000,8001,110,93,0.8454545454545455,93,1.0,93,92,0.989247311827957,445654.59219249355,5696585.215405244,474.62392399318094,0.10348194930702448,-0.4668290391564369,-0.18271663181906206,-109.23535979704884,3.109383595510385,2.3241795924085817,-1.3214956090973544,-0.04018032193897625,2.370844728303723,0.53740984,0.32931364,92,0.989247311827957,445654.5921924938,5696585.215405244,474.62392399317685,0.10348194953985512,-0.4668290391564369,-0.18271663182315478,-109.23535979704626,3.1093835957708906,2.324179593797179,-1.321495609094768,-0.04018032167846286,2.370844729692294,0.53740984,0.32931364,445654.48871054425,5696585.682234284,474.806640625,-107.91386418795149,3.1495639174493477,-0.04666513589512944,882,frame_000882.png
8001,8000,113,81,0.7168141592920354,81,1.0,81,81,1.0,445654.64266266854,5696585.204976831,474.61786051578275,0.13832357310457155,-0.4737390410155058,-0.18914632015474808,-109.34723302213769,3.6668657079839235,1.7304063908112548,-1.3360662667273573,0.0263551493344778,1.1837231211570156,0.5917522,0.327285,81,1.0,445654.6426626663,5696585.204976832,474.6178605156321,0.13832357083447278,-0.4737390400841832,-0.18914632030538314,-109.34723302200345,3.6668657088812515,1.730406377665939,-1.3360662665930931,0.02635515023180801,1.1837231080116908,0.5917522,0.327285,445654.50433909544,5696585.678715872,474.8070068359375,-108.01116675541034,3.640510558649448,0.5466832696542406,883,frame_000883.png
8001,8000,106,79,0.7452830188679245,79,1.0,79,77,0.9746835443037974,445654.6640904872,5696585.1733565,474.6068030554848,0.1002892084652558,-0.48556212056428194,-0.19333732537455717,-109.41763141455365,3.1645127964301434,0.9891553795008872,-1.3448146007602304,0.026157409221639227,-0.29935751371550623,0.5487188,0.3019531,77,0.9746835443037974,445654.66409049684,5696585.173356508,474.6068030573349,0.10028921812772751,-0.48556211311370134,-0.1933373235244744,-109.41763141228316,3.164512741591682,0.9891554172256156,-1.3448145984897337,0.026157354383173015,-0.29935747599077445,0.5487188,0.3019531,445654.5638012787,5696585.658918621,474.8001403808594,-108.07281681379341,3.1383553872084966,1.2885128932163834,884,frame_000884.png
8000,8000,107,79,0.7383177570093458,79,1.0,79,79,1.0,445654.6865949343,5696585.15176233,474.5987850642513,0.10998481168644503,-0.49968881346285343,-0.19976840254560102,-109.52819658853073,3.4002533274945645,0.8473400777190534,-1.3366737802080024,0.019636316620420757,-0.6676086404297905,0.48729253,0.27756634,79,1.0,445654.68659493426,5696585.15176233,474.5987850642052,0.10998481162823737,-0.49968881346285343,-0.19976840259170103,-109.5281965885799,3.4002533286700496,0.8473400778967886,-1.336673780257172,0.019636317795914238,-0.6676086402520411,0.48729253,0.27756634,445654.57661012263,5696585.651451143,474.7985534667969,-108.19152280832273,3.3806170108741407,1.5149487181488381,885,frame_000885.png
8000,8001,97,79,0.8144329896907216,79,1.0,79,79,1.0,445654.67891662585,5696585.163511672,474.58814766516366,0.09222821233561262,-0.48765747155994177,-0.20338675866446465,-109.71670951775191,4.426839750283795,1.9646331250492477,-1.4149192872583285,0.1978961419829659,1.4829536299219512,0.5769763,0.30135956,79,1.0,445654.6789166255,5696585.163511672,474.5881476650358,0.09222821198636666,-0.48765747155994177,-0.2033867587923055,-109.71670951801282,4.426839753542446,1.964633124066212,-1.4149192875192398,0.19789614524162857,1.4829536289389296,0.5769763,0.30135956,445654.5866884135,5696585.651169144,474.7915344238281,-108.30179023049358,4.228943608300825,0.48167949512729613,886,frame_000886.png
8000,8001,104,91,0.875,91,1.0,91,91,1.0,445654.67099638894,5696585.187589187,474.58540247408865,0.09780981176299974,-0.46454843413084745,-0.20832921536447202,-109.44947036033845,4.577572885112446,3.1031405667440777,-1.3901568707082106,-0.03392925369374211,3.8178525109721306,0.5599767,0.3051264,91,1.0,445654.6709963892,5696585.187589187,474.58540247409206,0.09780981199583039,-0.46454843413084745,-0.20832921536106142,-109.44947036035063,4.577572884911405,3.1031405678728143,-1.3901568707204035,-0.033929253894797284,3.817852512100842,0.5599767,0.3051264,445654.5731865772,5696585.652137621,474.7937316894531,-108.05931348963023,4.61150213880619,-0.7147119442280411,887,frame_000887.png
8000,8000,87,69,0.7931034482758621,69,1.0,69,69,1.0,445654.6930742688,5696585.170113139,474.56648343776936,0.11867657018592581,-0.47007299214601517,-0.19364839816813628,-109.42586418024335,3.188858029125208,1.2426550217525762,-1.3835000198783405,-0.11563998114240803,0.0630901134659041,0.52394366,0.30959445,69,1.0,445654.6930742688,5696585.170113139,474.5664834377694,0.11867657018592581,-0.47007299214601517,-0.19364839816807944,-109.42586418024133,3.188858029098534,1.242655021801244,-1.383500019876351,-0.1156399811690676,0.06309011351456206,0.52394366,0.30959445,445654.5743976986,5696585.640186131,474.7601318359375,-108.042364160365,3.3044980102676056,1.1795649082866853,888,frame_000888.png
8000,8000,79,63,0.7974683544303798,63,1.0,63,63,1.0,445654.743900625,5696585.110169658,474.56941183200445,0.1305599293555133,-0.4966792268678546,-0.19273416408930188,-109.1839188908576,3.672290301266551,0.05642111710591844,-1.3426842300128783,0.033179643774985834,-2.338976125331243,0.56942415,0.29524547,63,1.0,445654.74390062515,5696585.110169658,474.56941183193175,0.1305599295301363,-0.4966792268678546,-0.19273416416200462,-109.1839188908758,3.6722903036411965,0.05642111893183506,-1.3426842300310966,0.03317964614964808,-2.3389761235053186,0.56942415,0.29524547,445654.6133406956,5696585.606848885,474.76214599609375,-107.8412346608447,3.6391106574915555,2.3953972424371495,889,frame_000889.png
8000,8001,74,61,0.8243243243243243,61,1.0,61,61,1.0,445654.7421069796,5696585.128690228,474.5725577817208,0.11241543892538175,-0.4720042170956731,-0.19343342921672502,-109.26554789504912,3.667166460412268,0.4805552223742408,-1.3236964875441686,0.0270724184191522,-1.3020500006914233,0.5319839,0.31078175,61,1.0,445654.742106979,5696585.128690227,474.57255778165313,0.11241543834330514,-0.47200421802699566,-0.19343342928436869,-109.26554789515892,3.6671664625969678,0.48055521972673226,-1.3236964876539616,0.02707242060384374,-1.302050003338934,0.5319839,0.31078175,445654.6296915407,5696585.600694445,474.7659912109375,-107.94185140750496,3.640094041993122,1.7826052230656524,890,frame_000890.png
8001,8000,92,72,0.782608695652174,72,1.0,72,72,1.0,445654.75620174594,5696585.121298832,474.57520685329973,0.11439619603333995,-0.474928823299706,-0.19502630099714224,-109.27783465835594,3.6027577060887666,0.3191903128504371,-1.327520164903376,0.0306474203791538,-1.7068541853104762,0.5400891,0.3283805,72,1.0,445654.75620174594,5696585.121298832,474.5752068532988,0.11439619603333995,-0.474928823299706,-0.19502630099805174,-109.27783465835716,3.6027577061329223,0.31919031289407696,-1.3275201649046267,0.030647420423321137,-1.7068541852668488,0.5400891,0.3283805,445654.6418055499,5696585.596227655,474.7702331542969,-107.95031449345255,3.5721102857096017,2.0260444981609225,891,frame_000891.png
8001,8000,83,69,0.8313253012048193,69,1.0,69,69,1.0,445654.7644599211,5696585.089860586,474.57173053431427,0.11483303195564076,-0.4884317684918642,-0.1931925613888552,-109.41605213387942,3.117016533039645,0.12623207602569406,-1.3792680203807777,-0.0076559292868125794,-2.1242657173288535,0.5694131,0.34872228,69,1.0,445654.76445992134,5696585.0898605855,474.57173053424117,0.1148330321884714,-0.4884317694231868,-0.19319256146195585,-109.41605213389899,3.117016535706155,0.12623207816673945,-1.3792680204003318,-0.007655926620287801,-2.1242657151878177,0.5694131,0.34872228,445654.64962688915,5696585.578292355,474.7649230957031,-108.03678411349864,3.124672462326448,2.2504977933545582,892,frame_000892.png
8000,8000,99,79,0.797979797979798,79,1.0,79,77,0.9746835443037974,445654.7749409865,5696585.069053676,474.5763977300908,0.11433456966187805,-0.4826168352738023,-0.17793576600297456,-109.36585828155923,2.4001838971574156,-0.4417602906432387,-1.3615170389660136,-0.06367394123029158,-3.3071437474495156,0.5387079,0.3134455,77,0.9746835443037974,445654.7749409866,5696585.069053676,474.5763977300999,0.11433456977829337,-0.4826168352738023,-0.17793576599382277,-109.365858281547,2.400183896917142,-0.44176029011521084,-1.3615170389537923,-0.0636739414705687,-3.307143746921497,0.5387079,0.3134455,445654.6606064168,5696585.551670511,474.75433349609375,-108.00434124259321,2.463857838387706,2.865383456806291,893,frame_000893.png
8001,8000,92,69,0.75,69,1.0,69,69,1.0,445654.7732162437,5696585.042719307,474.5737169723846,0.11027827474754304,-0.5029605757445097,-0.18366828152170456,-109.27403959019323,2.980919277723495,0.1339582914335601,-1.3632207640196157,0.02651599205023558,-2.167080985105713,0.5486843,0.30965978,69,1.0,445654.77321624337,5696585.042719307,474.57371697237375,0.11027827439829707,-0.5029605757445097,-0.18366828153256165,-109.27403959027198,2.9809192776266946,0.1339582895172627,-1.3632207640983438,0.02651599195343124,-2.1670809870220182,0.5486843,0.30965978,445654.66293796897,5696585.545679883,474.7573852539063,-107.91081882617362,2.954403285673254,2.3010392765392713,894,frame_000894.png
8000,8000,74,60,0.8108108108108109,60,1.0,60,60,1.0,445654.7739407653,5696585.061859918,474.5767589712465,0.1090108040953055,-0.4863626481965184,-0.1871265268003981,-109.07728622656046,3.273684781648222,-0.13310392939767327,-1.2855142144206866,0.0935528610456231,-2.6299206091272254,0.4594123,0.24544814,60,1.0,445654.7739407653,5696585.061859918,474.5767589712413,0.1090108040953055,-0.4863626481965184,-0.18712652680557085,-109.07728622656155,3.273684781760784,-0.1331039293488678,-1.2855142144217666,0.09355286115817307,-2.6299206090784253,0.4594123,0.24544814,445654.6649299612,5696585.548222566,474.7638854980469,-107.79177201213977,3.1801319206026024,2.4968166797295606,895,frame_000895.png
8000,8000,82,61,0.7439024390243902,61,1.0,61,61,1.0,445654.78761417366,5696585.089573914,474.5850654304548,0.11565535719273612,-0.4678303161635995,-0.1827568351702098,-109.168647017493,3.505253433816515,-0.14210239490531357,-1.2899802603339197,-0.03776919931308953,-2.682330272303915,0.5390067,0.24709296,61,1.0,445654.78761413996,5696585.089573924,474.58506543020616,0.11565532349050045,-0.46783030591905117,-0.1827568354188429,-109.16864701830299,3.5052534428743556,-0.14210259056590396,-1.28998026114391,-0.037769190255261265,-2.682330467964505,0.5390067,0.24709296,445654.67195881647,5696585.55740423,474.767822265625,-107.87866675715908,3.543022633129609,2.5402278773986047,896,frame_000896.png
8000,8000,80,64,0.8,64,1.0,64,64,1.0,445654.7794242342,5696585.06969072,474.57759412003276,0.10364872962236404,-0.4986498989164829,-0.19062487410786844,-109.23452299619485,3.717680648831142,0.1972418729884798,-1.2323926701187702,0.09063316861278281,-1.910633445662171,0.58598053,0.31132007,64,1.0,445654.7794242334,5696585.06969072,474.57759412004776,0.10364872886566445,-0.4986498989164829,-0.19062487409286177,-109.23452299633188,3.7176806480405578,0.19724186805005203,-1.2323926702558197,0.09063316782220454,-1.910633450600585,0.58598053,0.31132007,445654.67577550455,5696585.568340619,474.7682189941406,-108.00213032607607,3.627047480218356,2.1078753186506396,897,frame_000897.png
8000,8000,81,60,0.7407407407407407,60,1.0,60,60,1.0,445654.79022705246,5696585.097942127,474.5877358903039,0.1140960871707648,-0.47959961649030447,-0.18329072102420696,-109.37101084901403,3.8898312746317862,0.3602094279955275,-1.2632556574936302,0.014912797554472945,-1.729629304748613,0.6151474,0.26465738,60,1.0,445654.7902270516,5696585.097942125,474.58773588987407,0.11409608629764989,-0.4795996183529496,-0.1832907214540569,-109.37101084956888,3.8898312861304043,0.3602094270359617,-1.2632556580484788,0.014912809053100773,-1.7296293057081868,0.6151474,0.26465738,445654.6761309653,5696585.577541743,474.7710266113281,-108.1077551915204,3.874918477077317,2.0898387327441355,898,frame_000898.png
8000,8001,91,74,0.8131868131868132,74,1.0,74,73,0.9864864864864865,445654.7762804943,5696585.126864038,474.595661992193,0.09990407282020897,-0.4621911747381091,-0.18534386718198448,-109.25969190196363,3.806698415888187,0.19903296740521434,-1.2452755763785888,-0.029161499624649423,-1.9611946299810938,0.5886207,0.28602216,73,0.9864864864864865,445654.7762804943,5696585.126864038,474.5956619921846,0.09990407282020897,-0.4621911747381091,-0.1853438671903973,-109.2596919019725,3.80669841617831,0.1990329676530146,-1.2452755763874563,-0.029161499334520613,-1.961194629733285,0.5886207,0.28602216,445654.67637642147,5696585.589055213,474.781005859375,-108.01441632558505,3.835859915512825,2.1602275973863065,899,frame_000899.png
8000,8000,69,51,0.7391304347826086,51,1.0,51,51,1.0,445654.7543722581,5696585.136865967,474.5963315123036,0.08304363070055842,-0.455984091386199,-0.17942532363389319,-109.25149056431407,3.115176456785254,-0.005465888926607234,-1.209203446360135,-0.024216514704562542,-2.2564523987037717,0.54337335,0.23958968,51,1.0,445654.7543722511,5696585.13686597,474.59633151128145,0.08304362371563911,-0.4559840885922313,-0.17942532465605154,-109.25149056290422,3.115176452948437,-0.005465932187307056,-1.2092034449502762,-0.024216518541379628,-2.256452441964484,0.54337335,0.23958968,445654.6713286274,5696585.592850058,474.7757568359375,-108.04228711795393,3.1393929714898237,2.2509865097771784,900,frame_000900.png
8000,8000,73,52,0.7123287671232876,52,1.0,52,52,1.0,445654.7603785855,5696585.093468014,474.59316522261764,0.09624421986518428,-0.4994251197203994,-0.19116705277298252,-109.32262089283687,3.3675357652672444,0.4969000745193048,-1.2514131504710235,0.17573432261545463,-1.439178666537714,0.5710097,0.30518368,52,1.0,445654.7603785845,5696585.093468013,474.59316522211975,0.09624421887565404,-0.49942512065172195,-0.19116705327087402,-109.3226208934206,3.3675357747762003,0.4969000721214752,-1.2514131510547486,0.1757343321244207,-1.43917866893554,0.5710097,0.30518368,445654.6641343656,5696585.592893134,474.7843322753906,-108.07120774236586,3.191801442651784,1.9360787410570073,901,frame_000901.png
8002,8000,77,63,0.8181818181818182,63,1.0,63,60,0.9523809523809523,445654.77687559905,5696585.141227556,474.60510539820336,0.11883075325749815,-0.4566548354923725,-0.17434406468726138,-109.39880131530741,2.941853028567064,0.5637926420139137,-1.2859093033365525,-0.22387189359000104,-1.4055017932131761,0.5976776,0.30162233,60,0.9523809523809523,445654.77687559807,5696585.141227529,474.6051053955431,0.11883075226796791,-0.4566548625007272,-0.17434406734753338,-109.39880132194602,2.941853173161117,0.5637926863998974,-1.2859093099751817,-0.22387174899594697,-1.4055017488271915,0.5976776,0.30162233,445654.6580448458,5696585.597882392,474.7794494628906,-108.11289201197084,3.165724922157055,1.969294435227083,902,frame_000902.png
8000,8001,88,65,0.7386363636363636,65,1.0,65,65,1.0,445654.7798261801,5696585.12398677,474.59539238165297,0.12175828538602218,-0.4837347296997905,-0.17578681756583592,-109.40561281824124,3.5000575140170747,-0.26179427596263205,-1.1799069214136182,0.048043144709794205,-2.970526768796816,0.52594143,0.32206059,65,1.0,445654.77982618083,5696585.1239867695,474.5953923816161,0.12175828614272177,-0.48373473063111305,-0.1757868176027273,-109.40561281835015,3.500057517940009,-0.2617942703984531,-1.1799069215225302,0.04804314863272907,-2.970526763232641,0.52594143,0.32206059,445654.6580678947,5696585.6077215,474.7711791992188,-108.22570589682762,3.4520143693072787,2.7087324928341774,903,frame_000903.png
8001,8000,85,63,0.7411764705882353,63,1.0,63,63,1.0,445654.7811750015,5696585.126490446,474.5900956584202,0.12267507996875793,-0.4840178098529577,-0.1803511189235678,-109.42829286131366,3.7670104461458256,-0.06444732722124952,-1.2120644652927695,0.06471141980986772,-2.5933621432401424,0.5665215,0.30355367,63,1.0,445654.7811750004,5696585.126490441,474.59009565750546,0.12267507886281237,-0.4840178145095706,-0.1803511198382921,-109.42829286216505,3.7670104719752344,-0.06444732454843574,-1.2120644661441418,0.06471144563928988,-2.5933621405673364,0.5665215,0.30355367,445654.65849992156,5696585.610508256,474.77044677734375,-108.21622839602091,3.7022990263359508,2.5289148160188977,904,frame_000904.png
8000,8000,66,44,0.6666666666666666,44,1.0,44,44,1.0,445654.7836615203,5696585.137037493,474.5833156435527,0.12598015926778316,-0.4781268462538719,-0.18258401465044471,-109.30225849584345,3.1809954875457103,0.6157088779059242,-1.1228407647324161,0.035596622778200526,-1.2563933018300872,0.55569357,0.3367691,44,1.0,445654.7836615208,5696585.137037493,474.5833156435129,0.1259801597916521,-0.4781268462538719,-0.1825840146902351,-109.30225849587018,3.1809954872438806,0.6157088807242407,-1.1228407647591325,0.03559662247636197,-1.256393299011762,0.55569357,0.3367691,445654.657681361,5696585.61516434,474.7658996582031,-108.17941773111104,3.145398864767515,1.8721021797360018,905,frame_000905.png
8001,8000,87,70,0.8045977011494253,70,1.0,70,70,1.0,445654.7487316341,5696585.117165771,474.59386509109424,0.10193969355896115,-0.4862914877012372,-0.17197353195263076,-110.18461755636294,2.613485311661268,-0.9882661157264407,-1.0409422492612919,0.19439609694777005,-4.350960913680865,0.5622499,0.33420005,70,1.0,445654.74873163423,5696585.117165771,474.59386509108305,0.10193969367537647,-0.4862914877012372,-0.17197353196382892,-110.18461755638289,2.6134853121224397,-0.9882661150652696,-1.040942249281244,0.1943960974089407,-4.350960913019691,0.5622499,0.33420005,445654.64679194055,5696585.603457259,474.7658386230469,-109.14367530710165,2.419089214713487,3.3626947979544135,906,frame_000906.png
8000,8000,86,66,0.7674418604651163,66,1.0,66,65,0.9848484848484849,445654.6454869361,5696585.089597899,474.6326555486648,0.06366036069812253,-0.5010738708078861,-0.1873517755540206,-109.99767136107081,2.229943785260904,4.823046014434759,-1.106099230576831,-0.012333917666495609,7.0902421551815,0.55506897,0.30126974,65,0.9848484848484849,445654.645486936,5696585.089597899,474.63265554860243,0.06366036058170721,-0.5010738708078861,-0.18735177561637784,-109.99767136117794,2.229943786921674,4.823046014251742,-1.106099230683924,-0.012333916005729861,7.090242154998492,0.55506897,0.30126974,445654.5818265754,5696585.590671769,474.8200073242188,-108.891572130494,2.2422777029273986,-2.2671961407467527,907,frame_000907.png
8001,8000,87,69,0.7931034482758621,69,1.0,69,69,1.0,445654.5650486179,5696585.0832047975,474.65563257753837,0.031656700710300356,-0.5046202819794416,-0.1813730376960052,-109.8718446036172,1.05968363464999,5.292223326720807,-1.0977351945308556,0.08601176029975477,8.159035013438768,0.50564045,0.31034794,69,1.0,445654.5650486118,5696585.083204801,474.65563257894206,0.03165669459849596,-0.5046202782541513,-0.18137303629231383,-109.87184460547209,1.059683626118319,5.292223287620274,-1.09773519638577,0.08601175176809761,8.159034974338226,0.50564045,0.31034794,445654.5333919172,5696585.587825079,474.8370056152344,-108.77410940908634,0.9736718743502336,-2.866811686717949,908,frame_000908.png
8000,8001,94,78,0.8297872340425532,78,1.0,78,78,1.0,445654.53811520716,5696585.11219806,474.6675078335496,0.08590593346161768,-0.4779757531359792,-0.18255930512225405,-109.78446999631574,0.886613895616367,4.547521980961233,-1.1029173256758327,-0.06572562999681963,6.6330792309479705,0.5771042,0.34716004,78,1.0,445654.5381152072,5696585.11219806,474.66750783354706,0.08590593351982534,-0.4779757531359792,-0.182559305124812,-109.78446999629604,0.8866138955201759,4.547521981350158,-1.102917325656108,-0.0657256300929987,6.633079231336893,0.5771042,0.34716004,445654.4522092737,5696585.5901738135,474.8500671386719,-108.68155267063992,0.952339525613188,-2.0855572499867354,909,frame_000909.png
8000,8000,105,85,0.8095238095238095,85,1.0,85,84,0.9882352941176471,445654.48987278074,5696585.129354436,474.65844666711024,0.060519988008309156,-0.46368167269974947,-0.18988096960856637,-109.5092966128596,1.858709192089904,3.769639901070316,-1.1298355092194754,-0.13098775151030395,5.159578678749341,0.59025896,0.34643734,84,0.9882352941176471,445654.4898727802,5696585.129354436,474.6584466670242,0.06051998748444021,-0.46368167269974947,-0.1898809696946273,-109.50929661301075,1.858709194369596,3.769639898839498,-1.129835509370622,-0.13098774923062706,5.159578676518521,0.59025896,0.34643734,445654.42935279274,5696585.593036109,474.8483276367188,-108.37946110364012,1.989696943600211,-1.3899387776790277,910,frame_000910.png
8000,8000,88,72,0.8181818181818182,72,1.0,72,72,1.0,445654.52270843356,5696585.143253068,474.6519664164076,0.10287427803268656,-0.4609861709177494,-0.1905018453111893,-109.2113686254564,2.917430010202939,2.728837305664286,-1.131530625709246,-0.035024593305138296,3.073049857486666,0.59006065,0.3102889,72,1.0,445654.52270843415,5696585.143253069,474.65196641644354,0.10287427861476317,-0.46098616998642683,-0.19050184527526426,-109.21136862526329,2.9174300075423547,2.728837308253584,-1.1315306255161204,-0.03502459596572294,3.073049860075969,0.59006065,0.3102889,445654.41983415553,5696585.604239239,474.8424682617188,-108.07983799974716,2.9524546035080848,-0.34421255182238925,911,frame_000911.png
8000,8001,96,81,0.84375,81,1.0,81,80,0.9876543209876543,445654.5179946626,5696585.164921487,474.6533349434568,0.10222132183844224,-0.4528303509578109,-0.1867224295900769,-109.1860899433919,2.7400514976610406,3.094466043837235,-1.2034734256642707,-0.13488952075491056,3.7827907085157904,0.56954175,0.29112068,80,0.9876543209876543,445654.5179946625,5696585.164921487,474.6533349434151,0.10222132178023458,-0.4528303509578109,-0.18672242963179997,-109.18608994342806,2.7400514989623193,3.0944660442252485,-1.2034734257004231,-0.1348895194536226,3.7827907089038035,0.56954175,0.29112068,445654.41577334073,5696585.617751838,474.8400573730469,-107.98261651772764,2.8749410184159525,-0.688324664678555,912,frame_000912.png
8000,8000,87,73,0.8390804597701149,73,1.0,73,72,0.9863013698630136,445654.5201313756,5696585.168509357,474.6481222263285,0.10559714178089052,-0.4766830438748002,-0.19883211937462875,-109.46377481802305,3.694413370830458,3.12125676186802,-1.1261417459677432,0.12294148529508675,3.9393514101506923,0.5366257,0.33546355,72,0.9863013698630136,445654.5201313726,5696585.168509357,474.648122226512,0.10559713881229982,-0.4766830438748002,-0.1988321191911382,-109.46377481813956,3.694413376282352,3.1212567459501925,-1.1261417460842154,0.1229414907469959,3.939351394232858,0.5366257,0.33546355,445654.4145342338,5696585.645192401,474.8469543457031,-108.33763307205533,3.5714718855353613,-0.8180946482826777,913,frame_000913.png
8001,8000,82,70,0.8536585365853658,70,1.0,70,70,1.0,445654.5081276804,5696585.2140189465,474.6543672232286,0.09900503291282803,-0.44481671787798405,-0.19618819669329923,-109.4069668220199,3.3823490930107596,3.6390050156303353,-1.2583666886209244,-0.13503536798668847,4.845794547513009,0.5655664,0.281045,70,1.0,445654.50812768046,5696585.2140189465,474.6543672231972,0.09900503297103569,-0.44481671787798405,-0.1961881967246768,-109.40696682205993,3.382349094092257,3.639005016305561,-1.2583666886609706,-0.13503536690518558,4.845794548188223,0.5655664,0.281045,445654.4091226475,5696585.658835664,474.8505554199219,-108.14860013339896,3.51738446099744,-1.2067895318826771,914,frame_000914.png
8000,8000,92,75,0.8152173913043478,75,1.0,75,75,1.0,445654.49567771825,5696585.220064871,474.6386781998112,0.09094185649883002,-0.4538150681182742,-0.20333229823569354,-109.26191711979703,2.206040971959352,3.745753063100427,-1.2576656387784055,-0.13796917197612402,5.141728566253164,0.5423918,0.29799807,75,1.0,445654.4956777183,5696585.220064871,474.6386781998051,0.09094185655703768,-0.4538150681182742,-0.2033322982417758,-109.26191711980788,2.206040972309107,3.7457530633805263,-1.2576656387892626,-0.13796917162636646,5.14172856653326,0.5423918,0.29799807,445654.40473586175,5696585.673879939,474.8420104980469,-108.00425148101861,2.344010143935479,-1.395975503152746,915,frame_000915.png
8002,8000,88,64,0.7272727272727273,64,1.0,64,60,0.9375,445654.5295792664,5696585.170871465,474.6147602586902,0.12412163958651945,-0.5073928637430072,-0.20759691904419242,-109.30001936988836,3.5214966977124713,3.055833078727376,-1.2041221120667274,0.18874110182105142,3.5675171103697494,0.5509838,0.2789141,60,0.9375,445654.5295792659,5696585.170871465,474.61476025869234,0.12412163912085816,-0.5073928637430072,-0.20759691904203237,-109.30001937000043,3.521496698965272,3.0558330765960924,-1.2041221121788226,0.18874110307385195,3.5675171082384622,0.5509838,0.2789141,445654.4054576268,5696585.678264328,474.8223571777344,-108.09589725782162,3.3327555958914266,-0.5116840316423812,916,frame_000916.png
8000,8000,97,75,0.7731958762886598,75,1.0,75,75,1.0,445654.5076927092,5696585.19126442,474.6179590311469,0.10134514333913103,-0.487214476801455,-0.20116328330624356,-109.26097151277855,3.3047248047591595,3.1958046157240383,-1.2849508157517278,0.11529952816243849,3.978601674661917,0.54741716,0.28432152,75,1.0,445654.5076927091,5696585.19126442,474.61795903117144,0.1013451432227157,-0.487214476801455,-0.2011632832816872,-109.26097151278123,3.3047248042806694,3.1958046149253674,-1.2849508157543994,0.11529952768395901,3.9786016738632384,0.54741716,0.28432152,445654.4063475659,5696585.678478897,474.8191223144531,-107.97602069702683,3.189425276596714,-0.7827970589378851,917,frame_000917.png
8000,8000,94,71,0.7553191489361702,71,1.0,71,70,0.9859154929577465,445654.5139205859,5696585.210013154,474.61954116437727,0.1022538625402376,-0.4712325055152178,-0.19298935320085775,-109.13291444572482,2.571517182867041,3.401240919562054,-1.2577461242627237,-0.029145813511320284,4.417156928263353,0.5792487,0.2936053,70,0.9859154929577465,445654.5139205868,5696585.210013153,474.6195411642965,0.10225386341335252,-0.47123250644654036,-0.19298935328163225,-109.13291444583183,2.5715171861621258,3.401240925884687,-1.257746124369703,-0.0291458102162494,4.417156934585989,0.5792487,0.2936053,445654.4116667234,5696585.6812456595,474.8125305175781,-107.87516832146211,2.6006629963783743,-1.015916008701303,918,frame_000918.png
8001,8001,96,80,0.8333333333333334,80,1.0,80,80,1.0,445654.5445972378,5696585.207166265,474.6134377276687,0.12471264193300158,-0.4766053445637226,-0.20028297545627538,-109.44700245575045,3.579211106030895,2.217841441097709,-1.2505938689188838,0.025574589716086393,1.9874179175415918,0.6227218,0.3198288,80,1.0,445654.5445972378,5696585.207166265,474.6134377276656,0.12471264193300158,-0.4766053445637226,-0.20028297545940177,-109.44700245575362,3.5792111061254404,2.2178414411061462,-1.250593868922067,0.02557458981064542,1.9874179175500046,0.6227218,0.3198288,445654.41988459585,5696585.683771609,474.813720703125,-108.19640858683157,3.553636516314803,0.23042352355613108,919,frame_000919.png
8001,8000,83,68,0.8192771084337349,68,1.0,68,68,1.0,445654.54679341806,5696585.211453165,474.61382209205,0.0943221309571527,-0.47951965872198343,-0.19809807396563883,-109.56804465079895,4.146849586549045,1.7787500487913568,-1.2582483976806316,0.002457649144332663,1.1125663889858686,0.514499,0.2345043,68,1.0,445654.546793418,5696585.211453165,474.6138220920324,0.09432213089894503,-0.47951965872198343,-0.19809807398320345,-109.5680446508202,4.146849587069308,1.7787500487991952,-1.258248397701891,0.0024576496645920543,1.112566388993713,0.514499,0.2345043,445654.4524712871,5696585.690972824,474.8119201660156,-108.30979625311831,4.144391937404708,0.6661836598054838,920,frame_000920.png
8000,8000,64,50,0.78125,50,1.0,50,50,1.0,445654.5807698255,5696585.186963886,474.62216576896174,0.1292167014325969,-0.4924807548522949,-0.19341650642888908,-109.08050132514167,2.738881224692171,3.1592074555064693,-1.1782959151548198,0.0753626597764594,3.9134910065377824,0.5667487,0.27650017,50,1.0,445654.58076982555,5696585.186963886,474.62216576892706,0.12921670149080455,-0.4924807548522949,-0.19341650646356356,-109.0805013251629,2.7388812254058243,3.1592074559560155,-1.1782959151760792,0.07536266049012852,3.9134910069873285,0.5667487,0.27650017,445654.45155312406,5696585.679444641,474.8155822753906,-107.90220540998683,2.6635185649157065,-0.7542835510313255,921,frame_000921.png
8000,8000,102,75,0.7352941176470589,75,1.0,75,75,1.0,445654.57669330935,5696585.173835438,474.6148408475151,0.12060249882051721,-0.4991029193624854,-0.19222702357865273,-109.10862702492172,3.078773178400319,3.097185243470513,-1.2165149349721673,0.07569959757861966,3.7196481615009986,0.58071107,0.35487592,75,1.0,445654.57669331407,5696585.173835451,474.6148408504426,0.12060250353533775,-0.49910290632396936,-0.19222702065115982,-109.10862701986875,3.0787731004576844,3.0971852441311825,-1.2165149299191853,0.07569951963600374,3.7196481621616613,0.58071107,0.35487592,445654.45609081053,5696585.672938357,474.80706787109375,-107.89211208994955,3.003073580821694,-0.6224629180304885,922,frame_000922.png
8001,8000,105,82,0.780952380952381,82,1.0,82,82,1.0,445654.5578352265,5696585.180227204,474.61536792966257,0.09293540014186874,-0.4773293985053897,-0.18974681643118174,-109.22991025828343,2.7851605103389536,3.1285724680894216,-1.2583355241009144,-0.018377428085585734,3.9382322654220445,0.5370647,0.3103852,82,1.0,445654.55783522764,5696585.180227201,474.6153679294494,0.09293540130602196,-0.4773294012993574,-0.18974681664434456,-109.22991025842356,2.7851605233055294,3.1285724794426897,-1.2583355242410335,-0.018377415119005036,3.9382322767753237,0.5370647,0.3103852,445654.46489982633,5696585.657556603,474.80511474609375,-107.97157473418252,2.8035379384245416,-0.8096597973326245,923,frame_000923.png
8002,8001,89,68,0.7640449438202247,68,1.0,68,68,1.0,445654.5640380459,5696585.165879487,474.61717488207694,0.09490292897680774,-0.481808515265584,-0.18104289136056195,-109.23995249465325,1.9546670485151194,3.165470820250065,-1.2724239252782752,-0.07904835042953096,3.9718158392215344,0.5498764,0.27186295,68,1.0,445654.5640380451,5696585.165879487,474.6171748819613,0.09490292822010815,-0.481808515265584,-0.18104289147618147,-109.239952494787,1.954667050038609,3.1654708160546607,-1.2724239254120278,-0.07904834890604207,3.9718158350261206,0.5498764,0.27186295,445654.4691351169,5696585.647688002,474.7982177734375,-107.96752856937498,2.0337153989446644,-0.806345018971459,924,frame_000924.png
8000,8000,112,91,0.8125,91,1.0,91,91,1.0,445654.58560744964,5696585.160105366,474.6069603783711,0.09932610258692876,-0.4760390529409051,-0.18359748295699774,-109.41511628005651,3.1126178217923144,2.980342560792754,-1.3477874800776135,-0.0382604039440082,3.5824985396106968,0.53360826,0.31032124,91,1.0,445654.58560744964,5696585.160105365,474.606960378362,0.09932610258692876,-0.47603905387222767,-0.18359748296614953,-109.41511628006758,3.1126178221678606,2.980342561014509,-1.347787480088698,-0.03826040356847216,3.5824985398324714,0.53360826,0.31032124,445654.48628134705,5696585.636144419,474.7905578613281,-108.06732879997888,3.150878225736325,-0.6021559788179522,925,frame_000925.png
8000,8001,104,82,0.7884615384615384,82,1.0,82,82,1.0,445654.604805174,5696585.131377571,474.59566732411923,0.10304720693966374,-0.4990499522536993,-0.1975455665057666,-109.28564941318398,2.8109309802006064,1.5140885159712159,-1.2718253432724964,0.1798964688668434,0.8064294830346341,0.54114926,0.35226387,82,1.0,445654.60480519076,5696585.131377588,474.5956673296205,0.10304722370347008,-0.49904993548989296,-0.19754556100451737,-109.2856494023302,2.8109308585756594,1.5140885711206424,-1.2718253324187003,0.1798963472419075,0.8064295381840623,0.54114926,0.35226387,445654.50175796705,5696585.6304275235,474.793212890625,-108.01382406991148,2.6310345113337616,0.7076590329365733,926,frame_000926.png
8000,8000,89,71,0.797752808988764,71,1.0,71,69,0.971830985915493,445654.6255825472,5696585.159732405,474.6108160321879,0.11576564621645957,-0.4672376746311784,-0.1772088701558232,-108.99744227846173,1.9451066248853164,2.5930993252103045,-1.3726593514954288,-0.12251172897691731,3.1756216296627144,0.5950675,0.30459344,69,0.971830985915493,445654.6255825469,5696585.159732402,474.61081603169555,0.11576564592542127,-0.4672376774251461,-0.1772088706482009,-108.99744227898232,1.9451066411167608,2.59309932884208,-1.3726593520160293,-0.12251171274547801,3.1756216332944973,0.5950675,0.30459344,445654.509816901,5696585.62697008,474.78802490234375,-107.62478292696629,2.067618353862234,-0.5825223044524055,927,frame_000927.png
8001,8000,86,66,0.7674418604651163,66,1.0,66,65,0.9848484848484849,445654.6424843671,5696585.130074771,474.60755371672866,0.126168541086372,-0.49435573164373636,-0.19121337311509023,-108.91828401658799,2.424584712831874,3.249512433956627,-1.319113341613786,-0.12307390351426761,3.9345207055443723,0.5176289,0.31326252,65,0.9848484848484849,445654.642484367,5696585.130074769,474.6075537164679,0.12616854096995667,-0.4943557335063815,-0.191213373375831,-108.91828401696253,2.424584722810351,3.249512436874472,-1.3191133419883272,-0.12307389353580334,3.934520708462202,0.5176289,0.31326252,445654.51631582604,5696585.624430503,474.79876708984375,-107.59917067497419,2.547658616346147,-0.6850082715877407,928,frame_000928.png
8000,8001,83,68,0.8192771084337349,68,1.0,68,68,1.0,445654.6747269543,5696585.146461307,474.60917958499397,0.13987275934778154,-0.47879121638834476,-0.19013682125603282,-109.32281677354109,3.1003554003003666,0.6699678497617292,-1.2825979399468679,0.06792005872705431,-1.0894033923607367,0.5822892,0.33911774,68,1.0,445654.67472695454,5696585.146461305,474.6091795848386,0.13987275958061218,-0.4787912182509899,-0.19013682141138588,-109.32281677374698,3.1003554074716964,0.6699678534796342,-1.2825979401527547,0.06792006589839161,-1.089403388642836,0.58228827,0.33911845,445654.53485419496,5696585.625252523,474.79931640625,-108.04021883359421,3.032435341573308,1.7593712421224788,929,frame_000929.png
8000,8000,94,69,0.7340425531914894,69,1.0,69,66,0.9565217391304348,445654.7186537264,5696585.130530704,474.6125814441133,0.1289851414039731,-0.48245381470769644,-0.169828223855518,-109.41750335231018,2.7334273827344204,-0.9019683396523519,-1.2388414522393418,0.11299155510883452,-4.2118285199234435,0.55454236,0.26994425,66,0.9565217391304348,445654.7186537263,5696585.130530704,474.6125814441342,0.12898514128755778,-0.48245381470769644,-0.1698282238345996,-109.41750335229382,2.7334273819142414,-0.9019683404683817,-1.238841452222971,0.11299155428866925,-4.211828520739459,0.55454236,0.26994425,445654.589668585,5696585.6129845185,474.7824096679688,-108.17866190007084,2.620435827625583,3.309860180271085,930,frame_000930.png
8000,8000,90,76,0.8444444444444444,76,1.0,76,74,0.9736842105263158,445654.7048463305,5696585.0906376,474.6286631004041,0.10697399021591991,-0.5112107284367085,-0.1792287452990422,-109.1960880649796,2.3659344421789736,1.3544368018270605,-1.2801468831755756,0.090991090194251,0.31695905790581946,0.55643815,0.2704316,74,0.9736842105263158,445654.70484633057,5696585.090637601,474.6286631005134,0.10697399027412757,-0.5112107275053859,-0.1792287451897323,-109.19608806481898,2.365934438993173,1.354436800926717,-1.280146883014936,0.09099108700843317,0.31695905700547655,0.55643815,0.2704316,445654.5978723403,5696585.6018483285,474.8078918457031,-107.91594118180403,2.274943351984735,1.0374777439212386,931,frame_000931.png
8000,8001,94,72,0.7659574468085106,72,1.0,72,72,1.0,445654.70085898635,5696585.096050368,474.6255496493771,0.10485086380504072,-0.4949977919459343,-0.190612459997908,-108.99096867536298,2.7526651219286307,0.3484391862539105,-1.2433037453199347,-0.33124982799805025,-1.0820142632614136,0.48779562,0.2559577,72,1.0,445654.70085898566,5696585.096050367,474.6255496492062,0.10485086310654879,-0.49499779287725687,-0.1906124601687793,-108.99096867573331,2.752665126484044,0.3484391836822612,-1.2433037456902696,-0.3312498234426471,-1.0820142658330667,0.48779562,0.2559577,445654.59600812255,5696585.59104816,474.816162109375,-107.74766493004304,3.0839149499266845,1.4304534495153247,932,frame_000932.png
8001,8000,99,78,0.7878787878787878,78,1.0,78,78,1.0,445654.68269880326,5696585.088076206,474.6143400625973,0.09455470531247556,-0.4929270725697279,-0.20124221279331778,-109.0994936215192,2.3818291342835614,1.5386229822736714,-1.263851078345965,0.08605670995436299,0.6894979240478563,0.5345331,0.2824133,78,1.0,445654.6826988034,5696585.088076205,474.614340062409,0.09455470542889088,-0.4929270735010505,-0.20124221298164002,-109.09949362160788,2.381829139684161,1.5386229845472497,-1.2638510784346408,0.08605671535494253,0.6894979263214225,0.5345331,0.2824133,445654.58814409794,5696585.5810032785,474.8155822753906,-107.83564254317324,2.295772424329205,0.8491250582258246,933,frame_000933.png
8000,8001,95,74,0.7789473684210526,74,1.0,74,74,1.0,445654.6896188784,5696585.114596318,474.6185484251519,0.10117049724794924,-0.4628672730177641,-0.18479630141058578,-108.94887306747817,1.8751500076944851,2.1229936859528853,-1.1819529708022856,-0.10858291547688737,2.0301061738800286,0.5502596,0.30634958,74,1.0,445654.68961887853,5696585.114596318,474.6185484251522,0.10117049736436456,-0.4628672730177641,-0.18479630141030157,-108.94887306746863,1.87515000825672,2.1229936867040453,-1.1819529707927359,-0.10858291491464911,2.030106174631186,0.5502596,0.30634958,445654.58844838117,5696585.5774635915,474.8033447265625,-107.7669200966759,1.9837329231713745,0.09288751207285484,934,frame_000934.png
8000,8000,101,81,0.801980198019802,81,1.0,81,81,1.0,445654.720281168,5696585.103769018,474.6144363763947,0.12487822322873399,-0.4721186151728034,-0.18842006891782148,-109.21673548954058,2.8803441868461914,1.7920835275539932,-1.2279096127511195,-0.11389842096050984,1.1368911912771864,0.61094654,0.31429246,81,1.0,445654.72028116806,5696585.103769018,474.61443637639275,0.12487822328694165,-0.4721186151728034,-0.18842006891975416,-109.21673548953231,2.880344186920128,1.7920835279904908,-1.2279096127428488,-0.11389842088655655,1.136891191713687,0.61094654,0.31429246,445654.5954029448,5696585.5758876335,474.8028564453125,-107.98882587678946,2.9942426078066893,0.6551923362768088,935,frame_000935.png
8000,8000,87,70,0.8045977011494253,70,1.0,70,70,1.0,445654.7153565754,5696585.088867671,474.6131510409667,0.09325761487707496,-0.4796715723350644,-0.18253377348639788,-109.00631303768672,2.9238367183341865,0.3267620052991008,-1.2545068078035797,0.0006852079293366842,-1.7069071365104662,0.5726277,0.25444022,70,1.0,445654.7153565754,5696585.088867671,474.613151040919,0.09325761487707496,-0.4796715723350644,-0.18253377353414635,-109.0063130377632,2.9238367198654722,0.32676200594163995,-1.254506807880034,0.0006852094606131232,-1.7069071358679366,0.5726277,0.25444022,445654.6220989605,5696585.568539243,474.7956848144531,-107.75180622988316,2.9231515104048547,2.0336691418095776,936,frame_000936.png
8002,8000,107,82,0.7663551401869159,82,1.0,82,82,1.0,445654.72821600735,5696585.079752263,474.62402163954187,0.10269040544517338,-0.48049095645546913,-0.17267025498944122,-108.96966000336057,1.7610578111523782,0.9366957920243586,-1.1776260898825797,0.04014761305646175,-0.34502720429264855,0.5647004,0.3224296,82,1.0,445654.72821600334,5696585.07975225,474.6240216373506,0.10269040142884478,-0.4804909694939852,-0.17267025718069817,-108.96966000705703,1.7610578853772727,0.9366957938211581,-1.177626093579022,0.040147687281347544,-0.3450272024958565,0.5647004,0.3224296,445654.6255256019,5696585.560243219,474.7966918945313,-107.792033913478,1.7209101980959112,1.2817229963170111,937,frame_000937.png
8001,8000,98,79,0.8061224489795918,79,1.0,79,78,0.9873417721518988,445654.7551526501,5696585.081751021,474.6302678855201,0.12323463667416945,-0.4713917477056384,-0.17097112815179116,-109.02062245266436,1.5545354810255398,0.5875046250897704,-1.2586557439190074,-0.13780634408686865,-1.2418292898309176,0.52983016,0.26478204,78,0.9873417721518988,445654.7551526501,5696585.081751021,474.63026788552094,0.12323463667416945,-0.4713917477056384,-0.1709711281509385,-109.02062245266077,1.5545354809847687,0.5875046251098222,-1.2586557439154262,-0.13780634412762538,-1.2418292898108518,0.52983016,0.26478204,445654.63191801345,5696585.553142768,474.8012390136719,-107.76196670874536,1.6923418251123978,1.8293339149206862,938,frame_000938.png
8001,8001,106,92,0.8679245283018868,92,1.0,92,92,1.0,445654.76315013267,5696585.058912004,474.62792308245315,0.12633047241251916,-0.4864507205784321,-0.16940968121872402,-108.997612928946,1.8744133740690876,0.6545125576905838,-1.2682130225548178,-0.01819342336247587,-1.127662639991172,0.5238403,0.34567237,92,1.0,445654.76315013267,5696585.058912004,474.62792308245645,0.12633047241251916,-0.4864507205784321,-0.1694096812154271,-108.99761292894053,1.8744133739633262,0.6545125577059121,-1.2682130225493324,-0.01819342346823305,-1.1276626399758527,0.5238403,0.34567237,445654.63681966026,5696585.545362725,474.7973327636719,-107.72939990639118,1.8926067974315552,1.7821751976817586,939,frame_000939.png
8001,8000,100,80,0.8,80,1.0,80,80,1.0,445654.77502289764,5696585.052273581,474.61765743657907,0.04236286540981382,-0.48399565927684307,-0.19746707513974115,-130.26447828764384,2.5652707651952817,1.93896006335485,-1.3264975634367886,-0.21439549397169344,1.2698808373392012,0.541299,0.30557486,80,1.0,445654.7750228975,5696585.052273581,474.61765743658316,0.0423628652933985,-0.48399565927684307,-0.19746707513564843,-130.2644782876543,2.565270765318226,1.938960062796224,-1.3264975634472478,-0.21439549384874113,1.2698808367805725,0.541299,0.30557486,445654.7326600322,5696585.53626924,474.8151245117188,-128.93798072420705,2.779666259166979,0.6690792260156561,940,frame_000940.png
8000,8001,71,54,0.7605633802816901,54,1.0,54,54,1.0,445654.80364371795,5696585.060395185,474.60742338798633,-0.09552651102421805,-0.4745507128536701,-0.184111035841795,-152.7802601221516,1.1013027579935535,-0.9289835551308506,-0.4200003492096869,-0.11140136720337068,-4.374169280294751,0.59104306,0.3014982,54,1.0,445654.803643718,5696585.060395186,474.6074233880742,-0.09552651096601039,-0.47455071192234755,-0.18411103575391508,-152.78026012193,1.1013027553764816,-0.9289835590781967,-0.4200003489881112,-0.11140136982047011,-4.3741692842421,0.59104306,0.3014982,445654.899170229,5696585.534945898,474.7915344238281,-152.3602597729419,1.2127041251969384,3.445185725163905,941,frame_000941.png
8000,8001,80,69,0.8625,69,1.0,69,69,1.0,445654.8317140432,5696585.1009431835,474.613493801827,-0.21504560514586046,-0.38528009690344334,-0.16150009465735593,-174.91345553530624,1.2421617852480533,1.911780874883128,-4.76567748933752,-0.1329573508509725,0.6631885149774916,0.53067476,0.29187724,69,1.0,445654.8317140432,5696585.1009431835,474.613493801827,-0.21504560514586046,-0.38528009690344334,-0.16150009465735593,-174.91345553530624,1.2421617852482267,1.9117808748833904,-4.76567748933752,-0.13295735085077354,0.6631885149777474,0.53067476,0.29187724,445655.04675964836,5696585.48622328,474.7749938964844,-170.14777804596872,1.3751191360990136,1.248592359905637,942,frame_000942.png
8000,8000,90,80,0.8888888888888888,80,1.0,80,80,1.0,445654.8776453185,5696585.140801752,474.61428373237624,-0.40830531710525975,-0.1875952035188675,-0.20303804496751354,162.84733158905723,1.572571022920313,5.124116728317706,-1.3068036166441175,-0.177040791014889,7.7796834843252896,0.4717908,0.266186,80,1.0,445654.8776453185,5696585.140801752,474.61428373235344,-0.40830531710525975,-0.1875952035188675,-0.20303804499030775,162.84733158900912,1.572571022912472,5.124116729016471,-1.3068036166922354,-0.1770407910227334,7.779683485024066,0.4717908,0.266186,445655.2859506356,5696585.3283969555,474.81732177734375,164.15413520570135,1.7496118139351915,-2.655566756007598,943,frame_000943.png
8000,8000,86,74,0.8604651162790697,74,1.0,74,73,0.9864864864864865,445654.91023100604,5696585.17689645,474.60985710183627,-0.4456219466519542,-0.03273270931094885,-0.20789192160123093,139.85655141798057,0.7648960081676733,4.797297938321098,-0.45396005324175803,-0.109598752683155,7.062668014927681,0.52923197,0.31041673,73,0.9864864864864865,445654.91023100837,5696585.176896447,474.60985710202226,-0.44562194432364777,-0.03273271210491657,-0.20789192141523927,139.8565514182874,0.7648959900750938,4.797297939387767,-0.45396005293491726,-0.1095987707757331,7.062668015994348,0.52923197,0.31041673,445655.3558529527,5696585.209629159,474.8177490234375,140.31051147122233,0.874494760850819,-2.2653700766065916,944,frame_000944.png
8001,8000,79,69,0.8734177215189873,69,1.0,69,69,1.0,445654.9622995094,5696585.177026185,474.60424420834295,-0.40948971739271656,0.1074083810672164,-0.1943397760320522,117.4323848665227,-0.43983289012004245,3.079952434773104,-4.848888861750652,-0.4991041095348976,3.900932758801275,0.51696193,0.29856908,69,1.0,445654.9622995097,5696585.177026184,474.6042442083185,-0.40948971710167825,0.10740838013589382,-0.19433977605649488,117.43238486654944,-0.4398328920432676,3.0799524337384514,-4.848888861723935,-0.4991041114581378,3.9009327577666113,0.51696193,0.29856908,445655.3717892268,5696585.069617804,474.798583984375,122.28127372827336,0.05927121941486608,-0.820980324028171,945,frame_000945.png
8001,8000,71,53,0.7464788732394366,53,1.0,53,53,1.0,445654.93654830795,5696585.204475492,474.60545554416484,-0.38797219144180417,0.25956571474671364,-0.19254860622578462,105.84819037604912,-2.220005346913436,1.9931358079107353,-1.5400646018084103,-0.2143090538093304,1.6798697111441925,0.50850827,0.21787517,53,1.0,445654.93654830975,5696585.204475494,474.6054555445331,-0.3879721896373667,0.2595657166093588,-0.19254860585755296,105.84819037628498,-2.2200053419084784,1.9931357960625935,-1.540064601572567,-0.21430904880435264,1.6798696992960345,0.50850827,0.21787517,445655.3245204994,5696584.9449097775,474.7980041503906,107.38825497785754,-2.0056962931041182,0.3132660967665466,946,frame_000946.png
8000,8000,99,77,0.7777777777777778,77,1.0,77,77,1.0,445654.91942848294,5696585.216708121,474.5947318092764,-0.3357099074055441,0.30777773540467024,-0.15938806377045012,104.24147214897835,-2.8305562168729934,3.1541524224874795,-1.630021510705177,-0.3862984087341488,4.006256923935979,0.5348891,0.32546824,77,1.0,445654.9194284829,5696585.216708121,474.5947318092586,-0.33570990746375173,0.30777773540467024,-0.15938806378829895,104.24147214897272,-2.830556217038118,3.1541524229709137,-1.6300215107108045,-0.3862984088992789,4.006256924419404,0.5348891,0.32546824,445655.25513839035,5696584.9089303855,474.7541198730469,105.87149365968352,-2.444257808138834,-0.8521045014484876,947,frame_000947.png
8000,8000,91,75,0.8241758241758241,75,1.0,75,75,1.0,445654.8948986026,5696585.267134526,474.59821839956953,-0.3473004962434061,0.34055411256849766,-0.16725401253984273,103.64876925731103,-2.1943756306802347,5.1614085584686435,-1.6550638367837962,-0.1749977736248809,7.878573148434526,0.51239645,0.23780325,75,1.0,445654.8948986026,5696585.267134526,474.59821839955924,-0.3473004962434061,0.34055411256849766,-0.1672540125501314,103.64876925730563,-2.194375631098233,5.161408558640121,-1.6550638367891963,-0.17499777404287897,7.8785731486059944,0.51239645,0.23780325,445655.24219909887,5696584.926580413,474.7654724121094,105.30383309409483,-2.019377857055341,-2.7171645899658867,948,frame_000948.png
8000,8001,81,64,0.7901234567901234,64,1.0,64,62,0.96875,445654.8536627509,5696585.309823213,474.60109649203054,-0.35139880725182593,0.3502629157155752,-0.1792074630475895,103.47521692517961,2.1926159129253957,3.2577120512849898,-1.5647422883612307,-0.26599384662304715,4.135272966512616,0.5217574,0.2882758,62,0.96875,445654.85366275115,5696585.30982321,474.60109649180373,-0.3513988070189953,0.3502629129216075,-0.17920746327439474,103.47521692491067,2.1926159020027254,3.2577120524675722,-1.5647422886301854,-0.26599385754573746,4.135272967695187,0.5217574,0.2882758,445655.20506155817,5696584.959560297,474.7803039550781,105.03995921354085,2.458609759548453,-0.8775609152276135,949,frame_000949.png
8001,8000,84,64,0.7619047619047619,64,1.0,64,63,0.984375,445654.73690158036,5696585.401934284,474.60304242239454,-0.39914079825393856,0.3459307234734297,-0.20152300729296257,103.62049025963633,5.171804044834667,2.2574354880728023,-1.5369998660097792,0.29715888813666425,1.9425379239491178,0.6149844,0.33091143,63,0.984375,445654.7369015813,5696585.401934283,474.6030424226355,-0.399140797322616,0.3459307225421071,-0.20152300705200332,103.62049025998685,5.171804034970837,2.2574354851385645,-1.5369998656592543,0.2971588782728247,1.9425379210148606,0.6149844,0.33091143,445655.1360423786,5696585.05600356,474.8045654296875,105.1574901256461,4.8746451566980165,0.31489756412369213,950,frame_000950.png
8000,8000,61,47,0.7704918032786885,47,1.0,47,46,0.9787234042553191,445654.7393467808,5696585.551949701,474.64359226861905,-0.34551014890894294,0.3935008170083165,-0.19481715520907983,103.71811667634535,10.785746882112742,1.8297983054067948,-1.5222712408998404,-0.06165471591808114,1.3258199622771087,0.55407196,0.21199304,46,0.9787234042553191,445654.739346782,5696585.5519497,474.64359226887944,-0.3455101477447897,0.39350081607699394,-0.19481715494868013,103.7181166774797,10.785746876818932,1.8297982998166242,-1.5222712397655016,-0.061654721211880315,1.325819956686928,0.55407196,0.21199304,445655.0848569297,5696585.158448884,474.8384094238281,105.2403879172452,10.847401598030816,0.5039783431296996,951,frame_000951.png
8000,8000,68,55,0.8088235294117647,55,1.0,55,55,1.0,445654.5264598958,5696586.312907873,474.74690102489365,-0.4277734194765799,0.7145472103729844,-0.20720053760635437,103.64348202468724,17.137859384551465,2.8710319430395805,-1.5093114598532509,0.13754186472360175,3.1685490453167517,0.60724163,0.32226273,55,1.0,445654.52645989327,5696586.312907874,474.74690102419305,-0.4277734219795093,0.714547211304307,-0.2072005383069495,103.64348202186255,17.137859394746783,2.8710319552186325,-1.5093114626779425,0.13754187491892367,3.1685490574958237,0.60724163,0.32226273,445654.95423331525,5696585.598360662,474.9541015625,105.1527934845405,17.000317519827867,-0.2975171022771794,952,frame_000952.png
8000,8000,57,43,0.7543859649122807,43,1.0,43,42,0.9767441860465116,445654.18200781185,5696587.819664584,474.938675180537,-0.4135590883088298,0.7378208925947547,-0.24882481946298185,102.76757774386661,20.631344218895897,4.394927666738066,-1.5786910736806021,0.15484778382062814,5.7509404545466225,0.48253512,0.2547966,42,0.9767441860465116,445654.18200781307,5696587.819664584,474.9386751809497,-0.41355908708646894,0.7378208925947547,-0.24882481905029863,102.7675777451478,20.631344214277945,4.394927660787677,-1.5786910723994083,0.1548477792026688,5.750940448596225,0.48253512,0.2547966,445654.59556690016,5696587.081843691,475.1875,104.3462688175472,20.476496435075262,-1.3560127878085546,953,frame_000953.png
8001,8000,55,37,0.6727272727272727,37,1.0,37,37,1.0,445653.9352652111,5696588.881325267,475.0612908349696,-0.47780843859072775,1.0408131936565042,-0.2037848486241387,102.79484273374509,20.820754286457415,3.900092420289698,-1.5346458689919587,0.11584437270602166,5.146606210504274,0.5645822,0.3310123,37,1.0,445653.935265211,5696588.881325267,475.0612908349155,-0.47780843870714307,1.0408131936565042,-0.20378484867825364,102.79484273372725,20.820754287425544,3.9000924205683614,-1.5346458690098075,0.11584437367415035,5.146606210782949,0.5645822,0.3310123,445654.4130736497,5696587.840512074,475.26507568359375,104.32948860273706,20.7049099137514,-1.2465137902145802,954,frame_000954.png
8001,8000,59,46,0.7796610169491526,46,1.0,46,46,1.0,445653.62092472304,5696590.20484022,475.1970364565601,-0.5757686899160035,1.467066372744739,-0.16706876804926196,102.41013141906618,20.40167104791939,5.2236623225497265,-1.4813726032145382,0.24863384642969777,7.932367794815207,0.4845379,0.26380974,46,1.0,445653.62092472275,5696590.2048402205,475.1970364564643,-0.5757686902070418,1.4670663736760616,-0.16706876814509997,102.41013141877471,20.401671048922417,5.223662323759861,-1.4813726035059744,0.24863384743272832,7.932367796025346,0.4845379,0.26380974,445654.19669341296,5696588.737773847,475.3641052246094,103.8915040222807,20.153037201489692,-2.7087054722654873,955,frame_000955.png
8000,8001,69,51,0.7391304347826086,51,1.0,51,51,1.0,445653.2328514646,5696591.754373006,475.3278273844192,-0.4184534038649872,0.8132148729637265,-0.25008399253391644,102.7717623152559,19.675511702784238,5.331182567523903,-1.4168972591797342,0.2586585513764703,8.108282558708481,0.48787507,0.25782612,51,1.0,445653.23285146453,5696591.754373006,475.32782738439636,-0.41845340392319486,0.8132148729637265,-0.2500839925567675,102.77176231519854,19.675511703102806,5.331182567719658,-1.4168972592370892,0.25865855169504925,8.10828255890425,0.48787507,0.25782612,445653.65130486846,5696590.941158133,475.5779113769531,104.18865957443565,19.416853151407757,-2.777099991184585,956,frame_000956.png
8001,8000,66,53,0.803030303030303,53,1.0,53,53,1.0,445652.80215308093,5696593.426708312,475.49026641281444,-0.5291911923559383,1.1907622702419758,-0.19518890945118983,103.74370660379488,15.763253373505293,5.378978165434371,-1.5439613100083989,0.17428426950996823,8.087134890071582,0.4844866,0.25575542,53,1.0,445652.8021530837,5696593.426708312,475.4902664133179,-0.5291911895619705,1.1907622702419758,-0.19518890894772767,103.74370660690428,15.7632533682928,5.378978151233894,-1.5439613068989786,0.17428426429748356,8.08713487587113,0.4844866,0.25575542,445653.3313442733,5696592.2359460415,475.6854553222656,105.28766791380326,15.588969103995328,-2.7081567246372242,957,frame_000957.png
8000,8000,23,11,0.4782608695652174,11,1.0,11,10,0.9090909090909091,445651.71061662567,5696597.214918575,475.8060493048097,-0.8691383498953655,2.101678403094411,-0.11890797058094904,103.9552163130302,10.387742292942168,4.3575864947517085,-1.4425233032239646,-0.25558352562154596,5.892045328378799,0.5156757,0.30183986,10,0.9090909090909091,445651.7106166243,5696597.214918574,475.8060493047791,-0.8691383512923494,2.1016784021630883,-0.1189079706115308,103.95521631251917,10.387742288867479,4.357586502954282,-1.4425233037350154,-0.25558352969625275,5.892045336581361,0.5156757,0.30183986,445652.57975497557,5696595.113240172,475.9249572753906,105.39773961625417,10.643325818563724,-1.5344588336270784,958,frame_000958.png
8000,8000,16,5,0.3125,5,1.0,5,5,1.0,445647.45659401984,5696598.9969831575,465.02350173723556,-4.288218111963943,0.7527790870517492,-11.141964571358187,-57.560917597478785,-31.069213775900412,-96.89993687384495,-163.1262253864347,-36.887342226923096,-95.23409147557867,31.866034,23.945442,5,1.0,445647.45659401984,5696598.9969831575,465.02350173723556,-4.288218111963943,0.7527790870517492,-11.141964571358187,-57.560917597478785,-31.069213775900412,-96.89993687384495,-163.1262253864347,-36.887342226923096,-95.23409147557867,31.866034,23.945442,445651.7448121318,5696598.24420407,476.16546630859375,105.56530778895592,5.818128451022674,-1.6658453982662786,959,frame_000959.png
8001,8001,16,7,0.4375,7,1.0,7,6,0.8571428571428571,445649.57617937145,5696602.687026315,475.16714648983356,-1.7368708286667243,2.841037528589368,-1.1327192328226943,105.34020900581187,10.118927990370123,8.374860242096508,-0.2141881457062027,9.765775957125072,10.048762645393225,1.0169355,0.43703493,6,0.8571428571428571,445649.5761793719,5696602.687026314,475.16714649036334,-1.736870828201063,2.8410375276580453,-1.1327192322929136,105.3402090069281,10.118927984910295,8.37486024011144,-0.2141881445899685,9.765775951665233,10.048762643408168,1.0169355,0.43703493,445651.3130502001,5696599.845988787,476.29986572265625,105.55439715151806,0.35315203324506167,-1.673902403296723,960,frame_000960.png
8001,8000,16,8,0.5,8,1.0,8,8,1.0,445650.0769433692,5696603.226575856,476.36514315481134,-0.8106969071086496,1.7812215648591518,-0.05425992136053992,104.17781657058175,-2.0756320129368038,3.975950245253323,-1.3985394561053113,-0.5887519237974459,5.263092318642379,0.34572434,0.1663887,8,1.0,445650.0769433619,5696603.226575856,476.365143151847,-0.8106969143846072,1.7812215648591518,-0.05425992432486737,104.17781656746065,-2.0756320081410315,3.9759502827908353,-1.3985394592264129,-0.5887519190016803,5.263092356179868,0.34572434,0.1663887,445650.8876402763,5696601.445354291,476.4194030761719,105.57635602668705,-1.4868800891393594,-1.2871420733890437,961,frame_000961.png
8001,8000,16,8,0.5,8,1.0,8,8,1.0,445649.819068959,5696604.925388385,476.5225420206145,-0.6408502957783639,1.9194503435865045,-0.027262666885519593,104.44795693121512,-6.70200162343202,2.769074466022483,-1.2627131797738684,-1.7271472294950456,3.8891996916711378,0.73901606,0.3186987,8,1.0,445649.8190689617,5696604.92538838,476.52254202016,-0.6408502930426039,1.9194503389298916,-0.027262667339982727,104.447956929953,-6.7020016488379675,2.7690744580321365,-1.2627131810360197,-1.7271472549009843,3.8891996836808005,0.73901606,0.3186987,445650.45991925476,5696603.005938041,476.5498046875,105.710670110989,-4.974854393936984,-1.1201252256486627,962,frame_000962.png
8000,8000,42,32,0.7619047619047619,32,1.0,32,32,1.0,445649.09957889764,5696606.839927057,476.70302320278734,-0.545790794712957,0.8515144241973758,-0.08829759799397152,104.39383117383342,-9.482936377304155,3.75098501476806,-1.2626112500157092,-0.6376338287815031,4.918730687311125,0.587063,0.47027084,32,1.0,445649.0995788977,5696606.839927057,476.7030232027872,-0.5457907946547493,0.8515144241973758,-0.08829759799408521,104.39383117381564,-9.482936377364373,3.750985014479837,-1.2626112500335012,-0.6376338288417287,4.918730687022901,0.587063,0.47027084,445649.64536969236,5696605.988412633,476.7913208007813,105.65644242384913,-8.845302548522653,-1.1677456725430748,963,frame_000963.png
8000,8000,48,35,0.7291666666666666,35,1.0,35,35,1.0,445648.26775743614,5696610.156899909,477.00270820026026,-0.6437037538853474,1.4858864583075047,0.03066230182275831,104.34586598581052,-14.736108425943529,2.453000857125295,-1.2859939962303315,-0.6301285882314289,2.785776387155096,0.4631251,0.28677213,35,1.0,445648.2677574361,5696610.156899909,477.0027082002527,-0.6437037539435551,1.4858864583075047,0.030662301815198134,104.34586598588992,-14.73610842651426,2.453000857591704,-1.2859939961509212,-0.6301285888021653,2.785776387621496,0.4631251,0.28677213,445648.91146119003,5696608.67101345,476.9720458984375,105.63185998204084,-14.105979837712109,-0.33277553002980154,964,frame_000964.png
8000,8000,28,11,0.39285714285714285,11,1.0,11,11,1.0,445647.8593286746,5696612.070420018,477.14084391041956,-0.7280961040523835,2.210865846835077,0.08493570729456223,104.31508701015056,-15.392125929576947,1.707129230536585,-1.274827434514009,2.4346771454928273,1.8818913712092638,0.43226776,0.33996215,11,1.0,445647.8593286747,5696612.0704200175,477.14084391032577,-0.7280961039941758,2.2108658459037542,0.0849357072007706,104.315087010174,-15.392125935739937,1.7071292318155435,-1.2748274344905894,2.4346771393298354,1.8818913724882123,0.43226776,0.33996215,445648.58742477867,5696609.859554172,477.055908203125,105.58991444466459,-17.82680307506978,-0.17476214067266488,965,frame_000965.png
8000,8001,46,34,0.7391304347826086,34,1.0,34,34,1.0,445647.5953009143,5696612.564292009,477.1646285642739,-0.45316710270708427,0.6775260474532843,-0.014784277522949196,104.61924395371935,-19.778024310031945,2.337206441580003,-1.2414693529310057,-0.8331445707996181,2.554375118107572,0.50975525,0.34505922,34,1.0,445647.5953009142,5696612.564292007,477.16462856359715,-0.4531671028234996,0.6775260455906391,-0.014784278199726941,104.61924395420583,-19.778024321907907,2.337206445326544,-1.2414693524445113,-0.833144582675601,2.5543751218540933,0.50975525,0.34505922,445648.048468017,5696611.886765962,477.1794128417969,105.86071330665034,-18.944879739232313,-0.21716867652756297,966,frame_000966.png
8000,8001,39,30,0.7692307692307693,30,1.0,30,30,1.0,445647.4134756763,5696613.59259799,477.27295085827797,-0.4339712061919272,0.901867319829762,0.041108817262340835,104.660090791586,-19.88841869249979,2.171131834043217,-1.2630062675330578,-0.3218287398630082,2.6478612129824626,0.40935358,0.22864331,30,1.0,445647.4134756768,5696613.592597987,477.2729508574567,-0.4339712057262659,0.9018673161044717,0.04110881644106712,104.66009079219144,-19.888418713197506,2.1711318374957362,-1.2630062669276185,-0.3218287605607202,2.6478612164349897,0.40935358,0.22864331,445647.8474468825,5696612.6907306705,477.2318420410156,105.92309705911906,-19.566589952636797,-0.47672937893925427,967,frame_000967.png
8001,8000,47,34,0.723404255319149,34,1.0,34,34,1.0,445647.1879246985,5696614.278884292,477.3116258375262,-0.4882825460517779,0.9205062929540873,0.04038560315120776,104.60577703925712,-20.802039786887356,2.983180983666287,-1.1030158831893004,-0.0143314488804549,3.9190567853328275,0.44555926,0.21172072,34,1.0,445647.1879246981,5696614.278884291,477.3116258372404,-0.4882825464592315,0.9205062920227647,0.04038560286539905,104.60577704010961,-20.802039790543443,2.983180986749078,-1.1030158823368197,-0.014331452536538336,3.9190567884156167,0.44555926,0.21172072,445647.67620724457,5696613.358377999,477.271240234375,105.70879292244642,-20.787708338006894,-0.9358758016665482,968,frame_000968.png
8001,8001,40,33,0.825,33,1.0,33,33,1.0,445647.0275156929,5696614.733318213,477.3163736839217,-0.5238408558652736,0.8444902030751109,0.014158107749835835,104.42497543002868,-21.67255972838336,2.8629804595752617,-1.1106518275214796,-0.4002686950851171,3.465170735343719,0.3613432,0.21590492,33,1.0,445647.0275156927,5696614.733318213,477.31637368384656,-0.5238408560981043,0.8444902030751109,0.014158107674688836,104.42497543044678,-21.672559728569258,2.8629804609797125,-1.1106518271033679,-0.4002686952710235,3.4651707367481777,0.3613432,0.21590492,445647.5513565488,5696613.88882801,477.3022155761719,105.53562725755016,-21.272291033298245,-0.602190275768457,969,frame_000969.png
8000,8000,58,44,0.7586206896551724,44,1.0,44,44,1.0,445646.9838506434,5696615.094738394,477.3288560940634,-0.3869394050561823,0.43028997629880905,-0.027467148124117102,101.0263815421076,-17.272269509712963,2.0100399692169364,-3.579369394363823,0.20454577841979926,2.312731020655832,0.3933972,0.1758023,44,1.0,445646.9838506434,5696615.094738395,477.32885609408686,-0.3869394050561823,0.4302899772301316,-0.02746714810064077,101.02638154212174,-17.272269508697715,2.0100399691218516,-3.579369394349669,0.20454577943505114,2.312731020560733,0.3933972,0.1758023,445647.37079004844,5696614.664448418,477.3563232421875,104.60575093647142,-17.476815288132755,-0.30269105143889286,970,frame_000970.png
8000,8000,57,51,0.8947368421052632,51,1.0,51,51,1.0,445647.04328002105,5696614.993539898,477.3072482298637,-0.29271332739153877,0.35494148079305887,-0.058840637323783085,80.45851464953417,-12.182173629754695,-1.6887177027086173,-0.3705004780329091,-0.52043049099575,-5.732371338467459,0.5312546,0.33977294,51,1.0,445647.04328001774,5696614.99353988,477.30724822765933,-0.29271333070937544,0.35494146309792995,-0.05884063952817087,80.45851464514703,-12.182173720063398,-1.6887177015154562,-0.3705004824200273,-0.5204305813044527,-5.732371337274287,0.5312546,0.33977294,445647.33599334845,5696614.638598417,477.3660888671875,80.82901512756708,-11.661743138758949,4.043653635758842,971,frame_000971.png
8000,8000,60,53,0.8833333333333333,53,1.0,53,53,1.0,445647.09764276724,5696614.840611381,477.29280439091224,-0.1648605851805769,0.3513579582795501,-0.06718096065026202,58.53321000253586,-6.293973956036519,-3.4268288570490486,-1.3588811479343974,0.04552775128544795,-9.22723698572753,0.5675943,0.39103198,53,1.0,445647.09764276724,5696614.840611381,477.2928043909209,-0.1648605851805769,0.3513579582795501,-0.06718096064162182,58.533210002563074,-6.293973955688325,-3.4268288568964373,-1.3588811479071694,0.04552775163364231,-9.227236985574933,0.5675943,0.39103198,445647.2625033524,5696614.489253423,477.3599853515625,59.89209115047025,-6.339501707321976,5.800408128678491,972,frame_000972.png
8000,8000,67,48,0.7164179104477612,48,1.0,48,48,1.0,825844.0661670424,5518727.358948383,869167.3339950995,380197.16452065104,-177886.61347676814,868689.9409897284,-95.28292231423855,3.960150792143884,-150.648293054556,-88.71826119824564,4.841573988836927,-155.5015876997296,307.89014,144.19324,48,1.0,445646.675265997,5696619.612078675,476.07745264475074,-0.22638039430603385,5.6396535243839025,-1.3155527263430145,-13.112048253077855,-10.192327193220056,23.32729107571692,-6.5473871370849395,-9.310903996527003,18.47399643054331,39.772266,24.867214,445646.9016463913,5696613.972425151,477.39300537109375,-6.564661115992906,-0.881423196693049,4.853294645173615,973,frame_000973.png
8001,8000,87,67,0.7701149425287356,67,1.0,67,67,1.0,445647.2573486363,5696613.942644365,477.26177253123706,0.41107281850418076,0.02280989196151495,-0.14807854298175016,-26.254843791459983,-0.28232164738135346,-1.8080696240674985,-1.750290239958332,-0.0817004673881172,-6.221126580902904,0.43071198,0.26604465,67,1.0,445647.25734914705,5696613.942644314,477.2617726069376,0.4110733292764053,0.022809840738773346,-0.14807846728120921,-26.254843678253057,-0.2823192802959523,-1.8080687183213258,-1.7502901267513948,-0.08169810030273084,-6.221125675156713,0.43070927,0.26604703,445646.8462758178,5696613.919834473,477.4098510742188,-24.50455355150165,-0.2006211799932278,4.413056956835393,974,frame_000974.png
8000,8001,84,71,0.8452380952380952,71,1.0,71,69,0.971830985915493,425426.27992856316,5714681.386859247,4620.587359713891,-20220.585036973003,18067.58007645607,4143.164721774438,-88.46883416287487,-75.72409015127403,-36.630937490301555,-58.17243946152567,-76.11975448706225,-41.20256306813471,248.86043,127.404854,69,0.971830985915493,445647.3029843925,5696613.77236332,477.26185356636483,0.438018856337294,-0.03441947139799595,-0.16078437308829052,-31.97589631301756,0.3624465906822036,-2.104285747416776,-1.6795016116683712,-0.03321774510601472,-6.675911325249928,0.51832306,0.29283103,445646.86496553617,5696613.806782791,477.4226379394531,-30.296394701349197,0.3956643357882273,4.571625577833152,975,frame_000975.png
8000,8001,65,51,0.7846153846153846,51,1.0,51,51,1.0,445647.4354293892,5696613.607811859,477.2700667591795,0.5267736813984811,-0.07979440223425627,-0.16245887558613958,-32.645180422302886,1.9827180085937797,-2.06583800202743,-2.2045941554341937,-0.7582187750907678,-7.619028382795079,0.4655683,0.2818247,51,1.0,445647.4354293875,5696613.607811862,477.2700667596426,0.526773679710459,-0.07979439944028854,-0.16245887512303625,-32.64518042251273,1.9827179938568724,-2.065837994439122,-2.204594155644031,-0.75821878982768,-7.619028375206767,0.4655683,0.2818247,445646.9086557078,5696613.687606261,477.4325256347656,-30.44058626686869,2.7409367836845506,5.553190380767651,976,frame_000976.png
8000,8000,76,56,0.7368421052631579,56,1.0,56,56,1.0,446192.0825883443,5696176.476177292,1037.1085558415966,545.108531663951,-437.09383541624993,559.6899767400341,8.882170466675712,37.38892065302629,-29.58750507708153,38.78497928620203,33.21928500551053,-36.08641334087753,345.65836,189.6188,56,1.0,445647.4899764951,5696613.481591585,477.26891764061554,0.5159198147593997,-0.08842112310230732,-0.14966146094695887,-31.368982246573452,4.324718724945198,-3.2631220590085572,-1.4661734270471243,0.15508307742942407,-9.762030322804549,0.5403326,0.28565508,445646.97405668034,5696613.570012708,477.4185791015625,-29.90280881952633,4.169635647515776,6.4989082637960065,977,frame_000977.png
8000,8000,57,38,0.6666666666666666,38,1.0,38,38,1.0,445647.59819044697,5696613.2640384175,477.2726000806709,0.5568807956296951,-0.16650341637432575,-0.15458497792286607,-32.22783607383409,-1.9425844330696114,0.4799095788225257,-1.7762176883192922,-0.4940756813328733,-1.4994098147426485,0.46046644,0.35642967,38,1.0,445647.59819044906,5696613.264038416,477.2726000806182,0.5568807977251709,-0.1665034182369709,-0.15458497797555992,-32.22783607372218,-1.9425844199199729,0.47990957746212903,-1.776217688207396,-0.49407566818325677,-1.4994098161030536,0.46046644,0.35642967,445647.04130965134,5696613.430541834,477.42718505859375,-30.4516183855148,-1.4485087517367259,1.9793193935651883,978,frame_000978.png
8000,8000,88,65,0.7386363636363636,65,1.0,65,64,0.9846153846153847,445647.7040284116,5696613.111706631,477.28783851547576,0.4964892793796025,-0.06702025793492794,-0.13498252944611977,-32.20499223351193,-5.118992935553452,2.2970334840224393,-1.5065571291116555,0.31831469969262116,2.4128960530897245,0.4699737,0.28691894,64,0.9846153846153847,445647.7040284114,5696613.111706631,477.28783851548303,0.49648927920497954,-0.06702025793492794,-0.1349825294388438,-32.2049922335241,-5.118992936516899,2.297033484131622,-1.50655712912382,0.31831469872918206,2.4128960531988923,0.4699737,0.28691894,445647.2075391322,5696613.178726889,477.4228210449219,-30.698435104400282,-5.4373076352460865,-0.1158625690672759,979,frame_000979.png
8000,8000,89,68,0.7640449438202247,68,1.0,68,60,0.8823529411764706,445647.85426249064,5696613.048741775,477.27662973575946,0.518920055415947,-0.028591749258339405,-0.1597716314280433,-32.158564382973154,-1.2628107937882551,-1.0808969543056612,-1.4464950865191497,0.16145144904186282,-4.515611329054195,0.5238139,0.2767186,60,0.8823529411764706,445647.8542624902,5696613.048741776,477.2766297357747,0.5189200549502857,-0.02859174832701683,-0.15977163141280926,-32.15856438302612,-1.2628107965460849,-1.080896954277595,-1.4464950865720994,0.1614514462840475,-4.515611329026115,0.5238139,0.2767186,445647.3353424352,5696613.077333524,477.4364013671875,-30.71206929645401,-1.4242622428301317,3.4347143747485283,980,frame_000980.png
8000,8000,83,52,0.6265060240963856,52,1.0,52,49,0.9423076923076923,445642.3487071072,5696618.532351722,472.4919389308662,-5.026768060924951,5.459682267159224,-4.9392439304619415,-28.86926020461909,-47.81728791139126,8.389964762354698,1.6465142003857522,-48.38380418683818,3.766250195692294,74.1912,69.936516,49,0.9423076923076923,445647.85717152833,5696613.133097648,477.2795162508785,0.481696360220667,0.06042819283902645,-0.15166661044963803,-32.01104154932192,0.3691661005894471,-2.0665804317578136,-1.4952671443170686,-0.19735017485746198,-6.690294998420228,0.5626721,0.34776655,445647.3754751681,5696613.072669455,477.4311828613281,-30.515774405004848,0.5665162754469049,4.62371456666241,981,frame_000981.png
8000,8000,80,56,0.7,56,1.0,56,55,0.9821428571428571,2723232.2062950544,5011242.147731448,4695813.865517779,2277584.7720341533,-685370.9664230617,4695336.437356158,-90.78093405601543,5.2888303610508265,31.17212275007969,-60.776928080477035,2.7256211902467555,25.337805899144428,284.107,146.38899,55,0.9821428571428571,445647.93216150743,5696613.099581504,477.265615824576,0.49790060613304377,-0.01457300502806902,-0.16254579651774748,-31.41306999368216,2.8027840990394193,-3.4259330702164186,-1.4090640181437664,0.2395749282353279,-9.260249921151654,0.5476999,0.30860525,445647.4342609013,5696613.114154509,477.42816162109375,-30.00400597553839,2.56320917080408,5.834316850935249,982,frame_000982.png
8000,8000,70,56,0.8,56,1.0,56,55,0.9821428571428571,445644.4776845288,5696620.52230598,473.92246030884905,-2.9774760533473454,7.386492776684463,-3.499262103260321,-23.78264489258953,-36.22272214642807,23.301539086263908,6.201805805640845,-38.028716915518146,16.803598922970224,41.018642,32.473656,55,0.9821428571428571,445647.9242745816,5696613.146728199,477.2659832239344,0.4691139994538389,0.010914995335042477,-0.15573918817494814,-31.347556360615478,2.089903458201352,-4.238063834756921,-1.3631056623850952,0.2839086891112572,-10.736003998050592,0.5020677,0.29074654,445647.45516058215,5696613.135813204,477.4217224121094,-29.984450698230386,1.805994769090085,6.497940163293685,983,frame_000983.png
8000,8000,74,58,0.7837837837837838,58,1.0,58,58,1.0,445643.9802983722,5696611.958163656,456.29321290760214,-3.4975546439527534,-1.1944707920774817,-21.125213606069735,146.77154592588556,-14.007197967440637,-22.30818639470619,177.10596762860905,-14.867100961699379,-29.043575432429947,16.819826,11.46098,58,1.0,445647.97388323076,5696613.163090833,477.26151268109663,0.4960302145918831,0.010456385090947151,-0.15691383257524194,-31.724196849916957,1.0476342812356503,-4.439329187760118,-1.3897751471934612,0.18773128697691277,-11.174718225483872,0.50025576,0.2716021,445647.4778530162,5696613.152634448,477.4184265136719,-30.33442170272351,0.8599029942587452,6.735389037723745,984,frame_000984.png
8000,8000,87,70,0.8045977011494253,70,1.0,70,70,1.0,445646.14324036,5696618.349470343,475.42100639416304,-1.3980025653145276,5.178755532950163,-1.9698627464619562,-28.09682892447455,-22.354805462837074,15.278162281800453,2.15820490095453,-23.063202872925444,9.497788279756946,37.398376,33.207657,70,1.0,445648.02029754216,5696613.206404467,477.2619409306392,0.4790546168223955,0.035689656622707844,-0.12892820998581556,-31.62826251311713,0.6895179789359718,-3.2627303696331893,-1.373228687688055,-0.018879431152384996,-9.04310437167669,0.45115486,0.3118342,445647.54124292533,5696613.1707148105,477.390869140625,-30.25503382542907,0.7083974100883613,5.780374002043511,985,frame_000985.png
8000,8001,78,64,0.8205128205128205,64,1.0,64,57,0.890625,375906.2461866899,5761896.5700972,-33350.2073418264,-69741.30726729147,65283.39684672374,-33827.59125295921,72.81624130319334,-57.37183426150288,-54.98371172467684,102.96707218797917,-57.768569801541574,-60.77228533389163,264.92294,128.56429,57,0.890625,445648.05310894735,5696613.167975337,477.2410733162399,0.49965496599907055,-0.005275138653814793,-0.14283781657258032,-31.5216908613885,0.6203021951297418,-3.3901576292437197,-1.3708599766026737,0.223566655091048,-9.17873123845851,0.46868023,0.2965149,445647.55345398135,5696613.173250476,477.3839111328125,-30.15083088478583,0.3967355400386939,5.788573609214793,986,frame_000986.png
8000,8000,93,76,0.8172043010752689,76,1.0,76,76,1.0,445657.54627847596,5696615.931240819,472.0945255136243,9.982002300035674,2.7548341639339924,-5.283495726610056,-10.426238101544213,51.90889492667437,19.13706294613698,19.88402709139089,51.43174987095475,14.29909796512635,125.31919,89.28509,76,1.0,445648.00015669054,5696613.189953094,477.23726119521945,0.435880514618475,0.01354643888771534,-0.1407600450149289,-31.71891561797347,0.16643657529887623,-2.3675917300670064,-1.4086504250383882,-0.31070848042074317,-7.205556711077634,0.54661787,0.36970198,445647.5642761759,5696613.176406655,477.3780212402344,-30.310265192935095,0.4771450557196159,4.837964981010628,987,frame_000987.png
8000,8000,84,65,0.7738095238095238,65,1.0,65,65,1.0,445646.0336031306,5696617.919541706,475.40067510437916,-1.5300017899135128,4.734389308840036,-1.976125432730214,-26.927928415123695,-21.00496114706601,13.867175718760436,3.338948420265325,-22.2537390960415,8.35517222901376,43.586414,33.47221,65,1.0,445648.01984008437,5696613.244289601,477.2414906938413,0.45623516384512186,0.059137203730642796,-0.13530984326808948,-31.612040105195305,1.0406406029765307,-2.8547093789420073,-1.3451632698063065,-0.20813734599894929,-8.366712868688694,0.49226287,0.2997732,445647.5636049205,5696613.1851523975,477.3768005371094,-30.26687683538901,1.2487779489754813,5.512003489746688,988,frame_000988.png
8001,8001,86,69,0.8023255813953488,69,1.0,69,63,0.9130434782608695,445644.4217949797,5696619.824529297,474.66453763067597,-3.1352828259114176,6.591703207232058,-2.723920621277159,-25.35650245955063,-34.40428416019564,18.498162252522768,4.919950703213175,-35.549477232119415,12.357565165727465,34.56649,37.266945,63,0.9130434782608695,445648.0092140614,5696613.280358151,477.23652671162887,0.45213625580072403,0.047532061114907265,-0.15193154032425582,-31.58943673487605,0.9243970400603867,-3.6353656330154367,-1.3129835721122447,-0.2207960318633866,-9.775962719810735,0.539923,0.35037175,445647.5570778056,5696613.2328260895,477.3884582519531,-30.276453162763794,1.1451930719237688,6.140597086795289,989,frame_000989.png
8001,8000,96,76,0.7916666666666666,76,1.0,76,76,1.0,445648.01683817734,5696613.28226592,477.23074529002037,0.4563986639259383,0.025478161871433258,-0.15469172169844114,-31.760209385154507,1.4081391190155903,-3.4468754027250816,-1.3178356701392318,-0.1064480975181823,-9.357752064022975,0.4889934,0.2727959,76,1.0,445648.0168381738,5696613.282265921,477.2307452900037,0.456398660375271,0.025478162802755833,-0.15469172171509626,-31.760209385776342,1.4081391010267967,-3.446875406762652,-1.317835670761042,-0.10644811550696431,-9.357752068060563,0.4889934,0.2727959,445647.5604395134,5696613.256787758,477.3854370117188,-30.44237371501529,1.514587216533765,5.910876661297904,990,frame_000990.png
8000,8001,85,65,0.7647058823529411,65,1.0,65,65,1.0,445647.90606428485,5696616.549030665,477.05700923481965,0.35015878308331594,3.273596686311066,-0.33035038432097963,-30.844154704885288,-7.5519777539762405,10.518525354804034,-0.48349790247289093,-9.001653443446799,5.2487024547849614,13.9128065,10.4882965,65,1.0,445648.00868010643,5696613.327508471,477.23086659360956,0.4527746046660468,0.05207449197769165,-0.1564930255310628,-31.72996074743634,1.2346151096695341,-2.6760954158793115,-1.369303945023944,-0.215060579801019,-7.945918315898382,0.55220544,0.3114716,445647.55590550177,5696613.275433979,477.3873596191406,-30.360656802412393,1.4496756894705563,5.269822900019075,991,frame_000991.png
8001,8000,89,66,0.7415730337078652,66,1.0,66,66,1.0,445648.0012348654,5696613.352687926,477.2250236665761,0.4543993949191645,0.029144088737666607,-0.15635450725204691,-31.53480065131597,0.9296250604953717,-3.38978927611441,-1.4242987471566266,-0.19049012728797265,-9.375525297957466,0.48157617,0.2801522,66,1.0,445648.00123486493,5696613.352687926,477.2250236665754,0.4543993944535032,0.029144088737666607,-0.15635450725272904,-31.534800651387716,0.929625058208704,-3.3897892766694695,-1.424298747228363,-0.1904901295746413,-9.375525298512514,0.48157617,0.2801522,445647.5468354705,5696613.323543837,477.3813781738281,-30.11050190415935,1.1201151877833315,5.9857360218430475,992,frame_000992.png
8001,8000,95,75,0.7894736842105263,75,1.0,75,75,1.0,445648.0013755959,5696613.398309351,477.23203385204073,0.4487968194298446,0.05690814275294542,-0.14186751514677098,-31.621850458535356,0.23474099250927416,-2.644253758511197,-1.4438309537806902,-0.30503318578533367,-8.225149093465149,0.53089297,0.31538767,75,1.0,445648.00137559,5696613.398309354,477.2320338522344,0.4487968134926632,0.05690814554691315,-0.14186751495310546,-31.62185045920564,0.2347409589160587,-2.644253760172411,-1.4438309544509593,-0.30503321937854366,-8.225149095126369,0.53089297,0.31538767,445647.5525787765,5696613.341401208,477.3739013671875,-30.178019504754673,0.5397741782945954,5.580895334953944,993,frame_000993.png
8000,8000,99,84,0.8484848484848485,84,1.0,84,82,0.9761904761904762,445647.4266308169,5696618.5193730835,476.30145146017327,-0.12511758314212784,5.1674755262210965,-1.0826732956861065,-29.283122898621993,-15.71930494319664,18.369585311611118,0.9390367130442883,-16.525619619683482,13.178978506427029,20.112713,11.640008,82,0.9761904761904762,445648.0120141141,5696613.380144814,477.23991645280216,0.46026571409311146,0.028247256763279438,-0.1442083030572121,-31.697941900826308,0.5484406278103953,-2.5450201764440252,-1.4757822891600085,-0.2578740486764275,-7.735626981628116,0.48674664,0.25726265,445647.55174840003,5696613.351897557,477.3841247558594,-30.22215961166629,0.8063146764868306,5.190606805184099,994,frame_000994.png
8003,8000,78,66,0.8461538461538461,66,1.0,66,66,1.0,445646.4948803338,5696619.146315427,475.9378719966052,-1.0519778451416641,5.77433517947793,-1.4519900639416505,-28.05513174719244,-21.866951348305783,19.02826416287521,2.2108849453823893,-22.487882905754674,13.583429865610242,21.25189,15.782948,66,1.0,445648.0149221779,5696613.396626264,477.23829619413675,0.46806399896740913,0.024646016769111156,-0.15156586641012382,-31.674578464472194,0.38088290569668476,-2.7720112391231635,-1.4085617718973822,-0.24004865175220402,-8.21684553638812,0.46479845,0.26766852,445647.5468581789,5696613.371980247,477.3898620605469,-30.26601669257482,0.620931557448887,5.444834297264958,995,frame_000995.png
8000,8000,85,73,0.8588235294117647,73,1.0,73,73,1.0,-1223142.7478016524,5670634.931432068,9867278.866602603,-1668790.285185193,-25978.456963821314,9866801.478235904,-89.74170609140587,-0.8604966381125051,175.38047163315514,-59.46834036972989,-2.6307310558187282,169.32289699225612,302.40762,146.98027,73,1.0,445647.9717896894,5696613.4312262675,477.23310256246504,0.4344061487936415,0.04283037781715393,-0.1552641367537717,-31.753759411720335,1.4142505829213605,-3.335538395917586,-1.4803936900443375,-0.3559838347848654,-9.393113036816601,0.512298,0.3420977,445647.5373835406,5696613.38839589,477.3883666992188,-30.27336572167599,1.770234417706223,6.057574640899016,996,frame_000996.png
8000,8000,75,63,0.84,63,1.0,63,63,1.0,445647.9708406098,5696613.418817563,477.2105601476248,0.45599395886529237,0.007527977228164673,-0.1724049402658352,-31.63037442153549,2.7928731897995975,-2.8861069174833456,-1.4790537762241343,0.008572065244749183,-8.351533750708512,0.5622714,0.3923347,63,1.0,445647.97084060946,5696613.418817564,477.21056014780135,0.4559939585160464,0.0075279781594872475,-0.17240494008927953,-31.630374421563427,2.7928731859628315,-2.8861069145452847,-1.4790537762520728,0.00857206140798894,-8.351533747770475,0.5622714,0.3923347,445647.51484665094,5696613.411289586,477.3829650878906,-30.151320645311344,2.7843011245548404,5.465426833225179,997,frame_000997.png
8000,8001,78,66,0.8461538461538461,66,1.0,66,66,1.0,445646.71987752593,5696615.853695435,477.0328676807475,-0.7622806861181743,2.41949883941561,-0.34509252433065285,-31.973800589464076,-7.67438506076647,5.247768408009109,-1.6433692330738268,-11.572631411519154,1.078703926795015,8.221405,9.690556,66,1.0,445647.8872067913,5696613.499359391,477.2097693287396,0.40504857926862314,0.06516279466450214,-0.16819087633854224,-31.792017960348392,3.504320689732954,-1.4541342261202421,-1.461586603958125,-0.39392566101972193,-5.623198707334353,0.43262458,0.23661384,445647.48215821205,5696613.434196596,477.3779602050781,-30.330431356390264,3.8982463507526854,4.1690644812140984,998,frame_000998.png
8001,8001,78,57,0.7307692307692307,57,1.0,57,57,1.0,445647.86312023987,5696613.514654277,477.2071727286554,0.449478596507106,0.03290506638586521,-0.1591907967352313,-31.8042516671572,4.182497411551607,-2.7394577345366042,-1.4820858856101324,-0.1498387884452086,-8.18929228077107,0.45250455,0.27272746,57,1.0,445647.86312023725,5696613.51465428,477.20717272919086,0.44947859388776124,0.032905069179832935,-0.15919079619976628,-31.804251667819663,4.182497392508503,-2.739457728192104,-1.4820858862725856,-0.14983880748832235,-8.189292274426577,0.45250455,0.27272746,445647.41364164336,5696613.4817492105,477.3663635253906,-30.322165781547074,4.332336199996816,5.4498345462344675,999,frame_000999.png
8000,8000,76,65,0.8552631578947368,65,1.0,65,65,1.0,445647.85960442503,5696613.486391293,477.21049683126864,0.4743450306705199,-0.0073134033009409904,-0.15559203591885762,-31.586668543342896,3.4886636159482514,-2.156373391821812,-1.4579243569809819,0.016761973718018908,-6.870233661951602,0.4809068,0.298076,65,1.0,445647.85960442503,5696613.486391293,477.2104968312914,0.4743450306705199,-0.0073134033009409904,-0.15559203589612025,-31.58666854335079,3.48866361549153,-2.156373391404382,-1.4579243569888831,0.01676197326131046,-6.870233661534172,0.4809068,0.298076,445647.38525939436,5696613.493704696,477.3660888671875,-30.12874418636192,3.471901642230229,4.713860270129799,1000,frame_001000.png
8000,8000,71,57,0.8028169014084507,57,1.0,57,57,1.0,445647.8027767175,5696613.506652797,477.2173140993519,0.44440758449491113,0.012153019197285175,-0.1611954221324936,-31.79905879471517,3.8947736070282963,-1.9389067998815195,-1.512651735283299,-0.10363391906855668,-6.534510121050971,0.5251183,0.3459746,57,1.0,445647.8027767135,5696613.506652799,477.2173140997623,0.44440758047858253,0.0121530219912529,-0.16119542172208412,-31.799058795303903,3.8947735832100427,-1.9389067990758488,-1.5126517358720264,-0.10363394288680183,-6.534510120245301,0.5251183,0.3459746,445647.358369133,5696613.494499777,477.3785095214844,-30.28640705943188,3.9984075260968486,4.595603321169443,1001,frame_001001.png
8000,8001,74,56,0.7567567567567568,56,1.0,56,49,0.875,451028.9717404516,5691023.592064313,19394.45485723567,5381.63574470632,-5589.907564745285,18917.073936825513,-30.358428682108467,23.406520024803037,3.22082114582699,-0.15207589154283596,19.81955962398993,-1.2732741442200393,219.13196,117.842606,49,0.875,445647.81995406403,5696613.521969189,477.2327571554215,0.4839583187713288,0.022340130992233753,-0.14816325473475445,-31.69362746729454,3.6234107869435475,-1.7162462121850515,-1.4872746767289016,0.03645038613043994,-6.210341502232097,0.47284964,0.26829922,445647.33599574526,5696613.499629058,477.38092041015625,-30.20635279056564,3.5869604008131124,4.49409529004704,1002,frame_001002.png
8000,8000,81,67,0.8271604938271605,67,1.0,67,67,1.0,445647.77181859664,5696613.498734658,477.2254644513529,0.4685822892934084,0.00976902712136507,-0.1645501970846226,-31.71327374470397,3.5245797981267493,-2.02972227001551,-1.517900904304497,-0.08437925291664783,-6.70104123309855,0.4802862,0.29926395,67,1.0,445647.7718185966,5696613.498734658,477.2254644513968,0.46858228923520073,0.00976902712136507,-0.16455019704068263,-31.71327374471092,3.524579797347724,-2.029722269150484,-1.5179009043114604,-0.08437925369568688,-6.7010412322335355,0.4802862,0.29926395,445647.30323630734,5696613.4889656305,477.3900146484375,-30.195372840399465,3.608959051043398,4.671318963083052,1003,frame_001003.png
8000,8001,112,85,0.7589285714285714,85,1.0,85,84,0.9882352941176471,445647.73517332034,5696613.484054909,477.22368883792194,0.44436285470146686,0.0017874287441372871,-0.170171025359366,-31.8598656466393,3.211685849634408,-1.7671555859128236,-1.583591764857232,-0.3307220728542859,-6.170669408789365,0.46994796,0.280956,84,0.9882352941176471,445647.73517332016,5696613.484054909,477.2236888379349,0.4443628545268439,0.0017874287441372871,-0.1701710253464057,-31.859865646668403,3.2116858484949837,-1.7671555858327035,-1.5835917648863358,-0.33072207399371223,-6.170669408709244,0.46994796,0.280956,445647.29081046564,5696613.48226748,477.3938598632813,-30.27627388178208,3.5424079224886826,4.403513822876539,1004,frame_001004.png
8001,8001,97,75,0.7731958762886598,75,1.0,75,75,1.0,445647.69197966607,5696613.4674039325,477.22058467337007,0.41116452537244186,-0.0008459025993943214,-0.1726038031924304,-31.75945016646407,2.3323922916378304,-1.6941875051765007,-1.5871507671600398,-0.3105959944967651,-5.845041648536807,0.4933032,0.291288,75,1.0,445647.69197966525,5696613.467403933,477.22058467337337,0.4111645245575346,-0.0008459016680717468,-0.1726038031891335,-31.759450166603372,2.3323922871961447,-1.6941875055148226,-1.587150767299363,-0.310595998938453,-5.84504164887511,0.4933032,0.291288,445647.2808151407,5696613.468249835,477.3931884765625,-30.172299399304016,2.642988286134608,4.150854143360296,1005,frame_001005.png
8000,8001,81,66,0.8148148148148148,66,1.0,66,66,1.0,445646.5357185799,5696609.756560392,474.9456064476778,-0.7364837422501296,-3.6943274531513453,-2.4496877417753353,-32.422116931712196,10.08806729870043,-23.567858966650544,-2.174527862998332,6.567092478734139,-27.971916732384102,25.385782,20.033789,66,1.0,445647.72895028803,5696613.465512267,477.2299461823288,0.4567479658871889,0.014624422416090965,-0.16534800712435072,-31.87320001075773,3.2245119352594407,-1.6867090160185896,-1.6256109420438634,-0.29646288470686954,-6.090766781752137,0.49712926,0.28454047,445647.27220232214,5696613.450887845,477.3952941894531,-30.24758906871387,3.520974819966305,4.404057765733553,1006,frame_001006.png
8000,8000,89,76,0.8539325842696629,76,1.0,76,76,1.0,445646.1656908938,5696617.066867241,476.6161104637432,-1.0998806456336752,3.641321166418493,-0.7822354835224132,-31.308616662351007,-13.33373101221362,9.35757029257012,-1.1696524853406913,-16.76006040283221,4.882260146037879,15.369047,15.108159,76,1.0,445647.7153348967,5696613.45222383,477.22617092051416,0.4497633572900668,0.026677755638957024,-0.1721750267514608,-31.663507597843108,3.094194253235599,-1.7935906977190204,-1.5245434208327993,-0.3321351373830055,-6.268900844251277,0.48376024,0.3029488,445647.2655715394,5696613.425546074,477.3983459472656,-30.13896417701032,3.426329390618595,4.475310146532247,1007,frame_001007.png
8000,8000,81,53,0.654320987654321,53,1.0,53,53,1.0,445647.77211001574,5696613.440040015,477.24481945129173,0.49881660734536126,0.03491273429244757,-0.15352649597389245,-31.903620725145185,-0.5293252237366879,0.9913350947488095,-2.002586920965598,-1.0426270803770308,-1.2006608976916766,0.49673027,0.281181,53,1.0,445647.7721100038,5696613.440040015,477.24481945057414,0.4988165954127908,0.03491273429244757,-0.15352649669148377,-31.903620728993186,-0.529325272184873,0.9913350625651288,-2.0025869248136132,-1.0426271288252167,-1.2006609298753688,0.49673027,0.281181,445647.2732934084,5696613.40512728,477.3983459472656,-29.901033804179587,0.5133018566403313,2.1919959924404853,1008,frame_001008.png
8000,8000,92,73,0.7934782608695652,73,1.0,73,70,0.958904109589041,445648.11498588655,5696616.223587382,477.087787453284,0.8098589996225201,2.8304693065583706,-0.2891961892941026,-31.4607741744083,-5.9179335720602575,9.859931102152618,-0.7122527370009379,-6.321125779380083,4.595591018816407,12.358759,8.83687,70,0.958904109589041,445647.76040655095,5696613.41541602,477.22934077454795,0.45527966402005404,0.022297944873571396,-0.14764286803017512,-32.31170104024207,0.01586972257510849,-2.737219910262766,-1.5631796028347082,-0.38732248474471476,-8.001559993598988,0.486856,0.29146853,445647.30512688693,5696613.393118075,477.3769836425781,-30.748521437407373,0.4031922073198119,5.2643400833362195,1009,frame_001009.png
8000,8000,79,62,0.7848101265822784,62,1.0,62,62,1.0,448507.03941240563,5697916.641403649,833.7129927498773,2859.7301569388364,1303.2615200886503,356.34788044518984,-59.63254531395976,61.39643759875492,-92.32527580622703,-28.85495237205896,62.901435767661326,-97.84454040390528,295.57202,200.45251,62,1.0,445647.775534331,5696613.399341533,477.23953650085883,0.46627886418718845,0.01945797260850668,-0.12557580382866718,-32.30055672032341,-1.7844804811680883,-3.0121149230677275,-1.5229637784226213,-0.27948231226167763,-8.531379520745986,0.47677568,0.3010119,445647.3092554668,5696613.37988356,477.3651123046875,-30.77759294190079,-1.5049981689064214,5.519264597678265,1010,frame_001010.png
8000,8001,86,70,0.813953488372093,70,1.0,70,70,1.0,445647.7187457176,5696613.3719890565,477.2298608798155,0.4324209882761352,0.0008562542498111725,-0.13030757721583086,-32.29525760725642,-1.016013224584362,-2.7186641035117503,-1.6079919692356839,-0.5023351349014149,-7.710381466916118,0.41779947,0.23652788,70,1.0,445647.71874571627,5696613.371989057,477.2298608797563,0.432420986937359,0.0008562551811337471,-0.13030757727500486,-32.2952576076925,-1.016013231567046,-2.7186641047602227,-1.6079919696717582,-0.5023351418841173,-7.71038146816457,0.41779947,0.23652788,445647.2863247293,5696613.371132802,477.3601684570313,-30.68726563802073,-0.5136780896829333,4.991717363404355,1011,frame_001011.png
8000,8000,101,80,0.7920792079207921,80,1.0,80,80,1.0,445647.6410096447,5696613.340133148,477.22530598750257,0.3983925318461843,-0.026822514832019806,-0.14056925663805941,-32.114374378145925,1.4269868832069796,-1.350952717909568,-1.5259817427729558,-0.3304563948359487,-4.935662407337446,0.47835112,0.31143185,80,1.0,445647.6410096434,5696613.340133149,477.2253059876043,0.3983925305074081,-0.02682251390069723,-0.1405692565363097,-32.11437437838357,1.4269868750141859,-1.3509527172065439,-1.5259817430106182,-0.3304564030287622,-4.935662406634407,0.47835112,0.31143185,445647.2426171129,5696613.366955663,477.3658752441406,-30.588392635372955,1.7574432780429359,3.5847096894278647,1012,frame_001012.png
8001,8000,99,66,0.6666666666666666,66,1.0,66,66,1.0,445647.52661557135,5696613.355428493,477.2397004534317,0.4495871353428811,0.016452936455607414,-0.18025193914644433,-32.51651305270635,3.1126864703589,0.6346153136237861,-1.4414796230858258,-0.05804474204714438,-1.7962340413578772,0.4835484,0.29063842,66,1.0,445647.52661556937,5696613.355428494,477.2397004537602,0.4495871333638206,0.01645293738692999,-0.1802519388179462,-32.516513053089895,3.1126864582968867,0.6346153144604686,-1.4414796234693767,-0.058044754109147334,-1.796234040521199,0.4835484,0.29063842,445647.077028436,5696613.338975556,477.4199523925781,-31.075033429620532,3.170731212406047,2.4308493549816603,1013,frame_001013.png
8000,8001,71,53,0.7464788732394366,53,1.0,53,53,1.0,445647.5322219956,5696613.081491224,477.2303124710521,0.5012487900676206,-0.1450940379872918,-0.17798220668225895,-31.50207574145311,3.5838032826594577,2.1201247672590626,-1.7709498309031062,-0.6002218938028534,1.9772702387834897,0.46743274,0.28393424,53,1.0,445647.53222199396,5696613.081491225,477.23031247135646,0.5012487884378061,-0.14509403612464666,-0.17798220637791928,-31.502075741997935,3.583803271272824,2.120124770691719,-1.770949831447922,-0.6002219051894713,1.97727024221615,0.46743274,0.28393424,445647.0309732055,5696613.2265852615,477.4082946777344,-29.73112591055,4.184025176462301,0.1428545284755647,1014,frame_001014.png
8000,8000,98,67,0.6836734693877551,67,1.0,67,67,1.0,445651.9083677452,5696632.922187667,694.8096347089254,4.803840710665099,19.925014473497868,217.40771820501908,-29.348586055689527,-2.4428669709717776,10.126937245762806,1.6410481888845823,-5.388563748492089,6.104985119741656,284.38626,165.99303,67,1.0,445647.607403432,5696612.977609652,477.2396469634583,0.5028763974551111,-0.019563541747629642,-0.16226954044799413,-32.464266385238716,2.940015403893329,-1.3661060141362955,-1.4746321406646246,-0.005681373626970299,-5.3880581401574545,0.5209328,0.33109578,445647.10452703456,5696612.997173194,477.4019165039063,-30.9896342445741,2.945696777520305,4.021952126021158,1015,frame_001015.png
8000,8000,84,59,0.7023809523809523,59,1.0,59,59,1.0,444943.9460849368,5696958.215887447,1684.9227534154588,-703.2166579804616,345.3303755056113,1207.5210200170213,26.09772272990958,-20.451851580798802,31.562677312734607,56.893845679079675,-25.833496938972274,27.34989877589541,338.6432,223.3729,59,1.0,445647.68505901744,5696612.806932977,477.2440567475681,0.5223161001922563,-0.07857896387577057,-0.15767665086940497,-32.446774573075615,5.016528935233405,-1.4932801917241019,-1.6506516239055316,-0.36511642294004787,-5.706058728563306,0.42930374,0.20848982,445647.16274291725,5696612.885511941,477.4017333984375,-30.796122949170087,5.381645358173466,4.212778536839202,1016,frame_001016.png
8000,8000,70,48,0.6857142857142857,48,1.0,48,48,1.0,445647.7219122597,5696612.684160528,477.24654772400356,0.4952971068560146,-0.09583903197199106,-0.16867444396524434,-32.35861907708612,6.43503991891029,-1.538466044301265,-1.4055026364029288,-0.38014312565221076,-5.559290583360593,0.56290025,0.35225177,48,1.0,445647.72191226715,5696612.684160498,477.24654771705036,0.4952971143065952,-0.09583906177431345,-0.16867445091844502,-32.35861907052415,6.435040030226743,-1.538466149811752,-1.405502629840953,-0.380143014335772,-5.559290688871073,0.56290025,0.35225177,445647.22661515285,5696612.77999956,477.4152221679688,-30.953116440683182,6.815183044562502,4.020824539059322,1017,frame_001017.png
8001,8000,84,62,0.7380952380952381,62,1.0,62,59,0.9516129032258065,445647.8418355593,5696612.512986859,477.2378555900956,0.5516327776713297,-0.14964912459254265,-0.20205529857628335,-32.613897488951636,6.518613189515137,-1.6563051359428322,-1.4647065423837091,-0.21893812379812516,-5.666947465698399,0.572823,0.33476415,59,0.9516129032258065,445647.84183555434,5696612.512986862,477.23785559029153,0.5516327727236785,-0.14964912179857492,-0.20205529838034408,-32.613897489533784,6.518613163350261,-1.6563051406574407,-1.464706542965871,-0.21893814996300875,-5.666947470413021,0.572823,0.33476415,445647.2902027816,5696612.662635984,477.4399108886719,-31.149190946567924,6.7375513133132685,4.010642329755579,1018,frame_001018.png
8001,8000,73,45,0.6164383561643836,45,1.0,45,44,0.9777777777777777,445648.01634583063,5696612.253963412,477.2389402862864,0.434528095938731,-0.04096424579620361,-0.20551772152612102,-31.82916497236187,7.143270251623278,-1.1427929916941075,-1.562053297774753,-0.503851968923442,-4.658782718894344,0.5091199,0.26616925,44,0.9777777777777777,445648.0163458292,5696612.253963412,477.23894028618116,0.43452809448353946,-0.04096424579620361,-0.2055177216313382,-31.829164972349822,7.143270245338431,-1.1427929954543667,-1.5620532977627022,-0.5038519752082777,-4.658782722654621,0.5091199,0.26616925,445647.5818177347,5696612.294927658,477.4444580078125,-30.267111674587113,7.647122220546717,3.5159897272002447,1019,frame_001019.png
8000,8000,67,47,0.7014925373134329,47,1.0,47,47,1.0,445648.2814022922,5696612.1117479475,477.2425055720641,0.5667788075516,-0.05878781620413065,-0.19804618574841015,-32.232031430958585,6.956713454308504,-1.6422953562166307,-1.6138366253487675,-0.32937911268919606,-5.881014021386449,0.5294183,0.2669867,47,1.0,445648.28140229115,5696612.1117479475,477.24250557202,0.5667788065038621,-0.05878781620413065,-0.19804618579252065,-32.23203143094232,6.956713449681619,-1.6422953585715765,-1.6138366253325103,-0.32937911731607983,-5.881014023741415,0.5294183,0.2669867,445647.71462348464,5696612.170535764,477.4405517578125,-30.618194805609825,7.286092566997689,4.238718665169829,1020,frame_001020.png
8000,8000,72,59,0.8194444444444444,59,1.0,59,59,1.0,445648.7863541686,5696611.728229889,477.2534394371328,0.5308719091699459,-0.04221428092569113,-0.1793913734140915,-32.33769647469946,7.222946707849188,-1.6081775402923904,-1.5137833660534739,-0.12435933606408867,-5.6646389378030335,0.5490231,0.36796108,59,1.0,445648.7863541617,5696611.728229891,477.2534394370679,0.5308719022432342,-0.04221427906304598,-0.17939137347894984,-32.337696474988064,7.222946674802226,-1.6081775506652582,-1.5137833663420963,-0.12435936911106182,-5.664638948175906,0.5490231,0.36796108,445648.25548225944,5696611.77044417,477.4328308105469,-30.82391310864598,7.347306043913274,4.0564613975106525,1021,frame_001021.png
8001,8000,96,69,0.71875,69,1.0,69,69,1.0,445649.06886846287,5696611.530949916,477.2514475749025,0.5965035620029084,-0.08203986007720232,-0.18187151689437542,-32.25677942173393,6.615211259077227,-1.3183312818558581,-1.5396448674648866,-0.12159298794992424,-5.146600321263378,0.55738986,0.2860703,69,1.0,445649.0688684838,5696611.530949917,477.2514475747748,0.5965035829576664,-0.08203985914587975,-0.18187151702210258,-32.25677942646308,6.615211342401523,-1.3183312237785727,-1.5396448721940317,-0.12159290462562922,-5.146600263186087,0.55738974,0.2860702,445648.47236490087,5696611.612989776,477.4333190917969,-30.71713455426905,6.736804247027139,3.828269039407527,1022,frame_001022.png
8001,8001,92,77,0.8369565217391305,77,1.0,77,77,1.0,445649.7569627716,5696611.10075319,477.2531456593031,0.7842707968666218,-0.1666901856660843,-0.16543344225942747,-32.26135500231075,2.3705190275800407,-1.8818996414255749,-1.570212804815327,-0.15629881598181328,-6.331394092861132,0.45813212,0.24733388,77,1.0,445649.7569627715,5696611.10075319,477.25314565930296,0.7842707968084142,-0.1666901856660843,-0.16543344225954115,-32.26135500231044,2.370519027545696,-1.8818996414389269,-1.5702128048150144,-0.1562988160161467,-6.331394092874461,0.45813212,0.24733388,445648.9726919747,5696611.267443376,477.4185791015625,-30.691142197495434,2.526817843561845,4.4494944514355455,1023,frame_001023.png
8000,8001,85,64,0.7529411764705882,64,1.0,64,64,1.0,445650.1290100294,5696610.882589927,477.2485594183766,0.61027670733165,-0.05576567631214857,-0.14765029842027388,-32.37609484078654,2.1366055758475375,-2.8350884578090683,-1.5619368478822935,0.053214180865182925,-8.175374238435921,0.4278721,0.24257013,64,1.0,445650.12901002937,5696610.882589927,477.2485594183804,0.6102767072734423,-0.05576567631214857,-0.14765029841646538,-32.37609484078787,2.1366055756143587,-2.8350884579705204,-1.5619368478836293,0.0532141806319828,-8.175374238597385,0.4278721,0.24257013,445649.5187333221,5696610.938355603,477.3962097167969,-30.814157992904242,2.083391394982363,5.3402857806268536,1024,frame_001024.png
8000,8000,89,71,0.797752808988764,71,1.0,71,71,1.0,449070.4598674398,5698338.86049909,41039.33421742517,3420.6768425018527,1728.0820647170767,40561.941334124385,46.11082202151103,4.512181088685119,-3.1630073329126076,76.61427776436227,2.730207570569206,-8.390128281320642,372.47964,159.62024,71,1.0,445650.4599018584,5696610.692185175,477.2461642528539,0.6768769204500131,-0.08624919783324003,-0.14671904792743362,-32.11029819427347,1.6353715468491035,-2.664689934713436,-1.6068424514222102,-0.1466019712668185,-7.8918108831214795,0.4531325,0.25193387,445649.78302493796,5696610.7784343725,477.3928833007813,-30.503455742851244,1.7819735181159244,5.227120948408048,1025,frame_001025.png
8001,8001,89,74,0.8314606741573034,74,1.0,74,74,1.0,445645.29776427295,5696617.431257086,473.53394585021783,-4.745198798831552,6.797204387374222,-3.861073681032167,-23.35625522919044,-43.05434149035497,17.916905527470174,7.005020818812625,-45.16906728083032,12.699741220421856,67.332726,35.66826,74,1.0,445650.75102759205,5696610.520059202,477.24493520611554,0.708064520265907,-0.1139934966340661,-0.15008432513445769,-32.01416057176639,2.016984614865716,-2.6876804225144615,-1.6528845237633334,-0.09774117560962736,-7.904844729562797,0.47652084,0.27967578,445650.0429630718,5696610.6340526985,477.39501953125,-30.361276048003056,2.1147257904753443,5.2171643070483205,1026,frame_001026.png
8000,8000,96,82,0.8541666666666666,82,1.0,82,82,1.0,449675.6278668821,5693733.118055158,4001.518130648614,4025.3427068952587,-2877.3762840116397,3524.1188386564263,15.12691278172991,38.68987362216721,-39.25723579798177,45.77544295151861,35.737641491407715,-45.45452110921798,388.71494,156.36212,82,1.0,445651.03484212153,5696610.3554574745,477.2498917502747,0.7496821347158402,-0.13888169545680285,-0.1494002419128151,-32.24516447161312,2.7040445703158458,-3.7074162131247226,-1.5966343018244231,-0.24818756044365387,-9.904701524360945,0.46055752,0.28723028,445650.2851599868,5696610.49433917,477.3992919921875,-30.648530169788707,2.952232130759492,6.197285311236215,1027,frame_001027.png
8000,8000,72,59,0.8194444444444444,59,1.0,59,59,1.0,444157.4721532334,5722382.19844355,31182.122983814224,-1493.2729520278517,25771.974097264,30704.718351245865,-142.25884039811413,-27.3658204667585,-31.171591320660216,-111.53835296839581,-31.059632115925126,-36.344423872340684,389.91293,168.37885,59,1.0,445651.296640712,5696610.179255152,477.25046231348415,0.5515354507369921,-0.04509113356471062,-0.1541702548752255,-32.308418136145676,3.6462340099573476,-2.666645465547084,-1.5879307064273576,-0.0475776392092655,-7.839478017227549,0.47007304,0.29180613,445650.7451052613,5696610.224346286,477.4046325683594,-30.72048742971832,3.6938116491666104,5.172832551680463,1028,frame_001028.png
8000,8000,77,59,0.7662337662337663,59,1.0,59,58,0.9830508474576272,445690.2304342735,5696430.353754495,593.7221778410099,39.26594428776298,-179.73238471802324,116.30497203046298,-15.110607104426224,28.86533402463023,-47.422123872814815,15.513158108354872,25.274884737559972,-51.92600241832713,325.88144,154.56985,58,0.9830508474576272,445651.60537252546,5696610.005163921,477.2540374142599,0.640882539737504,-0.08097529225051403,-0.1631683962869488,-32.30909918039203,3.5492733421144274,-1.9543194021585302,-1.6853339676109442,-0.04117594495582466,-6.45819794767084,0.41419733,0.26736665,445650.9644899857,5696610.086139213,477.4172058105469,-30.62376521278109,3.5904492870702485,4.5038785455123165,1029,frame_001029.png
8000,8001,71,55,0.7746478873239436,55,1.0,55,55,1.0,516258.6346735709,5664190.84058566,-20089.10443409191,70607.45750878681,-32419.1053474918,-20566.51950367199,70.69178119836188,25.720127552917816,-104.4235050619053,101.32271531226377,22.48674501160926,-109.00006347981598,366.9047,146.45656,55,1.0,445651.85630150535,5696609.879915485,477.252551355163,0.6791367212426849,-0.06601766683161259,-0.16251822491511803,-32.261116232626016,3.0279205791580743,-1.8873714325847215,-1.63018211872415,-0.20546196215047985,-6.46392985049539,0.43686423,0.28137538,445651.1771647841,5696609.945933152,477.4150695800781,-30.63093411390186,3.233382541308558,4.576558417910681,1030,frame_001030.png
8000,8000,60,48,0.8,48,1.0,48,48,1.0,445651.66660366755,5696610.755966995,477.3055865679107,0.2707455338095315,0.9439875110983849,-0.1023724164642772,-32.52870155571189,-1.3495225274518028,1.3653502866015057,-1.615237857405731,-4.84141899436753,-3.0414471073977154,2.6864731,2.2298515,48,1.0,445652.1506501275,5696609.6709302515,477.2470016849117,0.7547919937642291,-0.14104923233389854,-0.1609572994632913,-32.55290618631722,3.4321409582978886,-1.752199045549556,-1.6394424880110705,-0.0597555086178545,-6.158996439548787,0.5131946,0.33298042,445651.39585813374,5696609.811979484,477.407958984375,-30.913463698306163,3.4918964669157395,4.406797393999232,1031,frame_001031.png
8000,8001,72,55,0.7638888888888888,55,1.0,55,55,1.0,445660.6205847175,5696602.780363811,467.82122083223373,8.809529949969146,-6.761158684268594,-9.58615831815689,17.84672392717363,66.12464797555413,-56.502388607793826,48.707764566490766,62.22882574379662,-60.805119445444575,100.63911,99.19733,55,1.0,445652.35645149497,5696609.504703068,477.2454755405148,0.545396727451589,-0.03681942727416754,-0.16190360987582153,-32.53362215975844,3.7154955063127995,-1.7827683793835363,-1.6725815204412982,-0.18032672544470074,-6.0854992170342825,0.38812488,0.1662803,445651.8110547675,5696609.541522495,477.4073791503906,-30.86104063931713,3.8958222317574904,4.302730837650739,1032,frame_001032.png
8000,8001,61,43,0.7049180327868853,43,1.0,43,43,1.0,445652.61562723015,5696609.350877716,477.242453011425,0.5996915600844659,-0.05346163362264633,-0.15775450810627945,-32.38780496021944,3.3562292889544745,-1.1992503250143052,-1.636117642044411,-0.2524116025751937,-4.962782111431949,0.5058744,0.33272958,43,1.0,445652.6156272295,5696609.350877715,477.2424530112881,0.5996915594441816,-0.053461634553968906,-0.15775450824321524,-32.387804960292456,3.3562292873372486,-1.1992503280644216,-1.6361176421174264,-0.2524116041924458,-4.962782114482081,0.5058744,0.33272958,445652.01593567006,5696609.40433935,477.4002075195313,-30.751687318175026,3.6086408915296815,3.76353178641765,1033,frame_001033.png
8000,8001,78,58,0.7435897435897436,58,1.0,58,58,1.0,445652.8764362525,5696609.165798224,477.2389709106059,0.6498380225384608,-0.10198954399675131,-0.15281375736293512,-32.8305622567901,2.5293149181949053,-1.9935567720162457,-1.571617952734556,-0.2126082132761269,-6.517303485019397,0.47412395,0.29647067,58,1.0,445652.87643625,5696609.165798227,477.2389709108869,0.6498380200355314,-0.10198954027146101,-0.15281375708190126,-32.830562257615284,2.5293148987890577,-1.9935567638099188,-1.5716179535597234,-0.21260823268198692,-6.517303476813055,0.47412395,0.29647067,445652.22659822996,5696609.267787768,477.3917846679688,-31.25894430405555,2.7419231314710397,4.523746713003147,1034,frame_001034.png
8001,8000,64,44,0.6875,44,1.0,44,44,1.0,445660.196480508,5696605.125893029,472.60101243777393,7.757237287412863,-4.0041021183133125,-4.774262220429193,-22.27730040197005,46.27421831971886,-7.855836865525327,9.201527245884222,44.345290267784094,-12.300673411816234,51.393383,41.69434,44,1.0,445653.16691623564,5696608.963137657,477.23061089207886,0.7276730150333606,-0.16685749031603336,-0.14466376612426757,-33.095921375013816,1.7800795885203182,-1.9636373815388999,-1.6170937271595562,-0.14884846341445268,-6.408473927829817,0.4956135,0.27332127,445652.4392432206,5696609.129995148,477.3752746582031,-31.478827647854256,1.9289280519347807,4.44483654629092,1035,frame_001035.png
8001,8000,60,43,0.7166666666666667,43,1.0,43,43,1.0,445653.4552109843,5696608.798220905,477.2320982581394,0.5886439800378866,-0.04972622264176607,-0.13154920279811222,-33.061676469225894,1.465975026314637,-1.6827128883249107,-1.6007318121811522,-0.15898239761980903,-5.931371270102574,0.43683434,0.29402298,43,1.0,445653.4552109843,5696608.798220907,477.2320982583474,0.5886439800378866,-0.04972621984779835,-0.13154920259012215,-33.0616764689176,1.4659750203000181,-1.682712878973252,-1.6007318118728335,-0.1589824036344396,-5.931371260750893,0.43683434,0.29402298,445652.86656700424,5696608.847947127,477.3636474609375,-31.46094465704475,1.624957423934458,4.248658381777653,1036,frame_001036.png
8000,8001,63,44,0.6984126984126984,44,1.0,44,44,1.0,445653.7330452644,5696608.640871946,477.23255193771325,0.6521651878720149,-0.05708173010498285,-0.13814508377112134,-32.64057685162289,1.425081314259448,-0.786698028148035,-1.5878774145862167,-0.17939307052125741,-4.197251241904013,0.48551175,0.385587,44,1.0,445653.7330452641,5696608.640871946,477.232551937787,0.6521651875809766,-0.05708173010498285,-0.13814508369739542,-32.64057685167528,1.4250813118979695,-0.7866980271192847,-1.5878774146386263,-0.17939307288273199,-4.197251240875261,0.48551175,0.385587,445653.0808800765,5696608.697953676,477.3706970214844,-31.052699437036665,1.604474384780705,3.4105532137559793,1037,frame_001037.png
8000,8000,55,36,0.6545454545454545,36,1.0,36,36,1.0,445648.8770229558,5696606.340353102,455.79867876654686,-4.415541328664403,-2.20340777002275,-21.580013860406268,142.914329813351,-14.493818861695788,-25.98535881694514,174.08538505475474,-15.583697198893901,-29.89230586836834,17.599953,14.583594,36,1.0,445653.9882226724,5696608.468582857,477.23731710630847,0.695658387907315,-0.07517801504582167,-0.14137552064465808,-32.67777541840469,0.6434792549271039,-1.0695987433482286,-1.5067201770009433,-0.44639908227102865,-4.976545794771425,0.37530407,0.20696235,445653.29256428446,5696608.543760872,477.3786926269531,-31.171055241403756,1.0898783371981209,3.9069470514231974,1038,frame_001038.png
8001,8000,59,38,0.6440677966101694,38,1.0,38,38,1.0,445654.21148278296,5696608.314756658,477.23650479323345,0.703750479966402,-0.0976408114656806,-0.13904452317285632,-32.888522974482626,0.9101768456298185,-1.739000010965929,-1.5680068387624715,-0.49958939292528726,-6.047976882316959,0.4223936,0.27587795,38,1.0,445654.2114827829,5696608.314756658,477.2365047932353,0.7037504799081944,-0.0976408114656806,-0.13904452317098048,-32.88852297449949,0.9101768453686496,-1.7390000110711321,-1.5680068387793256,-0.49958939318645434,-6.047976882422148,0.4223936,0.27587795,445653.507732303,5696608.412397469,477.3755493164063,-31.320516135720155,1.409766238555093,4.308976871351019,1039,frame_001039.png
8000,8000,57,40,0.7017543859649122,40,1.0,40,40,1.0,445657.42025014746,5696603.670704224,473.8559732704738,3.478763419552706,-4.492201508022845,-3.5110616416355924,-24.743791796369248,26.894508818510072,-18.446516806916385,6.802780924751147,25.58950539104734,-22.55567276209092,28.44006,15.708143,40,1.0,445654.54983316496,5696608.192009443,477.2483484864851,0.6083464370458387,0.029103711247444153,-0.11868642562427567,-33.12167681066692,0.9847117688830687,-1.2102758201265886,-1.575104089546528,-0.3202916585796345,-5.319431775301098,0.46788532,0.31670547,445653.9414867279,5696608.162905732,477.3670349121094,-31.5465727211204,1.305003427462717,4.10915595517452,1040,frame_001040.png
8000,8000,46,32,0.6956521739130435,32,1.0,32,32,1.0,445657.4425523338,5696604.450859729,476.12828646688683,3.297823392902501,-3.5891092466190457,-1.2375277420975408,-28.125290832226703,21.05955830472999,-10.996238956463433,3.3023854348289206,18.999232217625945,-15.611881325017833,17.989775,16.567982,32,1.0,445654.74681416195,5696608.014497884,477.23599594231644,0.6020852210349403,-0.025471092201769352,-0.1298182666679395,-32.98411530847436,1.6464962380948345,-1.9717050982105846,-1.5564390414187415,-0.4138298490092325,-6.587347466764982,0.4736899,0.2538513,445654.1447289409,5696608.039968976,477.3658142089844,-31.42767626705563,2.0603260871040585,4.6156423685544015,1041,frame_001041.png
8000,8000,45,28,0.6222222222222222,28,1.0,28,28,1.0,445658.193969509,5696607.341575574,477.3552897142159,3.853627269214485,-0.568036780692637,-0.019710285784071857,-32.04834602164692,15.357085857588187,4.130596810324786,-1.2742588897805263,13.275255145558958,-0.3551795053291755,4.0154223,2.2459817,28,1.0,445654.97449143947,5696607.801337368,477.2400744911644,0.6341491997009143,-0.10827498696744442,-0.13492550883557897,-32.32966173342765,1.7334741914673064,-2.141646027805698,-1.5555746015612613,-0.34835652056190725,-6.627422343459642,0.43247065,0.24839492,445654.34034223977,5696607.909612355,477.375,-30.774087131866384,2.0818307120292134,4.485776315653957,1042,frame_001042.png
8000,8000,40,23,0.575,23,1.0,23,22,0.9565217391304348,445671.7442068602,5696618.070697996,462.32757269331864,17.203614997153636,10.288345295004547,-15.047915587931357,-61.2529041332251,-10.131080723530026,104.30613777965547,-30.88691799934972,-11.818757158892765,100.2012407462991,211.35333,120.96773,22,0.9565217391304348,445655.2434516876,5696607.694001128,477.236606469706,0.7028598245815374,-0.08835157286375761,-0.13888181154402446,-31.781471345465512,1.2930789922328636,-1.606616703770955,-1.4154852115901235,-0.394597443129868,-5.711513737127319,0.40570986,0.25971115,445654.54059186304,5696607.782352701,477.37548828125,-30.365986133875378,1.6876764353627416,4.104897033356355,1043,frame_001043.png
8000,8000,46,39,0.8478260869565217,39,1.0,39,36,0.9230769230769231,445657.8715654891,5696606.460735519,477.29642551404487,2.71921205741819,-0.9566962933167815,-0.0744851304864369,-30.754993133264364,11.552429050576073,-0.8777453843554466,-0.3191922113348369,9.988522748210244,-5.751623915174747,4.069507,3.68981,36,0.9230769230769231,445655.76820676064,5696607.355518927,477.2414557140501,0.6158533289562911,-0.06191288586705923,-0.12945493048118806,-31.870420813574377,1.3822418644286039,-2.464217760334995,-1.434619891644843,-0.1816644379372292,-7.338096291154272,0.38078496,0.20543975,445655.1523534317,5696607.417431813,477.3709106445313,-30.435800921929534,1.5639063023658404,4.8738785308192885,1044,frame_001044.png
8000,8000,56,43,0.7678571428571429,43,1.0,43,39,0.9069767441860465,445655.9894633189,5696607.13351792,477.21065136437585,0.6362949926406145,-0.16858069505542517,-0.15592578406165103,-31.71170482088563,1.7268123690146981,-3.120777852038136,-1.4936721953177425,-0.15114862253972206,-8.254666726283489,0.47156328,0.2666044,39,0.9069767441860465,445655.9894633159,5696607.133517923,477.21065136462056,0.6362949896720238,-0.16858069226145744,-0.1559257838169401,-31.711704822414244,1.726812348423893,-3.120777845067226,-1.4936721968463758,-0.15114864313054,-8.254666719312581,0.47156328,0.2666044,445655.35316832626,5696607.302098615,477.3665771484375,-30.218032625567883,1.8779609915544282,5.1338888742453515,1045,frame_001045.png
8000,8000,56,44,0.7857142857142857,44,1.0,44,44,1.0,445656.29111452337,5696607.016144673,477.2368929648008,0.7282277195481583,-0.16568888258188963,-0.12257358793357298,-31.00302660956158,0.8899145902217863,-1.7536446011497497,-1.4142836576935167,-0.07969001281969668,-5.7801882627002215,0.4429861,0.28096092,44,1.0,445656.2911145242,5696607.016144673,477.23689296488294,0.7282277203630656,-0.16568888258188963,-0.12257358785143424,-31.00302660921679,0.889914593538421,-1.7536445993618088,-1.414283657348733,-0.07969000950305372,-5.780188260912269,0.4429861,0.28096092,445655.5628868038,5696607.181833556,477.3594665527344,-29.588742951868053,0.9696046030414771,4.02654366155047,1046,frame_001046.png
8000,8001,68,57,0.8382352941176471,57,1.0,57,57,1.0,445656.82246264326,5696606.719383346,477.24561358642853,0.6309493094449863,-0.060837410390377045,-0.12435101318084207,-32.3999377467495,0.19263101868226798,-2.3082114749618405,-1.4073354630511403,-0.24462234029513752,-7.074021321819515,0.49828961,0.26937252,57,1.0,445656.82246264216,5696606.719383346,477.245613586395,0.6309493083390407,-0.060837410390377045,-0.12435101321437969,-32.39993774716497,0.19263101351593803,-2.3082114764694275,-1.4073354634666089,-0.24462234546146533,-7.074021323327088,0.49828961,0.26937252,445656.1915133338,5696606.780220756,477.3699645996094,-30.992602283698357,0.4372533589774037,4.765809846857667,1047,frame_001047.png
8000,8000,57,47,0.8245614035087719,47,1.0,47,47,1.0,445657.0771988896,5696606.520554211,477.2476545103289,0.6741419752361253,-0.12742695026099682,-0.13186209123358594,-32.985914533872574,-0.15502750761032547,-1.3548301091265018,-1.418472661338086,-0.20550079440519653,-5.115241788338096,0.41871846,0.22695656,47,1.0,445657.0771988894,5696606.520554211,477.24765451030953,0.6741419750615023,-0.12742695026099682,-0.13186209125296955,-32.98591453396852,-0.15502750828251338,-1.35483010998862,-1.4184726614340093,-0.20550079507736996,-5.115241789200212,0.41871846,0.22695656,445656.40305691434,5696606.647981161,477.3795166015625,-31.567441872534495,0.05047328679486099,3.7604116792116042,1048,frame_001048.png
8000,8001,80,55,0.6875,55,1.0,55,55,1.0,445657.3448717879,5696606.377679893,477.2542681636671,0.7382010378059931,-0.14065400883555412,-0.12793398477037954,-33.873134261705516,0.2544628922815876,-0.4451498750617795,-1.4293740412203988,-0.25320829152573765,-3.476581673310193,0.45316052,0.27972502,55,1.0,445657.3448717872,5696606.377679893,477.2542681636431,0.7382010371075012,-0.14065400883555412,-0.1279339847944243,-33.87313426189595,0.2544628900160106,-0.44514987729079897,-1.4293740414108242,-0.2532082937913174,-3.476581675539194,0.45316052,0.27972502,445656.6066707501,5696606.518333902,477.3822021484375,-32.443760220485125,0.5076711838073168,3.031431798248403,1049,frame_001049.png
8001,8000,57,36,0.631578947368421,36,1.0,36,36,1.0,445657.69480762235,5696606.030806418,477.250925631075,0.5407151434919797,-0.09082592092454433,-0.1327718786906189,-33.463067988817755,0.9618268395171994,0.44519453534284287,-1.4250195004100874,-0.5170295585444649,-1.3667734177268187,0.511162,0.23046976,36,1.0,445657.6948076229,5696606.030806417,477.2509256312149,0.5407151440158486,-0.09082592185586691,-0.13277187855072725,-33.46306798874173,0.9618268422351031,0.4451945356304426,-1.4250195003340593,-0.5170295558265536,-1.3667734174392194,0.511162,0.23046976,445657.15409247886,5696606.1216323385,477.3836975097656,-32.03804848840767,1.4788563980616682,1.8119679530696624,1050,frame_001050.png
8001,8000,58,38,0.6551724137931034,38,1.0,38,38,1.0,445657.2503947633,5696606.140048696,477.07305164823134,-0.2008170467452146,0.3248817678540945,-0.3548963498155331,-32.22079038771361,-1.8976958557197467,0.7491620124784845,-1.708269119789179,-4.855354077693988,-0.7037193085377567,3.2448514,1.2183872,38,1.0,445658.1073051712,5696605.676396406,477.2750238779318,0.6560933611472137,-0.13877052161842585,-0.15292412011507395,-31.92543629725404,2.6155379005055717,1.142840187933278,-1.4129150293296107,-0.3421203214686557,-0.31004113308296155,0.41699257,0.18462962,445657.45121181005,5696605.815166928,477.4279479980469,-30.512521267924427,2.957658221974235,1.4528813210162528,1051,frame_001051.png
8000,8000,86,56,0.6511627906976745,56,1.0,56,56,1.0,445658.29699962074,5696605.538449856,477.274732357486,0.5560886806342751,-0.04102504625916481,-0.1708242831389839,-31.71826550293598,4.860954681206725,0.5679585949596152,-1.3363992268388358,-0.09393240074174969,-1.3100568384683982,0.52265126,0.26658353,56,1.0,445658.29699962225,5696605.538449857,477.27473235750386,0.5560886821476743,-0.041025045327842236,-0.17082428312113507,-31.71826550308161,4.8609546855830645,0.5679586011365843,-1.3363992269844402,-0.09393239636540329,-1.3100568322914228,0.52265126,0.26658353,445657.7409109401,5696605.579474903,477.445556640625,-30.381866276097156,4.9548870819484705,1.8780154334280128,1052,frame_001052.png
8000,8000,72,42,0.5833333333333334,42,1.0,42,42,1.0,445659.7929232599,5696605.284402136,477.2811893155055,1.8913794162217528,-0.19525401946157217,-0.17794764738511049,-32.32923775128403,10.044389881094263,3.4514791190247887,-1.6259672650364507,5.131204277066985,1.655815606905378,3.1233706,1.7944837,42,1.0,445658.47025467217,5696605.439410267,477.281133228165,0.568710828491021,-0.04024588782340288,-0.17800373472562114,-32.17457048077527,4.578537747040572,0.783254722947384,-1.4712999945276977,-0.33464785698669175,-1.0124087891720137,0.4866972,0.29977587,445657.9015438437,5696605.479656155,477.4591369628906,-30.70327048624758,4.913185604027274,1.7956635121194098,1053,frame_001053.png
8000,8000,89,67,0.7528089887640449,67,1.0,67,67,1.0,445658.7025768935,5696605.329114459,477.2749177739619,0.6306077804183587,-0.04559103772044182,-0.18431074166312555,-32.16061545038733,4.0944153005762995,-0.3364468686602984,-1.4476238200131775,-0.33682034892046886,-3.184344955881812,0.48473966,0.2700787,67,1.0,445658.7025768936,5696605.329114459,477.27491777397705,0.6306077805347741,-0.04559103772044182,-0.18431074164794836,-32.1606154503818,4.094415301158347,-0.3364468686459132,-1.4476238200076352,-0.33682034833842067,-3.184344955867431,0.48473966,0.2700787,445658.0719691131,5696605.374705497,477.459228515625,-30.71299163037417,4.431235649496761,2.8478980872215156,1054,frame_001054.png
8000,8001,75,63,0.84,63,1.0,63,63,1.0,445659.2122988625,5696605.065110593,477.273353111875,0.5455772505374625,-0.001611371524631977,-0.16555069671875344,-32.18714824004527,4.425524977334823,-1.0743615061232026,-1.5526133793282781,-0.01412327489995846,-4.906171848092129,0.4917537,0.28392032,63,1.0,445659.21229886403,5696605.065110593,477.27335311204877,0.5455772520508617,-0.001611371524631977,-0.1655506965449831,-32.18714824008024,4.425524983992139,-1.0743615037215728,-1.5526133793632653,-0.014123268242656195,-4.906171845690494,0.4917537,0.28392032,445658.666721612,5696605.066721965,477.43890380859375,-30.63453486071698,4.439648252234791,3.8318103419689304,1055,frame_001055.png
8000,8000,68,57,0.8382352941176471,57,1.0,57,57,1.0,445659.5284630294,5696604.929812215,477.2717076017806,0.6432094454066828,-0.029343619011342525,-0.15102189040692338,-32.21965914391893,3.1558805344844756,-2.055767783740941,-1.5585452823169987,-0.1963665450316796,-6.640819524790231,0.47352165,0.31778672,57,1.0,445659.5284630309,5696604.929812214,477.2717076019167,0.6432094468618743,-0.0293436199426651,-0.1510218902707834,-32.219659143766215,3.155880541279475,-2.0557677822666975,-1.558545282164289,-0.19636653823667416,-6.640819523315969,0.47352165,0.31778672,445658.885253584,5696604.959155834,477.4227294921875,-30.66111386160194,3.3522470795161627,4.5850517410492815,1056,frame_001056.png
8000,8000,94,84,0.8936170212765957,84,1.0,84,84,1.0,445659.7744028087,5696604.7523719305,477.2648564313852,0.6618500815238804,-0.09588079247623682,-0.1501826311147738,-32.105161057008004,3.495955147945615,-1.4623076660857968,-1.5662358945824906,-0.21596952625554877,-5.251761384987702,0.48534453,0.36707985,84,1.0,445659.7744247983,5696604.752349081,477.26485940264234,0.6618720711558126,-0.09590364154428244,-0.15017965985765613,-32.105155473269456,3.4960961183008967,-1.4623348273570915,-1.5662303108439346,-0.2158285559002877,-5.251788546259007,0.4853292,0.36710224,445659.11255272717,5696604.848252723,477.4150390625,-30.53892516242552,3.7119246742011733,3.789453718901904,1057,frame_001057.png
8000,8000,107,93,0.8691588785046729,93,1.0,93,93,1.0,445660.36205212126,5696604.43577625,477.25733727280675,0.5534301411244087,-0.03286065347492695,-0.14424353774012388,-32.333799594844635,1.2524990079903946,-2.27381881283733,-1.4930757423827004,-0.396316807691079,-6.869997103138189,0.44395846,0.29425216,93,1.0,445660.3620521211,5696604.4357762495,477.25733727282864,0.5534301409497857,-0.03286065440624952,-0.14424353771823917,-32.33379959475531,1.2524990083549703,-2.273818814877121,-1.4930757422933993,-0.39631680732651375,-6.8699971051779585,0.44395846,0.29425216,445659.80862198013,5696604.468636904,477.4015808105469,-30.840723852461927,1.6488158156814812,4.596178290300851,1058,frame_001058.png
8000,8001,126,100,0.7936507936507936,100,1.0,100,100,1.0,445660.6900855284,5696604.29628778,477.25952404401477,0.6483936141012236,-0.03559283073991537,-0.1509984169227323,-32.36291706054758,1.2796262436761014,-1.7678437332793029,-1.4894553670403354,-0.21942495862586497,-6.047996114852197,0.48399872,0.38162178,100,1.0,445660.69008565275,5696604.296287915,477.2595240458404,0.6483937384327874,-0.03559269569814205,-0.15099841509709222,-32.36291707758206,1.2796263931975775,-1.7678429282610473,-1.4894553840748301,-0.219424809104396,-6.0479953098339365,0.48399955,0.38162148,445660.0416919143,5696604.33188061,477.4105224609375,-30.873461693507235,1.49905120230196,4.2801523815729015,1059,frame_001059.png
8000,8000,115,92,0.8,92,1.0,92,89,0.967391304347826,445660.9480959376,5696604.134041272,477.2622648826156,0.6617582093458623,-0.07370531465858221,-0.14020093769687492,-32.60718071298399,0.36760432674742816,-2.006054731840934,-1.5297076657993216,-0.4809098292063254,-6.446641986833129,0.43928564,0.27777067,89,0.967391304347826,445660.9480959388,5696604.1340412665,477.26226488281645,0.6617582105100155,-0.07370532024651766,-0.14020093749604712,-32.60718071304632,0.367604345355943,-2.006054751788242,-1.529707665861622,-0.480909810597808,-6.446642006780451,0.43928564,0.27777067,445660.28633772826,5696604.207746587,477.4024658203125,-31.077473047184682,0.848514155953751,4.440587254992206,1060,frame_001060.png
8000,8000,138,126,0.9130434782608695,126,1.0,126,126,1.0,445661.79024511704,5696603.660026331,477.2711628092092,0.6035854072542861,-0.061089105904102325,-0.14674490563453446,-31.837445175753842,1.9704959119599479,-2.4224175973005893,-1.4410303598525047,-0.1900339382471543,-7.15442807270378,0.4624545,0.31572306,126,1.0,445661.7902451167,5696603.66002633,477.27116280924275,0.6035854069050401,-0.061089107766747475,-0.14674490560099684,-31.837445175680607,1.970495912972491,-2.422417602039581,-1.441030359779262,-0.1900339372346309,-7.1544280774427875,0.4624545,0.31572306,445661.1866597098,5696603.721115437,477.41790771484375,-30.396414815901334,2.160529850207112,4.732010475403195,1061,frame_001061.png
8000,8000,149,133,0.8926174496644296,133,1.0,133,133,1.0,445662.07480747474,5696603.533934334,477.267949389565,0.6754055471974425,-0.06607601139694452,-0.15563459481001019,-31.982927456510648,1.6604075232564661,-2.6057603490242642,-1.4572978538877805,-0.19171082376448112,-7.658419145943384,0.43709943,0.21507347,133,1.0,445662.0748074747,5696603.533934334,477.26794938956425,0.6754055471392348,-0.06607601139694452,-0.15563459481074915,-31.98292745651169,1.6604075231117879,-2.6057603490406396,-1.4572978538888037,-0.19171082390914762,-7.658419145959755,0.43709943,0.21507347,445661.39940192754,5696603.600010346,477.423583984375,-30.525629602622878,1.8521183470209335,5.052658796919117,1062,frame_001062.png
8000,8002,151,137,0.9072847682119205,137,1.0,137,137,1.0,445662.8925910884,5696603.060938555,477.2508079001026,0.6097118233446963,-0.061383647844195366,-0.14442525419428875,-32.183015844258556,0.9212413665579422,-2.9234475181731736,-1.4131410212371804,-0.2307220465253863,-8.177981082553089,0.49127087,0.3076813,137,1.0,445662.89259108645,5696603.060938556,477.2508079001332,0.6097118213656358,-0.06138364691287279,-0.14442525416365015,-32.18301584422878,0.9212413566708028,-2.923447519137985,-1.4131410212073945,-0.23072205641253163,-8.177981083517892,0.49127087,0.3076813,445662.2828792651,5696603.122322203,477.3952331542969,-30.76987482302137,1.1519634130833396,5.254533564379906,1063,frame_001063.png
8000,8000,145,120,0.8275862068965517,120,1.0,120,120,1.0,445663.1934933952,5696602.901766514,477.2474555128106,0.6878048545913771,-0.09742769785225391,-0.13624199695505013,-32.149663017964535,0.5723094553071904,-2.653514015388863,-1.4688744767656488,-0.24088991475710486,-7.799733062948917,0.4717604,0.28588954,120,1.0,445663.19349339535,5696602.901766514,477.2474555128023,0.6878048547077924,-0.09742769785225391,-0.13624199696334927,-32.149663017956826,0.5723094560689694,-2.653514015242466,-1.4688744767579465,-0.2408899139953462,-7.799733062802517,0.4717604,0.28588954,445662.50568854064,5696602.999194212,477.3836975097656,-30.680788541198876,0.8131993700643088,5.146219047560054,1064,frame_001064.png
8000,8001,145,120,0.8275862068965517,120,1.0,120,120,1.0,445663.4720540604,5696602.748177297,477.2489306394356,0.7488005686318502,-0.1229233630001545,-0.13342409689249735,-32.32314671148212,0.4199115225395302,-2.6161835643719127,-1.4303679977083448,-0.07675050544730766,-7.683166084731653,0.4890213,0.2998675,120,1.0,445663.47205406084,5696602.748177297,477.24893063940766,0.7488005690975115,-0.1229233630001545,-0.1334240969204643,-32.32314671150938,0.4199115242153051,-2.616183563163574,-1.4303679977356012,-0.07675050377153525,-7.683166083523304,0.4890213,0.2998675,445662.72325349174,5696602.87110066,477.3823547363281,-30.89277871377377,0.4966620279868468,5.06698252035973,1065,frame_001065.png
8000,8000,149,114,0.7651006711409396,114,1.0,114,114,1.0,445663.7583818159,5696602.584309287,477.242756541697,0.617323532467708,-0.03700687363743782,-0.1335251965842872,-32.53176330215294,0.74095008373476,-2.9786917442091867,-1.4513726720283273,0.0050721189362263885,-8.44884770271642,0.51883596,0.3001264,114,1.0,445663.7583818151,5696602.584309287,477.2427565417968,0.6173235316528007,-0.03700687363743782,-0.133525196484527,-32.53176330205466,0.7409500803699646,-2.978691745664846,-1.451372671930045,0.0050721155714370525,-8.448847704172067,0.51883596,0.3001264,445663.14105828345,5696602.621316161,477.3762817382813,-31.080390630124615,0.735877964798537,5.470155958507231,1066,frame_001066.png
8000,8000,150,125,0.8333333333333334,125,1.0,125,125,1.0,445663.9807554032,5696602.445642975,477.2478938177932,0.63872018532129,-0.05129252839833498,-0.1397709771286486,-32.45613994610754,1.0465981152194772,-1.7729855801180074,-1.4628086191132752,-0.2845018109609043,-6.03018446047372,0.47955242,0.28677654,125,1.0,445663.9807554032,5696602.445642975,477.24789381779226,0.63872018532129,-0.05129252839833498,-0.13977097712961495,-32.45613994611298,1.0465981152784027,-1.7729855801121004,-1.4628086191187322,-0.2845018109019577,-6.030184460467808,0.47955242,0.28677654,445663.34203521785,5696602.496935504,477.3876647949219,-30.993331326994255,1.3310999261803687,4.257198880355699,1067,frame_001067.png
8000,8000,128,102,0.796875,102,1.0,102,102,1.0,445664.2371674834,5696602.273365952,477.2431232983826,0.6958441832102835,-0.09600115288048983,-0.14539598872676152,-32.31842643137271,2.131339767413653,-1.994819610918725,-1.3909277270759333,-0.0052494506894902315,-6.528650188483226,0.5125368,0.34435543,102,1.0,445664.237167493,5696602.273365952,477.2431232970025,0.6958441927563399,-0.09600115288048983,-0.14539599010686288,-32.3184264325182,2.1313398035353877,-1.994819588360469,-1.3909277282214134,-0.0052494145677428605,-6.528650165924972,0.5125368,0.34435543,445663.5413233002,5696602.369367105,477.3885192871094,-30.927498704296784,2.1365892181031443,4.533830577564495,1068,frame_001068.png
8000,8000,113,85,0.7522123893805309,85,1.0,85,83,0.9764705882352941,205486.69488382054,6261394.441207069,-683687.1353699106,-240177.04507616517,564792.2025269708,-684164.5243469614,-135.0472648144592,9.771625244501218,30.499412853144914,-104.27008100646631,9.340225150888756,25.223579489495876,280.75546,120.29073,83,0.9764705882352941,445664.549069752,5696602.096890506,477.23329406844783,0.8091097662691027,-0.141789591871202,-0.15568298233347377,-32.191907681633325,0.6952939737212526,-2.7030788842096882,-1.4147238736404404,0.2638938801087818,-7.978912247858744,0.48522627,0.25411412,445663.7399599857,5696602.238680098,477.3889770507813,-30.777183807992877,0.4314000936124723,5.275833363649047,1069,frame_001069.png
8000,8000,115,94,0.8173913043478261,94,1.0,94,94,1.0,445664.802068471,5696601.936237611,477.2322709183641,0.6342742001870647,-0.03963507805019617,-0.12768391562025272,-32.18467222981697,-0.134293802067084,-2.1168298112747577,-1.4644645475840719,0.10577737005007748,-6.84782251370271,0.4848462,0.21880361,94,1.0,445664.8020684947,5696601.936237612,477.2322709148572,0.6342742239357904,-0.039635077118873596,-0.1276839191271506,-32.18467222781143,-0.13429371554066963,-2.1168297507188383,-1.4644645455785508,0.10577745657647597,-6.84782245314679,0.4848462,0.21880361,445664.1677942708,5696601.975872689,477.3599548339844,-30.720207682232886,-0.24007117211715726,4.730992702427964,1070,frame_001070.png
8000,8001,127,106,0.8346456692913385,106,1.0,106,102,0.9622641509433962,445665.05777479074,5696601.779997586,477.2279138505152,0.6839173551998101,-0.06503454316407442,-0.130179411203585,-32.151392945901485,-0.02080493017309153,-2.183200882221466,-1.422539631970011,-0.02837867829066454,-6.94887623884884,0.46595085,0.31154725,102,0.9622641509433962,445665.05777478224,5696601.779997586,477.2279138513991,0.6839173467014916,-0.06503454316407442,-0.13017941031972668,-32.15139294664791,-0.020804961552224437,-2.183200902835096,-1.4225396327164503,-0.028378709669794944,-6.94887625946248,0.46595085,0.31154725,445664.37385743554,5696601.845032129,477.3580932617188,-30.728853313931474,0.007573748117574637,4.765675356627371,1071,frame_001071.png
8001,8001,125,78,0.624,78,1.0,78,78,1.0,445665.2906780526,5696601.673326851,477.2174662968719,0.6998006650828756,-0.05527603719383478,-0.13028150586245602,-31.995969644549987,0.6285517463275294,-2.2864733754765156,-1.3986390487811775,-0.09371375282680106,-7.238027709162452,0.48020706,0.27653462,78,1.0,445665.2906780517,5696601.673326851,477.21746629691376,0.6998006642097607,-0.05527603719383478,-0.13028150582061926,-31.99596964477358,0.628551744292532,-2.2864733791838465,-1.398639049004771,-0.09371375486179545,-7.23802771286978,0.48020706,0.27653462,445664.5908773875,5696601.728602888,477.3477478027344,-30.597330595768806,0.7222654991543198,4.951554333685944,1072,frame_001072.png
8000,8001,72,51,0.7083333333333334,51,1.0,51,51,1.0,445665.88467365503,5696601.32091184,477.2048666347917,0.7146387524553575,-0.07298216130584478,-0.1106546054426758,-32.42402513116035,-7.18353862989483,-3.0941894051565333,-1.4240409459909813,0.40570069079657856,-8.663752781778612,0.38156763,0.177283,51,1.0,445665.8846736553,5696601.320911839,477.2048666347376,0.7146387527463958,-0.07298216223716736,-0.11065460549679074,-32.42402513124838,-7.183538628115632,-3.0941894055520343,-1.4240409460790318,0.40570069257577757,-8.6637527821741,0.38156763,0.177283,445665.1700349026,5696601.393894001,477.3155212402344,-30.999984185169357,-7.589239320691419,5.569563376622065,1073,frame_001073.png
8000,8000,44,27,0.6136363636363636,27,1.0,27,27,1.0,445665.8741723861,5696601.282595817,477.22116821039754,0.5633619058062322,-0.03376680612564087,-0.08727295171183869,-32.77013610687413,-7.53577673890861,-4.096500653699299,-1.8165764430709714,-1.3089169757652144,-10.69596926494799,0.39510992,0.25937694,27,1.0,445665.8741723816,5696601.282595813,477.2211682099027,0.5633619013242424,-0.03376680985093117,-0.08727295220666065,-32.770136111930434,-7.5357767472709245,-4.096500677492566,-1.8165764481272788,-1.308916984127535,-10.695969288741253,0.39510992,0.25937694,445665.31081048027,5696601.316362623,477.3084411621094,-30.953559663803166,-6.226859763143395,6.599468611248694,1074,frame_001074.png
8000,8001,92,59,0.6413043478260869,59,1.0,59,58,0.9830508474576272,445624.9600273872,5696608.286649212,280.4821294659053,-40.44973924092483,7.013170592486858,-196.83079778018845,142.82429819496144,-21.477206076319437,-12.648190845811056,173.30998086213572,-17.380448808385182,-18.936110983196954,207.37994,100.08257,58,0.9830508474576272,445666.05530862696,5696601.239017717,477.1976459415861,0.6455419988487847,-0.03446090314537287,-0.11528130450767549,-31.773417209328233,-3.8139119472193204,-3.8293569474736673,-1.28773454215397,0.28284532071492663,-10.11727708485958,0.40115002,0.23612536,445665.4097666281,5696601.27347862,477.31292724609375,-30.485682667174256,-4.096757267934252,6.287920137385914,1075,frame_001075.png
8000,8001,69,44,0.6376811594202898,44,1.0,44,44,1.0,445665.9354626446,5696601.200020136,477.1970650223487,0.47019726352300495,-0.04180752020329237,-0.1124747725731936,-32.34318158548698,-4.440824377693101,-1.6352318943746516,-1.5916597349580854,-0.5364926651413953,-5.451598518858731,0.41572854,0.24225838,44,1.0,445665.9354626414,5696601.200020135,477.19706502217645,0.4701972603215836,-0.041807521134614944,-0.11247477274542916,-32.34318158715321,-4.440824387429886,-1.6352319055712634,-1.5916597366243082,-0.5364926748781897,-5.451598530055321,0.41572854,0.24225838,445665.4652653811,5696601.2418276565,477.3095397949219,-30.7515218505289,-3.9043317125516954,3.8163666244840724,1076,frame_001076.png
8000,8000,86,66,0.7674418604651163,66,1.0,66,66,1.0,450801.8676337914,5689114.815169472,32372.0881028634,5136.397110281861,-7486.419693248346,31894.745359943478,-2.9237946956604226,2.618883278677945,-19.171728810953972,27.779573817372295,-0.23639103664311278,-23.354723490808794,246.28058,102.94989,66,1.0,445666.06262915867,5696601.270871137,477.17899832314873,0.59210564912064,0.036008416675031185,-0.16374459677314235,-32.21434538492791,3.066070905318912,-1.2444044808933137,-1.5109768718951955,0.21079658999786943,-5.427399160748138,0.43329078,0.24795963,445665.47052350955,5696601.234862721,477.3427429199219,-30.703368513032714,2.855274315321056,4.18299467985483,1077,frame_001077.png
8000,8000,79,52,0.6582278481012658,52,1.0,52,52,1.0,445666.0315746646,5696601.297687252,477.19993157831397,0.5643384287250228,0.05407909117639065,-0.14772467168603498,-31.35859609689178,0.6031277628486642,-2.6505516642320144,-1.3633691876614193,0.19271276734622234,-7.966758233190745,0.40485942,0.23559359,52,1.0,445666.0315746644,5696601.297687252,477.19993157833414,0.5643384285503998,0.05407909117639065,-0.14772467166585557,-31.35859609688531,0.603127762076572,-2.65055166450408,-1.3633691876549392,0.19271276657411818,-7.966758233462826,0.40485942,0.23559359,445665.46723623585,5696601.243608161,477.34765625,-29.99522690923037,0.41041499550244587,5.316206568958741,1078,frame_001078.png
8000,8002,84,62,0.7380952380952381,62,1.0,62,61,0.9838709677419355,445666.0597010519,5696601.285583984,477.21715036049926,0.5426635765470564,0.042036852799355984,-0.12730154379761416,-31.68525488827744,0.029670091754084124,-2.861724273530319,-1.3886516078218847,0.13521868083159916,-8.330107636627815,0.4196338,0.2754692,61,0.9838709677419355,445666.0597019576,5696601.285583618,477.21715029655337,0.5426644822582603,0.04203648678958416,-0.12730160774350452,-31.68525497897753,0.0296743502385931,-2.861723562536966,-1.3886516985219828,0.1352229393161224,-8.330106925634453,0.41963422,0.2754687,445665.51703747537,5696601.243547131,477.3444519042969,-30.296603280455557,-0.10554858907751723,5.468383363097491,1079,frame_001079.png
8001,8001,86,64,0.7441860465116279,64,1.0,64,64,1.0,445661.38444526907,5696599.490699768,451.98272452431985,-4.1545887750107795,-1.7454257048666477,-25.35943856161765,145.64589980924964,-13.856968853072074,-20.778086596467023,176.05405182629687,-13.137215435356609,-26.18281467624911,9.555449,5.599565,64,1.0,445666.11356744356,5696601.224985292,477.2137151596249,0.5745333994855173,-0.011140180751681328,-0.12844792631261726,-31.775665079793345,-0.4001312589733406,-2.8446443294418247,-1.3675130627461272,0.31962215874213484,-8.249372409223923,0.42454836,0.2568138,445665.5390340441,5696601.236125473,477.3421630859375,-30.408152017047225,-0.7197534177154737,5.404728079782088,1080,frame_001080.png
8000,8001,77,55,0.7142857142857143,55,1.0,55,55,1.0,438007.7271627821,5705307.513167497,25158.02471916504,-7657.826453066664,8706.291760927066,24680.67480461426,9.436132218794262,-22.63187558933657,13.579136151916794,39.883899283134184,-21.518845011528242,9.10771742548701,265.23172,96.16415,55,1.0,445666.12294495513,5696601.208151849,477.2149620672843,0.5693291063653305,-0.013254720717668533,-0.1349524834969884,-31.83031334999289,-0.9313442996063823,-1.9897893881008597,-1.3825462856529782,0.18168627820196548,-6.461208114530649,0.44907513,0.28230426,445665.55361584877,5696601.22140657,477.3499145507813,-30.44776706433992,-1.1130305778083363,4.471418726429788,1081,frame_001081.png
8000,8000,91,58,0.6373626373626373,58,1.0,58,58,1.0,445666.0831290321,5696601.234330583,477.2135783781937,0.5143962241709232,0.02439916506409645,-0.13416942454068703,-31.97093356149538,-2.1067564316804614,-2.2317742331360284,-1.3685070641728032,-0.14979970539161513,-6.985036208037343,0.40300038,0.2554766,58,1.0,445666.0831290302,5696601.234330586,477.21357837821915,0.5143962222500704,0.024399167858064175,-0.13416942451522118,-31.970933560423894,-2.1067564452976058,-2.2317742274688945,-1.3685070631013332,-0.14979971900876876,-6.985036202370196,0.40300038,0.2554766,445665.56873280794,5696601.209931418,477.3477478027344,-30.602426497322572,-1.9569567262888383,4.753261974901303,1082,frame_001082.png
8000,8000,83,63,0.7590361445783133,63,1.0,63,63,1.0,445666.156365511,5696601.18336821,477.188420149328,0.6029969464871101,0.005885547958314419,-0.1591140303594898,-31.813398373226104,0.016569635877109083,-0.9296629822847149,-1.3883910315694834,0.3047887467092778,-4.581842543506667,0.39025703,0.2513136,63,1.0,445666.15636551095,5696601.18336821,477.18842014934353,0.6029969464289024,0.005885547958314419,-0.15911403034397154,-31.813398373248507,0.01656963581866396,-0.9296629826091991,-1.3883910315919081,0.30478874665081435,-4.581842543831158,0.39025703,0.2513136,445665.5533685645,5696601.177482662,477.3475341796875,-30.425007341656606,-0.28821911083215734,3.6521795612219528,1083,frame_001083.png
8000,8000,95,71,0.7473684210526316,71,1.0,71,71,1.0,445666.05507736374,5696601.189239011,477.21009151050384,0.5178988500847481,0.010209726169705391,-0.1346655695742811,-31.940619509253658,0.1679867086760171,-1.0172475326175903,-1.4727007385750142,-0.0706171044109567,-4.723662836273007,0.4125283,0.20443167,71,1.0,445666.05507735896,5696601.189239011,477.21009151174974,0.5178988453117199,0.010209726169705391,-0.13466556832838705,-31.940619509828633,0.16798668976731154,-1.0172475428913883,-1.4727007391499853,-0.07061712331963577,-4.723662846546802,0.4125283,0.20443167,445665.53717851365,5696601.179029285,477.3447570800781,-30.46791877067865,0.23860381308696074,3.7064153036554197,1084,frame_001084.png
8000,8000,78,52,0.6666666666666666,52,1.0,52,52,1.0,445666.06596730585,5696601.189087259,477.20936488066786,0.5560722094960511,0.011553559452295303,-0.14155675019151204,-32.09733536951264,0.5200703760964687,-1.140240185502153,-1.4771087824119888,0.18640790312173294,-4.9613231021508,0.41268247,0.23603828,52,1.0,445666.0659673052,5696601.189087259,477.2093648808453,0.5560722088557668,0.011553559452295303,-0.14155675001404688,-32.09733536970133,0.5200703746498695,-1.1402401885941185,-1.4771087826006806,0.1864079016751532,-4.961323105242769,0.41268247,0.23603828,445665.50989509636,5696601.177533699,477.3509216308594,-30.62022658710065,0.3336624729747279,3.8210829166486446,1085,frame_001085.png
8000,8000,82,52,0.6341463414634146,52,1.0,52,52,1.0,1133962.9745161878,6893052.772073694,-5673529.477012863,688297.500581513,1196451.5754844863,-5674006.832054367,84.30139952672396,-21.249345320392152,0.05733515317186646,114.66215663927005,-21.936839358532637,-4.074139857550506,232.93994,94.80897,52,1.0,445666.05397725647,5696601.242253737,477.20209247103594,0.5800425817142241,0.0456645293161273,-0.15294903287036732,-31.805811270431168,0.9430038291755847,-1.3209173855788772,-1.445054157885039,0.2555097910351094,-5.452392396301235,0.47840592,0.2812859,445665.47393467475,5696601.196589207,477.3550415039063,-30.360757112546132,0.6874940381404772,4.13147501072236,1086,frame_001086.png
8000,8000,83,61,0.7349397590361446,61,1.0,61,61,1.0,445676.98868576135,5696533.109607081,145.03468048693338,11.525528282218147,-68.1020529801026,-332.3246945130666,148.21088809971226,-1.2109560090240945,-16.531210549264042,178.47582793486674,-1.8661496095132861,-21.551577517518297,210.506,96.41088,61,1.0,445666.0730055071,5696601.2566216765,477.1989318661062,0.6098480279906653,0.04496161546558142,-0.16044313389380704,-31.590028993641784,1.333333904089152,-2.093237487640647,-1.325089158487316,0.6781403035999745,-7.113604455894915,0.41082993,0.2580149,445665.4631574791,5696601.211660061,477.359375,-30.264939835154472,0.6551936004891845,5.0203669682542555,1087,frame_001087.png
8001,8000,66,44,0.6666666666666666,44,1.0,44,43,0.9772727272727273,445665.9437433033,5696601.358852872,477.227839973632,0.48419693583855405,0.12459752801805735,-0.12909362011799885,-31.809367932675393,0.21363852893610946,-3.002615616255934,-1.3414908085980528,-0.22454714305942503,-8.721166569066384,0.3694351,0.23751116,43,0.9772727272727273,445665.94374330336,5696601.358852872,477.2278399736355,0.4841969358967617,0.12459752801805735,-0.12909362011447456,-31.809367932690705,0.2136385291839144,-3.0026156163777196,-1.341490808613372,-0.22454714281161614,-8.72116656918817,0.3694351,0.23751116,445665.45954636746,5696601.234255344,477.35693359375,-30.46787712407734,0.43818567199552944,5.718550952810454,1088,frame_001088.png
8000,8002,87,72,0.8275862068965517,72,1.0,72,72,1.0,445663.7001888139,5696601.062744232,451.55165016695975,-1.7599966972484253,-0.19214502722024918,-25.80445945218088,147.91191751389303,-7.070267541579659,-9.16705637300996,178.13212184979812,-7.988364975598529,-14.688349783857518,5.2749243,3.6795998,72,1.0,445666.0446586929,5696601.274620295,477.2267320157413,0.5844731817487627,0.019731035456061363,-0.12937760339934812,-31.664589872560445,1.2282305136518537,-2.9060063842729926,-1.4443855366553464,0.3101330796330046,-8.427299795120547,0.38342026,0.20631182,445665.46018551115,5696601.254889259,477.3561096191406,-30.220204335905088,0.9180974340188599,5.521293410847559,1089,frame_001089.png
8000,8000,81,53,0.654320987654321,53,1.0,53,53,1.0,445661.977736553,5696600.389683484,451.4874155039942,-3.497992553981021,-0.9141121124848723,-25.86942653702141,146.18025900171205,-12.823693015528507,-16.186962606745166,176.61108068965967,-12.562264520159715,-21.935549084426498,7.696389,3.2984142,53,1.0,445666.11073197745,5696601.34352174,477.2149102641367,0.6350028704619035,0.03972614370286465,-0.1419317768789483,-31.833463914744673,0.16419839228627428,-2.9371876698414505,-1.4026422267970702,0.4256268876550564,-8.685774147522778,0.35689092,0.23043843,445665.475729107,5696601.303795597,477.3568420410156,-30.430821687947613,-0.2614284953687938,5.748586477681316,1090,frame_001090.png
8000,8000,88,60,0.6818181818181818,60,1.0,60,59,0.9833333333333333,433010.47714547184,5726476.371519724,10135.97995668657,-12655.006741026824,29875.056136721745,9658.622382223679,22.182310075259416,-34.94234819981427,66.2765669483267,52.596482812284734,-35.38102297577106,60.364241794144164,243.12404,98.123604,59,0.9833333333333333,445666.07938662014,5696601.325519871,477.22099918953364,0.5955001214751974,0.010136868804693222,-0.13657527335698205,-31.89026332484571,0.8472513428340481,-3.3103536841998897,-1.47609058782038,0.4085765668772581,-9.222678838382421,0.41423365,0.24013416,445665.48388649867,5696601.315383002,477.3575744628906,-30.414172737025325,0.43867477595679893,5.912325154182522,1091,frame_001091.png
8001,8000,95,64,0.6736842105263158,64,1.0,64,64,1.0,439121.86636527354,5734014.395543044,25237.719249589518,-6543.619891781884,37413.02803227771,24760.369823319987,-49.70394452474721,-61.60428773875622,17.38343104237116,-19.152091314715733,-63.372771173599645,11.320829073202077,252.67407,95.816635,64,1.0,445666.0793411895,5696601.406131927,477.19901919525284,0.5930841341032647,0.038621160201728344,-0.150407074278462,-32.03524759466104,2.1322210678022624,-3.255086764628018,-1.4833943846295767,0.36373763295884487,-9.317688733797098,0.38171554,0.23670362,445665.4862570554,5696601.367510767,477.3494262695313,-30.55185321003146,1.7684834348434264,6.062601969169075,1092,frame_001092.png
8001,8000,109,77,0.7064220183486238,77,1.0,77,77,1.0,460198.7479149118,5681403.722123033,-28289.01108026,14533.265930202557,-15197.656818617135,-28766.352785582265,79.1882872192413,31.653145731191206,-158.6077477390711,109.77395925614735,29.953113573039218,-164.3966916686928,242.33218,115.34324,77,1.0,445666.0697589435,5696601.40118396,477.1999869314825,0.5877742343000136,0.022242309525609016,-0.14171839078312587,-32.08360729148613,2.023911466576297,-3.0220154505938974,-1.497935254580085,0.3238793084243241,-8.810959380215593,0.45271936,0.25212407,445665.4819847092,5696601.3789416505,477.3417053222656,-30.585672036906036,1.7000321581519737,5.788943929621684,1093,frame_001093.png
8000,8000,83,61,0.7349397590361446,61,1.0,61,61,1.0,445633.324056023,5696597.359732213,279.01384587686573,-32.13812419277383,-4.027310547418892,-198.3312774141499,143.43579816317595,-15.65369658447268,-15.324512898124171,174.04646517247937,-16.79972066680358,-20.45602594483836,221.05357,95.8212,61,1.0,445666.0630654538,5696601.39264023,477.19893849256385,0.600885238032788,0.00559746939688921,-0.14618479845177035,-32.00813178093023,1.6995133416491492,-2.598784279893393,-1.397464771626801,0.5534892593182406,-7.73029732660757,0.42181516,0.24413018,445665.46218021575,5696601.387042761,477.3451232910156,-30.610667009303423,1.1460240823309071,5.131513046714178,1094,frame_001094.png
8000,8000,83,60,0.7228915662650602,60,1.0,60,60,1.0,445711.9054631941,5696639.364551395,683.5250402940794,46.44229149381863,37.982066116295755,206.17775025501692,-91.05496799002127,-0.8124170191394482,-175.12649040233845,-60.00084027319441,-1.580567530026343,-179.57923130907312,238.28706,103.34345,60,1.0,445666.05944840494,5696601.379858616,477.2032863223558,0.5962767046294175,-0.0026266630738973618,-0.1440037167067203,-32.52638152251348,1.1392716833717897,-1.7706151384218614,-1.47225380568662,0.37112117248489085,-6.2233560451565495,0.37853727,0.21227495,445665.4631717003,5696601.382485279,477.3472900390625,-31.054127716826855,0.7681505108868855,4.4527409067346735,1095,frame_001095.png
8000,8000,95,62,0.6526315789473685,62,1.0,62,62,1.0,445666.00108353276,5696601.353931928,477.22122308150614,0.5407525611226447,-0.02154869493097067,-0.1301868306032361,-33.157687930417524,0.7521170673094897,-2.452895310822483,-1.5141816721211399,0.1767899563447486,-7.38856011844365,0.37576416,0.20864584,62,1.0,445666.0010835327,5696601.353931928,477.22122308152336,0.540752561064437,-0.02154869493097067,-0.13018683058601255,-33.15768793045318,0.7521170674587485,-2.452895311551679,-1.5141816721567807,0.17678995649399099,-7.388560119172837,0.37576416,0.20864584,445665.46033097163,5696601.375480623,477.3514099121094,-31.643506258296394,0.5753271109647466,4.935664807621168,1096,frame_001096.png
8001,8000,95,70,0.7368421052631579,70,1.0,70,70,1.0,445665.9699249737,5696601.351460843,477.2190250182204,0.5157188003067859,-0.017107277177274227,-0.12930261849840008,-33.00061972345743,1.1435836400918313,-0.37241622157354504,-1.4672363014827852,0.3762155993055387,-3.8006406976679443,0.4539435,0.25687593,70,1.0,445665.96992497327,5696601.351460844,477.2190250183065,0.5157187998993322,-0.017107276245951653,-0.1293026184122823,-33.00061972331435,1.1435836377262092,-0.37241622146831893,-1.4672363013397103,0.3762155969399146,-3.800640697562727,0.4539435,0.25687593,445665.45420617337,5696601.3685681205,477.3483276367188,-31.533383421974637,0.7673680407862845,3.428224476094405,1097,frame_001097.png
8001,8000,103,74,0.7184466019417476,74,1.0,74,74,1.0,445663.4173898575,5696601.309741336,451.5840016577059,-1.9977951172040775,-0.0370568847283721,-25.774824025887824,147.45257819379,-6.122019554725246,-7.286633299110004,178.2202395309949,-9.148744707133602,-11.066006492734033,6.7982454,3.8963816,74,1.0,445665.94684500585,5696601.345749874,477.2073341883624,0.5316600311198272,-0.0010483469814062119,-0.15149149523136884,-32.27157069864875,3.1467891810629074,-1.1864333415273578,-1.5039093614438457,0.12006402865455357,-4.965806535151387,0.47957832,0.25349984,445665.4151849747,5696601.346798221,477.35882568359375,-30.767661337204895,3.026725152408368,3.7793731936240422,1098,frame_001098.png
8001,8001,126,71,0.5634920634920635,71,1.0,71,71,1.0,445665.9370638247,5696601.392498401,477.2054024437161,0.540085751679726,0.04892179276794195,-0.15092079847141804,-32.10848638635077,2.130786920739159,-1.182823816044545,-1.5453928228020573,0.026157525073983834,-5.247563460334931,0.4074001,0.24541101,71,1.0,445665.9370638248,5696601.392498402,477.2054024436565,0.5400857517961413,0.048921793699264526,-0.15092079853098994,-32.108486386211936,2.130786918765159,-1.1828238115288718,-1.5453928226632172,0.026157523099982427,-5.247563455819261,0.4074001,0.24541101,445665.396978073,5696601.343576608,477.3563232421875,-30.563093563548723,2.1046293956651647,4.064739644290394,1099,frame_001099.png
8001,8001,104,68,0.6538461538461539,68,1.0,68,68,1.0,445651.1478752683,5696697.969842344,-152.7659115522756,-14.235380780301057,96.63475315831602,-630.1123165815725,163.96512039930658,-13.931458288417774,0.7213484836149651,-165.30829708370425,-15.228109146465329,-3.4735353824098354,208.02216,92.049355,68,1.0,445666.008771005,5696601.335325355,477.16854010155606,0.6255149564240128,0.00023616943508386612,-0.17786492774081353,-32.22917443540661,1.7827917600273977,-1.1315202956903625,-1.502591918417437,0.4861409019798373,-5.326404161715175,0.3835181,0.22537103,445665.3832560486,5696601.335089185,477.3464050292969,-30.72658251698917,1.2966508580475582,4.194883866024814,1100,frame_001100.png
8000,8000,91,67,0.7362637362637363,67,1.0,67,67,1.0,402598.6964998985,5677106.798786722,-39426.842994567654,-43066.67839323211,-19494.527525294572,-39904.182807800076,25.327113958864587,55.937125035816194,173.1021527471328,55.746565569906835,54.131901144531895,169.86064867888985,283.64514,108.72665,67,1.0,445665.9263169173,5696601.310622183,477.1976261217851,0.5514237866736948,-0.015689834021031857,-0.14218711063676892,-31.996448618475952,2.0124706280312012,-0.6021645780794935,-1.5769970074337039,0.20724673674689598,-3.843668646322442,0.4191324,0.24345493,445665.3748931306,5696601.326312017,477.3398132324219,-30.419451611042245,1.8052238912843057,3.2415040682429592,1101,frame_001101.png
8000,8000,93,69,0.7419354838709677,69,1.0,69,69,1.0,445665.9172615765,5696601.330082047,477.1921349857879,0.5547444363473915,0.011113573797047138,-0.14953981889959778,-32.05640724828999,1.745317299482283,-1.0655896337055375,-1.5872572771240243,0.08709358502363784,-4.841971058116428,0.4000745,0.305453,69,1.0,445665.9172615769,5696601.330082047,477.19213498574896,0.5547444367548451,0.011113573797047138,-0.14953981893853552,-32.05640724817781,1.7453173000341955,-1.06558963077599,-1.5872572770118438,0.08709358557555902,-4.841971055186889,0.4000745,0.305453,445665.36251714017,5696601.318968473,477.3416748046875,-30.46914997116596,1.6582237144586363,3.7763814244108844,1102,frame_001102.png
8001,8001,103,65,0.6310679611650486,65,1.0,65,65,1.0,445576.7197300947,5696740.921294326,1167.308127090184,-88.63654687558301,139.60404740087688,689.9755770413558,-88.17378781973768,-2.2879321388305813,166.09250624946642,-57.53311230775101,-3.366354226060082,162.06083606229447,214.44595,86.6906,65,1.0,445666.0039557055,5696601.323944132,477.15419099881717,0.6476787352003157,0.006697206757962704,-0.17835905001095398,-32.25436114488335,1.6178675097016115,-1.0949619689135617,-1.6136856328966758,0.539445422472113,-5.12663215608552,0.43864444,0.28779015,445665.3562769703,5696601.317246925,477.3325500488281,-30.64067551198667,1.078422087229496,4.031670187171946,1103,frame_001103.png
8000,8000,99,76,0.7676767676767676,76,1.0,76,76,1.0,416953.4753632324,5711423.381103063,-12439.48421790966,-28711.870379840024,14822.055541425012,-12916.816340712394,87.66406864297831,-31.773549283710615,114.4728011243767,117.88519944729671,-34.04466138455055,110.80539974035366,267.9087,106.474266,76,1.0,445665.93027763005,5696601.324821281,477.1781439323252,0.584534557594452,-0.0007403567433357239,-0.15397887040916203,-31.81913247040914,2.5657080461943638,-0.9258824065197355,-1.5980016660907381,0.29459594535441624,-4.593283790542756,0.41090178,0.2389985,445665.34574307245,5696601.325561638,477.3321228027344,-30.221130804318406,2.271112100839938,3.6674013840230106,1104,frame_001104.png
8001,8000,102,74,0.7254901960784313,74,1.0,74,73,0.9864864864864865,445665.9590328572,5696601.323594918,477.1788360595637,0.6168032791465521,0.009201052598655224,-0.1649749755925427,-32.05638485553885,1.3423061904463265,-0.43201572535382965,-1.5734557847446808,0.35940939425142915,-3.6488399623312944,0.4666298,0.3029295,73,0.9864864864864865,445665.95903285703,5696601.323594918,477.1788360596049,0.6168032789719291,0.009201052598655224,-0.16497497555133123,-32.056384855457246,1.3423061890292256,-0.43201572450620745,-1.5734557846630821,0.35940939283435114,-3.6488399614836737,0.4666298,0.3029295,445665.34222957806,5696601.314393865,477.34381103515625,-30.482929070794164,0.9828967961948841,3.21682423697746,1105,frame_001105.png
8001,8001,102,78,0.7647058823529411,78,1.0,78,78,1.0,445665.91337211314,5696601.287104772,477.1993405775788,0.5664896141388454,-0.017912590876221657,-0.14648461773367671,-32.41372423130148,0.843281223956001,-0.7257205733737638,-1.6140418806562877,0.24363800202897323,-4.018005336921817,0.46943963,0.26780456,78,1.0,445665.91337211314,5696601.287104772,477.1993405775825,0.5664896141388454,-0.017912590876221657,-0.1464846177299819,-32.41372423128461,0.8432812237380299,-0.7257205732113748,-1.6140418806394337,0.24363800181100714,-4.0180053367594155,0.46943963,0.26780456,445665.346882499,5696601.305017363,477.3458251953125,-30.799682350645188,0.5996432219270168,3.292284763548041,1106,frame_001106.png
8000,8001,92,74,0.8043478260869565,74,1.0,74,74,1.0,445665.96096905856,5696601.300857033,477.18543387909654,0.6107917528133839,0.004918972030282021,-0.16322945098158925,-32.392354764226006,1.5231808860479543,-0.3598518086086358,-1.5939861945541907,0.1978055262365217,-3.5489596218423003,0.46611738,0.33991548,74,1.0,445665.96096905845,5696601.300857033,477.1854338791482,0.6107917526969686,0.004918972030282021,-0.16322945092991858,-32.392354764204775,1.523180885223234,-0.35985180859923793,-1.5939861945329312,0.19780552541180896,-3.5489596218328927,0.46611738,0.33991548,445665.35017730575,5696601.295938061,477.3486633300781,-30.79836856967183,1.3253753598114193,3.1891078132336683,1107,frame_001107.png
8000,8000,103,78,0.7572815533980582,78,1.0,78,78,1.0,445665.9115350085,5696601.281897982,477.20694990457685,0.555701699689962,-0.006033175624907017,-0.14400224386065474,-32.073930569462185,1.2983856182693465,0.010585624915000692,-1.5884994691130885,0.07862556376099405,-2.6954471853238147,0.45745355,0.32747734,78,1.0,445665.9115350085,5696601.281897982,477.20694990457605,0.555701699689962,-0.006033175624907017,-0.14400224386145055,-32.07393056946715,1.2983856183152112,0.01058562484814118,-1.5884994691180339,0.0786255638068667,-2.695447185390691,0.45745355,0.32747734,445665.35583330883,5696601.287931157,477.3509521484375,-30.485431100349107,1.2197600545083436,2.706032810238824,1108,frame_001108.png
8000,8001,97,74,0.7628865979381443,74,1.0,74,74,1.0,445665.98433018604,5696601.249778276,477.19139018825655,0.6144121311372146,-0.0029025087133049965,-0.1651466769778267,-31.656626674918265,0.8147902963473312,0.10261192879751008,-1.512064981300739,0.4464437973185795,-2.4659635081052045,0.44080573,0.2635057,74,1.0,445665.9843301859,5696601.249778276,477.1913901882864,0.6144121310207993,-0.0029025087133049965,-0.1651466769479839,-31.65662667491897,0.8147902958833227,0.10261192854951104,-1.512064981301421,0.4464437968545667,-2.465963508353184,0.44080573,0.2635057,445665.3699180549,5696601.252680785,477.3565368652344,-30.144561693617536,0.3683464990287567,2.5685754369027074,1109,frame_001109.png
8000,8000,57,38,0.6666666666666666,38,1.0,38,36,0.9473684210526315,445665.887052665,5696601.206590154,477.21243508950135,0.5024368653539568,-0.031226038932800293,-0.14068380698302008,-32.76464165115876,-5.44363354416674,-1.830141207646669,-1.7114489448890708,-0.5482059197277636,-6.396532298267346,0.52055514,0.3065189,36,0.9473684210526315,445665.8870526654,5696601.206590153,477.21243508960043,0.5024368657614104,-0.031226039864122868,-0.140683806883942,-32.76464165170288,-5.443633540128273,-1.8301412103711878,-1.711448945433176,-0.5482059156892944,-6.396532300991851,0.52055514,0.3065189,445665.38461579964,5696601.237816193,477.3531188964844,-31.0531927062697,-4.895427624438973,4.566391090620668,1110,frame_001110.png
8001,8001,66,51,0.7727272727272727,51,1.0,51,51,1.0,445665.90986325394,5696601.273073883,477.1987338409898,0.5241146374610253,0.04297983460128307,-0.09978910822900389,-32.25179235423089,-3.590809913216996,-1.19338091972416,-1.837247621744126,0.09753692727255725,-4.957330814247257,0.38032764,0.19761573,51,1.0,445665.9098632694,5696601.273073853,477.19873384004984,0.5241146529442631,0.042979804798960686,-0.09978910916896666,-32.2517923677115,-3.590809783730703,-1.1933809950869925,-1.8372476352247418,0.09753705675885271,-4.957330889610091,0.38032764,0.19761573,445665.3857486165,5696601.230094048,477.2985229492188,-30.41454473248677,-3.6883468404895527,3.7639498945230905,1111,frame_001111.png
8000,8000,90,70,0.7777777777777778,70,1.0,70,70,1.0,445661.0162406211,5696597.322522201,452.84792921793286,-4.347384273947682,-3.8953549740836024,-24.476564190270267,157.61421012757796,-15.089428054003903,-23.141968068805777,169.73355726593263,-14.728452538307039,-24.604732063071765,14.597177,8.793542,70,1.0,445660.27075656265,5696604.898854961,452.6189124959929,-5.092868332401849,3.68097778595984,-24.705580912210223,173.43045522258333,-27.8511478207542,13.201218287906269,-174.45019763906203,-27.490172305057342,11.738454293640302,15.313912,8.589914,445665.36362489505,5696601.217877175,477.3244934082031,-12.119347138354652,-0.36097551569686115,1.4627639942659796,1112,frame_001112.png
8000,8001,89,69,0.7752808988764045,69,1.0,69,69,1.0,-36252386.18995218,36678087.33521845,-7761270.834853963,-36698051.573672004,30981486.33253463,-7761748.1991117755,72.95968368185483,-45.727617890377914,118.12894308055958,58.25962362216856,-44.58068713888363,120.5460482263004,275.8819,128.94324,69,1.0,445665.8677134612,5696601.259359352,477.2229450004095,0.48399363784119487,0.25667552929371595,-0.1413128120905185,8.352482092591812,-1.1223416144330547,4.251843494213612,-6.347577967094452,0.024589137061241217,6.668948639954436,0.4322365,0.31621894,445665.3837198234,5696601.002683823,477.3642578125,14.700060059686267,-1.146930751494288,-2.4171051457408144,1113,frame_001113.png
8000,8000,86,61,0.7093023255813954,61,1.0,61,61,1.0,445671.2051478784,5696597.07166367,472.9696023848217,5.7742756378720514,-3.8898351211100817,-4.4149801347095945,33.46817104813497,14.5146650892442,-28.57911241849479,1.0269989109208666,14.222976290965647,-23.728011579752945,32.472424,23.689796,61,1.0,445665.7795437868,5696601.365476244,477.23503641738824,0.3486715462640859,0.4039774527773261,-0.14954610214306285,30.575078693999814,0.36610447353079034,7.136430441182865,-1.8660934432142824,0.07441567525225423,11.987531279924724,0.38039872,0.22584379,445665.4308722405,5696600.961498791,477.3845825195313,32.441172137214096,0.29168879827854627,-4.851100838741862,1114,frame_001114.png
8000,8000,89,65,0.7303370786516854,65,1.0,65,65,1.0,445665.6767740647,5696601.560985569,477.23095970948617,0.19445004645967856,0.5665655266493559,-0.1840183178575785,53.13523385378895,1.3871991943146444,6.96134475730343,-0.9405765712448613,0.13927331843649426,11.709320916082305,0.4116678,0.2268899,65,1.0,445665.6767740615,5696601.560985569,477.2309597097781,0.1944500432582572,0.5665655266493559,-0.1840183175656307,53.13523385377961,1.3871991871948233,6.96134476993901,-0.9405765712541836,0.13927331131668552,11.709320928717887,0.4116678,0.2268899,445665.48232401826,5696600.994420042,477.41497802734375,54.0758104250338,1.2479258758781444,-4.747976158778873,1115,frame_001115.png
8002,8000,95,78,0.8210526315789474,78,1.0,78,78,1.0,445665.5321446205,5696601.856581629,477.22240473270955,0.006651364325080067,0.7308730464428663,-0.18408940791545092,76.0486099307263,0.806258966985137,3.7122537337700106,-1.7752117591068952,0.35535780790979743,5.424619241748417,0.472401,0.3697632,78,1.0,445665.53214462026,5696601.856581628,477.22240473277554,0.006651364092249423,0.7308730455115438,-0.1840894078494557,76.04860993065326,0.8062589661090493,3.712253734719126,-1.775211759179939,0.35535780703372666,5.424619242697531,0.472401,0.3697632,445665.52549325617,5696601.125708583,477.406494140625,77.8238216898332,0.45090115907532896,-1.7123655079784166,1116,frame_001116.png
8000,8000,113,86,0.7610619469026548,86,1.0,86,86,1.0,445665.3164515565,5696602.0845994195,477.2403336978212,-0.20473022531950846,0.4783215429633856,-0.17729935881942538,98.84198253131656,1.1530508179718968,3.544957806319327,-1.7096379336744576,-0.015215266292642582,5.201889176063304,0.44345745,0.24337475,86,1.0,445665.3164515401,5696602.084599414,477.2403337021884,-0.20473024173406884,0.47832153737545013,-0.17729935445220235,98.84198252812277,1.1530508052483321,3.544957883857328,-1.709637936868262,-0.015215279016189243,5.201889253601308,0.44345745,0.24337475,445665.52118178183,5696601.6062778765,477.4176330566406,100.55162046499102,1.1682660842645263,-1.6569313697439685,1117,frame_001117.png
8000,8000,105,86,0.819047619047619,86,1.0,86,86,1.0,445665.06416917755,5696602.379276981,477.2576980956037,-0.3889455263852142,0.45687646232545376,-0.1517257325212995,115.06364954548917,0.25035907562719406,3.3291303597702666,-1.879300850135735,-0.18357175913465085,4.794876628113428,0.4563836,0.25173488,86,1.0,445665.0641691776,5696602.379276981,477.2576980955913,-0.3889455263270065,0.45687646232545376,-0.15172573253369137,115.06364954545458,0.2503590748958004,3.3291303596912147,-1.879300850170324,-0.18357175986605512,4.794876628034359,0.4563836,0.25173488,445665.45311470394,5696601.922400518,477.409423828125,116.9429503956249,0.433930834761853,-1.4657462683431501,1118,frame_001118.png
8000,8000,96,76,0.7916666666666666,76,1.0,76,76,1.0,445664.82509880513,5696602.642262232,477.26061817364234,-0.4854808587115258,0.4395678071305156,-0.15814403338896454,120.8185422281777,0.7111552373332924,2.218816137365865,-1.3198375129524607,-0.14993911473098365,2.5549417294718637,0.43286252,0.25084907,76,1.0,445664.82509880525,5696602.642262231,477.26061817361955,-0.4854808585951105,0.439567806199193,-0.15814403341175876,120.81854222812849,0.7111552366735475,2.2188161371307618,-1.319837513001687,-0.14993911539070837,2.5549417292367593,0.43286252,0.25084907,445665.31057966384,5696602.202694424,477.4187622070313,122.13837974113017,0.8610943520642675,-0.3361255921059965,1119,frame_001119.png
8000,8000,143,113,0.7902097902097902,113,1.0,113,113,1.0,445664.577288621,5696602.9363163235,477.2620001827061,-0.5640259889187291,0.49257050082087517,-0.15630426065325764,122.1554133237395,-0.25017549026162866,0.8367430144323331,-1.3844375042807542,-0.12897182471644442,-0.21877247482811413,0.42597622,0.23474012,113,1.0,445664.5772886215,5696602.9363163235,477.26200018262136,-0.5640259883948602,0.49257050082087517,-0.15630426073801118,122.15541332361435,-0.2501754918474955,0.8367430127941515,-1.384437504405895,-0.12897182630231896,-0.21877247646628462,0.42597622,0.23474012,445665.1413146099,5696602.443745823,477.4183044433594,123.53985082802025,-0.12120366554518006,1.0555154892604444,1120,frame_001120.png
8000,8000,173,143,0.8265895953757225,143,1.0,143,143,1.0,445664.08528284857,5696603.529906765,477.2713270767248,-0.5107980432221666,0.38888306822627783,-0.13940900725958727,122.28374753200067,-1.9086383767301236,1.899448497908563,-1.3880867627794942,-0.11951358869436035,1.8684081844766638,0.46315974,0.2827193,143,1.0,445664.08528285014,5696603.529906765,477.2713270765916,-0.5107980416505598,0.38888306822627783,-0.1394090073927714,122.28374753149339,-1.9086383831975045,1.8994484936585878,-1.3880867632867648,-0.11951359516174875,1.8684081802266803,0.46315974,0.2827193,445664.5960808918,5696603.141023696,477.4107360839844,123.67183429478015,-1.7891247880357564,0.031040313431895665,1121,frame_001121.png
8000,8000,148,131,0.8851351351351351,131,1.0,131,131,1.0,445663.8641372799,5696603.824576973,477.2756113540244,-0.5522281142766587,0.4551643803715706,-0.13558249363182995,122.14577221892685,-2.518060908453938,2.0028930933051368,-1.4334385947482815,-0.12101606952782618,2.042650578924963,0.45602837,0.2789993,131,1.0,445663.8641372782,5696603.824576974,477.27561135415846,-0.5522281160228886,0.45516438130289316,-0.13558249349779317,122.1457722193763,-2.51806090135025,2.0028930980620454,-1.433438594298849,-0.12101606242416096,2.0426505836818762,0.45602837,0.2789993,445664.4163653942,5696603.369412593,477.41119384765625,123.57921081367515,-2.3970448389261008,-0.03975748561982816,1122,frame_001122.png
8000,8000,158,138,0.8734177215189873,138,1.0,138,138,1.0,445663.62607818586,5696604.111951072,477.27783277495143,-0.6174338205019012,0.5164717026054859,-0.12954637543919034,122.52618200383043,-2.4770200952822274,2.309532568735163,-1.3503893260318307,0.06909712110982014,2.66512899265922,0.46186292,0.35276413,138,1.0,445663.62607818376,5696604.111951072,477.27783277506387,-0.617433822597377,0.5164717026054859,-0.12954637532675406,122.5261820044466,-2.4770200874327304,2.309532574600889,-1.3503893254156765,0.06909712895932785,2.6651289985249207,0.46186292,0.35276413,445664.24351200636,5696603.595479369,477.4073791503906,123.87657132986226,-2.5461172163920494,-0.3555964239240439,1123,frame_001123.png
8000,8000,150,116,0.7733333333333333,116,1.0,116,116,1.0,445663.4186933214,5696604.361303729,477.27540755029844,-0.4860364584601484,0.328857178799808,-0.12483048681093578,122.6613375802426,-2.3640667507855486,1.3171783456471986,-1.4819153590330245,-0.041893690785428817,0.5643137746322964,0.4475135,0.3359855,116,1.0,445663.4186933202,5696604.36130373,477.27540755034676,-0.4860364596825093,0.3288571797311306,-0.12483048676261888,122.66133758061568,-2.364066744681684,1.317178348145349,-1.4819153586599327,-0.0418936846815825,0.5643137771304509,0.4475135,0.3359855,445663.90472977987,5696604.03244655,477.4002380371094,124.14325293927563,-2.3221730600001127,0.7528645710148959,1124,frame_001124.png
8000,8000,129,104,0.8062015503875969,104,1.0,104,104,1.0,445663.2153700997,5696604.633467811,477.27176501980307,-0.5277962110121734,0.39492444414645433,-0.13118908175943034,122.8578275231715,-2.1468966123808286,1.201938008571185,-1.4737189266212454,-0.03524125736166184,0.3434814344003314,0.469848,0.32574543,104,1.0,445663.2153700991,5696604.633467812,477.2717650197445,-0.52779621159425,0.3949244450777769,-0.13118908181797906,122.85782752343177,-2.146896608115323,1.2019380090943872,-1.4737189263609594,-0.03524125309616011,0.34348143492354666,0.469848,0.32574543,445663.7431663107,5696604.238543367,477.4029541015625,124.33154644979273,-2.1116553550191766,0.8584565741708419,1125,frame_001125.png
8000,8002,131,97,0.7404580152671756,97,1.0,97,97,1.0,445662.8666654026,5696605.152453394,477.26578061978,-0.5826737578609027,0.5001567285507917,-0.12774355014187222,122.11798177755053,-1.8296018536848513,2.3420487735891866,-1.5249762519964065,0.02299445465789063,2.5847251262433417,0.45062158,0.2536009,97,1.0,445662.8666654029,5696605.152453392,477.2657806199965,-0.5826737575698644,0.5001567266881466,-0.12774354992535564,122.11798177725939,-1.8296018594841343,2.3420487758477284,-1.5249762522875585,0.02299444885861135,2.5847251285019013,0.45062158,0.2536009,445663.44933916046,5696604.652296665,477.3935241699219,123.64295802954693,-1.852596308342734,-0.24267635265416734,1126,frame_001126.png
8000,8000,127,87,0.6850393700787402,87,1.0,87,87,1.0,445662.6987284586,5696605.430562992,477.2597480866675,-0.4699075378011912,0.3733324948698282,-0.14238204028561086,121.77092458809987,-1.8003023267843994,2.2995871413712567,-1.585937849563038,0.17238792802564262,2.5991404984520443,0.44125682,0.25569215,87,1.0,445662.69872845843,5696605.430562991,477.2597480867476,-0.4699075379758142,0.37333249393850565,-0.14238204020551848,121.77092458806257,-1.8003023278948849,2.2995871430242967,-1.5859378496003274,0.1723879269151496,2.5991405001050794,0.44125682,0.25569215,445663.1686359964,5696605.057230497,477.4021301269531,123.3568624376629,-1.9726902548100342,-0.2995533570807811,1127,frame_001127.png
8001,8000,127,101,0.7952755905511811,101,1.0,101,98,0.9702970297029703,445662.52002215124,5696605.663587463,477.2627743417217,-0.5143578803399578,0.40478092711418867,-0.14359772859080522,121.7359352283763,-1.036139105967938,2.0246431645155196,-1.529669075094887,0.11367446753342847,1.7158202562263227,0.42352736,0.21749182,98,0.9702970297029703,445662.52002215124,5696605.663587463,477.2627743417202,-0.5143578803399578,0.40478092711418867,-0.14359772859228315,121.73593522837945,-1.0361391059864618,2.024643164309633,-1.5296690750917605,0.11367446751492594,1.7158202560204359,0.42352736,0.21749182,445663.0343800316,5696605.258806536,477.4063720703125,123.2656043034712,-1.149813573501374,0.3088229082891926,1128,frame_001128.png
8000,8000,139,113,0.8129496402877698,113,1.0,113,105,0.9292035398230089,445662.3746866637,5696605.9033557465,477.26975537798353,-0.5286745665944181,0.4456508047878742,-0.1382951591258461,121.60084290335696,-1.1662033139211991,1.6555504230815643,-1.6083770531556638,0.026292105727264925,1.1801672319386398,0.45638862,0.34427613,105,0.9292035398230089,445662.37468666123,5696605.903355747,477.2697553778422,-0.5286745690391399,0.4456508057191968,-0.13829515926715885,121.60084290360517,-1.166203307330235,1.65555043199364,-1.6083770529074854,0.02629211231823092,1.1801672408507216,0.45638862,0.34427613,445662.9033612303,5696605.457704942,477.4080505371094,123.20921995651264,-1.1924954196484538,0.4753831911429315,1129,frame_001129.png
8000,8001,131,109,0.8320610687022901,109,1.0,109,109,1.0,445662.2162046329,5696606.17338823,477.2698854928008,-0.5543569769943133,0.5209635682404041,-0.14204077673048232,121.73047510453678,-1.0507660597079127,1.8752768162456321,-1.6001943254439084,0.11679505455347794,1.7170954401117342,0.45697302,0.22916622,109,1.0,445662.2162046326,5696606.17338823,477.26988549279116,-0.5543569772853516,0.5209635682404041,-0.1420407767401457,121.73047510455133,-1.050766058994455,1.8752768173863754,-1.6001943254293565,0.11679505526694811,1.7170954412524964,0.45697302,0.22916622,445662.7705616099,5696605.652424661,477.4119262695313,123.3306694299807,-1.1675611142614026,0.15818137613389235,1130,frame_001130.png
8000,8000,85,71,0.8352941176470589,71,1.0,71,71,1.0,445661.92391925026,5696606.676319763,477.2668420679092,-0.4705344878602773,0.42339708656072617,-0.15350705318456903,122.18579713113435,-3.0713905289731622,1.3110418993514243,-1.5487754382760954,0.5585326441988343,0.7953337300539545,0.44320428,0.26572713,71,1.0,445661.9239192482,5696606.676319763,477.2668420679649,-0.4705344898975454,0.42339708656072617,-0.15350705312886248,122.18579713136722,-3.071390523330674,1.311041906869785,-1.5487754380432364,0.558532649841311,0.7953337375722924,0.44320428,0.26572713,445662.3944537381,5696606.2529226765,477.42034912109375,123.73457256941046,-3.6299231731719828,0.5157081692974823,1131,frame_001131.png
8001,8000,72,56,0.7777777777777778,56,1.0,56,56,1.0,445661.80893531645,5696606.843021267,477.2786552759823,-0.4679776821867563,0.3943954035639763,-0.11859203847080835,121.8434094842151,-8.71185722958454,3.0726332900846933,-1.6419627708151836,-0.22550219352487488,4.148498814179334,0.51890177,0.32357195,56,1.0,445661.80893531645,5696606.843021267,477.27865527598567,-0.4679776821867563,0.3943954035639763,-0.11859203846745459,121.84340948418698,-8.711857229397049,3.0726332899146804,-1.6419627708432927,-0.2255021933374053,4.148498814009315,0.51890177,0.32357195,445662.27691299864,5696606.4486258635,477.3972473144531,123.48537225503028,-8.486355036059654,-1.075865524094631,1132,frame_001132.png
8000,8000,81,66,0.8148148148148148,66,1.0,66,60,0.9090909090909091,445661.5951716239,5696607.141844793,477.273157034388,-0.4424299336387776,0.30135939829051495,-0.08630951834635425,122.37916586817703,-8.752097602453235,-0.10202837860241624,-1.8129954685321934,-0.5274199427899191,-2.4838761749517744,0.584902,0.43382552,60,0.9090909090909091,445661.59517162363,5696607.141844792,477.2731570344263,-0.4424299339298159,0.30135939735919237,-0.08630951830809863,122.37916586881843,-8.752097607329254,-0.10202837367300918,-1.8129954678908007,-0.5274199476659476,-2.48387617002237,0.584902,0.43382552,445662.03760155756,5696606.840485395,477.3594665527344,124.19216133670922,-8.224677659663312,2.381847796349348,1133,frame_001133.png
8000,8001,79,64,0.810126582278481,64,1.0,64,64,1.0,445661.6459226543,5696607.177382216,477.2721687106661,-0.3707517012953758,0.2962559722363949,-0.10118334011519892,122.74027578356208,-5.911416880925758,0.882158151334852,-1.4366667292738953,-0.23105419933102667,0.15436591224042218,0.47836512,0.31604064,64,1.0,445661.64592265425,5696607.177382216,477.27216871071136,-0.3707517013535835,0.2962559722363949,-0.10118334006995156,122.74027578360462,-5.911416882537022,0.8821581526271788,-1.4366667292313764,-0.2310542009422818,0.1543659135327573,0.47836512,0.31604064,445662.0166743556,5696606.881126244,477.3733520507813,124.17694251283598,-5.680362681594733,0.7277922390944301,1134,frame_001134.png
8000,8002,81,72,0.8888888888888888,72,1.0,72,72,1.0,445661.68708530185,5696607.135047093,477.28696312086083,-0.34041959641035646,0.24081091303378344,-0.11263404710797431,122.14112893165458,-3.7949658354509572,2.9435385394458207,-1.637105985708672,0.07074913495068813,3.865521134175765,0.46695974,0.30036503,72,1.0,445661.68708530196,5696607.135047093,477.2869631208467,-0.34041959629394114,0.24081091303378344,-0.11263404712212832,122.14112893162057,-3.794965836556469,2.94353853957212,-1.6371059857426928,0.0707491338451689,3.865521134302071,0.46695974,0.30036503,445662.02750489826,5696606.89423618,477.3995971679688,123.77823491736326,-3.8657149704016365,-0.9219825947299416,1135,frame_001135.png
8000,8000,66,53,0.803030303030303,53,1.0,53,52,0.9811320754716981,445661.5391894614,5696607.113261857,477.2496708540905,-0.510255130531732,0.2216890100389719,-0.16832841348764305,123.53426205037178,-0.44831260762158776,3.540564233095722,-1.637348412804954,0.5638403664451062,4.250023224174413,0.44974554,0.26424086,52,0.9811320754716981,445661.5391894655,5696607.113261851,477.2496708547198,-0.5102551263989881,0.22168900351971388,-0.16832841285832956,123.53426205020313,-0.44831264494056683,3.540564235144828,-1.6373484129736084,0.5638403291261227,4.250023226223533,0.44974554,0.26424086,445662.0494445919,5696606.891572847,477.4179992675781,125.17161046317675,-1.012152974066683,-0.7094589910786948,1136,frame_001136.png
8000,8001,79,64,0.810126582278481,64,1.0,64,62,0.96875,445661.6323336693,5696607.042534108,477.29046394912456,-0.41449739382369444,0.22178876399993896,-0.1385521641567493,122.22469290068167,-1.7450714029955043,1.6772908938566815,-1.5386746242973572,0.05217423507119179,1.2145501899537123,0.49341086,0.31282526,62,0.96875,445661.6323336672,5696607.042534109,477.29046394903037,-0.41449739591917023,0.22178876493126154,-0.13855216425093886,122.22469290079925,-1.7450713956159765,1.6772909002593053,-1.5386746241797482,0.05217424245071811,1.2145501963563277,0.49341086,0.31282526,445662.0468310631,5696606.820745344,477.4290161132813,123.76336752497902,-1.797245638066686,0.4627407039029814,1137,frame_001137.png
8000,8001,92,73,0.7934782608695652,73,1.0,73,73,1.0,445661.6663950747,5696607.069016086,477.2979439203327,-0.3581139214220457,0.266699880361557,-0.13775554255789757,121.84864233461957,-1.8243324552461295,2.2381729474040983,-1.568371373789489,0.059357744528824696,2.5675524398357368,0.47522908,0.34967825,73,1.0,445661.6663950767,5696607.069016086,477.2979439201467,-0.35811391938477755,0.266699880361557,-0.13775554274394608,121.84864233436727,-1.8243324601327489,2.2381729394781846,-1.5683713740417602,0.05935773964219493,2.567552431909803,0.47522908,0.34967825,445662.0245089961,5696606.802316206,477.4356994628906,123.41701370840904,-1.8836901997749542,-0.3293794924316307,1138,frame_001138.png
8000,8000,83,72,0.8674698795180723,72,1.0,72,72,1.0,445661.60963977716,5696607.072808647,477.294680359106,-0.41247942636255175,0.280618691816926,-0.1468784787846289,121.90912876825557,-1.9867453628076386,1.9357823359974142,-1.5855083449942526,0.09683854799942537,1.5887109350958326,0.49277756,0.3971952,72,1.0,445661.6096397771,5696607.072808647,477.294680359105,-0.4124794264207594,0.280618691816926,-0.14687847878565208,121.90912876825165,-1.986745362732652,1.9357823360546706,-1.5855083449981748,0.09683854807443026,1.5887109351531024,0.49277756,0.3971952,445662.0221192035,5696606.792189955,477.4415588378906,123.49463711324982,-2.0835839108070684,0.3470714009015693,1139,frame_001139.png
8000,8000,85,67,0.788235294117647,67,1.0,67,67,1.0,445661.6800371065,5696607.004486318,477.29149955256986,-0.3447108931723051,0.22294936329126358,-0.1453290607114468,122.23847145469033,-1.5271642282006792,2.261029152952958,-1.521599314244952,-0.1353428109184165,2.539478691052466,0.4393902,0.3198649,67,1.0,445661.6800371064,5696607.004486318,477.29149955257606,-0.3447108932887204,0.22294936329126358,-0.14532906070525087,122.23847145471984,-1.5271642275787143,2.2610291531888067,-1.5215993142154502,-0.1353428102964358,2.539478691288309,0.4393902,0.3198649,445662.0247479997,5696606.781536954,477.4368286132813,123.76007076893528,-1.3918214172822747,-0.2784495380995075,1140,frame_001140.png
8001,8000,81,60,0.7407407407407407,60,1.0,60,60,1.0,445661.6096355393,5696607.0448648855,477.2882729094441,-0.4281464905361645,0.26677952893078327,-0.14675516672775757,122.33071186318337,-1.937396836173454,2.965540086058518,-1.431715397462881,0.1599076509056374,3.6233376619845217,0.4764403,0.32774287,60,1.0,445661.60963554017,5696607.044864885,477.28827290951716,-0.4281464896630496,0.2667795279994607,-0.14675516665471378,122.33071186314261,-1.9373968409811204,2.9655400841889623,-1.4317153975036376,0.15990764609796315,3.62333766011497,0.4764403,0.32774287,445662.03778202983,5696606.778085357,477.4350280761719,123.76242726064625,-2.097304487079079,-0.6577975759260122,1141,frame_001141.png
8000,8000,71,59,0.8309859154929577,59,1.0,59,53,0.8983050847457628,445661.6447441598,5696607.031978075,477.29145187676676,-0.3999766414053738,0.24650495126843452,-0.14037185370204952,122.63951500004723,-1.909682016485734,3.156520911208405,-1.4079327108596544,0.05320004249713861,4.171943612198078,0.4840535,0.24454123,53,0.8983050847457628,445661.6447441597,5696607.031978075,477.2914518767639,-0.39997664152178913,0.24650495126843452,-0.1403718537048917,122.63951500005669,-1.9096820161192358,3.15652091160117,-1.4079327108502184,0.053200042863636554,4.171943612590837,0.4840535,0.24454123,445662.04472080123,5696606.785473124,477.4318237304688,124.0474477109069,-1.9628820589828806,-1.015422700989663,1142,frame_001142.png
8001,8001,79,63,0.7974683544303798,63,1.0,63,63,1.0,445661.6762686337,5696607.026995297,477.2916973796685,-0.37475524563342333,0.22914388123899698,-0.14403260080030122,122.54170786623747,-1.2031108683739262,2.4489004635725538,-1.4578813462202902,-0.08912585218936897,2.7835026870632475,0.5449497,0.37558925,63,1.0,445661.67626862973,5696607.026995307,477.29169737929993,-0.37475524959154427,0.2291438914835453,-0.14403260116887395,122.54170786821666,-1.203110818115949,2.4489004527090144,-1.457881344241116,-0.08912580193137387,2.7835026761997312,0.5449497,0.37558925,445662.0510238793,5696606.797851415,477.4357299804688,123.99958921245776,-1.1139850161845661,-0.33460222349070406,1143,frame_001143.png
8000,8002,68,52,0.7647058823529411,52,1.0,52,48,0.9230769230769231,445661.6577319332,5696607.066998468,477.289575505317,-0.39200026920298114,0.2637386517599225,-0.14700896733927493,121.9525021981819,-1.7966027359475278,3.0874226451511975,-1.5111182855605136,-0.0021485458557890524,4.0143522057013,0.383829,0.23372805,48,0.9230769230769231,445661.6577319338,5696607.066998468,477.2895755053687,-0.39200026862090454,0.2637386517599225,-0.14700896728754742,121.95250219808827,-1.7966027400327576,3.0874226443874013,-1.5111182856541632,-0.002148549941011879,4.014352204937495,0.383829,0.23372805,445662.04973220243,5696606.803259816,477.43658447265625,123.46362048374242,-1.7944541900917417,-0.926929560550095,1144,frame_001144.png
8000,8000,67,54,0.8059701492537313,54,1.0,54,54,1.0,445661.7009738958,5696607.087854569,477.29313804212427,-0.3479632869712077,0.2783492151647806,-0.1430497020163557,121.80080942737722,-1.8941073398542705,3.138473172719216,-1.4487862096140702,-0.004232602376504246,4.368517529697044,0.4676512,0.23298857,54,1.0,445661.70097389596,5696607.087854569,477.2931380421094,-0.3479632867965847,0.2783492151647806,-0.14304970203124867,121.80080942736753,-1.894107340108759,3.1384731719563628,-1.4487862096237905,-0.004232602630992233,4.3685175289342055,0.4676512,0.23298857,445662.04893718276,5696606.809505354,477.4361877441406,123.2495956369913,-1.889874737477755,-1.2300443569778345,1145,frame_001145.png
8000,8001,77,60,0.7792207792207793,60,1.0,60,60,1.0,445661.6385758713,5696607.07246804,477.2998234532241,-0.3950071199215017,0.22641503531485796,-0.1366999842758787,121.70588292050047,-2.8823720390508583,3.020685613970365,-1.424329356061719,-0.08696565191135619,3.906698661268649,0.5026608,0.29615694,60,1.0,445661.63857588475,5696607.072468037,477.2998234539975,-0.39500710647553205,0.22641503252089024,-0.136699983502524,121.70588291862107,-2.8823720808734072,3.0206855678743496,-1.4243293579411045,-0.08696569373390162,3.906698615172644,0.5026608,0.29615694,445662.0335829912,5696606.846053004,477.4365234375,123.13021227656218,-2.7954063871395087,-0.8860130472982951,1146,frame_001146.png
8001,8002,82,65,0.7926829268292683,65,1.0,65,65,1.0,445661.6606336403,5696607.085520743,477.29339938186143,-0.36477078398456797,0.22931106202304363,-0.146328401341691,121.43204365975247,-2.9982078260287923,3.286723299806843,-1.4645536355522495,-0.11344663324518933,4.4965715022625545,0.5012041,0.37832367,65,1.0,445661.6606336408,5696607.085520743,477.2933993817994,-0.3647707835189067,0.22931106202304363,-0.14632840140370718,121.43204365963472,-2.998207829384254,3.286723299539476,-1.4645536356699722,-0.11344663660065635,4.4965715019951915,0.5012041,0.37832367,445662.0254044243,5696606.856209681,477.4397277832031,122.8965972953047,-2.8847611927836,-1.2098482024557051,1147,frame_001147.png
8000,8001,95,75,0.7894736842105263,75,1.0,75,75,1.0,445661.6488809409,5696607.122456428,477.2918103978363,-0.353100877138786,0.2587372837588191,-0.12805044200746352,122.10467645633419,-2.0620424050023236,2.1687873404047986,-1.481533225851365,-0.12770230448700204,2.4126592913954994,0.43792838,0.2541071,75,1.0,445661.6488809408,5696607.122456428,477.2918103978361,-0.35310087725520134,0.2587372837588191,-0.12805044200763405,122.1046764563575,-2.062042404408924,2.1687873407417224,-1.4815332258280591,-0.1277023038936136,2.4126592917324103,0.43792838,0.2541071,445662.00198181806,5696606.863719144,477.41986083984375,123.58620968218557,-1.9343401005153202,-0.24387195099069642,1148,frame_001148.png
8000,8001,80,59,0.7375,59,1.0,59,57,0.9661016949152542,445661.5346121443,5696607.043900016,477.30803825510503,-0.43169940914958715,0.2084898855537176,-0.13004157887934298,122.2253264347101,-1.994814989768678,1.2006453411450346,-1.459242280855392,-0.050316932803923464,0.08246452797135362,0.43406653,0.23297632,57,0.9661016949152542,445661.5346121442,5696607.043900017,477.30803825509554,-0.4316994092077948,0.2084898864850402,-0.13004157888883583,122.2253264346831,-1.9948149885431756,1.2006453408771818,-1.4592422808823926,-0.050316931578407775,0.08246452770347901,0.43406653,0.23297632,445661.96631155343,5696606.83541013,477.4380798339844,123.68456871556548,-1.944498056964759,1.1181808131736914,1149,frame_001149.png
8000,8000,84,65,0.7738095238095238,65,1.0,65,65,1.0,445661.5493465218,5696607.100739811,477.3005998813239,-0.4014888051315211,0.27916527818888426,-0.13714425930112384,122.22258951056205,-2.0432471939180576,1.476143683603277,-1.3777644910509537,0.21042207836657667,0.9364200001012364,0.50055695,0.34221098,65,1.0,445661.5493465377,5696607.100739801,477.30059988207904,-0.40148878924082965,0.2791652688756585,-0.13714425854595902,122.22258950801988,-2.043247269544299,1.476143646401442,-1.3777644935931335,0.21042200274033007,0.9364199628994072,0.50055695,0.34221098,445661.9508353269,5696606.821574532,477.437744140625,123.600354001613,-2.2536692722846308,0.5397236835020344,1150,frame_001150.png
8000,8000,76,58,0.7631578947368421,58,1.0,58,58,1.0,445661.54270914,5696607.083943862,477.30062582491587,-0.40294201095821336,0.2681407053023577,-0.1333036184435059,122.19093541308435,-2.569013588099857,1.4495872700142896,-1.3543006593315567,0.09497380602107341,0.7249794828174174,0.44180545,0.23141815,58,1.0,445661.5427091447,5696607.083943854,477.30062582481327,-0.4029420062433928,0.2681406978517771,-0.13330361854610828,122.19093541173592,-2.569013625335825,1.4495872683349529,-1.3543006606799963,0.09497376878510977,0.7249794811380639,0.44180545,0.23141815,445661.94565115095,5696606.815803156,477.4339294433594,123.5452360724159,-2.6639873941209267,0.7246077871968818,1151,frame_001151.png
8001,8001,69,57,0.8260869565217391,57,1.0,57,57,1.0,445661.6118911207,5696607.07300955,477.2897477758288,-0.3406205179053359,0.25520734675228596,-0.1389631616711995,122.40698509899833,-2.134738245473047,2.0382217105350757,-1.4065302668106483,-0.08075346019845142,2.184144183739022,0.5120117,0.3355898,57,1.0,445661.6118911206,5696607.07300955,477.28974777583005,-0.34062051796354353,0.25520734675228596,-0.13896316166994893,122.40698509900999,-2.1347382449977106,2.03822171069263,-1.4065302667989954,-0.08075345972312675,2.184144183896592,0.5120117,0.3355898,445661.9525116386,5696606.817802203,477.4287109375,123.81351536580897,-2.053984785274588,-0.14592247320395993,1152,frame_001152.png
8000,8001,84,65,0.7738095238095238,65,1.0,65,64,0.9846153846153847,445661.59270466113,5696607.070375587,477.2774358746858,-0.3692114588338882,0.2658323347568512,-0.147307777657943,122.41086249531538,-1.845387120836272,1.5573001360259922,-1.4071420628969804,0.06513546234918977,1.0941678114645015,0.4777908,0.28178653,64,0.9846153846153847,445661.59270466113,5696607.070375586,477.2774358746909,-0.3692114588338882,0.2658323338255286,-0.1473077776528271,122.41086249530969,-1.8453871212021415,1.5573001361236671,-1.4071420629026647,0.06513546198334552,1.0941678115621585,0.4777908,0.28178653,445661.96191611997,5696606.804543252,477.42474365234375,123.81800455821237,-1.9105225831854753,0.46313232456149545,1153,frame_001153.png
8001,8001,86,72,0.8372093023255814,72,1.0,72,71,0.9861111111111112,445661.5968190973,5696607.039118841,477.2790075791191,-0.3712261799373664,0.25331145990639925,-0.14698729392779342,122.2989583005217,-1.8040035749376655,2.3652959010487344,-1.4222609704005151,0.027951009549099126,2.6487349663258613,0.44981778,0.26387054,71,0.9861111111111112,445661.59681909747,5696607.039118841,477.27900757909555,-0.3712261797627434,0.25331145990639925,-0.1469872939513266,122.29895830049227,-1.8040035751085093,2.365295900215311,-1.4222609704299316,0.02795100937825623,2.648734965492423,0.44981778,0.26387054,445661.96804527723,5696606.785807381,477.4259948730469,123.72121927092222,-1.8319545844867717,-0.28343906527711554,1154,frame_001154.png
8000,8002,83,64,0.7710843373493976,64,1.0,64,63,0.984375,445661.5910558211,5696606.993317902,477.2757295760308,-0.3711936211329885,0.22864872962236404,-0.1478544083441875,122.13789962328903,-1.4731838106995274,0.8518819904185383,-1.3563828246116714,-0.15084760242393713,-0.417563711739632,0.55547976,0.35799137,63,0.984375,445661.591055822,5696606.9933179,477.27572957600495,-0.37119362025987357,0.2286487277597189,-0.14785440837005126,122.13789962297537,-1.47318381891745,0.8518819911204781,-1.3563828249253334,-0.15084761064187546,-0.41756371103770107,0.55547976,0.35799137,445661.96224944224,5696606.7646691725,477.423583984375,123.49428244790072,-1.322336208275588,1.2694457021581784,1155,frame_001155.png
8000,8001,96,66,0.6875,66,1.0,66,66,1.0,445661.5226025094,5696606.978040442,477.28563902922025,-0.43325938034104183,0.22002761904150248,-0.13959290437350091,121.89330519026504,-1.8072049107319408,1.728605982411715,-1.3744398076348148,0.0067006944155707515,1.1411400100020899,0.4651666,0.23259744,66,1.0,445661.5226025057,5696606.978040443,477.2856390291166,-0.43325938406633213,0.22002761997282505,-0.13959290447712647,121.89330519033224,-1.8072048972401034,1.7286059941843297,-1.3744398075676258,0.0067007079074130615,1.141140021774703,0.4651666,0.23259744,445661.95586188976,5696606.758012823,477.42523193359375,123.26774499789987,-1.8139056051475129,0.5874659724096181,1156,frame_001156.png
8000,8001,82,58,0.7073170731707317,58,1.0,58,57,0.9827586206896551,445661.4704156022,5696607.005807742,477.2912471715549,-0.4720072620548308,0.24889080598950386,-0.13676186164821047,121.950252763375,-2.1350939213659443,1.9349938911803974,-1.4359324833062033,0.22741414538285198,1.3668230103325811,0.48555848,0.27800137,57,0.9827586206896551,445661.47041560005,5696607.005807742,477.2912471713968,-0.47200726420851424,0.24889080598950386,-0.13676186180634886,121.95025276353762,-2.1350939135631966,1.9349938980147297,-1.4359324831435742,0.22741415318560598,1.3668230171669222,0.48555848,0.27800137,445661.94242286426,5696606.756916936,477.4280090332031,123.38618524668121,-2.3625080667487928,0.5681708808478056,1157,frame_001157.png
8000,8000,82,66,0.8048780487804879,66,1.0,66,66,1.0,445661.54811727867,5696606.998358949,477.30575684637796,-0.3877059305086732,0.2375685665756464,-0.1337267962001647,123.07084052580471,-2.083472331709356,1.75382213150189,-1.3324292821507697,0.02729925406890743,1.4735238813707383,0.53267646,0.3447445,66,1.0,445661.5481172786,5696606.998358949,477.3057568463855,-0.38770593056688085,0.2375685665756464,-0.13372679619260452,123.07084052582837,-2.0834723312799186,1.7538221317739893,-1.3324292821271229,0.02729925449835946,1.4735238816428478,0.53267646,0.3447445,445661.9358232092,5696606.7607903825,477.4394836425781,124.40326980795548,-2.1107715857782745,0.2802982501311388,1158,frame_001158.png
8001,8001,79,63,0.7974683544303798,63,1.0,63,63,1.0,445661.5708760898,5696606.976253215,477.2855435806741,-0.3648451852495782,0.2195201190188527,-0.14924035487280207,122.44489633329812,-0.4880065711107627,0.3452291565334499,-1.361956967410407,-0.01714484101333369,-1.4657797440804359,0.50545955,0.40490305,63,1.0,445661.57087609346,5696606.976253227,477.2855435791312,-0.36484518158249557,0.21952013112604618,-0.149240356415703,122.44489633501657,-0.4880065336527808,0.34522911292778635,-1.3619569656919452,-0.01714480355536807,-1.4657797876861025,0.50545955,0.40490305,445661.93572127505,5696606.756733096,477.4347839355469,123.80685330070853,-0.4708617300974223,1.811008900613882,1159,frame_001159.png
8001,8000,99,76,0.7676767676767676,76,1.0,76,76,1.0,445661.57168301713,5696606.962253467,477.27639221038794,-0.37027414346812293,0.21356297936290503,-0.13611389312768551,122.122839631661,-2.6316027256025083,0.3908297203401729,-1.3981219627272878,-0.12476738590271452,-1.3121051338762584,0.50590414,0.3453046,76,1.0,445661.5716830166,5696606.962253468,477.2763922104287,-0.3702741439919919,0.2135629802942276,-0.13611389308692878,122.12283963180174,-2.6316027220333207,0.39082972082641604,-1.3981219625865435,-0.12476738233354467,-1.3121051333900198,0.50590414,0.3453046,445661.9419571606,5696606.748690488,477.4125061035156,123.52096159438828,-2.5068353396997867,1.7029348542164218,1160,frame_001160.png
8000,8000,105,86,0.819047619047619,86,1.0,86,86,1.0,445661.6036416497,5696607.014536523,477.27111200853744,-0.35281594889238477,0.2602144982665777,-0.13773198560318178,121.91285080551317,-1.2478581931862962,2.0652704124762926,-1.366967255538441,-0.015000600576883016,2.194770745971624,0.4779681,0.3246728,86,1.0,445661.60364164965,5696607.014536523,477.27111200853153,-0.35281594895059243,0.2602144982665777,-0.1377319856090935,121.91285080552022,-1.2478581927762498,2.0652704124772225,-1.3669672555313923,-0.015000600166843014,2.194770745972562,0.4779681,0.3246728,445661.9564575986,5696606.754322025,477.4088439941406,123.27981806105161,-1.232857592609415,-0.12950033349534115,1161,frame_001161.png
8000,8000,89,71,0.797752808988764,71,1.0,71,71,1.0,445661.62342855404,5696607.01296747,477.2700835330498,-0.3492872139904648,0.2516447138041258,-0.15072335171583973,121.38257292956546,-0.8316041405991831,2.792375730723108,-1.3889068781939216,-0.029509924253687814,3.512279076474755,0.4344569,0.23690608,71,1.0,445661.62342856074,5696607.012967468,477.27008353264347,-0.3492872072965838,0.25164471194148064,-0.15072335212215648,121.3825729296506,-0.8316041616448341,2.792375708013208,-1.3889068781087701,-0.02950994529933837,3.5122790537648427,0.4344569,0.23690608,445661.97271576803,5696606.761322756,477.4208068847656,122.77147980775938,-0.8020942163454946,-0.7199033457516428,1162,frame_001162.png
8002,8000,92,69,0.75,69,1.0,69,68,0.9855072463768116,445661.58491192147,5696607.020576754,477.26442708951095,-0.4056115881539881,0.24776755459606647,-0.15088663119217927,121.36593210431947,-2.0222548100745974,2.6670972647848497,-1.306903747494232,0.055782696139345944,3.06945314117678,0.43041974,0.25458348,68,0.9855072463768116,445661.5849119211,5696607.020576754,477.26442708950475,-0.4056115885032341,0.24776755459606647,-0.1508866311983752,121.36593210435326,-2.0222548082299943,2.667097265245429,-1.3069037474604386,0.05578269798397173,3.069453141637382,0.43041974,0.25458348,445661.9905235096,5696606.772809199,477.4153137207031,122.6728358518137,-2.078037506213953,-0.40235587639194137,1163,frame_001163.png
8000,8001,80,63,0.7875,63,1.0,63,63,1.0,445661.62724962994,5696607.04483747,477.2661517469199,-0.38553516985848546,0.2412548866122961,-0.1389080675332366,121.11574613048482,-3.335731415002374,2.74176233559851,-1.373391080539875,-0.0969786145502951,3.324585223826773,0.54225135,0.44600028,63,1.0,445661.6272496296,5696607.044837471,477.2661517469448,-0.3855351702077314,0.24125488754361868,-0.13890806750833917,121.1157461305857,-3.3357314112228518,2.7417623350957077,-1.373391080438978,-0.09697861077077619,3.3245852233239646,0.54225135,0.44600028,445662.0127847998,5696606.803582584,477.4050598144531,122.4891372110247,-3.238752800452081,-0.5828228882282521,1164,frame_001164.png
8000,8001,81,63,0.7777777777777778,63,1.0,63,63,1.0,445661.69480616535,5696607.11174083,477.243696752576,-0.3522616770933382,0.2856003725901246,-0.16099685093962535,120.89008468025833,-0.6799159605334896,2.182581040187178,-1.2547903991221006,0.008872697017835662,2.346854754351398,0.5456961,0.2875443,63,1.0,445661.69480616564,5696607.11174083,477.24369675258237,-0.3522616768022999,0.2856003725901246,-0.16099685093325888,120.89008468027829,-0.6799159612852377,2.1825810392030207,-1.25479039910212,0.008872696266081448,2.3468547533672393,0.5456961,0.2875443,445662.04706784245,5696606.826140458,477.4046936035156,122.14487507938041,-0.6887886575513179,-0.16427371416422668,1165,frame_001165.png
8003,8000,84,65,0.7738095238095238,65,1.0,65,65,1.0,445661.70722461236,5696607.088990377,477.25001933740504,-0.35994363320060074,0.24674715660512447,-0.15424702001683954,120.84691455642921,-1.4849164029690078,2.2980736175139658,-1.3197808312347092,-0.15819631931293543,2.414270234072575,0.5349651,0.3817939,65,1.0,445661.7072246124,5696607.088990377,477.25001933740094,-0.3599436331423931,0.24674715660512447,-0.15424702002093227,120.84691455642988,-1.4849164034444118,2.298073617376624,-1.3197808312340555,-0.15819631978834536,2.414270233935241,0.5349651,0.3817939,445662.06716824556,5696606.842243221,477.4042663574219,122.16669538766394,-1.32672008365608,-0.1161966165586096,1166,frame_001166.png
8000,8000,83,73,0.8795180722891566,73,1.0,73,73,1.0,445661.72111974435,5696607.167326377,477.2519167301775,-0.38865054229972884,0.27483185194432735,-0.14539161943184808,120.8553806181767,-2.7672887335760374,4.028265049568399,-1.2719300585674773,0.12713292432206913,5.9456277050056485,0.5139068,0.35679188,73,1.0,445661.72111974505,5696607.167326377,477.251916730216,-0.3886505416012369,0.27483185194432735,-0.1453916193933651,120.85538061809854,-2.7672887360139495,4.02826504727196,-1.271930058645637,0.12713292188414016,5.945627702709203,0.5139068,0.35679188,445662.10977028665,5696606.892494525,477.3973083496094,122.12731067674419,-2.8944216578981012,-1.9173626554372574,1167,frame_001167.png
8001,8000,69,53,0.7681159420289855,53,1.0,53,53,1.0,445661.7301841776,5696607.205207544,477.26051943536237,-0.39983026235131547,0.28511141519993544,-0.13681943182513123,121.38774982782091,-4.0390439027913185,5.078787847571813,-1.299967266323108,-0.018024784599020904,7.927035621407839,0.45739064,0.22403543,53,1.0,445661.7301841731,5696607.205207547,477.2605194351523,-0.39983026683330536,0.28511141799390316,-0.1368194320352245,121.38774982849009,-4.0390438820648535,5.078787858732824,-1.2999672656539474,-0.018024763872546146,7.927035632568845,0.45739064,0.22403543,445662.1300144399,5696606.920096129,477.3973388671875,122.68771709414402,-4.021019118192303,-2.848247773836034,1168,frame_001168.png
8000,8000,83,66,0.7951807228915663,66,1.0,66,65,0.9848484848484849,445661.79772621003,5696607.135549732,477.2595188181597,-0.3504044570145197,0.19374071061611176,-0.1404140431684482,122.45873473905787,-3.2849404397490383,4.20565271588955,-1.9078641454091496,0.407547338286804,5.546713793777172,0.4696316,0.21261053,65,0.9848484848484849,445661.7977262103,5696607.135549731,477.25951881813484,-0.3504044567234814,0.19374070968478918,-0.14041404319328876,122.45873473899343,-3.2849404415725467,4.205652715660907,-1.9078641454735816,0.40754733646329555,5.54671379354852,0.4696316,0.21261053,445662.14813066705,5696606.941809021,477.3999328613281,124.36659888446702,-3.6924877780358423,-1.3410610778876149,1169,frame_001169.png
8001,8000,77,58,0.7532467532467533,58,1.0,58,58,1.0,445661.7560053454,5696607.162621127,477.2485911432243,-0.4066874737618491,0.2080572284758091,-0.14819840755700397,141.02029219811317,-5.452991651897026,4.704443270979051,2.6705985456810595,0.23200126624490736,5.896366809718927,0.4811769,0.25508958,58,1.0,445661.75600534346,5696607.162621127,477.2485911431308,-0.4066874756827019,0.2080572284758091,-0.1481984076505114,141.0202921985586,-5.452991645869721,4.704443277444745,2.6705985461264845,0.232001272272214,5.8963668161846385,0.4811769,0.25508958,445662.16269281914,5696606.954563899,477.3967895507813,138.3496936524321,-5.6849929181419325,-1.1919235387398806,1170,frame_001170.png
8001,8000,59,48,0.8135593220338984,48,1.0,48,46,0.9583333333333334,445661.5940894844,5696606.860531123,477.2137800158739,-0.4655734599218704,-0.3648245632648468,-0.22558155639171673,-173.0184013521823,11.326750233825253,2.715968250998387,-0.9740492929771278,1.1280216706283852,3.399665659458975,0.42603543,0.2668961,46,0.9583333333333334,445661.59408948076,5696606.860531126,477.2137800157623,-0.465573463588953,-0.3648245604708791,-0.22558155650330036,-173.0184013496278,11.326750249074204,2.715968237910887,-0.974049290422613,1.1280216858773429,3.3996656463714885,0.42603543,0.2668961,445662.05966294435,5696607.225355687,477.4393615722656,-172.04435205920518,10.19872856319686,-0.6836974084605939,1171,frame_001171.png
8000,8000,59,48,0.8135593220338984,48,1.0,48,48,1.0,445661.4604676231,5696606.801224541,477.21321691406445,-0.5210600111167878,-0.3538355454802513,-0.24936853515436042,-170.7637762710726,11.708030725273119,0.5945638519004044,-1.323876655485691,1.119197172842263,-0.9117931096241989,0.5536483,0.348997,48,1.0,445661.4604676274,5696606.801224537,477.2132169143633,-0.5210600068094209,-0.3538355492055416,-0.24936853485553456,-170.7637762747051,11.708030708221262,0.594563870698845,-1.3238766591181843,1.1191971557904026,-0.9117930908257676,0.5536483,0.348997,445661.9815276342,5696607.155060086,477.4625854492188,-169.4398996155869,10.58883355243086,1.5063569615245995,1172,frame_001172.png
8001,8000,77,60,0.7792207792207793,60,1.0,60,60,1.0,445661.29160483787,5696606.725829208,477.2388887770738,-0.4080920004635118,-0.28520056791603565,-0.17810341042621758,-170.12429508657758,2.45953879202465,2.2891853327747733,-1.5082277092729157,0.03111946980126845,2.5628728531384013,0.52079225,0.38307256,60,1.0,440714.8846115243,5699660.479287427,27488.108508120236,-4946.81508531404,3053.468257650733,27010.691515932736,-98.0783001406449,-7.1011242322344055,171.20203347629288,70.53776723665976,-9.529543554457774,171.4757209966565,260.52884,132.1487,445661.69969683833,5696607.011029776,477.4169921875,-168.61606737730466,2.428419322223375,-0.27368752036363164,1173,frame_001173.png
8000,8000,72,57,0.7916666666666666,57,1.0,57,56,0.9824561403508771,445661.110869155,5696606.614241602,477.25285426581087,-0.39749162195948884,-0.3370500486344099,-0.17039402520475733,-169.64716011860764,2.894453851648826,3.122043773145414,-1.3726480786431523,-0.3697294425555242,4.021858892508931,0.5498984,0.31824574,56,0.9824561403508771,58167909.43843598,138750585.5103569,-129618253.71264341,57722247.930075206,133053978.55906525,-129618731.1358917,-89.28407861444637,41.89428489374793,166.70014586172215,78.99043342551812,38.630101599543565,167.5999609810857,263.95844,120.66707,445661.50836077693,5696606.9512916505,477.4232482910156,-168.2745120399645,3.2641832942043645,-0.8998151193635253,1174,frame_001174.png
8000,8000,86,70,0.813953488372093,70,1.0,70,70,1.0,445660.8819452463,5696606.56818349,477.25866272742013,-0.4342962134978734,-0.32367530930787325,-0.18838927453299448,-169.70209872308075,3.899546849798333,2.764507919381822,-1.3974957926425589,-0.4520671185169647,3.3474472305226755,0.4963603,0.26728585,70,1.0,445660.8819452373,5696606.568183489,477.25866272759896,-0.43429622252006084,-0.3236753102391958,-0.18838927435416508,-169.7020987226184,3.899546890365619,2.764507913693065,-1.3974957921801945,-0.4520670779496925,3.3474472248339,0.4963603,0.26728585,445661.3162414598,5696606.891858799,477.4470520019531,-168.3046029304382,4.3516139683153,-0.5829393111408446,1175,frame_001175.png
8001,8001,77,57,0.7402597402597403,57,1.0,57,57,1.0,445660.30046209984,5696606.45605699,477.2661293336063,-0.40263497189152986,-0.29616188257932663,-0.18028179920622733,-170.0506098714736,4.4031726891911855,3.665658127560209,-1.4764283784649024,-0.29908686681017116,5.119351790039474,0.47212222,0.2671261,57,1.0,-9735816.292437889,22935552.559013277,-14449531.973168455,-10181476.99553496,17238945.806794405,-14450009.419579588,47.74312366632702,-18.89889341254401,-45.0662379025162,-143.68269484066428,-23.601152968545364,-43.612544240036925,323.2974,123.582054,445660.70309707173,5696606.752218872,477.4464111328125,-168.5741814930087,4.70225955600137,-1.4536936624792576,1176,frame_001176.png
8000,8000,68,52,0.7647058823529411,52,1.0,52,52,1.0,445659.9960058559,5696606.406251995,477.2616547998624,-0.48871553206117824,-0.31385841500014067,-0.19397264154389404,-170.04403042055634,4.723787681524682,4.464735924984389,-1.4748167957751832,-0.21722789948614718,6.644264360326645,0.4869282,0.29255262,52,1.0,-35915859.231899016,45263419.0172192,-20139200.27464927,-36361519.7166204,39566812.29710879,-20139677.73027671,30.039262892829527,32.1090531889005,-60.975446352122574,-161.3915234823893,27.168037607889687,-58.79591791678031,309.84543,123.22793,445660.48472138797,5696606.72011041,477.4556274414063,-168.56921362478116,4.941015581010819,-2.1795284353422666,1177,frame_001177.png
8000,8000,98,70,0.7142857142857143,70,1.0,70,70,1.0,445659.73059170746,5696606.357579178,477.2615945481635,-0.5211844895966351,-0.32916118763387203,-0.1887228346490133,-169.94318724867853,4.998242783840496,4.198384658445742,-1.5065304296282989,-0.0932038622884761,6.357899294627259,0.48464218,0.25485897,70,1.0,445660.6764674624,5696604.18804609,452.64345886878664,0.42469126533251256,-2.498694275505841,-24.806858514025862,10.127785309807894,2.7044037407051853,14.737574386335568,178.5644421288581,-2.387042905423783,16.897089022517093,10.850304,7.312054,445660.25177619705,5696606.686740366,477.4503173828125,-168.43665681905023,5.09144664612898,-2.1595146361815263,1178,frame_001178.png
8000,8001,92,70,0.7608695652173914,70,1.0,70,69,0.9857142857142858,445659.3895913431,5696606.341097607,477.25514827665336,-0.6233095109346323,-0.30847838055342436,-0.19040836397164185,-169.95289569812635,4.848007378936178,3.7488571007929523,-1.5641130229084013,-0.27081251806407636,5.341769745245301,0.48156795,0.27101922,69,0.9857142857142858,458423.8284447284,5692035.638985889,53888.07240435644,12763.815543874342,-4571.010590098798,53410.626847715816,-96.74113094324456,3.380897700753499,21.454750740208812,71.64765173197338,-1.7379221962467568,23.047663384661178,325.72836,115.6666,445660.01290085405,5696606.649575988,477.445556640625,-168.38878267521795,5.118819897000264,-1.5929126444523618,1179,frame_001179.png
8000,8001,82,67,0.8170731707317073,67,1.0,67,66,0.9850746268656716,445658.75263698463,5696606.19137564,477.24774009717044,-0.5106139830313623,-0.32552257366478443,-0.18942420947018945,-170.42972263132268,4.276895084599828,3.5135718282310098,-1.4191950763479895,-0.23782825521820428,4.6211444049469605,0.4587686,0.25333542,66,0.9850746268656716,445658.75263698417,5696606.191375638,477.2477400970167,-0.5106139834970236,-0.3255225755274296,-0.1894242096239509,-170.42972263186084,4.276895087521193,3.5135718333269708,-1.4191950768861545,-0.23782825229685045,4.621144410042916,0.4587686,0.25333542,445659.26325096766,5696606.516898214,477.4371643066406,-169.0105275549747,4.514723339818045,-1.107572576715938,1180,frame_001180.png
8000,8000,69,48,0.6956521739130435,48,1.0,48,48,1.0,445658.09644310176,5696606.0917433975,477.238635973684,-0.6569044059724547,-0.3262951234355569,-0.1900444462378914,-170.76812327821733,4.161004628128585,5.0798484441224705,-1.6299228889020867,-0.15993032626161607,7.872703039365916,0.4187449,0.2534691,48,1.0,445658.0964430968,5696606.091743403,477.23863597252586,-0.6569044109201059,-0.32629511784762144,-0.19004444739601922,-170.7681232774269,4.161004647291114,5.079848419548557,-1.6299228881116505,-0.15993030709910272,7.872703014792023,0.4187449,0.2534691,445658.75334750774,5696606.418038521,477.4286804199219,-169.13820038931524,4.320934954390205,-2.792854595243452,1181,frame_001181.png
8000,8001,62,43,0.6935483870967742,43,1.0,43,41,0.9534883720930233,445657.7911302481,5696606.089761246,477.2411243868505,-0.4441304648062214,-0.28682119958102703,-0.18142199986829155,-170.2520733518828,3.511592296681878,5.944714670067919,-1.6100089254642853,-0.2585946549767755,9.64175351377412,0.48111328,0.26352096,41,0.9534883720930233,445657.79113024805,5696606.089761246,477.2411243867994,-0.4441304648644291,-0.28682119958102703,-0.18142199991939378,-170.2520733519819,3.5115922971480664,5.9447146715130765,-1.6100089255633634,-0.2585946545105742,9.641753515219278,0.48111328,0.26352096,445658.2352607129,5696606.376582446,477.4225463867188,-168.64206442641853,3.770186951658643,-3.697038843706204,1182,frame_001182.png
8000,8001,58,38,0.6551724137931034,38,1.0,38,38,1.0,445657.4719526,5696606.1172358,477.2586373028882,-0.5157321095466614,-0.2544479174539447,-0.18243325375243558,-170.37395679567598,4.981196184555769,7.1869887147254214,-1.675421715055677,-0.2606231943187254,12.279193897443946,0.42952722,0.2733494,38,1.0,445657.47195259325,5696606.117235803,477.25863730102566,-0.51573211629875,-0.25444791465997696,-0.18243325561496704,-170.37395679492977,4.981196213501011,7.186988695833121,-1.675421714309465,-0.26062316537345964,12.279193878551638,0.42952722,0.2733494,445657.98768470954,5696606.371683718,477.4410705566406,-168.6985350806203,5.241819378874482,-5.092205182718524,1183,frame_001183.png
8001,8001,57,47,0.8245614035087719,47,1.0,47,47,1.0,445657.1843709999,5696606.048415654,477.27697962792206,-0.5670415022759698,-0.3077829098328948,-0.203214463874815,-170.29390015313922,5.502053157573825,7.214707421549983,-1.5641784103077327,-0.2709220743577987,12.01445087405969,0.4429124,0.31090218,47,1.0,445657.1843709999,5696606.048415654,477.27697962792206,-0.5670415022759698,-0.3077829098328948,-0.203214463874815,-170.29390015313925,5.50205315757383,7.214707421549786,-1.5641784103077612,-0.2709220743577987,12.014450874059492,0.4429124,0.31090218,445657.7514125022,5696606.356198564,477.4801940917969,-168.7297217428315,5.772975231931617,-4.799743452509698,1184,frame_001184.png
8000,8000,59,49,0.8305084745762712,49,1.0,49,49,1.0,445656.87976227043,5696606.021011856,477.2824156699785,-0.6369128717342392,-0.3132783807814121,-0.20794077533400923,-170.023452426876,4.902183486003731,5.523411678973614,-1.6044984396954476,-0.17569550187883465,8.793313960527257,0.43657956,0.2681724,49,1.0,445656.87976227043,5696606.021011856,477.2824156699783,-0.6369128717342392,-0.3132783807814121,-0.20794077533417976,-170.02345242687593,4.902183485998809,5.523411678989243,-1.6044984396953907,-0.1756955018837516,8.79331396054289,0.43657956,0.2681724,445657.51667514216,5696606.334290237,477.4903564453125,-168.41895398718054,5.077878987882554,-3.269902281553654,1185,frame_001185.png
8001,8001,47,35,0.7446808510638298,35,1.0,35,35,1.0,445656.6093567555,5696605.9275247315,477.27207729398316,-0.4340310045517981,-0.34326928574591875,-0.20643833101684095,-170.20721280975468,5.5071497775117235,4.936788404405362,-1.5725358719645328,-0.17220240402451736,7.387206311936154,0.50448483,0.31545463,35,1.0,445656.60935675545,5696605.9275247315,477.2720772939824,-0.43403100461000577,-0.34326928574591875,-0.2064383310175799,-170.2072128097582,5.507149777542176,4.9367884044121935,-1.572535871968057,-0.1722024039940493,7.387206311943004,0.50448483,0.31545463,445657.04338776006,5696606.270794017,477.478515625,-168.63467693779015,5.6793521815362284,-2.4504179075307992,1186,frame_001186.png
8000,8000,53,38,0.7169811320754716,38,1.0,38,38,1.0,445656.28843342623,5696605.921071542,477.2647766825172,-0.516844950558152,-0.3015098851174116,-0.20961906943591657,-170.31329937234491,5.70360601114208,3.994740551957143,-1.619554829933179,0.09296572079543353,5.875907960580037,0.35575092,0.1998321,38,1.0,445656.28843342606,5696605.921071542,477.26477668248253,-0.516844950732775,-0.3015098851174116,-0.20961906947059106,-170.31329937243962,5.703606012187897,3.9947405525399566,-1.6195548300278801,0.09296572184126717,5.875907961162852,0.35575092,0.1998321,445656.8052783768,5696606.222581428,477.4743957519531,-168.69374454241174,5.610640290346635,-1.8811674086229013,1187,frame_001187.png
8002,8000,42,32,0.7619047619047619,32,1.0,32,32,1.0,445655.96686270525,5696605.877878604,477.25860737650856,-0.5942984173889272,-0.30473700258880854,-0.20013285786643564,-170.01153505466488,4.795507702624263,5.0463008516423775,-1.5556458491323895,-0.11651307890636531,7.925304790214824,0.46728134,0.3071549,32,1.0,445655.9668627055,5696605.877878604,477.258607376546,-0.5942984171560965,-0.30473700258880854,-0.20013285782897583,-170.01153505453541,4.795507701414516,5.046300851295219,-1.5556458490029286,-0.11651308011610695,7.925304789867653,0.46728134,0.3071549,445656.56116112263,5696606.182615607,477.458740234375,-168.4558892055325,4.912020781530632,-2.8790039385724424,1188,frame_001188.png
8000,8000,38,25,0.6578947368421053,25,1.0,25,25,1.0,445655.6350966222,5696605.795500882,477.2500685414235,-0.6800831290893257,-0.34705074690282345,-0.1942368784983728,-170.3389448657221,4.252810553975298,5.222464409848084,-1.571600894714578,-0.05943786982919619,8.238379819497936,0.4867751,0.27799797,25,1.0,2552791.6301227696,6010038.442768289,12741811.337520957,2107135.3149430184,313432.3002166599,12741333.893215537,-85.94562956939826,3.2254062798830185,-169.66616022585004,82.82171440160926,-1.0868421439214728,-166.65024481620017,406.71872,149.39577,445656.3151797513,5696606.142551629,477.4443054199219,-168.76734397100753,4.312248423804486,-3.0159154096498533,1189,frame_001189.png
8000,8001,43,33,0.7674418604651163,33,1.0,33,32,0.9696969696969697,445655.35129928,5696605.768120135,477.2566849074616,-0.4536931377951987,-0.2724385932087898,-0.18017422339778477,-170.4953576667292,4.088517643930483,4.428894948022506,-1.4992312009014483,-0.22512763113067535,6.789377015583881,0.5074814,0.2793987,32,0.9696969696969697,445925.1306219073,5696684.437037713,2426.6016763051516,269.32562948949635,78.39647898450494,1949.1648171742922,179.55685786022818,-15.014433158972267,0.1220909624523309,-11.447015673944065,-19.328078434033444,2.482573030013697,321.63672,177.29523,445655.8049924178,5696606.040558728,477.4368591308594,-168.99612646582776,4.313645275061162,-2.3604820675613674,1190,frame_001190.png
8000,8000,35,21,0.6,21,1.0,21,21,1.0,445655.0389483985,5696605.676960735,477.2595250145603,-0.5077868371736258,-0.31889490596950054,-0.18218641122098234,-170.52361532798267,3.904657689574762,5.305243588115513,-1.42317766236701,-0.23285166438446936,8.452205929629486,0.45468548,0.16650589,21,1.0,445655.0389483988,5696605.676960735,477.25952501461893,-0.5077868368825875,-0.31889490596950054,-0.18218641116237677,-170.52361532782874,3.904657688421838,5.305243587950367,-1.423177662213078,-0.232851665537396,8.452205929464327,0.45468548,0.16650589,445655.54673523566,5696605.995855641,477.4417114257813,-169.10043766561566,4.137509353959245,-3.1469623415139636,1191,frame_001191.png
8000,8000,32,15,0.46875,15,1.0,15,15,1.0,445654.26928922604,5696605.552832249,477.20822681911363,-0.7666727174073458,-0.3579053534194827,-0.2264350461207414,-170.6573034513427,4.313321083237173,5.451885052539919,-1.5764309510959151,0.4314772862847178,8.6201121944122,0.47213262,0.22573526,15,1.0,445654.2692892263,5696605.552832249,477.20822681919077,-0.7666727171745151,-0.3579053534194827,-0.22643504604360487,-170.6573034512539,4.313321082135623,5.451885052036626,-1.5764309510071257,0.43147728518317763,8.62011219390891,0.47213262,0.22573526,445655.03596194345,5696605.910737602,477.4346618652344,-169.08087250024678,3.8818437969524453,-3.1682271418722747,1192,frame_001192.png
8000,8000,27,15,0.5555555555555556,15,1.0,15,15,1.0,445654.12083680695,5696605.4943641685,477.2348628206518,-0.4096474938560277,-0.3348450483754277,-0.18954513833256215,-170.9314827050482,3.5026637099586377,5.337400983682033,-1.6475800079994087,-0.2821202321225371,8.233182716115437,0.55859065,0.2993359,15,1.0,445654.1208368063,5696605.494364168,477.234862820608,-0.409647494496312,-0.3348450493067503,-0.18954513837638842,-170.93148270529312,3.5026637128956435,5.33740098420704,-1.6475800082443186,-0.28212022918555135,8.233182716640442,0.55859065,0.2993359,445654.5304843008,5696605.829209217,477.4244079589844,-169.2839026970488,3.7847839420811877,-2.8957817324334,1193,frame_001193.png
8000,8000,28,13,0.4642857142857143,13,1.0,13,10,0.7692307692307693,445653.7438797268,5696605.43911032,477.22679689934006,-0.5359713148791343,-0.3428366407752037,-0.18778439948806636,-170.79380580221923,3.768833349991203,5.460639728089142,-1.581360924124084,-0.09937700255537152,8.710884703891367,0.52569884,0.20418733,10,0.7692307692307693,445653.7438797271,5696605.43911032,477.2267968994187,-0.535971314588096,-0.3428366407752037,-0.1877843994094519,-170.79380580221118,3.7688333486026684,5.460639727423056,-1.5813609241160407,-0.09937700394388571,8.710884703225275,0.52569884,0.20418733,445654.2798510417,5696605.781946961,477.4145812988281,-169.21244487809514,3.8682103525465665,-3.250244975802228,1194,frame_001194.png
8001,8000,30,15,0.5,15,1.0,15,13,0.8666666666666667,445653.6601751225,5696605.2440153435,477.2375318613638,-0.3774101437884383,-0.49517454858869314,-0.18629626363622265,-170.4825520933589,4.376987217520449,6.492331788971619,-1.2687686585026654,-0.7385953944644541,9.92800447366028,0.99857754,0.6641021,13,0.8666666666666667,445653.660175124,5696605.244015344,477.23753186198303,-0.3774101422750391,-0.49517454765737057,-0.18629626301697044,-170.4825520923738,4.376987210070613,6.492331787728513,-1.268768657517569,-0.7385954019142957,9.928004472417172,0.99857754,0.6641021,445654.0375852663,5696605.739189892,477.423828125,-169.21378343485623,5.115582611984897,-3.4356726846886723,1195,frame_001195.png
8000,8001,29,16,0.5517241379310345,16,1.0,16,16,1.0,445653.205279264,5696605.35517973,477.2208790125764,-0.5975840835599229,-0.35146475303918123,-0.20053822375172103,-170.83985368595089,4.997038659261527,6.641080427739814,-1.605991323816852,-0.19955552225619044,10.863743423537613,0.53886527,0.24944332,16,1.0,445653.20527926413,5696605.355179731,477.22087901271465,-0.5975840834435076,-0.35146475210785866,-0.20053822361347784,-170.83985368557705,4.997038658316754,6.641080425157061,-1.6059913234430212,-0.19955552320095649,10.863743420954847,0.53886527,0.24944332,445653.8028633476,5696605.706644483,477.4214172363281,-169.23386236213403,5.1965941815177095,-4.2226629957978,1196,frame_001196.png
8000,8000,27,14,0.5185185185185185,14,1.0,14,14,1.0,445651.3891971929,5696605.07799683,477.28912395407355,-0.5084053010796197,-0.2941070608794689,-0.16723590920776132,-170.70993259193938,3.5398608027744585,6.244726904065222,-1.5646354426906441,-0.09132329326519084,10.429338938652506,0.44179556,0.26199782,14,1.0,445651.08872319106,5696606.004838277,453.21677172411967,-0.8088793029310182,0.6327343853190541,-24.23958813916164,9.51935595906639,4.1997778750458785,1.7125445670637671,178.66465310831512,0.5685937790062212,5.897156601651034,1.7536079,1.516118,445651.897602494,5696605.372103891,477.4563598632813,-169.14529714924873,3.631184096039657,-4.184612034587276,1197,frame_001197.png
8000,8001,22,14,0.6363636363636364,14,1.0,14,14,1.0,445651.0560776742,5696604.990650957,477.2867092982622,-0.5868650823249482,-0.3347661644220352,-0.1849703892377761,-170.9508392666861,3.465455718842019,6.074164070418728,-1.609720663976816,-0.10075360012103829,9.953618168852671,0.4474822,0.22375387,14,1.0,445651.0560776741,5696604.990650959,477.2867092989128,-0.5868650824413635,-0.33476616255939007,-0.18497038858720316,-170.9508392654393,3.4654557181034535,6.074164060359928,-1.6097206627300125,-0.10075360085960483,9.953618158793859,0.4474822,0.22375387,445651.64294275653,5696605.325417122,477.4716796875,-169.3411186027093,3.566209318963063,-3.879454098433943,1198,frame_001198.png
8001,8001,24,12,0.5,12,1.0,12,12,1.0,445650.423353593,5696604.834893269,477.24113629123286,-0.48056695610284805,-0.36261060554534197,-0.22105242947026227,-171.15719605295678,3.8042704495975492,6.860437646032172,-1.5398142915851736,0.07369965042178706,11.233429309960826,0.49538255,0.19121927,12,1.0,445650.4233536025,5696604.834893253,477.2411362872461,-0.48056694655679166,-0.3626106223091483,-0.2210524334570323,-171.15719605519652,3.804270418478238,6.860437731175306,-1.539814293824918,0.0736996193024595,11.233429395103968,0.49538255,0.19121927,445650.9039205491,5696605.197503875,477.4621887207031,-169.6173817613716,3.730570799175773,-4.372991663928662,1199,frame_001199.png
8001,8001,26,12,0.46153846153846156,12,1.0,12,11,0.9166666666666666,445649.72806645936,5696604.542414678,477.1195636608237,-0.9299090055865236,-0.6186946146190166,-0.32779351691067404,-171.0961643447922,5.257135940374423,7.21228702578346,-1.5735959022574377,2.0376433397811127,11.045498330947424,0.94371396,0.6749684,11,0.9166666666666666,445649.7280662191,5696604.542414602,477.11956361747525,-0.9299092458677478,-0.6186946909874678,-0.3277935602591242,-171.09616434286175,5.257137163987668,7.212287213684541,-1.5735959003270068,2.0376445633943376,11.045498518848518,0.94371396,0.6749684,445650.65797546494,5696605.161109293,477.4473571777344,-169.52256844253475,3.219492600593321,-3.833211305163965,1200,frame_001200.png
8000,8000,17,8,0.47058823529411764,8,1.0,8,5,0.625,445652.3474791604,5696604.521144442,476.8343543478316,1.9420239648316056,-0.5992744388058782,-0.6128807595902686,-170.1916421271683,-9.194533938507616,10.224755027859656,-1.3126242478875554,-12.141548147508729,14.696972938031962,1.3570628,0.7019507,5,0.625,445652.3474791702,5696604.521144442,476.83435434554565,1.9420239746104926,-0.5992744388058782,-0.6128807618762266,-170.19164212316537,-9.194533986527201,10.224755034785877,-1.3126242438846134,-12.141548195528287,14.69697294495819,1.3570628,0.7019507,445650.4054551956,5696605.120418881,477.4472351074219,-168.87901787928075,2.9470142090011,-4.472217910172315,1201,frame_001201.png
8000,8001,28,13,0.4642857142857143,13,1.0,13,13,1.0,445649.56340176694,5696604.647015301,477.2254195984108,-0.5965808099717833,-0.43081519566476345,-0.23054353635484404,-170.91949499998856,5.095071419046116,5.6155695433493245,-1.5632562047994725,-0.12492236442170679,8.578484258924163,0.51945746,0.33164293,13,1.0,445649.5634017578,5696604.647015311,477.22541960200823,-0.5965808191103861,-0.43081518542021513,-0.2305435327573946,-170.9194949968231,5.095071454578828,5.615569487583708,-1.5632562016340046,-0.12492232888899935,8.578484203158553,0.51945746,0.33164293,445650.1599825769,5696605.077830496,477.4559631347656,-169.35623879518909,5.21999378346782,-2.9629147155748474,1202,frame_001202.png
8000,8000,19,12,0.631578947368421,12,1.0,12,12,1.0,445649.32393884985,5696604.600409398,477.2459396642068,-0.3794242017902434,-0.34955855645239353,-0.21316678110571274,-170.5882252613883,4.227859358352192,4.362195572474297,-1.6023974403607895,-0.4011654983422943,6.197612916114451,0.72491217,0.29664505,12,1.0,445649.3239388449,5696604.600409399,477.2459396645501,-0.37942420673789456,-0.34955855552107096,-0.2131667807623785,-170.5882252622976,4.227859380844631,4.3621955643998,-1.6023974412701136,-0.40116547584986506,6.197612908039957,0.72491217,0.29664505,445649.70336305164,5696604.949967954,477.4591064453125,-168.9858278210275,4.629024856694483,-1.8354173436401546,1203,frame_001203.png
8000,8000,22,12,0.5454545454545454,12,1.0,12,11,0.9166666666666666,445648.93872035795,5696604.518875088,477.26415210738395,-0.5204875978524797,-0.35827253200113773,-0.1913837812879251,-170.10527092855259,3.1226139237206536,3.738464000278534,-1.6036053866893383,-0.0585140765793426,5.192128413357096,0.6838181,0.5364561,11,0.9166666666666666,445645.6547108549,5696608.045670657,454.3339642669026,-3.804497100878507,3.1685230378061533,-23.12157162176925,11.223274538555488,16.047927992567615,-15.842991147612187,179.72494008041872,12.86679999226763,-14.389326734533626,15.2993965,6.222677,445649.4592079558,5696604.87714762,477.4555358886719,-168.50166554186325,3.181128000299996,-1.4536644130785548,1204,frame_001204.png
8001,8000,29,15,0.5172413793103449,15,1.0,15,15,1.0,445648.5347605114,5696604.444327268,477.27018858106123,-0.6814860114245676,-0.3549392782151699,-0.1830279716731411,-170.13065793786305,3.1097163872423246,2.8076757294113213,-1.7786542572533222,0.3852756934647914,3.2532604963912206,0.6836713,0.4190444,15,1.0,445647.39292791474,5696604.59958547,453.8325385485688,-1.8233186081051826,-0.19968107622116804,-23.620678004165597,10.073082363639184,8.500653536096857,1.0861048025047952,178.42508604424893,5.776212842319325,1.531689569484712,1.6723379,1.0007743,445649.21624652285,5696604.799266546,477.4532165527344,-168.35200368060973,2.724440693777525,-0.44558476697990773,1205,frame_001205.png
8001,8001,28,15,0.5357142857142857,15,1.0,15,15,1.0,445648.16814044636,5696604.318370332,477.2605268207624,-0.8062407414545305,-0.3950149044394493,-0.19940359915949557,-169.7766818785732,2.987393592058465,2.3010111760832834,-1.670172433971743,0.6464374903149519,2.6620767968088046,1.0544971,0.5857928,15,1.0,445645.91807874397,5696604.748892926,454.0679734074053,-3.0563024438451976,0.035507689230144024,-23.39195701251657,10.676843789429867,13.462906434491689,-1.7871899938641918,178.78335323403132,11.121950332748156,-1.4261243731386912,2.9795022,2.0988321,445648.9743811878,5696604.713385236,477.4599304199219,-168.10650944460147,2.3409561017435205,-0.36106562072551424,1206,frame_001206.png
8000,8000,15,6,0.4,6,1.0,6,5,0.8333333333333334,445647.4477884985,5696603.931542956,477.243341696501,-0.8394747333368286,-0.505088072270155,-0.22910093045214808,-170.28164354822334,5.324441936709411,0.582434892277861,-1.6332224148872854,1.7193150079241661,-1.2364424047640625,0.21167734,0.14337705,5,0.8333333333333334,445647.839543015,5696605.072313834,477.1489603900788,-0.4477202168200165,0.6356828054413199,-0.32348223687432665,-169.8454946507567,2.4430198989223832,-4.6092915557378795,-1.1970735174206482,-1.1621070298628808,-6.428168852779805,0.25213936,0.18036464,445648.2872632318,5696604.436631029,477.4724426269531,-168.64842113333606,3.6051269287852534,1.8188772970419245,1207,frame_001207.png
8000,8000,16,9,0.5625,9,1.0,9,9,1.0,445647.3890527935,5696604.022005283,477.27264191842363,-0.6829564587096684,-0.3341539800167084,-0.1964742925138694,-170.4558046547597,3.9299468747356867,0.48649173177728555,-1.655058508472763,0.614566706916122,-0.7917562747168745,0.46928114,0.3069503,9,1.0,445663.2832376545,5696606.776246957,472.09357910619786,15.211228402273264,2.42008769325912,-5.375537104739635,-94.8083240469196,-28.217760200287838,62.41015094656155,73.99242209936733,-31.53314036810741,61.13190294006739,203.79077,70.99791,445648.0720092522,5696604.356159263,477.4691162109375,-168.80074614628694,3.3153801678195784,1.278248006494157,1208,frame_001208.png
8000,8000,17,7,0.4117647058823529,7,1.0,7,7,1.0,445647.00797224947,5696604.010406312,477.2678045556747,-0.6288513128529303,-0.23091458715498447,-0.22600037596595257,-170.74786387538276,5.386705469490279,1.2952885531811966,-1.6537312857047937,0.4931600088676191,0.8313824279561004,0.20405158,0.090765536,7,1.0,445647.0079722588,5696604.010406302,477.26780455670064,-0.6288513035397045,-0.23091459646821022,-0.2260003749399857,-170.74786387834635,5.386705432069598,1.2952886056114623,-1.6537312886683821,0.4931599714469428,0.8313824803863668,0.20405158,0.090765536,445647.6368235623,5696604.241320899,477.4938049316406,-169.09413258967797,4.893545460622658,0.4639061252250876,1209,frame_001209.png
8000,8000,26,10,0.38461538461538464,10,1.0,10,9,0.9,445646.80120806576,5696603.832643147,477.2966176424794,-0.603229011350777,-0.37090951576828957,-0.24217019931745654,-171.1395320276108,8.003790133110135,2.0848289038584418,-1.8831394183793577,0.784226743631308,1.6566842562691022,0.8010886,0.52138966,9,0.9,5407758637.979368,-15402743128.613132,16002457405.29078,5407312990.574931,-15408439732.816685,16002456927.751991,-134.0105612121327,25.492363074695728,-137.3101676484029,35.245831397098755,18.27279968521691,-137.73831229599227,232.89925,110.33806,445647.4044370771,5696604.203552662,477.5387878417969,-169.25639260923145,7.219563389478834,0.4281446475893522,1210,frame_001210.png
8001,8000,24,10,0.4166666666666667,10,1.0,10,10,1.0,445646.2349130633,5696603.654839689,477.3044959996566,-0.9045236097299494,-0.5406265081837773,-0.2424705530777942,-170.00396728981735,2.413904616859529,8.568775424407887,-1.7854815116785403,1.5633009228692174,14.04757755869852,0.54738003,0.3519396,10,1.0,282064.23912066093,5823118.04813455,1771571.2192756517,-163582.9003160121,126513.85266835336,1771093.672309099,-90.03534199773429,0.13064149742710274,179.330524051466,78.18314378040452,-0.7199621965632161,-175.19067381424338,176.62563,108.60668,445647.139436673,5696604.195466197,477.5469665527344,-168.2184857781388,0.8506036939903092,-5.4788021342906355,1211,frame_001211.png
8000,8002,9,6,0.6666666666666666,6,1.0,6,6,1.0,445646.27332754247,5696603.658051353,477.305366316522,-0.6006579091772437,-0.5183287747204304,-0.2477342694155027,-169.69610810836392,1.950332207641223,6.580546705372783,-1.7067296232754643,-0.32088538319854365,9.786245234731183,0.64752865,0.2507267,6,1.0,446062.53743596893,5696379.567308899,3084.355427032482,415.6634505172842,-224.6090712286532,2606.8023264465446,-94.95112256911254,8.302985205788932,-170.18263699817427,73.03825591597592,6.031767614949189,-166.97693846881586,256.36804,170.65472,445646.87398545165,5696604.176380128,477.5531005859375,-167.98937848508845,2.271217590839753,-3.205698529358407,1212,frame_001212.png
8000,8000,17,9,0.5294117647058824,9,1.0,9,9,1.0,445645.6471115226,5696603.422353813,477.2254859036878,-0.5001389883691445,-0.6190463919192553,-0.2638024263903276,-170.15798606190523,4.480011521181365,3.9745366429033866,-1.7605219059736612,0.49051860712364714,4.238565606227382,0.6075176,0.37071818,9,1.0,445645.6471115179,5696603.422353813,477.22548590408735,-0.500138993083965,-0.6190463919192553,-0.2638024259907752,-170.15798606501514,4.480011542163775,3.974536636871926,-1.7605219090835647,0.4905186281060594,4.238565600195926,0.6075176,0.37071818,445646.147250511,5696604.041400205,477.4892883300781,-168.39746415593157,3.9894929140577213,-0.26402896332399706,1213,frame_001213.png
8002,8000,18,8,0.4444444444444444,8,1.0,8,8,1.0,445645.612885999,5696603.487365044,477.27784914758456,-0.2902748488704674,-0.5228663254529238,-0.1863232156967456,-169.8556550182927,1.5144334079142696,5.66756682122286,-1.7675831511136835,-1.1134431546798282,7.963257264701525,0.55337733,0.2114661,8,1.0,445646.0082709236,5696609.5684924135,456.4788696734986,0.10511007567401975,5.558261044323444,-20.985302689782714,4.440545407453767,-2.942639608640511,-27.145064135752527,172.52861727463278,-5.570516171234601,-24.849373692273844,10.250486,8.221653,445645.9031608479,5696604.010231369,477.4641723632813,-168.08807186717902,2.6278765625940883,-2.295690443478677,1214,frame_001214.png
8000,8000,15,5,0.3333333333333333,5,1.0,5,5,1.0,445645.195986921,5696603.348434886,477.2103274231404,-0.4637346672825515,-0.6242253445088863,-0.26525851435957293,-169.34438009683967,3.841234956071291,6.191663527843753,-1.6029935497228394,-0.4911836218704764,8.536278539378486,0.739762,0.5544531,5,1.0,445645.195986921,5696603.348434886,477.2103274231404,-0.4637346672825515,-0.6242253445088863,-0.26525851435957293,-169.34438009683967,3.841234956071291,6.191663527843753,-1.6029935497228394,-0.4911836218704764,8.536278539378486,0.739762,0.5544531,445645.6597215883,5696603.9726602305,477.4755859375,-167.74138654711683,4.332418577941761,-2.3446150115347435,1215,frame_001215.png
8001,8000,16,6,0.375,6,1.0,6,5,0.8333333333333334,445644.28736930765,5696603.90237438,477.3461540853412,-0.45164484210545197,0.09303565602749586,-0.15521920567442749,-170.29698189426867,4.753292126219175,2.2066489171505066,-1.10083230304582,-0.49284285387057025,3.9612596601511996,1.1628323,0.20035975,5,0.8333333333333334,445644.2873693009,5696603.902374382,477.34615408641054,-0.45164484885754064,0.09303565789014101,-0.1552192046050891,-170.296981892936,4.75329215770494,2.2066489031978906,-1.1008323017131545,-0.4928428223848016,3.9612596461985845,1.1628323,0.20035975,445644.73901414976,5696603.809338724,477.5013732910156,-169.19614959122285,5.246134980089744,-1.7546107430006848,1218,frame_001218.png
8000,8000,17,7,0.4117647058823529,7,1.0,7,5,0.7142857142857143,445644.09147996374,5696603.647990461,477.23512205843963,-0.3962680550175719,-0.13133044634014368,-0.25166383023224626,-170.69796490495355,2.25672866271899,3.206959781495463,-1.7934804092074899,-1.2449219010315176,4.974872677941391,0.35140142,0.20712045,5,0.7142857142857143,445644.09147994383,5696603.647990481,477.2351220609527,-0.39626807492459193,-0.1313304267823696,-0.2516638277191987,-170.69796489640797,2.256728746120569,3.206959668918506,-1.793480400661906,-1.244921817629944,4.9748725653644215,0.35140142,0.20712045,445644.48774801876,5696603.779320908,477.4867858886719,-168.90448449574606,3.501650563750504,-1.7679128964459223,1219,frame_001219.png
8000,8001,23,11,0.4782608695652174,11,1.0,11,11,1.0,445643.85837849055,5696603.519441363,477.2411762405353,-0.37414102419279516,-0.23219286184757948,-0.23996389618349667,-170.16143297731313,1.2768661331381324,4.327459602040158,-1.697208589208202,-1.7308391806796806,6.628215472624419,0.6785923,0.13716096,11,1.0,446247.49530567194,5696352.742857519,68.45067036711629,603.2627861571964,-251.0087767066434,-409.0304697696025,9.021510113309498,-45.36831073548579,33.1138075116555,177.4857345014144,-48.37601604930359,35.41456338223978,319.57864,162.98259,445644.23251951474,5696603.751634225,477.4811401367188,-168.46422438810492,3.0077053138177994,-2.3007558705842666,1220,frame_001220.png
8000,8000,17,9,0.5294117647058824,9,1.0,9,9,1.0,445643.2249368765,5696603.422883195,477.3095583982608,-0.5010740116704255,-0.26013835798949003,-0.16758393572359864,-169.37574409670955,2.1535980769054026,4.780932189827435,-1.5531568178664088,-0.05074028692285992,7.596642250579265,0.27316552,0.12019829,9,1.0,38705226.84335096,-18294935.53645224,-36477336.1482639,38259583.11734007,-23991539.219473794,-36477813.625406235,39.703713744986636,-12.055259186257477,50.608676376342395,-152.47369897617023,-14.259597550085743,53.42438643709423,317.24088,127.55794,445643.7260108882,5696603.683021553,477.4771423339844,-167.82258727884314,2.2043383638282705,-2.8157100607518415,1221,frame_001221.png
8001,8001,15,5,0.3333333333333333,5,1.0,5,5,1.0,445648.13490521966,5696606.622216045,465.80061291336915,4.871899109799415,3.0321729881688952,-11.681137574912157,131.1246419814644,-36.75803233619446,-80.56220683922787,-61.34161302692371,-40.129423370434694,-79.77828912101972,137.47377,97.6768,5,1.0,445648.13490521966,5696606.622216045,465.80061291336915,4.871899109799415,3.0321729881688952,-11.681137574912157,131.1246419814644,-36.75803233619446,-80.56220683922787,-61.34161302692371,-40.129423370434694,-79.77828912101972,137.47377,97.6768,445643.26300610986,5696603.590043057,477.4817504882813,-167.53374499161188,3.3713910342402245,-0.7839177182081488,1222,frame_001222.png
8001,8000,19,9,0.47368421052631576,9,1.0,9,9,1.0,445641.93389943504,5696603.294747857,477.23421441264856,-0.43909299263032153,-0.10387166310101748,-0.25641669086707,-169.50988248614019,5.343611665533745,2.3333551132767383,-1.3629537073255733,-0.5046413636985108,3.4462692872365324,0.6747662,0.39872453,9,1.0,445641.93389942683,5696603.294747859,477.2342144111872,-0.4390930008376017,-0.10387166123837233,-0.2564166923284006,-169.5098824792536,5.343611702870579,2.3333550968950467,-1.362953700438993,-0.5046413263616785,3.4462692708548275,0.6747662,0.39872453,445642.37299242767,5696603.3986195205,477.4906311035156,-168.1469287788146,5.848253029232264,-1.1129141739597859,1223,frame_001223.png
8000,8000,24,15,0.625,15,1.0,15,14,0.9333333333333333,445641.5541956291,5696603.013593923,477.27456350447846,-0.5768912177882157,-0.35058777779340744,-0.2026093470840351,-170.05123919139902,3.498980835488544,3.5881113673504434,-1.6402730650080741,0.06260621585053627,4.912665281558702,0.4911155,0.28908372,14,0.9333333333333333,445641.55419562885,5696603.013593922,477.2745635044987,-0.5768912180210464,-0.35058777872473,-0.20260934706379885,-170.0512391914171,3.498980836781751,3.5881113682683963,-1.6402730650261503,0.06260621714375247,4.912665282476667,0.4911155,0.28908372,445642.1310868469,5696603.364181701,477.4771728515625,-168.41096612639095,3.436374619638006,-1.3245539142082692,1224,frame_001224.png
8000,8000,27,14,0.5185185185185185,14,1.0,14,14,1.0,445641.2096103528,5696603.015846346,477.2665545582601,-0.6594866154482588,-0.3176517505198717,-0.1927655100992638,-170.46130025726643,2.5419444526354837,4.988828795595066,-1.589028857740857,-0.3076633358029426,8.185251543784688,0.39154267,0.17749299,14,1.0,457701.7653368235,5697223.753164046,40968.289983689094,12059.89623985521,620.4196659503505,40490.830663620734,150.27965631922925,-6.454760799744568,2.6286834288823795,-40.84807228124521,-9.304368588182996,5.825106177072001,215.14482,167.19084,445641.86909696826,5696603.333498096,477.4593200683594,-168.87227139952557,2.84960778843843,-3.1964227481896206,1225,frame_001225.png
8000,8001,30,19,0.6333333333333333,19,1.0,19,19,1.0,445640.99760528695,5696602.779249525,477.300386330918,-0.3383145448169671,-0.49653464648872614,-0.15652284876949807,-170.91336072883797,2.5308855778142223,6.083136056320017,-1.8035348996180574,-0.6191101174784137,9.053141014712224,0.5934133,0.35631445,19,1.0,444865.870161635,5698878.390136644,-217.0296700514849,-775.4657581967767,2275.114352473058,-694.4865792311724,17.07073936529391,37.820759467433476,-63.04331332094791,-173.81943480548614,34.670763772140845,-60.07330836255569,356.56967,161.80035,445641.33591983176,5696603.275784171,477.4569091796875,-169.10982582921991,3.149995695292645,-2.9700049583922183,1226,frame_001226.png
8000,8000,20,10,0.5,10,1.0,10,10,1.0,445640.6229149651,5696602.903792112,477.25649910300405,-0.4490195910912007,-0.340719030238688,-0.18643302590226085,-170.6109088665636,1.3362798366761282,4.5434812777055,-1.6408583226974258,-0.5274348739123695,6.729424224012405,0.48464394,0.2955802,10,1.0,412406.668308704,5716882.8058047695,-82423.19824107396,-33234.403625852196,20279.561293627135,-82900.64117320286,-107.79491535583925,-1.622424883604119,-144.28213351469944,61.1751351880269,-3.486139594192622,-142.09619056839253,205.71297,116.516106,445641.0719345562,5696603.244511142,477.4429321289063,-168.97005054386617,1.8637147105884913,-2.1859429463069042,1227,frame_001227.png
8000,8000,34,19,0.5588235294117647,19,1.0,19,19,1.0,445640.3122308466,5696602.867993782,477.2639492782703,-0.5041266341577284,-0.34185800049453974,-0.1734286514172254,-171.11694870272962,1.747828678285112,5.204455058859498,-1.8522263166508992,-0.6692456648737846,7.940268879535125,0.572901,0.46357825,19,1.0,-2012637.696963265,8218719.399982443,-1780564.1516785477,-2458278.513320746,2522116.1901306603,-1781041.5890564774,35.303420401539505,30.661016380688253,-51.067882663965165,-155.43185721238177,28.243942037529337,-48.332068843289534,213.35365,111.23875,445640.81635748077,5696603.209851783,477.4373779296875,-169.26472238607872,2.417074343158907,-2.735813820675621,1228,frame_001228.png
8000,8000,21,14,0.6666666666666666,14,1.0,14,13,0.9285714285714286,445640.0024099718,5696602.818340663,477.2540132736571,-0.3099679653532803,-0.30966983269900084,-0.16627481228039187,-171.20579241640084,0.9388166235922043,4.024337848831711,-1.882099680139362,-0.811674268982614,5.570214629902978,0.52487266,0.24745417,13,0.9285714285714286,445639.2493034506,5696597.550221577,476.43044875180397,-1.0630744865629822,-5.577788918279111,-0.989839334133535,-175.04251580382032,7.909521514842475,30.751959230743747,-5.718823067558844,6.1590306222676645,32.29783601181501,5.919055,4.129835,445640.31237793714,5696603.128010496,477.4202880859375,-169.32369273626148,1.750490892574822,-1.5458767810712577,1229,frame_001229.png
8000,8000,21,10,0.47619047619047616,10,1.0,10,10,1.0,445639.65703008947,5696602.804549057,477.25476091207,-0.40651329403044656,-0.2792035872116685,-0.17788679300809918,-170.8082332181134,1.1570345207264983,4.001571060581603,-1.6005198787436257,-0.551043363121039,5.928084661512997,0.2725855,0.17533104,10,1.0,445642.1310398667,5696601.479176186,476.9951101195633,2.0674964832141995,-1.604576458223164,-0.4375375855148036,-171.63638294234175,-10.281149312899242,12.421538661599216,-2.428669602971979,-11.989227196746782,14.348052262530615,2.913194,2.0673203,445640.0635433835,5696603.083752644,477.4326477050781,-169.20771333936977,1.7080778838475377,-1.9265136009313872,1230,frame_001230.png
8000,8001,26,18,0.6923076923076923,18,1.0,18,16,0.8888888888888888,445639.0680806596,5696602.578375976,477.2623973457868,-0.5180119517608546,-0.40517241321504116,-0.15251964640071947,-170.94164979484717,1.4151579748841798,3.4945740922334627,-1.659653638715696,-0.38298165060891165,4.306409971694222,0.4027787,0.26626205,16,0.8888888888888888,445639.15905161324,5696602.604299996,477.25440821232405,-0.4270409981254488,-0.3792483927682042,-0.16050877986344858,-170.9919816142508,0.9633142963078453,3.411921373034799,-1.70998545811932,-0.8348253291852359,4.223757252495574,1.0000342,0.4307613,445639.58609261137,5696602.983548389,477.4149169921875,-169.28199615613147,1.798139625493091,-0.8118358794607617,1231,frame_001231.png
8000,8000,33,14,0.42424242424242425,14,1.0,14,14,1.0,445638.692590063,5696602.732000188,477.2000836597482,-0.6589498977991752,-0.19200328458100557,-0.20940120353310476,-170.47734136228775,2.171866877143379,1.7119489433537565,-1.7391890001165393,-0.14766100640858326,1.9024881350491967,0.64591724,0.33781478,14,1.0,445665.14246810635,5695818.539124634,-110.25234007942453,25.790928145579528,-784.3848788384348,-587.6618249427058,-9.562868855262353,-6.215183618705562,62.16576855965157,159.17528350690884,-8.534711502257522,62.356307751347,274.4185,102.3165,445639.3515399608,5696602.924003473,477.4094848632813,-168.7381523621712,2.3195278835519697,-0.1905391916954535,1232,frame_001232.png
8000,8001,53,32,0.6037735849056604,32,1.0,32,32,1.0,445638.4774848951,5696602.60446374,477.19936866970653,-0.4081164281233214,-0.20736523158848286,-0.18637351779347,-170.06316339263026,2.316632705834462,2.7319948943280727,-1.748276598305921,-0.21793135277670217,3.787699597212395,0.60719657,0.36601517,32,1.0,445638.47748489375,5696602.604463741,477.1993686695604,-0.4081164294620976,-0.20736523065716028,-0.18637351793961443,-170.0631633916991,2.31663271136619,2.7319948874102824,-1.748276597374769,-0.21793134724495644,3.7876995902945794,0.60719657,0.36601517,445638.8856013232,5696602.811828972,477.3857421875,-168.31488679432434,2.5345640586111555,-1.0557047028843107,1233,frame_001233.png
8000,8000,37,22,0.5945945945945946,22,1.0,22,21,0.9545454545454546,445638.21750725026,5696602.28034386,477.2341409038564,-0.4282785588875413,-0.4706781068816781,-0.15025851020607206,-170.7881808949721,0.975732160817075,3.811141819343908,-1.7309017263656301,-0.5099256178509677,4.684465454247885,0.6870068,0.47125673,21,0.9545454545454546,445517.0493405274,5695896.029877916,-7203.109686059605,-121.59644528175704,-706.721144051291,-7680.494085473668,27.330728928773087,5.308561988685105,13.729800411301644,-163.61199190262045,3.8229042100170716,14.603124046205608,339.8288,121.078415,445638.64578580915,5696602.751021967,477.3843994140625,-169.05727916860647,1.4856577786680356,-0.873323634903973,1234,frame_001234.png
8000,8000,48,37,0.7708333333333334,37,1.0,37,36,0.972972972972973,445637.87050562626,5696602.222715255,477.2152512422982,-0.5390358787262812,-0.44069681502878666,-0.16762229285802732,-170.94868001289342,3.036964609268556,-0.29176346061629754,-1.4717946017957786,-0.06925077522666356,-2.994438668622564,0.34308058,0.21154983,36,0.972972972972973,454479.04383057205,5763373.380183993,-67043.99250395484,8840.634289067064,66770.716771923,-67521.37537749,-164.51837995089016,19.026262855457745,-135.1809648413777,4.958505460207476,15.920047470962544,-137.88364004938396,328.18787,154.21332,445638.409541505,5696602.66341207,477.38287353515625,-169.47688541109764,3.106215384495208,2.702675208006269,1235,frame_001235.png
8000,8000,53,42,0.7924528301886793,42,1.0,42,41,0.9761904761904762,445637.5085773228,5696602.211174383,477.21021591749087,-0.668558181845583,-0.371840538457036,-0.15883315477475435,-171.21110981131937,3.4382955050081687,0.8451761550758833,-1.5639522320676633,-0.10724102627509069,-0.26024832510103124,0.4543647,0.36383384,41,0.9761904761904762,453550.4209676421,5723080.24745659,-94419.27862622507,7912.243832137436,26477.66444166843,-94896.64767529734,-117.90946753786518,12.76677734009715,-170.02699207454708,51.73769004138654,9.221240808813889,-171.132416554724,344.02206,120.019585,445638.17713550467,5696602.583014921,477.3690490722656,-169.6471575792517,3.5455365312832474,1.105424480176906,1236,frame_001236.png
8000,8000,65,50,0.7692307692307693,50,1.0,50,49,0.98,445637.2336125659,5696602.074101114,477.2283905457606,-0.46662805741652846,-0.3622969090938568,-0.1597930479894103,-171.66969819790535,3.5420533714853613,1.3282610133035897,-1.6012627583843653,-0.0021177436111088355,0.33709507025261587,0.41980708,0.30449602,49,0.98,442708.6145334153,5696325.603334942,2128.207486652973,-2929.0857072080253,-276.83306308090687,1650.8193030592229,-67.04884355838328,-32.635310431998,130.56033177237634,103.01959188113767,-36.1794815470945,129.56916582932536,340.357,122.38368,445637.7002406233,5696602.436398023,477.38818359375,-170.06843543952098,3.544171115096481,0.9911659430509735,1237,frame_001237.png
8001,8000,70,52,0.7428571428571429,52,1.0,52,52,1.0,445636.919961911,5696601.9718580935,477.24408054527885,-0.5293041826807894,-0.3910414669662714,-0.14892482581490185,-172.23292855596603,1.2478262287912154,0.5522977394888288,-1.6170222523510063,-0.05309824105572147,-1.3779673057726711,0.46623546,0.32442132,52,1.0,445636.91996191064,5696601.9718580935,477.244080545296,-0.5293041830300353,-0.3910414669662714,-0.14892482579773514,-172.23292855584597,1.2478262306294885,0.5522977394100101,-1.617022252230953,-0.05309823921746215,-1.3779673058514845,0.46623546,0.32442132,445637.44926609367,5696602.3628995605,477.39300537109375,-170.61590630361502,1.3009244698469402,1.930265045261492,1238,frame_001238.png
8000,8001,77,62,0.8051948051948052,62,1.0,62,62,1.0,445636.26610809786,5696601.889244372,477.2516741140379,-0.6693246963550337,-0.3607587357982993,-0.14697700900899235,-172.85066079661382,1.2526708969255997,1.0446573672878088,-1.6193138556490112,-0.2339651294853411,-0.328627192229618,0.45522857,0.29423127,62,1.0,-70144009.43814184,811814763.1575794,-3441996232.875254,-70589646.37357463,806118160.9075763,-3441996710.2739053,-95.3670646594259,9.408973705254153,-171.37187370158836,75.86428228153892,7.922337678843206,-172.7451582611058,297.59848,135.70651,445636.9354327942,5696602.250003108,477.3986511230469,-171.2313469409648,1.4866360264109353,1.3732845595174368,1239,frame_001239.png
8000,8000,81,64,0.7901234567901234,64,1.0,64,64,1.0,445635.62041987665,5696601.856077774,477.24191816639245,-0.5633002243703231,-0.3272365937009454,-0.1764167945450481,-172.25053376969086,1.691769041823377,4.332526735654325,-1.7059787765425654,0.6960238001096002,6.345833189347218,0.39562657,0.19336951,64,1.0,402645.76234863396,5788755.4796432955,-62407.896662256404,-42990.42137146706,92153.29632892739,-62885.31499721734,34.76714087522969,-7.061659532055351,-49.51749652849135,-154.68830413162198,-8.057404773769122,-47.50419007479849,260.92184,146.49037,445636.183720101,5696602.183314368,477.4183349609375,-170.5445549931483,0.9957452417137775,-2.0133064536928797,1240,frame_001240.png
8000,8003,94,73,0.776595744680851,73,1.0,73,73,1.0,445635.35251211835,5696601.8980367,477.24498411290324,-0.5799570990493521,-0.27573296520859003,-0.1659961117061357,-171.38934929470253,-4.767004712104079,4.452834857656056,-1.6889283841373413,-0.3173995510746863,6.686779937148941,0.48286855,0.35961032,73,1.0,445635.35251211846,5696601.898036701,477.2449841128235,-0.5799570989329368,-0.27573296427726746,-0.16599611178588702,-171.38934929475312,-4.767004712926011,4.452834855585404,-1.688928384187932,-0.31739955189664215,6.686779935078306,0.48286855,0.35961032,445635.9324692174,5696602.173769665,477.4109802246094,-169.70042091056519,-4.449605161029383,-2.233945079492891,1241,frame_001241.png
8000,8000,108,87,0.8055555555555556,87,1.0,87,86,0.9885057471264368,445635.1228745685,5696601.916967808,477.2353583988385,-0.5669683944433928,-0.2481581950560212,-0.14827807577086105,-170.8611182196593,-8.01529510859668,4.07329414764718,-1.6517815941478204,-0.45015931134361153,6.229098909237479,0.45837948,0.32166365,86,0.9885057471264368,445635.1228745685,5696601.916967808,477.2353583989399,-0.5669683944433928,-0.2481581950560212,-0.1482780756694524,-170.86111821943373,-8.015295107995298,4.073294150423977,-1.6517815939222658,-0.4501593107422366,6.22909891201428,0.45837948,0.32166365,445635.68984296295,5696602.165126003,477.3836364746094,-169.20933662551147,-7.5651357972530615,-2.155804761590293,1242,frame_001242.png
8000,8000,118,92,0.7796610169491526,92,1.0,92,91,0.9891304347826086,445634.9316626331,5696601.868623438,477.22877886975635,-0.4124469660455361,-0.26700375135987997,-0.1290397337592708,-170.42013009470625,-5.214728507345943,2.0292258000024623,-1.3437163902462714,-0.19166560069376715,2.417517265284829,0.5078918,0.3330181,91,0.9891304347826086,445634.93166263035,5696601.868623452,477.22877886797113,-0.41244696878129616,-0.26700373739004135,-0.12903973554449522,-170.4201300967293,-5.214728506690886,2.029225723842027,-1.3437163922693287,-0.191665600038732,2.4175171891243963,0.5078918,0.3330181,445635.34410959913,5696602.13562719,477.3578186035156,-169.07641370445998,-5.023062906652167,-0.388291465282358,1243,frame_001243.png
8000,8001,101,83,0.8217821782178217,83,1.0,83,82,0.9879518072289156,445634.87022297597,5696601.829592398,477.2281595505846,-0.370916202373337,-0.28591618314385414,-0.12697350605600377,-170.75498427243454,-6.242010289666694,2.794218309745846,-1.6308502160885041,-0.6310945950237112,3.338595031349456,0.47074568,0.2857526,82,0.9879518072289156,445634.8702229763,5696601.829592397,477.2281595506734,-0.37091620202409104,-0.2859161840751767,-0.12697350596721435,-170.75498427213623,-6.2420102903525425,2.794218315137541,-1.6308502157901898,-0.6310945957095555,3.338595036741168,0.47074568,0.2857526,445635.24113917834,5696602.1155085815,477.3551330566406,-169.12413405634604,-5.610915694642977,-0.5443767216036192,1244,frame_001244.png
8000,8000,97,87,0.8969072164948454,87,1.0,87,86,0.9885057471264368,445634.8419433729,5696601.873347538,477.2247036067189,-0.3369164139148779,-0.23082221392542124,-0.12316626632798489,-171.18599661487065,-5.120197355627826,2.1352804456138874,-1.6463046248522915,-0.6056242077800675,2.381802217705882,0.39761835,0.19655024,86,0.9885057471264368,445634.8419434395,5696601.873344963,477.2247040254276,-0.33691634732531384,-0.23082478810101748,-0.12316584761924787,-171.18599617803574,-5.120195481615062,2.135293850899327,-1.6463041880173819,-0.6056223337672861,2.3818156229913257,0.39761755,0.19655065,445635.1788597868,5696602.1041697515,477.3478698730469,-169.53969199001835,-4.514573147847767,-0.24652177209200749,1245,frame_001245.png
8000,8000,97,77,0.7938144329896907,77,1.0,77,77,1.0,445634.8465408173,5696601.844797309,477.2272965586445,-0.31616955512436107,-0.25539802946150303,-0.1267683827617816,-163.96936729937684,-3.0505874478975508,2.2180922030425405,1.7283596506951824,0.04060872316676978,2.7576317076540704,0.4807806,0.28251553,77,1.0,445634.84654081735,5696601.844797309,477.2272965586558,-0.3161695550661534,-0.25539802946150303,-0.1267683827505266,-163.9693672993781,-3.0505874478156425,2.218092203484578,1.7283596506939318,0.040608723248681144,2.7576317080961132,0.4807806,0.28251553,445635.1627103724,5696602.100195338,477.3540649414063,-165.69772695007202,-3.091196171064311,-0.5395395046115399,1246,frame_001246.png
8001,8000,101,81,0.801980198019802,81,1.0,81,81,1.0,445634.83852431574,5696601.884854436,477.2281973059661,-0.21416814986150712,-0.28950581047683954,-0.1632211510652155,-150.1315165268069,-3.32259344607332,7.017855544271678,-2.0242085372283043,-1.5978159672316679,11.370239800312959,0.4763579,0.29571086,81,1.0,445634.8385243156,5696601.884854435,477.2281973061121,-0.21416814997792244,-0.2895058114081621,-0.16322115091918477,-150.13151652681935,-3.3225934433621807,7.01785554759451,-2.024208537240753,-1.597815964520521,11.37023980363577,0.4763579,0.29571086,445635.0526924656,5696602.174360246,477.3914184570313,-148.1073079895786,-1.7247774788416659,-4.3523842560412715,1247,frame_001247.png
8000,8000,44,32,0.7272727272727273,32,1.0,32,32,1.0,445634.9761448891,5696601.828964001,477.20111960373424,-0.1042060722829774,-0.34204194135963917,-0.20854836501575846,-149.71437911000362,6.350635106508158,0.15945867483575588,-1.52462735964707,-0.336778939652163,-2.3410111396738955,0.42458397,0.19537993,32,1.0,445634.9761448862,5696601.828963997,477.2011196041684,-0.10420607513515279,-0.34204194508492947,-0.20854836458158843,-149.71437911140225,6.350635127936769,0.15945868215206263,-1.5246273610457024,-0.3367789182235583,-2.3410111323576075,0.42458397,0.19537993,445635.08035096136,5696602.171005942,477.40966796875,-148.18975175035655,6.687414046160318,2.500469814509663,1248,frame_001248.png
8000,8001,73,58,0.7945205479452054,58,1.0,58,58,1.0,445634.95919418824,5696601.764409525,477.2189174642194,-0.1626417720108293,-0.38572726864367723,-0.18403663734312659,-149.70710759616955,2.3487721013964147,0.10706109796445847,-1.777756311910622,-1.4105504075109252,-2.8678779805663908,0.41116118,0.28763667,58,1.0,445634.95919418795,5696601.764409524,477.2189174644064,-0.1626417723018676,-0.3857272695749998,-0.18403663715611174,-149.7071075967917,2.3487721062531386,0.10706110340322879,-1.777756312532773,-1.410550402654195,-2.8678779751276124,0.41116118,0.28763667,445635.12183596025,5696602.150136794,477.4029541015625,-147.92935128425893,3.759322508907332,2.974939078530851,1249,frame_001249.png
8000,8000,93,73,0.7849462365591398,73,1.0,73,71,0.9726027397260274,445634.9053226286,5696601.751025009,477.2375476711324,-0.20015657832846045,-0.3883668938651681,-0.15426751441447095,-149.90032630951404,-1.8359930760466763,2.868976633959974,-1.5876721583599362,-0.09366403333163476,3.71531674958527,0.44489667,0.26619333,71,0.9726027397260274,445634.90532262874,5696601.751025022,477.2375476696927,-0.20015657821204513,-0.38836688082665205,-0.15426751585420106,-149.9003263081188,-1.835993109750039,2.8689765773426896,-1.587672156964686,-0.09366406703500729,3.7153166929680026,0.44489667,0.26619333,445635.10547920695,5696602.139391903,477.3918151855469,-148.3126541511541,-1.742329042715036,-0.8463401156253062,1250,frame_001250.png
8000,8001,95,81,0.8526315789473684,81,1.0,81,78,0.9629629629629629,445634.90760939266,5696601.787017195,477.2341837109589,-0.1801700487267226,-0.3461788324639201,-0.16770227536920856,-149.68850020008202,0.20056579318118387,2.743427016257078,-1.7137296382167335,-0.38026401739077187,2.9518037678547557,0.44758302,0.23563065,78,0.9629629629629629,445634.90760939335,5696601.787017192,477.23418371130106,-0.18017004802823067,-0.34617883525788784,-0.16770227502706803,-149.68850020104102,0.20056579717225306,2.7434270299263903,-1.7137296391757388,-0.38026401339971017,2.951803781524063,0.44758302,0.23563065,445635.0877794414,5696602.133196027,477.4018859863281,-147.97477056186528,0.5808298105719502,-0.20837675159767596,1251,frame_001251.png
8000,8000,97,79,0.8144329896907216,79,1.0,79,75,0.9493670886075949,445634.9229331476,5696601.807566019,477.22599817964476,-0.15695431065978482,-0.3265470592305064,-0.19166539457404497,-149.84374724092203,0.12732442963393617,2.333231064333182,-1.708998283731006,-0.5376363764185612,2.6566669637416283,0.45116064,0.21908647,75,0.9493670886075949,445634.92293314746,5696601.807566017,477.22599817988123,-0.15695431077620015,-0.32654706109315157,-0.19166539433757634,-149.84374724136734,0.12732443387349598,2.333231069949982,-1.7089982841763174,-0.5376363721789801,2.65666696935844,0.45116064,0.21908647,445635.07988745824,5696602.134113078,477.4176635742188,-148.13474895719102,0.664960806052485,-0.3234358994084596,1252,frame_001252.png
8001,8000,92,73,0.7934782608695652,73,1.0,73,73,1.0,445634.8776030799,5696601.782139595,477.22978950869475,-0.1958468608208932,-0.35298055596649647,-0.17789481747712443,-149.69890742902328,-0.7997800089055681,2.4173919036189613,-1.754361914593602,-0.44045555359352306,2.749009549404718,0.4776759,0.3099174,73,1.0,445634.8776030798,5696601.78213959,477.2297895094195,-0.19584686093730852,-0.35298056062310934,-0.17789481675237084,-149.69890743025985,-0.7997799956836729,2.417391924271096,-1.7543619158301738,-0.44045554037163015,2.7490095700568418,0.4776759,0.3099174,445635.0734499407,5696602.135120151,477.4076843261719,-147.94454551442968,-0.3593244553120328,-0.331617645785748,1253,frame_001253.png
8000,8000,110,90,0.8181818181818182,90,1.0,90,90,1.0,445634.88627413777,5696601.7746309005,477.23328481870516,-0.16749015438836068,-0.36135301273316145,-0.16969980043546684,-149.6451194381365,-0.1807760941553684,2.6176684257973775,-1.777834428194609,-0.21293681234644168,3.0766466361028506,0.44529122,0.26267067,90,1.0,445634.88627413753,5696601.774630901,477.23328481854827,-0.16749015462119132,-0.3613530118018389,-0.16969980059235468,-149.6451194376446,-0.18077609703261105,2.6176684186464896,-1.7778344277027145,-0.21293681522368502,3.0766466289519485,0.44529122,0.26267067,445635.05376429216,5696602.135983913,477.4029846191406,-147.8672850099419,0.032160718191063906,-0.4589782103054631,1254,frame_001254.png
8000,8001,104,92,0.8846153846153846,92,1.0,92,92,1.0,445634.85293908766,5696601.776289721,477.23288179770253,-0.1935205310001038,-0.35825098492205143,-0.17312406167246763,-149.6660090467622,-0.49114967533867576,2.0429706344476823,-1.7933437901259026,-0.325573804971242,1.975866502213421,0.44793752,0.28279382,92,1.0,445634.85293908766,5696601.776289719,477.23288179791473,-0.1935205310001038,-0.3582509867846966,-0.17312406146027115,-149.66600904707687,-0.49114967171079726,2.042970640693876,-1.7933437904405594,-0.3255738013433813,1.9758665084596316,0.44793752,0.28279382,445635.04645961866,5696602.134540706,477.406005859375,-147.8726652566363,-0.1655758703674262,0.06710413223424878,1255,frame_001255.png
8001,8001,82,73,0.8902439024390244,73,1.0,73,66,0.9041095890410958,445634.8442892564,5696601.780367371,477.2267472138804,-0.19802035664906725,-0.35606333892792463,-0.16244345994772402,-149.49100045508084,-1.1522026742960365,1.8914764332650338,-1.8006879368309114,-0.38830974553445685,1.7517367567161557,0.44866705,0.31698573,66,0.9041095890410958,445634.84428925643,5696601.780367371,477.2267472139112,-0.1980203565908596,-0.35606333892792463,-0.1624434599169149,-149.49100045514064,-1.1522026741302904,1.89147643444556,-1.8006879368907107,-0.38830974536870144,1.7517367578967082,0.44866705,0.31698573,445635.042309613,5696602.13643071,477.3891906738281,-147.69031251824993,-0.7638929287615766,0.13973967654886493,1256,frame_001256.png
8000,8000,99,75,0.7575757575757576,75,1.0,75,74,0.9866666666666667,445634.86970277614,5696601.794064518,477.2146060451822,-0.16732747852802277,-0.34389329329133034,-0.17604947239590274,-149.46028632147613,-0.11500141192764225,3.2767600898175613,-1.81064203355686,-0.5821066443767506,4.437889152091316,0.44451475,0.22458279,74,0.9866666666666667,445634.86970277585,5696601.794064519,477.21460604515454,-0.16732747881906107,-0.34389329236000776,-0.17604947242358548,-149.46028632125484,-0.1150014124726207,3.276760086085348,-1.8106420333355686,-0.5821066449217085,4.4378891483590905,0.44451475,0.22458279,445635.03703025467,5696602.137957811,477.3906555175781,-147.64964428791927,0.46710523244909713,-1.1611290622737551,1257,frame_001257.png
8000,8000,94,79,0.8404255319148937,79,1.0,79,79,1.0,445634.852089103,5696601.795638343,477.2238549856019,-0.18427922978298739,-0.3546869019046426,-0.18691161596058237,-149.52785285532363,-0.2252298901129402,3.5303155401890405,-1.8682313289188244,-0.4999045255118233,4.97241149161033,0.42787427,0.27960262,79,1.0,445634.8520891031,5696601.7956383405,477.2238549860256,-0.18427922972477973,-0.3546869046986103,-0.18691161553692837,-149.52785285606905,-0.22522988306248135,3.530315552845746,-1.8682313296642405,-0.4999045184613635,4.972411504267029,0.42787427,0.27960262,445635.0363683328,5696602.150325245,477.4107666015625,-147.6596215264048,0.2746746353988958,-1.442095951421295,1258,frame_001258.png
8000,8000,89,75,0.8426966292134831,75,1.0,75,71,0.9466666666666667,445634.83613512415,5696601.744576055,477.22530962865625,-0.20644876541336998,-0.40463388338685036,-0.17648480493750185,-149.38623192725237,0.2921684390591521,2.5296387762515486,-1.8377423246817557,-0.19747291916149834,2.803896711546429,0.445488,0.27361155,71,0.9466666666666667,445634.8361351241,5696601.744576055,477.22530962868115,-0.20644876547157764,-0.40463388338685036,-0.17648480491260443,-149.38623192732774,0.2921684400352188,2.5296387772498647,-1.83774232475713,-0.19747291818544,2.8038967125447414,0.445488,0.27361155,445635.04258388956,5696602.149209938,477.40179443359375,-147.5484896025706,0.4896413582206531,-0.2742579352948845,1259,frame_001259.png
8001,8001,103,85,0.8252427184466019,85,1.0,85,85,1.0,445634.88764805975,5696601.806382155,477.21875286331164,-0.16199581639375538,-0.34172174520790577,-0.18414020309467105,-149.56277516496291,0.15095262681696286,1.8972247893084946,-1.8183654717908553,-0.504420989157552,1.721703052625486,0.49625707,0.27412623,85,1.0,445634.8876480598,5696601.806382155,477.21875286334654,-0.16199581633554772,-0.34172174520790577,-0.1841402030597692,-149.5627751650685,0.15095262721952463,1.8972247907764122,-1.818365471896442,-0.5044209887549869,1.7217030540934104,0.49625707,0.27412623,445635.04964387615,5696602.1481039,477.4028930664063,-147.74440969317206,0.6553736159745097,0.17552173668299653,1260,frame_001260.png
8000,8000,111,96,0.8648648648648649,96,1.0,96,96,1.0,445634.89634539804,5696601.853303134,477.1985747685356,-0.1772534191259183,-0.30317782424390316,-0.1976349482612818,-149.9276931097041,-0.020716177063695104,2.5176470718302273,-1.8228117176286673,-0.6116948830568845,3.1421239456882972,0.513211,0.30606195,96,1.0,445634.8963453997,5696601.853303122,477.1985747702215,-0.17725341743789613,-0.30317783635109663,-0.19763494657536285,-149.9276931136895,-0.02071615207868456,2.5176471307729527,-1.8228117216140447,-0.6116948580718713,3.142124004631029,0.513211,0.30606195,445635.07359881717,5696602.156480959,477.3962097167969,-148.10488139207544,0.5909787059931894,-0.6244768738580686,1261,frame_001261.png
8000,8000,116,86,0.7413793103448276,86,1.0,86,86,1.0,445634.8599537246,5696601.782037396,477.19925125910675,-0.21864074235782027,-0.3831907454878092,-0.18881026433075476,-149.7853519346777,0.47644386410603684,1.8885262746294804,-1.8057175501876657,-0.16951656685449734,1.6282395563998193,0.4437526,0.24522953,86,1.0,445634.8599537245,5696601.782037396,477.19925125914466,-0.2186407424742356,-0.3831907454878092,-0.1888102642928402,-149.78535193477646,0.4764438653586948,1.8885262757829833,-1.805717550286431,-0.16951656560183892,1.6282395575533144,0.4437526,0.24522953,445635.07859446696,5696602.1652281415,477.3880615234375,-147.97963438449003,0.6459604309605435,0.260286718229665,1262,frame_001262.png
8000,8001,87,69,0.7931034482758621,69,1.0,69,66,0.9565217391304348,445634.8528286594,5696601.785697608,477.201747712255,-0.22232445859117433,-0.3891115467995405,-0.1781656178231401,-149.34656722017414,0.4994802015626338,2.318869094300013,-1.813367225489941,-0.21404397951448573,2.4255423878886404,0.41909894,0.20012495,66,0.9565217391304348,445634.85282865935,5696601.785697608,477.20174771227323,-0.222324458649382,-0.3891115467995405,-0.17816561780489337,-149.34656722021217,0.4994802020190223,2.318869094855885,-1.8133672255279691,-0.21404397905811834,2.425542388444512,0.41909894,0.20012495,445635.075153118,5696602.174809155,477.3799133300781,-147.5331999946842,0.7135241810771336,-0.1066732935886328,1263,frame_001263.png
8000,8000,95,73,0.7684210526315789,73,1.0,73,73,1.0,445634.88241460786,5696601.87484062,477.20106531513056,-0.1837746124365367,-0.31339691765606403,-0.1842496262757436,-149.335523597682,-0.4273031563221641,3.2818939463399652,-1.819163916419683,-0.6093778389011959,4.584657768298399,0.51246446,0.30320334,73,1.0,445634.8824146083,5696601.874840594,477.2010653194705,-0.1837746119708754,-0.3133969437330961,-0.1842496219358054,-149.33552360373596,-0.42730308963089414,3.2818940611666902,-1.819163922473649,-0.6093777722099105,4.584657883125118,0.51246446,0.30320334,445635.0661892203,5696602.188237538,477.3853149414063,-147.51635968126232,0.18207468257902804,-1.3027638219584354,1264,frame_001264.png
8000,8000,79,65,0.8227848101265823,65,1.0,65,63,0.9692307692307692,445634.81776683655,5696601.782168378,477.2089989686572,-0.23573857749579474,-0.4287815438583493,-0.18370122665527333,-149.68924684959543,0.4598001753839001,4.064054888848047,-1.8342792225523112,-0.05307301946479015,5.738948641927436,0.4574086,0.23947324,63,0.9692307692307692,445634.81776683655,5696601.782168378,477.2089989686577,-0.23573857749579474,-0.4287815438583493,-0.18370122665481858,-149.68924684960015,0.459800175470819,4.064054888884191,-1.8342792225570292,-0.05307301937787656,5.738948641963589,0.4574086,0.23947324,445635.05350541405,5696602.210949922,477.3927001953125,-147.85496762704312,0.5128731948486922,-1.6748937530793917,1265,frame_001265.png
8000,8000,95,77,0.8105263157894737,77,1.0,77,77,1.0,445634.90913900244,5696601.877117853,477.20104068258615,-0.14187492313794792,-0.33753689657896757,-0.1927886631169713,-149.78756156477377,-0.08908245929597924,4.0341584055692135,-1.820141508433153,-0.7607236754064957,5.830981904925721,0.46468008,0.25987008,77,1.0,445634.9091390024,5696601.877117852,477.2010406826043,-0.14187492319615558,-0.33753689751029015,-0.19278866309883824,-149.78756156477016,-0.08908245876018002,4.034158405603663,-1.8201415084295434,-0.7607236748706896,5.8309819049601685,0.46468008,0.25987008,445635.0510139256,5696602.214654749,477.3938293457031,-147.96742005634061,0.6716412161105053,-1.7968234993565153,1266,frame_001266.png
8000,8000,86,67,0.7790697674418605,67,1.0,67,63,0.9402985074626866,445634.8880583415,5696601.841620865,477.19514820858933,-0.16478802141500637,-0.3700195336714387,-0.19358470156691965,-149.68793636508775,-0.29813916379008415,3.4550465636386605,-1.7389914444080148,-0.8310217763108767,4.970651745071109,0.47672313,0.26537552,63,0.9402985074626866,445634.888058333,5696601.841620866,477.19514821045817,-0.16478802991332486,-0.3700195327401161,-0.19358469969807857,-149.68793636344157,-0.2981391270940781,3.4550465380368682,-1.7389914427618294,-0.8310217396148687,4.970651719469316,0.47672313,0.26537552,445635.05284636293,5696602.211640399,477.38873291015625,-147.94894492067974,0.5328826125207988,-1.5156051814324454,1267,frame_001267.png
8000,8000,68,50,0.7352941176470589,50,1.0,50,49,0.98,445634.8943662217,5696601.842411017,477.19371531707225,-0.1620801513781771,-0.3615002054721117,-0.18232228058400324,-149.5154046622859,-1.0157604319393922,2.617548830197302,-1.7472431913023172,-0.5698977984042131,3.0829575010340875,0.4359875,0.2814856,49,0.98,445634.89436622174,5696601.842411017,477.1937153170741,-0.16208015131996945,-0.3615002054721117,-0.1823222805821274,-149.5154046622926,-1.015760431964159,2.617548830304835,-1.7472431913090247,-0.5698977984289968,3.0829575011416352,0.4359875,0.2814856,445635.05644637306,5696602.2039112225,477.37603759765625,-147.76816147098359,-0.4458626335351699,-0.4654086708367959,1268,frame_001268.png
8000,8000,90,71,0.7888888888888889,71,1.0,71,71,1.0,445634.9026394478,5696601.844826427,477.18800863056146,-0.1851318638655357,-0.3359190495684743,-0.18137613506354455,-149.8535093486058,-0.04494737099420169,1.62644831355194,-1.7279322440355998,-0.47561655671287895,1.2934000652233522,0.4940814,0.34615833,71,1.0,445634.90263944794,5696601.844826427,477.1880086306202,-0.18513186374912038,-0.3359190495684743,-0.1813761350048253,-149.85350934875905,-0.04494737007971196,1.626448315758023,-1.7279322441888496,-0.47561655579841045,1.2934000674294452,0.4940814,0.34615833,445635.0877713117,5696602.180745477,477.369384765625,-148.1255771045702,0.4306691857186853,0.33304824832859015,1269,frame_001269.png
8002,8001,75,61,0.8133333333333334,61,1.0,61,60,0.9836065573770492,445634.92485216475,5696601.811465199,477.1891427604283,-0.18311138526769355,-0.3635740475729108,-0.1782888801967033,-149.7963485753597,0.9264975114399867,1.7308040983810056,-1.800947922476837,-0.39509089657357777,1.5280037975514063,0.47546953,0.27098092,60,0.9836065573770492,445634.9248521529,5696601.811465211,477.18914276026464,-0.18311139714205638,-0.3635740354657173,-0.1782888803603555,-149.79634856806035,0.926497531768851,1.7308040123094564,-1.8009479151774883,-0.3950908762446943,1.5280037114798688,0.47546953,0.27098092,445635.10796355,5696602.175039247,477.367431640625,-147.99540065288286,1.321588408013558,0.2028003008295881,1270,frame_001270.png
8000,8000,78,64,0.8205128205128205,64,1.0,64,64,1.0,445634.88533036766,5696601.743254189,477.1961383525462,-0.23240470903692767,-0.4286142187193036,-0.1767864521413003,-149.66684335540907,1.0224672913676776,2.981780391016887,-1.7535793979314462,0.003444058049552723,3.660765347107912,0.46497667,0.29836717,64,1.0,445634.88533036615,5696601.743254187,477.19613835274043,-0.23240471055032685,-0.42861422151327133,-0.17678645194706633,-149.666843356424,1.0224673061467344,2.9817804000936605,-1.7535793989463855,0.003444072828614253,3.6607653561846973,0.46497667,0.29836717,445635.1177350767,5696602.171868408,477.3729248046875,-147.91326395747762,1.0190232333181328,-0.6789849560910242,1271,frame_001271.png
8000,8000,75,56,0.7466666666666667,56,1.0,56,56,1.0,445634.91848117154,5696601.864002113,477.18551948981326,-0.20508091960800812,-0.3105371640995145,-0.1901824144836155,-149.7870904490658,0.6716465712483273,1.8801633104148625,-1.6828077766033118,-0.41058923685190507,1.9379566422471157,0.45972714,0.31382352,56,1.0,445634.9184811712,5696601.864002116,477.1855194893187,-0.20508091995725408,-0.31053716130554676,-0.19018241497815325,-149.78709044785256,0.6716465638128697,1.8801632942388067,-1.6828077753900743,-0.4105892442873653,1.9379566260710703,0.45972714,0.31382352,445635.12356209115,5696602.174539277,477.3757019042969,-148.1042826724625,1.0822358081002226,-0.05779333183226091,1272,frame_001272.png
8000,8000,90,69,0.7666666666666667,69,1.0,69,69,1.0,445634.896735747,5696601.786088184,477.1934644175195,-0.224770289438311,-0.38815055694431067,-0.1746996449804783,-149.77183476878386,-0.3953699697674642,2.2652401866930463,-1.8484649890214655,0.0892522837159504,2.6453773714794693,0.44721234,0.26101542,69,1.0,445634.896735748,5696601.786088186,477.19346441724883,-0.22477028844878078,-0.3881505550816655,-0.17469964525116666,-149.77183476816919,-0.3953699811612121,2.265240177254667,-1.8484649884067892,0.08925227232219868,2.6453773620410743,0.44721234,0.26101542,445635.12150603643,5696602.174238741,477.3681640625,-147.9233697797624,-0.4846222534834178,-0.38013718478641273,1273,frame_001273.png
8000,8000,73,56,0.7671232876712328,56,1.0,56,54,0.9642857142857143,445634.8515400646,5696601.86717661,477.2038254295423,-0.25722854083869606,-0.31485756672918797,-0.16436915053583334,-149.24314422827783,-0.29266166533765003,3.3627271667400156,-1.7797539650071599,-0.34101249783327603,4.874618363767439,0.540989,0.29852968,54,0.9642857142857143,445634.85154006403,5696601.867176612,477.20382542944577,-0.25722854142077267,-0.3148575648665428,-0.16436915063235347,-149.24314422779017,-0.29266166711486674,3.3627271575408106,-1.7797539645195002,-0.3410124996104855,4.874618354568213,0.540989,0.29852968,445635.10876860545,5696602.182034177,477.3681945800781,-147.46339026327067,0.04835083249561795,-1.5118911970274151,1274,frame_001274.png
8000,8001,83,68,0.8192771084337349,68,1.0,68,66,0.9705882352941176,445634.93917175615,5696601.830497535,477.19150746972616,-0.16370220808312297,-0.36015967559069395,-0.18654428808633838,-149.1306700463043,0.733383002130794,3.4106822281922473,-1.785216972682889,-0.5115240501389451,4.56032959121157,0.46337053,0.29244143,66,0.9705882352941176,445634.9391717564,5696601.830497534,477.19150746971314,-0.16370220785029233,-0.3601596765220165,-0.18654428809935553,-149.13067004645058,0.7333830018618868,3.410682230068367,-1.7852169728291756,-0.5115240504078429,4.560329593087687,0.46337053,0.29244143,445635.10287396424,5696602.190657211,477.3780517578125,-147.3454530736214,1.2449070522697336,-1.1496473630193296,1275,frame_001275.png
8000,8001,56,47,0.8392857142857143,47,1.0,47,46,0.9787234042553191,445634.9986363541,5696601.89905,477.17782293394373,-0.15054817002965137,-0.3058294653892517,-0.20325006410314472,-150.03262865389507,2.040658894464632,1.4159509519977533,-1.7481118290473319,-0.6222052005628598,0.7468722612107115,0.46117282,0.23401783,46,0.9787234042553191,445634.99863635295,5696601.899049996,477.17782293441775,-0.1505481711938046,-0.305829469114542,-0.20325006362912745,-150.03262865558773,2.0406589095820213,1.4159509654760316,-1.7481118307399868,-0.6222051854454946,0.7468722746889966,0.46117282,0.23401783,445635.14918452414,5696602.2048794655,477.3810729980469,-148.28451682484774,2.6628640950275035,0.6690786907870458,1276,frame_001276.png
8001,8000,66,58,0.8787878787878788,58,1.0,58,58,1.0,445634.95583658235,5696601.827207669,477.19977388837873,-0.2156460546539165,-0.38395840115845203,-0.18377103349627077,-150.19216110234225,2.822890820877063,1.565642897314697,-1.7608622191056895,-0.08315928488735835,0.932405409391805,0.53576434,0.35345167,58,1.0,445634.9558365827,5696601.827207671,477.1997738881636,-0.21564605430467054,-0.3839583992958069,-0.18377103371142312,-150.19216110139797,2.8228908143549227,1.5656428898848997,-1.7608622181614066,-0.08315929140948697,0.9324054019620007,0.53576434,0.35345167,445635.171482637,5696602.21116607,477.383544921875,-148.43129888323656,2.906050105764416,0.633237487922898,1277,frame_001277.png
8001,8000,91,67,0.7362637362637363,67,1.0,67,66,0.9850746268656716,445634.9541624706,5696601.8300852915,477.2105637247163,-0.24233202205505222,-0.4041797090321779,-0.18878930262746962,-150.23942470829653,1.228040107314026,4.239794477929395,-1.6822640935104118,0.3481858214751128,6.15386396564287,0.4348322,0.2863009,66,0.9850746268656716,445634.9541624705,5696601.830085291,477.21056372474976,-0.24233202217146754,-0.4041797099635005,-0.18878930259398885,-150.2394247084558,1.2280401091027566,4.239794479646121,-1.682264093669687,0.34818582326383307,6.153863967359598,0.4348322,0.2863009,445635.19649449264,5696602.234265001,477.39935302734375,-148.5571606147861,0.8798542858389217,-1.9140694877134872,1278,frame_001278.png
8000,8000,87,76,0.8735632183908046,76,1.0,76,75,0.9868421052631579,445634.9735640276,5696601.891452314,477.1925104086236,-0.2514058873639442,-0.3599398182705045,-0.1945440347357703,-152.53309144019644,3.9710140467688193,1.0552665016848353,-1.5680340381337317,-0.24667711759454392,0.12953098287164266,0.4676765,0.2697427,75,0.9868421052631579,445634.97356402763,5696601.891452314,477.19251040861855,-0.25140588730573654,-0.3599398182705045,-0.19454403474082937,-152.53309144016538,3.9710140465207573,1.0552665014919926,-1.5680340381026667,-0.2466771178426086,0.12953098267880137,0.4676765,0.2697427,445635.22496991494,5696602.251392133,477.3870544433594,-150.9650574020627,4.217691164363368,0.9257355188131915,1279,frame_001279.png
8001,8000,105,82,0.780952380952381,82,1.0,82,80,0.975609756097561,445634.9724472968,5696601.946573387,477.2151504385097,-0.2351070056320168,-0.29860994778573513,-0.19726411227162544,-153.55860685873392,1.2439590587940372,2.8728854886133304,-1.7657412692891796,-0.6086965802824409,3.791397994097366,0.4557228,0.24271104,80,0.975609756097561,445634.9724472971,5696601.946573389,477.21515043803777,-0.23510700528277084,-0.29860994592309,-0.1972641127435395,-153.55860685762107,1.2439590504616935,2.8728854766233356,-1.7657412681763276,-0.608696588614805,3.7913979821073838,0.4557228,0.24271104,445635.2075543024,5696602.245183335,477.4124145507813,-151.79286558944474,1.8526556390764917,-0.9185125054840474,1280,frame_001280.png
8000,8001,85,70,0.8235294117647058,70,1.0,70,70,1.0,445634.82348995283,5696601.873134069,477.2461675116723,-0.2513493070146069,-0.3261792594566941,-0.15718331840582778,-154.9653371926258,-2.6160742291488037,3.5342876646545256,-1.8389214204397888,-0.4457061473328565,4.983382512852103,0.47150597,0.2610959,70,1.0,445634.82348995307,5696601.873134068,477.2461675118042,-0.25134930678177625,-0.3261792603880167,-0.15718331827395104,-154.96533719269055,-2.6160742279759646,3.534287669585776,-1.8389214205045334,-0.44570614616000626,4.983382517783355,0.47150597,0.2610959,445635.07483925985,5696602.199313329,477.4033508300781,-153.12641577218602,-2.1703680818159556,-1.4490948481975865,1281,frame_001281.png
8000,8000,85,60,0.7058823529411765,60,1.0,60,58,0.9666666666666667,445634.8217676945,5696601.833814208,477.24149950099627,-0.26117169560166076,-0.31538809183984995,-0.1740278427537305,-157.94708044291426,-1.7114617271129975,2.310929103340789,-7.0641222137673765,3.490309414206365,3.298920641062182,0.5292713,0.35385582,58,0.9666666666666667,445634.8217676951,5696601.833814203,477.24149950180436,-0.26117169501958415,-0.3153880974277854,-0.17402784194564447,-157.94708044362977,-1.7114617191694237,2.3109291300807815,-7.064122214482893,3.4903094221499202,3.2989206678021787,0.5292713,0.35385582,445635.0829393901,5696602.1492023,477.41552734375,-150.88295822914688,-5.201771141319355,-0.9879915377213951,1282,frame_001282.png
8000,8000,112,91,0.8125,91,1.0,91,91,1.0,445634.8288167003,5696601.747591478,477.2527047765605,-0.16239436093019322,-0.4073707005009055,-0.12998565312699384,-138.38110787555652,-6.749526956455909,5.834336676524938,-1.7582552270757503,-0.7431064261100744,9.44145225365412,0.4898759,0.3115387,91,1.0,445634.82881669985,5696601.747591478,477.2527047766695,-0.1623943613958545,-0.4073707005009055,-0.129985653018025,-138.38110787573646,-6.749526954487211,5.834336674928943,-1.7582552272556882,-0.7431064241413878,9.441452252058127,0.4898759,0.3115387,445634.99121106125,5696602.154962178,477.3826904296875,-136.62285264848077,-6.006420530345824,-3.6071155771291936,1283,frame_001283.png
8000,8001,99,78,0.7878787878787878,78,1.0,78,78,1.0,445634.9163576627,5696601.683250402,477.25158813602536,0.01371999509865418,-0.475922386161983,-0.16116210811526344,-115.66406558154377,-0.8439514832515137,8.252060603745115,-2.6908389671401665,-0.738582539772807,14.021260333051117,0.45459142,0.28165635,78,1.0,445634.9163576617,5696601.6832504,477.25158813614723,0.013719994109123945,-0.47592238802462816,-0.16116210799339115,-115.66406558210436,-0.8439514719044552,8.252060603220665,-2.6908389677007563,-0.7385825284257521,14.021260332526651,0.45459142,0.28165635,445634.9026376676,5696602.159172788,477.4127502441406,-112.97322661440359,-0.10536894347869298,-5.769199729305995,1284,frame_001284.png
8000,8001,92,80,0.8695652173913043,80,1.0,80,80,1.0,445635.1084247966,5696601.644797537,477.24166759401436,0.25455934210913256,-0.4647469101473689,-0.1958934411418909,-93.13069799666441,1.9830453081935633,7.230624029785676,-2.5502180181606207,-0.3706313460846502,11.572333740068984,0.51119715,0.28182775,80,1.0,445635.10842479666,5696601.644797537,477.24166759402533,0.2545593421673402,-0.4647469101473689,-0.1958934411309201,-93.13069799672553,1.9830453089865328,7.230624029999316,-2.5502180182217558,-0.3706313452916561,11.57233374028263,0.51119715,0.28182775,445634.8538654545,5696602.109544447,477.43756103515625,-90.58047997850379,2.353676654278202,-4.341709710283307,1285,frame_001285.png
8000,8002,83,76,0.9156626506024096,76,1.0,76,75,0.9868421052631579,445635.60961314134,5696601.552756359,477.23295214348707,0.5428845231072046,-0.1594178881496191,-0.1910285694035565,-47.66128252042598,3.9544369686090417,2.772457277611141,-2.2969457126544626,-0.15306258857432908,3.0228590962676662,0.5559927,0.33668438,75,0.9868421052631579,445635.60961314227,5696601.552756354,477.2329521437986,0.5428845240385272,-0.15941789280623198,-0.19102856909199772,-47.66128252117724,3.954436988047104,2.772457265692656,-2.296945713405705,-0.15306256913626726,3.022859084349193,0.5559927,0.33668438,445635.0667286182,5696601.712174247,477.4239807128906,-45.36433680777152,4.1074995571833695,-0.25040181865652356,1286,frame_001286.png
8001,8001,85,72,0.8470588235294118,72,1.0,72,70,0.9722222222222222,445635.8930066774,5696601.495607977,477.23142291551585,0.6241142470971681,-0.05760877765715122,-0.18550823682789996,-33.54605638807131,4.493696537310809,1.6242359738464993,-1.7794834980410315,0.01393889851209451,0.8530986965253078,0.57663345,0.34600016,70,0.9722222222222222,445635.8930066782,5696601.495607972,477.2314229157962,0.6241142479120754,-0.057608782313764095,-0.18550823654754822,-33.54605638858182,4.493696553399865,1.6242359565683304,-1.7794834985515422,0.013938914601169472,0.8530986792471253,0.57663345,0.34600016,445635.2688924303,5696601.553216754,477.41693115234375,-31.766572890030286,4.479757638798707,0.7711372773212035,1287,frame_001287.png
8000,8000,91,72,0.7912087912087912,72,1.0,72,70,0.9722222222222222,445636.21976619633,5696601.394399844,477.2333169288435,0.7206338811083697,-0.05912434682250023,-0.1714682274064785,-29.347771476213495,4.044533322814526,-0.6524568114374595,-1.4849799618205282,0.11566233828975214,-3.461379085366474,0.4892392,0.2516326,70,0.9722222222222222,445636.2197661964,5696601.394399846,477.23331692876496,0.7206338811665773,-0.05912434495985508,-0.1714682274850361,-29.347771476037064,4.044533319836522,-0.6524568054814326,-1.4849799616440862,0.11566233531175385,-3.461379079410449,0.4892392,0.2516326,445635.4991323152,5696601.453524191,477.40478515625,-27.86279151439297,3.9288709845247745,2.808922273929004,1288,frame_001288.png
8000,8000,80,60,0.75,60,1.0,60,58,0.9666666666666667,445634.5927180084,5696598.507307094,455.3850410231655,-1.658239076496102,-2.7072774386033416,-22.03515551003761,152.3894238485265,-0.5853411683314204,-18.739782189377493,178.3620862576699,-3.852642888983496,-21.950016815304622,12.715046,9.609396,58,0.9666666666666667,445636.8399228104,5696601.21348072,477.25047412656903,0.5889657255029306,-0.0011038118973374367,-0.16972240663409366,-27.397876280868754,3.037996027191138,-1.011066905736554,-1.425213871725333,-0.22930569346092966,-4.22130153166367,0.45470113,0.27400815,445636.2509570849,5696601.214584532,477.4201965332031,-25.97266240914341,3.2673017206520796,3.210234625927122,1289,frame_001289.png
8001,8000,77,54,0.7012987012987013,54,1.0,54,54,1.0,445518.6511799911,5696618.516981217,-67.62532890785394,-118.11979448242346,17.50174800120294,-545.0719841812914,151.93634857211964,-16.229219422486402,-10.800297657533443,177.96578899075496,-18.023086607490427,-15.07772167919265,287.60767,143.87889,54,1.0,445637.48352306045,5696600.891274588,477.28011469319154,0.7125485869473778,-0.12395862769335508,-0.16654058024596452,-27.613332367633237,1.8174263966798205,-2.504031526980538,-1.5838919489978878,0.02355921167580277,-6.781455548639741,0.5013421,0.32663983,445636.7709744735,5696601.015233216,477.4466552734375,-26.02944041863534,1.7938671850040315,4.277424021659195,1290,frame_001290.png
8000,8000,74,54,0.7297297297297297,54,1.0,54,54,1.0,445923.4875147656,5696793.2610644465,1437.8729407494898,285.95639326650416,192.5790547132492,960.4413001244898,-137.4787644641929,-13.991520974760803,178.46575556766035,-110.3527141158856,-15.18961858231367,174.8545193937009,275.65244,153.61151,54,1.0,445638.1360116249,5696600.548648381,477.2687888376659,0.6048901258036494,-0.13336135260760784,-0.1628517873340911,-28.730379368273415,1.4535994492359294,-1.948294790878387,-1.6043290199661158,0.25550184168307055,-5.559530964837819,0.52003694,0.38048595,445637.5311214991,5696600.682009733,477.431640625,-27.126050348307288,1.1980976075528664,3.611236173959426,1291,frame_001291.png
8001,8000,67,48,0.7164179104477612,48,1.0,48,48,1.0,445638.4425467191,5696600.425553393,477.25501830704303,0.6733541038120165,-0.13779844995588064,-0.1626452671757761,-28.84655274414556,1.715059502755699,-1.7684251162672089,-1.6496160077626598,0.09156268573295279,-5.41426508902012,0.61504984,0.47581217,48,1.0,445638.4425467175,5696600.425553426,477.2550183092877,0.673354102182202,-0.13779841642826796,-0.16264526493108633,-28.84655273694607,1.71505941179388,-1.7684249707058377,-1.649616000563185,0.09156259477114759,-5.414264943458733,0.61504984,0.47581217,445637.7691926153,5696600.563351843,477.4176635742188,-27.196936736382895,1.6234968170227322,3.6458399727529085,1292,frame_001292.png
8000,8000,81,51,0.6296296296296297,51,1.0,51,51,1.0,25134016.29232983,280095066.1348294,43254857.563903525,24688378.04363332,274398465.81725043,43254380.15887423,-137.7208118659555,-68.29819740561015,131.69020177633848,-110.61804476816494,-69.50303669978938,127.2320021379362,299.12598,135.14807,51,1.0,445639.0499855386,5696600.143117605,477.2333432966142,0.8012890298850834,-0.17446136940270662,-0.17168600026082004,-28.770042548723936,1.4214905901641948,-2.449326413177978,-1.6672754509333458,0.216651295984974,-6.90752605158022,0.4717018,0.3532281,445638.2486965087,5696600.317578974,477.405029296875,-27.102767097790576,1.2048392941792179,4.458199638402244,1293,frame_001293.png
8000,8000,61,43,0.7049180327868853,43,1.0,43,43,1.0,445639.2861027292,5696600.112620281,477.241704516231,0.5828632336342707,0.007418934255838394,-0.14791340369089312,-28.865087893517895,2.3650995252415288,-1.4382706755816501,-1.5877515518789949,-0.20723974177704463,-5.187793224816119,0.48524466,0.24338882,43,1.0,445639.2861027292,5696600.112620281,477.2417045162229,0.5828632336342707,0.007418934255838394,-0.14791340369896488,-28.86508789350494,2.3650995253261846,-1.4382706751959125,-1.587751551866063,-0.20723974169240478,-5.187793224430379,0.48524466,0.24338882,445638.7032394956,5696600.105201347,477.3896179199219,-27.27733634163889,2.57233926701858,3.7495225492344595,1294,frame_001294.png
8000,8000,53,40,0.7547169811320755,40,1.0,40,39,0.975,445639.65056449163,5696599.875634162,477.22843918688795,0.5220844057621434,-0.010086620226502419,-0.16780104748704616,-28.15236130207674,2.681435841221853,-2.531210190191172,-1.5342729782267668,-0.8244550636307793,-7.244379646620672,0.8828601,0.56199837,39,0.975,445639.6505644959,5696599.875634164,477.2284391863949,0.5220844100113027,-0.01008661836385727,-0.16780104798010598,-28.152361301881655,2.681435855045464,-2.531210171104983,-1.5342729780316802,-0.8244550498071703,-7.244379627534471,0.8828601,0.56199837,445639.12848008587,5696599.885720782,477.396240234375,-26.618088323849964,3.505890904852645,4.713169456429489,1295,frame_001295.png
8000,8000,60,47,0.7833333333333333,47,1.0,47,46,0.9787234042553191,445640.3767421174,5696599.593358624,477.2186481391821,0.5570862645981833,0.018843055702745914,-0.14393120652101743,-28.027843230534113,1.7772224994414703,-4.130613950965788,-1.549788439290353,-0.06615695831871449,-10.499733859812068,0.47543895,0.20655118,46,0.9787234042553191,445640.3767421176,5696599.593358627,477.21864813894615,0.5570862647728063,0.01884305849671364,-0.14393120675697446,-28.027843229740057,1.7772224935877077,-4.130613937626098,-1.5497884384962788,-0.06615696417247818,-10.499733846472367,0.47543895,0.20655118,445639.8196558528,5696599.574515568,477.3625793457031,-26.478054791243775,1.8433794577601925,6.369119908846269,1296,frame_001296.png
8001,8002,51,38,0.7450980392156863,38,1.0,38,38,1.0,445640.6909862005,5696599.452360288,477.2178205422524,0.640863076725509,-0.023294134996831417,-0.13865528782571346,-28.35895519736262,2.2491138327411617,-3.582858376146165,-1.6006659779149004,-0.04155703383727882,-9.457840166307506,0.5045565,0.26590493,38,1.0,445640.6909862009,5696599.45236029,477.2178205421882,0.640863077074755,-0.023294133134186268,-0.13865528788994652,-28.35895519710474,2.2491138319935504,-3.5828583710028448,-1.6006659776570018,-0.04155703458488347,-9.457840161164171,0.5045565,0.26590493,445640.0501231238,5696599.475654423,477.3564758300781,-26.758289219447725,2.2906708665784334,5.8749817901613355,1297,frame_001297.png
8000,8001,60,46,0.7666666666666667,46,1.0,46,46,1.0,445640.9305388741,5696599.338534937,477.2265705986482,0.6639685843838379,-0.040311490185558796,-0.14659834666429106,-28.28494235104405,3.2574758246192386,-3.0866128178189594,-1.5947647670891456,-0.23085213269678206,-8.471396372506348,0.5638958,0.27416912,46,1.0,445640.9305388741,5696599.338534937,477.2265705986488,0.6639685843838379,-0.040311490185558796,-0.14659834666372262,-28.28494235104213,3.257475824596634,-3.0866128178392667,-1.5947647670872414,-0.23085213271937732,-8.47139637252667,0.5638958,0.27416912,445640.26657028974,5696599.378846427,477.3731689453125,-26.690177583954895,3.4883279573160104,5.384783554687396,1298,frame_001298.png
8000,8001,55,44,0.8,44,1.0,44,44,1.0,445641.47647340974,5696599.097046352,477.23154240519403,0.5677701676031575,-0.007055243477225304,-0.14638728230596598,-28.72575934880639,2.5107199769015662,-4.136723330704991,-1.5748884556265068,-0.08158546484790463,-10.549145404720548,0.4315466,0.20962228,44,1.0,445641.476473407,5696599.097046359,477.2315424049984,0.5677701648673974,-0.007055236026644707,-0.14638728250162103,-28.725759347742873,2.51071994692716,-4.136723302739846,-1.5748884545629949,-0.08158549482232047,-10.549145376755405,0.4315466,0.20962228,445640.90870324214,5696599.1041015955,477.3779296875,-27.150870893179892,2.5923054417494686,6.412422074015546,1299,frame_001299.png
8000,8001,69,56,0.8115942028985508,56,1.0,56,56,1.0,445641.95486221346,5696598.824099874,477.22179390694714,0.6534525982569903,-0.060990856029093266,-0.1692278215684837,-28.082252654453793,4.757219968775411,-2.632794062492588,-1.5352167673993335,-0.12250668941928211,-7.270532561883016,0.4914989,0.34492636,56,1.0,445641.9548622134,5696598.824099874,477.2217939069489,0.6534525981987827,-0.060990856029093266,-0.16922782156672156,-28.082252654452446,4.757219968625455,-2.6327940625291144,-1.5352167673979693,-0.12250668956923505,-7.270532561919566,0.4914989,0.34492636,445641.3014096152,5696598.88509073,477.3910217285156,-26.54703588705447,4.879726658194691,4.63773849939044,1300,frame_001300.png
8000,8000,65,47,0.7230769230769231,47,1.0,47,47,1.0,445642.24395966355,5696598.675013994,477.2234664465733,0.7409320276929066,-0.09952302556484938,-0.15885777217670238,-28.30298451058588,3.7496663977188165,-3.6674532338222234,-1.5657984298486838,0.014755137498781323,-9.690456317237306,0.4561882,0.23963922,47,1.0,445642.2439596634,5696598.675013993,477.2234664465708,0.7409320275182836,-0.09952302649617195,-0.1588577721792035,-28.302984510448464,3.7496664004212596,-3.667453240667671,-1.5657984297112648,0.014755140201231143,-9.690456324082731,0.4561882,0.23963922,445641.50302763586,5696598.774537019,477.38232421875,-26.737186080737196,3.734911260220022,6.023003083415073,1301,frame_001301.png
8000,8000,46,36,0.782608695652174,36,1.0,36,34,0.9444444444444444,445642.5173568275,5696598.539239338,477.2296476080535,0.5855056659202091,-0.014536699280142784,-0.1465120599153238,-28.234633248345162,2.8172194164667994,-3.7210084759040494,-1.5149470260543296,0.08398320090932998,-9.726338078718129,0.49982694,0.24546123,34,0.9444444444444444,445642.51735686924,5696598.539239323,477.2296476065705,0.585505707655102,-0.014536714181303978,-0.14651206139831174,-28.234633252018078,2.817219629276293,-3.721008442068768,-1.5149470297272387,0.08398341371884044,-9.726338044882851,0.49982694,0.24546123,445641.9318511616,5696598.553776037,477.3761596679688,-26.719686222290832,2.733236215557458,6.005329602814091,1302,frame_001302.png
8000,8000,49,37,0.7551020408163265,37,1.0,37,34,0.918918918918919,445643.1240177022,5696598.274694527,477.2314258236837,0.7372064685914665,-0.057312353514134884,-0.14125484037879232,-28.05972587823445,2.3777455217022694,-3.886741776535399,-1.4203764837484698,0.10780444139641077,-10.186643588459248,0.53054976,0.33443144,34,0.918918918918919,445643.12401769997,5696598.274694535,477.2314258237213,0.7372064663795754,-0.05731234513223171,-0.14125484034121882,-28.059725877557103,2.3777454935104436,-3.8867417470332195,-1.4203764830711236,0.10780441320460454,-10.186643558957059,0.53054976,0.33443144,445642.3868112336,5696598.33200688,477.3726806640625,-26.63934939448599,2.269941080305845,6.299901811923841,1303,frame_001303.png
8000,8001,50,39,0.78,39,1.0,39,39,1.0,445656.11848065356,5696597.619173866,490.65743605906897,13.498691419314127,-0.5979070635512471,13.281642602037664,-115.23887525522841,-13.149313592569948,-158.34670502753474,-88.26390550401521,-14.4429297909156,-164.07410714151214,284.322,169.19817,39,1.0,445643.40249460767,5696598.117632235,477.2437753811274,0.782705373421777,-0.09944869391620159,-0.13201807590388626,-28.491486215974614,1.2630363012768147,-3.3399501753067695,-1.5165164647614233,-0.030579897068832906,-9.067352289284173,0.44183847,0.21344073,445642.61978923425,5696598.217080929,477.3757934570313,-26.974969751213195,1.2936161983456607,5.727402113977401,1304,frame_001304.png
8000,8000,49,41,0.8367346938775511,41,1.0,41,40,0.975609756097561,445643.6795057038,5696597.977848404,477.24885615228277,0.6041898732655682,-0.012042637914419174,-0.12144414068603737,-29.155860191572515,1.2951207050353672,-4.481871495403835,-1.863829494067005,0.08867028541735067,-11.2740224561922,0.4539997,0.25724512,40,0.975609756097561,445643.67950569605,5696597.977848395,477.24885615214345,0.6041898655239493,-0.01204264722764492,-0.12144414082536059,-29.15586019223381,1.2951206936639985,-4.481871552825882,-1.8638294947283214,0.08867027404596683,-11.274022513614256,0.4539997,0.25724512,445643.07531583053,5696597.989891042,477.3703002929688,-27.2920306975055,1.2064504196180235,6.7921509607883745,1305,frame_001305.png
8000,8000,63,40,0.6349206349206349,40,1.0,40,39,0.975,445644.1355367161,5696597.611573853,477.2418937744664,0.6405040210811421,-0.12821955513209105,-0.14711379389297008,-27.95416904216657,2.759365220065257,-2.6922575548718948,-1.5385914814066268,-0.16787590049742107,-7.51707672190966,0.5222999,0.362249,39,0.975,445644.13553671725,5696597.61157386,477.2418937748062,0.6405040222452953,-0.12821954768151045,-0.14711379355316012,-27.95416904290976,2.759365207911481,-2.6922575198382876,-1.538591482149826,-0.16787591265119772,-7.517076686876067,0.5222999,0.362249,445643.495032695,5696597.739793408,477.3890075683594,-26.415577560759935,2.9272411205626887,4.824819167037767,1306,frame_001306.png
8000,8000,48,32,0.6666666666666666,32,1.0,32,31,0.96875,445644.6248331121,5696597.290100625,477.2460892519132,0.5101242105592974,-0.06948393676429987,-0.1666304746493097,-28.556289488970922,2.3068447831351406,-2.4142972921558683,-1.4856713617735977,-0.2134896306199039,-6.802967801672054,0.4656491,0.2670006,31,0.96875,445644.6248331133,5696597.290100626,477.24608925193155,0.5101242117234506,-0.0694839358329773,-0.16663047463094927,-28.55628948883108,2.3068447865975448,-2.4142972862843894,-1.485671361633763,-0.2134896271575144,-6.802967795800555,0.4656491,0.2670006,445644.11470890156,5696597.359584562,477.4127197265625,-27.07061812719732,2.5203344137550454,4.388670509516175,1307,frame_001307.png
8000,8002,47,30,0.6382978723404256,30,1.0,30,30,1.0,445643.61296036403,5696597.821654159,454.06277088582783,-0.7048821947537363,0.5841716323047876,-23.35507579385967,151.2854051019643,-3.74045977123091,-2.579426263107629,178.5200181692759,-7.363667342972462,-7.214593293276863,1.4949322,0.9525746,30,1.0,445644.98118912854,5696597.171971237,477.25443937231,0.6633465697523206,-0.06551128905266523,-0.1634073073774971,-28.72292556892618,3.7234716702211266,-2.139210648648013,-1.4883125016146153,0.1002640984795562,-6.774377678817274,0.47979346,0.3283935,445644.3178425588,5696597.237482526,477.4178466796875,-27.234613067311567,3.623207571741567,4.635167030169248,1308,frame_001308.png
8001,8000,47,39,0.8297872340425532,39,1.0,39,38,0.9743589743589743,445643.8822785012,5696596.807597928,454.10266984056807,-0.6450505361426622,-0.29552486445754766,-23.318259114510056,151.0325510555169,-3.3567900910755677,-6.472617818950679,178.44626825879254,-5.784913211468336,-11.463698192823472,1.1442521,0.73102593,38,0.9743589743589743,445645.2267255563,5696596.953917891,477.2374247654204,0.6993965189903975,-0.14920490141957998,-0.18350418965769677,-28.89593870343897,2.110984071921239,-2.628214581103514,-1.482221500163348,-0.3171390484715175,-7.619294954976311,0.45616326,0.257692,445644.5273290373,5696597.103122792,477.4209289550781,-27.413717203275613,2.4281231203927582,4.991080373872787,1309,frame_001309.png
8001,8000,57,40,0.7017543859649122,40,1.0,40,39,0.975,445643.8983932564,5696596.718753383,454.0707527860461,-0.8446088061318733,-0.24865531362593174,-23.32911904012576,150.96562950131374,-5.393141030829948,-5.582367556956378,178.2584531882348,-6.728116935993825,-9.347745042681481,1.108762,0.5614789,39,0.975,445645.436814047,5696596.725143262,477.2323622494326,0.6938119844417088,-0.2422654340043664,-0.1675095767392918,-28.819929383159458,1.2306669019489096,-1.8876522325846223,-1.5271056962383796,-0.10430900321497916,-5.653029718309739,0.40039766,0.21829796,445644.74300206255,5696596.967408696,477.3998718261719,-27.292823686921064,1.3349759051638872,3.7653774857251068,1310,frame_001310.png
8001,8000,52,40,0.7692307692307693,40,1.0,40,40,1.0,445646.10315402277,5696596.501582761,477.23071969188805,0.690178804914467,-0.05238205660134554,-0.15633475147132003,-28.873063839116096,0.615293020330681,-1.7817906040561604,-1.3889288268424593,0.04342001459517064,-6.141129792572968,0.442418,0.26374397,40,1.0,445646.1031540286,5696596.501582766,477.23071969172486,0.6901788107352331,-0.052382051944732666,-0.1563347516345175,-28.87306383633747,0.6152930340229038,-1.7817905708167892,-1.3889288240638393,0.043420028287386,-6.141129759333609,0.442418,0.26374397,445645.41297521786,5696596.553964818,477.3870544433594,-27.484135012273626,0.5718730057355063,4.359339188516815,1311,frame_001311.png
8000,8000,65,48,0.7384615384615385,48,1.0,48,47,0.9791666666666666,445646.43238608906,5696596.3714585425,477.23684178732236,0.7807757600094192,-0.056191716343164444,-0.1422475681464448,-29.19097266596371,0.445540635341594,-2.414912405460771,-1.3214176466447043,0.14172363519838882,-7.539256199971788,0.474796,0.23779647,47,0.9791666666666666,445646.4323860884,5696596.371458542,477.2368417873798,0.7807757593691349,-0.05619171727448702,-0.14224756808903294,-29.190972666242843,0.4455406342032028,-2.414912409510971,-1.3214176469238623,0.14172363405998567,-7.539256204021967,0.474796,0.23779647,445645.65161032905,5696596.427650259,477.3790893554688,-27.869555019318994,0.3038170001432101,5.124343794511007,1312,frame_001312.png
8000,8000,54,35,0.6481481481481481,35,1.0,35,35,1.0,445646.62648019445,5696596.18388971,477.23971782820144,0.742576504999306,-0.12179737444967031,-0.13604511125168983,-29.462074676183185,-0.15041788573062959,-2.188521618049269,-1.4148600721766798,-0.31703726923907993,-6.766224392192015,0.45925146,0.21156825,35,1.0,445646.62648017507,5696596.183889626,477.23971782979044,0.742576485616155,-0.1217974592000246,-0.1360451096626889,-29.462074704004436,-0.1504177717246063,-2.18852201846074,-1.4148600999979521,-0.3170371552330664,-6.766224792603481,0.45925146,0.21156825,445645.88390368945,5696596.305687085,477.3757629394531,-28.047214604006495,0.16661938350846184,4.577702774142754,1313,frame_001313.png
8000,8000,45,31,0.6888888888888889,31,1.0,31,30,0.967741935483871,445646.9325698247,5696596.090306989,477.23461746014914,0.6018254177761264,0.032339269295334816,-0.13351608477273658,-29.391482007482654,-0.13424041226873293,-1.6150793858398367,-1.271565414413999,-0.08359800122573802,-5.944248560425564,0.43793136,0.2688717,30,0.967741935483871,445646.93256982457,5696596.090306989,477.23461746016073,0.6018254176597111,0.032339269295334816,-0.13351608476114052,-29.391482007543306,-0.13424041252113253,-1.6150793866047708,-1.2715654144746509,-0.08359800147815122,-5.944248561190477,0.43793136,0.2688717,445646.3307444069,5696596.05796772,477.3681335449219,-28.11991659306866,-0.050642411042983636,4.329169174585718,1314,frame_001314.png
8000,8000,63,53,0.8412698412698413,53,1.0,53,53,1.0,445647.69461803185,5696595.552759609,477.22989715725134,0.7281924074050039,-0.11830616556107998,-0.14153228610803126,-28.740821317154783,0.14812536316906727,-1.4237302559495388,-1.2852207590201203,-0.12958429226506496,-5.32529478060934,0.48182866,0.26727283,53,1.0,445647.69461803156,5696595.552759608,477.2298971572761,0.7281924071139656,-0.11830616649240255,-0.14153228608324753,-28.740821317296902,0.148125363025289,-1.4237302584646234,-1.2852207591622573,-0.1295842924088504,-5.325294783124434,0.48182866,0.26727283,445646.96642562444,5696595.671065775,477.3714294433594,-27.45560055813466,0.27770965543413395,3.901564524659811,1315,frame_001315.png
8000,8001,63,45,0.7142857142857143,45,1.0,45,45,1.0,445647.9652187492,5696595.416547105,477.2282143686739,0.5905722032766789,-0.00408597569912672,-0.1419028188261109,-28.698949692778058,0.07550736617235007,-0.9238777949034052,-1.386929182886803,-0.1890185616362885,-4.394372245305533,0.49290064,0.30572543,45,1.0,445647.96521883376,5696595.4165472975,477.22821435228553,0.5905722878524102,-0.004085782915353775,-0.14190283521446645,-28.698949634893943,0.07550729138237951,-0.9238767946500956,-1.3869291250026947,-0.18901863642628314,-4.394371245052213,0.49290064,0.30572543,445647.3746465459,5696595.42063308,477.3701171875,-27.312020509891248,0.26452592780865164,3.4704944504021293,1316,frame_001316.png
8000,8001,56,43,0.7678571428571429,43,1.0,43,43,1.0,445648.47896699235,5696595.108910258,477.21643899698984,0.6837004111730494,-0.07752989511936903,-0.1485512373851634,-28.476105804130036,0.30921977906590026,-1.669386311370537,-1.3745194283549722,-0.16833843625090594,-5.68692030828322,0.55628663,0.38747022,43,1.0,445648.4789667082,5696595.108910054,477.2164390162544,0.6837001270032488,-0.07753009907901287,-0.1485512181205877,-28.476105870794665,0.30921903847786636,-1.6693878092882235,-1.374519495019598,-0.16833917683894128,-5.6869218062009,0.55628663,0.38747022,445647.7952665812,5696595.186440153,477.364990234375,-27.101586375775078,0.4775582153167957,4.017533996912676,1317,frame_001317.png
8002,8000,60,47,0.7833333333333333,47,1.0,47,45,0.9574468085106383,445648.7990788919,5696594.973127158,477.2119932721318,0.785368483455386,-0.1026459988206625,-0.1446961809932077,-28.703701028203835,-0.35073213625017835,-1.337220227967831,-1.3931836326089808,-0.03514492864815111,-5.229798965987641,0.5741911,0.34271398,45,0.9574468085106383,445648.7990788865,5696594.973127153,477.2119932729063,0.7853684780420735,-0.10264600440859795,-0.1446961802187161,-28.703701030759035,-0.350732146837187,-1.3372202634696368,-1.3931836351641778,-0.035144939235152606,-5.229799001489425,0.5741911,0.34271398,445648.0137104085,5696595.075773157,477.356689453125,-27.310517395594864,-0.3155872076020356,3.8925787380198007,1318,frame_001318.png
8000,8000,50,34,0.68,34,1.0,34,34,1.0,445649.01908504684,5696594.844231899,477.2078805293071,0.5804903031094,-0.009813673794269562,-0.130284753896035,-29.056947712684135,-0.24422429747064606,-1.497918285693796,-1.3916378275748684,-0.3268497895234077,-5.567117817620073,0.5317731,0.37165034,34,1.0,445649.0190850465,5696594.844231899,477.20788052931886,0.580490302760154,-0.009813673794269562,-0.1302847538842684,-29.056947712745913,-0.24422429858484396,-1.49791828688314,-1.3916378276366288,-0.326849790637624,-5.5671178188094075,0.5317731,0.37165034,445648.4385947437,5696594.854045573,477.3381652832031,-27.66530988510928,0.08262549205276744,4.069199531926274,1319,frame_001319.png
8000,8000,56,42,0.75,42,1.0,42,41,0.9761904761904762,445649.5323264484,5696594.618516604,477.216645783478,0.6779751420253888,-0.019580211490392685,-0.12844698995951376,-28.485089835509935,0.6666307306578984,-1.1515249958043192,-1.3544120294452284,-0.2640502427329068,-4.949731756565399,0.42073277,0.18829593,41,0.9761904761904762,445649.53232644807,5696594.618516604,477.21664578350845,0.6779751416761428,-0.019580211490392685,-0.12844698992904569,-28.485089835473183,0.6666307294826852,-1.1515249971189359,-1.3544120294084792,-0.26405024390811604,-4.949731757880016,0.42073277,0.18829593,445648.8543513064,5696594.638096816,477.3450927734375,-27.1306778060647,0.930680973390806,3.7982067607610674,1320,frame_001320.png
8000,8000,47,32,0.6808510638297872,32,1.0,32,30,0.9375,445649.79698995553,5696594.475524317,477.22439691070343,0.7417454503593035,-0.0514815729111433,-0.13540533539031685,-28.334657902804327,0.5342735952697699,-1.8842950972689392,-1.2728757333549083,0.05430136136860142,-6.2710682251845355,0.42586377,0.23669249,30,0.9375,445649.79698995635,5696594.475524317,477.22439691068536,0.7417454511742108,-0.0514815729111433,-0.13540533540839306,-28.334657902981576,0.5342735992940367,-1.8842950966080618,-1.2728757335321745,0.0543013653928881,-6.271068224523674,0.42586377,0.23669249,445649.0552445052,5696594.527005889,477.35980224609375,-27.061782169449412,0.4799722339011549,4.386773127915601,1321,frame_001321.png
8001,8000,50,38,0.76,38,1.0,38,37,0.9736842105263158,445650.0271850026,5696594.335724675,477.22685077638334,0.5765637868898921,0.02112780325114727,-0.1336838915854628,-28.562826984752252,0.382243191499299,-1.2704330535328523,-1.331413710546542,-0.22704769624010623,-5.069473482663739,0.4621698,0.2751655,37,0.9736842105263158,445650.02718500246,5696594.335724675,477.2268507764009,0.5765637867734767,0.02112780325114727,-0.13368389156789817,-28.56282698479271,0.38224319151290403,-1.270433054400291,-1.331413710586986,-0.22704769622649223,-5.069473483531198,0.4621698,0.2751655,445649.4506212157,5696594.314596872,477.3605346679688,-27.231413274205718,0.6092908877394012,3.7990404291308946,1322,frame_001322.png
8000,8000,44,32,0.7272727272727273,32,1.0,32,31,0.96875,445650.2885833472,5696594.191959764,477.22079630466766,0.6438592770718969,-0.008940539322793484,-0.1495955410354668,-28.561732713017882,1.5582467528972492,-0.693396166417065,-1.3156625314707924,-0.0665897933361066,-3.9756628031672676,0.36093304,0.22972637,31,0.96875,445650.2885833488,5696594.191959764,477.2207963044597,0.6438592786435038,-0.008940539322793484,-0.14959554124340002,-28.561732713403988,1.5582467598663816,-0.6933961638778345,-1.3156625318569013,-0.06658978636698976,-3.9756628006280437,0.36093304,0.22972637,445649.64472407015,5696594.200900303,477.3703918457031,-27.24607018154708,1.6248365462333656,3.282266636750206,1323,frame_001323.png
8001,8000,60,40,0.6666666666666666,40,1.0,40,40,1.0,445651.04065267864,5696593.76647133,477.2061267563572,0.5608090876485221,0.030838544480502605,-0.13951533348654266,-28.80141100351933,-0.3282948137558953,-0.8558776978344574,-1.2631492575501966,-0.31508738854478224,-4.240389681847233,0.4548251,0.28949282,40,1.0,445651.0406526783,5696593.766471329,477.20612675639234,0.5608090872992761,0.03083854354918003,-0.13951533345141343,-28.80141100356996,-0.32829481417123163,-0.8558777002861065,-1.263149257600844,-0.3150873889601087,-4.2403896842988615,0.4548251,0.28949282,445650.479843591,5696593.735632786,477.34564208984375,-27.53826174596913,-0.013207425211122796,3.384511984012769,1324,frame_001324.png
8000,8001,53,38,0.7169811320754716,38,1.0,38,37,0.9736842105263158,445651.297760498,5696593.604987028,477.20234225769474,0.5972723730374128,-0.007017177529633045,-0.12697292785213676,-28.12859672631331,-0.4853334609213196,-0.736151173171248,-1.419002384228662,-0.3051301354263387,-4.036723686768795,0.5521988,0.4344042,37,0.9736842105263158,445651.29776049935,5696593.604987022,477.20234225804086,0.597272374376189,-0.0070171840488910675,-0.12697292750601719,-28.128596728597717,-0.48533344175954296,-0.7361511964670967,-1.419002386513057,-0.3051301162645359,-4.036723710064621,0.5521988,0.4344042,445650.700488125,5696593.612004206,477.3293151855469,-26.709594342084657,-0.18020332549499482,3.300572513597535,1325,frame_001325.png
8000,8000,58,41,0.7068965517241379,41,1.0,41,41,1.0,445651.5106287263,5696590.757521939,476.97765279115777,0.5946606948273256,-2.720993708819151,-0.3637168377485409,-28.15064240617718,4.478088933561418,-12.15396705616916,-1.8351070425899536,5.392165799186017,-15.532615386887073,3.855971,3.2032309,41,1.0,445651.56558394287,5696593.417322081,477.2098978993356,0.6496159114176407,-0.06119356770068407,-0.13147172957070552,-27.68332002664992,-1.29021719672018,-1.011743939262234,-1.3677846630626789,-0.37614033109557,-4.390392269980168,0.5754546,0.27065235,445650.91596803145,5696593.478515648,477.3413696289063,-26.31553536358723,-0.9140768656246032,3.3786483307179216,1326,frame_001326.png
8000,8000,58,45,0.7758620689655172,45,1.0,45,45,1.0,445651.8976491453,5696593.294861824,477.22092843946507,0.7536375105846673,-0.06309795845299959,-0.12211965623805554,-27.25377919338074,-1.7641704056648262,-1.9263934421796158,-1.320676505661197,-0.3185954908197175,-6.356888923642231,0.47201508,0.19894186,45,1.0,445651.89764914394,5696593.294861825,477.22092843930994,0.7536375092458911,-0.06309795752167702,-0.12211965639318123,-27.253779192776012,-1.7641704132617546,-1.9263934406993686,-1.3206765050564684,-0.3185954984166415,-6.356888922161971,0.47201508,0.19894186,445651.1440116347,5696593.357959783,477.3430480957031,-25.933102687719547,-1.4455749148451085,4.430495481462613,1327,frame_001327.png
