kp_uav,kp_patch,raw_matches,good_matches,good_ratio,homography_inliers,homography_ratio,num_3d2d_corr,pnp_inliers_anchor,pnp_ratio_anchor,anchor_easting_est,anchor_northing_est,anchor_altitude_est,anchor_easting_delta,anchor_northing_delta,anchor_altitude_delta,anchor_yaw_est,anchor_pitch_est,anchor_roll_est,anchor_yaw_delta,anchor_pitch_delta,anchor_roll_delta,reproj_error_anchor_mean,reproj_error_anchor_std,pnp_inliers_prior,pnp_ratio_prior,prior_easting_est,prior_northing_est,prior_altitude_est,prior_easting_delta,prior_northing_delta,prior_altitude_delta,prior_yaw_est,prior_pitch_est,prior_roll_est,prior_yaw_delta,prior_pitch_delta,prior_roll_delta,reproj_error_prior_mean,reproj_error_prior_std,gps_easting,gps_northing,gps_altitude,imu_yaw,imu_pitch,imu_roll,image_id,filename
914,2142,914,101,0.11050328227571116,51,0.504950495049505,101,29,0.2871287128712871,445662.54851358343,5696629.256038495,479.35408310962345,-1.490437398548238,-1.744185596704483,-0.5533570759234294,-133.36034609628038,11.528650245466169,2.7378929355273,-1.0475280252469759,0.5003999029497663,3.570601884261208,1.9866991,0.7756262,29,0.2871287128712871,445662.5485135694,5696629.25603852,479.35408310822163,-1.4904374125762843,-1.744185572490096,-0.553357077325245,-133.36034609458343,11.528650216851497,2.7378928366039395,-1.0475280235500293,0.5003998743350735,3.5706017853378285,1.986695,0.7756264,445664.038950982,5696631.000224092,479.9074401855469,-132.3128180710334,11.028250342516413,-0.8327089487338988,214,frame_000214.png
872,1542,872,57,0.06536697247706422,38,0.6666666666666666,57,24,0.42105263157894735,445661.43677198904,5696627.909440351,479.6209527302983,-0.43034146196441725,-0.8209782214835286,-0.3030585001704935,-133.17503171054196,8.99044709094313,4.569749189974299,-1.1359260970540106,-0.5513782417702657,6.609116294193512,1.6049057,0.6164752,24,0.42105263157894735,445661.43677199475,5696627.909440358,479.6209527313979,-0.4303414562600665,-0.820978214032948,-0.3030584990709144,-133.17503170698168,8.99044705535307,4.5697491861125865,-1.1359260934937367,-0.5513782773603282,6.609116290331798,1.6049057,0.6164752,445661.867113451,5696628.730418572,479.9240112304688,-132.03910561348795,9.5418253327134,-2.0393671042192123,215,frame_000215.png
866,1577,866,63,0.07274826789838337,38,0.6031746031746031,63,26,0.4126984126984127,445656.8860599668,5696628.064498647,479.59209891693365,-3.918299362354446,0.4342847242951393,-0.3695710049413492,-130.05221583099933,12.735620955104864,-8.648548335140497,2.1797423348657503,3.704590454551351,-5.976755037332225,1.7582016,0.60173476,26,0.4126984126984127,445656.88605997857,5696628.064498642,479.5920989179912,-3.9182993505964987,0.43428471963852644,-0.3695710038837774,-130.0522158414614,12.735620938242398,-8.64854828651702,2.1797423244036906,3.7045904376888927,-5.976754988708734,1.7582016,0.60173476,445660.80435932917,5696627.630213923,479.961669921875,-132.23195816586508,9.03103050055351,-2.6717932978082812,216,frame_000216.png
918,1658,918,86,0.09368191721132897,47,0.5465116279069767,86,30,0.3488372093023256,445659.4031680309,5696624.23501921,479.35631226286864,-0.3669232785468921,-2.3135225726291537,-0.6216540457251085,-133.65832336710787,5.774907299946973,7.6027762846533165,-1.5277332238241854,0.6210680524612258,8.318896703617384,1.8541709,0.72777253,30,0.3488372093023256,445659.4031680307,5696624.23501921,479.35631226294817,-0.3669232787215151,-2.3135225726291537,-0.6216540456455846,-133.6583233668399,5.774907299412673,7.6027762831250945,-1.5277332235562255,0.621068051926926,8.318896702089148,1.8541709,0.72777253,445659.77009130944,5696626.548541782,479.97796630859375,-132.13059014328368,5.15383924748576,-0.716120418964055,217,frame_000217.png
984,1736,984,109,0.11077235772357724,49,0.44954128440366975,109,35,0.3211009174311927,445657.37122701143,5696624.534893607,479.56210652258346,-1.3933294629096054,-0.9648174047470093,-0.4003263387446623,-133.00979359455562,-1.2023842482176086,1.2869942316342875,-0.9519108721524674,-1.8884982937554184,2.3747017466938587,1.9581746,0.7758529,35,0.3211009174311927,445657.3712270087,5696624.534893607,479.5621065226232,-1.3933294656453654,-0.9648174047470093,-0.40032633870492873,-133.00979359507795,-1.202384240096418,1.2869942243345593,-0.9519108726748016,-1.8884982856342276,2.374701739394112,1.9581746,0.7758529,445658.76455647434,5696625.499711012,479.9624328613281,-132.05788272240315,0.6861140455378161,-1.0877075150595585,218,frame_000218.png
1085,2017,1085,56,0.05161290322580645,32,0.5714285714285714,56,27,0.48214285714285715,445655.79331056954,5696622.3498315,479.8472467837133,-0.32377796206856146,-0.34910315833985806,0.0023676333226489987,-133.62614929445328,-27.157826998901303,-0.37087179779100793,-1.0899726234415823,-3.2695193360123938,-2.07101077646621,1.6618667,0.77557915,27,0.48214285714285715,445655.793310568,5696622.349831501,479.8472467839933,-0.32377796358196065,-0.3491031574085355,0.00236763360265968,-133.6261492964835,-27.157826996385747,-0.3708718043928137,-1.0899726254718018,-3.2695193334968167,-2.0710107830680045,1.6618667,0.77557915,445656.1170885316,5696622.698934658,479.8448791503906,-132.5361766710117,-23.88830766288892,1.7001389786751886,220,frame_000220.png
945,1878,945,148,0.15661375661375662,85,0.5743243243243243,148,51,0.34459459459459457,445655.313879147,5696621.4850344295,479.6784251473581,0.89357773802476,0.5809173453599215,-0.258983299907527,-133.77963495307995,-12.409503701906191,1.794190016805334,-1.208935234994982,-6.9565647528586965,1.5642416782861517,1.7709548,0.80299294,51,0.34459459459459457,445655.3138791473,5696621.48503443,479.6784251472043,0.8935777383157983,0.580917346291244,-0.2589833000613453,-133.77963495358514,-12.409503707079965,1.7941900134873112,-1.208935235500178,-6.956564758032471,1.5642416749681445,1.7709548,0.80299294,445654.420301409,5696620.904117084,479.9374084472656,-132.57069971808497,-5.452938949047501,0.22994833851917465,221,frame_000221.png
1033,1875,1033,169,0.16360116166505323,98,0.5798816568047337,169,57,0.33727810650887574,445653.22366373456,5696621.050467759,479.6526042513448,-1.1379486034275033,0.17889583483338356,-0.24308666662398082,-132.64552023178211,-0.25195620738945357,-3.109833433078614,-0.7650394143385029,-0.10539042424437639,-3.541841099326632,1.7860814,0.71991354,57,0.33727810650887574,445653.223663747,5696621.050467774,479.6526042499259,-1.1379485909710638,0.17889584973454475,-0.24308666804290624,-132.64552022883353,-0.25195628705931616,-3.109833437015584,-0.765039411389921,-0.10539050391423643,-3.5418411032636072,1.7860814,0.71991354,445654.361612338,5696620.871571925,479.8956909179688,-131.8804808174436,-0.14656578314508253,0.43200766624801845,222,frame_000222.png
1045,1921,1045,152,0.14545454545454545,90,0.5921052631578947,152,50,0.32894736842105265,445654.5785635464,5696621.681839504,479.58358080461664,0.11100172431906685,0.7025852100923657,-0.33316724225835515,-133.01693165516215,-0.24767811222433117,-0.6232132652884051,-0.8342047187335879,-4.169926523612077,-1.1017103985765573,1.788694,0.6905667,50,0.32894736842105265,445654.57856354676,5696621.681839507,479.5835808042949,0.11100172466831282,0.7025852128863335,-0.3331672425800889,-133.01693165451914,-0.2476781216023213,-0.6232132719466001,-0.8342047180905752,-4.169926532990075,-1.101710405234769,1.788694,0.6905667,445654.4675618221,5696620.979254294,479.916748046875,-132.18272693642857,3.9222484113877503,0.4784971332881627,223,frame_000223.png
1046,1884,1046,161,0.15391969407265774,91,0.5652173913043478,161,56,0.34782608695652173,445655.2547930203,5696620.366207378,479.7496669144584,0.7344107034150511,-0.6617724169045687,-0.1864903121041266,-133.89041391772616,3.5822319208941114,4.825945729906974,-1.3199964119432366,-2.1651536558665043,4.388724924057215,1.7383853,0.7457494,56,0.34782608695652173,445655.2547930199,5696620.366207379,479.74966691440875,0.7344107030075975,-0.6617724159732461,-0.1864903121537509,-133.89041391733986,3.5822319196515826,4.825945726458476,-1.3199964115569287,-2.1651536571090446,4.388724920608723,1.7383853,0.7457494,445654.5203823169,5696621.027979795,479.9361572265625,-132.57041750578293,5.747385576760614,0.43722080584976025,224,frame_000224.png
1080,1971,1080,164,0.15185185185185185,101,0.6158536585365854,164,57,0.3475609756097561,445654.311689646,5696621.306939082,479.5794719031956,-0.2821237174212001,0.20607417169958353,-0.3590656944606394,-133.3794174619739,2.9815433007303707,-1.1980701630149315,-0.5219452705379979,-1.98051045919334,-2.3466116173238447,1.8586478,0.6438727,57,0.3475609756097561,445654.31168964715,5696621.306939075,479.5794719034588,-0.2821237162570469,0.20607416424900293,-0.3590656941974544,-133.3794174665166,2.9815433208690045,-1.1980701378983796,-0.5219452750806965,-1.9805104390547115,-2.3466115922072674,1.8586478,0.6438727,445654.5938133634,5696621.1008649105,479.93853759765625,-132.8574721914359,4.962053759923721,1.148541454308899,225,frame_000225.png
1057,1969,1057,162,0.1532639545884579,81,0.5,162,55,0.3395061728395062,445654.3526732202,5696621.9683192605,479.39388052076174,-0.2553954456234351,0.8469855291768909,-0.5491736784570662,-133.41329595129898,0.4843919859987578,-2.7726564906260025,-0.39838093876227276,-4.0797068366289295,-3.742840754645755,1.8325119,0.79518294,55,0.3395061728395062,445654.3526732202,5696621.9683192605,479.39388052074344,-0.2553954456234351,0.8469855291768909,-0.5491736784753698,-133.41329595126373,0.48439198561663366,-2.772656490953369,-0.39838093872702984,-4.079706837011059,-3.742840754973116,1.8325119,0.79518294,445654.60806866584,5696621.121333731,479.9430541992188,-133.0149150125367,4.564098822627692,0.9701842640197561,226,frame_000226.png
1043,1948,1043,165,0.15819750719079578,87,0.5272727272727272,165,55,0.3333333333333333,445654.6192175219,5696621.5152201615,479.6446703370187,0.014843637007288635,0.3829689361155033,-0.3043653075126258,-133.62222948932956,0.6896150901593088,0.7018222468781111,-0.9324376202419558,-3.2444617784454124,1.121082547755293,1.8738494,0.76502246,55,0.3333333333333333,445654.61921752326,5696621.515220159,479.6446703373718,0.014843638346064836,0.3829689333215356,-0.3043653071595145,-133.62222948994346,0.6896150941254637,0.7018222578613672,-0.9324376208558647,-3.244461774479248,1.12108255873855,1.8738494,0.76502246,445654.6043738849,5696621.132251225,479.9490356445313,-132.6897918690876,3.9340768686047256,-0.41926030087718225,227,frame_000227.png
1044,2010,1044,166,0.15900383141762453,93,0.5602409638554217,166,65,0.39156626506024095,445654.5132049871,5696621.218772629,479.62062238810404,-0.03755043406272307,0.0495609138160944,-0.32780290486476815,-128.97923182322364,3.8216891967839453,1.4183280666812257,-0.8743935186559213,-2.4872084160063537,1.701318591229409,1.7779748,0.74071646,65,0.39156626506024095,445654.51320498716,5696621.218772629,479.6206223880631,-0.03755043400451541,0.0495609138160944,-0.3278029049056954,-128.9792318230318,3.821689194394995,1.4183280649369348,-0.8743935184640748,-2.487208418395312,1.701318589485112,1.7779748,0.74071646,445654.55075542117,5696621.169211715,479.9484252929688,-128.10483830456772,6.308897612790297,-0.2829905245481869,228,frame_000228.png
1050,1970,1050,169,0.16095238095238096,85,0.5029585798816568,169,57,0.33727810650887574,445653.6120246061,5696622.134383888,479.5770852814002,-0.9606972539331764,0.9319791626185179,-0.39099333188113405,-127.5397261493255,2.816612719433223,-4.055830116922354,-0.3070649312213618,-2.6274034468988816,-4.043734698236136,1.8431876,0.665992,57,0.33727810650887574,445653.6120246061,5696622.134383888,479.5770852813796,-0.9606972539331764,0.9319791626185179,-0.39099333190171137,-127.53972614924406,2.8166127187540484,-4.055830117556003,-0.3070649311399052,-2.627403447578047,-4.043734698869798,1.8431876,0.665992,445654.57272186,5696621.202404725,479.9680786132813,-127.23266121810416,5.444016166332099,-0.012095418686215078,229,frame_000229.png
999,1945,999,114,0.11411411411411411,55,0.4824561403508772,114,35,0.30701754385964913,445654.1172172341,5696622.039966207,479.55786946808865,-0.3987314531696029,0.9649667125195265,-0.46269937956759577,-126.23447674026973,11.082807138316204,-4.882815814578231,0.6389542300634332,-4.180578683077471,-7.451614549204265,1.7241447,0.7143952,35,0.30701754385964913,445654.1172172343,5696622.039966212,479.55786946799634,-0.3987314529949799,0.9649667171761394,-0.4626993796599095,-126.23447673633741,11.082807121857858,-4.882815825600739,0.6389542339957472,-4.180578699535829,-7.451614560226773,1.7241447,0.7143952,445654.5159486873,5696621.0749994945,480.02056884765625,-126.87343097033316,15.263385821393678,2.5687987346260304,230,frame_000230.png
1011,1902,1011,110,0.10880316518298715,50,0.45454545454545453,110,36,0.32727272727272727,445653.355161279,5696621.631160567,479.60791113825314,-0.8741925000213087,0.9046490993350744,-0.4424733832312313,-125.15481241046783,15.120249785142324,-4.660617467742481,1.2487061516459335,-3.8275225244335047,-5.71175959537797,1.784959,0.70065117,36,0.32727272727272727,445653.35516128043,5696621.631160569,479.6079111382267,-0.8741924985661171,0.9046491021290421,-0.4424733832576635,-125.1548124092254,15.12024977268764,-4.660617469201259,1.24870615288836,-3.827522536888182,-5.7117595968367425,1.784959,0.70065117,445654.229353779,5696620.726511467,480.0503845214844,-126.40351856211377,18.94777230957582,1.051142127635491,231,frame_000231.png
1021,1696,1021,122,0.11949069539666993,60,0.4918032786885246,122,39,0.319672131147541,445652.69207941846,5696620.117586416,479.62530487657426,-0.9800481757847592,0.06866779364645481,-0.4104922425663631,-125.97709665915929,18.46800525540158,-3.3546931977964167,0.3124874634040964,0.16191074696973828,-4.683479480123793,1.9090817,0.7370632,39,0.319672131147541,445652.6920794148,5696620.117586413,479.6253048763567,-0.9800481794518419,0.06866779085248709,-0.41049224278390284,-125.97709665791699,18.46800527187002,-3.354693204850505,0.3124874646463809,0.16191076343818622,-4.683479487177891,1.9090817,0.7370632,445653.67212759424,5696620.048918623,480.0357971191406,-126.28958412256338,18.306094508431848,1.328786282327373,232,frame_000232.png
994,1525,994,127,0.12776659959758552,69,0.5433070866141733,127,47,0.3700787401574803,445653.0240242327,5696619.448835448,479.8287212203088,-0.27441841532709077,-0.1346686528995633,-0.19892770547249938,-127.15854248760444,15.319003646861157,-1.1114579261101492,-0.6570549253855518,-1.7283503967855438,-3.1019598089918645,1.7278967,0.72051704,47,0.3700787401574803,445653.02402422245,5696619.4488354875,479.82872122432605,-0.2744184255716391,-0.13466861378401518,-0.19892770145526129,-127.15854244782761,15.319003546747926,-1.1114580579626925,-0.6570548856087157,-1.72835049689877,-3.1019599408444094,1.7278967,0.72051704,445653.298442648,5696619.583504101,480.0276489257813,-126.50148756221888,17.047354043646706,1.9905018828817274,233,frame_000233.png
1013,1313,1013,119,0.11747285291214216,76,0.6386554621848739,119,57,0.4789915966386555,445652.3192161057,5696617.868202975,479.6832955971677,-0.5493569300160743,-1.177871529944241,-0.3315359458010789,-128.26614774206084,16.673970760137955,0.6980918758986765,-1.4213338190445484,1.1639220158783132,-1.3652270739398205,1.7681968,0.7504033,57,0.4789915966386555,445652.3192161174,5696617.868203022,479.683295607681,-0.5493569183163345,-1.1778714833781123,-0.33153593528783176,-128.2661477059081,16.673970580215254,0.6980917901356665,-1.4213337828918498,1.1639218359555912,-1.3652271597028403,1.7681968,0.7504033,445652.8685730357,5696619.046074505,480.0148315429688,-126.84481392301628,15.510048744259652,2.063318949838503,234,frame_000234.png
959,1060,959,83,0.08654848800834203,50,0.6024096385542169,83,39,0.46987951807228917,445651.0120201101,5696616.504567257,479.7871417910792,-0.2614456887822598,-0.6445868369191885,-0.19964409759268165,-128.04035260389549,8.920076686751301,1.8210524163428836,-1.181149062369542,1.357176556554748,1.5761987994031017,1.7192571,0.7639803,39,0.46987951807228917,445651.01202011004,5696616.504567257,479.78714179101036,-0.2614456888404675,-0.6445868369191885,-0.19964409766151903,-128.04035260404518,8.920076688125464,1.821052417134979,-1.1811490625192391,1.3571765579289092,1.5761988001951863,1.7192571,0.7639803,445651.2734657989,5696617.149154094,479.9867858886719,-126.85920354152594,7.562900130196543,0.24485361693977864,235,frame_000235.png
890,999,890,85,0.09550561797752809,51,0.6,85,37,0.43529411764705883,445650.15930179745,5696616.189378843,479.81955249030244,-0.5344464122317731,-0.2731777857989073,-0.13650219719755796,-127.98829881968456,2.198675051350752,0.07848687434583314,-1.0335774548744325,-1.5587424382101744,-0.23990165768475435,1.7684052,0.7622098,37,0.43529411764705883,445650.1593017986,5696616.189378841,479.81955249028675,-0.5344464110676199,-0.27317778766155243,-0.13650219721324675,-127.98829882012747,2.198675053801499,0.07848688219628683,-1.033577455317328,-1.5587424357594273,-0.23990164983430873,1.7684052,0.7622098,445650.6937482097,5696616.4625566285,479.9560546875,-126.95472136481014,3.7574174895609302,0.3183885320306002,236,frame_000236.png
843,883,843,66,0.07829181494661921,38,0.5757575757575758,66,28,0.42424242424242425,445647.97058953496,5696612.744913946,479.9009006120678,-0.5612281488720328,-1.1622126577422023,-0.02057765941657408,-128.14883606877677,-2.8723631500478337,3.4135240112077248,-1.448005585262365,1.785644949414234,4.541823265418486,1.583314,0.62594235,28,0.42424242424242425,445647.9705895358,5696612.744913946,479.9009006120571,-0.5612281480571255,-1.1622126577422023,-0.02057765942726064,-128.1488360686367,-2.8723631514817405,3.4135240140392287,-1.4480055851223028,1.7856449479803302,4.541823268249999,1.583314,0.62594235,445648.53181768383,5696613.907126604,479.9214782714844,-126.7008304835144,-4.658008099462074,-1.128299254210774,237,frame_000237.png
962,860,962,62,0.06444906444906445,32,0.5161290322580645,62,27,0.43548387096774194,445646.6658260991,5696611.835812216,479.72669219696996,-1.4212351902388036,-1.551331332884729,-0.1752853420925362,-128.52397970771776,-5.111036265884222,1.5748940563408653,-1.8170456121195286,4.536058089877912,2.534158565981585,1.641555,0.7334176,27,0.43548387096774194,445646.66582610214,5696611.835812217,479.7266921973601,-1.4212351872120053,-1.5513313319534063,-0.17528534170241983,-128.52397970594356,-5.1110362768745246,1.574894063260299,-1.8170456103453319,4.536058078887606,2.534158572900992,1.641555,0.7334176,445648.08706128935,5696613.387143549,479.9019775390625,-126.70693409559823,-9.647094355762126,-0.9592645096407056,238,frame_000238.png
1017,840,1017,60,0.058997050147492625,40,0.6666666666666666,60,32,0.5333333333333333,445648.0246519756,5696612.61381216,479.7713082712824,0.3341612372896634,-0.31678257789462805,-0.11110750020196747,-127.12386869459966,-17.214625491802813,4.044159624633177,-0.602522558341775,-3.5957901614403625,5.078002773333139,1.7384074,0.7584682,32,0.5333333333333333,445648.02465177624,5696612.613811952,479.77130829357617,0.3341610379284248,-0.3167827855795622,-0.11110747790820596,-127.12386884757373,-17.214624326576455,4.044159472552638,-0.602522711315828,-3.5957889962139973,5.07800262125258,1.7384074,0.7584682,445647.6904907383,5696612.930594738,479.8824157714844,-126.5213461362579,-13.61883533036245,-1.0338431486999522,239,frame_000239.png
1040,875,1040,54,0.051923076923076926,35,0.6481481481481481,54,28,0.5185185185185185,445647.20000135835,5696611.55751612,479.8389205974428,-0.17629607883282006,-1.0137118576094508,-0.01947784005722042,-127.32625188432058,-14.16531555184425,3.788107242213479,-0.8926071748775826,-0.345703645491767,4.391521933095532,1.7898291,0.64583236,28,0.5185185185185185,445647.20000135835,5696611.55751612,479.83892059744517,-0.17629607883282006,-1.0137118576094508,-0.019477840054832996,-127.32625188429466,-14.165315551280694,3.7881072425666322,-0.892607174851662,-0.34570364492822137,4.391521933448672,1.7898291,0.64583236,445647.3762974372,5696612.571227978,479.8583984375,-126.43364470944299,-13.819611906352478,-0.6034146908820397,240,frame_000240.png
1068,874,1068,59,0.0552434456928839,27,0.4576271186440678,59,29,0.4915254237288136,445646.64365321124,5696611.206847381,479.79227918929024,-0.3440181596088223,-0.9417964769527316,-0.05430894547538401,-127.91732265471009,-10.014347362755156,3.378381981333345,-1.1810874410467704,1.149265110389564,4.390614940914901,1.9826261,0.6180027,29,0.4915254237288136,445646.64365321316,5696611.206847388,479.7922791890148,-0.3440181576879695,-0.941796469502151,-0.054308945750847215,-127.9173226545416,-10.01434738868796,3.3783819711103154,-1.1810874408782865,1.149265084456772,4.390614930691868,1.9826261,0.6180027,445646.98767137085,5696612.148643858,479.8465881347656,-126.7362352136633,-11.163612473144731,-1.0122329595815596,241,frame_000241.png
948,875,948,76,0.08016877637130802,51,0.6710526315789473,76,40,0.5263157894736842,445646.711270035,5696611.385142506,479.7819891013738,-0.19052848225692287,-0.6930635878816247,-0.08660220721992573,-127.90555691320418,-5.234537419481188,4.532287848398665,-0.9552288302268437,-0.6563202641000885,7.04932716410579,1.8347309,0.7635614,40,0.5263157894736842,445646.71127003524,5696611.385142505,479.7819891013956,-0.19052848202409223,-0.6930635888129473,-0.0866022071981547,-127.9055569130978,-5.234537415923338,4.532287852463554,-0.9552288301204612,-0.6563202605422589,7.0493271681706915,1.8347309,0.7635614,445646.90179851727,5696612.078206094,479.86859130859375,-126.95032808297734,-4.578217155381087,-2.5170393157071334,242,frame_000242.png
932,917,932,84,0.09012875536480687,51,0.6071428571428571,84,35,0.4166666666666667,445646.9677059982,5696612.147014276,479.7156928675381,0.11014765471918508,0.08196787815541029,-0.15756763050876543,-128.3357305866648,-6.086695401999046,4.416356163031564,-1.1308882031859753,-2.8578063612028757,7.297790421079867,2.0322762,0.5519789,35,0.4166666666666667,445646.9677059964,5696612.147014273,479.7156928675699,0.1101476529147476,0.08196787536144257,-0.15756763047698996,-128.33573058770278,-6.086695387921,4.416356164865848,-1.130888204223936,-2.8578063471248356,7.297790422914147,2.0322762,0.5519789,445646.8575583435,5696612.065046398,479.8732604980469,-127.20484238347883,-3.2288890407961772,-2.8814342580483085,243,frame_000243.png
936,888,936,90,0.09615384615384616,54,0.6,90,35,0.3888888888888889,445646.6368847464,5696611.2340400005,479.6347224659572,-0.20581143704475835,-0.8530307682231069,-0.2082035594334002,-128.69691899881278,0.034370211201633735,5.510999536551168,-1.2093030775067177,1.491864736230525,8.203781107144692,1.7487043,0.79906446,35,0.3888888888888889,445646.6368847463,5696611.2340400005,479.63472246596996,-0.205811437102966,-0.8530307682231069,-0.20820355942066726,-128.69691899901972,0.03437021328503122,5.510999538034055,-1.2093030777136278,1.4918647383139216,8.203781108627595,1.7487043,0.79906446,445646.8426961834,5696612.087070769,479.8429260253906,-127.48761592130607,-1.4574945250288824,-2.6927815705935347,244,frame_000244.png
883,913,883,87,0.0985277463193658,45,0.5172413793103449,87,36,0.41379310344827586,445646.93950102106,5696611.4162433585,479.3629335710218,0.06856619892641902,-0.785391740500927,-0.2230649641344371,-128.7560723231614,0.27495908695055293,6.988584715041017,-1.2540310112007944,0.408494993038488,10.383484494994974,1.880134,0.76618826,36,0.41379310344827586,445646.9395010203,5696611.416243358,479.3629335711207,0.06856619816971943,-0.7853917414322495,-0.22306496403552956,-128.75607232356796,0.2749590914432041,6.988584714500334,-1.254031011607367,0.40849499753113605,10.38348449445428,1.880134,0.76618826,445646.87093482213,5696612.201635099,479.58599853515625,-127.5020413119606,-0.13353590608793464,-3.394899779953955,245,frame_000245.png
841,854,841,73,0.08680142687277051,39,0.5342465753424658,73,30,0.410958904109589,445646.8357672641,5696611.769692924,478.43076400197333,-0.10152211698004976,-0.5734697757288814,-0.5156166132610451,-128.4421811139497,0.3267281217619705,5.05799356840419,-1.3353316047968065,0.5461527941164661,7.678766404061321,1.6602219,0.79554075,30,0.410958904109589,445646.83576726454,5696611.769692925,478.4307640019983,-0.10152211657259613,-0.5734697747975588,-0.5156166132360909,-128.44218111361926,0.3267281178921916,5.057993567910888,-1.3353316044663757,0.5461527902466798,7.678766403568005,1.6602219,0.79554075,445646.9372893811,5696612.3431627,478.9463806152344,-127.10684950915288,-0.21942467235448834,-2.6207728356571205,246,frame_000246.png
798,852,798,71,0.08897243107769423,48,0.676056338028169,71,35,0.49295774647887325,445647.17218144715,5696612.056518592,477.8135258255732,0.1852657042327337,-0.3632158124819398,-0.6721614302861667,-127.6018919430324,-1.2247911999651977,5.57263668955259,-1.1910096888929615,-0.9574430140006314,8.037379220162336,1.966142,0.8508809,35,0.49295774647887325,445647.1721814516,5696612.056518597,477.81352582550517,0.18526570865651593,-0.3632158078253269,-0.6721614303542083,-127.60189194007071,-1.224791229902379,5.5726366930457205,-1.191009685931249,-0.9574430439378148,8.037379223655478,1.966142,0.8508809,445646.9869157429,5696612.419734404,478.4856872558594,-126.41088225413945,-0.26734818596457355,-2.464742530609758,247,frame_000247.png
765,873,765,94,0.12287581699346405,61,0.648936170212766,94,37,0.39361702127659576,445647.0155914374,5696612.128772598,477.12340175979875,-0.07957248942693695,-0.45879530161619186,-0.3333548319981219,-126.39631674132158,0.7969054449178513,5.036526779061661,-1.2105483760811353,-0.0734517223725959,7.854745943783456,1.7486217,0.63036335,37,0.39361702127659576,445647.01559143444,5696612.128772592,477.123401760292,-0.07957249239552766,-0.4587953072041273,-0.33335483150489154,-126.39631674428449,0.7969054764098389,5.03652678365484,-1.2105483790440417,-0.07345169088060288,7.854745948376632,1.7486217,0.63036335,445647.09516392683,5696612.587567899,477.4567565917969,-125.18576836524043,0.8703571672904415,-2.818219164721798,248,frame_000248.png
792,836,792,92,0.11616161616161616,64,0.6956521739130435,92,39,0.42391304347826086,445647.1227444821,5696612.503402048,476.4484337178413,-0.035157044301740825,-0.1719611966982484,-0.46343151653371706,-125.8260984007879,1.1871296561341242,5.260621904184825,-1.3281893333842731,-1.4275395467345504,8.819871740169162,1.8013034,0.77191293,39,0.42391304347826086,445647.122744482,5696612.503402047,476.4484337178344,-0.03515704441815615,-0.17196119762957096,-0.4634315165405951,-125.82609840092373,1.1871296574446633,5.260621904468171,-1.328189333520129,-1.4275395454240254,8.819871740452498,1.8013034,0.77191293,445647.1579015264,5696612.6753632445,476.911865234375,-124.49790906740361,2.6146692028686784,-3.559249835984324,249,frame_000249.png
807,858,807,88,0.1090458488228005,62,0.7045454545454546,88,32,0.36363636363636365,445647.08336445945,5696612.46227271,475.76725623032337,-0.15359068964608014,-0.2945053977891803,-0.621995478661006,-126.26753972282611,4.553612101981818,2.7691239816798285,-1.1541786061996504,0.24890049856665541,4.36949768255144,1.6790599,0.7184598,32,0.36363636363636365,445647.0833644593,5696612.46227271,475.7672562302688,-0.15359068982070312,-0.2945053977891803,-0.6219954787155757,-126.26753972308215,4.55361210458564,2.769123982437733,-1.1541786064557016,0.24890050117045348,4.369497683309362,1.6790599,0.7184598,445647.2369551491,5696612.756778108,476.3892517089844,-125.11336111662645,4.304711603415176,-1.6003737008716248,250,frame_000250.png
846,858,846,98,0.11583924349881797,65,0.6632653061224489,98,35,0.35714285714285715,445647.4112256271,5696612.523662047,475.15265920353704,0.09698905295226723,-0.3069736724719405,-0.7173969488067087,-127.02100867906326,2.5511178503905345,3.595222528234599,-1.186866860004784,-0.5466854799132932,4.892404702387722,2.0011678,0.7121146,35,0.35714285714285715,445647.41122562735,5696612.5236620465,475.15265920342347,0.09698905318509787,-0.3069736734032631,-0.7173969489202818,-127.02100867935484,2.551117852407157,3.595222531459377,-1.1868668602963623,-0.5466854778966876,4.892404705612506,2.0011678,0.7121146,445647.31423657417,5696612.83063572,475.87005615234375,-125.83414181905847,3.097803330303838,-1.2971821741531182,251,frame_000251.png
804,865,804,107,0.13308457711442787,68,0.6355140186915887,107,33,0.308411214953271,445647.5008879917,5696612.596627119,474.26790911731814,-0.007831126044038683,-0.4034518012776971,-0.3848313611974845,-127.44276460830739,6.026803027219418,2.9497427829966574,-1.1519846993539886,0.11155589352696893,3.7541255853434734,1.7081195,0.55912685,33,0.308411214953271,445647.50088799134,5696612.596627119,474.26790911725493,-0.007831126393284649,-0.4034518012776971,-0.3848313612606944,-127.44276460823882,6.026803028925426,2.949742781517963,-1.1519846992854355,0.11155589523298204,3.754125583864777,1.7081195,0.55912685,445647.50871911773,5696613.00007892,474.6527404785156,-126.29077990895338,5.915247133692446,-0.8043828023468155,252,frame_000252.png
802,877,802,102,0.12718204488778054,71,0.696078431372549,102,37,0.3627450980392157,445647.6358118365,5696612.630942493,474.05859701361493,0.0865281285950914,-0.3907729107886553,-0.34887368951007147,-128.07227309590564,4.591153881592337,2.460762787750926,-1.3479708266683588,-0.62533833084251,2.2989079656241245,1.5283322,0.6263006,37,0.3627450980392157,445647.6358118363,5696612.630942493,474.05859701359884,0.08652812836226076,-0.3907729107886553,-0.34887368952615816,-128.07227309602234,4.591153883886715,2.460762787330446,-1.3479708267850583,-0.6253383285481107,2.2989079652036253,1.5283322,0.6263006,445647.5492837079,5696613.021715404,474.407470703125,-126.72430226923728,5.216492212434837,0.16185482212680968,253,frame_000253.png
821,869,821,106,0.12911084043848964,67,0.6320754716981132,106,38,0.3584905660377358,445647.42002711614,5696612.67202243,473.93377975130306,-0.11019762326031923,-0.3500644974410534,-0.21749588346256132,-121.18787472015072,4.103602150902499,1.6203843475477913,-0.5092660789545675,-0.3210886659722405,2.2994538117054333,1.9046502,0.6896162,38,0.3584905660377358,445647.4200271144,5696612.672022431,473.9337797515127,-0.11019762500654906,-0.3500644965097308,-0.2174958832529228,-121.18787471987812,4.103602153394575,1.6203843346652436,-0.5092660786819749,-0.3210886634801682,2.2994537988228956,1.9046502,0.6896162,445647.5302247394,5696613.022086928,474.1512756347656,-120.67860864119615,4.42469081687474,-0.6790694641576549,254,frame_000254.png
851,827,851,100,0.11750881316098707,64,0.64,100,33,0.33,445647.3649018822,5696612.497972673,474.03458550809944,0.23811775678768754,-0.22269892692565918,-0.21349188447868528,-57.86666023505013,1.20002018513793,3.3354747687702613,-4.671595448930418,-1.3129726556373953,4.253238815223,1.8989362,0.70893395,33,0.33,445647.364901877,5696612.49797268,474.03458550863917,0.23811775160720572,-0.22269891947507858,-0.21349188393895702,-57.866660237442225,1.2000201223156681,3.3354747668769162,-4.671595451322531,-1.3129727184596618,4.253238813329659,1.8989362,0.70893395,445647.1267841254,5696612.7206716,474.2480773925781,-53.1950647861197,2.5129928407753233,-0.91776404645274,255,frame_000255.png
834,853,834,108,0.12949640287769784,65,0.6018518518518519,108,40,0.37037037037037035,445647.5418078787,5696612.425486444,474.09359699126156,0.46907957404619083,0.0028617000207304955,-0.1720585263165617,-38.873386656284296,1.4525711272714503,3.0360496904897962,-0.6017327490196749,-0.5877979446567281,3.266128534330136,1.8321831,0.7245646,40,0.37037037037037035,445647.541807878,5696612.425486443,474.0935969912396,0.4690795733476989,0.002861699089407921,-0.17205852633850327,-38.873386656594874,1.4525711265054875,3.0360496835894866,-0.6017327493302389,-0.5877979454226931,3.266128527429828,1.8321831,0.7245646,445647.07272830466,5696612.422624744,474.2656555175781,-38.27165390726463,2.040369071928189,-0.23007884384033955,256,frame_000256.png
825,856,825,97,0.11757575757575757,66,0.6804123711340206,97,29,0.29896907216494845,445647.19273726706,5696612.242242695,474.0365316396962,0.0911123511614278,-0.11583916749805212,-0.234067725538182,-33.12209096678298,0.06427837355726923,-0.08910121472834014,-1.449440993122039,-2.0039856170530754,-0.4972935123022637,1.6954876,0.67664135,29,0.29896907216494845,445647.1927372269,5696612.242242681,474.03653163407,0.09111231099814177,-0.11583918146789074,-0.23406773116437307,-33.122090992942006,0.06427820031304433,-0.08910145264377227,-1.4494410192810392,-2.0039857902972926,-0.4972937502176933,1.6954876,0.67664135,445647.1016249159,5696612.358081862,474.2705993652344,-31.672649973660953,2.0682639906103506,0.40819229757392195,257,frame_000257.png
886,827,886,100,0.11286681715575621,64,0.64,100,31,0.31,445647.693909473,5696612.616978993,474.0380045811613,0.5394031663308851,0.25329381600022316,-0.21077471571368278,-32.030944588650655,2.57154354507483,-0.14350032147009978,-1.0346540038043202,-0.7177428049794798,-4.008481293850366,1.5074763,0.76415306,31,0.31,445647.69390947133,5696612.61697899,474.03800458137954,0.539403164642863,0.25329381320625544,-0.2107747154954609,-32.03094458925434,2.571543544878647,-0.14350034291126768,-1.0346540044080257,-0.7177428051756749,-4.008481315291533,1.5074763,0.76415306,445647.1545063067,5696612.363685177,474.248779296875,-30.996290584846328,3.2892863500543172,3.864980972380263,258,frame_000258.png
894,888,894,91,0.1017897091722595,58,0.6373626373626373,91,27,0.2967032967032967,445646.52929669345,5696615.570562477,472.9571391131228,-0.7001362638548017,3.1866316329687834,-1.303481004064679,-28.61823961567777,-14.14835016814575,15.040527717200577,2.216606084565285,-19.46673492741698,11.709640986762196,13.971001,7.6252832,27,0.2967032967032967,445648.0227736339,5696612.523954179,474.0663708110652,0.7933406765805557,0.14002333488315344,-0.19424930612228763,-31.980782872545714,6.5210800379860885,0.8174273072229402,-1.1459371723026663,1.202695278714856,-2.513459423215437,1.6302795,0.572052,445647.2294329573,5696612.383930844,474.2606201171875,-30.83484570024305,5.3183847592712254,3.330886730438388,259,frame_000259.png
879,863,879,104,0.11831626848691695,69,0.6634615384615384,104,38,0.36538461538461536,445666.81398157676,5696637.681370809,461.48320481025326,19.533889255777467,25.3127730647102,-12.79514601982487,-79.60792397646269,21.922403858055922,168.7595320056406,-48.902244075650856,13.832712200984048,165.78522356269514,203.37532,131.00647,38,0.36538461538461536,445647.61734211957,5696612.680814519,474.08000265310596,0.3372497985837981,0.3122167745605111,-0.19834817697216067,-32.31813924769063,5.881306320195441,0.6002770946354201,-1.6124593468788078,-2.2083853368764323,-2.3740313483100692,1.7002026,0.77302355,445647.280092321,5696612.368597744,474.2783508300781,-30.705679900811823,8.089691657071885,2.974308442945495,260,frame_000260.png
868,844,868,111,0.12788018433179724,77,0.6936936936936937,111,41,0.36936936936936937,445647.9355565044,5696612.345586159,474.0566940136996,0.5813581518013962,0.013158244080841541,-0.2447586230192087,-32.1533292349981,11.703528624743116,-0.46572806460083455,-1.524189385609958,0.11015029641259844,-3.7206358987539545,1.7087048,0.7095817,41,0.36936936936936937,445647.93555650493,5696612.345586158,474.0566940135229,0.5813581523252651,0.013158243149518967,-0.2447586231959349,-32.15332923474278,11.703528630637868,-0.4657280677107863,-1.5241893853546458,0.11015030230737466,-3.720635901863915,1.7087048,0.7095817,445647.3541983526,5696612.332427915,474.3014526367188,-30.62913984938814,11.593378328330504,3.254907834153121,261,frame_000261.png
820,875,820,103,0.12560975609756098,70,0.6796116504854369,103,37,0.3592233009708738,445648.50814832904,5696611.875972835,474.1003438660936,0.4690381789114326,-0.015978061594069004,-0.208097296015751,-32.65678775204038,3.4306118533152063,-0.28896834539116273,-1.4497691799803647,-0.9279002590573953,-2.696660680851977,1.96508,0.69257855,37,0.3592233009708738,445648.50814834045,5696611.875972839,474.1003438659386,0.46903819032013416,-0.015978057868778706,-0.208097296170763,-32.65678774981341,3.4306119040570486,-0.2889682826557727,-1.4497691777533817,-0.927900208315549,-2.6966606181165673,1.96508,0.69257855,445648.03911015013,5696611.891950897,474.3084411621094,-31.20701857206002,4.358512112372602,2.4076923354608066,262,frame_000262.png
790,865,790,66,0.08354430379746836,43,0.6515151515151515,66,26,0.3939393939393939,445649.8820760947,5696611.086434074,474.12044629501776,1.0414036761503667,-0.2833851845934987,-0.12869921279474283,-33.29600537399232,-2.658569354785967,0.38489860222687394,-1.4453881569351381,3.436578480774955,-1.9168886823599962,1.7423021,0.77515954,26,0.3939393939393939,445649.88207609585,5696611.086434084,474.1204462943396,1.0414036773145199,-0.2833851743489504,-0.12869921347288482,-33.296005368614836,-2.658569382580885,0.38489866009338475,-1.445388151557637,3.4365784529800294,-1.916888624493481,1.7423021,0.77515954,445648.84067241853,5696611.369819258,474.2491455078125,-31.850617217057195,-6.09514783556091,2.3017872845868697,263,frame_000263.png
799,889,799,88,0.11013767209011265,62,0.7045454545454546,88,42,0.4772727272727273,445649.38138314825,5696611.157000636,474.1179388742155,0.4526891783461906,-0.16038835141807795,-0.15784847930012802,-32.92816554382916,-1.259553565030323,-1.2730910820678698,-1.4402846832113028,-0.3209995597702857,-3.6931393756462683,1.6847156,0.83196926,42,0.4772727272727273,445649.3813831484,5696611.157000636,474.11793887422255,0.4526891784626059,-0.16038835141807795,-0.15784847929307944,-32.92816554382687,-1.2595535636587747,-1.2730910822945183,-1.4402846832090006,-0.3209995583987393,-3.693139375872903,1.6847156,0.83196926,445648.9286939699,5696611.317388987,474.2757873535156,-31.48788086061787,-0.9385540052600241,2.4200482935783874,264,frame_000264.png
779,911,779,89,0.11424903722721438,53,0.5955056179775281,89,29,0.3258426966292135,445649.5241992032,5696611.247106638,474.1054590470034,0.5289343727636151,-0.03733289986848831,-0.1648656600278855,-32.767441074980454,-2.173550986354781,-0.48279613878953825,-1.397606709929363,-0.638245487980754,-3.1803921309797545,1.5755327,0.7304626,29,0.3258426966292135,445649.5241992034,5696611.247106638,474.1054590469926,0.5289343729964457,-0.03733289986848831,-0.16486566003868575,-32.7674410749373,-2.1735509844534757,-0.4827961385561442,-1.3976067098862188,-0.6382454860794553,-3.1803921307463554,1.5755327,0.7304626,445648.9952648304,5696611.284439538,474.2703247070313,-31.36983436505109,-1.5353054983740144,2.6975959921902155,265,frame_000265.png
805,884,805,85,0.10559006211180125,54,0.6352941176470588,85,35,0.4117647058823529,445649.38909630355,5696611.073803815,474.1279649024045,0.30308286723447964,-0.1493326723575592,-0.15700824212677844,-32.675266373306336,0.2812304598334713,-1.5029027709443665,-1.454868757549633,-0.6736507962195049,-3.8129850631663373,1.6460739,0.68939406,35,0.4117647058823529,445649.3890963107,5696611.073803822,474.1279649017962,0.30308287439402193,-0.14933266583830118,-0.1570082427351167,-32.675266367430055,0.28123047795811323,-1.50290271055062,-1.4548687516733594,-0.6736507780948671,-3.8129850027725922,1.6460739,0.68939406,445649.0860134363,5696611.223136487,474.2849731445313,-31.220397615756706,0.9548812560529722,2.3100822922219773,266,frame_000266.png
811,895,811,83,0.10234278668310727,56,0.6746987951807228,83,32,0.3855421686746988,445649.5293629206,5696611.181149627,474.1197498051587,0.43285832734545693,-0.03596389293670654,-0.16125605421632372,-32.73556395213156,0.299710729050111,-0.2513582912414888,-1.497368551870636,-0.3495187622112894,-2.4372626498438024,1.58311,0.7054474,32,0.3855421686746988,445649.5293628847,5696611.181149604,474.1197498082602,0.43285829143133014,-0.03596391621977091,-0.16125605111477626,-32.735563976231646,0.29971061105060814,-0.25135854758036197,-1.497368575970711,-0.3495188802108089,-2.437262906182667,1.58311,0.7054474,445649.09650459327,5696611.21711352,474.281005859375,-31.238195400260935,0.6492294912614067,2.185904358602319,267,frame_000267.png
799,896,799,90,0.11264080100125157,61,0.6777777777777778,90,43,0.4777777777777778,445649.5801456882,5696611.091315733,474.09791712914637,0.4687190045369789,-0.11764655448496342,-0.1844620212442578,-32.719414485847224,0.992551538466307,-0.7961861347538863,-1.459313910691236,0.20534779142752768,-3.214294757048407,1.7011032,0.72864217,43,0.4777777777777778,445649.5801456906,5696611.091315739,474.0979171290842,0.468719006923493,-0.11764654889702797,-0.1844620213064445,-32.71941448318415,0.9925515348396884,-0.7961860998040631,-1.4593139080281787,0.20534778780091756,-3.214294722098572,1.7011032,0.72864217,445649.11142668367,5696611.208962288,474.2823791503906,-31.260100575155978,0.78720374703877,2.4181086222945067,268,frame_000268.png
790,889,790,94,0.1189873417721519,62,0.6595744680851063,94,39,0.4148936170212766,445649.4056304677,5696611.01733263,474.1423931312512,0.30227013275725767,-0.17767499666661024,-0.1447467613269282,-32.796270466272745,0.29124524210352526,-0.9973346659170288,-1.6291919377837871,-0.5975695841428887,-2.7467189155384517,1.7276983,0.73000103,39,0.4148936170212766,445649.4056304675,5696611.01733263,474.1423931312672,0.3022701325826347,-0.17767499666661024,-0.14474676131089836,-32.79627046647636,0.2912452412890275,-0.997334667364276,-1.6291919379874003,-0.5975695849573981,-2.746718916985685,1.7276983,0.73000103,445649.10336033494,5696611.195007627,474.2871398925781,-31.167078528488954,0.8888148262464176,1.7493842496214234,269,frame_000269.png
785,919,785,92,0.11719745222929936,71,0.7717391304347826,92,42,0.45652173913043476,445649.5186394247,5696611.283310617,474.1249617327847,0.47036183800082654,0.06572763621807098,-0.17209637268410916,-33.07324680948382,0.9529990158351279,0.4736371532636874,-1.486911389754141,-0.4150128851906345,-1.7199412792276405,1.7300417,0.7776019,42,0.45652173913043476,445649.5186394656,5696611.28331063,474.12496173020423,0.47036187892081216,0.06572764925658703,-0.172096375264573,-33.07324678291952,0.9529991947188663,0.4736373697312445,-1.4869113631898472,-0.41501270630689646,-1.7199410627600855,1.7300417,0.7776019,445649.0482775867,5696611.217582981,474.2970581054688,-31.58633541972968,1.3680119010257712,2.1935784324913374,270,frame_000270.png
747,883,747,81,0.10843373493975904,49,0.6049382716049383,81,34,0.41975308641975306,445649.52551986603,5696611.398487222,474.1573387362634,0.49154259491479024,0.16652860026806593,-0.134775521549102,-32.736776886616546,0.5994467941409745,1.5361019259443278,-1.2239145944706422,-0.7845133377747686,-0.24029141782162355,1.792157,0.75499743,34,0.41975308641975306,445649.5255198836,5696611.398487222,474.1573387342466,0.49154261249350384,0.16652860026806593,-0.1347755235659065,-32.73677688098467,0.5994468887872201,1.5361019898170998,-1.2239145888387668,-0.7845132431285435,-0.24029135394883383,1.7921572,0.7549975,445649.0339772711,5696611.231958622,474.2921142578125,-31.51286229214591,1.3839601319157562,1.7763933437659434,271,frame_000271.png
798,905,798,84,0.10526315789473684,58,0.6904761904761905,84,43,0.5119047619047619,445649.4586470987,5696611.3075871775,474.11937596644236,0.47781844617566094,0.06620776280760765,-0.18933985387013763,-32.814467258724534,1.3299026043656847,1.2410776553036482,-1.4620763673562749,-0.45705588956323595,-0.2836652090625478,1.5271302,0.63995,43,0.5119047619047619,445649.4586470976,5696611.307587177,474.11937596652393,0.4778184450697154,0.06620776187628508,-0.18933985378856732,-32.81446725925645,1.3299025995271896,1.2410776488100446,-1.4620763678881872,-0.45705589440171934,-0.283665215556141,1.5271302,0.63995,445648.9808286525,5696611.241379415,474.3087158203125,-31.352390891368263,1.7869584939289112,1.524742864366182,272,frame_000272.png
763,867,763,86,0.1127129750982962,60,0.6976744186046512,86,38,0.4418604651162791,445649.7029916599,5696611.373747771,474.0839946613158,0.7289424312184565,0.1279219090938568,-0.23006173516859008,-32.86326628659906,3.1122903509497637,2.391287684146061,-1.5530271746397943,0.8040813853701252,0.7710760148092675,1.6047969,0.681219,38,0.4418604651162791,445649.70299195976,5696611.373747966,474.0839946297424,0.7289427310461178,0.12792210467159748,-0.23006176674198286,-32.86326616426558,3.1122913311180724,2.391289847247195,-1.5530270523063052,0.8040823655384202,0.7710781779103968,1.604796,0.6812192,445648.9740492287,5696611.245825862,474.3140563964844,-31.310239111959266,2.308208965579641,1.6202116693367994,273,frame_000273.png
759,894,759,88,0.11594202898550725,67,0.7613636363636364,88,35,0.3977272727272727,445649.41285164,5696611.084162419,474.12232582147413,0.4415119652985595,-0.16730363946408033,-0.1899910730571719,-32.751197154795776,2.3206383529349908,-0.08244343914812637,-1.5540642189510834,0.2512072237044265,-1.469711275516687,1.7468294,0.7208877,35,0.3977272727272727,445649.41285163944,5696611.084162419,474.1223258215053,0.4415119647164829,-0.16730363946408033,-0.1899910730260217,-32.751197155053745,2.320638351038272,-0.08244344340432734,-1.5540642192090672,0.2512072218077037,-1.4697112797728948,1.7468294,0.7208877,445648.9713396747,5696611.251466058,474.3123168945313,-31.197132935844685,2.0694311292305634,1.3872678363685595,274,frame_000274.png
762,875,762,93,0.1220472440944882,66,0.7096774193548387,93,42,0.45161290322580644,445649.44555496686,5696611.167908644,474.1200426847119,0.4724393529468216,-0.08710508327931166,-0.1923657625537203,-32.695585558539804,1.7649167749822532,0.1639673862216727,-1.4939391415546766,0.08090886792319907,-1.5192621902901635,1.7794199,0.6942159,42,0.45161290322580644,445649.44555495895,5696611.167908638,474.1200426850556,0.4724393450305797,-0.08710508979856968,-0.19236576221004498,-32.695585563133164,1.7649167521022122,0.16396732588000654,-1.4939391461480227,0.08090884504315454,-1.51926225063184,1.7794199,0.6942159,445648.9731156139,5696611.255013728,474.3124084472656,-31.201646416985135,1.6840079070590626,1.6832295765118446,275,frame_000275.png
780,870,780,83,0.1064102564102564,57,0.6867469879518072,83,42,0.5060240963855421,445649.45783987275,5696611.228328464,474.12221514155885,0.47231437609298155,-0.03564042132347822,-0.18384564945677084,-32.8919713931394,1.594150356075819,0.02294347711815255,-1.5593379336897328,-0.09718968403441863,-2.090478417148489,1.6207285,0.6946377,42,0.5060240963855421,445649.45783987327,5696611.228328464,474.12221514158836,0.4723143766168505,-0.03564042132347822,-0.1838456494272691,-32.891971392658554,1.594150357108159,0.022943482120974235,-1.559337933208866,-0.0971896830020853,-2.0904784121456714,1.6207285,0.6946377,445648.98552549665,5696611.263968885,474.3060607910156,-31.33263345944968,1.6913400401102487,2.1134218942666436,276,frame_000276.png
771,888,771,97,0.125810635538262,66,0.6804123711340206,97,39,0.4020618556701031,445649.47503752785,5696611.522053284,474.10757785305873,0.4855828919680789,0.2552153877913952,-0.19869656100377142,-32.67137044761681,1.0407856731009621,1.5368572530166056,-1.3497072007193367,-0.949491492004455,-0.6832484338151232,1.7206494,0.78448486,39,0.4020618556701031,445649.475037528,5696611.522053284,474.1075778530452,0.4855828921427019,0.2552153877913952,-0.19869656101730016,-32.67137044749198,1.0407856734448497,1.5368572542335153,-1.3497072005945085,-0.9494914916605524,-0.6832484325982193,1.7206494,0.78448486,445648.9894546359,5696611.266837896,474.3062744140625,-31.32166324689747,1.9902771651054156,2.2201056868317357,277,frame_000277.png
779,922,779,93,0.11938382541720154,63,0.6774193548387096,93,43,0.46236559139784944,445649.7751767269,5696613.521047742,457.3551182016009,0.7791485537891276,2.2500914009287953,-16.94947774566475,148.1011735010555,-4.982168872008598,14.28340676535914,179.33708453442864,-6.716138981679677,12.506262524954252,12.122065,7.0841565,43,0.46236559139784944,445649.4439043548,5696611.300646163,474.12317788667076,0.44787618168629706,0.029689821414649487,-0.18141806059486498,-32.81518169407383,1.2570328296095241,0.6378685181816757,-1.5792706607007005,-0.47693728006154856,-1.1392757222232035,1.7151432,0.66446185,445648.99602817313,5696611.270956341,474.3045959472656,-31.23591103337313,1.733970109671085,1.777144240404874,278,frame_000278.png
801,870,801,94,0.11735330836454431,74,0.7872340425531915,94,46,0.48936170212765956,445649.4899097045,5696611.2579518845,474.1171262785244,0.47975787037285045,-0.010869248770177364,-0.17868060624124382,-32.765882285183324,1.6022198590062182,0.29215020848678563,-1.5309078740501718,-0.12957684221322552,-1.6882240840851352,1.8014203,0.7595161,46,0.48936170212765956,445649.48990970716,5696611.2579518845,474.11712627825307,0.47975787305040285,-0.010869248770177364,-0.17868060651255746,-32.76588228453182,1.6022198730664008,0.2921502187203556,-1.5309078733986894,-0.12957682815303428,-1.6882240738515577,1.8014203,0.7595161,445649.0101518341,5696611.268821133,474.2958068847656,-31.234974411133145,1.7317967012194329,1.9803742925719265,279,frame_000279.png
787,870,787,94,0.11944091486658195,63,0.6702127659574468,94,41,0.43617021276595747,445649.4901695592,5696611.269322327,474.13259286401956,0.4784292913391255,0.002559318207204342,-0.16293936254294294,-32.591848866236596,1.6675121914537134,0.47575430235233956,-1.4410561744890629,-0.1803047453088027,-1.3582422394057403,1.7191159,0.694001,41,0.43617021276595747,445649.4901695583,5696611.269322326,474.13259286404667,0.47842929046601057,0.0025593172758817673,-0.16293936251582863,-32.59184886682215,1.6675121892107765,0.4757542955658316,-1.441056175074607,-0.18030474755175874,-1.3582422461922476,1.7191159,0.694001,445649.01174026786,5696611.266763009,474.2955322265625,-31.150792691747544,1.84781693676253,1.8339965417580875,280,frame_000280.png
772,838,772,77,0.09974093264248704,53,0.6883116883116883,77,30,0.38961038961038963,445649.39156061213,5696611.270419092,474.1031479012799,0.37308962433598936,0.004099770449101925,-0.18911894442322819,-32.94819721986801,1.1853400124320737,-0.4649381156007381,-1.6507271579346536,-0.7441360683971254,-2.8209092714048722,1.5171123,0.7924602,30,0.38961038961038963,445649.3915606121,5696611.270419092,474.1031479012889,0.3730896242777817,0.004099770449101925,-0.18911894441424693,-32.948197219934244,1.185340012364839,-0.46493811638782967,-1.6507271580009046,-0.7441360684643712,-2.8209092721919546,1.5171123,0.7924602,445649.0184709878,5696611.2663193215,474.2922668457031,-31.297470061933346,1.9294760808292069,2.355971155804131,281,frame_000281.png
761,838,761,94,0.12352168199737187,68,0.723404255319149,94,37,0.39361702127659576,445649.706562507,5696611.402347292,474.07822847656325,0.6856272954610176,0.13432723470032215,-0.21562528320237107,-33.13461684028136,1.8418799900874154,0.9826802962190379,-1.5912825262284116,0.4265893722630665,-1.8166016395940403,1.5702354,0.7169241,37,0.39361702127659576,445649.7065625067,5696611.402347291,474.0782284765847,0.6856272951117717,0.13432723376899958,-0.2156252831809411,-33.13461684049426,1.841879989390742,0.9826802932883342,-1.5912825264413186,0.42658937156639354,-1.8166016425247449,1.5702354,0.7169241,445649.02093521156,5696611.268020057,474.2938537597656,-31.543334314052938,1.415290617824347,2.7992819358130676,282,frame_000282.png
767,873,767,85,0.11082138200782268,62,0.7294117647058823,85,34,0.4,445649.2988076141,5696611.1852578875,474.14523652350357,0.2642397480085492,-0.0752465957775712,-0.14294096673080503,-33.06298694232756,0.7317698155946977,-0.8502938997612761,-1.6872378165804207,-1.1334608477269512,-2.794056796630059,1.4675207,0.6588781,34,0.4,445649.2988076117,5696611.185257886,474.14523652369365,0.2642397456220351,-0.07524659764021635,-0.14294096654072064,-33.062986943802414,0.7317698073282369,-0.8502939161709955,-1.68723781805528,-1.1334608559934054,-2.794056813039788,1.4675207,0.6588781,445649.03456786607,5696611.260504483,474.2881774902344,-31.37574912574714,1.8652306633216484,1.9437628968687863,283,frame_000283.png
779,891,779,91,0.11681643132220795,63,0.6923076923076923,91,43,0.4725274725274725,445649.5567990179,5696611.1852887105,474.09011828002934,0.5093873045989312,-0.07663569692522287,-0.19396985473628092,-33.07962208770246,2.0997970655295655,-1.6295718334701514,-1.6266720778050967,0.29311241061824944,-5.246479913900032,1.828901,0.7398246,43,0.4725274725274725,445649.5567989786,5696611.185288713,474.09011828540343,0.5093872653087601,-0.07663569413125515,-0.19396984936219042,-33.07962209562653,2.099796838344914,-1.6295719588636999,-1.6266720857291546,0.2931121834336068,-5.246480039293601,1.828901,0.7398246,445649.0474117133,5696611.261924407,474.2840881347656,-31.45295000989738,1.8066846549113098,3.6169080804298925,284,frame_000284.png
792,854,792,88,0.1111111111111111,57,0.6477272727272727,88,37,0.42045454545454547,445649.46409483143,5696611.143952409,474.0961183091907,0.4121825657202862,-0.11907614581286907,-0.18235459119995312,-32.93088442432504,1.5046209790788188,-1.7223404796627135,-1.5550337330201387,-0.13592428487916663,-4.87367045065821,1.555201,0.760784,37,0.42045454545454547,445649.4640948314,5696611.143952409,474.0961183091911,0.41218256566207856,-0.11907614581286907,-0.18235459119949837,-32.93088442432954,1.5046209790098337,-1.722340479692527,-1.5550337330246293,-0.13592428494814612,-4.873670450688024,1.555201,0.760784,445649.0519122657,5696611.263028555,474.2784729003906,-31.37585069130492,1.6405452639579794,3.1513299709954894,285,frame_000285.png
765,870,765,87,0.11372549019607843,61,0.7011494252873564,87,39,0.4482758620689655,445649.2956086045,5696611.271476626,474.13518209731217,0.23702761909225956,0.002384912222623825,-0.15101175034408243,-32.91127410696429,1.3408939300951586,-1.7043057092790044,-1.6217496393359738,-1.4518635136388696,-4.846393076778469,1.6576667,0.7457527,39,0.4482758620689655,445649.2956083536,5696611.2714764895,474.1351821165516,0.23702736821724102,0.0023847753182053566,-0.1510117311046315,-32.911274263573134,1.3408930240835308,-1.7043073675997515,-1.621749795944794,-1.4518644196504908,-4.84639473509921,1.6576667,0.7457527,445649.0585809854,5696611.269091714,474.28619384765625,-31.28952446762833,2.7927574437340295,3.1420873674994576,286,frame_000286.png
779,875,779,86,0.110397946084724,61,0.7093023255813954,86,37,0.43023255813953487,445649.53698065155,5696611.256763594,474.0944030987103,0.4784648230415769,-0.01958594098687172,-0.18104856144594805,-32.68420630714174,2.42962368483986,-2.019836736347879,-1.635440237859001,-0.019480304706064544,-6.224403040037714,1.719883,0.69241977,37,0.43023255813953487,445649.536980652,5696611.256763594,474.09440309866017,0.4784648235072382,-0.01958594098687172,-0.18104856149608395,-32.684206307048385,2.429623686906337,-2.019836734336172,-1.635440237765664,-0.019480302639607316,-6.224403038025997,1.719883,0.69241977,445649.0585158285,5696611.276349535,474.27545166015625,-31.04876606928273,2.449103989545932,4.204566303689834,287,frame_000287.png
814,868,814,90,0.11056511056511056,66,0.7333333333333333,90,35,0.3888888888888889,445649.2348672408,5696611.123711624,474.10850836724273,0.16207755322102457,-0.1615764359012246,-0.1546752265072655,-32.75804642931326,0.5955050876879696,-4.0085633854102305,-1.7448512182072022,-1.3250801037135886,-8.172428858081844,1.7677147,0.8112941,35,0.3888888888888889,445649.2348672408,5696611.123711624,474.1085083672411,0.16207755322102457,-0.1615764359012246,-0.15467522650891397,-32.75804642930611,0.595505087738509,-4.008563385327219,-1.74485121820004,-1.3250801036630548,-8.172428857998852,1.7677147,0.8112941,445649.0727896876,5696611.28528806,474.26318359375,-31.013195211106066,1.9205851914015653,4.163865472671623,288,frame_000288.png
787,880,787,97,0.12325285895806862,70,0.7216494845360825,97,44,0.4536082474226804,445649.4508805834,5696611.278067219,474.0840947702824,0.3482852575252764,-0.015201929956674576,-0.17420601096762311,-32.592895936423034,0.4821251767568677,-2.5334747145295267,-1.535430618399431,-0.8554009570844698,-6.776297437940684,1.9357971,0.6721794,44,0.4536082474226804,445649.4508805819,5696611.278067218,474.0840947703691,0.34828525607008487,-0.01520193088799715,-0.17420601088088006,-32.592895937163135,0.48212517016621176,-2.533474722302392,-1.5354306191395324,-0.8554009636751232,-6.7762974457135385,1.9357971,0.6721794,445649.10259532585,5696611.293269149,474.25830078125,-31.057465318023603,1.3375261338413438,4.242822723411152,289,frame_000289.png
827,872,827,100,0.12091898428053205,62,0.62,100,44,0.44,445649.5997450032,5696611.302888037,474.07598880792426,0.4857720091822557,0.009054603986442089,-0.1771239850445454,-32.88808274033355,0.5722611074197139,-2.0056441186198617,-1.6628867020725124,-0.22524824673115518,-6.327106931249546,1.6285881,0.6777394,44,0.44,445649.599745016,5696611.302888042,474.0759888059476,0.4857720219879411,0.009054609574377537,-0.17712398702121845,-32.88808273408286,0.5722611572131335,-2.005644037808077,-1.6628866958218396,-0.22524819693774134,-6.327106850437758,1.6285881,0.6777394,445649.11397299403,5696611.293833433,474.2531127929688,-31.225196038261032,0.7975093541508822,4.321462812629685,290,frame_000290.png
811,863,811,88,0.10850801479654747,63,0.7159090909090909,88,42,0.4772727272727273,445649.4340673248,5696611.1718579475,474.1040708678291,0.3087798851192929,-0.12189508136361837,-0.15056780404592018,-32.88566548509536,0.4035839454504075,-2.976515117698957,-1.6674156995005092,-0.720513475083493,-6.977573239885288,1.7687389,0.766084,42,0.4772727272727273,445649.43406732695,5696611.1718579475,474.10407086756317,0.30877988727297634,-0.12189508136361837,-0.1505678043118337,-32.88566548429983,0.4035839570217159,-2.976515109389504,-1.6674156987049855,-0.7205134635121908,-6.977573231575832,1.7687389,0.766084,445649.1252874397,5696611.293753029,474.254638671875,-31.218249785594846,1.1240974205339131,4.001058122186322,291,frame_000291.png
771,878,771,100,0.1297016861219196,74,0.74,100,37,0.37,445649.3138858072,5696611.101248448,474.13033358896695,0.18006782099837437,-0.17778079863637686,-0.1320565477518585,-32.68466151568248,0.10000592983559875,-3.686365322915286,-1.7330759883487588,-1.2765263333251085,-7.567620406014441,1.7173032,0.8228682,37,0.37,445649.3138858588,5696611.101248493,474.13033358801505,0.1800678726285696,-0.1777807530015707,-0.13205654870375838,-32.68466147469553,0.10000605352434028,-3.686364883283628,-1.7330759473618116,-1.2765262096363585,-7.567619966382779,1.7173032,0.8228682,445649.1338179862,5696611.279029246,474.2623901367188,-30.95158552733373,1.3765322631607022,3.8812550830991563,292,frame_000292.png
811,889,811,93,0.11467324290998766,66,0.7096774193548387,93,42,0.45161290322580644,445648.60270484246,5696612.282094981,457.168354276578,-0.5325455169077031,1.0072525767609477,-17.095317598422014,147.7142362093452,-8.493607670497683,0.5594966302465534,178.59738746206142,-9.68809803529669,-3.22042414434776,3.912148,2.1125185,42,0.45161290322580644,445649.7157718295,5696611.281888409,474.06831706432695,0.5805214701103978,0.007046004757285118,-0.19535481067305227,-32.34362655299662,1.5108351060843828,-1.1550123080465606,-1.4604753002804216,0.31634474128537704,-4.9349330826408675,1.9155166,0.6955497,445649.13525035937,5696611.274842404,474.263671875,-30.883151252716207,1.19449036479901,3.7799207745943133,293,frame_000293.png
805,888,805,104,0.12919254658385093,73,0.7019230769230769,104,41,0.3942307692307692,445649.5143760984,5696611.219834578,474.1213509495655,0.37470675841905177,-0.05121623072773218,-0.1441519801219897,-32.716693675591024,0.47028481209766937,-2.2511058564857445,-1.612405548738252,-0.5718071062245826,-6.094964099007484,1.7306801,0.7246507,41,0.3942307692307692,445649.51437609957,5696611.219834579,474.1213509494391,0.374706759583205,-0.05121622979640961,-0.14415198024840947,-32.7166936744951,0.4702848141259242,-2.2511058454318116,-1.612405547642311,-0.5718071041963242,-6.094964087953542,1.7306801,0.7246507,445649.13966934,5696611.271050809,474.2655029296875,-31.104288126852772,1.042091918322245,3.8438582425217307,294,frame_000294.png
790,859,790,81,0.10253164556962026,59,0.7283950617283951,81,30,0.37037037037037035,445648.955689672,5696610.997477367,474.1477231148948,-0.18890711554558948,-0.27248962316662073,-0.11729153354269783,-33.218703224158766,-2.557649145905636,-5.4545109324892165,-1.947197332070857,-2.975467326998114,-9.238763485873477,1.8355213,0.68919206,30,0.37037037037037035,445648.9556896708,5696610.997477366,474.1477231149104,-0.1889071167097427,-0.2724896240979433,-0.11729153352712274,-33.21870322551549,-2.557649149126692,-5.454510941639201,-1.9471973334275958,-2.9754673302191748,-9.238763495023477,1.8355213,0.68919206,445649.1445967875,5696611.26996699,474.2650146484375,-31.271505892087898,0.4178181810924689,3.7842525533842704,295,frame_000295.png
835,925,835,95,0.11377245508982035,57,0.6,95,33,0.3473684210526316,445649.68964507274,5696611.203102367,474.0769105687874,0.5273251803009771,-0.0478611858561635,-0.17580549566571335,-32.82108632804214,0.4028126190117647,-1.1485974748481123,-1.5758079454038239,0.29858908770205517,-4.516471854161836,1.7855023,0.6294133,33,0.3473684210526316,445649.68964507646,5696611.203102374,474.0769105685705,0.5273251840262674,-0.047861178405582905,-0.17580549588262784,-32.82108632171848,0.4028126114103462,-1.1485974170239823,-1.575807939080164,0.29858908010064056,-4.516471796337697,1.7855023,0.6294133,445649.16231989244,5696611.250963553,474.2527160644531,-31.24527838263832,0.10422353130970213,3.367874379313725,296,frame_000296.png
836,859,836,85,0.10167464114832536,55,0.6470588235294118,85,38,0.4470588235294118,445649.51748977473,5696611.253819554,474.11672767573924,0.34788195678265765,0.013577011413872242,-0.13043418949513352,-32.91484808590951,-1.026039187623873,-1.3830178670399227,-1.5085970161280784,-1.0310876448199338,-4.699322067943427,1.701059,0.7521978,38,0.4470588235294118,445649.51748977427,5696611.253819552,474.1167276759624,0.34788195631699637,0.013577009551227093,-0.13043418927196626,-32.91484808754798,-1.0260391840716745,-1.3830178789026992,-1.5085970177665615,-1.0310876412677317,-4.6993220798062225,1.701059,0.7521978,445649.16960781795,5696611.240242543,474.2471618652344,-31.40625106978143,0.00504845719605829,3.316304200903512,297,frame_000297.png
805,905,805,96,0.11925465838509317,62,0.6458333333333334,96,36,0.375,445649.62687608245,5696611.331482395,474.0892869448851,0.45662917458685115,0.10354013368487358,-0.16410050628678619,-32.87128018121016,-0.7169654187828655,-0.3890752157030508,-1.4726462953869373,-0.7116680522701415,-3.6516139006854473,1.6275591,0.67485476,36,0.375,445649.62687607476,5696611.331482388,474.0892869462781,0.4566291669034399,0.10354012716561556,-0.16410050489378136,-32.87128018946361,-0.7169654373975676,-0.3890752823226875,-1.4726463036404027,-0.7116680708848548,-3.6516139673050816,1.6275591,0.67485476,445649.17024690786,5696611.227942261,474.2533874511719,-31.398633885823212,-0.005297366512713785,3.262538684982391,298,frame_000298.png
784,906,784,82,0.10459183673469388,53,0.6463414634146342,82,31,0.3780487804878049,445649.7644299696,5696611.228535043,474.0760096309644,0.5971426843898371,0.04660126194357872,-0.19150745887935727,-32.6234314861479,0.11631918418871487,0.7528452393680156,-1.4704868481638016,0.30060747254924536,-1.4899684127724413,1.5799316,0.8037856,31,0.3780487804878049,445649.7644299693,5696611.228535043,474.0760096310023,0.5971426840987988,0.04660126194357872,-0.1915074588414427,-32.6234314864233,0.11631918332786244,0.7528452370428015,-1.470486848439208,0.3006074716883802,-1.4899684150976782,1.5799316,0.8037856,445649.1672872852,5696611.181933781,474.26751708984375,-31.152944637984096,-0.1842882883605305,2.242813652140466,299,frame_000299.png
799,904,799,85,0.10638297872340426,59,0.6941176470588235,85,35,0.4117647058823529,445649.7616476444,5696611.22018956,474.0916167641858,0.600670360319782,0.04969623684883118,-0.183316097142324,-32.63948474351198,0.21693134220808602,0.747409024348169,-1.5653739645058522,0.2083756517767199,-1.5865027861621854,1.9487534,0.81452394,35,0.4117647058823529,445649.76164764416,5696611.220189559,474.0916167641903,0.6006703600869514,0.0496962359175086,-0.18331609713783337,-32.63948474393159,0.2169313423787352,0.7474090210865285,-1.5653739649254703,0.20837565194736385,-1.5865027894238324,1.9487534,0.81452394,445649.1609772841,5696611.170493323,474.2749328613281,-31.07411077900612,0.00855569043137685,2.333911810510361,300,frame_000300.png
819,884,819,91,0.1111111111111111,62,0.6813186813186813,91,39,0.42857142857142855,445649.6254836715,5696611.1864967365,474.0991446815367,0.4701676733675413,0.01411800179630518,-0.18006064072892514,-32.7794972365255,0.4516755061778081,-0.7733288700409369,-1.4596160447751743,-0.22972041242459795,-3.859003989773896,1.8430713,0.62652254,39,0.42857142857142855,445649.6254836761,5696611.186496739,474.09914468112225,0.4701676779659465,0.014118004590272903,-0.1800606411433705,-32.779497232735196,0.45167552087127033,-0.773328836156286,-1.459616040984855,-0.2297203977311426,-3.85900395588925,1.8430713,0.62652254,445649.1553159981,5696611.172378735,474.2792053222656,-31.319881191750333,0.6813959186024197,3.085675119732954,301,frame_000301.png
795,889,795,94,0.11823899371069183,63,0.6702127659574468,94,39,0.4148936170212766,445649.5541600672,5696611.170175278,474.08561006798317,0.4570803657406941,-0.02976799849420786,-0.1890176175637066,-32.99379134113305,1.2911831575733002,-0.11952063885428757,-1.5685836550166243,-0.16148002486411883,-2.3918916660707907,1.5836263,0.69465655,39,0.4148936170212766,445649.55416006665,5696611.170175278,474.08561006802995,0.45708036521682516,-0.02976799849420786,-0.18901761751692447,-32.993791341363234,1.2911831559161184,-0.11952064247557219,-1.5685836552468118,-0.16148002652130344,-2.391891669692086,1.5836263,0.69465655,445649.09707970143,5696611.199943276,474.2746276855469,-31.425207686116433,1.452663182437429,2.2723710272165,302,frame_000302.png
762,918,762,95,0.12467191601049869,69,0.7263157894736842,95,34,0.35789473684210527,445649.6236475278,5696611.222876164,474.07021935311167,0.5478899581357837,0.014742431230843067,-0.20620886954458229,-32.96082027674797,2.4453878734014456,-0.13748897691367648,-1.5781236257478781,0.3591448546455922,-2.9275969225815572,1.7080039,0.71208507,34,0.35789473684210527,445649.6236475727,5696611.22287619,474.0702193500441,0.5478900030138902,0.014742457307875156,-0.20620887261213738,-32.96082025239352,2.4453880292794508,-0.13748867299091241,-1.578123601393429,0.3591450105235765,-2.9275966186587823,1.7080039,0.71208507,445649.0757575697,5696611.208133733,474.27642822265625,-31.382696651000092,2.086243018755867,2.7901079456678763,303,frame_000303.png
787,893,787,91,0.1156289707750953,64,0.7032967032967034,91,37,0.4065934065934066,445649.7123481281,5696611.194434531,474.05495828822404,0.6843207356869243,-0.025501455180346966,-0.23718648716658208,-32.864914884011746,3.277930839837346,-0.06425484462719046,-1.415641892321645,1.0983164475341312,-3.059343256994623,1.7658033,0.7077653,37,0.4065934065934066,445649.71234812815,5696611.194434531,474.0549582882147,0.684320735745132,-0.025501455180346966,-0.2371864871759044,-32.86491488397691,3.2779308400454625,-0.0642548439634423,-1.4156418922868,1.098316447742235,-3.059343256330891,1.7658033,0.7077653,445649.0280273924,5696611.219935986,474.2921447753906,-31.449272991690098,2.1796143923032236,2.995088412367441,304,frame_000304.png
802,880,802,84,0.10473815461346633,59,0.7023809523809523,84,38,0.4523809523809524,445649.2077081081,5696611.199643611,474.1375359572718,0.19578171038301662,-0.02760225161910057,-0.1574469528844702,-33.14089856045192,0.5208739102680103,-1.1294009647232535,-1.6355069565361475,-1.582007870034829,-3.5249053499038325,1.5746434,0.6452208,38,0.4523809523809524,445649.2077081077,5696611.19964361,474.13753595729503,0.195781709975563,-0.027602252550423145,-0.15744695286122123,-33.14089856067182,0.5208739087923057,-1.1294009670154603,-1.6355069567560463,-1.582007871510541,-3.5249053521960434,1.5746434,0.6452208,445649.01192639774,5696611.227245863,474.29498291015625,-31.505391603915772,2.1028817803028343,2.3955043851805757,305,frame_000305.png
810,903,810,79,0.09753086419753086,49,0.620253164556962,79,34,0.43037974683544306,445649.197105553,5696610.85224417,474.1194333875099,0.2002612857031636,-0.3802441516891122,-0.1791811144432245,-33.27751973221182,1.7645981180773551,-2.986086223178254,-1.7098147503741643,-0.37909737955089895,-5.248632228595284,1.7189462,0.7450244,34,0.43037974683544306,445649.19710555987,5696610.852244173,474.1194333869051,0.20026129257166758,-0.38024414889514446,-0.17918111504803846,-33.277519729039405,1.7645981459426525,-2.9860861823864897,-1.7098147472017615,-0.3790973516856013,-5.2486321878035085,1.7189462,0.7450244,445648.9968442673,5696611.232488322,474.2986145019531,-31.567704981837643,2.1436954976282583,2.2625460054170166,306,frame_000306.png
807,942,807,89,0.11028500619578686,60,0.6741573033707865,89,33,0.3707865168539326,445649.60635584174,5696611.343768221,474.06529838684503,0.6471028638770804,0.09577495604753494,-0.2282501971393458,-32.8156289708661,3.1838096093759427,1.155532957293297,-1.4811579644737662,0.49087140631681336,-1.220309317476591,1.7671564,0.7229075,33,0.3707865168539326,445649.6063558417,5696611.34376822,474.06529838685117,0.6471028638188727,0.09577495511621237,-0.2282501971332067,-32.81562897089111,3.1838096091850256,1.1555329567490267,-1.4811579644987773,0.49087140612590474,-1.2203093180208668,1.7671564,0.7229075,445648.95925297786,5696611.247993265,474.2935485839844,-31.334471006392334,2.692938203059127,2.375842274769885,307,frame_000307.png
770,907,770,87,0.11298701298701298,60,0.6896551724137931,87,46,0.5287356321839081,445649.3453091687,5696611.323300161,474.10847669041436,0.39610363164683804,0.06208757217973471,-0.18443102442938653,-32.81967449783341,2.171398400492675,-0.8066770321271955,-1.4911640919761453,-0.7774238590507707,-3.9836445635207838,1.9531444,0.6944051,46,0.5287356321839081,445649.3453091694,5696611.323300161,474.10847669041124,0.39610363234532997,0.06208757217973471,-0.1844310244325129,-32.819674497522755,2.171398402821778,-0.8066770275859434,-1.491164091665496,-0.7774238567216685,-3.9836445589795346,1.9531444,0.6944051,445648.94920553704,5696611.261212589,474.29290771484375,-31.328510405857266,2.9488222595434337,3.176967531393592,308,frame_000308.png
777,894,777,87,0.11196911196911197,64,0.735632183908046,87,38,0.4367816091954023,445649.42876320484,5696611.291535476,474.09045832230663,0.4512169801746495,0.020259669050574303,-0.1943622343339939,-32.61023290188569,1.2032404009786475,-1.540402469473682,-1.4615550782068567,-0.3902086581853439,-5.357607804790774,1.7896034,0.6936354,38,0.4367816091954023,445649.42876320553,5696611.291535476,474.0904583222534,0.45121698087314144,0.020259669050574303,-0.19436223438719935,-32.61023290171677,1.2032404050336092,-1.5404024674222523,-1.4615550780379465,-0.3902086541303902,-5.357607802739352,1.7896034,0.6936354,445648.97754622466,5696611.271275807,474.2848205566406,-31.14867782367883,1.593449059163993,3.817205335317096,309,frame_000309.png
782,888,782,91,0.11636828644501279,67,0.7362637362637363,91,36,0.3956043956043956,445649.660219124,5696611.327512119,474.1084622465798,0.6656549445469864,0.059238831512629986,-0.18014248974833436,-32.70950120968155,1.9195066052696026,-0.6218498338262785,-1.5925252609040683,0.5194461216065918,-4.513027242505814,1.7763914,0.71378267,36,0.3956043956043956,445649.660219129,5696611.327512122,474.1084622460246,0.6656549495528452,0.05923883430659771,-0.18014249030352403,-32.70950120722966,1.9195066247882542,-0.6218498032518384,-1.5925252584521559,0.5194461411252576,-4.513027211931387,1.7763914,0.71378267,445648.99456417945,5696611.268273287,474.2886047363281,-31.11697594877749,1.4000604836630097,3.8911774086795483,310,frame_000310.png
827,870,827,89,0.10761789600967352,65,0.7303370786516854,89,39,0.43820224719101125,445649.49342903047,5696611.31764119,474.13452701961717,0.4813105196808465,0.05028481315821409,-0.15502376163283316,-32.5213535766685,0.9046232507626178,-1.603731538790426,-1.4549951086519286,-0.40263564323569767,-5.710883073200307,1.639257,0.75004536,39,0.43820224719101125,445649.49342903047,5696611.31764119,474.1345270196218,0.4813105196808465,0.05028481315821409,-0.155023761628172,-32.52135357666225,0.9046232505460985,-1.6037315387805398,-1.4549951086456758,-0.40263564345221425,-5.710883073190416,1.639257,0.75004536,445649.0121185108,5696611.267356377,474.28955078125,-31.06635846801659,1.3072588939983072,4.107151534409869,311,frame_000311.png
802,875,802,84,0.10473815461346633,60,0.7142857142857143,84,35,0.4166666666666667,445178.5274147158,5697756.078602254,194.49592348284813,-470.53212354000425,1144.8048818092793,-279.7804437046519,51.57898799747039,-52.80776321165115,121.07903278712091,82.60524540339594,-54.01109531012099,116.8392098984383,470.76813,224.89723,35,0.4166666666666667,445649.58732213674,5696611.188478656,474.11674488330044,0.5277838809415698,-0.08524178899824619,-0.15962230419955858,-32.505892520163904,1.5982968858146773,-2.3102397452469696,-1.4796351142383628,0.39496478734483276,-6.550062633929599,1.6213741,0.66688275,445649.0595382558,5696611.273720445,474.2763671875,-31.02625740592555,1.2033320984698384,4.2398228886826175,312,frame_000312.png
789,902,789,90,0.11406844106463879,64,0.7111111111111111,90,36,0.4,445649.67501119344,5696611.297562173,474.0780828863012,0.6079295216477476,0.021944545209407806,-0.2022515863550325,-32.69520001661905,1.73239269650066,-1.1478945995896328,-1.5475700326606727,0.4528549996523452,-5.128926077191039,1.6500759,0.7006057,36,0.4,445649.6750111938,5696611.297562173,474.07808288626273,0.6079295219969936,0.021944545209407806,-0.20225158639351548,-32.695200016435955,1.7323926976951958,-1.147894597166304,-1.54757003247758,0.45285500084688124,-5.128926074767719,1.6500759,0.7006057,445649.0670816718,5696611.275617627,474.28033447265625,-31.147629983958378,1.279537696848317,3.981031477601416,313,frame_000313.png
797,905,797,84,0.1053952321204517,69,0.8214285714285714,84,40,0.47619047619047616,445649.43430004746,5696611.13832493,474.11441599312406,0.36131595744518563,-0.1402285136282444,-0.16103566703219485,-32.73565913295517,1.4081061230130505,-2.8515121809219677,-1.6154163846666734,-0.32455661948381476,-6.774897883782529,1.7395706,0.7140525,40,0.47619047619047616,445649.43430004775,5696611.13832493,474.1144159930689,0.36131595773622394,-0.1402285136282444,-0.16103566708733297,-32.73565913285473,1.408106125153269,-2.8515121805375525,-1.615416384566231,-0.3245566173436032,-6.7748978833981255,1.7395706,0.7140525,445649.07298409,5696611.278553444,474.27545166015625,-31.12024274828849,1.7326627424968668,3.923385702860567,314,frame_000314.png
818,862,818,94,0.11491442542787286,68,0.723404255319149,94,40,0.425531914893617,445649.44245265046,5696611.2224715,474.1203645615735,0.3614683580817655,-0.06970018520951271,-0.17001019428585096,-32.86355474455086,1.2922082113672193,-2.2222348523891267,-1.6104436266535629,-0.48465074299784305,-5.937112519190748,1.5380208,0.70838344,40,0.425531914893617,445649.4424526502,5696611.2224715,474.12036456156716,0.36146835784893483,-0.06970018520951271,-0.17001019429221742,-32.8635547448289,1.2922082115416573,-2.2222348553112834,-1.6104436269316125,-0.4846507428233906,-5.937112522112898,1.5380208,0.70838344,445649.0809842924,5696611.292171685,474.2903747558594,-31.253111117897287,1.776858954365062,3.7148776668016246,315,frame_000315.png
837,875,837,86,0.1027479091995221,56,0.6511627906976745,86,39,0.45348837209302323,445649.4643805944,5696611.238395613,474.14435767703986,0.389482454105746,-0.048677949234843254,-0.15218162960076143,-33.093175880911026,1.3061926896925122,-2.0533001805208104,-1.571775219728977,-0.37635521243748826,-5.835277786951593,1.8606933,0.73623294,39,0.45348837209302323,445649.46438059624,5696611.238395613,474.1443576770215,0.38948245596839115,-0.048677949234843254,-0.15218162961912185,-33.09317588000373,1.306192697603037,-2.053300170937242,-1.5717752188216991,-0.37635520452695914,-5.83527777736802,1.8606933,0.73623294,445649.0748981403,5696611.287073562,474.2965393066406,-31.52140066118204,1.6825479021299936,3.78197760643077,316,frame_000316.png
805,892,805,91,0.11304347826086956,59,0.6483516483516484,91,38,0.4175824175824176,445649.4993062239,5696611.219855499,474.12853623618867,0.42036893602926284,-0.06606549955904484,-0.1710548282644595,-33.01155319669528,1.0226743312614053,-1.61978625583176,-1.30826988842,-0.1043926351594564,-4.8084306671154025,1.6294029,0.685407,38,0.4175824175824176,445649.49930622487,5696611.2198554985,474.1285362360146,0.4203689370187931,-0.06606550049036741,-0.17105482843851405,-33.01155319694753,1.0226743409272556,-1.6197862590668322,-1.3082698886722426,-0.10439262549360251,-4.808430670350475,1.6294029,0.685407,445649.07893728785,5696611.285920999,474.2995910644531,-31.703283308275285,1.1270669664208612,3.188644411283643,317,frame_000317.png
781,879,781,89,0.11395646606914213,58,0.651685393258427,89,34,0.38202247191011235,445649.5749071835,5696611.274921481,474.1168544842171,0.49247474572621286,0.006744777783751488,-0.19393653140792821,-33.36180859222804,0.3979113366923845,-0.7238209952973779,-1.5647004842338674,-0.16187405345013417,-3.830111099175781,1.6283298,0.835706,34,0.38202247191011235,445649.5749071833,5696611.274921481,474.11685448424646,0.4924747455515899,0.006744777783751488,-0.19393653137854017,-33.36180859224464,0.39791133516615523,-0.7238209954194577,-1.5647004842504657,-0.16187405497635154,-3.830111099297852,1.6283298,0.835706,445649.08243243775,5696611.268176703,474.310791015625,-31.797108107994177,0.5597853901425209,3.106290103878408,318,frame_000318.png
793,891,793,90,0.11349306431273644,63,0.7,90,38,0.4222222222222222,445649.6251431545,5696611.332897646,474.1222242002195,0.5452406068216078,0.06667290069162846,-0.18597282126489745,-33.52164505077314,0.6239566141988218,-0.6626389730131748,-1.4088601062262,-0.00292325275637495,-4.185924501460818,1.8419272,0.73081475,38,0.4222222222222222,445649.62514315394,5696611.332897645,474.1222242002861,0.5452406062395312,0.06667289976030588,-0.18597282119827696,-33.52164505123198,0.6239566128969353,-0.662638977541258,-1.4088601066850401,-0.002923254058259772,-4.185924505988908,1.8419272,0.73081475,445649.0799025477,5696611.266224746,474.3081970214844,-32.11278494454693,0.6268798669552035,3.523285528447654,319,frame_000319.png
778,891,778,89,0.11439588688946016,62,0.6966292134831461,89,45,0.5056179775280899,445649.4916621882,5696611.18985354,474.1424775745674,0.41411818232154474,-0.07596994005143642,-0.16394942738571672,-33.69992317571535,1.3166687405070063,-1.3384044115957072,-1.4409069620966761,-0.28652664468933153,-4.29798419053725,1.6469204,0.80153966,45,0.5056179775280899,445649.4916621904,5696611.189853541,474.14247757447436,0.41411818453343585,-0.07596993912011385,-0.1639494274787694,-33.69992317420343,1.3166687458255077,-1.338404393761263,-1.4409069605847549,-0.2865266393708339,-4.297984172702797,1.6469204,0.80153966,445649.0775440059,5696611.26582348,474.3064270019531,-32.25901621361868,1.603195385196352,2.959579778941528,320,frame_000320.png
786,862,786,86,0.10941475826972011,49,0.5697674418604651,86,27,0.313953488372093,445650.0197513306,5696611.606027352,474.04229664750665,0.9536932347109541,0.33913921657949686,-0.27340769819647903,-33.61980206217241,3.067282805962046,3.4132245142417608,-1.336794284956568,1.2468289129499794,0.8150507752638134,1.5553186,0.78781605,27,0.313953488372093,445650.0197513114,5696611.6060273675,474.04229665094005,0.953693215502426,0.33913923241198063,-0.2734076947630797,-33.619802056610915,3.0672826436833094,3.4132245317783885,-1.3367942793950647,1.2468287506712272,0.8150507928004345,1.555319,0.78781587,445649.0660580959,5696611.266888135,474.3157043457031,-32.283007777215836,1.8204538930120808,2.5981737389779527,321,frame_000321.png
791,874,791,100,0.1264222503160556,74,0.74,100,37,0.37,445649.55303649185,5696611.261183767,474.1275226514109,0.5126583389355801,-0.016790028661489487,-0.19446831538596143,-33.723554824517606,2.139621361338713,-0.6680336658949232,-1.6119652363994987,0.10640241281450358,-3.7372727128643817,1.8430182,0.8057011,37,0.37,445649.5530364915,5696611.261183767,474.12752265144877,0.5126583385863341,-0.016790028661489487,-0.19446831534810372,-33.72355482460763,2.1396213596654676,-0.6680336672025714,-1.6119652364895103,0.1064024111412607,-3.737272714172036,1.8430182,0.8057011,445649.0403781529,5696611.277973795,474.3219909667969,-32.11158958811812,2.0332189485242123,3.069239046969468,322,frame_000322.png
770,881,770,87,0.11298701298701298,48,0.5517241379310345,87,37,0.42528735632183906,445649.44450714334,5696611.285053982,474.1375551121578,0.4128718978026882,-0.00798810925334692,-0.1841306788577981,-33.37736059380893,1.7811092259641579,-1.123520786019638,-1.469601798045204,-0.44283889535225285,-4.304262069341235,1.7950642,0.7068032,37,0.42528735632183906,445649.4445071426,5696611.285053982,474.1375551122045,0.4128718970459886,-0.00798810925334692,-0.18413067881112966,-33.377360594130806,1.7811092232642107,-1.1235207904605569,-1.46960179836708,-0.44283889805220156,-4.304262073782155,1.7950642,0.7068032,445649.03163524554,5696611.293042092,474.3216857910156,-31.907758795763716,2.2239481213164076,3.1807412833216047,323,frame_000323.png
784,894,784,94,0.11989795918367346,63,0.6702127659574468,94,39,0.4148936170212766,445649.24345638475,5696611.176033945,474.1607697484496,0.25288976915180683,-0.10984362941235304,-0.17904348397229342,-32.77913511496514,1.4012647712808595,-1.0452368083800303,-1.5438981614705654,-1.039799321998828,-3.021367212004577,1.688678,0.67965955,39,0.4148936170212766,445649.2434563904,5696611.176033949,474.16076974820817,0.25288977479794994,-0.10984362568706274,-0.17904348421370742,-32.77913511183469,1.4012647894578931,-1.0452367675487653,-1.543898158340113,-1.0397993038217805,-3.021367171173324,1.688678,0.67965955,445648.9905666156,5696611.285877574,474.3398132324219,-31.235236953494585,2.4410640932796857,1.9761304036245453,324,frame_000324.png
759,898,759,80,0.10540184453227931,51,0.6375,80,28,0.35,445649.3604603601,5696611.255706329,474.1456268594577,0.3773293530684896,-0.0228350767865777,-0.19064633390166819,-32.764500748717296,1.5236114606505144,-0.7391221012881496,-1.4002455370995222,-0.6776120925181601,-3.259024786129771,1.5380003,0.81790787,28,0.35,445649.36046031694,5696611.255706308,474.1456268617829,0.3773293098784052,-0.022835097275674343,-0.19064633157648814,-32.76450078255211,1.5236112998510145,-0.7391223700648352,-1.400245570934345,-0.6776122533176476,-3.259025054906459,1.5380003,0.81790787,445648.98313100706,5696611.278541406,474.3362731933594,-31.364255211617767,2.201223553168667,2.5199026848416217,325,frame_000325.png
783,895,783,82,0.10472541507024266,54,0.6585365853658537,82,32,0.3902439024390244,445649.4755145049,5696611.394121301,474.1751100334339,0.48167467588791624,0.12318433076143265,-0.13616926344110425,-32.8494260498226,1.3338058789595888,0.6509570835801768,-1.4085243502611604,-0.6349187385495725,-1.7962332157552225,1.5605304,0.6848498,32,0.3902439024390244,445649.4755145036,5696611.3941213,474.1751100334381,0.4816746746073477,0.12318432983011007,-0.13616926343689784,-32.84942605089287,1.333805875622278,0.6509570732719943,-1.4085243513314367,-0.634918741886878,-1.7962332260633787,1.5605304,0.6848498,445648.993839829,5696611.270936971,474.311279296875,-31.440901699561437,1.9687246175091575,2.4471902993353867,326,frame_000326.png
767,901,767,85,0.11082138200782268,58,0.6823529411764706,85,34,0.4,445649.5421558982,5696611.319202332,474.1061309168175,0.5472916976432316,0.05486694723367691,-0.20447699333874425,-33.07068257563489,1.6199894497024248,0.3883205540012223,-1.481842509481453,0.004518052152519658,-2.1265867506915583,1.7770097,0.7783462,34,0.4,445649.5421559952,5696611.319202359,474.1061309048633,0.5472917946754023,0.054866974242031574,-0.20447700529297208,-33.0706825331445,1.619989888627262,0.38832105505054154,-1.4818424669910542,0.004518491077362796,-2.12658624964223,1.7770097,0.7783462,445648.99486420053,5696611.264335385,474.31060791015625,-31.588840066153445,1.6154713975499109,2.514907304692783,327,frame_000327.png
789,890,789,97,0.1229404309252218,64,0.6597938144329897,97,38,0.3917525773195876,445648.5398698917,5696611.949189104,457.1719293121063,-0.46555624139728025,0.6952969105914235,-17.134650277737478,146.79818000921188,-6.4705630310033895,-0.24818515979626707,178.3626232624605,-8.204534520377706,-3.372015191328245,4.4176326,2.5872211,38,0.3917525773195876,445649.4277606234,5696611.180118178,474.1093417307298,0.4223344902857207,-0.07377401553094387,-0.19723785911395453,-33.213483806306044,1.4503324446259849,-1.355256974710007,-1.6490405530574321,-0.2836390447483268,-4.4790870062419685,2.049869,0.713378,445649.0054261331,5696611.253892194,474.30657958984375,-31.564443253248626,1.7339714893743112,3.1238300315319667,328,frame_000328.png
796,885,796,88,0.11055276381909548,49,0.5568181818181818,88,37,0.42045454545454547,445649.490544791,5696611.312608116,474.1254172407021,0.4667956672492437,0.0688481330871582,-0.17515038625100487,-32.852765534203115,0.6812289797240039,-0.11071337031585957,-1.359045532941252,-0.472739903433677,-2.8669627950224026,1.8564389,0.60834974,37,0.42045454545454547,445649.4905447904,5696611.312608115,474.125417240759,0.4667956666671671,0.06884813215583563,-0.1751503861941046,-32.852765535103345,0.6812289808300884,-0.11071337956400058,-1.3590455338414813,-0.47273990232761776,-2.8669628042705426,1.8564389,0.60834974,445649.02374912373,5696611.243759983,474.3005676269531,-31.493720001261856,1.1539688831576942,2.7562494247065477,329,frame_000329.png
766,902,766,82,0.10704960835509138,57,0.6951219512195121,82,34,0.4146341463414634,445649.35232310515,5696611.081754214,474.1428201074063,0.3133200094453059,-0.14535178150981665,-0.15756441407808097,-33.25350202858583,0.4394516626577463,-1.6945971637913542,-1.6687528677386467,-0.6215875055456479,-4.328258501651447,1.902419,0.64354205,34,0.4146341463414634,445649.3523231025,5696611.081754217,474.1428201078578,0.3133200067677535,-0.14535177871584892,-0.1575644136265737,-33.2535020280678,0.4394516362590205,-1.6945971546614438,-1.6687528672206042,-0.6215875319443853,-4.328258492521542,1.902419,0.64354205,445649.0390030957,5696611.227105996,474.3003845214844,-31.584749160847196,1.0610391682034082,2.6336613378600977,330,frame_000330.png
756,887,756,91,0.12037037037037036,48,0.5274725274725275,91,37,0.4065934065934066,445649.6728022154,5696611.282357788,474.07700424513786,0.6288247258053161,0.059697261080145836,-0.2263404814246428,-33.04203967107795,1.3899861212373064,0.6101904688671258,-1.4833980599297263,0.3843970651953441,-1.991946874323986,1.887206,0.68390495,37,0.4065934065934066,445649.67280221306,5696611.282357788,474.07700424540707,0.6288247234770097,0.059697261080145836,-0.22634048115543237,-33.042039671440506,1.38998610848696,0.6101904606982737,-1.4833980602922736,0.3843970524449958,-1.9919468824928401,1.887206,0.68390495,445649.0439774896,5696611.222660527,474.3033447265625,-31.558641611148236,1.0055890560419611,2.6021373431911146,331,frame_000331.png
770,878,770,102,0.13246753246753246,65,0.6372549019607843,102,40,0.39215686274509803,445649.49028401665,5696611.187010054,474.13449530778075,0.43421403504908085,-0.0361993545666337,-0.16375298323487186,-33.02658145084422,1.0616938133199616,-0.4686391418817927,-1.4513162251018628,-0.32030757181658487,-2.9216105442907008,1.6536735,0.7370513,40,0.39215686274509803,445649.490284001,5696611.187010081,474.1344953093383,0.43421401939122006,-0.03619932755827904,-0.16375298167730534,-33.02658143864024,1.061693634447446,-0.46863904747923013,-1.4513162128978934,-0.32030775068909634,-2.921610449888135,1.6536734,0.7370513,445649.0560699816,5696611.223209408,474.2982482910156,-31.575265225742363,1.3820013851365545,2.4529714024089193,332,frame_000332.png
780,878,780,92,0.11794871794871795,66,0.717391304347826,92,42,0.45652173913043476,445649.64673372294,5696611.216544507,474.09234578243024,0.5897948197671212,-0.008726338855922222,-0.20651286014788184,-33.24421876185795,1.947644258805966,0.1052700557900125,-1.5670695434986044,0.4654284225629226,-2.5073859373950143,1.85398,0.72460306,42,0.45652173913043476,445649.6467337229,5696611.216544507,474.092345782439,0.5897948197089136,-0.008726338855922222,-0.20651286013912795,-33.24421876183438,1.947644258406423,0.10527005601071611,-1.5670695434750428,0.4654284221633702,-2.5073859371742913,1.85398,0.72460306,445649.0569389032,5696611.225270846,474.2988586425781,-31.677149218359336,1.4822158362430544,2.6126559931850184,333,frame_000333.png
807,881,807,88,0.1090458488228005,67,0.7613636363636364,88,33,0.375,445649.5954937607,5696611.2928459095,474.1137640641863,0.5398057589773089,0.060965620912611485,-0.18500302565746551,-33.0435432409088,1.7424605927196206,0.02625580249882059,-1.5554063737817785,-0.0071757918905177576,-2.838009484142674,1.7451538,0.7019398,33,0.375,445649.59549374634,5696611.292845906,474.1137640656507,0.5398057446000166,0.060965617187321186,-0.18500302419306536,-33.04354324931321,1.7424605263114625,0.026255732069526184,-1.5554063821861916,-0.007175858298666071,-2.838009554571954,1.7451538,0.7019398,445649.05568800174,5696611.231880289,474.29876708984375,-31.48813686712701,1.749636384610135,2.864265286641481,334,frame_000334.png
783,861,783,87,0.1111111111111111,56,0.6436781609195402,87,30,0.3448275862068966,445649.26229334914,5696611.255220206,474.169570332101,0.2059851047815755,-0.00061760563403368,-0.1366125292271363,-32.82866152077013,0.7213538769643852,-2.0721109664037507,-1.4048182819953468,-1.5598614676255806,-5.4197563360098115,1.4159805,0.76454306,30,0.3448275862068966,445649.2622933373,5696611.255220199,474.1695703328749,0.20598509296542034,-0.0006176130846142769,-0.13661252845321314,-32.82866152875912,0.7213538396340579,-2.0721110527094524,-1.4048182899843482,-1.5598615049559044,-5.4197564223155155,1.4159805,0.76454306,445649.05630824436,5696611.255837812,474.3061828613281,-31.423843238774776,2.2812153445899592,3.3476453696060684,335,frame_000335.png
804,884,804,94,0.11691542288557213,64,0.6808510638297872,94,42,0.44680851063829785,445649.4946795312,5696611.254233187,474.14184394508527,0.4269381649210118,-0.007044114172458649,-0.1673601564772298,-33.04880316548192,0.9523630616447128,-1.0598565254506742,-1.5196755198024334,-0.39438171745356954,-4.1990925287486505,1.7349733,0.81395936,42,0.44680851063829785,445649.4946795318,5696611.254233186,474.1418439450301,0.4269381655030884,-0.007044115103781223,-0.16736015653242475,-33.048803165592695,0.9523630664796281,-1.0598565263723367,-1.5196755199132213,-0.3943817126186673,-4.19909252967031,1.7349733,0.81395936,445649.0677413663,5696611.261277301,474.3092041015625,-31.529127645679477,1.3467447790982916,3.1392360032979676,336,frame_000336.png
800,929,800,99,0.12375,69,0.696969696969697,99,34,0.3434343434343434,445649.4347844421,5696611.347737743,474.1475418901671,0.36186706356238574,0.0890372907742858,-0.16477500436423043,-32.99554750141878,0.06029861016971673,-0.5116109657600983,-1.4331910251867725,-1.1488628826007528,-3.3526889192100953,1.5799714,0.6401397,34,0.3434343434343434,445649.43478448543,5696611.347737777,474.1475418866849,0.36186710686888546,0.08903732523322105,-0.16477500784640142,-32.995547466367576,0.06029872820371843,-0.5116106213719058,-1.4331909901355857,-1.1488627645667577,-3.3526885748219115,1.5799714,0.6401397,445649.07291737857,5696611.258700452,474.3123168945313,-31.562356476231997,1.209161492770475,2.8410779534500006,337,frame_000337.png
797,886,797,86,0.10790464240903387,62,0.7209302325581395,86,38,0.4418604651162791,445649.47690246155,5696611.3283136375,474.14835653844136,0.3934267523000017,0.07479005306959152,-0.15712441858994453,-33.00453130596642,0.5863263641801518,-0.030764975250393685,-1.4134937084203614,-0.8718426147776199,-2.511402787492699,1.5554773,0.6752479,38,0.4418604651162791,445649.4769024641,5696611.328313638,474.14835653830704,0.39342675486113876,0.0747900540009141,-0.15712441872426552,-33.00453130448394,0.5863263734198517,-0.030764958786234368,-1.413493706937885,-0.8718426055378927,-2.5114027710285427,1.5554773,0.6752479,445649.08347570925,5696611.253523584,474.3054809570313,-31.59103759754606,1.4581689789577585,2.480637812242304,338,frame_000338.png
775,906,775,99,0.12774193548387097,65,0.6565656565656566,99,38,0.3838383838383838,445649.8030881675,5696611.463706489,474.08065638410596,0.7161807091906667,0.22730974853038788,-0.2286392701909108,-32.77878900947162,1.6892540651488004,2.1748270272702492,-1.374247293158902,0.34390087928744606,-0.15542016703739137,1.7929453,0.753944,38,0.3838383838383838,445649.80308816495,5696611.463706487,474.08065638454093,0.7161807066295296,0.22730974666774273,-0.22863926975594495,-32.77878901048764,1.6892540554856663,2.1748270105580616,-1.3742472941749213,0.3439008696242922,-0.15542018374958388,1.7929453,0.753944,445649.0869074583,5696611.23639674,474.3092956542969,-31.40454171631271,1.345353185861368,2.3302471943076353,339,frame_000339.png
745,876,745,86,0.11543624161073826,61,0.7093023255813954,86,36,0.4186046511627907,445649.35105641163,5696610.968800315,474.1615118013555,0.2586596811306663,-0.2629857547581196,-0.14216861856635887,-32.92923118557533,0.8347072151101103,-2.0936324756880174,-1.5854618449307907,-0.41907979789283445,-4.346760785989744,1.6118331,0.78025055,36,0.4186046511627907,445649.35105637606,5696610.9688002905,474.16151180465084,0.25865964556578547,-0.2629857789725065,-0.1421686152710322,-32.92923121007988,0.8347071049316476,-2.093632738313483,-1.5854618694353348,-0.41907990807129636,-4.346761048615207,1.6118331,0.78025055,445649.0923967305,5696611.231786069,474.3036804199219,-31.34376934064454,1.2537870130029365,2.2531283103017326,340,frame_000340.png
760,904,760,79,0.10394736842105264,53,0.6708860759493671,79,31,0.3924050632911392,445649.6667949078,5696611.200131218,474.1220103094003,0.5767787857912481,-0.01721194013953209,-0.18389789372469068,-32.879905299843955,1.4329492718828694,0.2629862340215196,-1.48978958360982,0.4311248788927742,-1.995120582357174,1.5745616,0.7541086,31,0.3924050632911392,445649.66679490876,5696611.200131218,474.1220103092811,0.5767787867225707,-0.01721194013953209,-0.18389789384389132,-32.879905299563575,1.4329492753918291,0.26298623950005523,-1.48978958332944,0.4311248824017184,-1.9951205768786338,1.5745616,0.7541086,445649.09001612203,5696611.217343158,474.305908203125,-31.39011571623413,1.0018243929900974,2.2581068163786866,341,frame_000341.png
770,901,770,88,0.11428571428571428,54,0.6136363636363636,88,32,0.36363636363636365,445649.1223090616,5696610.975883904,474.1625620123072,0.030564938439056277,-0.2380076078698039,-0.14191186464591965,-33.27615822379519,-0.7940177424287481,-2.8755445592632847,-1.7451717269368885,-1.8235523058837089,-5.160279531597524,1.6037538,0.64487547,32,0.36363636363636365,445649.1223090615,5696610.975883904,474.1625620123153,0.030564938380848616,-0.2380076078698039,-0.14191186463784788,-33.276158223861934,-0.7940177426197039,-2.875544559888325,-1.7451717270036227,-1.8235523060746743,-5.1602795322225745,1.6037538,0.64487547,445649.09174412314,5696611.213891512,474.3044738769531,-31.53098649685831,1.0295345634549635,2.284734972334243,342,frame_000342.png
798,901,798,84,0.10526315789473684,47,0.5595238095238095,84,31,0.36904761904761907,445649.15541568695,5696611.025150429,474.16654178297784,0.06266675208462402,-0.18696570303291082,-0.13359859788153017,-33.24529765971698,-0.6507775151436292,-2.4155392341531576,-1.5966141936046654,-1.7998013749445363,-4.615725273258761,1.9904175,0.6821978,31,0.36904761904761907,445649.1554156794,5696611.025150424,474.1665417833999,0.0626667445176281,-0.18696570862084627,-0.13359859745946778,-33.24529766601048,-0.6507775391289782,-2.4155392885457663,-1.5966141998981698,-1.7998013989298727,-4.615725327651347,1.9904175,0.6821978,445649.09274893487,5696611.2121161325,474.3001403808594,-31.64868346611231,1.149023859800893,2.2001860391055925,343,frame_000343.png
779,899,779,96,0.12323491655969192,71,0.7395833333333334,96,35,0.3645833333333333,445649.4243896486,5696610.93393688,474.12298717091574,0.33034159761155024,-0.2757814908400178,-0.17931995799057177,-33.48873115315392,1.0476896700162615,-1.8055175635203773,-1.6583301461088809,-0.060068225361419536,-3.9443119285514854,1.9428866,0.66775316,35,0.3645833333333333,445649.4243896576,5696610.933936885,474.12298717055285,0.3303416066337377,-0.2757814861834049,-0.17931995835346015,-33.48873114764809,1.0476897025336147,-1.8055175053947672,-1.6583301406030273,-0.06006819284405651,-3.944311870425878,1.9428866,0.6677531,445649.094048051,5696611.209718371,474.3023071289063,-31.830401007045054,1.1077578953776805,2.1387943650311074,344,frame_000344.png
777,888,777,95,0.12226512226512226,70,0.7368421052631579,95,36,0.37894736842105264,445649.6908312922,5696611.193610384,474.1142000476172,0.5948111615143716,-0.011496912688016891,-0.18545205199217207,-33.47997842931624,1.0911180896150698,0.8248146646843177,-1.3904783261163232,0.45935640659808996,-1.123012424888202,1.7922022,0.7772646,36,0.37894736842105264,445649.690831296,5696611.193610388,474.1142000471256,0.5948111652978696,-0.011496908962726593,-0.18545205248375396,-33.479978426599736,1.0911180977282626,0.8248146980260481,-1.390478323399833,0.45935641471126587,-1.1230123915464674,1.7922022,0.7772646,445649.0960201307,5696611.205107297,474.2996520996094,-32.08950010319991,0.6317616830169832,1.9478270895725098,345,frame_000345.png
795,888,795,98,0.12327044025157233,57,0.5816326530612245,98,37,0.37755102040816324,445649.33765957865,5696611.17785839,474.1662412322205,0.24221703031798825,-0.016086983494460583,-0.14281028145137498,-33.58529341241022,-0.3581797500737353,-0.44908331956557357,-1.3797262356727913,-1.3749576589462151,-2.285667942502613,1.6854763,0.69403267,37,0.37755102040816324,445649.3376595785,5696611.17785839,474.16624123223664,0.24221703014336526,-0.016086983494460583,-0.14281028143523145,-33.58529341256745,-0.35817975062255886,-0.44908332072238405,-1.3797262358300202,-1.3749576594950383,-2.2856679436594334,1.6854763,0.69403267,445649.09544254834,5696611.193945373,474.3090515136719,-32.20556717673744,1.0167779088724662,1.8365846229370448,346,frame_000346.png
791,906,791,96,0.1213653603034134,66,0.6875,96,31,0.3229166666666667,445649.60038765427,5696611.080407584,474.1278163048812,0.5090517505886964,-0.1089145801961422,-0.18379868535316746,-33.655628079661525,1.4417318846827014,0.10061201428916812,-1.519742477683451,0.3712418987146009,-1.6824841963869517,1.7540672,0.77513397,31,0.3229166666666667,445649.6003877075,5696611.080407559,474.1278162969653,0.5090518038487062,-0.10891460534185171,-0.18379869326906828,-33.65562808514497,1.4417322628628046,0.10061207651120145,-1.5197424831669082,0.3712422768946908,-1.6824841341649233,1.7540672,0.77513397,445649.0913359037,5696611.189322164,474.3116149902344,-32.135885601978075,1.0704899859681034,1.7830962106761223,347,frame_000347.png
778,896,778,87,0.11182519280205655,60,0.6896551724137931,87,38,0.4367816091954023,445649.80392721517,5696611.259693774,474.10136603026297,0.7182863285997882,0.07720162440091372,-0.20969964356515902,-33.33819232306899,2.2885887471496145,2.414259432790153,-1.3626097491907672,0.9244460094771796,1.1194158704341532,1.7883292,0.7211922,38,0.4367816091954023,445649.803927213,5696611.259693773,474.10136603052354,0.7182863264461048,0.07720162346959114,-0.2096996433045888,-33.338192324126936,2.288588739432422,2.4142594188758104,-1.3626097502487085,0.9244460017599749,1.1194158565198222,1.7883292,0.7211922,445649.08564088657,5696611.18249215,474.3110656738281,-31.97558257387823,1.3641427376724362,1.2948435623559997,348,frame_000348.png
751,873,751,80,0.10652463382157124,56,0.7,80,37,0.4625,445649.36758072994,5696611.124941581,474.15051084783966,0.29721428803168237,-0.07428908627480268,-0.15847963067596993,-33.50859783933769,1.300801047611908,-0.7399770419175525,-1.5455701442986935,-0.9056908300046018,-2.76760737034337,1.5591972,0.7984253,37,0.4625,445649.3675807293,5696611.124941581,474.15051084789957,0.2972142873913981,-0.07428908627480268,-0.15847963061605697,-33.5085978395974,1.3008010442165776,-0.7399770450116653,-1.5455701445583827,-0.9056908333999445,-2.767607373437471,1.5591972,0.7984253,445649.0703664419,5696611.199230667,474.3089904785156,-31.963027695039006,2.2064918776165174,2.0276303284258126,349,frame_000349.png
754,938,754,92,0.1220159151193634,63,0.6847826086956522,92,35,0.3804347826086957,445649.35879410163,5696611.116022171,474.1441773391491,0.2886997432215139,-0.08739099930971861,-0.16499624483526532,-33.53983034284875,0.7556375068540343,-0.8803463184060432,-1.6683925622354252,-0.855626297734716,-3.0098001921151365,1.7319989,0.870665,35,0.3804347826086957,445649.3587941028,5696611.116022171,474.144177339019,0.28869974438566715,-0.08739099930971861,-0.1649962449653799,-33.53983034289879,0.7556375150295234,-0.8803463172461862,-1.6683925622854474,-0.8556262895592397,-3.0098001909553034,1.7319989,0.870665,445649.0700943584,5696611.203413171,474.3091735839844,-31.871437780613334,1.6112638045887553,2.1294538737091053,350,frame_000350.png
735,895,735,85,0.11564625850340136,58,0.6823529411764706,85,34,0.4,445649.4411400683,5696611.158012328,474.1062889951725,0.37574068194953725,-0.045762924477458,-0.20111456928060534,-33.25063998625205,1.1565398933190123,-0.17249524918217207,-1.5383753029485376,-0.5303658141095013,-2.1096055842131705,1.6916196,0.6393853,34,0.4,445649.44114006835,5696611.158012328,474.1062889951706,0.3757406820077449,-0.045762924477458,-0.201114569282538,-33.250639986234894,1.1565398934330244,-0.1724952488346094,-1.5383753029313993,-0.5303658139954734,-2.1096055838656014,1.6916196,0.6393853,445649.06539938634,5696611.203775252,474.3074035644531,-31.7122646833035,1.686905707428506,1.9371103350309942,351,frame_000351.png
778,901,778,94,0.12082262210796915,68,0.723404255319149,94,41,0.43617021276595747,445649.4907869256,5696611.203103769,474.1186925270868,0.4223504249821417,-0.004247549921274185,-0.18202768775694267,-32.819351527987386,0.9339863321666654,-0.07910684420696584,-1.550180415908983,-0.42686515376951206,-2.244978324355145,1.6136268,0.744215,41,0.43617021276595747,445649.490786925,5696611.203103768,474.11869252710807,0.4223504244000651,-0.00424755085259676,-0.18202768773568323,-32.81935152852265,0.9339863306962494,-0.07910684944987247,-1.550180416444249,-0.4268651552399376,-2.244978329598041,1.6136268,0.744215,445649.0684365006,5696611.207351319,474.30072021484375,-31.269171112078414,1.3608514859361829,2.165871480148172,352,frame_000352.png
767,875,767,86,0.1121251629726206,53,0.6162790697674418,86,39,0.45348837209302323,445649.54233604006,5696611.26785325,474.12561853561766,0.4158468391979113,0.04177037160843611,-0.15599767531983844,-33.67378932426019,0.39456694093349076,-0.24954679314812583,-1.5567118307166652,-0.7248150770750783,-2.848765941442082,1.8306473,0.821114,39,0.45348837209302323,445649.54233604023,5696611.267853249,474.12561853544497,0.4158468393725343,0.04177037067711353,-0.15599767549252874,-33.67378932459982,0.3945669460816179,-0.24954679822860615,-1.5567118310562762,-0.7248150719269688,-2.848765946522576,1.8306473,0.821114,445649.12648920086,5696611.226082878,474.2816162109375,-32.11707749354353,1.1193820180085754,2.5992191482939626,353,frame_000353.png
781,884,781,93,0.11907810499359796,67,0.7204301075268817,93,39,0.41935483870967744,445649.5199276133,5696611.339031378,474.1367418972013,0.394972502021119,0.10577906481921673,-0.15714238014243165,-33.72160958600365,0.3618431495698707,0.4533708354732274,-1.4384493924040385,-1.0044639007340663,-1.6668832255693076,1.8407911,0.7713933,39,0.41935483870967744,445649.51992656535,5696611.339030904,474.1367419992241,0.3949714540503919,0.10577859077602625,-0.1571422781196361,-33.72161031575071,0.36183912221383113,0.45336440604634637,-1.438450122151096,-1.004467928090122,-1.6668896549961971,1.8407904,0.7713928,445649.1249551113,5696611.233252313,474.29388427734375,-32.28316019359961,1.3663070503039434,2.1202540610425484,354,frame_000354.png
789,895,789,88,0.11153358681875793,61,0.6931818181818182,88,33,0.375,445649.58575820475,5696611.260944286,474.1072216572634,0.45936589158372954,0.027056739665567875,-0.18568605758036938,-33.810146143690744,0.3415383508662122,0.13379297176971086,-1.429467678888443,-0.41513294489897135,-2.1315399660270202,1.6615344,0.74985844,33,0.375,445649.58575820294,5696611.260944286,474.1072216575212,0.45936588977929205,0.027056739665567875,-0.18568605732252763,-33.81014614462407,0.3415383433986492,0.13379296109402003,-1.4294676798217836,-0.4151329523665481,-2.1315399767026975,1.6615344,0.74985844,445649.12639231316,5696611.233887547,474.29290771484375,-32.38067846480229,0.7566712957651905,2.2653329377967224,355,frame_000355.png
812,866,812,82,0.10098522167487685,56,0.6829268292682927,82,33,0.4024390243902439,445649.62893583544,5696610.936359762,474.1002188461325,0.5043420673464425,-0.30157204903662205,-0.1820687515237296,-34.19010163249459,1.7910701437262846,-1.5471471947146591,-1.828994991860469,0.9551740479776356,-3.9299031927212695,1.4759464,0.7756346,33,0.4024390243902439,445649.6289358341,5696610.936359762,474.1002188462655,0.5043420660076663,-0.30157204903662205,-0.18206875139077283,-34.19010163294398,1.7910701352624134,-1.547147197650003,-1.8289949923098447,0.9551740395137642,-3.929903195656607,1.4759464,0.7756346,445649.1245937681,5696611.237931811,474.28228759765625,-32.36110664063413,0.8358960957486375,2.3827559980065995,356,frame_000356.png
785,861,785,86,0.10955414012738854,61,0.7093023255813954,86,36,0.4186046511627907,445649.32619275205,5696611.079088081,474.14031247735477,0.2108440543524921,-0.16449871845543385,-0.15109987616085618,-33.582312769632495,0.9273806126264796,-1.8449895445021067,-1.4530467306986452,-0.9739743432690773,-4.164165369118962,1.6162122,0.81498945,36,0.4186046511627907,445649.3261927544,5696611.079088084,474.1403124772699,0.21084405668079853,-0.16449871473014355,-0.1510998762457234,-33.58231276724846,0.9273806140047642,-1.844989518755543,-1.4530467283146322,-0.9739743418907949,-4.164165343372389,1.6162122,0.81498945,445649.1153486977,5696611.243586799,474.2914123535156,-32.12926603893384,1.9013549558955547,2.319175824616851,357,frame_000357.png
771,882,771,93,0.12062256809338522,58,0.6236559139784946,93,37,0.3978494623655914,445649.8313042208,5696611.24699367,474.0876754660375,0.7200909185921773,0.0035930462181568146,-0.21026764919685093,-33.22184704301578,2.050289288817824,0.1849789198996235,-1.41412998929502,1.0713072603535352,-2.7220421060183355,1.606815,0.7717629,37,0.3978494623655914,445649.8313042201,5696611.246993669,474.0876754661346,0.7200909178936854,0.00359304528683424,-0.21026764909976237,-33.22184704331149,2.050289286371897,0.18497891508208247,-1.4141299895907196,1.0713072579076197,-2.722042110835872,1.606815,0.7717629,445649.1112133022,5696611.243400624,474.2979431152344,-31.807717053720765,0.978982028464284,2.907021025917965,358,frame_000358.png
809,866,809,96,0.11866501854140915,71,0.7395833333333334,96,44,0.4583333333333333,445649.46868103975,5696611.262856249,474.10916550819917,0.36127445491729304,-0.09752982016652822,-0.18618361289458107,-57.78843491076006,0.8288198863813538,1.0027925375918572,-0.7808374332464041,-0.6137222615601274,-0.07415576683533232,1.9560696,0.673833,44,0.4583333333333333,445649.4686810384,5696611.262856248,474.10916550837703,0.36127445357851684,-0.0975298210978508,-0.18618361271671802,-57.788434911343174,0.828819883010016,1.002792529034736,-0.7808374338295039,-0.6137222649314538,-0.07415577539245533,1.9560696,0.673833,445649.10740658484,5696611.360386069,474.29534912109375,-57.007597477513656,1.4425421479414762,1.0769483044272021,359,frame_000359.png
788,850,788,115,0.14593908629441624,83,0.7217391304347827,115,45,0.391304347826087,445649.5525117455,5696610.986272693,474.1030692987345,0.4047925634076819,-0.5086513981223106,-0.18941117001548946,-80.86632134175647,1.4266657765381536,-1.0376413428105211,-1.6932417091097705,1.5892855108632205,-4.101353063205011,1.6825804,0.6145389,45,0.391304347826087,445649.5525117471,5696610.9862726955,474.1030692987622,0.4047925650374964,-0.5086513953283429,-0.18941116998780672,-80.86632134007638,1.42666576262693,-1.0376413296047284,-1.6932417074297064,1.5892854969520158,-4.101353049999233,1.6825804,0.6145389,445649.1477191821,5696611.494924091,474.29248046875,-79.17307963264669,-0.16261973432508087,3.0637117203944984,360,frame_000360.png
715,855,715,114,0.15944055944055943,76,0.6666666666666666,114,43,0.37719298245614036,445649.4538152279,5696611.238448642,474.1213251950122,0.2099087575916201,-0.3847731500864029,-0.14680224639408834,-103.93564421759994,2.1258618346717517,0.3897508527123942,-0.8747575331141206,0.38044812678541007,-1.0747529842314805,1.7809793,0.6839877,43,0.37719298245614036,445649.4538152299,5696611.238448643,474.12132519490933,0.20990875957068056,-0.3847731491550803,-0.14680224649697493,-103.93564421642849,2.1258618220971854,0.38975086339091897,-0.8747575319426915,0.38044811421085,-1.074752973552961,1.7809793,0.6839877,445649.2439064703,5696611.623221792,474.2681274414063,-103.06088668448581,1.7454137078863314,1.4645038369438699,361,frame_000361.png
700,806,700,88,0.12571428571428572,59,0.6704545454545454,88,28,0.3181818181818182,445649.5258555167,5696611.184343039,474.0933760572924,0.004394576710183173,-0.6135196005925536,-0.21060953841072205,-126.98427953246016,2.8103225984071565,2.678090602588069,-2.125879535254228,0.6679567981595085,2.352501379444078,1.8623682,0.7873717,28,0.3181818181818182,445649.52585551713,5696611.184343039,474.0933760572875,0.0043945771176368,-0.6135196005925536,-0.2106095384156106,-126.98427953197377,2.8103225935031935,2.678090602180145,-2.125879534767847,0.6679567932555415,2.3525013790361697,1.8623682,0.7873717,445649.52146094,5696611.79786264,474.3039855957031,-124.85839999720592,2.142365800247659,0.3255892231439814,362,frame_000362.png
943,819,943,113,0.11983032873807,81,0.7168141592920354,113,43,0.3805309734513274,445649.50692607777,5696611.578758264,474.13735078929693,-0.31676624063402414,-0.2244944041594863,-0.17871976734369355,-172.1867304681535,1.6262733209060085,3.789374419537713,-1.803351010067047,0.16565308894340092,5.924488418182989,1.9777167,0.740255,43,0.3805309734513274,445648.2874583095,5696612.548479592,457.16658974999103,-1.5362340089050122,0.7452269243076444,-17.149480806649592,8.513512435561326,8.827738942028217,-3.8579652246834857,178.89689189364776,7.367118710065597,-1.722851226038216,3.2765968,1.8634869,445649.8236923184,5696611.803252668,474.3160705566406,-170.38337945808647,1.4606202319626065,-2.135113998645269,363,frame_000363.png
847,835,847,93,0.10979929161747344,53,0.5698924731182796,93,38,0.40860215053763443,445649.73664376314,5696611.63948716,474.08062723990366,-0.3022853988222778,0.14796515181660652,-0.18899556283071206,150.2910232667017,-1.6840182714097462,2.0115372331431383,-1.8235076171743003,-0.62391452327671,3.074767953041942,1.7069972,0.72353387,38,0.40860215053763443,445649.7366437609,5696611.6394871585,474.0806272403691,-0.30228540109237656,0.14796514995396137,-0.18899556236527815,150.29102326511645,-1.6840182647610553,2.011537252561886,-1.8235076187595496,-0.6239145166280196,3.074767972460677,1.7069972,0.72353387,445650.03892916196,5696611.491522009,474.2696228027344,152.114530883876,-1.0601037481330378,-1.0632307198987971,364,frame_000364.png
867,820,867,95,0.10957324106113034,59,0.6210526315789474,95,34,0.35789473684210527,445649.8277418087,5696611.551784497,474.0221269067331,-0.1718374316697009,0.059283044189214706,-0.25424028076690774,150.1868120784083,-3.1298743954508574,2.7816972403515305,-1.725059797507157,-2.194313279455713,4.534763885331557,1.852538,0.78513694,34,0.35789473684210527,445649.8277418089,5696611.551784497,474.0221269067048,-0.1718374314950779,0.059283044189214706,-0.25424028079521577,150.18681207818113,-3.129874397730317,2.7816972422129362,-1.7250597977343318,-2.1943132817351625,4.534763887192952,1.852538,0.78513694,445649.9995792404,5696611.492501453,474.2763671875,151.91187187591547,-0.9355611159951469,-1.753066644980016,365,frame_000365.png
823,838,823,91,0.11057108140947752,60,0.6593406593406593,91,29,0.31868131868131866,445649.72260746046,5696611.665921033,474.0807278356668,-0.03944047127151862,0.1656075781211257,-0.24965546511452885,150.98173343163106,3.0100411753311413,0.13094584159256598,-1.2371660475228623,-1.9450727239774892,0.367803360313701,1.7065232,0.81038827,29,0.31868131868131866,445649.72260746034,5696611.665921033,474.0807278356863,-0.03944047138793394,0.1656075781211257,-0.24965546509503156,150.98173343147562,3.0100411757990497,0.13094584276183943,-1.2371660476783006,-1.9450727235095826,0.3678033614829701,1.7065232,0.81038827,445649.7620479317,5696611.500313455,474.3303833007813,152.21889947915392,4.955113899308638,-0.2368575187211399,366,frame_000366.png
827,876,827,107,0.1293833131801693,70,0.6542056074766355,107,36,0.3364485981308411,445648.85332581954,5696611.541750028,474.16197192742334,-0.6497701404732652,-0.025405419059097767,-0.20375072882666245,150.37208651907827,5.053643775770026,1.9470875595792567,-1.7518881609144614,-0.16135481445306254,0.9474956326872075,1.9262848,0.71384335,36,0.3364485981308411,445648.8533258246,5696611.541750024,474.16197192755385,-0.6497701354091987,-0.025405422784388065,-0.20375072869614996,150.37208651722534,5.05364373631517,1.9470875627472064,-1.7518881627673863,-0.16135485390790905,0.9474956358551481,1.9262848,0.71384335,445649.50309596,5696611.567155447,474.36572265625,152.12397467999273,5.214998590223085,0.9995919268920544,367,frame_000367.png
818,855,818,97,0.11858190709046455,68,0.7010309278350515,97,42,0.4329896907216495,445648.5669002119,5696611.74400023,474.18604866673905,-0.541507318674121,0.005863909609615803,-0.18507560083907038,150.47466099975176,3.8537547920148745,1.9280099908123935,-1.6163741706999986,0.07743092290382947,1.3419218172632554,1.8301991,0.726017,42,0.4329896907216495,445648.56690020976,5696611.744000228,474.18604866677475,-0.5415073208278045,0.0058639077469706535,-0.1850756008033727,150.474660997615,3.85375480041129,1.9280100046622592,-1.616374172836771,0.07743093130022771,1.341921831113126,1.8301991,0.726017,445649.1084075306,5696611.73813632,474.3711242675781,152.09103517045176,3.776323869111055,0.5860881735491381,368,frame_000368.png
788,843,788,101,0.1281725888324873,73,0.7227722772277227,101,35,0.3465346534653465,445646.90776642674,5696612.365941652,474.20405670381797,-1.0016777905984782,-0.027815056033432484,-0.1676779153226562,154.80240770974208,-5.5651920389930485,4.854226358749567,-1.897449849238086,2.3331839770541762,5.545768070975271,1.4876696,0.69396424,35,0.3465346534653465,445646.9077664206,5696612.365941647,474.2040567031043,-1.0016777967102826,-0.027815060690045357,-0.16767791603632531,154.80240771064948,-5.565192014796441,4.854226404592414,-1.8974498483306945,2.3331840012507996,5.545768116818124,1.4876696,0.69396424,445647.90944421734,5696612.393756708,474.3717346191406,156.69985755898017,-7.898376016047228,-0.6915417122256949,369,frame_000369.png
953,839,953,102,0.10703043022035677,75,0.7352941176470589,102,36,0.35294117647058826,445647.4637639405,5696612.580956574,474.2420472926669,-0.34416665066964924,0.060857923701405525,-0.13667585186442466,175.44610398134844,-6.19791001770413,4.324791283788344,-1.2989626287358362,-1.4507376752664811,7.24323973241016,1.7901781,0.64373773,36,0.35294117647058826,445645.8697594414,5696614.596156474,473.8406704153444,-1.9381711497553624,2.07605782430619,-0.5380527291869157,-173.53955230369382,3.685419808256358,-10.232592330750181,9.715381086221896,8.432592150694006,-7.314143882128349,46.726547,20.388557,445647.80793059117,5696612.52009865,474.3787231445313,176.74506661008428,-4.747172342437636,-2.9184484486218185,370,frame_000370.png
791,836,791,105,0.13274336283185842,79,0.7523809523809524,105,40,0.38095238095238093,445647.2586459913,5696612.286813471,474.17149845673816,-0.42786946368869394,-0.3838373860344291,-0.23029597685558656,-161.9482718774901,-1.80186428355956,8.127188353687595,-2.1545335124676512,-0.22383597234886565,12.673107845158341,1.7771156,0.7508399,40,0.38095238095238093,445647.2586459769,5696612.286813438,474.1714984522036,-0.42786947812419385,-0.3838374186307192,-0.2302959813901566,-161.94827189371713,-1.8018641210479147,8.127188539672611,-2.154533528694685,-0.22383580983722595,12.673108031143357,1.7771156,0.7508399,445647.686515455,5696612.670650857,474.40179443359375,-159.79373836502245,-1.5780283112106965,-4.545919491470734,371,frame_000371.png
820,858,820,112,0.13658536585365855,79,0.7053571428571429,112,39,0.3482142857142857,445647.3733952673,5696612.665802102,474.2697660258977,-0.06273972621420398,-0.13091641757637262,-0.14524251902417973,-139.2638468081853,-2.8319680172100843,3.798301013622066,-1.2539712976353883,-2.07173719609969,6.128433019955736,1.9275888,0.7030391,39,0.3482142857142857,445647.37339526735,5696612.665802103,474.26976602591526,-0.06273972615599632,-0.13091641664505005,-0.1452425190066151,-139.26384680810645,-2.831968018364394,3.79830101273869,-1.2539712975565465,-2.0717371972540093,6.128433019072361,1.9275888,0.7030391,445647.4361349935,5696612.796718519,474.4150085449219,-138.0098755105499,-0.7602308211103946,-2.330132006333681,372,frame_000372.png
796,862,796,109,0.13693467336683418,68,0.6238532110091743,109,44,0.4036697247706422,445647.2783818469,5696612.248953895,474.23285112904927,-0.04165757802547887,-0.5348913120105863,-0.17449750376323436,-116.58477399277278,0.7292520636202167,2.2043634870301827,-2.2607904615901475,0.39966073354534615,2.071388259443893,1.5736899,0.72835886,44,0.4036697247706422,445647.2783818464,5696612.248953894,474.2328511290442,-0.04165757854934782,-0.5348913129419088,-0.17449750376829343,-116.58477399329206,0.7292520695264028,2.2043634860020487,-2.260790462109412,0.3996607394515479,2.071388258415766,1.5736899,0.72835886,445647.3200394249,5696612.783845207,474.4073486328125,-114.32398353118265,0.3295913300748591,0.13297522758628696,373,frame_000373.png
800,863,800,110,0.1375,82,0.7454545454545455,110,38,0.34545454545454546,445647.4518281391,5696612.4315338945,474.1784749094693,0.3180223784293048,-0.19182127993553877,-0.226859563186963,-70.19835924623035,-0.07635648397321751,2.172605027320745,-0.29502286225016405,-1.506533773150494,1.701526631479453,1.871094,0.76493746,38,0.34545454545454546,445647.4518281391,5696612.4315338945,474.17847490946156,0.3180223784293048,-0.19182127993553877,-0.2268595631946937,-70.19835924622248,-0.07635648421542131,2.172605027308063,-0.29502286224229124,-1.5065337733927038,1.7015266314667485,1.871094,0.76493746,445647.13380576065,5696612.623355174,474.40533447265625,-69.90333638398019,1.4301772891772686,0.471078395841303,374,frame_000374.png
840,874,840,114,0.1357142857142857,71,0.6228070175438597,114,41,0.35964912280701755,445647.5549354547,5696612.186862993,474.24062657440606,0.47058982274029404,-0.16259830631315708,-0.17065882598456028,-47.09463273181805,0.426935991816553,1.2421097619791905,-1.1210960257523084,-0.2941392373894587,0.2275602470693059,1.7789474,0.7464693,41,0.35964912280701755,445647.5549354568,5696612.186862993,474.2406265746789,0.47058982483576983,-0.16259830631315708,-0.17065882571171187,-47.094632730637585,0.42693600127454284,1.242109771994502,-1.121096024571841,-0.29413922793145275,0.2275602570846047,1.7789474,0.7464693,445647.08434563194,5696612.349461299,474.4112854003906,-45.97353670606576,0.7210752292060071,1.0145495149098853,375,frame_000375.png
852,867,852,111,0.13028169014084506,76,0.6846846846846847,111,37,0.3333333333333333,445647.7601327668,5696612.325738216,474.2393882047077,0.594402051763609,0.12200813461095095,-0.1815712679485273,-31.533906418522438,0.7039426553004491,0.631704750798806,-1.1607938744440105,-0.05306472630809367,-1.6744296330246016,1.8394307,0.7001529,37,0.3333333333333333,445647.76013276976,5696612.3257382205,474.2393882043965,0.5944020547321998,0.12200813926756382,-0.181571268259745,-31.533906416117997,0.7039426577797128,0.6317047850127823,-1.1607938720395623,-0.05306472382883953,-1.674429598810633,1.8394307,0.7001529,445647.16573071503,5696612.203730081,474.42095947265625,-30.373112544078428,0.757007381608552,2.3061343838234176,376,frame_000376.png
883,870,883,96,0.1087202718006795,62,0.6458333333333334,96,37,0.3854166666666667,445647.98826314317,5696612.437713792,474.2520621022122,0.792227907339111,0.22482675965875387,-0.16004727278777864,-31.546309099367488,2.55927924228801,0.40054620169534155,-1.2095453227968846,0.673081250794894,-3.586911240131087,1.7482153,0.6644891,37,0.3854166666666667,445647.9882631431,5696612.437713792,474.2520621022256,0.7922279072809033,0.22482675965875387,-0.16004727277442043,-31.54630909939904,2.5592792423163813,0.40054620081554443,-1.2095453228284612,0.6730812508232589,-3.586911241010881,1.7482153,0.6644891,445647.19603523583,5696612.212887032,474.412109375,-30.33676377657059,1.8861979914931122,3.987457441826438,377,frame_000377.png
877,877,877,104,0.11858608893956671,68,0.6538461538461539,104,36,0.34615384615384615,445648.2565163713,5696612.596029479,474.2119754597793,0.9956667551305145,0.36971314158290625,-0.21362268475201063,-31.550175984691347,4.941434466638356,3.1332662331557417,-1.3438610872249228,1.3986294683469396,0.23892260275431454,1.8538895,0.6980129,36,0.34615384615384615,445648.2565159519,5696612.59602981,474.21197536477035,0.9956663357443176,0.36971347220242023,-0.21362277976095356,-31.550175899260726,4.941431058783892,3.133266666250376,-1.343861001794295,1.3986260604924894,0.23892303584895558,1.8538895,0.6980123,445647.26084961614,5696612.2263163375,474.4255981445313,-30.206314897466434,3.5428049982914107,2.89434363040143,378,frame_000378.png
887,852,887,97,0.10935738444193913,60,0.6185567010309279,97,27,0.27835051546391754,445647.97382837586,5696612.250371026,474.19388079243566,0.6694466460030526,0.034845481626689434,-0.2333653013143362,-31.71660245794838,6.206736779126956,0.6112353490062187,-1.5602178398792148,0.6088235850866965,-1.8129120402629155,1.8595155,0.7005936,27,0.27835051546391754,445647.9738283715,5696612.250371024,474.19388079213,0.669446641637478,0.034845479764044285,-0.23336530161998326,-31.716602457462624,6.206736758941272,0.6112353263917809,-1.5602178393934594,0.6088235649010016,-1.8129120628773308,1.8595155,0.7005936,445647.30438172986,5696612.215525544,474.42724609375,-30.156384618069165,5.597913194040257,2.42414738926912,379,frame_000379.png
867,845,867,97,0.1118800461361015,69,0.711340206185567,97,36,0.3711340206185567,445648.05200503167,5696611.979737825,474.1841542294322,0.6955819896538742,-0.20315077435225248,-0.2579844424428188,-31.351183623009256,10.802125971622559,-0.727553469833503,-1.210744804928197,1.3844896775916027,-3.2290244197747597,1.6578468,0.7043062,36,0.3711340206185567,445648.0520050293,5696611.979737827,474.1841542299545,0.6955819872673601,-0.20315077248960733,-0.25798444192048464,-31.351183624338926,10.80212595003586,-0.7275534647553196,-1.2107448062578783,1.3844896560049165,-3.229024414696596,1.6578468,0.7043062,445647.356423042,5696612.182888599,474.442138671875,-30.14043881808105,9.417636294030945,2.501470949941269,380,frame_000380.png
872,882,872,109,0.125,78,0.7155963302752294,109,38,0.3486238532110092,445646.84147155454,5696612.962815312,457.36614787296526,-0.6089747808873653,0.826137125492096,-17.088228347737868,148.34945505235675,-0.16957435780887323,1.339350653990157,178.60198425513659,-10.092567159994132,-0.5420790177077777,2.2842238,1.399536,38,0.3486238532110092,445647.99458958313,5696612.162975344,474.2251431628118,0.5441432477091439,0.026297157630324364,-0.2292330578913493,-31.623497204481865,9.32737005787153,0.8301531702525412,-1.3709680017020673,-0.5956227443137436,-1.0512765014453862,1.6744719,0.715629,445647.4504463354,5696612.136678186,474.4543762207031,-30.2525292027798,9.922992802185268,1.8814296716979213,381,frame_000381.png
812,881,812,98,0.1206896551724138,64,0.6530612244897959,98,26,0.2653061224489796,445648.3713716397,5696611.726523302,474.1335912547696,0.6088136936887167,-0.22062250599265099,-0.29679814952726247,-31.994762174314186,7.682300430448881,-0.29227251230116735,-1.2633227222363814,1.4247553410892237,-2.078836393276731,1.6327685,0.8370396,26,0.2653061224489796,445648.37137117237,5696611.726523378,474.1335913271772,0.6088132263394073,-0.22062242962419987,-0.2967980771196608,-31.994762208914736,7.682297472712129,-0.2922737369918378,-1.263322756836942,1.4247523833524554,-2.0788376179673946,1.6327668,0.83703923,445647.76255794603,5696611.947145808,474.4303894042969,-30.7314394520778,6.2575450893596685,1.786563880975571,382,frame_000382.png
795,847,795,103,0.12955974842767295,70,0.6796116504854369,103,33,0.32038834951456313,445648.4962214957,5696611.689075419,474.2082684016776,0.530817132035736,-0.1257152957841754,-0.21134829754117845,-32.293560680566706,3.1891516560773177,-0.376353562505382,-1.4111739891073398,-0.35140277433924894,-2.5330103589785153,1.8498516,0.729345,33,0.32038834951456313,445648.49622149504,5696611.68907542,474.2082684016272,0.5308171313954517,-0.12571529485285282,-0.21134829759159857,-32.293560680611364,3.189151650934297,-0.37635356162901407,-1.4111739891519903,-0.35140277948227094,-2.5330103581021604,1.8498516,0.729345,445647.96540436364,5696611.8147907145,474.4196166992188,-30.882386691459363,3.540554430416575,2.1566567964731442,383,frame_000383.png
747,898,747,108,0.14457831325301204,71,0.6574074074074074,108,39,0.3611111111111111,445648.7554985043,5696611.4673005175,474.20886855251064,0.5610302774584852,-0.20075734984129667,-0.20256943577066977,-32.18450756648649,2.1441313490809417,-0.6212486584386557,-1.4298047142565053,-0.38985769764011025,-2.6838527825280494,1.6730564,0.6620236,39,0.3611111111111111,445648.75549850205,5696611.4673005175,474.2088685526498,0.5610302751883864,-0.20075734984129667,-0.20256943563151708,-32.18450756737816,2.1441313369776993,-0.6212486668245009,-1.4298047151481796,-0.3898577097433531,-2.683852790913903,1.6730564,0.6620236,445648.19446822687,5696611.668057867,474.4114379882813,-30.75470285222999,2.5339890467210475,2.0626041240893933,384,frame_000384.png
744,872,744,104,0.13978494623655913,74,0.7115384615384616,104,37,0.3557692307692308,445649.2973158037,5696611.446031089,474.20560250413126,0.8688134266994894,-0.07196287903934717,-0.18908133375936131,-31.934569885735783,2.0685538140290416,1.6782504279447155,-1.3685025405466433,0.2206259122469305,0.11358884903231115,1.8003775,0.653418,37,0.3557692307692308,445649.2973158255,5696611.446031092,474.2056025029123,0.8688134484691545,-0.07196287624537945,-0.1890813349783116,-31.93456987812313,2.068553921738419,1.6782505227936382,-1.3685025329339737,0.22062601995631326,0.11358894388121143,1.8003775,0.653418,445648.428502377,5696611.517993968,474.3946838378906,-30.56606734518915,1.8479279017821153,1.5646615789124139,385,frame_000385.png
766,907,766,93,0.12140992167101827,66,0.7096774193548387,93,40,0.43010752688172044,445649.35016873083,5696611.107890219,474.20313936355205,0.4452568389242515,-0.09894927963614464,-0.19358915207294558,-31.83262235655472,0.9489426067544109,0.14180615072760214,-1.3970132591872186,-0.6427572375813213,-1.3119208024231739,1.6486499,0.7681199,40,0.43010752688172044,445649.35016872874,5696611.1078902185,474.2031393635848,0.4452568368287757,-0.09894928056746721,-0.19358915204020377,-31.832622357922407,0.9489425998254916,0.1418061360886656,-1.3970132605548997,-0.6427572445102214,-1.3119208170621164,1.6486499,0.7681199,445648.9049118919,5696611.206839499,474.396728515625,-30.435609097367497,1.591699844335724,1.4537269531507877,386,frame_000386.png
785,890,785,81,0.10318471337579618,55,0.6790123456790124,81,32,0.3950617283950617,445649.70211921,5696610.957630277,474.2481056359238,0.5597893998492509,-0.09835641365498304,-0.14248884649805404,-31.72419690828147,0.6901087380454116,0.3414121743696873,-1.3255245411133387,-0.5521412561898273,-1.327541525244385,1.639545,0.7280567,32,0.3950617283950617,445649.70211986866,5696610.95763076,474.2481055306915,0.5597900585271418,-0.09835593029856682,-0.14248895173039955,-31.724196509120407,0.6901107879474716,0.3414171237378466,-1.3255241419522577,-0.5521392062877624,-1.3275365758762234,1.639545,0.7280567,445649.1423298101,5696611.05598669,474.3905944824219,-30.398672367168146,1.2422499942352392,1.6689536996140737,387,frame_000387.png
777,875,777,82,0.10553410553410554,46,0.5609756097560976,82,22,0.2682926829268293,445650.2884449361,5696610.869105778,474.1559541241803,0.9157037019031122,-0.03933436702936888,-0.23930954769468826,-31.81980056026845,2.604699407400076,1.648061270634062,-1.3233546281046813,0.9401092284552135,-0.3093198268284709,2.0613718,0.71152586,22,0.2682926829268293,445650.28844492853,5696610.869105761,474.1559541245103,0.9157036943361163,-0.03933438379317522,-0.23930954736471222,-31.81980056366545,2.6046994243501995,1.6480611497995765,-1.3233546315016724,0.9401092454053526,-0.30931994766297066,2.061373,0.7115248,445649.3727412342,5696610.908440145,474.395263671875,-30.496445932163766,1.6645901789448487,1.9573810974625372,388,frame_000388.png
822,886,822,77,0.09367396593673966,56,0.7272727272727273,77,28,0.36363636363636365,445650.353217926,5696610.343538056,474.1836902728752,0.7464603673433885,-0.4315210869535804,-0.21654776423417843,-32.01719475884874,2.8627855622481357,-1.1713100340330302,-1.5299897705994567,0.9676617840387962,-3.1910536454661553,1.4679241,0.6397677,28,0.36363636363636365,445650.3532168022,5696610.343537046,474.1836903563194,0.7464592435280792,-0.43152209743857384,-0.21654768078997222,-32.01719521880982,2.8627827442666223,-1.1713194959420117,-1.5299902305605428,0.9676589660572859,-3.191063107375129,1.4679297,0.63977516,445649.60675755865,5696610.775059143,474.4002380371094,-30.487204988249268,1.8951237782093255,2.0197436114331238,389,frame_000389.png
743,860,743,86,0.11574697173620457,53,0.6162790697674418,86,28,0.32558139534883723,445651.10536273726,5696610.64619585,474.1891309929616,0.8507538361591287,0.26882173027843237,-0.21754625313212728,-31.751540982436662,2.5399163124360182,2.521005950801529,-1.0423015377186005,0.1890256326597921,0.13775534844677395,1.6855354,0.642317,28,0.32558139534883723,445651.1053627372,5696610.646195851,474.1891309929695,0.850753836100921,0.26882173120975494,-0.21754625312422604,-31.751540982390257,2.5399163120652033,2.5210059511347502,-1.0423015376721878,0.18902563228897407,0.13775534877999007,1.6855354,0.642317,445650.2546089011,5696610.37737412,474.40667724609375,-30.709239444718055,2.3508906797762252,2.3832506023547495,390,frame_000390.png
747,853,747,91,0.12182061579651941,59,0.6483516483516484,91,35,0.38461538461538464,445651.6662110376,5696610.099001211,474.1432197724688,0.9892965879407711,-0.034672162495553493,-0.2554923857343283,-32.41033567548147,4.1655178377863455,2.038344132407637,-1.5139397995749846,1.1716031739058508,0.0970383757061768,1.7287325,0.6803149,35,0.38461538461538464,445651.6662110361,5696610.09900121,474.14321977277564,0.989296586427372,-0.03467216342687607,-0.25549238542748753,-32.41033567547552,4.165517832338402,2.038344122489868,-1.5139397995690445,1.1716031684578923,0.09703836578842129,1.7287325,0.6803149,445650.67691444966,5696610.133673374,474.3987121582031,-30.89639587590649,2.993914663880507,1.9413057567014513,391,frame_000391.png
760,852,760,77,0.1013157894736842,54,0.7012987012987013,77,28,0.36363636363636365,445640.04452114017,5696551.310565628,400.6019405132575,-11.038670746143907,-58.56558125279844,-73.80714762150814,153.31748348278725,6.716398471783121,-48.591966404474825,-175.84472038220065,2.844129219449144,-50.28477335629947,374.89767,255.55554,28,0.36363636363636365,445651.62227281526,5696609.901459976,474.1896838560486,0.5390809289528988,0.025313095189630985,-0.21940427871703605,-32.25199847214548,3.5847779901817116,0.9770291850258064,-1.4142023371333607,-0.2874912621522867,-0.7157777667988228,1.7947699,0.74594724,445651.0831918863,5696609.876146881,474.4090881347656,-30.837796135012113,3.8722692523339877,1.6928069518246287,392,frame_000392.png
714,853,714,85,0.11904761904761904,53,0.6235294117647059,85,27,0.3176470588235294,445652.2745574218,5696609.441908111,474.19628371850996,0.7622738081263378,-0.1796608343720436,-0.21204147680253982,-32.16377247015096,3.6035854013364443,-0.06558946824145764,-1.5414871866610724,0.8177109966480032,-2.364941372061395,1.731455,0.64215934,27,0.3176470588235294,445652.2745574218,5696609.441908111,474.19628371851036,0.7622738081263378,-0.1796608343720436,-0.21204147680214191,-32.16377247015271,3.603585401336837,-0.06558946825938652,-1.5414871866628062,0.8177109966484011,-2.364941372079329,1.731455,0.64215934,445651.5122836137,5696609.621568945,474.4083251953125,-30.622285283489898,2.7858744046884496,2.299351903819938,393,frame_000393.png
734,867,734,77,0.10490463215258855,53,0.6883116883116883,77,26,0.33766233766233766,445497.65297291474,5696541.740956342,166.61828065635814,-154.07539095246466,-67.75351233966649,-307.795079939345,144.26074784948042,-23.590461726422753,-33.71567432817772,175.02018110535056,-25.773394507409307,-36.22751080245098,391.45236,186.76279,26,0.33766233766233766,445652.6664090017,5696609.272063595,474.16555333246924,0.9380451344768517,-0.22240508627146482,-0.2478072632338808,-32.419864704489925,3.5628167683583354,0.09453354542959955,-1.6604314486197893,1.3798839873717554,-2.417302928843668,1.6961111,0.8318695,445651.7283638672,5696609.4944686815,474.4133605957031,-30.75943325587014,2.182932780986569,2.5118364742732586,394,frame_000394.png
682,890,682,84,0.12316715542521994,51,0.6071428571428571,84,29,0.34523809523809523,445368.95016495616,5696426.345559087,193.7020507198314,-283.23103242274374,-182.89889310207218,-280.70654913368423,147.5648882960595,-37.22028616832758,-54.964472602662596,178.4675172504102,-39.29450912268911,-57.97996727399979,353.492,160.67427,29,0.34523809523809523,445652.79676048283,5696609.135640207,474.20020910883886,0.615563103929162,-0.10881198197603226,-0.20839074467676255,-32.24707424208331,2.5909616957029145,-0.8575646254267942,-1.344445287732583,0.5167387413413849,-3.8730592967639836,1.5321196,0.68425226,445652.1811973789,5696609.244452189,474.4085998535156,-30.902628954350714,2.07422295436152,3.0154946713371986,395,frame_000395.png
698,842,698,69,0.0988538681948424,47,0.6811594202898551,69,24,0.34782608695652173,445653.24635426054,5696609.099289011,474.0828476664677,0.8517468218924478,-0.01651423517614603,-0.32828514603227177,-32.364275600020186,3.6107356185807538,0.5280010330121292,-1.4218268112642534,1.133723196668825,-2.4336958410464433,1.7969416,0.6711366,24,0.34782608695652173,445653.24635426083,5696609.09928901,474.08284766643914,0.8517468221834861,-0.016514236107468605,-0.328285146060864,-32.36427560007404,3.6107356216499955,0.5280010320536,-1.4218268113181125,1.1337231997380854,-2.4336958420049655,1.7969416,0.6711366,445652.39460743865,5696609.115803246,474.4111328125,-30.942448788755932,2.4770124219119234,2.9616968740585654,396,frame_000396.png
642,803,642,67,0.1043613707165109,42,0.6268656716417911,67,26,0.3880597014925373,445622.43325235695,5696698.669678576,916.0990265767839,-30.180818476888817,89.67486220691353,441.685727016237,-84.13766451509254,-2.843063519027114,169.05433574286468,-53.106019654022376,-5.177998082756204,165.97882330710047,427.24393,261.42328,26,0.3880597014925373,445653.6387256417,5696609.058177875,474.06448122032845,1.024654807872139,0.06336150597780943,-0.34881834021842906,-32.30152312134078,3.6488219566307176,1.3870960652337931,-1.269878260270616,1.31388739290162,-1.6884163705304331,1.7603269,0.58164865,445652.61407083384,5696608.994816369,474.4132995605469,-31.031644861070166,2.3349345637290853,3.07551243576424,397,frame_000397.png
713,823,713,73,0.10238429172510519,37,0.5068493150684932,73,22,0.3013698630136986,445656.9470420472,5696469.560199255,121.73282941733788,4.1246592803508975,-139.3072803011164,-352.6767164810996,152.92203191652595,3.1328998839507487,-29.03790875197807,-176.12930029277686,0.8724237102920256,-31.679307613302228,417.5159,178.06877,22,0.3013698630136986,445653.6749284669,5696608.706284653,474.1812785241586,0.8525457000359893,-0.16119490284472704,-0.2282673742789143,-32.50035447727888,2.980612240749834,0.03227125442068061,-1.5516866865816894,0.7201360670910901,-2.6091276069034848,1.8200698,0.7177307,445652.82238276687,5696608.867479556,474.4095458984375,-30.94866779069719,2.2604761736587324,2.6413988613241544,398,frame_000398.png
689,838,689,69,0.10014513788098693,31,0.4492753623188406,69,16,0.2318840579710145,445588.03104176454,5696589.636206961,227.8280060579087,-65.21137419017032,-18.98132640775293,-246.58425590498192,148.61675629232755,-22.515298331366562,-23.0243392880211,179.5953570805691,-25.04184505361053,-25.783541247640898,502.19238,249.224,16,0.2318840579710145,445653.9575956116,5696608.461218432,474.1979580979054,0.7151796568650752,-0.15631493739783764,-0.21430386498519738,-32.576556193176295,3.6303856102640566,-0.5328774077008235,-1.5979554049347087,1.1038388880200785,-3.2920793673206106,1.6183549,0.6885694,445653.2424159547,5696608.617533369,474.4122619628906,-30.978600788241586,2.526546722243968,2.759201959619792,399,frame_000399.png
795,865,795,63,0.07924528301886792,33,0.5238095238095238,63,15,0.23809523809523808,445652.8709903742,5696608.99637114,456.75514487508997,-1.3945671397959813,0.9867305960506201,-17.634625632722532,147.64310350786118,-11.825805523971429,-1.5304332546799446,178.65301029663505,-14.660365729288003,-4.23898628373226,3.60128,1.5035754,15,0.23809523809523808,445654.2388914093,5696608.36587198,474.1232097520124,-0.026666104677133262,0.3562314361333847,-0.2665607558001284,-32.09480062103557,-1.9564700033963196,-0.10601331919475904,-1.084893832261713,-4.791030208712897,-2.8145663482470695,1.7653672,0.6648722,445654.265557514,5696608.009640544,474.3897705078125,-31.009906788773847,2.834560205316586,2.708553029052302,400,frame_000400.png
830,892,830,68,0.0819277108433735,31,0.45588235294117646,68,15,0.22058823529411764,445655.686058344,5696605.258333771,473.44268684036587,1.222651391348336,-2.61832389049232,-0.9599926029935091,-31.942689930761556,15.439165670354642,-11.919706694785077,-1.0659569608108086,12.572212372884735,-14.603990131468606,22.740746,13.167235,15,0.22058823529411764,445654.71489128284,5696607.847775766,474.0753617761465,0.25148433016147465,-0.02888189535588026,-0.32731766721286704,-32.09129658235265,0.6746562171219386,-1.478147982292409,-1.2145636124018893,-2.19229708034797,-4.1624314189759275,1.6876663,0.8192079,445654.4634069527,5696607.876657661,474.4026794433594,-30.87673296995076,2.8669532974699132,2.6842834366835278,401,frame_000401.png
829,908,829,61,0.0735826296743064,36,0.5901639344262295,61,16,0.26229508196721313,445656.4603482103,5696606.684772558,474.0883679044645,1.7929910034872591,-1.073700645007193,-0.3089099275667877,-31.880016316083744,12.137976684330646,-2.080494197371548,-1.0188582922736487,8.831772082126093,-4.93413351508832,13.231572,6.7256618,16,0.26229508196721313,445655.188539976,5696607.557746701,474.16810271748886,0.5211827692110091,-0.20072650164365768,-0.22917511454244277,-32.34481051511246,2.8562070727925577,-1.494586233951419,-1.4836524913023368,-0.449997529412002,-4.348225551668179,1.7685491,0.59219855,445654.6673572068,5696607.758473203,474.3972778320313,-30.86115802381011,3.306204602204546,2.853639317716771,402,frame_000402.png
871,878,871,77,0.08840413318025259,39,0.5064935064935064,77,21,0.2727272727272727,445658.8291716579,5696605.088044693,473.1355457570862,3.9614284918061458,-2.5471038166433573,-1.26295277807003,-30.670487842825672,28.677896616376604,-3.6396980935728878,0.07221883002972618,25.499110038561327,-6.436604434358259,34.27668,14.546168,21,0.2727272727272727,445655.1515703216,5696607.760975342,474.04741241211076,0.28382715547923,0.1258268328383565,-0.3510861230454907,-32.137661524510676,-0.025484477556805194,-0.41351122154435027,-1.3949548516552852,-3.2042710553720894,-3.2104175623297238,1.6934531,0.79881305,445654.8677431661,5696607.635148509,474.39849853515625,-30.742706672855398,3.1787865778152873,2.796906340785377,403,frame_000403.png
855,814,855,66,0.07719298245614035,40,0.6060606060606061,66,18,0.2727272727272727,445703.36444027047,5696710.243003606,288.5927301091419,48.09017647872679,102.85703857894987,-185.80033629710812,-88.28904997029008,17.343837608651846,178.19585668814767,-57.530447432154446,14.437106335617614,175.33405870519647,429.71924,94.66856,18,0.2727272727272727,445656.71132279985,5696607.476255325,474.41924686808255,1.4370590081089176,0.0902902977541089,0.026180461832552737,-32.46199848655535,6.945978859362078,3.1838217684038947,-1.7033959484197112,4.039247586327832,0.3220237854526715,1.9048753,0.61186826,445655.27426379174,5696607.385965027,474.39306640625,-30.75860253813563,2.9067312730342367,2.861797982951212,404,frame_000404.png
839,810,839,66,0.07866507747318235,43,0.6515151515151515,66,21,0.3181818181818182,445655.32004551956,5696607.33366447,474.0527144239978,-0.15975008037639782,0.06652048695832491,-0.335408134595923,-33.0149107528946,-1.4670539142906658,-2.865651329925025,-2.1488380772815106,-4.368341381990433,-6.133807324167378,1.6855085,0.63313663,21,0.3181818181818182,445655.32004553574,5696607.333664468,474.05271442750814,-0.15975006419466808,0.06652048416435719,-0.3354081310856145,-33.01491074232601,-1.4670538255853363,-2.865651285106618,-2.1488380667129263,-4.368341293285113,-6.133807279348957,1.6855085,0.63313663,445655.47979559994,5696607.267143983,474.38812255859375,-30.866072675613097,2.9012874676997633,3.2681559942423526,405,frame_000405.png
815,873,815,76,0.09325153374233129,41,0.5394736842105263,76,20,0.2631578947368421,445655.9152720142,5696607.318272761,474.0563873208539,0.2375128222629428,0.1762467361986637,-0.33789978852109925,-32.43279332934897,0.09254019852196417,-0.7621638395380445,-1.5309111875024257,-3.349237194120434,-3.8441617029638735,1.9026845,0.47639892,20,0.2631578947368421,445655.9152720156,5696607.318272761,474.0563873211583,0.23751282365992665,0.1762467361986637,-0.33789978821670275,-32.43279332929427,0.09254020542102563,-0.7621638345415799,-1.5309111874477423,-3.3492371872213766,-3.8441616979674222,1.9026845,0.47639892,445655.67775919195,5696607.142026025,474.394287109375,-30.901882141846535,3.441777392642392,3.0819978634258325,406,frame_000406.png
834,826,834,80,0.09592326139088729,52,0.65,80,24,0.3,445656.5577072649,5696606.858148584,474.18777561652945,0.6737723168334924,-0.1608080929145217,-0.21023463737685688,-32.39859673767121,3.195190506693274,-1.1526751043221375,-1.6448741101276596,-0.10798632804178965,-4.440850665327929,1.8829536,0.6517251,24,0.3,445656.557707265,5696606.858148584,474.187775616575,0.6737723169499077,-0.1608080929145217,-0.2102346373313253,-32.39859673771,3.19519050703298,-1.1526751033995346,-1.6448741101664552,-0.10798632770209338,-4.440850664405303,1.8829536,0.6517251,445655.88393494807,5696607.018956677,474.3980102539063,-30.753722627543546,3.3031768347350603,3.2881755610057786,407,frame_000407.png
882,829,882,83,0.09410430839002268,54,0.6506024096385542,83,22,0.26506024096385544,445654.0108734848,5696608.459505258,472.48497080565545,-2.296071567456238,1.6891338527202606,-1.9171288037195495,-32.650794353463354,-20.50552545348999,-2.160187398880936,-1.9985203737551558,-23.39703002696092,-5.7877052422370525,17.916023,10.746216,22,0.26506024096385544,445658.0801713084,5696607.2190337,474.4957639299912,1.7732262561912648,0.4486622950062156,0.09366432061619889,-32.93347699058087,7.544136368561733,5.18409499585467,-2.281203010872673,4.652631795090798,1.5565771524985337,1.6953624,0.66906327,445656.30694505223,5696606.770371405,474.402099609375,-30.6522739797082,2.8915045734709297,3.6275178433561255,408,frame_000408.png
867,892,867,68,0.0784313725490196,48,0.7058823529411765,68,22,0.3235294117647059,446428.4545279088,5695902.249171458,914.4556397297067,771.9255086731864,-704.3991159508005,440.06467903634734,27.882822802659295,61.92402669866084,-60.03752382145009,58.38708323591629,59.45123764879588,-63.97199604349629,220.76073,145.56032,22,0.3235294117647059,445656.4465665107,5696606.537362029,473.96006662534467,-0.08245272492058575,-0.11092538014054298,-0.43089406801470886,-31.716698863364268,-1.2481341447616403,-4.056529540371574,-1.2124384301072553,-3.720923194626579,-7.991001762417767,1.7964928,0.84062624,445656.52901923563,5696606.648287409,474.3909606933594,-30.50426043325701,2.4727890498649434,3.9344722220461987,409,frame_000409.png
836,873,836,75,0.08971291866028708,48,0.64,75,29,0.38666666666666666,445657.60628236213,5696606.404604534,474.2890316048547,0.8597187011037022,-0.11814815830439329,-0.09915198889530075,-32.13350676964736,3.199034120733642,-0.8716046285561063,-1.605345268669737,0.9629382326048699,-4.629748531590309,1.7835385,0.7459286,29,0.38666666666666666,445657.60628235474,5696606.404604537,474.2890316028554,0.8597186937113293,-0.11814815457910299,-0.09915199089459747,-32.133506770188966,3.1990340700657116,-0.8716046340981553,-1.605345269211341,0.9629381819369485,-4.629748537132372,1.7835385,0.7459286,445656.746563661,5696606.522752692,474.38818359375,-30.528161500977635,2.2360958881287742,3.758143903034211,410,frame_000410.png
923,841,923,85,0.09209100758396534,52,0.611764705882353,85,25,0.29411764705882354,445657.89433584834,5696607.752887987,474.37782460069707,0.9283148170798086,1.3501810738816857,-0.011152450084239263,-34.277530448109054,-1.9927211511771297,6.3615392097360886,-3.8468764251747984,-3.850428469815995,2.6739186027737105,14.875426,7.0337543,25,0.29411764705882354,445657.60949445516,5696606.261842806,474.23037514939085,0.643473423901014,-0.1408641068264842,-0.1586019013904547,-31.94862669957697,1.3523829421353786,-1.599859466547033,-1.517972676642728,-0.5053243765034949,-5.287480073509414,1.7235744,0.69994867,445656.96602103126,5696606.402706913,474.3889770507813,-30.43065402293425,1.8577073186388637,3.687620606962388,411,frame_000411.png
935,860,935,100,0.10695187165775401,56,0.56,100,29,0.29,445657.910046527,5696606.420911098,474.2269895152418,0.527704365667887,0.27143839839845896,-0.15667747694567424,-31.832976202703584,0.8353538746343736,-0.6959397385326951,-1.393787272063662,-1.2270071944068661,-5.156287238199127,1.7364136,0.69590557,29,0.29,445657.9100465271,5696606.420911097,474.2269895152448,0.5277043657843024,0.2714383974671364,-0.15667747694271839,-31.83297620252906,0.8353538763147806,-0.6959397400101963,-1.3937872718891526,-1.227007192726461,-5.1562872396766295,1.7364136,0.69590557,445657.3823421613,5696606.1494726995,474.3836669921875,-30.439188930639922,2.062361069041244,4.460347499666443,412,frame_000412.png
928,878,928,95,0.10237068965517242,50,0.5263157894736842,95,28,0.29473684210526313,445657.3840219788,5696613.021847824,470.57549703531265,-0.20751144888345152,6.9886729177087545,-3.817386265468656,-22.449060025058472,-28.567454748081136,41.68902833694687,8.070523681671347,-31.275125310178396,38.44893071447774,68.080505,50.280052,28,0.29473684210526313,445658.01075512584,5696606.268377227,474.17368275413605,0.41922169813187793,0.2352023208513856,-0.21920054664525424,-32.087560891812295,0.6807690758742454,0.10470368980700023,-1.5679771850824693,-2.026901486223011,-3.1353939326621116,1.9275887,0.86208946,445657.5915334277,5696606.033174906,474.3928833007813,-30.519583706729826,2.7076705620972623,3.240097622469123,413,frame_000413.png
841,860,841,101,0.12009512485136742,59,0.5841584158415841,101,30,0.297029702970297,445754.93317630346,5695870.716564596,1227.23290857838,96.93773760669865,-735.0681823035702,752.8299849943955,-33.155094324489646,39.33672584122497,-27.70880686137791,-2.3787546080281174,37.19429630805254,-31.57271628769996,373.43988,158.95822,30,0.297029702970297,445658.5812518958,5696605.930938652,474.22185509250323,0.5858131990535185,0.14619175251573324,-0.1810684914811418,-32.25582351688621,0.4942260984901001,-0.4623372789961365,-1.4794838004247026,-1.6482034346823298,-4.326246705318198,2.0777595,0.66165864,445657.99543869676,5696605.784746899,474.4029235839844,-30.77633971646152,2.1424295331724315,3.8639094263220657,414,frame_000414.png
783,826,783,92,0.11749680715197956,53,0.5760869565217391,92,33,0.358695652173913,445839.7741295002,5696800.303698345,-1506.0801691615686,181.371962888923,194.7695408500731,-1980.4859308803186,-90.579648601344,-0.7864398671839304,178.94323152519115,-59.83853151315543,-3.2018218038223836,175.29794387842253,393.13422,162.97041,33,0.358695652173913,445658.96037691,5696605.385431088,474.20864413290064,0.558210298710037,-0.14872640743851662,-0.19711758584935524,-32.22978761126439,2.571110880714994,-1.866889797457031,-1.4886705230758253,0.15572894407654303,-5.512177444225671,1.6911904,0.8724428,445658.4021666113,5696605.534157495,474.40576171875,-30.74111708818858,2.4153819366384495,3.645287646768628,415,frame_000415.png
806,814,806,97,0.12034739454094293,59,0.6082474226804123,97,34,0.35051546391752575,445659.23308991006,5696605.532234729,474.21710071300777,0.6236016875482164,0.12347747664898634,-0.1936658885547331,-32.35731641632962,1.9512688202048312,0.060361897073437254,-1.6664165252816474,-0.6316477163568948,-3.2982201763965975,1.6786698,0.77380246,34,0.35051546391752575,445659.2330898902,5696605.532234725,474.21710070861076,0.6236016676994041,0.12347747199237347,-0.19366589295174208,-32.35731642140898,1.9512687375047673,0.060361805222163015,-1.6664165303610048,-0.6316477990569354,-3.29822026824786,1.6786698,0.77380246,445658.6094882225,5696605.408757253,474.4107666015625,-30.690899891047962,2.5829165365617137,3.3585820734700347,416,frame_000416.png
838,845,838,110,0.13126491646778043,68,0.6181818181818182,110,35,0.3181818181818182,453104.0345752066,5750741.706355963,-57891.65055860109,7445.226143781212,54136.42479607649,-58366.05805982179,85.38072831477439,-38.44909371239221,7.269729724911317,116.05973281965123,-40.79119127997188,3.695675791244753,413.80115,123.285194,35,0.3181818181818182,445659.52291064116,5696605.028920823,474.2049642553303,0.7144792157923803,-0.25263906363397837,-0.20253696537281485,-32.25193774660064,2.9416786687080285,-1.7460567492423396,-1.5729332417237742,0.5995811011283649,-5.320110682908876,1.7257493,0.7896509,445658.80843142536,5696605.281559886,474.4075012207031,-30.679004504876872,2.342097567579662,3.5740539336665496,417,frame_000417.png
804,838,804,99,0.12313432835820895,57,0.5757575757575758,99,35,0.35353535353535354,445659.92641311814,5696604.937483344,474.21694324426255,0.9143428089446388,-0.21309874393045902,-0.19223644323744793,-32.4032421979456,3.368785161156744,-1.0205192830209953,-1.6738225222535448,1.116312049377001,-4.681994117043047,1.8727661,0.89496756,35,0.35353535353535354,445659.92641311814,5696604.937483345,474.21694324430445,0.9143428089446388,-0.21309874299913645,-0.19223644319555433,-32.40324219795563,3.3687851595142737,-1.0205192804126333,-1.6738225222635776,1.1163120477345387,-4.681994114434673,1.8727661,0.89496756,445659.0120703092,5696605.150582088,474.4091796875,-30.729419675692057,2.252473111779738,3.6614748340220467,418,frame_000418.png
833,883,833,92,0.11044417767106843,51,0.5543478260869565,92,31,0.33695652173913043,445659.87159747025,5696604.943531113,474.2249351060552,0.4462718212744221,0.045503510162234306,-0.16630024550727285,-32.332874440192874,1.4525138225054837,-0.8087649742702352,-1.6149977154304054,-0.9679556432544132,-4.120786503526574,1.9283513,0.7902264,31,0.33695652173913043,445659.8715974664,5696604.943531115,474.22493510571843,0.4462718174327165,0.045503512024879456,-0.1663002458440701,-32.33287444194213,1.4525137960333225,-0.8087649747188894,-1.614997717179648,-0.9679556697265923,-4.120786503975239,1.9283513,0.7902264,445659.425325649,5696604.898027603,474.3912353515625,-30.717876724762476,2.4204694657599055,3.3120215292563437,419,frame_000419.png
793,908,793,102,0.12862547288776796,56,0.5490196078431373,102,32,0.3137254901960784,445658.9088762183,5696605.213834735,455.4189984961469,-0.7150150994420983,0.45121704787015915,-18.981849892524963,148.0121266763759,-6.114044636358439,-2.2807934724610113,178.72581654133387,-8.449763792790378,-5.351325913282125,6.6324754,3.0916028,32,0.3137254901960784,445660.17406100064,5696604.50835544,474.1960668936367,0.5501696828869171,-0.2542622471228242,-0.20478149503514942,-31.939790294084812,2.532540071353175,-1.7987579322055534,-1.2261004291268307,0.19682091492123277,-4.869290373026672,1.6807694,0.7161803,445659.62389131775,5696604.762617687,474.4008483886719,-30.71368986495798,2.3357191564319315,3.0705324408211268,420,frame_000420.png
799,911,799,116,0.14518147684605756,69,0.5948275862068966,116,38,0.3275862068965517,445660.4353979823,5696604.531011967,474.2316369313408,0.6104946148698218,-0.10415274370461702,-0.17174441631544823,-32.569340803301266,1.5166779126748384,-1.3221306377657056,-1.56962271538481,-0.4394096573886088,-4.920084564739312,1.8790215,0.6215968,38,0.3275862068965517,445660.4353979811,5696604.531011967,474.23163693117317,0.6104946136474609,-0.10415274370461702,-0.17174441648307948,-32.56934080388486,1.5166779084899478,-1.322130644486201,-1.5696227159684213,-0.4394096615735066,-4.920084571459796,1.8790215,0.6215968,445659.82490336744,5696604.635164711,474.40338134765625,-30.999718087916452,1.956087570063452,3.5979539269736036,421,frame_000421.png
783,932,783,96,0.12260536398467432,53,0.5520833333333334,96,35,0.3645833333333333,445660.6923553937,5696604.503254572,474.23137217357237,0.6574041738640517,-0.009060174226760864,-0.1620909611932575,-32.32200057919941,1.2071451815081866,-0.4826503246145494,-1.3600856600027385,-0.7697511695146773,-3.9452262064430954,1.7825612,0.8845121,35,0.3645833333333333,445660.69235539436,5696604.503254573,474.23137217350785,0.657404174504336,-0.00906017329543829,-0.16209096125777478,-32.32200057901744,1.207145181639609,-0.4826503172907039,-1.3600856598207827,-0.7697511693832553,-3.945226199119247,1.7825612,0.8845121,445660.03495121986,5696604.512314746,474.3934631347656,-30.961914919196662,1.976896351022867,3.4625758818285393,422,frame_000422.png
758,935,758,109,0.1437994722955145,67,0.6146788990825688,109,39,0.3577981651376147,445660.8942358906,5696604.285183257,474.2260086745404,0.4609117950312793,0.028466133400797844,-0.16299889381895127,-32.412565532163484,1.4912857447182735,-0.5655666517290242,-1.4719571880766296,-0.8169145317669404,-3.6147870004080858,1.7881061,0.76246417,39,0.3577981651376147,445660.8942358898,5696604.285183258,474.22600867451945,0.4609117942163721,0.02846613433212042,-0.1629988938399265,-32.41256553264008,1.4912857400783879,-0.5655666533729686,-1.4719571885532332,-0.8169145364068129,-3.614787002052026,1.7881061,0.76246417,445660.43332409556,5696604.256717124,474.3890075683594,-30.94060834408686,2.3082002764852008,3.04922034867907,423,frame_000423.png
761,961,761,121,0.1590013140604468,76,0.628099173553719,121,41,0.33884297520661155,445661.6511412213,5696603.783183797,474.23795882760794,0.6210582496714778,-0.1035095751285553,-0.1627064555951847,-32.43833401582756,1.8829741620821947,-0.8689385422912835,-1.39070691884001,-0.6216101977756239,-4.133551660564876,1.7693607,0.6937626,41,0.33884297520661155,445661.65114122164,5696603.783183796,474.23795882773214,0.6210582500207238,-0.10350957605987787,-0.16270645547098184,-32.438334015470495,1.8829741670994644,-0.8689385462649367,-1.3907069184829481,-0.6216101927583395,-4.1335516645385155,1.7693607,0.6937626,445661.0300829716,5696603.886693372,474.4006652832031,-31.047627096987558,2.504584359857811,3.264613118273584,424,frame_000424.png
750,1006,750,130,0.17333333333333334,75,0.5769230769230769,130,54,0.4153846153846154,445662.1818037173,5696603.566095646,474.20993706250425,0.5532772535807453,0.05139349400997162,-0.20687201952705436,-32.171632571978726,2.6960965107961314,-0.898805790872939,-1.5401916531218092,-0.6890511205097312,-4.684818897054697,1.6000586,0.75465864,54,0.4153846153846154,445662.1818037173,5696603.566095646,474.20993706250704,0.5532772535807453,0.05139349400997162,-0.20687201952426904,-32.17163257198374,2.6960965109054644,-0.8988057909228591,-1.5401916531268114,-0.6890511204004213,-4.684818897104606,1.6000586,0.75465864,445661.6285264637,5696603.5147021515,474.4168090820313,-30.631440918856928,3.3851476313058755,3.786013106181749,425,frame_000425.png
727,1009,727,135,0.1856946354883081,82,0.6074074074074074,135,53,0.3925925925925926,445662.4329627189,5696603.324794186,474.2585766769747,0.6044361099484377,-0.07961960975080729,-0.15475340115028757,-31.760305952727457,3.148933225751847,-2.155216558657839,-1.3989145079195566,-0.33129984500993714,-6.654341420992438,1.6686547,0.6943354,53,0.3925925925925926,445662.4329627178,5696603.324794187,474.2585766769083,0.6044361088424921,-0.07961960881948471,-0.15475340121668069,-31.760305952700218,3.148933218153025,-2.1552165584009333,-1.3989145078923286,-0.3312998526087654,-6.654341420735534,1.6686547,0.6943354,445661.82852660894,5696603.404413796,474.413330078125,-30.3613914448079,3.4802330707617823,4.499124862334601,426,frame_000426.png
736,995,736,107,0.1453804347826087,66,0.616822429906542,107,44,0.411214953271028,445662.8671963702,5696603.148614459,474.21329641270586,0.4378187853144482,0.06851148512214422,-0.18565988612226647,-32.08486367461413,2.448256997906601,-2.24515350838349,-1.4736831578690328,-0.8850619696023614,-7.0361873945498985,1.9008288,0.67762226,44,0.411214953271028,445662.86719637,5696603.148614459,474.21329641271035,0.43781878508161753,0.06851148512214422,-0.18565988611777584,-32.08486367462109,2.4482569964512293,-2.2451535086016623,-1.4736831578759961,-0.8850619710577234,-7.0361873947680635,1.9008288,0.67762226,445662.4293775849,5696603.080102974,474.3989562988281,-30.6111805167451,3.3333189675089634,4.791033886166395,427,frame_000427.png
746,982,746,119,0.15951742627345844,75,0.6302521008403361,119,59,0.4957983193277311,445663.1300308694,5696602.892334388,474.23531753086735,0.49316271144198254,-0.07504754792898893,-0.16107529139827648,-31.999148094747234,2.837023269426564,-2.6239703588383683,-1.3820745636226945,-0.5269875391245193,-7.210288893192853,1.7557715,0.7555426,59,0.4957983193277311,445663.1300308694,5696602.892334388,474.2353175308665,0.49316271144198254,-0.07504754792898893,-0.16107529139912913,-31.99914809474734,2.837023269597916,-2.623970359041428,-1.3820745636227798,-0.5269875389531649,-7.210288893395926,1.7557715,0.7555426,445662.63686815795,5696602.967381936,474.3963928222656,-30.61707353112455,3.364010808551071,4.586318534354495,428,frame_000428.png
739,988,739,115,0.15561569688768606,66,0.5739130434782609,115,54,0.46956521739130436,445663.5083807024,5696602.886086891,474.18733559853894,0.6520947365788743,0.028309320099651814,-0.20011557333606333,-32.47368793596413,2.6277113840181707,-2.172271512981862,-1.4142139803950897,-0.3717977490505575,-7.410525050912668,1.7970608,0.675909,54,0.46956521739130436,445663.5083807259,5696602.886086907,474.1873355967287,0.6520947600947693,0.028309335932135582,-0.20011557514629885,-32.47368794425821,2.6277114511706756,-2.172271364010391,-1.4142139886891698,-0.37179768189804463,-7.410524901941216,1.7970613,0.6759081,445662.8562859658,5696602.857777571,474.387451171875,-31.05947395556903,2.999509133068732,5.238253537930815,429,frame_000429.png
767,990,767,123,0.16036505867014342,71,0.5772357723577236,123,61,0.4959349593495935,445663.7447700036,5696602.661587045,474.2295845578979,0.6803984039579518,-0.0845582876354456,-0.16000284444584167,-32.494971079405275,2.8462629957187104,-2.4722225865676455,-1.543249749565291,-0.34510525797691116,-7.590497825129546,1.7318631,0.75671947,61,0.4959349593495935,445663.7447700127,5696602.66158702,474.2295845588782,0.6803984130383469,-0.08455831184983253,-0.16000284346557692,-32.49497107898805,2.846263115249224,-2.4722226795109443,-1.5432497491480603,-0.34510513844639945,-7.590497918072856,1.7318622,0.7567171,445663.06437159964,5696602.746145332,474.38958740234375,-30.951721329839984,3.191368253695611,5.118275238561912,430,frame_000430.png
838,958,838,129,0.15393794749403342,78,0.6046511627906976,129,52,0.40310077519379844,445664.3684477203,5696602.34310084,474.20659800222495,0.6906726724701002,-0.025098509155213833,-0.1889708454312995,-32.63276670262116,2.993914434871227,-1.183770155583604,-1.5071366508435915,0.10115419620785815,-5.297135500456449,1.6404387,0.69766843,52,0.40310077519379844,445664.3684477203,5696602.34310084,474.2065980022252,0.6906726724701002,-0.025098509155213833,-0.18897084543107212,-32.63276670262174,2.99391443489102,-1.183770155610665,-1.5071366508441884,0.10115419622766808,-5.297135500483506,1.6404387,0.69766843,445663.67777504784,5696602.368199349,474.39556884765625,-31.125630051777563,2.89276023866336,4.113365344872845,431,frame_000431.png
815,932,815,106,0.13006134969325153,71,0.6698113207547169,106,44,0.41509433962264153,445664.55363836826,5696602.526980017,474.1967613794615,0.6782133398228325,0.2892353907227516,-0.2134253881166046,-33.50507051026554,1.3138394503272173,1.5902687667771063,-1.5915233850648178,-1.2888135366730467,-1.3410821643007296,1.5988507,0.7324077,44,0.41509433962264153,445664.5536383688,5696602.526980023,474.19676137895067,0.6782133403467014,0.28923539631068707,-0.2134253886274564,-33.50507050935728,1.313839437137318,1.5902687921661485,-1.5915233841565453,-1.2888135498629651,-1.3410821389117018,1.5988507,0.7324077,445663.87542502844,5696602.237744627,474.4101867675781,-31.913547125200726,2.602652987000271,2.931350931077841,432,frame_000432.png
841,931,841,116,0.13793103448275862,77,0.6637931034482759,116,55,0.47413793103448276,445665.0946301805,5696601.834589949,474.2234049230809,0.649690916587133,-0.0010189488530158997,-0.20338340699720447,-32.59042924530177,4.139628187144811,-0.30916819511815086,-1.6490304112065814,-0.12065773791692891,-3.2918844427256033,1.6888815,0.7240434,55,0.47413793103448276,445665.09463018016,5696601.834589949,474.223404923149,0.649690916237887,-0.0010189488530158997,-0.20338340692910606,-32.590429245213784,4.139628185339151,-0.3091681963820293,-1.6490304111185878,-0.12065773972258853,-3.2918844439894883,1.6888815,0.7240434,445664.4449392639,5696601.835608898,474.4267883300781,-30.94139883409518,4.260285925061731,2.9827162476074593,433,frame_000433.png
778,954,778,112,0.14395886889460155,73,0.6517857142857143,112,54,0.48214285714285715,445665.2372341346,5696601.674365967,474.25668128364,0.597869960241951,-0.03743299189954996,-0.16610924370377234,-31.75338894714328,2.5181552206228415,-1.0745065125484654,-1.3968381907678236,0.2338061447963753,-4.592452298151727,1.6520385,0.8306645,54,0.48214285714285715,445665.2372341345,5696601.674365967,474.25668128364885,0.5978699601837434,-0.03743299189954996,-0.16610924369490476,-31.753388947135683,2.5181552206038873,-1.0745065127597733,-1.396838190760235,0.233806144777418,-4.5924522983630425,1.6520385,0.8306645,445664.63936417433,5696601.7117989585,474.42279052734375,-30.356550756375448,2.284349075826464,3.5179457856032648,434,frame_000434.png
833,1002,833,116,0.13925570228091236,75,0.646551724137931,116,51,0.4396551724137931,445665.46312521124,5696601.529994805,474.24662478743437,0.6370856946450658,-0.05749561823904514,-0.15565792740937923,-31.92968995147791,-4.345631736903918,-1.8345721565466386,-1.5421285613074076,-0.7191522593375623,-6.153112321787688,1.6701022,0.71836066,51,0.4396551724137931,445665.4631252113,5696601.529994805,474.24662478744483,0.6370856947032735,-0.05749561823904514,-0.15565792739892004,-31.929689951517787,-4.345631736517853,-1.8345721567036333,-1.5421285613472833,-0.7191522589515102,-6.153112321944661,1.6701022,0.71836066,445664.8260395166,5696601.587490424,474.40228271484375,-30.387561390170493,-3.6264794775663534,4.318540165241038,435,frame_000435.png
905,956,905,124,0.13701657458563535,81,0.6532258064516129,124,51,0.4112903225806452,445665.7148168791,5696601.31066222,474.2433364934185,0.7020912955049425,-0.17283544316887856,-0.1314193659565035,-32.39204368046734,-6.586009978359181,-3.2283048220619084,-1.9297445029207267,-1.6262225041256215,-9.142871174490978,1.7769294,0.79864174,51,0.4112903225806452,445665.7148168808,5696601.310662219,474.24333649351297,0.7020912972511724,-0.17283544410020113,-0.13141936586202974,-32.39204368029743,-6.5860099691865575,-3.2283048181029335,-1.9297445027508218,-1.626222494952998,-9.142871170532004,1.7769294,0.79864174,445665.01272558357,5696601.483497663,474.374755859375,-30.462299177546615,-4.959787474233558,5.914566352429077,436,frame_000436.png
894,1015,894,121,0.13534675615212527,71,0.5867768595041323,121,53,0.4380165289256198,445665.7993897411,5696601.423168734,474.18245672778744,0.519619194092229,0.06483770254999399,-0.15418267650943562,-31.401542631699797,-3.5449419009242042,-4.0898113335169,-1.1821404133847295,-0.1029963770808422,-10.614709717956629,1.7738702,0.7464144,53,0.4380165289256198,445665.79938973556,5696601.423168749,474.18245672568673,0.5196191885625012,0.06483771745115519,-0.154182678610141,-31.401542620363156,-3.544941972227835,-4.0898112742548225,-1.182140402048077,-0.10299644838445943,-10.61470965869455,1.7738702,0.7464144,445665.279770547,5696601.358331031,474.3366394042969,-30.21940221831508,-3.4419455238433643,6.524898384439723,437,frame_000437.png
857,1025,857,118,0.13768961493582263,82,0.6949152542372882,118,47,0.3983050847457627,443140.0632733769,5694928.947237218,-10708.927988970381,-2525.2842901831027,-1672.380186102353,-11183.264780962569,-89.58869920324994,0.49104610458833403,-179.76255725232784,-59.03356586815302,3.5308753113686464,174.8436769847304,392.721,128.49783,47,0.3983050847457627,445665.94641354185,5696601.29741553,474.2188877041838,0.5988499818486162,-0.030007789842784405,-0.11790428800367181,-31.937592650059212,-2.7441321410898727,-3.112924289885026,-1.38245931496229,0.2956970656904332,-8.506690052826798,1.6621563,0.7297814,445665.34756356,5696601.32742332,474.3367919921875,-30.55513333509693,-3.0398292067803188,5.393765762941774,438,frame_000438.png
858,978,858,121,0.14102564102564102,67,0.5537190082644629,121,53,0.4380165289256198,445630.46039306495,5696578.569139616,289.16125703163334,-34.93366306484677,-22.767380133271217,-185.18890165977297,148.28902363799563,-8.84216471500956,-22.527994915987815,178.3174665092124,-12.265597743120054,-27.196485587469454,390.42157,151.76216,53,0.4380165289256198,445665.971338287,5696601.347593666,474.1707959492066,0.5772821572027169,0.011073917150497437,-0.17936274219971438,-31.508046397627734,3.637846547920823,-2.1386123684016054,-1.4796035264109264,0.2144135198103072,-6.807103039883259,1.773179,0.6977323,445665.3940561298,5696601.336519749,474.3501586914063,-30.028442871216793,3.423433028110505,4.6684906714816545,439,frame_000439.png
851,1008,851,126,0.14806110458284372,84,0.6666666666666666,126,61,0.48412698412698413,445662.862747794,5696600.17933386,454.5947411653604,-2.543441641726531,-1.206971532665193,-19.76399296549897,148.32599703866558,-7.619454094898136,-17.970522410092784,178.23729964879288,-10.975226116934664,-23.41292804576335,15.23265,7.9228616,61,0.48412698412698413,445665.9999759135,5696601.420734978,474.17017698290374,0.5937864777515642,0.03442958556115627,-0.18855714795563472,-31.383211361344827,3.941177298712806,-2.6121812468615726,-1.4719087512175406,0.5854052766762834,-8.054586882532135,1.6868081,0.65952235,445665.40618943574,5696601.386305393,474.3587341308594,-29.911302610127294,3.3557720220365153,5.44240563567057,440,frame_000440.png
855,998,855,130,0.15204678362573099,83,0.6384615384615384,130,55,0.4230769230769231,445665.9315375532,5696601.427470315,474.1750776841741,0.5043992614373565,0.014452994801104069,-0.16159223770091558,-31.738213372886793,1.8057654666270524,-3.333646622219203,-1.503905705610407,0.18781491411527895,-9.108150607982509,1.6155776,0.76200247,55,0.4230769230769231,445665.93153764994,5696601.427470181,474.1750777051556,0.5043993581784889,0.014452860690653324,-0.1615922167193844,-31.738213440656708,1.80576633503094,-3.333646989726405,-1.5039057733803247,0.18781578251918063,-9.108150975489707,1.6155779,0.7620027,445665.42713829177,5696601.41301732,474.336669921875,-30.234307667276383,1.6179505525117701,5.774503985763303,441,frame_000441.png
860,1013,860,110,0.12790697674418605,74,0.6727272727272727,110,41,0.37272727272727274,445666.02218830993,5696601.562264727,474.16785986180525,0.5886681049596518,0.1423645643517375,-0.1690236831166203,-31.74384818115775,2.2086147308749924,-2.116688602482772,-1.4770483292167,0.16433174855890798,-7.590311558517158,1.5896035,0.48239604,41,0.37272727272727274,445666.0221883099,5696601.562264727,474.1678598617261,0.5886681049014442,0.1423645643517375,-0.1690236831958032,-31.743848181042658,2.2086147292054648,-2.1166886006448933,-1.4770483291015921,0.16433174688938834,-7.590311556679296,1.5896035,0.48239604,445665.43352020497,5696601.419900163,474.3368835449219,-30.26679985194106,2.0442829823160795,5.473622956034388,442,frame_000442.png
844,1008,844,119,0.14099526066350712,79,0.6638655462184874,119,42,0.35294117647058826,445665.99466905784,5696601.5329756215,474.1645063746453,0.5616103268112056,0.09928453899919987,-0.19148117418279753,-32.20172037411597,2.6986448856312584,-2.973113432658374,-1.5481069071068987,0.22423069097669668,-9.073333160611469,1.6816049,0.73531,42,0.35294117647058826,445665.9946690645,5696601.532975666,474.1645063647609,0.5616103334468789,0.09928458370268345,-0.1914811840672428,-32.20172036312014,2.69864478619132,-2.9731131922628866,-1.5481068961110793,0.22423059153678082,-9.073332920215961,1.6816049,0.73531,445665.433058731,5696601.4336910825,474.3559875488281,-30.653613467009063,2.474414194654552,6.1002197279530845,443,frame_000443.png
840,957,840,113,0.13452380952380952,67,0.5929203539823009,113,47,0.415929203539823,445510.4032145255,5696566.183432544,2.1711498524863373,-155.03083506104304,-35.26238331757486,-472.18547856548247,143.47196163261853,-15.102863441925633,-27.146357606310502,173.8601639829683,-17.490700751587013,-33.90807409410479,399.66428,148.1313,47,0.415929203539823,445666.0081855925,5696601.425402926,474.1979902959977,0.5741360059473664,-0.020412934944033623,-0.15863812197108018,-31.844194527400123,2.9109515467937093,-4.32208937004375,-1.455992177050348,0.5231142371323472,-11.08380585783803,1.8648969,0.6863521,445665.43404958653,5696601.445815861,474.3566284179688,-30.388202350349772,2.387837309661369,6.7617164877942715,444,frame_000444.png
883,987,883,125,0.14156285390713477,79,0.632,125,58,0.464,445576.22333118727,5696607.816219136,5.310756155206775,-89.21629212092375,6.362726375460625,-469.0462995088557,145.5152025670762,-12.49853080405787,-17.06346565782855,175.69579950483126,-14.323384087325167,-23.03970814464037,404.51572,171.87956,58,0.464,445665.98003308376,5696601.442635178,474.19849153900094,0.540409775567241,-0.01085758302360773,-0.15856412506155948,-31.674106060815664,2.0698224619449013,-3.535745430529983,-1.4935091230605622,0.24496917867759294,-9.511987917341798,1.7870842,0.66475725,445665.4396233082,5696601.453492761,474.3570556640625,-30.1805969377551,1.824853283267304,5.976242486811822,445,frame_000445.png
888,969,888,125,0.14076576576576577,83,0.664,125,48,0.384,155695.5327693604,5502345.409309978,323866.6589954,-289969.9388844947,-194256.05883821938,323392.3045032125,30.824418091778192,-50.30767218464937,-15.04328171896325,60.82795323527492,-50.89488935724995,-21.737833160420422,387.5494,154.17235,48,0.384,445665.90959119564,5696601.497924907,474.21438213055023,0.4379373405245133,0.029776710085570812,-0.14011005694976575,-31.303410773423888,0.3886282930980217,-4.460238477907927,-1.2998756299271577,-0.19858887950258008,-11.1547899193651,1.6562881,0.73222405,445665.4716538551,5696601.468148197,474.3544921875,-30.003535143496734,0.5872171726005941,6.694551441457162,446,frame_000446.png
891,1020,891,108,0.12121212121212122,73,0.6759259259259259,108,53,0.49074074074074076,445666.09696947865,5696601.567649715,474.18796888138894,0.5933447483112104,0.09207833092659712,-0.1730235502516848,-31.932498648152098,0.38247553100080167,-4.07826858070288,-1.4904881816878515,-0.0005073499434899986,-11.263384442890754,1.6398637,0.69745904,53,0.49074074074074076,445666.0969694281,5696601.56764978,474.1879688757664,0.5933446977869608,0.09207839611917734,-0.1730235558742379,-31.93249860108433,0.38247509985825223,-4.07826841685923,-1.490488134620108,-0.0005077810860143472,-11.263384279047102,1.6398641,0.69745916,445665.50362473034,5696601.475571384,474.3609924316406,-30.442010466464232,0.38298288094427796,7.185115862187872,447,frame_000447.png
847,1001,847,122,0.14403778040141677,82,0.6721311475409836,122,41,0.3360655737704918,445667.5645257118,5696595.118843502,472.09807438695304,1.9971144499722868,-6.376453343778849,-2.2469573513282626,-23.904514198054184,26.344732919372113,-35.97268691957678,6.759825182178275,26.70813209789577,-43.082432124286726,37.29257,28.505295,41,0.3360655737704918,445666.29257977434,5696601.431027651,474.1993504940235,0.7251685124938376,-0.06426919531077147,-0.14568124425778706,-32.29057050388372,0.8095778338750667,-4.307231148783553,-1.6262311236512517,1.172977012398718,-11.41697635349351,1.7113492,0.7538829,445665.56741126184,5696601.495296846,474.3450317382813,-30.66433938023246,-0.3633991785236638,7.109745204709945,448,frame_000448.png
852,951,852,124,0.14553990610328638,79,0.6370967741935484,124,44,0.3548387096774194,445615.7310181093,5696586.71884496,137.81414692734768,-49.84460176061839,-14.77340633701533,-336.5341196742148,147.17871013844749,-12.408236040359968,-18.910723217948718,177.95862416226566,-11.506571566307542,-25.82366483969011,371.12418,167.09505,44,0.3548387096774194,445666.20623316645,5696601.609738898,474.1641018963898,0.6306132965255529,0.11748760100454092,-0.1841647051726909,-32.442247687900824,-0.8313118799296224,-3.5730972390618825,-1.6623336640826665,0.07035259412279515,-10.48603886080329,1.75946,0.6314671,445665.5756198699,5696601.492251297,474.3482666015625,-30.779914023818147,-0.9016644740524197,6.912941621741397,449,frame_000449.png
900,969,900,129,0.14333333333333334,82,0.6356589147286822,129,52,0.40310077519379844,445666.14334301726,5696601.498577438,474.191267644414,0.567544900230132,0.012394880875945091,-0.15483220910164164,-32.02669132571961,0.6433935832631985,-2.613152058164275,-1.3066250020111454,0.42087433724520906,-7.840325299352855,1.7191266,0.62061703,52,0.40310077519379844,445666.1433430189,5696601.498577436,474.1912676448864,0.5675449018599465,0.012394879013299942,-0.15483220862921598,-32.02669132711541,0.6433935980048501,-2.6131520648864197,-1.3066250034069355,0.4208743519868392,-7.840325306074988,1.7191266,0.62061703,445665.57579811703,5696601.486182557,474.3460998535156,-30.720066323708462,0.22251924601800108,5.227173241188569,450,frame_000450.png
878,992,878,124,0.14123006833712984,85,0.6854838709677419,124,50,0.4032258064516129,445666.09667243465,5696601.42983917,474.16239996831763,0.5248946623178199,-0.045013006776571274,-0.18925408441674563,-32.51083029642149,-0.19816728422307178,-2.4693397708038325,-1.4539444166433952,0.132048628312873,-7.4137333063532935,1.8638701,0.7152688,50,0.4032258064516129,445666.0966724348,5696601.429839169,474.16239996838607,0.5248946624924429,-0.04501300770789385,-0.18925408434830615,-32.51083029662044,-0.1981672823939711,-2.469339772047542,-1.4539444168423472,0.13204863014198054,-7.413733307596999,1.8638701,0.7152688,445665.57177777233,5696601.474852176,474.3516540527344,-31.056885879778104,-0.3302159125359417,4.94439353554945,451,frame_000451.png
894,999,894,134,0.14988814317673377,87,0.6492537313432836,134,56,0.417910447761194,445666.2674912324,5696601.315338464,474.17756284252846,0.71074744744692,-0.13008479587733746,-0.1577032707528474,-32.98981169409203,0.4226348109951781,-1.9464434086573372,-1.5501059700124245,1.4605516111510894,-6.430410193326509,1.7152826,0.73436844,56,0.417910447761194,445666.26749123493,5696601.315338471,474.1775628408901,0.7107474500080571,-0.13008478935807943,-0.15770327239118842,-32.98981169217919,0.42263480233390555,-1.946443367234092,-1.5501059680995866,1.4605516024898293,-6.43041015190326,1.7152826,0.73436844,445665.5567437849,5696601.44542326,474.3352661132813,-31.439705724079598,-1.03791680015592,4.483966784669158,452,frame_000452.png
870,990,870,122,0.14022988505747128,77,0.6311475409836066,122,45,0.36885245901639346,445666.13146324706,5696601.475073969,474.1556293093858,0.5797037232550792,0.04632726777344942,-0.17280086639550518,-32.349164291467815,-0.08796340306419227,-1.443637299668396,-1.3046527240743728,0.1396408068645485,-5.975238852780052,1.5630641,0.85280967,45,0.36885245901639346,445666.1314632461,5696601.475073967,474.15562931000727,0.5797037223237567,0.04632726591080427,-0.17280086577403608,-32.349164292762865,-0.08796340086641034,-1.4436373140527081,-1.3046527253694364,0.13964080906234244,-5.975238867164364,1.5630641,0.85280967,445665.5517595238,5696601.428746701,474.3284301757813,-31.04451156739344,-0.2276042099287468,4.531601553111651,453,frame_000453.png
873,980,873,127,0.145475372279496,80,0.6299212598425197,127,49,0.3858267716535433,445666.1467793085,5696601.478094366,474.16322165273857,0.6000815536826849,0.06840022187680006,-0.1654831812458042,-32.40554435549422,0.04800546421314136,-0.7772497056761934,-1.352403523526334,0.26751517785646683,-4.725887669526173,1.7676203,0.78593177,49,0.3858267716535433,445666.1467793083,5696601.478094367,474.1632216525056,0.6000815535080619,0.06840022280812263,-0.16548318147874852,-32.40554435475906,0.04800546041143438,-0.7772497012102813,-1.3524035227911781,0.267515174054779,-4.72588766506027,1.7676203,0.78593177,445665.5466977548,5696601.4096941445,474.3287048339844,-31.05314083196789,-0.21950971364333424,3.948637963849981,454,frame_000454.png
858,984,858,108,0.1258741258741259,76,0.7037037037037037,108,44,0.4074074074074074,445649.39371668757,5696613.089948604,505.5704694012204,-16.15482331759995,11.695571566931903,31.242741129736032,-88.13804572029225,-5.333955551108118,152.74163318443175,-57.18553342883497,-4.627465167990209,148.76406155446875,300.71088,161.31801,44,0.4074074074074074,445665.9881805264,5696601.623105476,474.16890481926805,0.43964052124647424,0.22872843872755766,-0.15882345221632477,-32.25026506095113,-2.027719066094569,-0.4915984167688889,-1.2977527694938544,-1.3212286829766526,-4.469170046731875,1.576851,0.7386917,445665.54854000517,5696601.394377037,474.3277282714844,-30.95251229145728,-0.7064903831179048,3.977571629962978,455,frame_000455.png
905,975,905,128,0.1414364640883978,84,0.65625,128,49,0.3828125,445666.0845315559,5696601.379025308,474.1613011123145,0.5174730029539205,0.027934446930885315,-0.15705826268549572,-31.927314789716963,-1.890322894879082,-1.9480234515936266,-1.2996463268232503,0.018710610274126793,-6.523777685404781,1.7448866,0.79072607,49,0.3828125,445666.08453155623,5696601.379025308,474.1613011124266,0.5174730033031665,0.027934446930885315,-0.1570582625734005,-31.927314790188138,-1.8903228915507357,-1.9480234531040852,-1.2996463272944254,0.018710613602479498,-6.523777686915253,1.7448866,0.79072607,445665.56705855293,5696601.3510908615,474.318359375,-30.62766846289371,-1.909033505153207,4.5757542338111605,456,frame_000456.png
892,996,892,129,0.1446188340807175,69,0.5348837209302325,129,50,0.3875968992248062,445666.0622803563,5696601.379954843,474.1865249074092,0.48757824942003936,0.051784432493150234,-0.13430639141893153,-31.991450643409188,-2.3931587585914555,-0.7647544617163281,-1.4157381919899308,-0.34130357639085673,-4.25187472919788,1.5299739,0.6918745,50,0.3875968992248062,445666.0622803566,5696601.379954843,474.18652490733547,0.48757824971107766,0.051784432493150234,-0.13430639149265744,-31.991450643279453,-2.393158757643782,-0.7647544600965295,-1.4157381918601857,-0.3413035754431917,-4.251874727578098,1.5299739,0.6918745,445665.5747021069,5696601.32817041,474.3208312988281,-30.57571245141926,-2.0518551822005877,3.487120267481562,457,frame_000457.png
902,965,902,138,0.15299334811529933,100,0.7246376811594203,138,51,0.3695652173913043,445666.1511346598,5696601.127477851,474.21917669639174,0.5745582135859877,-0.18103068601340055,-0.11288507118638336,-32.0513713953678,-0.5804040760746747,-1.4455727893583512,-1.4523013066703072,0.8197647108386832,-4.7365248946145755,1.8839732,0.80447674,51,0.3695652173913043,445666.1511348026,5696601.127477474,474.21917677039625,0.5745583563693799,-0.18103106319904327,-0.1128849971818795,-32.05137162482501,-0.5804022813210139,-1.4455741893235858,-1.452301536127493,0.8197665055923551,-4.736526294579818,1.8839729,0.8044768,445665.57657644624,5696601.308508537,474.3320617675781,-30.599070088697502,-1.4001687869133588,3.2909521052562245,458,frame_000458.png
891,980,891,139,0.15600448933782268,83,0.5971223021582733,139,51,0.3669064748201439,445665.9779256204,5696601.163816087,474.2417081202237,0.401477804989554,-0.12167339399456978,-0.10353724110444773,-32.1381348813112,-2.235459584264119,-1.9714220696394114,-1.4661512837552664,-0.27186395347538905,-5.514971749943243,1.8677115,0.68847704,51,0.3669064748201439,445665.977925623,5696601.163816087,474.2417081198905,0.40147780760889873,-0.12167339399456978,-0.10353724143760701,-32.13813488117799,-2.2354595715957855,-1.9714220616419496,-1.4661512836220538,-0.27186394080703735,-5.5149717419457716,1.8677115,0.68847704,445665.5764478154,5696601.285489481,474.3452453613281,-30.67198359755594,-1.963595630788737,3.5435496803038244,459,frame_000459.png
871,1046,871,124,0.1423650975889782,78,0.6290322580645161,124,51,0.4112903225806452,445666.18377198896,5696601.2486391915,474.21368142472465,0.5909348407294601,0.0073410216718912125,-0.1416652549628452,-32.14908305210713,-1.3201711557500408,-1.9496537978241744,-1.460542923475515,0.33186773881502063,-6.607601787498538,1.8016443,0.75914085,51,0.4112903225806452,445666.1837719951,5696601.248639202,474.2136814222037,0.5909348468994722,0.007341031916439533,-0.141665257483794,-32.149083045407615,-1.3201711540558003,-1.9496537315464029,-1.460542916775978,0.33186774050926715,-6.60760172122076,1.8016443,0.75914085,445665.59283714823,5696601.24129817,474.3553466796875,-30.688540128631626,-1.652038894565057,4.65794798967437,460,frame_000460.png
865,1038,865,128,0.14797687861271677,78,0.609375,128,48,0.375,445666.14183105604,5696601.234328453,474.20667433356766,0.5333463891874999,0.005978532135486603,-0.14851975822921304,-32.09810195760035,-2.949777565679185,-1.9605688298111108,-1.3580347672626374,0.0376827515481466,-6.353210374508365,1.6890435,0.68564653,48,0.375,445666.1418310559,5696601.234328453,474.20667433354583,0.5333463890710846,0.005978532135486603,-0.1485197582510409,-32.09810195749104,-2.9497775668281765,-1.960568829535422,-1.3580347671533275,0.03768275039914215,-6.353210374232674,1.6890435,0.68564653,445665.60848466685,5696601.228349921,474.3551940917969,-30.74006719033771,-2.9874603172273195,4.392641544697252,461,frame_000461.png
899,992,899,138,0.15350389321468297,89,0.644927536231884,138,63,0.45652173913043476,433674.64976249344,5705467.290759426,1482.3868077317607,-11990.974701879022,8866.079417628236,1008.0361302415263,-134.8991650297436,-16.085532205390276,-99.26874955024255,-104.23678911560741,-11.951545277598086,-102.99824900166183,420.94717,136.07347,63,0.45652173913043476,445666.19994917396,5696601.2137263,474.18775693261205,0.5754848014912568,0.0023845024406909943,-0.1629205576223285,-31.870318594202026,-3.947817987344833,-1.1426787589252196,-1.2079426800658268,0.18616894044737364,-4.872178210344515,1.6584514,0.801673,445665.62446437246,5696601.211341797,474.3506774902344,-30.662375914136206,-4.133986927792196,3.7294994514192834,462,frame_000462.png
886,1043,886,135,0.1523702031602709,91,0.674074074074074,135,47,0.34814814814814815,445666.3637602575,5696600.947058798,474.24150708018414,0.7168243209598586,-0.23240214120596647,-0.09806201161273975,-32.3907126843759,-2.3831219224995195,-1.471450005113212,-1.508013549856372,1.62403188682228,-4.827738619484279,1.9881399,0.7518599,47,0.34814814814814815,445666.3637602455,5696600.94705883,474.2415070728276,0.7168243089690804,-0.23240210860967636,-0.09806201896930133,-32.390712657058536,-2.383122074426428,-1.4714498815795132,-1.5080135225390165,1.6240317348953681,-4.82773849595057,1.9881397,0.75185996,445665.64693593653,5696601.179460939,474.3395690917969,-30.882699134519516,-4.007153809321791,3.3562886143710675,463,frame_000463.png
891,1054,891,131,0.14702581369248036,85,0.648854961832061,131,55,0.4198473282442748,445715.492531411,5696446.875279548,171.34366850108745,49.84331045055296,-154.29537618812174,-302.9885763719594,150.50164101525414,14.901505276130464,-30.52465135521709,-178.65253997425464,18.303786150032778,-34.63914860176516,405.01886,139.0236,55,0.4198473282442748,445666.1685526421,5696601.235219533,474.19817497144015,0.5193316816585138,0.06456379685550928,-0.13406990160672194,-32.144181115352914,-3.6391841660943527,-1.3303674884250118,-1.2983621048617238,-0.23690329219203932,-5.444864734973095,1.733652,0.6931559,445665.64922096045,5696601.170655736,474.3322448730469,-30.8458190104912,-3.40228087390232,4.114497246548081,464,frame_000464.png
899,1059,899,132,0.1468298109010011,86,0.6515151515151515,132,52,0.3939393939393939,445666.26838148414,5696600.99208598,474.2059966934882,0.6190129700116813,-0.16797564923763275,-0.1298492537774223,-31.91935373004312,-2.552822090982077,-1.8011837509431232,-1.3412167630978615,0.9772532094432336,-5.547850710476098,1.7585515,0.6763637,52,0.3939393939393939,445666.26838148676,5696600.99208598,474.20599669376935,0.6190129726310261,-0.16797564923763275,-0.12984925349627474,-31.919353730047973,-2.552822077398718,-1.801183744812547,-1.3412167631027216,0.9772532230265938,-5.547850704345507,1.7585515,0.6763637,445665.64936851413,5696601.1600616295,474.3358459472656,-30.57813696694526,-3.530075300425319,3.746666959532966,465,frame_000465.png
860,1011,860,118,0.1372093023255814,78,0.6610169491525424,118,46,0.3898305084745763,445666.42669014196,5696601.291517803,474.15010590538714,0.7812316233757883,0.13485338911414146,-0.18210845008167098,-31.589470989571428,-2.080897399340262,-0.24490433971701991,-1.2268596664164022,1.0345940802082794,-4.431405057311878,1.7771864,0.6563341,46,0.3898305084745763,445666.4266901487,5696601.291517802,474.15010590564117,0.781231630127877,0.13485338725149632,-0.18210844982763774,-31.589470990314677,-2.0808973613447233,-0.2449043276146504,-1.22685966715963,1.0345941182038132,-4.431405045209516,1.7771864,0.6563341,445665.6454585186,5696601.156664414,474.3322143554688,-30.362611323155036,-3.1154914795485453,4.186500717594871,466,frame_000466.png
889,998,889,150,0.1687289088863892,91,0.6066666666666667,150,63,0.42,445666.1142370631,5696601.1583070215,474.19572495322905,0.4916090767364949,0.004157843068242073,-0.14063979286470385,-31.486906837048153,-2.943593019771101,-0.993094420554242,-1.3011725556367821,-0.11402710941905525,-4.368856489034243,1.658907,0.78578013,63,0.42,445666.1142370631,5696601.1583070215,474.19572495322694,0.4916090767364949,0.004157843068242073,-0.14063979286680706,-31.486906837038344,-2.9435930198117335,-0.9930944204990342,-1.3011725556269766,-0.11402710945966987,-4.36885648897902,1.658907,0.78578013,445665.62262798636,5696601.154149178,474.33636474609375,-30.18573428141138,-2.829565910352057,3.375762068479995,467,frame_000467.png
876,1061,876,147,0.1678082191780822,93,0.6326530612244898,147,53,0.36054421768707484,445666.3333819606,5696601.175177668,474.13495222205995,0.7284579142578878,0.013933329842984676,-0.20037492637754895,-31.670074725615418,-1.0733706760626633,-1.2631209057987576,-1.2892879703183837,1.0974388697120787,-5.707180579891656,1.8718055,0.79059327,53,0.36054421768707484,445666.3333819613,5696601.175177667,474.13495222211344,0.7284579149563797,0.013933328911662102,-0.2003749263240593,-31.670074726047027,-1.0733706707335149,-1.2631209073651164,-1.2892879707499958,1.0974388750412345,-5.7071805814580046,1.8718055,0.79059327,445665.6049240463,5696601.161244338,474.3353271484375,-30.38078675529704,-2.170809545774753,4.444059674092891,468,frame_000468.png
879,1039,879,133,0.15130830489192265,85,0.6390977443609023,133,49,0.3684210526315789,445666.0813972358,5696601.212090512,474.16752600835457,0.4966942286118865,0.025879320688545704,-0.15681481195792912,-31.426926134809662,-2.587583238448882,-2.604916657841439,-1.1265276983546073,0.0014103209502138725,-7.605870913740034,1.6498735,0.78572863,49,0.3684210526315789,445666.081397236,5696601.212090511,474.16752600843955,0.4966942287865095,0.02587931975722313,-0.1568148118729482,-31.426926135026573,-2.58758323677402,-2.604916658876439,-1.1265276985715218,0.0014103226250767875,-7.605870914775039,1.6498735,0.78572863,445665.5847030072,5696601.186211191,474.3243408203125,-30.30039843645506,-2.5889935593990843,5.000954255898598,469,frame_000469.png
892,1007,892,128,0.14349775784753363,72,0.5625,128,52,0.40625,445400.4837894755,5696477.242938701,34.56747534062856,-265.06214169447776,-123.99199194833636,-439.76052758905894,148.88193897207546,-27.273547661228942,-39.43774782837915,178.84218610520446,-26.273674164205374,-44.59618622259609,422.4894,147.28397,52,0.40625,445666.07684339595,5696601.290818353,474.1704321864336,0.530912225949578,0.05588770378381014,-0.1575707432539275,-31.07274828751541,-0.834133414553361,-2.5023198403226528,-1.1125011543863934,0.1657400824702222,-7.660758234539571,1.8571591,0.71024525,445665.54593117,5696601.234930649,474.3280029296875,-29.960247133129002,-0.9998734970235804,5.158438394216922,470,frame_000470.png
905,1005,905,127,0.14033149171270717,79,0.6220472440944882,127,47,0.3700787401574803,445666.04231584375,5696601.288324258,474.1865523038974,0.5083102306816727,0.028897524811327457,-0.13388226641512802,-31.542353626855395,-0.7780703960143124,-3.243137316715518,-1.3864294012051062,0.09772772296423682,-8.979353401674587,1.7561399,0.5834397,47,0.3700787401574803,445666.04231584375,5696601.288324258,474.1865523039255,0.5083102306816727,0.028897524811327457,-0.13388226638699052,-31.542353626923294,-0.7780703958958641,-3.2431373174491807,-1.3864294012730056,0.09772772308267008,-8.979353402408265,1.7561399,0.5834397,445665.53400561307,5696601.2594267335,474.3204345703125,-30.15592422565029,-0.8757981189785365,5.736216084959079,471,frame_000471.png
903,1013,903,132,0.1461794019933555,98,0.7424242424242424,132,50,0.3787878787878788,445665.95969038975,5696601.194939879,474.2086285537315,0.43013259646249935,-0.09293398819863796,-0.10551939548730616,-31.216120823788497,-0.3234365822210639,-4.085613606282946,-1.1628323852027052,-0.002559619977176908,-9.799615255295805,1.8939536,0.72361326,50,0.3787878787878788,445665.95969043457,5696601.194939788,474.2086285733867,0.43013264128239825,-0.0929340785369277,-0.10551937583210247,-31.216120865396803,-0.3234360984056574,-4.085613920096829,-1.1628324268110077,-0.002559136161778497,-9.799615569109676,1.8939537,0.72361326,445665.5295577933,5696601.287873867,474.3141479492188,-30.053288438585806,-0.32087696224388357,5.7140016490128485,472,frame_000472.png
880,983,880,128,0.14545454545454545,86,0.671875,128,54,0.421875,445666.07030055556,5696601.3354725605,474.14654656606075,0.5658209290122613,0.010620390065014362,-0.18157843393925077,-30.96247942824672,0.7329854358912193,-3.459906895808727,-1.212032705559011,0.4187057994610939,-9.428691496608167,1.6619761,0.7326666,54,0.421875,445666.07030055556,5696601.3354725605,474.14654656606075,0.5658209290122613,0.010620390065014362,-0.18157843393925077,-30.962479428246727,0.7329854358907112,-3.4599068958092287,-1.212032705559011,0.4187057994605823,-9.428691496608678,1.6619761,0.7326666,445665.50447962654,5696601.32485217,474.328125,-29.750446722687705,0.3142796364301251,5.9687846007994345,473,frame_000473.png
862,1010,862,120,0.13921113689095127,85,0.7083333333333334,120,50,0.4166666666666667,445666.0291164087,5696601.387025164,474.1912162641904,0.5145909420098178,0.028782565146684647,-0.12348100143458396,-31.066256593811207,-3.4833926319733575,-5.024652663698066,-1.2872983026314841,0.07508984318039325,-12.478434819491355,1.8373442,0.71365577,50,0.4166666666666667,445666.0291164089,5696601.387025164,474.19121626423293,0.5145909421844408,0.028782565146684647,-0.12348100139206508,-31.066256593946303,-3.4833926308615064,-5.024652664196574,-1.287298302766601,0.07508984429225052,-12.478434819989872,1.8373442,0.71365577,445665.5145254667,5696601.358242599,474.314697265625,-29.778958291179713,-3.558482475153753,7.453782155793288,474,frame_000474.png
874,989,874,109,0.12471395881006865,61,0.5596330275229358,109,44,0.4036697247706422,445373.2480571393,5696588.8866047375,9.314927200350837,-292.2675768076442,-12.482031340710819,-464.99525346371166,146.43403111821942,-34.23690717086664,-30.421205950029435,176.3748197991415,-30.995875871944605,-37.321740821520336,412.8783,165.69586,44,0.4036697247706422,445666.05935351766,5696601.409059296,474.1841701283364,0.5437195707345381,0.04042321816086769,-0.12601053572609544,-31.217274422241193,-3.014657041815782,-4.305314528419328,-1.2764857413191066,0.2263742571062437,-11.205849399910221,1.896104,0.62515867,445665.5156339469,5696601.368636078,474.3101806640625,-29.940788680922083,-3.241031298922026,6.9005348714909,475,frame_000475.png
848,997,848,105,0.12382075471698113,77,0.7333333333333333,105,46,0.4380952380952381,445665.86723957764,5696601.419606234,474.21042260543726,0.3995607595425099,0.029056068509817123,-0.15197363479711612,-31.220974763934407,-0.9362284636027057,-3.6788010685093426,-1.1994805483250843,-0.420501656818999,-9.528902565277406,1.7890564,0.5671596,46,0.4380952380952381,445665.86723957735,5696601.419606234,474.2104226053018,0.3995607592514716,0.029056068509817123,-0.151973634932574,-31.220974763784593,-0.936228466335139,-3.678801066971892,-1.1994805481752735,-0.4205016595514337,-9.528902563739962,1.7890564,0.5671596,445665.4676788181,5696601.390550165,474.3623962402344,-30.02149421560933,-0.5157268067837062,5.850101496768074,476,frame_000476.png
848,998,848,121,0.14268867924528303,86,0.7107438016528925,121,50,0.4132231404958678,445665.9262001557,5696601.593954127,474.2257260103098,0.4872887186938897,0.1926128724589944,-0.15861236859649352,-30.984150994347043,1.8539215923652277,-1.4590772833352306,-1.2838925513751747,-0.37039172722671765,-6.179597428448204,1.7992597,0.66457397,50,0.4132231404958678,445665.9262001554,5696601.593954127,474.22572601033534,0.4872887184028514,0.1926128724589944,-0.15861236857097083,-30.984150994267225,1.8539215906115198,-1.4590772839212731,-1.2838925512953665,-0.3703917289804224,-6.1795974290342315,1.7992597,0.66457397,445665.438911437,5696601.401341255,474.3843383789063,-29.70025844297186,2.224313319591949,4.720520145112973,477,frame_000477.png
838,1018,838,102,0.12171837708830549,65,0.6372549019607843,102,38,0.37254901960784315,445661.90159489925,5696587.980035088,433.06019098225715,-3.505753169883974,-13.425011944957078,-41.343068295086596,147.83261823216662,2.3568425198888123,-31.40277508348636,178.1754611921013,1.6645219023909021,-36.5943511939694,257.61896,134.92639,38,0.37254901960784315,445665.8415384835,5696601.616884883,474.23423662135576,0.43419041438028216,0.2118378495797515,-0.1690226559879875,-31.680260414347643,-0.11220231117533228,-1.957526939798431,-1.3374174544129573,-0.8045229286732649,-7.149103050281468,1.6304485,0.8273501,445665.40734806913,5696601.405047033,474.40325927734375,-30.34284295993468,0.6923206174979217,5.191576110483037,478,frame_000478.png
809,1033,809,91,0.11248454882571075,58,0.6373626373626373,91,31,0.34065934065934067,446367.58543776657,5697551.345433309,109.55401155102987,702.2065369051415,949.9372127121314,-364.8512618864701,161.06829752737664,21.10344283701651,51.61150571640947,-173.07931040373137,34.39756508222763,37.37020519719758,395.57358,203.69327,31,0.34065934065934067,445665.80857285677,5696601.1853859285,474.2178312905923,0.4296719953417778,-0.22283466812223196,-0.18744214690769923,-27.583053999120494,-13.126029062885054,-14.546320973381807,-1.7306619302285355,0.16809318232608916,-28.7876214925937,1.6343338,0.64873445,445665.3789008614,5696601.408220597,474.4052734375,-25.85239206889197,-13.294122245211131,14.241300519211897,479,frame_000479.png
876,1050,876,141,0.16095890410958905,89,0.6312056737588653,141,55,0.3900709219858156,-84030741.56316093,258981876.24958083,41999212.81702919,-84476406.88328223,253285275.0812103,41998738.39024086,-169.90808427062194,54.967874697863714,107.40519966233666,168.3667552274489,49.894321448649436,110.39952930000572,374.135,178.99648,55,0.3900709219858156,445665.6508213673,5696601.474315706,474.19717421158606,0.33070006425259635,0.3059451747685671,-0.2296141184920657,20.00444663750916,5.101726089052383,5.304282334209031,-1.7207138644199915,0.028172839838106256,8.298611971878074,1.697923,0.63962144,445665.320121303,5696601.168370531,474.4267883300781,21.725160501929164,5.0735532492142745,-2.9943296376690416,480,frame_000480.png
861,1051,861,111,0.1289198606271777,65,0.5855855855855856,111,47,0.42342342342342343,445665.62612273614,5696601.618949193,474.2401494353812,0.24876261875033379,0.4571750005707145,-0.1651240021187732,42.57693160337841,-4.343221802168084,9.12209720236849,-2.6010829463169216,-0.15729503151231938,16.378737727923664,1.443073,0.6972222,47,0.42342342342342343,445665.6261227358,5696601.618949193,474.24014943535025,0.24876261840108782,0.4571750005707145,-0.16512400214975287,42.57693160333215,-4.343221804343697,9.122097202829263,-2.601082946363192,-0.1572950336879444,16.378737728384436,1.443073,0.6972222,445665.3773601174,5696601.161774192,474.4052734375,45.17801454969534,-4.185926770655762,-7.256640525555174,481,frame_000481.png
816,1025,816,112,0.13725490196078433,80,0.7142857142857143,112,53,0.4732142857142857,445665.53409119445,5696601.957069177,474.24397453566803,0.0795148434699513,0.7014680551365018,-0.1611463139413445,64.66283557207748,0.04507922612888973,10.712307189437643,-4.958600624864289,-0.21987508547468337,18.43857397378443,1.6135705,0.735882,53,0.4732142857142857,445665.53409119364,5696601.957069176,474.2439745357413,0.07951484265504405,0.7014680542051792,-0.16114631386807332,64.66283557179176,0.04507921939071756,10.7123071915232,-4.958600625150041,-0.2198750922128454,18.438573975869986,1.6135705,0.735882,445665.454576351,5696601.255601122,474.4051208496094,69.62143619694179,0.26495431160356353,-7.7262667843467865,482,frame_000482.png
946,927,946,142,0.15010570824524314,83,0.5845070422535211,142,72,0.5070422535211268,445665.32315145474,5696602.213173167,474.25956140224923,-0.16090975858969614,0.49786517303436995,-0.17781652743826726,87.31382978744786,0.08340835596571355,6.034307739854311,-0.3936384190369324,-0.06367794814087802,9.892714595824316,1.7213423,0.7673608,72,0.5070422535211268,445665.3231514544,5696602.213173166,474.2595614022223,-0.1609097589389421,0.49786517210304737,-0.17781652746521104,87.31382978710326,0.08340835040006828,6.034307741459581,-0.39363841938154565,-0.06367795370650242,9.892714597429574,1.7213423,0.7673608,445665.4840612133,5696601.715307994,474.4373779296875,87.70746820648479,0.1470863041065813,-3.858406855970004,483,frame_000483.png
748,913,748,108,0.1443850267379679,64,0.5925925925925926,108,47,0.4351851851851852,445664.79869656917,5696603.010942528,474.27273270355766,-0.5110618875478394,0.6202028589323163,-0.17352584136421,119.16087133980858,-0.9542315624288896,5.383534355773425,-0.9329456775555514,0.6730517829319069,9.225258518866468,1.7468265,0.70166355,47,0.4351851851851852,445664.79869656835,5696603.010942525,474.2727327035975,-0.5110618883627467,0.6202028561383486,-0.17352584132436277,119.16087133851435,-0.954231575372663,5.383534368718352,-0.9329456788497623,0.6730517699881204,9.225258531811392,1.7468265,0.70166355,445665.3097584567,5696602.390739669,474.4462585449219,120.09381701736412,-1.6272833453607856,-3.841724163093036,484,frame_000484.png
779,861,779,109,0.1399229781771502,65,0.5963302752293578,109,46,0.42201834862385323,445664.5401049648,5696603.3663268145,474.2376420368174,-0.60539810359478,0.7023366298526525,-0.19894243583883053,121.92527297028585,-1.5290708412413754,3.3781170911796643,-0.9974774444386298,1.0404739534781413,5.40852084905589,1.5613824,0.7420865,46,0.42201834862385323,445664.5401049636,5696603.366326813,474.23764203700307,-0.6053981048171408,0.7023366279900074,-0.19894243565317993,121.92527297006941,-1.52907084882377,3.3781171041672975,-0.9974774446550327,1.0404739458957408,5.408520862043531,1.5613824,0.7420865,445665.1455030684,5696602.663990185,474.43658447265625,122.92275041472446,-2.5695447947195125,-2.0304037578762375,485,frame_000485.png
732,944,732,111,0.15163934426229508,67,0.6036036036036037,111,45,0.40540540540540543,445664.48027348495,5696603.24961295,474.3011966170434,-0.2751523335464299,0.13176812790334225,-0.13740201576911204,122.10666078454642,-3.3776606990653226,2.1104331662776104,-1.1930881704660123,-1.4030588888739999,2.7342484074066533,1.6883397,0.711483,45,0.40540540540540543,445664.480273485,5696603.24961295,474.3011966170343,-0.2751523334882222,0.13176812790334225,-0.137402015778207,122.10666078451028,-3.3776606993058564,2.1104331660187583,-1.1930881705021363,-1.4030588891145328,2.7342484071477884,1.6883397,0.711483,445664.7554258185,5696603.117844822,474.4385986328125,123.29974895501242,-1.9746018101913223,-0.6238152411290402,486,frame_000486.png
717,925,717,116,0.16178521617852162,68,0.5862068965517241,116,50,0.43103448275862066,445663.9578979998,5696603.665135721,474.2753717655896,-0.6019202513853088,0.33483888395130634,-0.16984918167599972,122.58499862869347,-1.4842586671829274,3.2868397235826596,-1.1444766499933223,0.18370917828107736,4.131712671253638,1.554187,0.74476576,50,0.43103448275862066,445663.9578980001,5696603.665135721,474.27537176559576,-0.6019202510942705,0.33483888395130634,-0.16984918166986063,122.58499862864714,-1.4842586681094516,3.2868397223719037,-1.1444766500396497,0.18370917735455805,4.131712670042873,1.554187,0.74476576,445664.5598182512,5696603.330296837,474.4452209472656,123.72947527868679,-1.667967845464002,-0.8448729476709766,487,frame_000487.png
779,939,779,99,0.12708600770218229,61,0.6161616161616161,99,42,0.42424242424242425,445663.7350333265,5696603.904655779,474.287417869138,-0.641888041747734,0.3578621307387948,-0.15819980664332434,122.98183080972314,-2.7204599407169887,3.3198860313096916,-1.19270430760443,-0.07913695124611309,4.2078469212744665,1.705935,0.67541033,42,0.42424242424242425,445663.7350333273,5696603.90465578,474.2874178690961,-0.6418880409328267,0.3578621316701174,-0.15819980668521794,122.98183080959869,-2.7204599412370314,3.319886026017547,-1.1927043077288886,-0.0791369517661451,4.207846915982316,1.705935,0.67541033,445664.37692136824,5696603.546793648,474.4456176757813,124.17453511732757,-2.6413229894708814,-0.8879608899647693,488,frame_000488.png
782,940,782,108,0.13810741687979539,69,0.6388888888888888,108,50,0.46296296296296297,445663.7034204086,5696604.193864249,474.2996587080371,-0.4877108256332576,0.42940882593393326,-0.14891917282227496,122.68161351716408,-3.0151108963608,3.3012309925384433,-1.3622336096948402,-0.5105060124257648,4.958830199399188,1.6833622,0.722763,50,0.46296296296296297,445663.70342040865,5696604.193864249,474.2996587080388,-0.48771082557504997,0.42940882593393326,-0.14891917282056966,122.68161351714221,-3.0151108966606257,3.301230992438697,-1.3622336097166965,-0.5105060127255854,4.958830199299456,1.6833622,0.722763,445664.1911312342,5696603.764455423,474.4485778808594,124.0438471268589,-2.5046048839350297,-1.6575992068607577,489,frame_000489.png
780,980,780,105,0.1346153846153846,55,0.5238095238095238,105,40,0.38095238095238093,445663.35059301404,5696604.633810149,474.2662754964674,-0.5290148946805857,0.4219459081068635,-0.17674818517321,122.60200093313081,-1.2432419742470469,4.911017099820546,-1.1986779515607964,0.6801878882800452,7.838188814380828,1.6442066,0.7052399,40,0.38095238095238093,445663.35059301276,5696604.633810148,474.2662754965001,-0.5290148959611543,0.4219459071755409,-0.17674818514052504,122.60200093313165,-1.2432419729238269,4.9110171080320235,-1.1986779515599437,0.6801878896032463,7.838188822592315,1.6442066,0.7052399,445663.8796079087,5696604.2118642405,474.4430236816406,123.8006788846916,-1.9234298625270831,-2.92717171456029,490,frame_000490.png
780,959,780,89,0.1141025641025641,56,0.6292134831460674,89,30,0.33707865168539325,445662.8616014223,5696604.587638936,474.24252186987275,-0.8661272150930017,0.1456285249441862,-0.20404185083037873,122.37436892163258,-2.880961930171223,8.087193758449722,-1.2582768932503257,-0.016129115599312627,11.517000792547407,1.9284271,0.58455324,30,0.33707865168539325,445662.8616014221,5696604.587638935,474.2425218698997,-0.8661272153258324,0.14562852401286364,-0.20404185080343495,122.374368921645,-2.880961932684985,8.08719376167379,-1.2582768932379054,-0.01612911811309914,11.51700079577148,1.9284271,0.58455324,445663.7277286374,5696604.442010411,474.4465637207031,123.6326458148829,-2.8648328145718978,-3.429807034097695,491,frame_000491.png
807,967,807,78,0.09665427509293681,48,0.6153846153846154,78,27,0.34615384615384615,445663.06504332967,5696605.089190583,474.238206864224,-0.5252111064619385,0.40677551459521055,-0.18226432718228125,122.47710033055678,-4.421855710905264,5.626967624191444,-1.2000009170755561,-0.1703507943197451,9.085238363632186,1.707717,0.7439201,27,0.34615384615384615,445663.0650433308,5696605.089190584,474.2382068641946,-0.5252111053559929,0.4067755155265331,-0.18226432721172614,122.47710033023091,-4.421855711785713,5.626967616836951,-1.200000917401411,-0.1703507952001928,9.0852383562777,1.707717,0.7439201,445663.59025443613,5696604.682415068,474.4204711914063,123.67710124763232,-4.251504916585515,-3.458270739440755,492,frame_000492.png
769,973,769,90,0.11703511053315994,54,0.6,90,32,0.35555555555555557,445662.85182516853,5696605.311060682,474.2189011658568,-0.6020164043875411,0.3901260579004884,-0.18151997672134712,121.60619121915423,-3.76939534996808,6.450456056380103,-1.3861769175815652,-0.21977498599946443,10.342216099512058,1.9457619,0.6168406,32,0.35555555555555557,445662.85182516824,5696605.311060682,474.21890116586195,-0.6020164046785794,0.3901260579004884,-0.18151997671617437,121.60619121919026,-3.7693953504458806,6.450456058931595,-1.3861769175455265,-0.2197749864772618,10.342216102063531,1.9457619,0.6168406,445663.4538415729,5696604.920934624,474.4004211425781,122.99236813673579,-3.549620363968625,-3.891760043131946,493,frame_000493.png
784,951,784,72,0.09183673469387756,43,0.5972222222222222,72,21,0.2916666666666667,445662.75696364505,5696605.544594508,474.2261006050275,-0.44396790547762066,0.1828025383874774,-0.1695292777849886,121.5864983965228,-3.328408095485538,6.326117729049157,-1.9699901612148096,-0.7877869140752694,10.287783011619183,1.3040934,0.9006233,21,0.2916666666666667,445662.756963645,5696605.544594509,474.2261006052141,-0.4439679055358283,0.18280253931879997,-0.16952927759837166,121.58649839676912,-3.32840809007974,6.326117726061021,-1.9699901609684787,-0.7877869086694602,10.287783008631067,1.3040934,0.9006233,445663.2009315505,5696605.361791969,474.3956298828125,123.5564885577376,-2.540621181410272,-3.9616652825700385,494,frame_000494.png
787,899,787,75,0.09529860228716645,45,0.6,75,28,0.37333333333333335,445662.59973704466,5696605.819117342,474.2329696022828,-0.480215139396023,0.2555286195129156,-0.1840531027953034,122.62501303467016,-2.009410514104627,6.606779452013142,-1.3110733703521191,-0.4635633957961147,10.795431460711256,1.650088,0.7239811,28,0.37333333333333335,445662.5997370418,5696605.81911734,474.23296960238935,-0.4802151422481984,0.25552861765027046,-0.18405310268877884,122.62501303444574,-2.009410515392233,6.6067794728677205,-1.311073370576537,-0.46356339708373184,10.795431481565856,1.650088,0.7239811,445663.07995218405,5696605.563588723,474.4170227050781,123.93608640502227,-1.5458471183085147,-4.188652008698129,495,frame_000495.png
843,939,843,84,0.099644128113879,48,0.5714285714285714,84,30,0.35714285714285715,445662.68020024244,5696605.673836908,474.13798844209,-0.27528649859596044,-0.08907246310263872,-0.2822386086913298,122.45499731414618,-3.981117640021717,5.996396327597957,-1.5718756909693354,-3.183894340557515,9.581611715722204,1.7767701,0.7385015,30,0.35714285714285715,445662.6802002424,5696605.673836909,474.1379884421106,-0.2752864986541681,-0.08907246217131615,-0.2822386086706956,122.45499731420811,-3.981117638796319,5.9963963274670276,-1.5718756909074045,-3.183894339332113,9.581611715591293,1.7767701,0.7385015,445662.95548674103,5696605.762909371,474.4202270507813,124.02687300511552,-0.7972232994641979,-3.585215388124257,496,frame_000496.png
859,898,859,90,0.10477299185098952,48,0.5333333333333333,90,30,0.3333333333333333,445662.2423771643,5696606.363137076,474.22743726839235,-0.5778371538035572,0.41816745698451996,-0.19449876676389977,122.89516752224681,-1.1694036667176064,5.1967908249433306,-1.4621965506332515,-0.04813034886174705,8.118441692356527,1.763276,0.621025,30,0.3333333333333333,445662.2423771641,5696606.363137073,474.227437268414,-0.5778371540363878,0.41816745419055223,-0.19449876674224242,122.89516752088986,-1.1694036784441761,5.196790834041202,-1.4621965519901892,-0.04813036058831699,8.118441701454401,1.763276,0.621025,445662.8202143181,5696605.944969619,474.42193603515625,124.35736407288006,-1.1212733178558496,-2.9216508674132036,497,frame_000497.png
887,891,887,76,0.08568207440811725,50,0.6578947368421053,76,34,0.4473684210526316,445662.03853675775,5696606.570079257,474.2921277354083,-0.49675457004923373,0.2539117746055126,-0.1293505360760605,123.18148011389047,-6.024747201422074,5.392235601092971,-1.6365025417028392,0.303806459086843,8.342453372038904,1.6038276,0.7857248,34,0.4473684210526316,445662.038536759,5696606.570079255,474.292127735035,-0.49675456882687286,0.25391177274286747,-0.12935053644935124,123.18148011309904,-6.024747217539514,5.392235602714524,-1.63650254249427,0.3038064429694032,8.342453373660476,1.6038276,0.7857248,445662.5352913278,5696606.316167482,474.4214782714844,124.8179826555933,-6.328553660508921,-2.9502177709459425,498,frame_000498.png
936,885,936,86,0.09188034188034189,53,0.6162790697674418,86,35,0.4069767441860465,445661.8784880713,5696606.681203521,474.2806080298185,-0.5229401085525751,0.20523155573755503,-0.1016856713533798,123.54205439902782,-13.033026976222391,5.072510050777262,-1.3967210359984108,-0.5048519481004234,7.727697048398852,1.8828877,0.75963855,35,0.4069767441860465,445661.87848807184,5696606.681203522,474.28060802983686,-0.5229401080287062,0.2052315566688776,-0.10168567133501938,123.54205439791434,-13.033026970024368,5.07251004318888,-1.396721037111888,-0.5048519419023876,7.727697040810483,1.8828877,0.75963855,445662.4014281799,5696606.475971965,474.3822937011719,124.93877543502623,-12.528175028121971,-2.655186997621596,499,frame_000499.png
928,881,928,80,0.08620689655172414,53,0.6625,80,33,0.4125,445661.66114462307,5696607.122381978,474.30443460691055,-0.6357126141665503,0.5377462385222316,-0.08408468019882775,123.1078816320816,-4.409138884672548,4.716521682801747,-1.4324687385683887,1.5121842774315724,7.482356150079767,1.821908,0.6043853,33,0.4125,445661.66114462615,5696607.122381974,474.30443460665583,-0.6357126110815443,0.5377462347969413,-0.08408468045354311,123.10788163106581,-4.409138915077468,4.716521681150065,-1.4324687395841806,1.5121842470266529,7.482356148428096,1.821908,0.6043853,445662.29685723723,5696606.584635739,474.3885192871094,124.54035037065,-5.921323162104119,-2.765834467278031,500,frame_000500.png
897,904,897,84,0.09364548494983277,51,0.6071428571428571,84,30,0.35714285714285715,445661.70308231725,5696607.0703919,474.2895311854879,-0.45017054630443454,0.36984188947826624,-0.13921026959025085,122.99290796986298,-3.7409518940401862,4.441933943162058,-1.4185219776346685,0.841724251491371,7.045344446952299,1.7641157,0.59968054,30,0.35714285714285715,445661.7030823184,5696607.0703919,474.2895311855037,-0.4501705451402813,0.36984188947826624,-0.13921026957444838,122.99290796951955,-3.7409519005745793,4.441933939036319,-1.418521977978088,0.8417242449569926,7.0453444428265755,1.7641157,0.59968054,445662.15325286356,5696606.70055001,474.4287414550781,124.41142994749764,-4.582676145531568,-2.6034105037902457,501,frame_000501.png
909,885,909,93,0.10231023102310231,53,0.5698924731182796,93,27,0.2903225806451613,445661.692371698,5696606.78262912,474.2794733203396,-0.44551967992447317,0.06660016719251871,-0.16532038083227008,123.06605671525007,-2.6056906493832845,6.437872871184535,-1.5553556656417413,-0.6904366847482777,10.065962307465583,1.5655723,0.741763,27,0.2903225806451613,445661.6923716988,5696606.782629122,474.2794733201432,-0.4455196791095659,0.06660016905516386,-0.1653203810286641,123.0660567153595,-2.605690646102341,6.437872863291663,-1.5553556655323177,-0.6904366814673324,10.065962299572703,1.5655723,0.741763,445662.1378913779,5696606.716028953,474.4447937011719,124.62141238089183,-1.9152539646350009,-3.6280894362810536,502,frame_000502.png
903,900,903,94,0.10409745293466224,52,0.5531914893617021,94,32,0.3404255319148936,445661.8146449404,5696606.781519099,474.2821419924245,-0.3101658322266303,0.04893849231302738,-0.16777866187237578,123.27852977825458,-3.864465452981616,5.813082988105228,-1.4742163950302825,-1.3203822945938555,9.435639291534358,1.8792361,0.6048388,32,0.3404255319148936,445661.81464494014,5696606.781519101,474.2821419924172,-0.31016583245946094,0.04893849417567253,-0.16777866187965174,123.27852977855933,-3.8644654444717,5.8130829839322065,-1.4742163947255449,-1.320382286083941,9.43563928736134,1.8792361,0.6048388,445662.1248107726,5696606.732580607,474.4499206542969,124.75274617328488,-2.5440831583877483,-3.622556303429126,503,frame_000503.png
909,889,909,90,0.09900990099009901,56,0.6222222222222222,90,32,0.35555555555555557,445661.6840315632,5696607.2721535135,474.218642636904,-0.43317463650600985,0.5264449650421739,-0.22291620098661724,123.34329945055899,-0.7542166287318132,4.522734958610891,-1.2364842813713892,1.7200035161261553,7.818707361452283,1.7630363,0.7075465,32,0.35555555555555557,445661.6840315638,5696607.2721535135,474.21864263683653,-0.43317463592393324,0.5264449650421739,-0.22291620105409038,123.34329945059478,-0.7542166299239975,4.522734955409824,-1.2364842813356063,1.7200035149339783,7.818707358251203,1.7630363,0.7075465,445662.11720619973,5696606.745708548,474.4415588378906,124.57978373193038,-2.474220144857963,-3.2959724028413806,504,frame_000504.png
910,891,910,95,0.1043956043956044,58,0.6105263157894737,95,35,0.3684210526315789,445661.66323679755,5696607.136954329,474.3202797437403,-0.41997623443603516,0.3389170579612255,-0.1311973070410204,122.63984564465538,-3.865514430832593,5.1237777821506345,-1.5277330269259153,0.5114505653272658,8.263672894440361,1.8097464,0.6373829,35,0.3684210526315789,445661.6632367981,5696607.136954328,474.32027974370567,-0.4199762339121662,0.33891705702990294,-0.13119730707563804,122.63984564434408,-3.865514437054123,5.123777782699637,-1.5277330272372183,0.5114505591057252,8.263672894989384,1.8097464,0.6373829,445662.083213032,5696606.798037271,474.4514770507813,124.1675786715813,-4.376964996159848,-3.1398951122897323,505,frame_000505.png
920,902,920,79,0.08586956521739131,58,0.7341772151898734,79,36,0.45569620253164556,445661.63395381067,5696607.111358808,474.2587914734094,-0.4201314132078551,0.27489951718598604,-0.172757598856208,123.3189946853898,-3.4441336454601488,4.830989757550841,-1.4735011290372313,0.1617047824238682,7.682111701290751,1.6588145,0.7684517,36,0.45569620253164556,445661.6339538089,5696607.111358805,474.2587914739249,-0.4201314149540849,0.27489951346069574,-0.17275759834075188,123.31899468568686,-3.4441336577633503,4.830989778041784,-1.4735011287401676,0.16170477012067863,7.682111721781695,1.6588145,0.7684517,445662.0540852239,5696606.836459291,474.4315490722656,124.79249581442704,-3.6058384278840228,-2.8511219437399067,506,frame_000506.png
887,910,887,97,0.10935738444193913,64,0.6597938144329897,97,31,0.31958762886597936,445661.4254978135,5696607.223889478,474.27652072862116,-0.6071098386310041,0.3839528104290366,-0.15560817762883516,123.17472160161326,-2.1293041552102254,5.016097665681849,-1.4889361135863908,1.3931072677328018,7.4994637958286035,1.6717967,0.7243775,31,0.31958762886597936,445661.4254978134,5696607.223889475,474.2765207287888,-0.6071098387474194,0.3839528076350689,-0.15560817746120392,123.17472160083054,-2.1293041723220485,5.01609767758822,-1.4889361143690962,1.3931072506209716,7.499463807734969,1.6717967,0.7243775,445662.03260765213,5696606.839936667,474.43212890625,124.66365771519965,-3.5224114229430237,-2.4833661301467616,507,frame_000507.png
903,904,903,106,0.11738648947951273,72,0.6792452830188679,106,34,0.32075471698113206,445661.8942916464,5696607.313295081,474.1275447849775,-0.12476075923768803,0.47668575309216976,-0.2913700099443872,123.46601991924197,-4.030736250038591,1.6837056534108126,-1.480417075767491,0.3154963992640205,3.69725627368328,1.5948873,0.84419936,34,0.32075471698113206,445661.89429164655,5696607.313295081,474.127544784958,-0.12476075906306505,0.47668575309216976,-0.2913700099638845,123.46601991924841,-4.030736250044665,1.6837056524679652,-1.4804170757610393,0.31549639925793826,3.697256272740418,1.5948873,0.84419936,445662.0190524056,5696606.836609328,474.4189147949219,124.94643699500945,-4.3462326493026,-2.013550620272459,508,frame_000508.png
937,888,937,101,0.10779082177161152,62,0.6138613861386139,101,31,0.3069306930693069,445661.69099925685,5696606.908889085,474.28225422367547,-0.3235524740302935,0.12164385803043842,-0.1602201415589093,123.13126185301884,-3.542577964581993,5.164807712946206,-1.4693162662801456,-0.8096482924284203,8.193842244364731,1.6891263,0.7023514,31,0.3069306930693069,445661.69099925685,5696606.908889085,474.2822542236775,-0.3235524740302935,0.12164385803043842,-0.16022014155686293,123.1312618530033,-3.5425779656696017,5.164807713776482,-1.4693162662956638,-0.8096482935160338,8.193842245195015,1.6891263,0.7023514,445662.0145517309,5696606.787245227,474.4424743652344,124.60057811929897,-2.7329296721535594,-3.029034531418537,509,frame_000509.png
925,878,925,107,0.11567567567567567,72,0.6728971962616822,107,34,0.3177570093457944,445661.56656147965,5696607.202770382,474.29828666560076,-0.4506850181496702,0.4286129791289568,-0.1432111371336191,123.35714344233794,-1.6318200429279806,4.3351961596243624,-1.5019195394171447,1.1696881915224822,7.0127362633276675,1.7672161,0.63376194,34,0.3177570093457944,445661.5665614878,5696607.202770377,474.298286664578,-0.4506850100005977,0.42861297354102135,-0.14321113815640274,123.35714343903139,-1.6318200951587076,4.335196137033649,-1.5019195427236696,1.1696881392917362,7.012736240736956,1.7672161,0.63376194,445662.0172464978,5696606.774157403,474.4414978027344,124.85906298175507,-2.8015082344504565,-2.677540103703294,510,frame_000510.png
895,913,895,96,0.10726256983240223,52,0.5416666666666666,96,34,0.3541666666666667,445661.74322920607,5696607.066888966,474.2209357960767,-0.27745187003165483,0.3194184163585305,-0.2146110789233262,123.39785698128408,-2.657883623851033,3.347731537370288,-1.5383903509250558,-0.2350773274847029,5.51733833055539,1.9507118,0.7187942,34,0.3541666666666667,445661.74322920776,5696607.066888969,474.220935795305,-0.27745186834363267,0.3194184200838208,-0.21461107969497561,123.39785698149504,-2.6578836104938257,3.347731516415957,-1.5383903507140815,-0.23507731412749422,5.517338309601058,1.9507118,0.7187942,445662.0206810761,5696606.747470549,474.435546875,124.93624733220912,-2.422806296366342,-2.1696067931851077,511,frame_000511.png
890,906,890,90,0.10112359550561797,49,0.5444444444444444,90,31,0.34444444444444444,445661.62412480346,5696607.155108956,474.24846081600634,-0.38702321238815784,0.43074681237339973,-0.17518420352496378,122.99275706727308,-1.9831287989302302,3.4916813304202505,-1.5495397240606223,0.9471692035491515,5.542361708428956,1.9121271,0.5809057,31,0.34444444444444444,445661.6241248031,5696607.155108955,474.2484608160222,-0.3870232127374038,0.43074681144207716,-0.17518420350910446,122.99275706738882,-1.9831288016018929,3.4916813349213025,-1.5495397239448607,0.9471692008775108,5.542361712930017,1.9121271,0.5809057,445662.01114801585,5696606.724362143,474.4236450195313,124.5422967913337,-2.930298002479395,-2.0506803780087037,512,frame_000512.png
930,862,930,96,0.1032258064516129,57,0.59375,96,32,0.3333333333333333,445661.6100116796,5696606.869271882,474.2348177327553,-0.3990742337773554,0.15484493039548397,-0.18391395669783606,122.86497754529043,-2.989753891653575,4.099887951875763,-1.4510438501715726,-0.43800296825605756,5.8313557096020645,1.8512552,0.861476,32,0.3333333333333333,445661.6100116808,5696606.86927188,474.23481773260465,-0.3990742325549945,0.15484492853283882,-0.18391395684847112,122.86497754443374,-2.989753907305169,4.0998879532173405,-1.4510438510282597,-0.43800298390766557,5.831355710943626,1.8512552,0.861476,445662.00908591336,5696606.7144269515,474.4187316894531,124.31602139546202,-2.5517509233975124,-1.7314677577262871,513,frame_000513.png
911,895,911,89,0.09769484083424808,51,0.5730337078651685,89,32,0.3595505617977528,445661.59354801226,5696607.013451904,474.24516615056757,-0.40784583118511364,0.3135700626298785,-0.17878404474492982,122.89568427348014,-2.0035598911151986,3.5038599514424114,-1.4851706045355968,0.4397215596076478,5.152370456346603,1.7945106,0.6650453,32,0.3595505617977528,445661.59354801057,5696607.013451909,474.24516615061145,-0.4078458328731358,0.3135700672864914,-0.1787840447010467,122.89568427460836,-2.0035598666422096,3.5038599473686034,-1.4851706034073686,0.4397215840806439,5.152370452272777,1.7945106,0.6650453,445662.00139384344,5696606.699881841,474.4239501953125,124.38085487801573,-2.443281450722849,-1.6485105049041817,514,frame_000514.png
863,900,863,87,0.10081112398609501,49,0.5632183908045977,87,31,0.3563218390804598,445661.78598178324,5696607.0984474225,474.17300961345944,-0.21030823938781396,0.4144399194046855,-0.2587530818530581,123.15307760688759,-1.7633469212625281,1.6324596492607704,-1.4997822411829986,0.30024140920835407,2.8000899850246697,1.8220726,0.74393535,31,0.3563218390804598,445661.78598178364,5696607.098447422,474.17300961342045,-0.21030823898036033,0.4144399184733629,-0.2587530818920527,123.15307760661949,-1.7633469269520212,1.6324596500579847,-1.4997822414511006,0.30024140351886786,2.8000899858218986,1.8220726,0.74393535,445661.9962900226,5696606.684007503,474.4317626953125,124.65285984807059,-2.0635883304708926,-1.1676303357639084,515,frame_000515.png
877,882,877,83,0.09464082098061574,57,0.6867469879518072,83,28,0.3373493975903614,445661.59439216054,5696606.700533285,474.2273965652368,-0.4028271127026528,0.04919170215725899,-0.20555631562257304,122.65677419669407,-3.1978429945139077,4.251376478357346,-1.786623148429669,-0.9552423403875139,5.813920924785748,1.425696,0.72293293,28,0.3373493975903614,445661.5943921652,5696606.700533287,474.22739656530956,-0.40282710804603994,0.04919170401990414,-0.20555631554981346,122.65677419586697,-3.197842998014152,4.251376447484562,-1.7866231492567692,-0.9552423438877611,5.813920893912979,1.425696,0.72293293,445661.99721927324,5696606.651341583,474.4329528808594,124.44339734512374,-2.2426006541263863,-1.5625444464284155,516,frame_000516.png
924,907,924,102,0.11038961038961038,58,0.5686274509803921,102,34,0.3333333333333333,445661.6706401692,5696606.908357667,474.23920984875446,-0.33225025719730183,0.27199044451117516,-0.19941930163616917,122.83493854882512,-2.725832299313825,5.465014512288953,-1.6948447819674186,-0.4433051246913067,8.81849259463553,1.8057315,0.79517365,34,0.3333333333333333,445661.6706401697,5696606.908357668,474.2392098485684,-0.3322502566734329,0.27199044544249773,-0.19941930182221768,122.83493854889194,-2.7258322962172072,5.4650145065861455,-1.6948447819005992,-0.4433051215947046,8.818492588932713,1.8057315,0.79517365,445662.0028904264,5696606.636367222,474.4386291503906,124.52978333079254,-2.2825271746225124,-3.3534780823465655,517,frame_000517.png
881,877,881,91,0.10329171396140749,51,0.5604395604395604,91,30,0.32967032967032966,445661.5866708425,5696606.5233452115,474.2748280632334,-0.4229146800353192,-0.10026413202285767,-0.16773785473543512,122.35245898846405,-3.3739246514856025,6.337127287992237,-1.698983462383353,-1.6843353673632748,9.402871906393301,1.9629194,0.5490421,30,0.32967032967032966,445661.5866708457,5696606.5233452255,474.2748280626046,-0.42291467683389783,-0.10026411805301905,-0.16773785536418018,122.35245899155781,-3.373924590234812,6.337127227018433,-1.6989834592895932,-1.6843353061125015,9.402871845419497,1.9629194,0.5490421,445662.0095855225,5696606.623609344,474.4425659179688,124.05144245084739,-1.6895892841223181,-3.0657446184010637,518,frame_000518.png
935,887,935,91,0.09732620320855614,57,0.6263736263736264,91,28,0.3076923076923077,445661.84256294614,5696606.937984594,474.22881579564523,-0.17144165543140844,0.33196564577519894,-0.21140026880789264,122.1966329221426,-3.587289014716766,2.6295007436306017,-1.5949312133640206,-0.25164649968721164,4.5230238972583265,1.750419,0.7174988,28,0.3076923076923077,445661.8425629453,5696606.937984587,474.22881579654813,-0.1714416562463157,0.33196563832461834,-0.21140026790499178,122.19663292044281,-3.587289049593695,2.629500771817472,-1.5949312150638093,-0.251646534564145,4.523023925445187,1.750419,0.7174988,445662.0140046016,5696606.606018948,474.4402160644531,123.7915641355066,-3.335642515029551,-1.8935231536277244,519,frame_000519.png
927,880,927,94,0.10140237324703344,62,0.6595744680851063,94,39,0.4148936170212766,445661.60364053486,5696606.650898675,474.262142549123,-0.41598692908883095,0.07596923410892487,-0.1595188278301407,122.16000590390038,-6.2079584272330965,4.3155402645814585,-1.6754536864063994,-0.12457555740340354,5.3371676769604335,1.6491064,0.79462767,39,0.4148936170212766,445661.603640535,5696606.650898677,474.2621425490571,-0.4159869289724156,0.07596923597157001,-0.15951882789602223,122.16000590395382,-6.20795842038334,4.315540259123935,-1.6754536863529665,-0.12457555055365788,5.337167671502897,1.6491064,0.79462767,445662.01962746395,5696606.574929441,474.4216613769531,123.83545959030677,-6.0833828698296895,-1.02162741237897,520,frame_000520.png
911,883,911,86,0.09440175631174534,44,0.5116279069767442,86,29,0.3372093023255814,445661.82487937936,5696606.750214858,474.25048609790707,-0.32592150615528226,0.23378123249858618,-0.10199192943667867,123.15923112213791,-6.5787369430976375,5.129237613712973,-1.3128406154184518,-0.19322778527168794,8.365419561602096,1.8317463,0.81023544,29,0.3372093023255814,445661.82487937924,5696606.750214851,474.25048609801655,-0.3259215062716976,0.23378122597932816,-0.10199192932719825,123.15923112199522,-6.578736976126919,5.129237636187204,-1.3128406155611572,-0.1932278183009828,8.365419584076335,1.8317463,0.81023544,445662.1508008855,5696606.5164336255,474.35247802734375,124.47207173755638,-6.385509157825941,-3.23618194788912,521,frame_000521.png
851,880,851,72,0.0846063454759107,45,0.625,72,23,0.3194444444444444,445661.9633536432,5696606.962992221,474.22542957541856,-0.39523334527621046,0.5594771252945065,-0.19516368630024772,122.42926462877503,-0.6718686807206179,6.639193689400445,-1.511248871611997,1.7056122766061037,12.031335624043578,1.8618553,0.72544277,23,0.3194444444444444,445661.9633536435,5696606.96299222,474.22542957551354,-0.39523334498517215,0.559477124363184,-0.19516368620526237,122.42926462865745,-0.6718686846596178,6.6391936902693205,-1.5112488717295491,1.7056122726671106,12.031335624912458,1.8618553,0.72544277,445662.35858698847,5696606.403515096,474.4205932617188,123.94051350038701,-2.377480957326722,-5.392141934643135,522,frame_000522.png
819,886,819,82,0.10012210012210013,43,0.524390243902439,82,27,0.32926829268292684,445662.1853947762,5696606.783405263,474.2595336268989,-0.36615596542833373,0.4798781108111143,-0.20045782817925328,122.75684306980204,0.9589281388745072,7.812131113065063,-1.466854368284487,1.4940386996196366,14.442363559700766,1.9029974,0.57288826,27,0.32926829268292684,445662.18539477594,5696606.783405258,474.25953362712596,-0.36615596571937203,0.47987810615450144,-0.20045782795216383,122.75684306770391,0.9589281195379503,7.8121311279842685,-1.466854370382606,1.4940386802830687,14.442363574619975,1.9029974,0.57288826,445662.55155074166,5696606.303527152,474.4599914550781,124.22369743808652,-0.5351105607451163,-6.6302324466357065,523,frame_000523.png
794,878,794,79,0.09949622166246852,50,0.6329113924050633,79,26,0.3291139240506329,445662.06997167,5696606.9534967905,474.22104783252394,-0.5301059659686871,0.3380780825391412,-0.20891432567918855,122.20698566110444,1.509953581010109,8.052693908770493,-1.6778937771691176,0.4089282397758893,13.454741428135037,1.7008089,0.65385383,26,0.3291139240506329,445662.06997167034,5696606.953496791,474.22104783247664,-0.5301059656194411,0.33807808347046375,-0.20891432572648228,122.20698566139217,1.5099535822923906,8.052693905507777,-1.6778937768814046,0.40892824105816317,13.45474142487231,1.7008089,0.65385383,445662.60007763596,5696606.615418708,474.4299621582031,123.88487943827357,1.10102534123423,-5.4020475193645305,524,frame_000524.png
874,872,874,96,0.10983981693363844,62,0.6458333333333334,96,26,0.2708333333333333,445662.04521261697,5696607.399445225,474.23817878260576,-0.4517306539346464,0.6097949147224426,-0.19166130528486747,123.12905155334302,-6.844627086868397,5.985045976258231,-1.5419376415127317,1.534516977491279,10.819120513468107,1.7931275,0.7033142,26,0.2708333333333333,445662.0452126176,5696607.399445225,474.23817878256006,-0.45173065329436213,0.6097949147224426,-0.19166130533056958,123.12905155290468,-6.844627088744378,5.985045972941622,-1.5419376419510797,1.534516975615304,10.819120510151492,1.7931275,0.7033142,445662.4969432709,5696606.78965031,474.4298400878906,124.67098919485576,-8.379144064359682,-4.834074537209878,525,frame_000525.png
900,921,900,85,0.09444444444444444,53,0.6235294117647059,85,29,0.3411764705882353,445662.1285169278,5696607.034229778,474.29940100349035,-0.2756151193170808,0.11674459837377071,-0.11276940666590463,122.5314577960133,-8.461258168044692,5.302359664690311,-1.75407516806672,-1.7350781870007381,8.8216518117502,1.6459308,0.7638614,29,0.3411764705882353,445662.12851692934,5696607.034229776,474.29940100363496,-0.27561511780368164,0.11674459651112556,-0.11276940652129497,122.53145779515417,-8.461258182963961,5.302359663332446,-1.7540751689258514,-1.735078201920004,8.821651810392353,1.6459308,0.7638614,445662.40413204714,5696606.917485179,474.41217041015625,124.28553296408,-6.726179981043967,-3.519292147059904,526,frame_000526.png
870,920,870,100,0.11494252873563218,55,0.55,100,33,0.33,445661.93532992026,5696607.573397532,474.23356023167185,-0.4559807970072143,0.634989152662456,-0.18880304957815497,122.57162826468304,-4.0718733693520734,5.732119630726065,-1.5922880307557818,1.8306688846413692,10.43870664532568,1.6471282,0.6791081,33,0.33,445661.93532992114,5696607.573397532,474.2335602316115,-0.45598079613409936,0.634989152662456,-0.18880304963852268,122.57162826432014,-4.071873375592686,5.732119628496466,-1.5922880311186987,1.8306688784007576,10.438706643096083,1.6471282,0.6791081,445662.39131071727,5696606.938408379,474.42236328125,124.16391629543882,-5.902542253993449,-4.706587014599609,527,frame_000527.png
853,926,853,92,0.10785463071512309,53,0.5760869565217391,92,28,0.30434782608695654,445661.9858916384,5696607.597209133,474.2197224936071,-0.40488346031634137,0.577015645802021,-0.22534586576790616,144.67315018827122,-1.4344957277254817,5.459581143787847,-2.7765024914044147,0.8955068490931524,11.441048881860013,1.8683949,0.6510754,28,0.30434782608695654,445661.9858916407,5696607.597209132,474.21972249358225,-0.40488345798803493,0.5770156448706985,-0.22534586579274674,144.67315018775653,-1.4344957444863282,5.4595811435860515,-2.7765024919191035,0.8955068323323019,11.441048881658219,1.8683949,0.6510754,445662.3907750987,5696607.020193487,474.445068359375,147.44965267967564,-2.3300025768186416,-5.981467738072179,528,frame_000528.png
1092,894,1092,91,0.08333333333333333,58,0.6373626373626373,91,27,0.2967032967032967,445661.96222158975,5696606.988565958,474.30026730145687,-0.31051095004659146,-0.23475733119994402,-0.20675174151193687,-178.78065271397844,3.4667064115406903,9.94256919089222,-1.845122952406257,-1.3259608736370865,17.26438388896085,1.8467481,0.653795,27,0.2967032967032967,408875.55690243427,5698627.450889442,-83205.23006675408,-36786.71583010553,2020.227566152811,-83679.73708579705,-84.70240091064167,-3.499948508630895,-146.68049607211793,92.23312885093048,-8.292615793808693,-139.3586813740493,324.54672,135.61009,445662.2727325398,5696607.223323289,474.5070190429688,-176.93552976157218,4.792667285177786,-7.321814698068636,529,frame_000529.png
974,896,974,88,0.09034907597535935,54,0.6136363636363636,88,29,0.32954545454545453,445661.86734965193,5696606.641808827,474.25998220186773,-0.08865345094818622,-0.487906395457685,-0.29696359891357815,-172.15586722015126,6.8052829534391,5.7169816580208055,-2.4017347394625403,-0.8111544999520959,7.625716401373779,1.7705525,0.76441854,29,0.32954545454545453,445661.86734965193,5696606.641808828,474.2599822018644,-0.08865345094818622,-0.4879063945263624,-0.2969635989169319,-172.15586721974867,6.8052829531971595,5.716981655895656,-2.401734739059947,-0.8111545001940499,7.625716399248631,1.7705525,0.76441854,445661.9560031029,5696607.129715223,474.5569458007813,-169.75413248068872,7.616437453391206,-1.9087347433529713,530,frame_000530.png
1005,897,1005,119,0.11840796019900497,68,0.5714285714285714,119,31,0.2605042016806723,445661.20818809717,5696606.827074214,474.29763414878647,-0.41340835840674117,-0.1548879286274314,-0.21777722816665346,-170.87288199158715,5.195671742112448,4.729461546483108,-1.5096364443865582,-0.7118087703383082,8.312962608639225,1.9512582,0.80290216,31,0.2605042016806723,445661.20818809676,5696606.827074214,474.29763414873463,-0.4134083588141948,-0.1548879286274314,-0.21777722821849466,-170.87288199188336,5.195671744690148,4.729461548582622,-1.5096364446827693,-0.7118087677606013,8.312962610738737,1.9512582,0.80290216,445661.6215964556,5696606.9819621425,474.5154113769531,-169.3632455472006,5.907480512450752,-3.5835010621561048,531,frame_000531.png
1045,899,1045,106,0.10143540669856459,58,0.5471698113207547,106,34,0.32075471698113206,445660.77805835876,5696606.449340509,474.29871907389884,-0.4436613844591193,-0.4264442166313529,-0.2200187190699694,-171.37855984962033,6.880170579309615,7.528648178414296,-1.8586555962979219,0.3102158806413229,12.076580560791797,1.8507683,0.6800679,34,0.32075471698113206,445660.7780583587,5696606.449340509,474.2987190738937,-0.44366138451732695,-0.4264442166313529,-0.2200187190750853,-171.37855984961826,6.88017057939759,7.5286481783830865,-1.858655596295847,0.3102158807293165,12.07658056076059,1.8507683,0.6800679,445661.2217197432,5696606.875784726,474.5187377929688,-169.5199042533224,6.569954698668286,-4.547932382377494,532,frame_000532.png
998,855,998,124,0.12424849699398798,69,0.5564516129032258,124,45,0.3629032258064516,445660.5292199206,5696606.654818893,474.2817649574624,-0.465825169114396,-0.18903873488307,-0.22482683941257164,-171.31084497159134,6.223501304343774,6.587406168864137,-1.8074627429335521,-0.10237782360349001,11.612898188025582,1.8405778,0.8036128,45,0.3629032258064516,445660.52921991947,5696606.654818894,474.28176495738444,-0.46582517022034153,-0.18903873395174742,-0.22482683949056081,-171.31084496980534,6.223501309427872,6.587406158550999,-1.8074627411475603,-0.10237781851938621,11.612898177712424,1.8405778,0.8036128,445660.9950450897,5696606.843857628,474.506591796875,-169.50338222865778,6.325879127947264,-5.025492019161435,533,frame_000533.png
974,834,974,113,0.11601642710472279,72,0.6371681415929203,113,43,0.3805309734513274,445660.39856334025,5696606.542531174,474.2955673660719,-0.3507129219942726,-0.2736945375800133,-0.20763697963121786,-171.16242859307837,4.9133624793816,8.113637231522315,-1.6154405520588284,-1.1217351299386564,14.047465995495259,1.8432192,0.68170685,43,0.3805309734513274,445660.39856334054,5696606.542531174,474.29556736608,-0.3507129217032343,-0.2736945375800133,-0.2076369796231461,-171.16242859294258,4.913362477757115,8.113637230726148,-1.6154405519230295,-1.121735131563156,14.047465994699081,1.8432192,0.68170685,445660.74927626224,5696606.816225711,474.5032043457031,-169.54698804101955,6.035097609320262,-5.9338287639729295,534,frame_000534.png
925,819,925,115,0.12432432432432433,73,0.6347826086956522,115,35,0.30434782608695654,445659.8203275132,5696606.494754508,474.26396263810983,-0.6599627478281036,-0.2893832502886653,-0.24061499860897584,-170.9521805594264,4.763326768133088,7.754519714496175,-1.4842508031820216,0.11942155732012338,13.40932879894413,1.7335217,0.64410293,35,0.30434782608695654,445659.8203275124,5696606.49475451,474.2639626380864,-0.6599627486430109,-0.28938324842602015,-0.24061499863239533,-170.95218055790355,4.763326770927377,7.7545197000568,-1.484250801659158,0.11942156011440375,13.409328784504766,1.7335217,0.64410293,445660.48029026104,5696606.784137758,474.5045776367188,-169.4679297562444,4.643905210812975,-5.654809084447956,535,frame_000535.png
984,876,984,128,0.13008130081300814,84,0.65625,128,42,0.328125,445659.5142894841,5696606.415963273,474.2863198689484,-0.39432130299974233,-0.29438887257128954,-0.20696626386410344,-170.90429321113913,3.0527896564314214,8.170544779300194,-1.5695676835690904,-0.29694285274391063,14.019859954041664,1.5726855,0.7270088,42,0.328125,445659.5142894841,5696606.415963273,474.28631986894663,-0.39432130299974233,-0.29438887257128954,-0.20696626386586559,-170.90429321112384,3.052789656499416,8.17054477906424,-1.5695676835537995,-0.2969428526759259,14.019859953805735,1.5726855,0.7270088,445659.9086107871,5696606.710352145,474.4932861328125,-169.33472552757004,3.3497325091753316,-5.849315174741481,536,frame_000536.png
985,826,985,121,0.12284263959390863,83,0.6859504132231405,121,44,0.36363636363636365,445659.07374749304,5696606.4510136,474.28205039630336,-0.5419530209037475,-0.22415509913116693,-0.2054679142435134,-170.77100166555442,2.7089050157069323,7.607389762468253,-1.6074247970468036,0.02306345666718812,13.474338143970186,1.9067467,0.68885064,44,0.36363636363636365,445659.07374749304,5696606.4510136,474.28205039630143,-0.5419530209037475,-0.22415509913116693,-0.20546791424544608,-170.77100166555203,2.7089050157489476,7.607389762472732,-1.6074247970444162,0.02306345670922383,13.474338143974649,1.9067467,0.68885064,445659.61570051394,5696606.6751687,474.4875183105469,-169.16357686850762,2.6858415590397327,-5.866948381501927,537,frame_000537.png
955,821,955,121,0.12670157068062826,74,0.6115702479338843,121,44,0.36363636363636365,445658.8883977654,5696606.256534053,474.2893111068666,-0.4362097292323597,-0.3746923878788948,-0.19555217438340833,-170.86332870442294,1.529260748221337,8.573264218161244,-1.6825568633275054,-1.0104210805308753,14.409984703620069,1.8590099,0.7994035,44,0.36363636363636365,445658.88839776505,5696606.256534054,474.28931110689103,-0.43620972958160564,-0.37469238694757223,-0.19555217435896566,-170.8633287042357,1.5292607492766146,8.573264211597044,-1.6825568631402632,-1.0104210794756057,14.409984697055876,1.8590099,0.7994035,445659.32460749464,5696606.631226441,474.48486328125,-169.18077184109544,2.5396818287522183,-5.836720485458825,538,frame_000538.png
972,931,972,102,0.10493827160493827,63,0.6176470588235294,102,32,0.3137254901960784,445657.3453631648,5696606.572389548,474.21904258699186,-0.6431010514497757,0.18051222246140242,-0.2515995028518887,-170.69960676160582,3.1672522480502048,4.176367856643132,-1.3669740971829185,-0.026547874035316,9.288027510720582,1.828826,0.6930375,32,0.3137254901960784,445657.3453631651,5696606.572389546,474.2190425870152,-0.6431010511587374,0.18051222059875727,-0.25159950282852606,-170.6996067621182,3.1672522478976215,4.1763678658540275,-1.366974097695305,-0.026547874187883735,9.28802751993149,1.828826,0.6930375,445657.98846421624,5696606.391877325,474.47064208984375,-169.3326326644229,3.193800122085515,-5.111659654077457,539,frame_000539.png
987,913,987,85,0.08611955420466058,53,0.6235294117647059,85,25,0.29411764705882354,445657.10730481584,5696605.983037433,474.31391949639055,-0.6322370695997961,-0.36038834415376186,-0.15721087470319617,-170.81533548145663,3.219323035990034,7.627156434838993,-1.5007908632860847,-0.02608075160316048,12.966406189479159,1.5247703,0.7418546,25,0.29411764705882354,445657.1073049987,5696605.983037951,474.3139195590701,-0.6322368867695332,-0.3603878254070878,-0.1572108120236635,-170.81533520671357,3.2193214247416067,7.627153461211221,-1.5007905885430262,-0.026082362851610696,12.966403215851415,1.524769,0.7418543,445657.73954188544,5696606.343425777,474.47113037109375,-169.31454461817054,3.2454037875932036,-5.3392497546401785,540,frame_000540.png
1053,887,1053,73,0.06932573599240266,44,0.6027397260273972,73,29,0.3972602739726027,445657.02028812905,5696605.792863423,474.28956515977694,-0.24510609405115247,-0.43998745270073414,-0.18238918592618347,-170.6622264961683,2.694152796831628,7.453777870140105,-1.525128334018575,-1.022240101196843,11.67475316066799,1.5648121,0.71521384,29,0.3972602739726027,445657.020288118,5696605.792863426,474.2895651564329,-0.24510610511060804,-0.4399874499067664,-0.18238918927022496,-170.66222650028612,2.6941528620168884,7.453777845244874,-1.5251283381363976,-1.022240036011567,11.674753135772761,1.5648121,0.71521384,445657.2653942231,5696606.232850876,474.4719543457031,-169.13709816214973,3.7163928980284657,-4.220975290527885,541,frame_000541.png
999,852,999,69,0.06906906906906907,49,0.7101449275362319,69,23,0.3333333333333333,445656.7947127483,5696605.3918151595,474.23087118071203,-0.23333969159284607,-0.784580372273922,-0.23510171967859606,-170.57622488598253,2.6268895599891624,9.32827751281858,-1.7470208127733997,-1.1678021367484632,13.317364561320147,1.8495789,0.7258559,23,0.3333333333333333,445656.79471274815,5696605.3918151595,474.23087118065536,-0.23333969176746905,-0.784580372273922,-0.23510171973526894,-170.57622488610997,2.6268895612889196,9.328277512682856,-1.7470208129008427,-1.16780213544871,13.317364561184405,1.8495789,0.7258559,445657.0280524399,5696606.176395532,474.4659729003906,-168.82920407320913,3.794691696737624,-3.9890870485015566,542,frame_000542.png
956,885,956,65,0.06799163179916318,36,0.5538461538461539,65,18,0.27692307692307694,445656.1817418268,5696606.438277,474.31344110173546,-0.6147614570218138,0.3297166833654046,-0.1531421502176613,-170.60062250626115,4.159705243182643,1.1426416805498698,-1.477882967969748,-0.3492474033871531,4.192536271860575,1.664069,0.86824167,18,0.27692307692307694,445656.1817418241,5696606.438277013,474.3134411041039,-0.6147614597575739,0.32971669640392065,-0.15314214784922342,-170.60062249837213,4.159705245273247,1.1426415944430246,-1.4778829600807342,-0.3492474012965374,4.192536185753738,1.664069,0.86824167,445656.79650328384,5696606.108560316,474.4665832519531,-169.1227395382914,4.508952646569793,-3.0498945913107027,543,frame_000543.png
946,850,946,80,0.08456659619450317,44,0.55,80,21,0.2625,445655.8350017094,5696605.312408791,474.0728149418212,-0.7317769138608128,-0.7320944564417005,-0.38970947224129304,-170.97289138061768,5.485772088772221,7.5096568798389916,-1.9157093360899466,1.4535567192183407,10.55534495214485,1.7040687,0.6303811,21,0.2625,445655.83500170946,5696605.312408791,474.0728149418273,-0.7317769138026051,-0.7320944564417005,-0.3897094722352108,-170.9728913805807,5.485772088447505,7.509656879946395,-1.91570933605297,1.4535567188936227,10.555344952252256,1.7040687,0.6303811,445656.56677862327,5696606.044503247,474.4625244140625,-169.05718204452774,4.032215369553884,-3.045688072305861,544,frame_000544.png
898,885,898,61,0.06792873051224944,35,0.5737704918032787,61,17,0.2786885245901639,445655.45731277065,5696605.722578546,474.1573139448403,-0.6386440511560068,-0.19730635080486536,-0.2964824418784815,-170.38950207868606,5.218741367070556,4.269704769766901,-1.3331896226961248,1.273416636528765,7.306713797060098,1.8139865,0.7694488,17,0.2786885245901639,445596.4622296496,5696684.396685404,758.4921835347794,-59.633727172215,78.47680050693452,284.0383871480606,-85.86565675631907,-7.601998917703591,173.30576097074976,83.19065569967086,-11.547323648245367,176.34276999804297,328.917,215.91281,445656.0959568218,5696605.919884897,474.4537963867188,-169.05631245598994,3.945324730541789,-3.03700902729319,545,frame_000545.png
955,958,955,69,0.07225130890052356,44,0.6376811594202898,69,19,0.2753623188405797,445654.86871831963,5696605.612004759,474.1699444200819,-0.7365851832437329,-0.18326081708073616,-0.29309879280873474,-170.88947906321783,4.154436807509489,4.443699746922925,-1.56124306639461,0.8512681883371727,7.782382966386763,2.1794097,0.619248,19,0.2753623188405797,445654.8687183198,5696605.612004759,474.1699444200961,-0.7365851830691099,-0.18326081708073616,-0.2930987927945239,-170.88947906326337,4.15443680668841,4.443699746754224,-1.5612430664401415,0.8512681875160695,7.7823829662180515,2.1794097,0.619248,445655.6053035029,5696605.795265576,474.4630432128906,-169.32823599682322,3.303168619172327,-3.338683219463832,546,frame_000546.png
956,989,956,63,0.06589958158995816,31,0.49206349206349204,63,17,0.2698412698412698,445654.58672271593,5696605.618140779,474.1859333303031,-0.77236262668157,-0.1236564526334405,-0.2732646677437742,-170.66364643978764,4.081549921439947,4.26873776803081,-1.3134842986612512,0.8256773054692417,7.815106894461962,1.6988969,0.74201065,17,0.2698412698412698,445654.58672271593,5696605.6181407785,474.1859333302949,-0.77236262668157,-0.12365645356476307,-0.2732646677519597,-170.6636464400686,4.081549921957616,4.268737770547102,-1.3134842989421998,0.8256773059869147,7.81510689697825,1.6988969,0.74201065,445655.3590853426,5696605.741797232,474.4591979980469,-169.3501621411264,3.255872615970704,-3.5463691264311596,547,frame_000547.png
963,1075,963,63,0.06542056074766354,33,0.5238095238095238,63,22,0.3492063492063492,445654.86765198794,5696604.848837716,474.2334463136031,0.0023380276397801936,-0.7953370260074735,-0.2139718992875146,-171.19499092357066,0.9137025972988041,8.820331913463152,-2.033167626182575,-2.009502001974596,11.938345115042267,1.9004081,0.67287976,22,0.3492063492063492,445654.86765198794,5696604.848837716,474.23344631360504,0.0023380276397801936,-0.7953370260074735,-0.2139718992855819,-171.19499092356708,0.9137025972325239,8.82033191338759,-2.0331676261789937,-2.0095020020408754,11.938345114966694,1.9004081,0.67287976,445654.8653139603,5696605.644174742,474.4474182128906,-169.16182329738808,2.9232045992734017,-3.118013201579114,548,frame_000548.png
904,1220,904,61,0.06747787610619468,30,0.4918032786885246,61,14,0.22950819672131148,445653.1757476677,5696605.081907264,474.1966357953559,-1.1840660495799966,-0.46847801096737385,-0.2590831987847082,-171.02048292890674,6.6854194247360725,6.454501911952116,-1.843313619389562,4.012573506898747,10.346503118997532,1.6670649,0.6559493,14,0.22950819672131148,445791.5123951544,5696573.459859752,709.1699537558063,137.15258143714163,-32.0905255228281,234.7142347616657,173.11581792268973,-38.49463332210828,-174.52707465934543,-17.707012767793117,-41.16747923994561,-170.6350734523,426.3818,189.99873,445654.35981371725,5696605.550385275,474.4557189941406,-169.17716930951718,2.672845917837322,-3.8920012070454253,549,frame_000549.png
993,1246,993,95,0.09566968781470292,52,0.5473684210526316,95,19,0.2,445652.31081112433,5696605.771999014,474.03538969350296,-1.7886152748251334,0.26364980824291706,-0.426341263528343,-170.36670026163722,7.871949995122873,1.8678355461572775,-1.7310744199541546,6.580944148460702,6.509576901505426,1.8133553,0.6823846,19,0.2,459544.9983112262,5674787.143054835,-18562.617738946916,13890.898884827038,-21818.3652943708,-19037.079469903947,-70.36361275618063,-42.81678714485925,-0.601899795013353,98.27201308550241,-44.10779299152142,4.039841560334793,519.3802,183.33861,445654.09942639916,5696605.508349205,474.4617309570313,-168.63562584168307,1.2910058466621692,-4.6417413553481435,550,frame_000550.png
980,1322,980,109,0.11122448979591837,60,0.5504587155963303,109,22,0.2018348623853211,445653.9646447101,5696605.203216894,473.8978930994739,0.6062056250520982,-0.21071562729775906,-0.5889538243542347,-170.11115850802253,-3.119643486143988,7.745130755857728,-1.2438972792377854,-7.259096202333012,12.49682171685086,1.8126175,0.7034436,22,0.2018348623853211,406822.17182483186,5624589.097707872,-84907.55087440579,-38831.18661425321,-72016.31622464862,-85382.03772132962,-12.68227913119437,-1.978331989070352,-124.86950062191393,156.18498209759036,-6.117784705259368,-120.1178096609208,435.89587,141.87032,445653.3584390851,5696605.413932521,474.4868469238281,-168.86726122878474,4.13945271618901,-4.751690960993132,551,frame_000551.png
1113,1583,1113,119,0.1069182389937107,61,0.5126050420168067,119,29,0.24369747899159663,445651.9922568974,5696604.780502135,474.21133445806964,-0.5416591843240894,-0.4989434815943241,-0.2683408348991634,-170.7575531319872,6.664100452286898,6.9806978627079435,-1.7881331842680481,1.0193710438323933,10.573466295488231,1.7424562,0.70772296,29,0.24369747899159663,445651.40988944063,5696604.924210671,456.5493197948835,-1.1240266410750337,-0.3552349451929331,-17.930355498085305,9.471104878441832,10.238497102767289,5.430887325371918,178.44052482616098,4.593767694312788,9.023655758152188,4.8960447,3.4927773,445652.5339160817,5696605.2794456165,474.4796752929688,-168.96941994771916,5.644729408454497,-3.592768432780277,552,frame_000552.png
1169,1745,1169,140,0.11976047904191617,67,0.4785714285714286,140,19,0.1357142857142857,445651.147615346,5696604.774948734,473.95316022344207,-0.9740507373353466,-0.4167237188667059,-0.5326796203079311,-170.41719451943368,9.443979769321107,6.089618727456098,-1.3425129581097508,2.9592634163091702,10.080668927678005,1.7408744,0.758055,19,0.1357142857142857,445148.67648086394,5696691.714191332,313.50619676233316,-503.44518521940336,86.52251887973398,-160.97964308141684,85.33785082065559,20.25418793856721,-62.62436322283297,-105.58746761802047,13.769471585555266,-58.63331302261108,395.4124,255.0845,445652.12166608335,5696605.191672453,474.48583984375,-169.07468156132393,6.484716353011948,-3.9910502002219017,553,frame_000553.png
1216,1864,1216,157,0.12911184210526316,65,0.4140127388535032,157,20,0.12738853503184713,445650.9305822825,5696604.916253428,474.15637820091774,-0.9802235130919144,-0.2399822948500514,-0.324212619394757,-170.55423605902652,8.733301057333986,5.711574164376864,-1.5643790549470111,2.4279413711144855,10.11890258344107,1.4365585,0.5796776,20,0.12738853503184713,445653.06646681426,5696604.489257476,456.7038800933006,1.1556610186817124,-0.6669782465323806,-17.776710727011903,9.15900351757891,-4.361766360517512,10.592044265206763,178.14886052165843,-10.667126046737025,14.99937268427098,15.679814,7.1011887,445651.9108057956,5696605.156235723,474.4805908203125,-168.9898570040795,6.305359686219506,-4.407328419064205,554,frame_000554.png
1291,1978,1291,169,0.13090627420604184,93,0.5502958579881657,169,24,0.14201183431952663,445651.7074076556,5696603.97992094,473.9322923389027,0.23927260626805946,-1.1010128585621715,-0.5656935009410518,-171.22912656376351,2.6786989218184543,13.129200656231827,-1.8150822142183927,-3.5741118545332142,17.874254235082986,1.6908855,0.7865891,24,0.14201183431952663,445932.49892150285,5696487.59168655,62.42189665962576,281.03078645351343,-117.48924724850804,-412.076089180218,11.56274115365137,-17.295576580448657,32.277957501190656,-179.02321449680352,-23.548387356800333,37.02301108004181,264.37128,204.87502,445651.46813504933,5696605.080933798,474.49798583984375,-169.41404434954512,6.252810776351674,-4.745053578851154,555,frame_000555.png
1412,2120,1412,217,0.1536827195467422,103,0.47465437788018433,217,39,0.17972350230414746,445651.103651487,5696604.646795398,474.0864069976582,0.10712178912945092,-0.3632775880396366,-0.4007145843731337,-170.13162557995184,1.2804196744561978,8.133579634230339,-1.1854180853729304,-4.017502825651974,12.763925957595035,1.9230204,0.81320435,39,0.17972350230414746,435283.99485882954,5705149.015443089,-14742.334888462223,-10367.00167086831,8544.005370103754,-15216.822010044254,23.194963959818693,37.99526378083557,-25.69006658552309,-167.85882854560236,32.697341280727414,-21.059720262158407,308.18613,279.5899,445650.99652969785,5696605.010072986,474.4871215820313,-168.9462074945789,5.297922500108158,-4.630346323364691,556,frame_000556.png
1635,2308,1635,332,0.20305810397553517,200,0.6024096385542169,332,54,0.16265060240963855,445650.3277837874,5696603.9723080555,474.1023447094388,0.06131316378014162,-0.905208695679903,-0.37455348392057886,-170.91797396176688,2.017373409035593,10.78575380455905,-1.8995378713333935,-2.517096245428121,14.736281999970146,1.961201,0.6348843,54,0.16265060240963855,445761.1596038498,5696465.89260801,222.0521916447516,110.8931332262,-138.9849087409675,-252.4247065486078,9.119674286977784,-5.926432822932165,44.538389530082924,178.1381103774113,-10.460902477395877,48.48891772549402,279.98264,172.88815,445650.2664706236,5696604.877516751,474.4768981933594,-169.01843609043348,4.534469654463714,-3.950528195411092,557,frame_000557.png
1810,2440,1810,401,0.22154696132596685,197,0.4912718204488778,401,56,0.1396508728179551,445649.18594449956,5696603.459935287,474.3850567061623,-0.8291336033726111,-1.3610450690612197,-0.09959295204083674,-171.65987839096397,7.378214822697414,12.409355594144213,-2.1948693459920037,3.2359795978815384,15.92404665328607,1.8498764,0.724405,56,0.1396508728179551,445489.6073244284,5696313.78478891,52.11010089643776,-160.40775367454626,-291.03619144577533,-422.37454876176537,63.98932112547543,49.94019049703504,12.575186214583232,-126.5456698295526,45.797955272219156,16.08987727372508,252.35286,130.79082,445650.01507810294,5696604.820980356,474.4846496582031,-169.46500904497196,4.142235224815872,-3.51469105914186,558,frame_000558.png
2085,2571,2085,529,0.25371702637889687,319,0.6030245746691871,529,90,0.17013232514177692,445648.7078074294,5696603.784018242,474.3125710460483,-1.0497280979761854,-0.9771363670006394,-0.16011572152984854,-171.24276084908536,5.812717569293488,8.946536425856012,-1.8420384344781553,3.5915715726995927,11.809875506914949,1.9607444,0.7719692,90,0.17013232514177692,46462450.60765722,-8182311.378140725,1451050.5615665389,46016800.85012169,-13878916.139295334,1450576.0888797713,170.05243385697577,-76.64427480950287,18.59553699319111,-20.546843728417002,-78.86542080609676,21.458876074250043,294.07156,137.72684,445649.7575355274,5696604.761154609,474.4726867675781,-169.4007224146072,2.221145996593888,-2.8633390810589283,559,frame_000559.png
2169,2614,2169,663,0.30567081604426005,397,0.5987933634992458,663,101,0.15233785822021115,445648.57685944956,5696602.89632753,474.252988652729,-0.908447457884904,-1.813583175651729,-0.2037374214897909,-172.2262744763377,5.462949678880065,15.40960699931593,-3.0903804793685197,3.150024350189483,19.266504355933364,1.9986526,0.71172273,101,0.15233785822021115,485665.40845984826,5698662.902341648,101747.91304856366,40015.92315294081,2058.1924309423193,101273.45632248944,123.15292951083337,-0.025069595125380175,-4.08163261846323,-67.71117649219747,-2.337994923815984,-0.22473526184580805,278.7884,119.48177,445649.48530690745,5696604.709910706,474.4567260742188,-169.13589399696917,2.312925328690592,-3.856897356617432,560,frame_000560.png
2245,2708,2245,678,0.3020044543429844,387,0.5707964601769911,678,96,0.1415929203539823,445648.58320921095,5696603.815164686,474.1853499859791,-0.3947265566093847,-0.7903971280902624,-0.27824254331778775,-171.5352599407594,3.9668463153660394,9.099495109860555,-2.1685585580560485,0.19754676459024267,12.648372165249555,1.9926337,0.639478,96,0.1415929203539823,-768104165.614083,-2555496498.859795,3509710352.480718,-768549814.5920188,-2561193103.465357,3509709878.0171256,26.078283250755533,-37.57385680143725,164.35543561003084,-164.5550153665411,-41.34315635221304,167.90431266541987,303.08188,142.998,445648.97793576756,5696604.605561814,474.4635925292969,-169.36670138270335,3.769299550775789,-3.5488770553889872,561,frame_000561.png
2272,2784,2272,689,0.3032570422535211,398,0.5776487663280117,689,103,0.14949201741654572,445648.25982633914,5696603.974364033,474.2063032150401,-0.472653879376594,-0.5781294293701649,-0.2628129958973773,-171.3006309125503,3.563970239117303,8.045526511756725,-1.8428407899163233,0.005194721025588933,11.93774678821461,2.0697594,0.6889731,103,0.14949201741654572,445268.52180191,5696536.048762373,963.1480540777874,-380.2106783085037,-68.50373108964413,488.6789378668499,-81.53634433664456,-6.034248134742009,153.4248990619894,87.92144578598942,-9.593023652833722,157.3171193384473,278.89587,137.60669,445648.7324802185,5696604.552493462,474.4691162109375,-169.45779012263398,3.558775518091723,-3.892220276457901,562,frame_000562.png
2317,2976,2317,701,0.3025463962019853,381,0.543509272467903,701,108,0.15406562054208273,445647.9631244634,5696603.448817611,474.2098120374339,-0.5239509929087944,-1.0556672075763345,-0.2574120836598581,-171.1502246685813,3.3164010301806113,10.555924801079385,-1.9037641342327447,0.47974587530393364,13.983268404576847,1.8632895,0.70381206,108,0.15406562054208273,445647.96312446496,5696603.448817623,474.2098120371943,-0.5239509913371876,-1.055667195469141,-0.25741208389945314,-171.15022466131816,3.3164010081299757,10.555924727835608,-1.9037641269696053,0.47974585325329144,13.983268331333079,1.8632895,0.70381206,445648.4870754563,5696604.504484818,474.46722412109375,-169.24646053434856,2.8366551548766714,-3.427343603497476,563,frame_000563.png
2472,3192,2472,656,0.26537216828478966,392,0.5975609756097561,656,103,0.15701219512195122,445647.24489491933,5696603.61987563,474.1581636357749,-0.5022426928626373,-0.7236708793789148,-0.30460491891261654,-171.13217070086384,3.823257203139609,8.660812745811654,-1.8526292756117186,0.7973400424879742,12.315525795798578,2.0240474,0.7187686,103,0.15701219512195122,445647.2448949124,5696603.619875621,474.1581636346743,-0.502242699789349,-0.7236708886921406,-0.3046049200132188,-171.1321707053437,3.8232572568810985,8.660812793814946,-1.852629280091577,0.7973400962294761,12.31552584380185,2.0240474,0.7187686,445647.7471376122,5696604.34354651,474.4627685546875,-169.27954142525212,3.025917160651633,-3.6547130499869165,564,frame_000564.png
2560,3269,2560,623,0.243359375,347,0.5569823434991974,623,94,0.1508828250401284,445646.7788881446,5696603.880905717,474.1124206787644,-0.7172060166485608,-0.41181423887610435,-0.3438476317824666,-170.98674445420798,3.3947733079830296,5.968362865972017,-1.7229379775120606,1.3750294432577164,9.170329509038709,1.9724026,0.7264072,94,0.1508828250401284,444851.58408367157,5697203.175554353,-682.3528946661622,-795.912010489672,598.8828343972564,-1156.809162976709,42.25040824528821,6.5106300889835405,-31.69116164874819,-148.4857852780159,4.490886224258219,-28.489195005681495,287.7223,145.4133,445647.49609416124,5696604.292719956,474.4562683105469,-169.26380647669592,2.019743864725326,-3.201966643066684,565,frame_000565.png
2514,3584,2514,526,0.2092283214001591,243,0.4619771863117871,526,63,0.11977186311787072,445645.0646049144,5696603.560596447,473.9790379237013,-1.1912614141474478,-0.5074843876063824,-0.4470790196580765,-171.17446993508668,6.60616740226182,5.793632905977714,-1.7084923361856852,4.376464589610606,8.537321536389527,2.0549304,0.77914816,63,0.11977186311787072,445645.0646049141,5696603.560596447,473.9790379235472,-1.191261414438486,-0.5074843876063824,-0.447079019812179,-171.17446993495722,6.606167403528303,5.7936329027739,-1.7084923360562243,4.376464590877106,8.537321533185718,2.0549304,0.77914816,445646.25586632855,5696604.068080835,474.4261169433594,-169.465977598901,2.229702812651205,-2.7436886304118038,566,frame_000566.png
2465,3511,2465,542,0.21987829614604462,248,0.4575645756457565,542,71,0.13099630996309963,445644.8731195128,5696603.123220001,473.86967866719226,-1.1274143288610503,-0.8922570068389177,-0.559673139448364,-171.21232667950852,5.750411875245321,8.259832361615487,-2.1400986169248597,4.260748543511966,10.926663470601255,2.0298848,0.6739243,71,0.13099630996309963,452901.324249024,5698279.313550157,16032.123723921983,7255.323715182312,1675.298073148355,15557.694372115342,-101.49689086339893,-17.099489604429397,31.720335104764253,67.57533719918473,-18.589152936162748,34.38716621375005,464.94153,215.8828,445646.00053384167,5696604.015477008,474.4293518066406,-169.07222806258366,1.4896633317333507,-2.66683110898578,567,frame_000567.png
2535,3689,2535,454,0.17909270216962525,214,0.4713656387665198,454,56,0.12334801762114538,445644.4562854321,5696602.99567658,473.89549179249536,-1.296350505144801,-0.9656738014891744,-0.5378578168796366,-171.25784815683372,6.357417225224892,8.069893045739647,-2.432011475949764,4.872636678148808,10.221744854470671,2.0206344,0.66830057,56,0.12334801762114538,445644.4562854315,5696602.99567658,473.89549179228163,-1.2963505057268776,-0.9656738014891744,-0.5378578170933679,-171.25784815641887,6.357417229822001,8.06989305074887,-2.432011475534921,4.872636682745934,10.221744859479884,2.0206344,0.66830057,445645.75263593724,5696603.961350381,474.433349609375,-168.82583668088395,1.4847805470760764,-2.1518518087310277,568,frame_000568.png
2525,3671,2525,481,0.1904950495049505,221,0.4594594594594595,481,70,0.14553014553014554,445644.30600161356,5696602.6775150085,473.80640462402505,-0.9798287433804944,-1.1773588433861732,-0.6278299951155759,-171.1221692095191,7.163827103663711,10.386934188062375,-2.418683934519578,4.7284579439849495,13.023166596896203,1.7441748,0.8318189,70,0.14553014553014554,445644.30600161344,5696602.677515007,473.8064046237806,-0.9798287434969097,-1.1773588452488184,-0.6278299953600026,-171.12216921131002,7.163827107022301,10.386934202600422,-2.418683936310515,4.728457947343543,13.023166611434277,1.7441748,0.8318189,445645.28583035694,5696603.854873852,474.4342346191406,-168.7034852749995,2.4353691596787606,-2.636232408833843,569,frame_000569.png
2566,3745,2566,485,0.18901013250194856,220,0.4536082474226804,485,57,0.11752577319587629,445644.15828750684,5696602.979929989,473.87095210193473,-0.9094935353496112,-0.8217771556228399,-0.5687451636902665,-171.4743081345332,6.531833922563235,7.355453225343059,-2.3302462035370866,3.441767384851744,9.359526262222516,1.9154915,0.6367168,57,0.11752577319587629,445644.1582875075,5696602.979929991,473.8709521021649,-0.9094935347093269,-0.8217771537601948,-0.5687451634601075,-171.47430813306278,6.531833916811618,7.355453215750867,-2.330246202066661,3.4417673791001278,9.359526252630332,1.9154915,0.6367168,445645.0677810422,5696603.801707145,474.439697265625,-169.14406193099612,3.0900665377115,-2.0040730368794586,570,frame_000570.png
2538,3735,2538,456,0.17966903073286053,187,0.4100877192982456,456,60,0.13157894736842105,445643.70953086705,5696602.884952177,473.72433095508,-1.1424923803424463,-0.8639714382588863,-0.7086829609356187,-171.71638532715656,8.308457628781003,6.708914760210037,-2.443035526146417,4.659631119387086,7.990382217072494,2.079647,0.7375566,60,0.13157894736842105,445649.3743687861,5696611.458341638,466.9282426788534,4.522345538716763,7.709418022073805,-7.504771237162231,-32.390227926813864,-9.13630557221268,-94.03765646076408,136.88312187419626,-12.785132081606605,-92.75618900390164,271.17337,167.49335,445644.8520232474,5696603.748923616,474.4330139160156,-169.27334980101014,3.648826509393914,-1.281467456862447,571,frame_000571.png
2608,3789,2608,528,0.20245398773006135,252,0.4772727272727273,528,64,0.12121212121212122,445643.4231473811,5696603.0947882105,474.009038911382,-1.2026149586308748,-0.607359990477562,-0.4274845261180076,-170.8857863658364,7.296358492964752,5.76679102183657,-1.9283347079581858,4.4133924562101186,8.143171886082229,1.9622127,0.6756778,64,0.12121212121212122,445638.7065223506,5696602.357075261,460.62480387636674,-5.91923998913262,-1.345072939991951,-13.811719561133259,5.739073904168555,49.012493211324575,8.877952714071673,174.69652556204676,46.129527174569944,11.254333578317329,47.974686,26.958685,445644.62576233974,5696603.702148201,474.4365234375,-168.9574516578782,2.8829660367546386,-2.3763808642456508,572,frame_000572.png
2565,3816,2565,537,0.20935672514619882,280,0.521415270018622,537,67,0.12476722532588454,445644.6277160777,5696603.535374515,473.9832822446808,0.4643589918850921,-0.08103738725185394,-0.45058616352230274,-170.45428887351662,-3.5467268626344226,3.9962309498708293,-1.6043342041633935,-6.230964736108632,6.221003880124897,1.8154999,0.73256105,67,0.12476722532588454,445644.6277160779,5696603.535374515,473.98328224464734,0.4643589920597151,-0.08103738725185394,-0.4505861635557835,-170.4542888734987,-3.546726863720212,3.996230949661411,-1.6043342041454878,-6.230964737194427,6.221003879915486,1.8154999,0.73256105,445644.16335708584,5696603.616411902,474.4338684082031,-168.84995466935322,2.6842378734742143,-2.224772930254065,573,frame_000573.png
2451,3774,2451,511,0.20848633210934311,240,0.46966731898238745,511,61,0.11937377690802348,445642.66264779185,5696603.157833959,474.1221023946784,-1.02833260508487,-0.3639831570908427,-0.305021628759107,-169.90858145766512,6.232123757704901,3.0945849159072565,-1.407436285889304,3.3460011414556163,4.481260533352668,2.0281196,0.76686394,61,0.11937377690802348,445642.6626477902,5696603.157833959,474.12210239458346,-1.0283326067146845,-0.3639831570908427,-0.3050216288540355,-169.9085814583772,6.232123768139882,3.09458491260418,-1.4074362866013814,3.34600115189059,4.481260530049582,2.0281196,0.76686394,445643.69098039693,5696603.521817116,474.4271240234375,-168.50114517177582,2.8861226162492954,-1.3866756174454145,574,frame_000574.png
2339,3745,2339,558,0.23856348867037194,267,0.478494623655914,558,69,0.12365591397849462,445643.1200827234,5696602.748451972,474.06461761971474,-0.33413419587304816,-0.7308273259550333,-0.36827422598838666,-170.3803389903939,1.4328700493099844,7.030866036915843,-1.9844425518556363,-1.5215882520409991,9.014816217681556,1.981082,0.6993967,69,0.12365591397849462,445549.81133132474,5688417.70068726,6393.689957975064,-93.64288559451234,-8185.778592037968,5919.257066129361,131.42537244734882,-41.559002625702945,31.402529389549738,-60.17873111411291,-44.51346092705393,33.38647957031543,314.7009,157.54512,445643.45421691926,5696603.479279298,474.4328918457031,-168.39589643853827,2.954458301350984,-1.9839501807657032,575,frame_000575.png
2322,3780,2322,502,0.21619293712316967,256,0.5099601593625498,502,63,0.1254980079681275,445642.5705506975,5696602.982232877,474.1226129910885,-0.4135231653926894,-0.4131970088928938,-0.3168096163333871,-169.9528240084725,2.42785063331379,4.743647632003684,-1.0008500637965483,-0.046758545761548476,6.805323273631558,1.9006569,0.7263284,63,0.1254980079681275,445642.5705506964,5696602.982232875,474.1226129906186,-0.41352316649863496,-0.41319701075553894,-0.3168096168032548,-169.95282400987475,2.427850642862636,4.743647642143561,-1.0008500651987902,-0.04675853621267834,6.805323283771429,1.9006569,0.7263284,445642.9840738629,5696603.395429886,474.4394226074219,-168.95197394467596,2.4746091790753257,-2.061675641627876,576,frame_000576.png
2347,3736,2347,489,0.20835108649339582,241,0.49284253578732107,489,56,0.11451942740286299,445641.74464679894,5696602.79945947,473.9493167083582,-1.0016014774446376,-0.5498735141009092,-0.4872372467199284,-171.152167835394,6.049821668745208,5.252472484138292,-1.9883499837355316,3.438473098572331,7.296111178413668,2.023954,0.59323406,56,0.11451942740286299,445641.74464679917,5696602.79945947,473.9493167083858,-1.001601477211807,-0.5498735141009092,-0.4872372466923025,-171.15216783542354,6.0498216674504945,5.252472485347261,-1.9883499837650618,3.4384730972776083,7.296111179622642,2.023954,0.59323406,445642.7462482764,5696603.349332985,474.4365539550781,-169.16381785165848,2.611348570172889,-2.0436386942753875,577,frame_000577.png
2337,3753,2337,431,0.1844244758237056,217,0.5034802784222738,431,54,0.12529002320185614,445641.6606890686,5696603.294888124,473.9498616693782,-0.8449185407953337,-0.008778686635196209,-0.48385415093429174,-170.47981897353486,3.6565701978088416,1.0031823875228179,-1.0660362719486045,1.3519687439590484,2.521125618268627,1.8649743,0.7561172,54,0.12529002320185614,455757.6486204293,5674990.1718806075,-14459.96080852186,10115.14301281987,-21613.131786203012,-14934.394524342173,-69.38657567022682,-54.56739017807475,-178.1314417725353,100.02720703135947,-56.87199163192453,-176.61349854178948,411.9211,167.95587,445642.5056076094,5696603.3036668105,474.4337158203125,-169.41378270158626,2.3046014538497794,-1.5179432307458212,578,frame_000578.png
2306,3655,2306,394,0.17085862966175194,182,0.4619289340101523,394,52,0.1319796954314721,445641.1878446444,5696603.324020072,474.03232113935684,-1.0761949280858971,0.0649499511346221,-0.39422305009628644,-170.47164848585481,4.664954324947364,1.0055149763014442,-1.0081874850437202,2.3157728788544887,3.0945741669655433,1.8394127,0.73949057,52,0.1319796954314721,445641.1878446436,5696603.324020072,474.03232113904375,-1.0761949289008044,0.0649499511346221,-0.39422305040938,-170.47164848672017,4.66495433133999,1.0055149790414621,-1.008187485909076,2.3157728852470996,3.0945741697055666,1.8394127,0.73949057,445642.2640395725,5696603.259070121,474.4265441894531,-169.4634610008111,2.349181446092878,-2.0890591906641096,579,frame_000579.png
2313,3637,2313,334,0.14440121054907046,132,0.39520958083832336,334,41,0.12275449101796407,445640.3861913961,5696603.230247951,473.8788698822952,-1.3846366035868414,0.047957406379282475,-0.5446835845016835,-170.61536541232002,7.589632705817984,1.0245991962442789,-1.2269908018437548,5.559269005608769,3.353900069902977,1.9917139,0.6763812,41,0.12275449101796407,445640.3861914105,5696603.23024775,473.8788698748015,-1.3846365892095491,0.04795720521360636,-0.5446835919953514,-170.61536555755674,7.5896328347309545,1.0246006199405262,-1.2269909470804805,5.559269134521742,3.3539014935992384,1.9917169,0.67638093,445641.7708279997,5696603.182290545,474.4235534667969,-169.38837461047626,2.0303637002092043,-2.3293008736587018,580,frame_000580.png
2259,3451,2259,263,0.11642319610447101,135,0.5133079847908745,263,37,0.14068441064638784,445640.5760780712,5696604.308313054,473.86247036803707,-0.7373724753852002,1.2008036943152547,-0.5596182550098092,-169.51338861317714,2.36734589157476,-6.347246162748264,-0.506053575345021,-0.9908059170516879,-4.056539697715635,2.0106196,0.77958465,37,0.14068441064638784,445640.5760780715,5696604.308313054,473.86247036805105,-0.7373724750941619,1.2008036943152547,-0.5596182549958257,-169.51338861311402,2.367345889564502,-6.347246163712035,-0.5060535752818964,-0.9908059190619269,-4.0565396986794156,2.0106196,0.77958465,445641.3134505466,5696603.10750936,474.4220886230469,-169.00733503783212,3.3581518086264404,-2.2907064650326157,581,frame_000581.png
2229,3407,2229,250,0.11215791834903545,114,0.456,250,29,0.116,445642.474349872,5696603.333353302,473.12714594336467,1.3916357735870406,0.26569232530891895,-1.307699027338458,-168.1952569288065,-12.16400177978136,3.617285425547952,0.6768275968992725,-15.15846174431465,5.918763679177744,1.8289512,0.73420197,29,0.116,-488169617.96301556,415589733.46414894,-368436166.23735416,-488615259.04572964,409893130.39648795,-368436640.67219913,-157.7693235509224,-59.84149851068211,-139.5868353555372,11.102760974783365,-62.83595847521539,-137.2853571019074,264.56015,121.91667,445641.0827140984,5696603.067660977,474.4348449707031,-168.87208452570576,2.994459964533282,-2.301478253629786,582,frame_000582.png
2268,3226,2268,239,0.10537918871252204,104,0.4351464435146444,239,29,0.12133891213389121,445641.7441478791,5696602.707349949,473.52093094649604,1.112556159729138,-0.2783177876845002,-0.896030723425838,-169.3241408159195,-6.930815872764815,5.354896697654618,-0.2384906994832363,-10.22873699597423,6.762415850482682,1.9370898,0.736855,29,0.12133891213389121,445641.7441478827,5696602.707349941,473.52093094028686,1.112556163338013,-0.2783177951350808,-0.8960307296350152,-169.32414081590494,-6.930815897764813,5.35489676056139,-0.2384906994686844,-10.228737020974222,6.762415913389447,1.9370898,0.736855,445640.63159171934,5696602.985667736,474.4169616699219,-169.08565011643626,3.2979211232094165,-1.407519152828054,583,frame_000583.png
2291,3117,2291,303,0.13225665648188564,134,0.44224422442244227,303,34,0.11221122112211221,445641.3156186617,5696603.537648543,473.75732650998526,0.9122569236787967,0.6021012561395764,-0.656949613061613,-169.68113858688176,-7.539623711554046,-1.439978834154782,-0.5437214556907861,-10.577074787870629,-0.10250528352628407,2.0366747,0.8842919,34,0.11221122112211221,-13514657.141811114,7911690.640148278,23599263.81617308,-13960297.545172852,2215087.7046009917,23598789.401896957,-68.91131278619244,-26.844046522765495,139.02083480897116,100.22610434499853,-29.88149759908208,140.35830835959962,384.49118,191.59903,445640.403361738,5696602.935547287,474.4142761230469,-169.13741713119097,3.037451076316593,-1.3374735506284885,584,frame_000584.png
2355,2969,2355,393,0.16687898089171974,210,0.5343511450381679,393,37,0.09414758269720101,445639.8852181008,5696603.695742055,474.3651131732697,-0.06100422574672848,0.8552325470373034,-0.03942784235528052,-169.51025211347266,-1.4069052251597693,-5.15934553092254,-0.5189117801230623,-4.647213551114163,-4.359822896932485,1.8559892,0.7905973,37,0.09414758269720101,445639.8852181006,5696603.695742057,474.3651131738099,-0.06100422592135146,0.8552325488999486,-0.03942784181509751,-169.51025211230282,-1.4069052263997746,-5.159345546032032,-0.5189117789532247,-4.647213552354174,-4.359822912041977,1.8559892,0.7905973,445639.94622232654,5696602.840509508,474.404541015625,-168.9913403333496,3.240308325954394,-0.79952263399005,585,frame_000585.png
2438,2854,2438,379,0.15545529122231339,194,0.5118733509234829,379,46,0.12137203166226913,445640.40482817293,5696603.485662544,473.949385442099,0.9086765499669127,0.7465701168403029,-0.4574138743072922,-169.12294344001273,-7.5056474393917485,-3.2053355903391707,-0.0981301213607253,-10.49515722866417,-2.524093899012314,1.6205401,0.8953508,46,0.12137203166226913,445640.4048281739,5696603.485662545,473.94938544209475,0.908676550956443,0.7465701177716255,-0.45741387431155545,-169.12294344023823,-7.505647448048693,-3.205335598168655,-0.09813012158622314,-10.49515723732111,-2.5240939068417845,1.6205401,0.8953508,445639.49615162297,5696602.739092427,474.4067993164063,-169.024813318652,2.9895097892724265,-0.6812416913268654,586,frame_000586.png
2383,2766,2383,405,0.16995383969785985,200,0.49382716049382713,405,39,0.0962962962962963,445639.20675740775,5696603.141582207,474.11633062686656,0.3908823848469183,0.5577977430075407,-0.2995934453990685,-169.2194060796514,-4.325327237650768,-2.3173273090474447,-0.0916122514283586,-7.855104969972217,-1.42696533648774,1.8536508,0.69096714,39,0.0962962962962963,445639.2067574093,5696603.14158221,474.1163306271062,0.39088238641852513,0.5577977458015084,-0.29959344515941666,-169.21940607944725,-4.3253272529746125,-2.3173273290546055,-0.09161225122420547,-7.855104985296066,-1.426965356494918,1.8536508,0.69096714,445638.8158750229,5696602.583784464,474.4159240722656,-169.12779382822305,3.529777732321452,-0.890361972559696,587,frame_000587.png
2329,2747,2329,449,0.19278660369257192,221,0.4922048997772829,449,49,0.1091314031180401,445637.8324482921,5696602.893038865,474.37227186305347,-0.5259550950140692,0.3963407753035426,-0.05958238499340496,-170.71241882348386,3.536181279670706,-2.426314549931383,-1.5327216674644717,-0.42512271051882067,-1.5209269891947201,1.8882984,0.7435759,49,0.1091314031180401,445637.83244829025,5696602.893038856,474.372271860077,-0.5259550968767144,0.39634076599031687,-0.0595823879698969,-170.71241882991907,3.536181303624169,-2.42631448185897,-1.5327216738996867,-0.425122686565345,-1.5209269211223102,1.8882984,0.7435759,445638.35840338713,5696602.49669809,474.4318542480469,-169.1796971560194,3.9613039901895215,-0.9053875607366685,588,frame_000588.png
2253,2718,2253,407,0.18064802485574788,207,0.5085995085995086,407,48,0.11793611793611794,445638.03702111123,5696602.290236909,474.1838337937836,-0.08901601220713928,-0.1559999268501997,-0.25259809098201913,-170.2266605553639,0.4746936737840198,1.8194633274514098,-1.0698677930405154,-3.1589913012876423,2.4670728469667154,1.8939301,0.74311304,48,0.11793611793611794,445638.03702111135,5696602.290236909,474.1838337936719,-0.08901601209072396,-0.1559999268501997,-0.25259809109371645,-170.22666055515515,0.4746936734076407,1.8194633297481124,-1.069867792831758,-3.1589913016640025,2.467072849263417,1.8939301,0.74311304,445638.12603712344,5696602.446236836,474.4364318847656,-169.1567927623234,3.6336849750716516,-0.6476095195152967,589,frame_000589.png
2163,2637,2163,373,0.17244567730004623,161,0.4316353887399464,373,45,0.12064343163538874,445637.2326768048,5696601.644903925,474.0204497930848,-0.6507235636818223,-0.7595750503242016,-0.407559240118303,-169.98756950918244,3.8813278129644377,5.465480322806334,-1.1509628169847872,1.0272254297069878,6.411636097946797,1.8995991,0.6937474,45,0.12064343163538874,445637.2326768048,5696601.644903925,474.02044979308533,-0.6507235636818223,-0.7595750503242016,-0.40755924011779143,-169.98756950919926,3.88132781309931,5.465480322752954,-1.1509628170016128,1.0272254298418773,6.411636097893421,1.8995991,0.6937474,445637.8834003685,5696602.404478976,474.4280090332031,-168.83660669219765,2.854102383257445,-0.9461557751404691,590,frame_000590.png
2169,2529,2169,360,0.16597510373443983,192,0.5333333333333333,360,45,0.125,445637.16268241097,5696602.388339435,474.208056141551,-0.47441082971636206,0.029600919224321842,-0.22797901469897397,-170.72076441900327,0.5360161081359593,0.8629130953177602,-2.2238906232891793,-1.9546239673882155,2.2215594983906612,1.9415863,0.68779564,45,0.125,445637.1626824112,5696602.388339435,474.2080561414154,-0.4744108294835314,0.029600919224321842,-0.22797901483460237,-170.72076441857777,0.5360161071541314,0.862913099252924,-2.223890622863678,-1.9546239683700435,2.221559502325846,1.9415863,0.68779564,445637.6370932407,5696602.3587385155,474.43603515625,-168.4968737957141,2.4906400755241758,-1.358646403072911,591,frame_000591.png
1544,2283,1544,242,0.1567357512953368,148,0.6115702479338843,242,47,0.19421487603305784,445636.38355274947,5696601.953791997,474.03725592457386,-0.009145289659500122,-0.1726410649716854,-0.40039666331676926,-170.40676130812005,-4.4846413068349875,2.5918708762490517,-1.6322186323039602,-4.712253892494118,3.4130796264768435,1.7443472,0.76120245,47,0.19421487603305784,294454702.50127995,-39673508.741380274,-255333579.29869315,294009066.1085819,-45370110.867813334,-255334053.73634574,-90.64772845886327,-0.2658825125536846,-55.21032576280881,78.12681421695282,-0.49349509821280435,-54.389117012581025,607.41046,173.92776,445636.3926980391,5696602.126433062,474.4376525878906,-168.7745426758161,0.2276125856591331,-0.821208750227786,592,frame_000592.png
1508,2122,1508,241,0.15981432360742706,121,0.5020746887966805,241,62,0.2572614107883817,445635.3667372057,5696601.693261734,474.26211232960776,-0.5231689231586643,-0.3531129900366068,-0.14282541453286512,-170.48173425185215,-3.8231465700215486,2.9923134986994775,-1.5807752371883623,0.6405450168753646,3.580503161694736,1.9060727,0.735025,62,0.2572614107883817,445635.36673720554,5696601.693261734,474.26211232962015,-0.5231689233332872,-0.3531129900366068,-0.14282541452047326,-170.48173425191058,-3.823146568488128,2.9923134996617105,-1.5807752372467974,0.6405450184087726,3.5805031626569814,1.9060727,0.735025,445635.88990612887,5696602.046374724,474.4049377441406,-168.90095901466378,-4.463691586896902,-0.5881896629952578,593,frame_000593.png
1422,2089,1422,274,0.19268635724331926,149,0.5437956204379562,274,58,0.2116788321167883,445635.1914172688,5696601.708045875,474.2249794238199,-0.4709886281634681,-0.3032165728509426,-0.15792462891448622,-170.57073171105037,-8.412748894136277,3.141655026439953,-1.7294931786896939,-0.5530898479122754,4.1068694273148765,1.8783451,0.71750236,58,0.2116788321167883,442413.1160140183,5688399.529726617,-16744.75971715125,-3222.5463918786845,-8202.481535830535,-17219.142621203984,-73.24340066507152,-26.532713750011663,-167.95002508099986,95.59783786728917,-18.67305470378767,-166.98481068012495,498.06628,198.62735,445635.662405897,5696602.011262448,474.3829040527344,-168.84123853236068,-7.859659046223995,-0.9652144008749206,594,frame_000594.png
1476,2000,1476,280,0.1897018970189702,152,0.5428571428571428,280,57,0.20357142857142857,445634.7941081249,5696601.637950856,474.2539976610248,-0.483719059091527,-0.31986868754029274,-0.13290419444399504,-170.5404234691096,-2.7959495751501486,3.002639217842654,-1.7387012017570385,0.7136301142636796,3.7229090954184585,1.9226257,0.7960636,57,0.20357142857142857,443301.0881740431,5696204.809752964,-1595.558414102415,-2334.1896531409,-397.14806657936424,-2069.945315957884,38.61752112743937,55.26141142181678,-27.827177437599985,-152.58075660520808,58.770991111230614,-27.106907560024183,441.07962,195.68872,445635.277827184,5696601.957819544,474.3869018554688,-168.80172226735257,-3.509579689413835,-0.720269877575801,595,frame_000595.png
1229,2009,1229,223,0.18144833197721724,127,0.5695067264573991,223,50,0.2242152466367713,445634.97207856,5696601.530308118,474.2037066280679,-0.2953377634403296,-0.43351718597114086,-0.19317447544773358,-159.81942713016792,-1.596671730763609,3.262083378717194,-2.0994855568263517,-0.27944166772735457,3.6659515868901735,1.7430105,0.7623975,50,0.2242152466367713,445634.97207856,5696601.530308118,474.20370662806204,-0.2953377634403296,-0.43351718597114086,-0.19317447545358846,-159.8194271301588,-1.5966717309919853,3.2620833786882413,-2.0994855568172284,-0.279441667955723,3.665951586861212,1.7430105,0.7623975,445635.2674163234,5696601.963825304,474.3968811035156,-157.71994157334157,-1.3172300630362606,-0.4038682081729815,596,frame_000596.png
1400,1993,1400,221,0.15785714285714286,127,0.5746606334841629,221,54,0.24434389140271492,445635.0842341127,5696601.779507143,474.16377135708433,-0.11556353740161285,-0.2431526631116867,-0.23768738315004612,-155.3802596547249,0.8729327133514427,5.948470011206397,-1.6102403463420387,-2.1189986114409862,9.19543050249689,1.8724341,0.7215247,54,0.24434389140271492,445635.08423411264,5696601.779507143,474.1637713570986,-0.11556353745982051,-0.2431526631116867,-0.23768738313577842,-155.38025965472082,0.8729327135611189,5.948470011027032,-1.610240346337946,-2.118998611231291,9.19543050231755,1.8724341,0.7215247,445635.1997976501,5696602.022659807,474.4014587402344,-153.77001930838287,2.9919313247924157,-3.2469604912905066,597,frame_000597.png
1262,1966,1262,188,0.14896988906497624,110,0.5851063829787234,188,38,0.20212765957446807,445635.2364765508,5696601.919159447,474.15853364320645,0.000187176454346627,-0.09370943251997232,-0.27341215757485315,-154.6595113731657,3.5418828431529423,-0.8184487766769561,-1.10542418343789,-2.1761309163200053,-2.9801338716983423,1.796505,0.8653772,38,0.20212765957446807,445635.23647655075,5696601.919159447,474.15853364322606,0.00018717639613896608,-0.09370943251997232,-0.2734121575552422,-154.65951137306368,3.5418828432516793,-0.8184487775153795,-1.105424183335856,-2.1761309162212683,-2.9801338725367827,1.796505,0.8653772,445635.23628937436,5696602.012868879,474.4319458007813,-153.55408718972782,5.718013759472951,2.1616850950213995,598,frame_000598.png
1254,1929,1254,197,0.15709728867623604,109,0.5532994923857868,197,50,0.25380710659898476,445635.20756151946,5696601.794253022,474.1741606288318,-0.05395523871993646,-0.17982420045882463,-0.2347138828869788,-154.95059666899732,-1.1698859870632552,1.7442561300210322,-1.457998450245526,-1.9990525363524512,1.9763256446928494,1.805198,0.77754694,50,0.25380710659898476,445635.2075615203,5696601.794253023,474.1741606287967,-0.05395523790502921,-0.17982419952750206,-0.23471388292210804,-154.95059666802928,-1.1698859948796383,1.7442561267088983,-1.4579984492774827,-1.9990525441688192,1.9763256413807255,1.805198,0.77754694,445635.2615167582,5696601.974077223,474.4088745117188,-153.4925982187518,0.8291665492891834,-0.23206951467181733,599,frame_000599.png
1274,2014,1274,212,0.1664050235478807,103,0.4858490566037736,212,46,0.2169811320754717,445635.1431628321,5696601.740592912,474.2551268680623,-0.12015068298205733,-0.22812082897871733,-0.17874154014083388,-154.78074435313977,0.18891704962357142,2.4631528976174137,-1.514050041965561,-1.3033439212777296,3.2657644039020965,1.6756754,0.7764111,46,0.2169811320754717,445634.13564071595,5696602.040301643,458.3843296880453,-1.1276727991062216,0.07158790249377489,-16.04953872015784,25.448808435396646,5.791725953184976,-2.592561390380162,178.71550274657085,4.299464982283666,-1.7899498840954777,2.9293342,1.7077378,445635.26331351505,5696601.968713741,474.4338684082031,-153.2666943111742,1.4922609709013013,-0.8026115062846727,600,frame_000600.png
1249,1948,1249,197,0.1577261809447558,111,0.5634517766497462,197,42,0.2131979695431472,445635.4289238907,5696602.100853987,474.18432178959745,0.1349623203277588,0.12894833274185658,-0.2561689330588024,-154.6786771879979,-2.435526179745866,-0.2865981615506082,-1.0867934049946655,-4.152027403671468,-0.799308980073306,1.7885683,0.69899774,42,0.2131979695431472,445635.42892389034,5696602.100853986,474.18432178948484,0.13496231997851282,0.128948331810534,-0.2561689331714092,-154.67867718898555,-2.4355261744734786,-0.28659815578275677,-1.0867934059823199,-4.152027398399099,-0.7993089743054611,1.7885683,0.69899774,445635.29396157037,5696601.971905654,474.44049072265625,-153.59188378300323,1.7165012239256123,0.5127108185226917,601,frame_000601.png
1339,1960,1339,187,0.13965646004480955,104,0.5561497326203209,187,42,0.22459893048128343,445635.1139552274,5696601.583839238,474.2342956291236,-0.20062575687188655,-0.38978064712136984,-0.21522829665769905,-155.44102543436128,2.0028012423098227,2.9616661756645426,-1.6461540315272032,-0.30173541883061716,3.435966783264149,1.884725,0.64471227,42,0.22459893048128343,445635.1139552266,5696601.583839237,474.2342956291405,-0.2006257576867938,-0.3897806480526924,-0.21522829664081655,-155.44102543563088,2.0028012509686772,2.9616661807114073,-1.646154032796801,-0.30173541017174443,3.4359667883110205,1.884725,0.64471227,445635.3145809843,5696601.973619885,474.4495239257813,-153.79487140283408,2.304536661140432,-0.4743006075996023,602,frame_000602.png
1376,1981,1376,219,0.15915697674418605,128,0.5844748858447488,219,46,0.2100456621004566,445635.059715445,5696601.592591255,474.21568087283845,-0.2831256973440759,-0.3914398802444339,-0.2420522814584274,-155.6603073931055,4.1377796771586235,3.1668414654495156,-1.6925805655134525,0.14601816150812397,3.9489849550891165,1.7436222,0.7013206,46,0.2100456621004566,445635.05971544445,5696601.592591255,474.2156808728047,-0.28312569786794484,-0.3914398802444339,-0.24205228149219238,-155.66030739395654,4.137779682640508,3.166841468654651,-1.6925805663644837,0.1460181669899896,3.948984958294261,1.7436222,0.7013206,445635.3428411423,5696601.984031135,474.4577331542969,-153.96772682759206,3.991761515650506,-0.7821434896396013,603,frame_000603.png
1331,2015,1331,201,0.15101427498121714,112,0.5572139303482587,201,43,0.21393034825870647,445635.5488210878,5696602.020993777,474.125416401944,0.18047802610090002,0.02856337931007147,-0.33896958438413094,-155.29747301231586,0.15902840797332493,1.4251323868680799,-1.3058628332356648,-3.9593625610663423,1.7714413490968752,1.5826765,0.8939492,43,0.21393034825870647,445635.5488210878,5696602.020993778,474.125416402013,0.18047802610090002,0.028563380241394043,-0.33896958431512303,-155.29747301201024,0.15902840687958117,1.425132384817973,-1.3058628329300461,-3.9593625621600665,1.771441347046789,1.5826765,0.8939492,445635.3683430617,5696601.992430397,474.4643859863281,-153.9916101790802,4.118390969039654,-0.3463089622288035,604,frame_000604.png
1323,2051,1323,236,0.17838246409674982,141,0.597457627118644,236,44,0.1864406779661017,445635.14957724017,5696601.736532126,474.2501071255723,-0.23857725237030536,-0.26426723785698414,-0.19923369474020092,-155.36249232854135,2.3843263359039195,1.2435338123392379,-1.4127359293031816,-0.38287466646116286,0.9318703983931584,1.8827248,0.58249307,44,0.1864406779661017,445635.14957724005,5696601.736532126,474.2501071256231,-0.23857725248672068,-0.26426723785698414,-0.1992336946893829,-155.3624923284228,2.384326336150715,1.2435338114880206,-1.4127359291846346,-0.38287466621434874,0.9318703975419567,1.8827248,0.58249307,445635.38815449254,5696602.0007993635,474.4493408203125,-153.94975639923817,2.767201002365072,0.3116634139460738,605,frame_000605.png
1414,1985,1414,213,0.15063649222065065,109,0.5117370892018779,213,46,0.215962441314554,445635.36909446656,5696601.783833302,474.1691951373637,-0.011501384142320603,-0.22716759890317917,-0.28057292904259157,-155.39743567785706,-0.028572091254543564,3.581375891426109,-1.567760973844429,-2.200458320973752,5.044540059174011,1.8009021,0.66557294,46,0.215962441314554,445635.3690944667,5696601.783833302,474.1691951372627,-0.011501384025905281,-0.22716759890317917,-0.2805729291436023,-155.39743567823155,-0.02857209106899554,3.58137589364659,-1.5677609742189134,-2.200458320788215,5.0445400613944855,1.8009021,0.66557294,445635.3805958507,5696602.0110009005,474.4497680664063,-153.82967470401263,2.1718862297192083,-1.4631641677479013,606,frame_000606.png
1362,2005,1362,224,0.1644640234948605,132,0.5892857142857143,224,47,0.20982142857142858,445635.3448562187,5696601.868980729,474.1755782067828,-0.027898595959413797,-0.15355992503464222,-0.2852372229046978,-155.1965613361163,0.17103692395351605,3.6997893746696113,-1.4265230398183348,-2.3216296669125143,5.719669634579901,1.8208843,0.7404305,47,0.20982142857142858,445635.3448562187,5696601.868980729,474.17557820677473,-0.027898595959413797,-0.15355992503464222,-0.28523722291276954,-155.1965613361911,0.17103692443880603,3.699789374955911,-1.4265230398931408,-2.3216296664272136,5.719669634866193,1.8208843,0.7404305,445635.3727548147,5696602.022540654,474.4608154296875,-153.77003829629797,2.492666590866028,-2.019880259910285,607,frame_000607.png
1404,2020,1404,227,0.16168091168091167,126,0.5550660792951542,227,45,0.19823788546255505,445635.128788811,5696601.639721948,474.2116232364711,-0.24055306625086814,-0.399661953561008,-0.24348540610702685,-155.41141484912367,2.76906023527298,4.516356686759389,-1.6073490077165786,-0.07662555462886189,6.46521016269395,1.8797808,0.73869264,45,0.19823788546255505,445635.1287888112,5696601.639721948,474.21162323645717,-0.2405530660180375,-0.399661953561008,-0.24348540612095348,-155.4114148488766,2.769060232913005,4.516356685827231,-1.6073490074695087,-0.07662555698883011,6.465210161761803,1.8797808,0.73869264,445635.36934187723,5696602.039383901,474.4551086425781,-153.8040658414071,2.845685789901839,-1.9488534759345746,608,frame_000608.png
1353,2020,1353,211,0.15594974131559497,107,0.5071090047393365,211,47,0.22274881516587677,445635.5680643313,5696602.066462135,474.11629738803526,0.20564456220017746,0.002879653126001358,-0.3411305904803612,-155.18385004407114,-1.3545472010331165,3.325403428612082,-1.4316808654419901,-4.323623985652205,5.282049350778578,1.7447501,0.7308058,47,0.22274881516587677,445635.5680643313,5696602.066462135,474.11629738803356,0.20564456220017746,0.002879653126001358,-0.3411305904820665,-155.18385004403538,-1.3545472013056374,3.3254034285664384,-1.4316808654062356,-4.3236239859247405,5.282049350732933,1.7447501,0.7308058,445635.3624197691,5696602.063582482,474.4574279785156,-153.75216917862915,2.9690767846190926,-1.956645922166487,609,frame_000609.png
1374,2019,1374,253,0.1841339155749636,135,0.5335968379446641,253,49,0.19367588932806323,445635.6415967328,5696602.119397996,474.10269355388044,0.28841008414747193,0.051981075666844845,-0.3582134285414327,-155.12216180513965,-2.1643941877581,2.9289836706382,-1.3151624152222894,-4.971115713650931,4.6757727554247595,1.7509272,0.8113086,49,0.19367588932806323,445635.6415967328,5696602.119397996,474.10269355389573,0.28841008414747193,0.051981075666844845,-0.3582134285261418,-155.1221618051054,-2.164394187820442,2.9289836701220144,-1.3151624151880412,-4.97111571371326,4.675772754908593,1.7509272,0.8113086,445635.35318664863,5696602.06741692,474.4609069824219,-153.80699938991737,2.8067215258928204,-1.7467890847865737,610,frame_000610.png
1438,1992,1438,222,0.15438108484005564,122,0.5495495495495496,222,48,0.21621621621621623,445635.2736595442,5696601.871038089,474.197336761023,-0.07147199078463018,-0.19985797628760338,-0.2605489811645043,-155.20518573725178,0.7170957209501408,3.316080889359802,-1.5335610735253056,-1.9162423562335391,4.917170223341088,2.0280843,0.74557287,48,0.21621621621621623,445635.2736595457,5696601.871038087,474.19733676058024,-0.071471989271231,-0.19985797815024853,-0.2605489816072577,-155.20518573838638,0.7170957153141219,3.316080902806397,-1.5335610746599002,-1.916242361869564,4.917170236787683,2.0280843,0.74557287,445635.34513153497,5696602.070896065,474.4578857421875,-153.67162466372648,2.633338077183675,-1.601089333981299,611,frame_000611.png
1342,1987,1342,218,0.16244411326378538,120,0.5504587155963303,218,49,0.22477064220183487,445635.10939024284,5696601.745590756,474.23397088227256,-0.22379009029828012,-0.3239430859684944,-0.22382330718056664,-155.22593438880068,1.7970697837423888,3.443865909488928,-1.593056323037132,-0.5482431583558594,4.985903037800654,1.6777552,0.82496583,49,0.22477064220183487,445635.1093902428,5696601.745590755,474.23397088228165,-0.22379009035648778,-0.323943086899817,-0.2238233071714717,-155.22593438891332,1.7970697847185897,3.4438659102766884,-1.5930563231497672,-0.5482431573796589,4.985903038588418,1.6777552,0.82496583,445635.33318033314,5696602.069533842,474.4577941894531,-153.63287806576355,2.345312942098239,-1.5420371283117382,612,frame_000612.png
1371,2024,1371,215,0.15681983953318746,139,0.6465116279069767,215,47,0.2186046511627907,445634.9913633635,5696601.510500893,474.197936899827,-0.3286987518076785,-0.5491068018600345,-0.24600230915734755,-155.6761551013557,3.563517923642084,4.3763549198383345,-1.9094400250139927,0.8793195652765462,5.543121702145612,1.7351156,0.7913935,47,0.2186046511627907,445634.9913633635,5696601.510500893,474.1979368998325,-0.3286987518076785,-0.5491068018600345,-0.24600230915189059,-155.67615510132475,3.5635179235598433,4.376354919672752,-1.9094400249830414,0.8793195651942938,5.543121701980027,1.7351156,0.7913935,445635.3200621153,5696602.059607695,474.4439392089844,-153.7667150763417,2.684198358365537,-1.1667667823072767,613,frame_000613.png
1397,2023,1397,234,0.16750178954903364,141,0.6025641025641025,234,54,0.23076923076923078,445635.5123841809,5696601.864457304,474.0661326099494,0.20701694465242326,-0.1909133493900299,-0.3842152904412046,-155.42104213294704,-1.650062677017567,4.7696039530747525,-1.6087556256078415,-3.8425855554158375,6.988212803767169,1.8199977,0.72241527,54,0.23076923076923078,445635.5123841893,5696601.864457296,474.06613260629166,0.20701695303432643,-0.1909133568406105,-0.38421529409896493,-155.42104213418665,-1.650062711280608,4.769604024730871,-1.6087556268474543,-3.8425855896788903,6.988212875423272,1.8199979,0.72241515,445635.30536723626,5696602.055370653,474.4503479003906,-153.8122865073392,2.1925228783982718,-2.2186088506924024,614,frame_000614.png
1389,2016,1389,228,0.16414686825053995,130,0.5701754385964912,228,55,0.2412280701754386,445635.08625812025,5696601.7294933805,474.1922881478108,-0.19161912001436576,-0.3227023407816887,-0.24869085609549302,-155.25533624656182,1.9087036422120813,4.059602169490891,-1.591379133526658,-0.7528689223556171,5.893710825739447,1.6798103,0.76388556,55,0.2412280701754386,445635.08625812037,5696601.7294933805,474.1922881477931,-0.19161911989795044,-0.3227023407816887,-0.24869085611322816,-155.25533624652442,1.9087036414918448,4.059602169511002,-1.591379133489255,-0.7528689230758516,5.89371082575957,1.6798103,0.76388556,445635.27787724027,5696602.052195721,474.4409790039063,-153.66395711303517,2.6615725645676984,-1.8341086562485576,615,frame_000615.png
1404,2009,1404,212,0.150997150997151,126,0.5943396226415094,212,46,0.2169811320754717,445635.49542820186,5696602.059765628,474.1189621311175,0.21700162952765822,0.01102265901863575,-0.3182326931013222,-155.09928422295582,-1.851384228327593,2.8334780849738457,-1.4062962860250536,-4.412223659222093,4.425443842888853,1.697935,0.80100405,46,0.2169811320754717,445635.49542820174,5696602.059765628,474.11896213103415,0.2170016294112429,0.01102265901863575,-0.31823269318465464,-155.0992842233554,-1.8513842264381462,2.8334780872432233,-1.4062962864246344,-4.412223657332646,4.425443845158242,1.697935,0.80100405,445635.27842657233,5696602.048742969,474.4371948242188,-153.69298793693076,2.560839430894499,-1.5919657579150213,616,frame_000616.png
1352,2026,1352,233,0.17233727810650887,127,0.5450643776824035,233,51,0.21888412017167383,445634.9615950458,5696601.61318931,474.2012966436835,-0.3121791459270753,-0.42398516926914454,-0.23336522155085504,-155.6414775306239,1.9974623638395312,4.096579592580601,-1.7259506613133908,0.2530325915487026,5.735889648750515,1.8443614,0.7313467,51,0.21888412017167383,445634.96159504977,5696601.613189309,474.2012966425916,-0.31217914196895435,-0.4239851702004671,-0.23336522264276027,-155.64147753092772,1.9974623388345025,4.096579606391944,-1.7259506616172189,0.25303256654368056,5.735889662561874,1.8443614,0.7313467,445635.27377419174,5696602.037174479,474.4346618652344,-153.9155268693105,1.7444297722908169,-1.6393100561699263,617,frame_000617.png
1369,1984,1369,215,0.1570489408327246,103,0.4790697674418605,215,46,0.21395348837209302,445635.42843025795,5696602.039476801,474.1397197568544,0.16245848720427603,0.01807226426899433,-0.2965290224424848,-155.335388466736,-1.860238905426216,2.3735406674408495,-1.3505749294487828,-4.015990120758005,3.747274460779977,1.7712156,0.63372034,46,0.21395348837209302,445635.42843025795,5696602.039476801,474.13971975689185,0.16245848720427603,0.01807226426899433,-0.296529022405025,-155.33538846659377,-1.8602389059670323,2.3735406663231715,-1.3505749293065605,-4.015990121298813,3.747274459662293,1.7712156,0.63372034,445635.26597177074,5696602.021404536,474.4362487792969,-153.9848135372872,2.1557512153317897,-1.373733793339132,618,frame_000618.png
1365,2000,1365,210,0.15384615384615385,120,0.5714285714285714,210,48,0.22857142857142856,445635.47096578113,5696601.845740768,474.0606533996383,0.20374295621877536,-0.16464843228459358,-0.37266569215859136,-155.57981752461814,-1.8681898028736106,2.8817403664548067,-1.6585019308482742,-3.942331903523069,3.4703150333166377,1.7263666,0.7307896,48,0.22857142857142856,445635.47096558544,5696601.845740743,474.0606534700293,0.20374276052461937,-0.1646484574303031,-0.3726656217675668,-155.57981753163457,-1.8681883882634807,2.8817399522804483,-1.6585019378647132,-3.942330488912944,3.470314619142272,1.7263647,0.7307932,445635.2672228249,5696602.0103892,474.4333190917969,-153.92131559376986,2.0741421006494543,-0.5885746668618246,619,frame_000619.png
1355,1941,1355,191,0.14095940959409595,103,0.5392670157068062,191,49,0.25654450261780104,445635.29867034237,5696601.740548994,474.1306576039176,0.03167253389256075,-0.2504015928134322,-0.30376012069177705,-155.45811073246875,-0.6980680420591923,3.3019621190848754,-1.6480123660787456,-2.551879150929466,4.295608232657315,1.881288,0.78354675,49,0.25654450261780104,445635.29867034295,5696601.740548995,474.1306576037594,0.03167253447463736,-0.25040159188210964,-0.3037601208499723,-155.45811073228325,-0.6980680465257412,3.301962119285399,-1.648012365893237,-2.5518791553960227,4.2956082328578304,1.881288,0.78354675,445635.2669978085,5696601.990950587,474.4344177246094,-153.81009836639,1.8538111088702833,-0.9936461135724404,620,frame_000620.png
1302,1981,1302,200,0.15360983102918588,118,0.59,200,45,0.225,445635.26157297404,5696601.5341567155,474.13395081389666,0.004324241075664759,-0.4271855242550373,-0.29845275055646425,-155.5779476048721,-0.8577721241540782,3.914755338274939,-1.7444162990799725,-1.7620898458787337,4.40857767198699,1.8188593,0.7297881,45,0.225,445635.26157297345,5696601.5341567155,474.1339508141027,0.0043242404935881495,-0.4271855242550373,-0.29845275035040686,-155.57794760502364,-0.8577721200079892,3.91475533634958,-1.744416299231517,-1.7620898417326316,4.408577670061618,1.8188593,0.7297881,445635.25724873296,5696601.96134224,474.4324035644531,-153.83353130579212,0.9043177217246503,-0.49382233371205203,621,frame_000621.png
1281,1961,1281,204,0.1592505854800937,119,0.5833333333333334,204,50,0.24509803921568626,445634.995887427,5696601.454876866,474.19065842141737,-0.25750187964877114,-0.4909644480794668,-0.23014846334825734,-155.5888511083041,0.9380595404448087,2.746254556317384,-1.8811706972045101,0.017314671148994876,2.4828927709059485,1.7359446,0.8086972,50,0.24509803921568626,445634.9958874226,5696601.454876863,474.1906584224268,-0.25750188407255337,-0.49096445087343454,-0.2301484623388319,-155.58885111049355,0.9380595763157753,2.746254558155549,-1.881170699393948,0.017314707019949083,2.4828927727441226,1.7359446,0.8086972,445635.25338930666,5696601.945841314,474.4208068847656,-153.7076804110996,0.9207448692958142,0.26336178541143446,622,frame_000622.png
1260,1951,1260,162,0.12857142857142856,100,0.6172839506172839,162,48,0.2962962962962963,445635.0118985585,5696601.554580029,474.2220380586409,-0.23627443314762786,-0.3815467422828078,-0.1904375272965808,-155.16552348289846,1.309914193305694,1.8883820186841074,-1.6984800039370498,-0.11421621002867255,1.6737648207873974,1.6499742,0.76137394,48,0.2962962962962963,445635.0118985586,5696601.55458003,474.2220380586396,-0.2362744330894202,-0.38154674135148525,-0.1904375272978882,-155.1655234828272,1.3099141926431102,1.8883820182937687,-1.6984800038657966,-0.11421621069123944,1.6737648203970537,1.6499742,0.76137394,445635.2481729917,5696601.936126771,474.4124755859375,-153.46704347896141,1.4241304033343536,0.2146171978967078,623,frame_000623.png
1254,1921,1254,217,0.17304625199362042,134,0.6175115207373272,217,51,0.2350230414746544,445635.067599194,5696601.506665291,474.1645513244718,-0.1628952615428716,-0.4179742904379964,-0.24362128295007324,-154.9847313127242,0.18529927193757886,2.9840206078867904,-1.715069228624543,-0.6668535459088503,3.2040112254460382,1.9936798,0.71213466,51,0.2350230414746544,445635.067599194,5696601.506665291,474.1645513244724,-0.1628952615428716,-0.4179742904379964,-0.24362128294944796,-154.98473131273707,0.18529927205194782,2.9840206079081275,-1.715069228637418,-0.6668535457944813,3.2040112254673545,1.9936798,0.71213466,445635.23049445555,5696601.924639582,474.4081726074219,-153.26966208409965,0.8521528178464244,-0.21999061755923485,624,frame_000624.png
1247,1972,1247,204,0.1635926222935044,97,0.47549019607843135,204,38,0.18627450980392157,445635.23467593745,5696601.670605786,474.2016832075544,0.019477034453302622,-0.2532852692529559,-0.21723158736745063,-154.34657955907957,-1.0258334131556452,2.6954982750789607,-1.5216576132153534,-2.298079817271912,3.1467217156952927,1.9616009,0.7630371,38,0.18627450980392157,445635.2346759373,5696601.670605785,474.2016832074053,0.01947703427867964,-0.2532852701842785,-0.21723158751655092,-154.3465795599242,-1.0258334091040306,2.6954982808802095,-1.5216576140599898,-2.2980798132202835,3.146721721496533,1.9616009,0.7630371,445635.215198903,5696601.923891055,474.4189147949219,-152.82492194586422,1.2722464041162556,-0.45122344061633174,625,frame_000625.png
1262,1942,1262,205,0.1624405705229794,117,0.5707317073170731,205,47,0.22926829268292684,445634.9329609491,5696601.560836597,474.26303090268516,-0.266558492614422,-0.36101668421179056,-0.16531382387734084,-154.50132508520124,0.7660947330109207,2.7715998753181794,-1.5577151904298887,0.07998584029701306,3.4149258395955826,1.8732623,0.79988295,47,0.22926829268292684,445634.93296094815,5696601.560836596,474.2630309028026,-0.26655849354574457,-0.36101668514311314,-0.16531382375990233,-154.5013250859688,0.7660947416385443,2.7715998777115387,-1.5577151911974454,0.07998584892465033,3.4149258419889463,1.8732623,0.79988295,445635.1995194417,5696601.921853282,474.4283447265625,-152.94360989477136,0.6861088927139064,-0.643325964277397,626,frame_000626.png
1221,1937,1221,194,0.1588861588861589,111,0.5721649484536082,194,47,0.2422680412371134,445635.00067924923,5696601.608083956,474.21332067520154,-0.1828063663560897,-0.2893152264878154,-0.20068078964220604,-155.16886011965624,0.07921064862459673,1.529622303875245,-1.5459523032511413,-0.8095997681321023,1.200674611321972,1.7062588,0.71892124,47,0.2422680412371134,445635.00067924923,5696601.608083956,474.2133206752031,-0.1828063663560897,-0.2893152264878154,-0.20068078964067126,-155.16886011963473,0.07921064833621408,1.5296223036496577,-1.545952303229626,-0.8095997684204974,1.2006746110963888,1.7062588,0.71892124,445635.1834856156,5696601.897399182,474.41400146484375,-153.6229078164051,0.8888104167567003,0.3289476925532589,627,frame_000627.png
1248,1934,1248,183,0.1466346153846154,111,0.6065573770491803,183,47,0.2568306010928962,445635.10018742114,5696601.665404141,474.15913626582784,-0.08311101287836209,-0.22292487230151892,-0.2530036267502851,-155.221896115627,-0.7545027348210389,1.224968370452391,-1.4295286829525367,-1.749532393658086,0.6724426398646983,1.6770458,0.8090963,47,0.2568306010928962,445635.10018742114,5696601.665404141,474.15913626583097,-0.08311101287836209,-0.22292487230151892,-0.2530036267471587,-155.22189611563434,-0.7545027347013259,1.2249683704313177,-1.4295286829598695,-1.7495323935383738,0.6724426398436094,1.6770458,0.8090963,445635.183298434,5696601.888329013,474.4121398925781,-153.79236743267447,0.9950296588370434,0.5525257305876996,628,frame_000628.png
1257,1892,1257,165,0.13126491646778043,100,0.6060606060606061,165,46,0.2787878787878788,445634.991722439,5696601.435266548,474.1971885539607,-0.18544794886838645,-0.445284403860569,-0.21540910228929988,-155.4210828103841,0.2030349371041642,3.5604746026384078,-1.788416013620889,-0.4329512787135741,4.19668423884022,1.8434289,0.72774655,46,0.2787878787878788,445634.9917224404,5696601.43526655,474.1971885540172,-0.18544794747140259,-0.44528440199792385,-0.21540910223279752,-155.42108280868828,0.20303492316862645,3.560474596352012,-1.7884160119250794,-0.4329512926491077,4.196684232553821,1.8434289,0.72774655,445635.1771703879,5696601.880550952,474.41259765625,-153.6326667967632,0.6359862158177341,-0.6362096362018159,629,frame_000629.png
1197,1962,1197,157,0.1311612364243943,100,0.6369426751592356,157,39,0.2484076433121019,445635.16553849477,5696601.558646762,474.14828505303393,-0.01663017924875021,-0.3053182912990451,-0.2639463922785694,-154.98780223008976,-0.5294976290810218,2.1152121307813925,-1.5486822410647676,-1.9079612006389368,1.6937903908153373,1.8173584,0.7673996,39,0.2484076433121019,445635.1655384969,5696601.558646762,474.148285052379,-0.016630177095066756,-0.3053182912990451,-0.2639463929335193,-154.98780222979374,-0.5294976447673196,2.115212135068474,-1.5486822407687555,-1.9079612163252477,1.6937903951024111,1.8173584,0.7673996,445635.182168674,5696601.863965053,474.4122314453125,-153.439119989025,1.3784635715579163,0.4214217399660529,630,frame_000630.png
1249,1908,1249,180,0.14411529223378702,106,0.5888888888888889,180,43,0.2388888888888889,445635.2876852783,5696601.645883895,474.09435020586983,0.10821175272576511,-0.21669907309114933,-0.32319129803647684,-154.9216236419998,-2.4212527002865496,2.709739544713951,-1.479210656020939,-2.9545501482224097,3.013625105877992,1.8538123,0.77430844,43,0.2388888888888889,445635.2876852783,5696601.645883895,474.0943502058588,0.10821175272576511,-0.21669907309114933,-0.32319129804750446,-154.92162364199856,-2.4212527004899718,2.709739544844079,-1.479210656019717,-2.954550148425824,3.013625106008135,1.8538123,0.77430844,445635.17947352555,5696601.862582969,474.4175415039063,-153.44241298597885,0.5332974479358603,-0.30388556116404514,631,frame_000631.png
1228,1908,1228,177,0.14413680781758959,108,0.6101694915254238,177,47,0.2655367231638418,445635.0010219292,5696601.49827317,474.21609642482787,-0.17705630947602913,-0.3644301015883684,-0.1988205673596326,-154.96980876329195,-0.14427302058636157,2.0358651372237633,-1.5984263244662031,-0.667517590056633,1.6259269026645597,1.6092911,0.69476825,47,0.2655367231638418,445635.0010219291,5696601.49827317,474.2160964248015,-0.17705630959244445,-0.3644301015883684,-0.19882056738600795,-154.9698087634636,-0.14427301942935036,2.035865138145369,-1.5984263246378418,-0.6675175888996421,1.625926903586162,1.6092911,0.69476825,445635.1780782387,5696601.862703271,474.4149169921875,-153.37138243882575,0.5232445694702808,0.40993823455920886,632,frame_000632.png
1234,1913,1234,193,0.15640194489465153,121,0.6269430051813472,193,51,0.26424870466321243,445634.92886150395,5696601.5145667335,474.2380183517004,-0.25098361261188984,-0.3546525053679943,-0.1701237381433316,-154.86814357327293,0.6923659868237879,2.1581088929581504,-1.4958851447170787,-0.1648760939767726,2.195700755146021,1.8122776,0.59933466,51,0.26424870466321243,445634.9288615038,5696601.514566733,474.238018351708,-0.2509836127865128,-0.3546525062993169,-0.17012373813577142,-154.86814357346336,0.6923659884200609,2.1581088935722685,-1.4958851449075041,-0.16487609238049572,2.195700755760157,1.8122776,0.59933466,445635.17984511657,5696601.869219239,474.40814208984375,-153.37225842855585,0.8572420808005577,-0.03759186218787627,633,frame_000633.png
1219,1920,1219,158,0.12961443806398687,90,0.569620253164557,158,42,0.26582278481012656,445635.0667698827,5696601.516109057,474.18336942894587,-0.11221035465132445,-0.35828627925366163,-0.23099824683544057,-154.8457574342221,0.06288101517388642,3.127652769657471,-1.548501927989065,-1.0899374375995592,3.648508136515858,1.7485875,0.7613762,42,0.26582278481012656,445635.06676988205,5696601.516109057,474.18336942922275,-0.11221035529160872,-0.35828627925366163,-0.23099824655855627,-154.84575743390653,0.06288101876738279,3.127652766138373,-1.5485019276734988,-1.0899374340060888,3.648508132996767,1.7485875,0.7613762,445635.17898023734,5696601.874395336,474.4143676757813,-153.29725550623303,1.1528184527734582,-0.5208553668583981,634,frame_000634.png
1201,1903,1201,185,0.1540383014154871,100,0.5405405405405406,185,48,0.2594594594594595,445635.5768862767,5696601.84567624,474.04445094400046,0.3852237166138366,-0.0333045432344079,-0.37220555014016554,-155.12969160948887,-4.081129437594464,1.533268028427432,-1.4153414939458173,-5.395827014764478,1.1578471346741992,1.8872585,0.61785406,48,0.2594594594594595,445635.57688627753,5696601.8456762405,474.0444509440472,0.38522371742874384,-0.03330454230308533,-0.37220555009344025,-155.12969160827703,-4.081129446881231,1.5332680221832955,-1.4153414927339725,-5.395827024051243,1.1578471284300633,1.8872585,0.61785406,445635.1916625601,5696601.878980783,474.4166564941406,-153.71435011554306,1.3146975771700151,0.3754208937532429,635,frame_000635.png
1267,1911,1267,172,0.13575374901341752,95,0.5523255813953488,172,46,0.26744186046511625,445635.0751504396,5696601.516378954,474.1624454510694,-0.11737397115211934,-0.36722676269710064,-0.2518611895555978,-155.25815315844207,0.17355680731316497,3.3512786887352175,-1.50328630397928,-0.9819906340197235,4.0554627290640894,1.828395,0.80508155,46,0.26744186046511625,445635.0751504388,5696601.516378954,474.16244545125784,-0.11737397190881893,-0.36722676269710064,-0.25186118936716184,-155.25815315889307,0.17355681315086588,3.3512786883417616,-1.5032863044302758,-0.9819906281820181,4.055462728670648,1.828395,0.80508155,445635.1925244107,5696601.883605717,474.414306640625,-153.7548668544628,1.155547441332882,-0.7041840403288748,636,frame_000636.png
1270,1936,1270,187,0.14724409448818898,117,0.6256684491978609,187,47,0.25133689839572193,445634.87413124467,5696601.503073271,474.2210392386314,-0.31423625961178914,-0.3926843563094735,-0.18936115199358028,-155.29048036427847,1.1581153398043058,3.2734049901233897,-1.5616622743403923,0.4012016859574885,4.223966272924258,1.8712356,0.7302544,47,0.25133689839572193,445634.8741312437,5696601.50307327,474.2210392387641,-0.3142362606013194,-0.3926843572407961,-0.18936115186090774,-155.29048036519197,1.1581153488414453,3.2734049923825843,-1.5616622752538944,0.40120169499462577,4.223966275183443,1.8712356,0.7302544,445635.1883675043,5696601.895757628,474.410400390625,-153.72881808993807,0.7569136538468284,-0.9505612828008627,637,frame_000637.png
1123,1953,1123,171,0.1522707034728406,100,0.5847953216374269,171,43,0.25146198830409355,445635.05704094586,5696601.604937108,474.1575098754171,-0.02983858360676095,-0.3827278884127736,-0.19194691169229827,-121.99191137672153,-0.9323170230605646,7.5501712431761,-1.5686052717582015,-0.8708071552573244,12.321535781174418,1.7445129,0.54110205,43,0.25146198830409355,445635.0570409471,5696601.604937108,474.1575098749596,-0.02983858238440007,-0.3827278884127736,-0.1919469121497741,-121.99191137619671,-0.9323170307606015,7.550171249357532,-1.5686052712333662,-0.8708071629573624,12.321535787355856,1.7445129,0.54110205,445635.08687952947,5696601.987664997,474.3494567871094,-120.42330610496333,-0.06150986780324632,-4.771364537998332,638,frame_000638.png
1246,1917,1246,214,0.17174959871589085,121,0.5654205607476636,214,61,0.2850467289719626,445635.045925472,5696601.562977858,474.21372175180966,0.09606094344053417,-0.4124184073880315,-0.22603654897164915,-99.7796987092804,3.731296633547414,7.622519827858628,3.898784138415266,0.038828476755981,12.87189144493891,1.8750998,0.7063671,61,0.2850467289719626,445635.0459254719,5696601.562977858,474.2137217518515,0.09606094332411885,-0.4124184073880315,-0.2260365489298124,-99.77969870921656,3.7312966335696984,7.622519827094721,3.898784138479101,0.03882847677826362,12.871891444174992,1.8750998,0.7063671,445634.94986452855,5696601.975396265,474.4397583007813,-103.67848284769566,3.6924681567914375,-5.249371617080275,639,frame_000639.png
1208,1783,1208,163,0.13493377483443708,86,0.5276073619631901,163,33,0.20245398773006135,445636.00550046307,5696601.560545777,474.2069703835204,0.7965317848720588,-0.025412137620151043,-0.21066267312022546,-37.34382873396823,3.644942393895798,1.6139347503143289,0.20691241746274613,-0.2240888911192087,-0.2903248223475998,1.8413509,0.7248033,33,0.20245398773006135,445636.00550046365,5696601.56054578,474.2069703833742,0.7965317854541354,-0.02541213482618332,-0.21066267326642674,-37.34382873377016,3.6449423887846226,1.6139347640318173,0.20691241766081703,-0.2240888962303984,-0.29032480863011756,1.8413509,0.7248033,445635.2089686782,5696601.585957915,474.4176330566406,-37.550741151430984,3.8690312850150175,1.9042595726619256,640,frame_000640.png
1467,1746,1467,184,0.125426039536469,84,0.45652173913043476,184,25,0.1358695652173913,445637.4549477675,5696601.854638036,474.0106590550509,1.2536119476426393,0.7245049141347408,-0.39372937268348096,-28.841186335191967,2.940567590538881,4.887264329550629,-1.9440532050108459,0.39664977128629175,0.919625473255536,2.0009906,0.5933941,25,0.1358695652173913,445637.4552442965,5696601.854612944,474.0106791429925,1.2539084766758606,0.724479821510613,-0.39370928474187394,-28.840858822438918,2.9430736151955394,4.889024181414311,-1.9437256922578001,0.3991557959429315,0.9213853251192177,2.0010595,0.5920998,445636.20133581985,5696601.130133122,474.4043884277344,-26.897133130181125,2.543917819252602,3.96763885629508,641,frame_000641.png
1520,1696,1520,162,0.10657894736842105,91,0.5617283950617284,162,32,0.19753086419753085,-4969082.712810492,-1171943.7645982942,4957027.846830409,-5414719.182988875,-6868544.787434022,4956553.439786952,-155.95228120622812,54.87106118227345,22.729552503426614,-128.73410373131958,53.73019153455468,19.048139564674784,582.665,208.42024,32,0.19753086419753085,445637.60181402805,5696601.3105533905,474.06537206507335,1.1316356453462504,0.28771766275167465,-0.34167139195795926,-28.939943058437265,1.6934389191787829,1.9553832784514367,-1.721765583528736,0.5525692714600154,-1.7260296603004122,1.7373711,0.9126262,445636.4701783827,5696601.022835728,474.4070434570313,-27.218177474908533,1.1408696477187785,3.681412938751837,642,frame_000642.png
1537,1626,1537,166,0.10800260247234873,84,0.5060240963855421,166,32,0.1927710843373494,445637.6172792126,5696600.759080614,474.2067288908319,0.6247594662709162,-0.027984580025076866,-0.19811730057438126,-28.35482825015484,0.6347500856379695,-0.6139129289096442,-1.5072948950100624,0.08534722550518836,-3.169451425004439,1.665901,0.6578716,32,0.1927710843373494,445637.6172792112,5696600.759080618,474.20672889102616,0.6247594648739323,-0.027984576299786568,-0.1981173003801473,-28.35482824830061,0.6347500677685111,-0.6139129152027536,-1.50729489315583,0.0853472076357491,-3.1694514112975583,1.665901,0.6578716,445636.9925197463,5696600.787065194,474.4048461914063,-26.84753335514477,0.5494028601327685,2.5555384960947993,643,frame_000643.png
1406,1548,1406,142,0.10099573257467995,78,0.5492957746478874,142,18,0.1267605633802817,445638.3358781503,5696600.932089512,474.04017824371937,0.6385453233961016,0.49070901423692703,-0.3651867465150076,-28.951174001197547,-1.0182526958667695,2.208786399129793,-2.3687915665745436,-2.860299288598071,-1.150654802786704,4.346548,3.4366515,18,0.1267605633802817,445639.51711877174,5696600.28103332,473.86880238757414,1.8197859448264353,-0.1603471776470542,-0.5365626026602399,-29.094458135575326,8.740626752522145,2.3410175208926436,-2.512075700952323,6.898580159790839,-1.0184236810238474,1.3198589,0.6567271,445637.6973328269,5696600.441380498,474.4053649902344,-26.582382434623003,1.8420465927312983,3.3594412019164963,644,frame_000644.png
1505,1377,1505,147,0.09767441860465116,89,0.6054421768707483,147,29,0.19727891156462585,409780.92039469036,5705283.859550625,18957.396047491842,-35857.44663340185,8683.766483467072,18483.011587042623,0.09090853535332846,-67.99001710557934,-171.99426471802744,26.447968621510284,-69.81650215312467,-174.41113306175242,550.771,190.61884,29,0.19727891156462585,445638.930875053,5696600.099033857,474.19218552015013,0.5638469607802108,0.0059666987508535385,-0.19227492906867383,-27.84596457998714,1.1789699309096462,-0.17340934621963294,-1.488904493830205,-0.6475151166357023,-2.590277689944628,1.676512,0.7478993,445638.3670280922,5696600.093067158,474.3844604492188,-26.357060086156945,1.826485047545337,2.4168683437249836,645,frame_000645.png
1378,1395,1378,152,0.11030478955007257,75,0.4934210526315789,152,22,0.14473684210526316,445639.6159599986,5696599.892513563,474.2012722612592,0.795823004678823,0.04284870158880949,-0.1913668988970585,-28.434102003819465,0.6439738589629116,-0.32381892778482796,-1.5709672067730764,-0.262349004628021,-3.807932435129146,1.7248174,0.63788855,22,0.14473684210526316,445639.61595999845,5696599.892513563,474.20127226123816,0.7958230045042001,0.04284870158880949,-0.19136689891809056,-28.43410200373136,0.6439738570523382,-0.32381892673454504,-1.5709672066849691,-0.2623490065386136,-3.8079324340788503,1.7248174,0.63788855,445638.82013699395,5696599.849664861,474.39263916015625,-26.863134797046396,0.9063228635909377,3.4841135073443192,646,frame_000646.png
1281,1297,1281,129,0.10070257611241218,71,0.5503875968992248,129,32,0.24806201550387597,445639.9456465446,5696599.721442944,474.21195325007204,0.6527891962905414,0.09751102048903704,-0.16829577336545753,-28.34019716657112,0.4800756740293002,-0.1342080219047866,-1.4197509607461711,-0.032232839965246285,-3.3227369194707137,1.7905661,0.8197167,32,0.24806201550387597,445639.94564654486,5696599.721442944,474.2119532500462,0.6527891965233721,0.09751102048903704,-0.1682957733913213,-28.340197166460406,0.48007567463497225,-0.13420801953914685,-1.4197509606354402,-0.032232839359551235,-3.3227369171050896,1.7905661,0.8197167,445639.29285734834,5696599.623931924,474.3802490234375,-26.92044620582496,0.512308513994536,3.1885288975659365,647,frame_000647.png
1261,1345,1261,142,0.11260904044409199,79,0.5563380281690141,142,34,0.23943661971830985,445640.16247990663,5696599.552691317,474.22126105215585,0.636157447937876,0.050515552051365376,-0.16823479745352188,-28.429807417995594,0.05502874848030331,-0.6343377975992928,-1.458081096319546,-0.4860025228178415,-3.917050802365509,1.5299885,0.826432,34,0.23943661971830985,445640.16247990646,5696599.552691313,474.22126105240477,0.636157447763253,0.05051554832607508,-0.16823479720460455,-28.429807419355875,0.05502875704071677,-0.6343378157342606,-1.4580810976798375,-0.4860025142574216,-3.9170508205004637,1.5299885,0.826432,445639.5263224587,5696599.502175765,474.3894958496094,-26.971726321676044,0.5410312712981321,3.2827130047662116,648,frame_000648.png
1294,1278,1294,148,0.1143740340030912,70,0.47297297297297297,148,39,0.2635135135135135,445640.5171409472,5696599.403190313,474.186044700324,0.7516174727352336,0.006479085423052311,-0.19566916686352442,-28.523876764302127,0.4032470919414926,-0.7780470343394984,-1.590489032365582,-0.028511086773022498,-4.406844739076149,1.9335022,0.6588672,39,0.2635135135135135,445640.51714094717,5696599.403190313,474.18604470032597,0.7516174726770259,0.006479085423052311,-0.1956691668615349,-28.523876764299818,0.4032470916875634,-0.778047034503641,-1.5904890323632515,-0.028511087026970472,-4.4068447392402845,1.9335022,0.6588672,445639.7655234745,5696599.3967112275,474.3817138671875,-26.933387731936556,0.4317581787145216,3.62879770473664,649,frame_000649.png
1265,1290,1265,163,0.12885375494071147,87,0.5337423312883436,163,35,0.2147239263803681,445640.82434059907,5696599.308200918,474.2099659444092,0.8268611309467815,0.02217928320169449,-0.17882800090330875,-28.418135144369117,0.6618245097661692,-0.6601194944365281,-1.594402809638268,-0.04405850151147206,-4.459672938198821,1.821018,0.6477959,35,0.2147239263803681,445640.82434060005,5696599.308200917,474.20996594440226,0.8268611319363117,0.022179282270371914,-0.17882800091024365,-28.418135144515517,0.661824516457959,-0.6601194928709778,-1.5944028097846683,-0.04405849481969426,-4.459672936633268,1.821018,0.6477959,445639.9974794681,5696599.286021635,474.3887939453125,-26.823732334730845,0.705883011277641,3.7995534437622864,650,frame_000650.png
1235,1283,1235,135,0.10931174089068826,78,0.5777777777777777,135,35,0.25925925925925924,445641.0573482911,5696599.111516867,474.2159820716509,0.603673153789714,0.05203914362937212,-0.1756194908491011,-27.9935281818532,0.06363160986658205,-0.7650593159196362,-1.5023056633553153,-0.13629191950479935,-4.217271124866528,1.7353154,0.76008534,35,0.25925925925925924,445641.05734828464,5696599.111516843,474.2159820736496,0.6036731473286636,0.05203911941498518,-0.17561948885037282,-27.99352819602974,0.06363164793061753,-0.7650594753264022,-1.502305677531865,-0.1362918814407692,-4.217271284273295,1.7353154,0.76008534,445640.4536751373,5696599.059477723,474.3916015625,-26.49122251849789,0.1999235293713817,3.4522118089468807,651,frame_000651.png
1158,1299,1158,132,0.11398963730569948,75,0.5681818181818182,132,34,0.25757575757575757,445641.5184460654,5696598.773394241,474.2183419977549,0.6325745746144094,-0.08088354393839836,-0.17954618583883075,-28.100704833431347,1.7855622699585028,-2.017041199453011,-1.3973918463429698,-0.048729260067716496,-6.170692330532404,1.4968214,0.7047239,34,0.25757575757575757,445641.5184460661,5696598.773394241,474.21834199771774,0.6325745753129013,-0.08088354393839836,-0.17954618587600635,-28.10070483316518,1.7855622753942195,-2.017041199853667,-1.3973918460768004,-0.048729254632007724,-6.170692330933065,1.4968214,0.7047239,445640.8858714908,5696598.854277785,474.39788818359375,-26.70331298708837,1.834291530026222,4.1536511310794,652,frame_000652.png
1148,1338,1148,124,0.10801393728222997,63,0.5080645161290323,124,31,0.25,445641.876232404,5696598.696688564,474.21736662938474,0.777347082097549,-0.05695405323058367,-0.17569977686525817,-28.573614823485777,1.2477439125638035,-1.8395546567046483,-1.5308085502630604,0.13492866923712654,-6.225829583529247,1.8993028,0.7055892,31,0.25,445641.87623240455,5696598.696688564,474.2173666293315,0.7773470826214179,-0.05695405323058367,-0.17569977691852046,-28.57361482349116,1.2477439163241981,-1.8395546563913463,-1.530808550268432,0.13492867299751765,-6.225829583215926,1.8993028,0.7055892,445641.09888532193,5696598.753642617,474.39306640625,-27.042806273222716,1.112815243326673,4.386274926824587,653,frame_000653.png
1098,1415,1098,130,0.11839708561020036,65,0.5,130,30,0.23076923076923078,445642.36813208373,5696598.509424212,474.22237217333657,0.6257271873764694,0.05830213148146868,-0.1666048774447404,-28.379236255924162,1.5588667183978848,-1.9764967203564834,-1.2636121829806655,-0.3212658585261181,-6.560934592775709,1.8747288,0.832026,30,0.23076923076923078,445642.3681320842,5696598.5094242105,474.22237217334776,0.6257271878421307,0.05830212961882353,-0.16660487743354224,-28.379236256520137,1.558866727489806,-1.976496729910431,-1.2636121835766403,-0.3212658494341838,-6.560934602329667,1.8747288,0.832026,445641.74240489636,5696598.451122081,474.3889770507813,-27.11562407294349,1.880132576924002,4.584437872419224,654,frame_000654.png
1118,1468,1118,116,0.1037567084078712,56,0.4827586206896552,116,26,0.22413793103448276,445214.8458308502,5697739.472031403,1018.4388976294221,-427.1158302954864,1141.1236999211833,544.0493102270783,17.705722190735887,1.8378768105611654,78.60114252266058,44.820073185225965,0.583471139395698,73.70987167861057,447.16092,169.8927,26,0.22413793103448276,445643.7935979214,5696599.049203672,474.28079480493045,1.8319367757067084,0.7008721902966499,-0.10879259741329861,-28.60548188195624,5.554284638350406,5.547818186185959,-1.49113088746617,4.299878967184924,0.6565473421359513,2.0642831,0.6305259,445641.9616611457,5696598.348331482,474.38958740234375,-27.114350994490064,1.254405671165473,4.89127084405,655,frame_000655.png
1156,1490,1156,148,0.12802768166089964,74,0.5,148,21,0.14189189189189189,445642.789155358,5696598.286791179,474.1948015024367,0.6022773022996262,0.0387631906196475,-0.1882246206101854,-28.63146605599358,-0.14457174647837226,-1.9425763647281182,-1.5020237412864503,-1.1837823975448885,-6.454339720419313,1.6590856,0.72385025,21,0.14189189189189189,445642.7891553577,5696598.286791179,474.1948015024229,0.6022773020085879,0.0387631906196475,-0.18822462062399836,-28.631466056152373,-0.14457174877068313,-1.9425763649265748,-1.5020237414452708,-1.183782399837213,-6.4543397206177815,1.6590856,0.72385025,445642.1868780557,5696598.248027989,474.3830261230469,-27.129442314707116,1.0392106510665202,4.511763355691201,656,frame_000656.png
1157,1654,1157,129,0.111495246326707,65,0.5038759689922481,129,27,0.20930232558139536,445358.64782955416,5696675.167366306,166.5722137427981,-283.9779165938962,77.13708339538425,-307.8112701439207,151.76922830459773,-51.755177794470626,-14.604294289967541,178.95387124545016,-53.01688492594752,-19.015746402936912,584.5224,174.62297,27,0.20930232558139536,445643.231888891,5696598.095256421,474.22283198561627,0.6061427429667674,0.06497350987046957,-0.1606519011025398,-28.588168517828613,1.1774365353461875,-1.5738815905034398,-1.4035255769761648,-0.08427059613069332,-5.985333703472804,1.7845588,0.66157913,445642.62574614806,5696598.030282911,474.3834838867188,-27.184642940852463,1.2617071314768948,4.411452112969373,657,frame_000657.png
1189,1683,1189,160,0.1345668629100084,81,0.50625,160,31,0.19375,445644.3999877244,5696598.337505022,474.16295691291236,1.5577283498132601,0.4143809089437127,-0.21454552849394304,-28.66798446076369,4.986054323196294,3.032727504526557,-1.5277698590621185,4.063309698881227,-1.8747512519347822,2.013763,0.8905241,31,0.19375,445644.4540179003,5696598.229507482,474.14517065933336,1.6117585257161409,0.3063833685591817,-0.23233178207294714,-28.580255729568986,5.640297106179533,2.5806399729907836,-1.4400411278674312,4.717552481864459,-2.3268387834705493,1.7508149,0.7251002,445642.84225937456,5696597.923124113,474.3775024414063,-27.14021460170156,0.9227446243150702,4.9074787564613445,658,frame_000658.png
1382,1973,1382,178,0.1287988422575977,80,0.449438202247191,178,25,0.1404494382022472,445645.25426778686,5696598.078253453,474.125201169405,1.1193688256898895,0.7778993723914027,-0.2665529809856366,-28.31674248796038,0.8890978631387354,3.223154384183094,-1.5080980095652592,-0.016381394480362133,-2.358456628988023,1.8718396,0.7753267,25,0.1404494382022472,445645.2542677868,5696598.078253453,474.12520116938657,1.1193688256316818,0.7778993723914027,-0.2665529810040539,-28.316742487920838,0.8890978631007882,3.2231543835675267,-1.5080980095257246,-0.016381394518305115,-2.3584566296035803,1.8718396,0.7753267,445644.1348989612,5696597.30035408,474.3917541503906,-26.80864447839512,0.9054792576190859,5.581611013171119,659,frame_000659.png
1376,2029,1376,213,0.15479651162790697,100,0.4694835680751174,213,28,0.13145539906103287,445644.59601165896,5696597.719755406,473.7917456122144,0.24701147101586685,0.5387578783556819,-0.6177697686449619,-27.805557144956055,-4.5048456661609775,0.0860256731707744,-1.2999054060377944,-5.1350514927517,-4.399911045780556,1.7447976,0.8609565,28,0.13145539906103287,445653.09440933284,5696599.219760371,472.9419660942123,8.745409144903533,2.0387628441676497,-1.4675492866470563,-38.775795160345346,38.80548149121804,39.85530388454487,-12.270143421427093,38.17527566462732,35.36936716559356,25.040024,12.874612,445644.34900018794,5696597.180997527,474.4095153808594,-26.505651738918246,0.6302058265907203,4.485936718951318,660,frame_000660.png
1490,2047,1490,237,0.15906040268456376,110,0.4641350210970464,237,32,0.1350210970464135,445645.11676103395,5696597.600969552,474.0338705605511,0.3362435020972043,0.6555207138881087,-0.38306059179262775,-27.81625802673062,-2.658724720562065,0.8137086692861587,-1.03882357029309,-3.4437060413719394,-4.035466812145756,1.9253206,0.80154616,32,0.1350210970464135,445645.1167610357,5696597.60096955,474.03387056098745,0.33624350384343415,0.6555207120254636,-0.38306059135629766,-27.816258023086796,-2.658724705070032,0.8137086643433413,-1.0388235666492847,-3.443706025879891,-4.035466817088576,1.9253206,0.80154616,445644.78051753185,5696596.945448838,474.41693115234375,-26.77743445643752,0.7849813208098636,4.849175481431916,661,frame_000661.png
1496,2129,1496,254,0.1697860962566845,110,0.4330708661417323,254,30,0.11811023622047244,445718.63391500106,5696563.784657202,611.662772505071,73.63716139178723,-33.0374352959916,137.23989042499284,33.22569707125651,26.627203956596166,-8.387386561567853,60.041044820136506,26.158486284004255,-13.112620627102643,236.30258,137.81174,30,0.11811023622047244,445645.15573845437,5696598.16140712,474.07265255031916,0.15898484509671107,1.3393146218732,-0.3502295297589626,-29.276443928922866,-6.396097869895578,3.9762345570382673,-2.4610961800428584,-6.8648155424874915,-0.7489995084965244,2.120668,0.5746455,445644.9967536093,5696596.822092498,474.4228820800781,-26.81534774888,0.468717672591915,4.725234065534802,662,frame_000662.png
1510,2136,1510,264,0.17483443708609273,134,0.5075757575757576,264,32,0.12121212121212122,445654.02878193266,5700274.511539575,4357.347586597561,8.806014651374426,3677.8100818078965,3882.9286718026387,-57.55726552911446,-25.75282270510369,36.71204095684621,-30.447200349903227,-26.283291064251443,31.94125947208451,242.52797,84.97415,32,0.12121212121212122,445646.1517626386,5696597.065575483,474.1910712882712,0.9289953573024832,0.3641177164390683,-0.22784350665068587,-29.24457734311857,0.6913980972637855,0.8358589137352872,-2.1345121639073454,0.16092973811603883,-3.9349225710264193,1.935694,0.79581934,445645.2227672813,5696596.701457767,474.4189147949219,-27.110065179211226,0.5304683591477604,4.7707814847617085,663,frame_000663.png
1533,2117,1533,303,0.19765166340508805,143,0.47194719471947194,303,41,0.1353135313531353,444911.2288924303,5697525.122676502,492.0685500679359,-734.2188879386522,928.542692293413,17.65372462848279,25.668913104711987,-49.1827777566187,91.53137950897458,52.78105742820213,-49.20182660992333,87.38316197228517,353.02722,158.02612,41,0.1353135313531353,445646.1904545166,5696597.003965689,474.098432122413,0.7426741476519965,0.4239814803004265,-0.31639331704013784,-28.753493833106614,-1.7717866228501424,1.4730773286223828,-1.6413495096164468,-1.7908354761547685,-2.675140208067063,2.0575242,0.7872908,445645.44778036897,5696596.579984209,474.4148254394531,-27.112144323490156,0.019048853304635963,4.148217536689434,664,frame_000664.png
1611,2119,1611,350,0.21725636250775915,175,0.5,350,45,0.12857142857142856,445633.3327590695,5696599.046362423,452.16569324327406,-12.97783349477686,2.944109353236854,-22.217882196179062,177.19245267706947,-57.957395279916454,-164.23788284195493,-155.8469293758801,-58.69848276628855,-168.38263138377462,296.15878,126.23173,45,0.12857142857142856,445647.5343409663,5696596.651605345,474.1846770541578,1.2237484020297416,0.5493522752076387,-0.19889838529530834,-28.8187568365539,1.9929594293268633,3.489114263128832,-1.858138889503465,1.2518719429547502,-0.6556342786908544,1.7903407,0.6903993,445646.3105925643,5696596.10225307,474.3835754394531,-26.96061794705044,0.7410874863721028,4.144748541819686,665,frame_000665.png
1594,2154,1594,346,0.21706398996235884,157,0.45375722543352603,346,58,0.1676300578034682,445647.3685567469,5696596.197099054,474.1660664506415,0.8790665695560165,0.21014546044170856,-0.2246195845147554,-28.60783793663413,2.4544154811181516,1.7453004785072828,-1.6258788562533937,0.05186112404939536,-1.285838829505451,1.9812891,0.6780207,58,0.1676300578034682,445647.3685567434,5696596.197099056,474.1660664502827,0.8790665660053492,0.21014546230435371,-0.22461958487355105,-28.607837937343945,2.454415455548717,1.745300478080193,-1.6258788569632259,0.05186109847994658,-1.285838829932544,1.9812891,0.6780207,445646.48949017737,5696595.986953594,474.39068603515625,-26.981959080380726,2.4025543570687624,3.031139308012737,666,frame_000666.png
1577,2331,1577,351,0.22257450856055802,151,0.4301994301994302,351,47,0.1339031339031339,445648.8360022216,5696595.674866147,474.223207794998,1.0655855430522934,0.4694808153435588,-0.18856588664260698,-28.61546995107884,4.132574821588158,3.7238103042871398,-1.4292988402496292,1.2808558600175388,0.5084107870407593,1.7711519,0.81641084,47,0.1339031339031339,445648.83600222185,5696595.674866147,474.22320779508675,1.065585543285124,0.4694808153435588,-0.1885658865538744,-28.615469950927277,4.13257482175745,3.723810307031227,-1.4292988400980846,1.280855860186847,0.5084107897848469,1.7711519,0.81641084,445647.77041667857,5696595.205385332,474.4117736816406,-27.1861711108292,2.8517189615706164,3.2153995172463725,667,frame_000667.png
1615,2384,1615,348,0.2154798761609907,152,0.4367816091954023,348,50,0.14367816091954022,445646.27316937246,5696600.498743241,472.5468920152302,-2.1343725352198817,5.6492077596485615,-1.869306715238622,-20.419832790475613,-32.92097623860918,26.20795706394189,6.849518814384595,-35.382160303599335,22.096808083698818,49.112503,43.05984,50,0.14367816091954022,445649.66087156476,5696594.639468561,474.0578771112883,1.2533296570763923,-0.2100669201463461,-0.35832161918051497,-29.128894620727316,5.521634019461716,-0.5392642348784609,-1.859543015867132,3.060449954471551,-4.650413215121546,1.7894464,0.7624451,445648.4075419077,5696594.849535481,474.4161987304688,-27.269351604860198,2.461184064990166,4.1111489802430885,668,frame_000668.png
1611,2453,1611,352,0.21849782743637491,163,0.4630681818181818,352,48,0.13636363636363635,445649.61703814875,5696595.160136361,474.0851335358357,0.7678780874121003,0.5492864698171616,-0.33524610283615175,-28.806226080726642,1.232940415282183,2.9827436117499113,-1.4864570239121804,-0.7269289329707362,-0.3117189891901546,1.9592539,0.7018358,48,0.13636363636363635,445649.6170381543,5696595.160136359,474.08513353551535,0.7678780929418281,0.5492864679545164,-0.33524610315652126,-28.806226078909425,1.232940450351516,2.9827436199568873,-1.4864570220949815,-0.7269288979014163,-0.31171898098318707,1.9592539,0.7018358,445648.84916006133,5696594.610849891,474.4203796386719,-27.319769056814454,1.95986934825293,3.294462600940072,669,frame_000669.png
1598,2456,1598,291,0.1821026282853567,119,0.40893470790378006,291,41,0.140893470790378,445664.9465845771,5696682.822524809,440.26704525452874,15.873291077616159,88.33526365272701,-34.149306063830636,-3.082180865458552,-12.248796436316354,121.48367867804114,24.28024875495811,-14.320060256940053,118.61391058851939,337.08847,185.84009,41,0.140893470790378,445650.6988695172,5696594.6693893215,474.08314699283125,1.6255760177155025,0.1821281649172306,-0.3332043255281292,-28.860220625867278,6.5250597843538145,4.030885199115012,-1.4977910054506367,4.4537959637301014,1.1611171095932775,1.9090604,0.7963505,445649.0732934995,5696594.487261157,474.4163513183594,-27.36242962041665,2.071263820623706,2.8697680895217257,670,frame_000670.png
1544,2462,1544,279,0.18069948186528498,137,0.4910394265232975,279,43,0.15412186379928317,445596.1307021913,5696639.471299983,445.7788038420437,-53.3855486609973,45.23725847154856,-28.64590929272191,130.64957662884467,-67.11682932420172,179.45180345916168,158.38595391904266,-68.38950051486441,176.86029849262633,379.11096,162.97458,43,0.15412186379928317,445650.41651941,5696594.751028152,474.1329272330603,0.9002685576560907,0.5169866411015391,-0.2917859017053388,-28.852555211393053,0.2131603666858509,3.7952445513720154,-1.1161779211950318,-1.0595108239768365,1.2037395848366543,1.8089015,0.6974099,445649.5162508523,5696594.234041511,474.4247131347656,-27.736377290198014,1.2726711906626982,2.5915049665353487,671,frame_000671.png
1512,2479,1512,270,0.17857142857142858,138,0.5111111111111111,270,45,0.16666666666666666,445650.80049576773,5696594.264720619,474.1196402306758,0.8417266278411262,0.2978764474391937,-0.3039132361210477,-29.299028101881554,1.2082439709672792,2.2694196936683837,-1.4823881819663427,0.37280149889843983,-0.498327160913135,1.8010614,0.76071626,45,0.16666666666666666,445650.80049576785,5696594.264720621,474.1196402308981,0.8417266279575415,0.2978764493018389,-0.30391323589878994,-29.299028101418813,1.2082439665960198,2.269419702632015,-1.4823881815036088,0.3728014945271809,-0.4983271519494963,1.8010614,0.76071626,445649.9587691399,5696593.966844171,474.4235534667969,-27.81663991991521,0.8354424720688388,2.7677468545815187,672,frame_000672.png
1452,2494,1452,248,0.17079889807162535,121,0.4879032258064516,248,35,0.14112903225806453,445651.00394439726,5696593.199299308,473.87434785850405,0.8305878895334899,-0.632237646728754,-0.5539358329022548,-29.75852126070798,4.790672873143812,-1.4864385641817952,-2.147344465945963,3.1223962324168895,-3.132078738759617,3.095552,1.6757711,35,0.14112903225806453,445651.1486790606,5696593.633305175,473.9932208277201,0.9753225528984331,-0.1982317790389061,-0.4350628636861984,-29.581971780620915,4.068388194531783,1.3143907033900106,-1.9707949858589018,2.4001115538048623,-0.33124947118781733,2.014042,0.72778,445650.17335650773,5696593.831536954,474.4282836914063,-27.611176794762017,1.668276640726927,1.6456401745778233,673,frame_000673.png
1406,2402,1406,269,0.19132290184921763,110,0.40892193308550184,269,29,0.10780669144981413,445649.45589086297,5696595.924547227,473.4580324819926,-1.1393512982758693,2.3478873409330845,-0.9728452035543,-28.237529919948084,-16.69360474927889,9.151455597686121,-0.5872083520750664,-18.141798298654493,7.575570335279565,23.355394,10.780296,29,0.10780669144981413,445652.01073465054,5696593.722424468,474.00577664635495,1.4154924892936833,0.14576458185911179,-0.42510103919192943,-29.339907647368314,4.442284519359133,4.5868216982379515,-1.6895860794952853,2.994090969983546,3.0109364358313826,1.8274338,0.6157448,445650.59524216125,5696593.576659886,474.4308776855469,-27.650321567873018,1.4481935493756004,1.5758852624065605,674,frame_000674.png
1372,2315,1372,213,0.1552478134110787,106,0.49765258215962443,213,25,0.11737089201877934,448445.64966613747,5699271.804149111,4965.450650310275,2794.431431357225,2678.604286472313,4491.020047282931,-51.40585574271847,-11.16125873367534,-127.61869758488598,-23.674751883379457,-12.876293113188382,-129.29930085553443,302.3798,211.14278,25,0.11737089201877934,445650.95742548496,5696595.153437129,473.6075994060367,-0.2608092952868901,1.9535744907334447,-0.8230036213070662,-30.720432491502834,-9.878588931655816,8.19117596182917,-2.9893286321638186,-11.593623311168841,6.510572691180727,1.5117394,0.7121874,445651.21823478024,5696593.1998626385,474.43060302734375,-27.731103859339008,1.7150343795130323,1.6806032706484426,675,frame_000675.png
1394,2265,1394,233,0.16714490674318508,99,0.4248927038626609,233,31,0.13304721030042918,446542.1168811465,5696425.856107368,45.6573331681696,890.6876261787838,-167.22891972307116,-428.7633821638617,-124.89545665893023,47.189742204256326,-43.41793863209331,-97.23355117425442,45.59454506716719,-45.208033114036795,351.71005,199.36092,31,0.13304721030042918,445651.15035360714,5696594.834946091,473.73301817706266,-0.27890136057976633,1.749919000081718,-0.6876971549686459,-29.80144613047853,-9.6815792363065,7.577444814107908,-2.139540645802697,-11.276776373395649,5.787350332164436,2.0346923,0.71400255,445651.4292549677,5696593.085027091,474.4207153320313,-27.66190548467582,1.595197137089143,1.7900944819434736,676,frame_000676.png
1290,2198,1290,220,0.17054263565891473,99,0.45,220,27,0.12272727272727273,445652.9129566546,5696594.001593263,474.03483702664204,1.2706368676153943,1.0326472520828247,-0.38105652804546253,-29.138072324199005,1.1356465619634106,8.376202854769986,-1.570887448525383,-0.7244611770250629,6.399382777516564,1.8560632,0.60976774,27,0.12272727272727273,-37724366.6007637,-388239843.99047345,-1392435699.537531,-38170018.243083484,-393936436.9594195,-1392436173.9534245,165.26462331734103,1.673030893052991,-179.76523531763826,-167.1681918069853,-0.18707684593547924,178.25794460510832,335.53528,211.79547,445651.642319787,5696592.968946011,474.4158935546875,-27.56718487567362,1.8601077389884644,1.9768200772534117,677,frame_000677.png
1301,2035,1301,187,0.14373558800922367,80,0.42780748663101603,187,26,0.13903743315508021,445651.0175292766,5696587.284188905,456.6486839741965,-1.4957658443017863,-5.212231720797718,-17.754483750412874,-34.224649274756516,-6.303154135564123,-114.34695325885713,-6.874347872581609,-7.259880367916168,-116.26222462189963,203.70923,105.571625,26,0.13903743315508021,445657.21331687056,5696598.1994906515,473.02772125604776,4.700021749653388,5.703070025891066,-1.37544646856162,-27.434864817399433,6.6358097085304095,44.89761307079603,-0.08456341522452249,5.679083476178363,42.982341707753505,14.081194,6.5501146,445652.5132951209,5696592.496420626,474.4031677246094,-27.350301402174917,0.9567262323520405,1.9152713630425136,678,frame_000678.png
1297,1830,1297,212,0.16345412490362374,109,0.5141509433962265,212,32,0.1509433962264151,445946.8754400068,5696425.530995794,1017.3674822576422,293.6832411956857,-166.63472249917686,542.9693499334235,58.175400547329794,8.244915139022782,-26.736860364754232,85.29365208802983,7.791202542231531,-28.796452163060565,432.4379,190.5377,32,0.1509433962264151,445653.85658376745,5696592.459141716,474.13926736918677,0.6643849563552067,0.2934234235435724,-0.2588649550320383,-28.494548854630878,-0.07485648418257254,2.239525348635761,-1.37629731393082,-0.5285690809738242,0.17993355032942304,1.764746,0.74234945,445653.1921988111,5696592.165718293,474.3981323242188,-27.118251540700072,0.4537125967912401,2.059591798306345,679,frame_000679.png
1310,1777,1310,218,0.166412213740458,114,0.5229357798165137,218,40,0.1834862385321101,445653.8850123892,5696592.192244517,474.1694129883693,0.47177643387112767,0.13503750786185265,-0.22762070303701876,-28.70377193625981,-0.7576778401152049,0.717068008663999,-1.4941481028969292,-1.5019088762113313,-1.4311679628944205,1.7616959,0.7587346,40,0.1834862385321101,445653.88501238904,5696592.192244517,474.1694129883362,0.4717764336965047,0.13503750786185265,-0.22762070307010163,-28.703771936226666,-0.7576778414815029,0.7170680086292278,-1.4941481028637895,-1.5019088775776197,-1.4311679629291802,1.7616959,0.7587346,445653.41323595535,5696592.057207009,474.3970336914063,-27.209623833362876,0.7442310360961223,2.1482359715584205,680,frame_000680.png
1294,1699,1294,219,0.16924265842349304,108,0.4931506849315068,219,37,0.1689497716894977,445654.7316357225,5696592.159274318,474.19427653017107,0.888633816561196,0.3147010998800397,-0.2031844073289335,-28.843009485068656,0.3955550142462341,2.743590478572698,-1.2836083585730762,-0.5418721082709226,0.39908841272330164,1.7479211,0.65892667,37,0.1689497716894977,445654.7316357225,5696592.159274318,474.19427653016294,0.888633816561196,0.3147010998800397,-0.2031844073370621,-28.843009485049585,0.39555501358125855,2.7435904794215076,-1.2836083585540052,-0.5418721089359053,0.399088413572116,1.7479211,0.65892667,445653.84300190595,5696591.844573218,474.3974609375,-27.55940112649557,0.9374271225171533,2.3445020658493863,681,frame_000681.png
1194,1608,1194,197,0.16499162479061977,105,0.5329949238578681,197,32,0.16243654822335024,445654.3782991731,5696592.617118284,473.95169600846884,0.11481298366561532,0.9902991037815809,-0.4457649290311565,-29.26691065605035,-4.633672362813928,4.225682621908072,-1.7426022213849137,-5.616544404347195,2.3167875077471933,1.9195714,0.75734407,32,0.16243654822335024,445654.3782991736,5696592.617118283,473.9516960085956,0.11481298418948427,0.9902991028502584,-0.4457649289043957,-29.266910655595233,-4.633672357329562,4.225682618480763,-1.7426022209297969,-5.616544398862828,2.3167875043198762,1.9195714,0.75734407,445654.2634861894,5696591.62681918,474.3974609375,-27.524308434665446,0.9828720415332634,1.908895114160892,682,frame_000682.png
1121,1481,1121,207,0.18465655664585193,106,0.5120772946859904,207,44,0.21256038647342995,445655.37255398737,5696591.5640917225,474.1764668973957,0.7078715258976445,0.15327798202633858,-0.22053627643242635,-28.860550603392802,1.5012230980750154,2.519727589467558,-1.4162018244178967,-0.5754892034959482,1.2636622497017527,1.9309272,0.70129144,44,0.21256038647342995,445655.3725539885,5696591.564091722,474.176466897462,0.70787152700359,0.153277981095016,-0.22053627636614692,-28.860550603388255,1.5012231071929742,2.5197275861076833,-1.4162018244133492,-0.5754891943779796,1.2636622463418803,1.9309272,0.70129144,445654.6646824615,5696591.41081374,474.3970031738281,-27.44434877897491,2.0767123015709505,1.256065339765796,683,frame_000683.png
1091,1413,1091,176,0.1613198900091659,90,0.5113636363636364,176,34,0.19318181818181818,445655.5805930367,5696591.245240726,474.20597854602636,0.7263806692208163,-0.05349296145141125,-0.2088774110049485,-28.700892831847995,2.2933754371118678,1.7303244654776762,-1.2509592529257532,-0.24400357786930726,0.652609662213365,1.7886231,0.5842225,34,0.19318181818181818,445655.58059303695,5696591.245240726,474.2059785460028,0.726380669453647,-0.05349296145141125,-0.20887741102848167,-28.700892831911474,2.2933754367522217,1.7303244692506798,-1.2509592529892188,-0.24400357822892715,0.652609665986347,1.7886231,0.5842225,445654.8542123675,5696591.298733687,474.4148559570313,-27.449933578922252,2.5373790149811617,1.0777148032643247,684,frame_000684.png
1079,1430,1079,168,0.1556997219647822,96,0.5714285714285714,168,33,0.19642857142857142,445657.06093329645,5696590.124042482,473.91358091939924,1.8234006185666658,-0.9636104740202427,-0.48915955911638775,-28.688194439063743,12.275433836579976,-0.13947752746964864,-0.9304757683876801,9.548487946103734,-1.7489229012623753,21.855183,9.923499,33,0.19642857142857142,445655.74076051294,5696591.681772158,474.12869462572354,0.5032278350554407,0.5941192014142871,-0.27404585279208504,-29.07588593859902,0.4963032626339606,3.7966477167300146,-1.318167267922945,-2.230642627842286,2.1872023429372973,2.060885,0.4837814,445655.2375326779,5696591.087652956,474.4027404785156,-27.757718670676077,2.726945890476236,1.6094453737927246,685,frame_000685.png
1064,1317,1064,170,0.15977443609022557,91,0.5352941176470588,170,34,0.2,445671.36691991653,5696673.949722141,424.33320920482015,15.932924436987378,82.96124292258173,-50.061047386976725,-25.37449428087402,14.781553999805395,177.88987422794634,2.528339000477274,11.86968748713224,176.1001444952446,234.69958,182.58696,34,0.2,445655.7842092022,5696591.616561573,474.0272071916885,0.3502137226751074,0.6280823545530438,-0.36704940010838527,-29.58009503750251,-0.5000505665944861,3.308536067685889,-1.677261756151239,-3.4119170792676528,1.5188063349841627,1.9048076,0.83413285,445655.43399547954,5696590.988479218,474.3942565917969,-27.90283328135128,2.9118665126731695,1.7897297327017405,686,frame_000686.png
866,1291,866,129,0.1489607390300231,71,0.5503875968992248,129,35,0.2713178294573643,445653.7732359706,5696596.038445947,472.2568564336852,-2.048165481770411,5.273826804943383,-2.1395669061585636,-20.764398411878535,-35.00337756897804,26.884531077362244,7.103204356228616,-31.82112833665201,26.545266418809547,33.857853,30.871832,35,0.2713178294573643,445656.70385405154,5696590.610661894,474.16287956484433,0.8824525991803966,-0.15395724773406982,-0.23354377499941847,-29.238972226519206,-1.9388830754858093,2.2956614476673223,-1.3713694584120617,1.2433661568402101,1.956396789114649,1.6084591,0.71135277,445655.82140145235,5696590.764619142,474.39642333984375,-27.86760276810715,-3.18224923232603,0.3392646585526854,687,frame_000687.png
879,1238,879,121,0.13765642775881684,67,0.5537190082644629,121,24,0.19834710743801653,445656.7597772946,5696590.478259265,474.23656247398964,0.5876610272680409,-0.1017634691670537,-0.11454226233848885,-29.08083681610443,-5.997746552838205,0.3222505652303914,-1.3884297620082577,0.24345980718177884,-1.3856550102047152,1.5701289,0.7722849,24,0.19834710743801653,445656.7597772945,5696590.478259265,474.2365624739656,0.5876610271516256,-0.1017634691670537,-0.11454226236253362,-29.080836815916147,-5.997746554404881,0.3222505667989291,-1.388429761819964,0.24345980561508895,-1.3856550086361779,1.5701289,0.7722849,445656.1721162673,5696590.580022735,474.3511047363281,-27.69240705409618,-6.241206360019977,1.7079055754350954,688,frame_000688.png
898,1241,898,132,0.14699331848552338,81,0.6136363636363636,132,33,0.25,445658.3919260726,5696589.094093295,473.9221098718592,2.104907847009599,-1.433395091444254,-0.4344575109532798,-26.678964711252153,7.019898203613176,-0.9035394094865251,1.0880590040251263,11.04558356665035,-0.3976477747769138,13.825009,7.8966823,33,0.25,445657.0640445972,5696590.941166264,474.26615685882047,0.7770263716229238,0.4136778777465224,-0.09041052399203409,-28.51109207778143,-4.441739537705202,5.276142326886322,-0.7440683625041515,-0.41605417466803374,5.782033961595914,1.9014279,0.73615724,445656.2870182256,5696590.527488386,474.3565673828125,-27.767023715277276,-4.025685363037168,-0.5058916347096031,689,frame_000689.png
937,1272,937,150,0.16008537886872998,85,0.5666666666666667,150,35,0.23333333333333334,445656.74653395003,5696590.47030497,474.17721928679873,0.37625340692466125,-0.04802495054900646,-0.18529902374814355,-29.159209486567402,-4.245742129416038,-0.9712042323916464,-1.535267579983696,-1.010361663382355,-3.524829141776536,1.7319757,0.7289073,35,0.23333333333333334,445656.7465339514,5696590.4703049725,474.17721928703145,0.37625340826343745,-0.04802494775503874,-0.1852990235154266,-29.15920948475928,-4.245742128263808,-0.9712042177810658,-1.5352675781755636,-1.0103616622301388,-3.524829127165958,1.7319757,0.7289073,445656.3702805431,5696590.51832992,474.3625183105469,-27.623941906583717,-3.23538046603367,2.5536249093848915,690,frame_000690.png
993,1311,993,149,0.1500503524672709,95,0.6375838926174496,149,33,0.2214765100671141,445658.02005611436,5696589.063372039,473.68458692828233,1.5878422980895266,-1.477689165621996,-0.6558976908582963,-26.65605139059583,8.970063686633061,-9.04283682588692,0.7442622301899462,9.36164003922832,-14.598916386905472,14.802873,6.763991,33,0.2214765100671141,445657.48312061845,5696591.406791586,474.26877248336274,1.0509068021783605,0.8657303815707564,-0.07171213577788649,-28.491463216798582,-0.0045948145992544525,2.2510733924842197,-1.0911495960128264,0.3869815379960073,-3.3050061685343337,1.6585147,0.7299142,445656.43221381627,5696590.541061205,474.3404846191406,-27.400313620785766,-0.39157635259526974,5.5560795610185565,691,frame_000691.png
1043,1337,1043,158,0.15148609779482264,92,0.5822784810126582,158,38,0.24050632911392406,445656.8907772324,5696590.975540098,474.13204661567954,0.4133634787867777,0.34166789054870605,-0.2117949370548331,-28.25641760148891,2.6932239282916157,-1.214978410551144,-1.3352483934742736,-1.0583889878122648,-6.657293268844427,1.8010124,0.6949653,38,0.24050632911392406,445656.89077723154,5696590.975540099,474.1320466156953,0.4133634779136628,0.34166789148002863,-0.21179493703908747,-28.256417601873338,2.693223920809053,-1.214978407219612,-1.3352483938587056,-1.0583889952948198,-6.657293265512891,1.8010124,0.6949653,445656.47741375363,5696590.633872207,474.3438415527344,-26.921169208014625,3.75161291610388,5.442314858293277,692,frame_000692.png
1033,1397,1033,145,0.1403678606001936,79,0.5448275862068965,145,30,0.20689655172413793,445657.4113523866,5696590.8445660155,474.112281763153,0.917802763171494,0.1836525509133935,-0.23876193801885393,-27.94425733842922,4.7907751345629865,0.5302857320118214,-1.1061663030717455,2.3419348073822164,-3.1802389394810575,1.8546897,0.8058317,30,0.20689655172413793,445657.41135237523,5696590.844566011,474.11228176348106,0.9178027518210001,0.18365254625678062,-0.23876193769081056,-27.944257340932104,4.790775088251661,0.530285677303222,-1.106166305574618,2.3419347610708883,-3.180238994189665,1.8546897,0.8058317,445656.4935496234,5696590.660913465,474.3510437011719,-26.83809103535748,2.4488403271807684,3.7105246714928892,693,frame_000693.png
1020,1403,1020,157,0.153921568627451,102,0.6496815286624203,157,38,0.24203821656050956,445659.38875499595,5696587.282356213,472.0334723263828,2.881030287477188,-3.4003184530884027,-2.303991052523486,-19.568538745845967,22.790442152418652,-18.936996684231723,7.494685834649715,21.986555568634827,-23.45349724042785,37.387047,22.706085,38,0.24203821656050956,445657.19833610783,5696591.224755935,474.2149272504114,0.6906113993609324,0.5420812694355845,-0.12253612849491446,-28.47105929582836,0.5148896878244947,0.9396913081728201,-1.4078347153326831,-0.2889968959593432,-3.5768092480233236,1.8976766,0.75838387,445656.50772470847,5696590.682674666,474.3374633789063,-27.063224580495678,0.8038865837838306,4.516500556196144,694,frame_000694.png
1019,1355,1019,160,0.15701668302257116,92,0.575,160,42,0.2625,445657.02997123613,5696590.870594516,474.15705089968566,0.5044259979622439,0.17113178130239248,-0.1784593542206494,-28.64778950843588,1.067968458205228,-1.2591343003219995,-1.3107988737114056,-0.36870883379191355,-5.675053144953438,2.051207,0.75362694,42,0.2625,445657.0299712351,5696590.870594518,474.15705089976984,0.504425996914506,0.17113178316503763,-0.1784593541364643,-28.647789508645214,1.067968448243686,-1.2591342944989665,-1.3107988739207315,-0.3687088437534669,-5.675053139130398,2.051207,0.75362694,445656.52554523817,5696590.699462735,474.3355102539063,-27.336990634724476,1.436677291997153,4.415918844631432,695,frame_000695.png
991,1385,991,162,0.16347124117053483,97,0.5987654320987654,162,43,0.2654320987654321,445657.038816731,5696590.849844166,474.15250676443134,0.4971404453390278,0.13187199737876654,-0.2004595441624133,-29.102231666477817,0.7420911826831784,-1.1268876946390483,-1.4308908653777337,-0.3139507732318805,-5.2345529059880676,1.8623719,0.73593897,43,0.2654320987654321,445657.038816731,5696590.849844166,474.15250676443236,0.4971404453390278,0.13187199737876654,-0.2004595441613901,-29.102231666478,0.7420911825814948,-1.1268876946012574,-1.4308908653779326,-0.31395077333357335,-5.234552905950267,1.8623719,0.73593897,445656.5416762857,5696590.717972169,474.35296630859375,-27.67134080110008,1.0560419559150598,4.107665211349012,696,frame_000696.png
998,1376,998,160,0.16032064128256512,97,0.60625,160,42,0.2625,445657.10348792875,5696590.824595281,474.1438848841904,0.5615939249400981,0.10410136450082064,-0.21130920760646177,-28.682304199791947,1.3579692924888183,-0.9967130207906673,-1.4526971619612823,0.0005909386771918435,-5.004388562948179,1.8726151,0.70534664,42,0.2625,445657.10348792817,5696590.824595282,474.1438848843191,0.5615939243580215,0.10410136543214321,-0.21130920747776827,-28.68230419972597,1.3579692865833697,-0.9967130168535023,-1.4526971618953155,0.0005909327717574797,-5.0043885590110335,1.8726151,0.70534664,445656.5418940038,5696590.720493916,474.3551940917969,-27.229607037830657,1.3573783538116262,4.007675542157524,697,frame_000697.png
1001,1426,1001,165,0.16483516483516483,86,0.5212121212121212,165,45,0.2727272727272727,445657.0151105332,5696590.828881664,474.1943463626051,0.4798091504490003,0.11070165876299143,-0.16612727020742568,-28.1799471900988,1.2774746691698389,-0.552940925759702,-1.3268737433108981,-0.3699883794818959,-3.924327917058349,1.8143259,0.6846312,45,0.2727272727272727,445657.0151105373,5696590.828881659,474.194346362329,0.47980915452353656,0.11070165317505598,-0.16612727048351417,-28.179947189424112,1.2774747050833652,-0.5529409437038161,-1.3268737426361952,-0.3699883435683944,-3.9243279350024807,1.8143259,0.6846312,445656.53530138277,5696590.718180005,474.3604736328125,-26.853073446787906,1.647463048651746,3.3713869912986523,698,frame_000698.png
990,1377,990,157,0.15858585858585858,89,0.5668789808917197,157,34,0.21656050955414013,445657.09359718737,5696590.939090814,474.15811793821825,0.5635515840258449,0.22066293098032475,-0.20565159303174596,-28.61068372507945,1.1076797499978133,0.36840204074389554,-1.497728114140358,-0.16534189214002026,-2.9488227915400103,1.9351654,0.80009913,34,0.21656050955414013,445657.0935971873,5696590.939090814,474.15811793823525,0.5635515839676373,0.22066293098032475,-0.20565159301474978,-28.610683725096933,1.107679749501286,0.36840204122561365,-1.4977281141578374,-0.16534189263654753,-2.9488227910582907,1.9351654,0.80009913,445656.53004560334,5696590.718427883,474.36376953125,-27.112955610939096,1.2730216421378462,3.317224832283909,699,frame_000699.png
1038,1396,1038,154,0.14836223506743737,90,0.5844155844155844,154,35,0.22727272727272727,445656.90855531406,5696590.922851699,474.16580677500724,0.3912458209088072,0.18837628047913313,-0.1872510863208845,-28.8765765332192,0.44122778036736676,-0.7598791802858439,-1.3587260795422367,-1.0524663754501091,-4.6897638097072445,1.830501,0.7111051,35,0.22727272727272727,445656.90855530003,5696590.922851705,474.1658067754411,0.39124580688076094,0.18837628606706858,-0.18725108588699868,-28.876576536034193,0.4412276936405751,-0.7598791885676711,-1.3587260823572365,-1.052466462176909,-4.689763817989075,1.830501,0.7111051,445656.51730949315,5696590.734475419,474.3530578613281,-27.51785045367697,1.4936941558174834,3.929884629421409,700,frame_000700.png
1047,1406,1047,151,0.14422158548233047,91,0.6026490066225165,151,37,0.24503311258278146,445657.0519944178,5696590.9188336115,474.17588456010213,0.5506857553264126,0.1786297718062997,-0.1698490824759915,-28.75586008724025,1.975654708523265,-0.1273664924010507,-1.3902716235093067,-0.10194313179977144,-3.771744085435671,1.8684765,0.8277517,37,0.24503311258278146,445657.0519944087,5696590.918833608,474.1758845594429,0.5506857462460175,0.1786297680810094,-0.16984908313520464,-28.755860090727086,1.9756546735559195,-0.1273665387265292,-1.3902716269961388,-0.10194316676711423,-3.771744131761153,1.8684765,0.8277517,445656.50130866247,5696590.74020384,474.3457336425781,-27.365588463730944,2.0775978403230253,3.644377593034615,701,frame_000701.png
1017,1400,1017,135,0.13274336283185842,85,0.6296296296296297,135,41,0.3037037037037037,445656.7465572985,5696591.127162912,474.12792895015906,0.29175136325648054,0.3758189110085368,-0.2263190967159403,-28.804892293398797,1.198429322160199,0.4804853949611056,-1.584897380939367,-1.7465514166207754,-2.7106464604500786,1.8052154,0.7293614,41,0.3037037037037037,445656.7465572925,5696591.1271629045,474.1279289491767,0.29175135726109147,0.3758189035579562,-0.22631909769830827,-28.804892295283665,1.1984293105818682,0.4804853423709864,-1.5848973828242379,-1.7465514281990977,-2.710646513040217,1.8052154,0.7293614,445656.45480593527,5696590.751344001,474.354248046875,-27.21999491245944,2.9449807387809708,3.191131855411196,702,frame_000702.png
1054,1375,1054,162,0.15370018975332067,82,0.5061728395061729,162,33,0.2037037037037037,445657.9015326307,5696591.625875814,455.2074091191867,1.50010688835755,0.8697256539016962,-19.1594732050321,151.3259561390011,6.061676939658914,6.349093553516218,178.49557088829545,3.0384506707051173,3.114750757071903,8.898696,4.6988554,33,0.2037037037037037,445657.1197418643,5696591.011958568,474.1525395365179,0.7183161219581962,0.25580840837210417,-0.21434278770090032,-28.87928609870799,3.6863514416514556,1.0838244002255222,-1.709671349413668,0.6631251726976757,-2.1505183962187857,2.0401285,0.7800458,445656.40142574237,5696590.75615016,474.3668823242188,-27.16961474929431,3.0232262689537923,3.2343427964443183,703,frame_000703.png
1028,1349,1028,148,0.14396887159533073,94,0.6351351351351351,148,35,0.23648648648648649,445656.5030513261,5696591.11585661,474.0745982380886,0.11897959106136113,0.3518168590962887,-0.29652602948954154,-29.004398571085368,0.10804292564366919,-1.8113317140055867,-1.6905545783379807,-2.7793712466591103,-6.681121790442091,1.8201268,0.72819364,35,0.23648648648648649,445656.5030513252,5696591.11585661,474.0745982379595,0.11897959018824622,0.3518168590962887,-0.29652602961863295,-29.00439857152562,0.10804292203749762,-1.8113317174844168,-1.690554578778233,-2.779371250265285,-6.681121793920909,1.8201268,0.72819364,445656.384071735,5696590.764039751,474.3711242675781,-27.313843992747394,2.8874141723027873,4.869790076436491,704,frame_000704.png
1015,1378,1015,178,0.17536945812807883,103,0.5786516853932584,178,43,0.24157303370786518,445656.6525508095,5696590.886885052,474.1498557763584,0.27246661053504795,0.11794465221464634,-0.218033627938496,-28.391459449349234,0.9772109414215873,-1.3716297610883992,-1.4993385612920633,-1.3362993384882031,-5.09771592469437,1.7713219,0.7455131,43,0.24157303370786518,445656.65255080553,5696590.886885058,474.1498557760789,0.272466606576927,0.11794465873390436,-0.2180336282179951,-28.391459452383675,0.9772109022742,-1.3716297366134491,-1.4993385643265071,-1.336299377635612,-5.097715900219441,1.7713219,0.7455131,445656.38008419896,5696590.768940399,474.3678894042969,-26.89212088805718,2.313510279909804,3.7260861636059825,705,frame_000705.png
974,1399,974,166,0.1704312114989733,92,0.5542168674698795,166,44,0.26506024096385544,445656.84185075073,5696590.93635965,474.17947465022957,0.4632013538503088,0.17333679739385843,-0.1927482501610598,-28.650481872239098,0.4680137610040394,-0.13966154869067565,-1.5854173047303277,-0.6849237010665661,-3.457821436657184,1.847683,0.68120515,44,0.26506024096385544,445656.8418507555,5696590.9363596495,474.1794746499931,0.463201358623337,0.17333679646253586,-0.1927482503975284,-28.650481871372317,0.46801378936526133,-0.1396615434905273,-1.5854173038635508,-0.684923672705338,-3.4578214314570346,1.847683,0.68120515,445656.3786493969,5696590.763022853,474.3722229003906,-27.065064567508767,1.152937462070611,3.3181598879665004,706,frame_000706.png
1026,1378,1026,162,0.15789473684210525,92,0.5679012345679012,162,41,0.25308641975308643,445656.7964822976,5696590.962904183,474.1908160446518,0.41873507818672806,0.19357978459447622,-0.1706646682388282,-29.122500949202273,1.4304690650764473,-1.0404208175752399,-1.4811034384036645,-0.890784142000939,-5.237022082829981,1.5775807,0.66683954,41,0.25308641975308643,445656.7964822978,5696590.962904183,474.1908160446393,0.4187350784195587,0.19357978459447622,-0.17066466825133375,-29.122500949189536,1.4304690670154119,-1.0404208181325236,-1.4811034383909316,-0.8907841400619532,-5.237022083387274,1.5775807,0.66683954,445656.3777472194,5696590.769324399,474.3614807128906,-27.6413975107986,2.321253207077379,4.196601265254745,707,frame_000707.png
1019,1372,1019,170,0.16683022571148184,104,0.611764705882353,170,45,0.2647058823529412,445656.75247334363,5696591.170627834,474.12912724035834,0.39551353617571294,0.402370136231184,-0.25020625573540656,-28.712059599984904,1.8804447807725846,1.7263619931109087,-1.5933398875493197,-1.5550219231403162,-0.8072626370241949,1.8746977,0.7614674,45,0.2647058823529412,445656.7524733436,5696591.170627834,474.1291272403575,0.3955135361175053,0.402370136231184,-0.2502062557362592,-28.712059599991026,1.8804447805144986,1.7263619930194567,-1.5933398875554303,-1.5550219233984137,-0.8072626371156275,1.8746977,0.7614674,445656.35695980745,5696590.768257698,474.37933349609375,-27.118719712435585,3.435466703912902,2.533624630135092,708,frame_000708.png
1071,1328,1071,184,0.17180205415499533,96,0.5217391304347826,184,44,0.2391304347826087,445656.72786155564,5696590.873938634,474.18601727217487,0.3830791371874511,0.10572442784905434,-0.1948726204032596,-28.841291919545974,2.5551717204820164,-1.2195830546488402,-1.5272099811829776,-0.5373867652973843,-5.241543201001178,1.8070571,0.80367416,44,0.2391304347826087,445656.72786154464,5696590.873938679,474.186017273222,0.3830791261862032,0.10572447255253792,-0.19487261935614697,-28.841291930831098,2.5551715427350064,-1.2195828581209556,-1.5272099924681015,-0.537386943044396,-5.2415430044733,1.8070571,0.80367416,445656.34478241845,5696590.768214206,474.3808898925781,-27.314081938363007,3.0925584857793904,4.021960146352344,709,frame_000709.png
1059,1352,1059,162,0.1529745042492918,88,0.5432098765432098,162,37,0.22839506172839505,445656.7449956759,5696591.049194519,474.1224516780326,0.4059495588298887,0.2722824029624462,-0.25019846845179927,-29.118291539068633,1.5270332946363017,-0.3884483041936713,-1.6496064189934145,-1.1095255055437576,-4.312604644381423,1.8389816,0.827182,37,0.22839506172839505,445656.7449957011,5696591.049194505,474.1224516777186,0.4059495840338059,0.2722823889926076,-0.2501984687658023,-29.118291528055604,1.5270334621109403,-0.3884483035798545,-1.6496064079803716,-1.109525338069119,-4.312604643767628,1.8389819,0.827182,445656.3390461171,5696590.776912116,474.3726501464844,-27.46868512007523,2.6365588001800595,3.924156340187761,710,frame_000710.png
1057,1360,1057,169,0.1598864711447493,103,0.6094674556213018,169,35,0.20710059171597633,445656.5421552209,5696591.331752326,474.0904390761356,0.20543870562687516,0.5595552679151297,-0.2851102402706829,-29.293156053287834,-0.3946163835767728,1.5007456973154427,-1.8487559293949118,-2.91937218695972,-1.4044881729681151,1.8396524,0.7381585,35,0.20710059171597633,445656.5421552161,5696591.331752325,474.09043907531975,0.20543870085384697,0.5595552669838071,-0.28511024108655647,-29.293156055410893,-0.39461640369634166,1.5007456753769297,-1.8487559315179851,-2.919372207079306,-1.4044881949066337,1.8396524,0.7381585,445656.33671651524,5696590.772197058,474.3755493164063,-27.44440012389292,2.524755803382958,2.9052338702835674,711,frame_000711.png
973,1394,973,155,0.1593011305241521,87,0.5612903225806452,155,38,0.24516129032258063,445657.4141078943,5696590.814988641,474.22913809225696,1.0816829461837187,0.05011490918695927,-0.14757089211803986,-28.72673564125738,5.1214992663082475,1.621280517014004,-1.2636695237283107,2.7652255055630803,-1.00472190731125,5.80259,2.038621,38,0.24516129032258063,445656.9793525568,5696591.164288813,474.2310015175654,0.6469276087009348,0.39941508136689663,-0.145707466809597,-29.147796494219573,2.0970124023057415,2.2603100090741592,-1.6847303766904815,-0.25926135843943143,-0.36569241525108964,1.7891188,0.6737454,445656.3324249481,5696590.764873732,474.376708984375,-27.463066117529078,2.3562737607451796,2.626002424325242,712,frame_000712.png
989,1364,989,179,0.18099089989888775,108,0.6033519553072626,179,42,0.2346368715083799,445656.6850910448,5696590.9801506745,474.16694483218885,0.3501651347032748,0.2179102497175336,-0.2119003826549033,-29.155058849578335,1.0571066549231096,0.39482860620540117,-1.5012777431806796,-1.3630209429992135,-2.4586907043258464,1.9577334,0.72323096,42,0.2346368715083799,445656.6850910449,5696590.980150675,474.16694483220255,0.35016513481969014,0.21791025064885616,-0.21190038264120403,-29.155058849600064,1.0571066550172015,0.39482860718991136,-1.5012777432023938,-1.3630209429051376,-2.4586907033413468,1.9577334,0.72323096,445656.3349259101,5696590.762240425,474.37884521484375,-27.65378110639766,2.420127597922334,2.8535193105312606,713,frame_000713.png
1037,1339,1037,153,0.14754098360655737,88,0.5751633986928104,153,36,0.23529411764705882,445656.687896214,5696590.961408118,474.1908394726577,0.3577123751747422,0.20259045343846083,-0.20149451171732835,-29.485614763076246,1.3645773137472124,0.03355726281818032,-1.7321815535209169,-1.1853240118991835,-3.046091080678849,1.8478522,0.73808146,36,0.23529411764705882,445656.6878962138,5696590.961408119,474.1908394726796,0.35771237494191155,0.2025904543697834,-0.2014945116953868,-29.485614763232245,1.3645773112606958,0.033557264347553066,-1.7321815536769236,-1.1853240143857136,-3.046091079149477,1.8478522,0.73808146,445656.33018383884,5696590.758817664,474.392333984375,-27.753433209555322,2.5499013256464056,3.0796483434970203,714,frame_000714.png
1061,1339,1061,152,0.14326107445805844,84,0.5526315789473685,152,40,0.2631578947368421,445656.8455009976,5696591.0339908125,474.19319492254414,0.5137653506244533,0.2728107674047351,-0.19422573175273783,-29.59307788217679,2.380095622045423,0.5975814094579461,-1.7370769737138403,-0.6437367314099731,-2.661117307431823,2.1788356,0.62154686,40,0.2631578947368421,445656.8455009894,5696591.033990817,474.1931949229882,0.5137653424171731,0.27281077206134796,-0.19422573130867704,-29.593077884063852,2.380095566721463,0.5975814112936971,-1.7370769756008997,-0.643736786733939,-2.6611173055960933,2.1788356,0.62154686,445656.331735647,5696590.761180045,474.3874206542969,-27.856000908462963,3.023832353455402,3.2586987168897794,715,frame_000715.png
1031,1379,1031,166,0.16100872938894278,97,0.5843373493975904,166,31,0.18674698795180722,445656.88598637143,5696590.855283548,474.181143846857,0.5535024813143536,0.08807798940688372,-0.2109765144710991,-29.425136832061277,3.034147101389804,-0.7507249692431867,-1.5848935423453554,0.13239973639241498,-4.546400922501505,1.8587283,0.6630954,31,0.18674698795180722,445656.88598642184,5696590.855283604,474.1811438537174,0.553502531722188,0.0880780452862382,-0.21097650761072373,-29.425136826035665,3.0341471979459684,-0.7507245339554683,-1.584893536319754,0.13239983294857893,-4.546400487213788,1.8587283,0.6630954,445656.3324838901,5696590.767205559,474.3921203613281,-27.84024328971591,2.901747364997389,3.795675953258327,716,frame_000716.png
1011,1379,1011,169,0.1671612265084075,104,0.6153846153846154,169,42,0.2485207100591716,445656.9947168623,5696591.256123121,474.2410667676659,0.6617653479916044,0.4889026563614607,-0.15013806631844773,-29.185819127511515,2.3493501711586906,1.447953901697639,-1.673367461855804,-0.5509031442441881,-2.5965413790810032,1.8240938,0.72486067,42,0.2485207100591716,445656.9947168433,5696591.2561231265,474.24106676584995,0.6617653290159069,0.48890266194939613,-0.15013806813442443,-29.185819139533795,2.3493500632390587,1.4479538729239094,-1.6733674738780735,-0.5509032521638062,-2.596541407854744,1.8240938,0.72486067,445656.3329515143,5696590.767220465,474.3912048339844,-27.512451665655714,2.9002533154028725,4.04449528077864,717,frame_000717.png
1039,1336,1039,171,0.1645813282001925,91,0.5321637426900585,171,43,0.25146198830409355,445656.822650553,5696591.021878135,474.19661334515956,0.4796053306781687,0.25288856867700815,-0.1897086763248126,-29.36793644523616,2.326536483940789,-0.47079212035219203,-1.7254437537500564,-0.6964880395281625,-4.631629389984141,1.8393377,0.71249974,43,0.25146198830409355,445656.8226505431,5696591.021878134,474.1966133444223,0.47960532078286633,0.2528885677456856,-0.18970867706207173,-29.367936447564887,2.3265364375242643,-0.4707921548793682,-1.7254437560787892,-0.6964880859446794,-4.631629424511317,1.8393377,0.71249974,445656.34304522234,5696590.768989567,474.3863220214844,-27.642492691486108,3.0230245234689517,4.160837269631962,718,frame_000718.png
1027,1371,1027,173,0.16845180136319376,91,0.5260115606936416,173,40,0.23121387283236994,445656.5853803605,5696591.330112157,474.0881542330782,0.23022149101598188,0.5658223852515221,-0.2947498196561469,-29.31574961270106,-0.4396544660714237,0.9113227784764487,-1.710887686307558,-2.9577371480346244,-2.7103035112496627,1.8988609,0.6705297,40,0.23121387283236994,445656.5853803616,5696591.330112159,474.0881542333174,0.23022149212192744,0.5658223871141672,-0.2947498194169498,-29.315749612655306,-0.4396544649233477,0.9113227899719011,-1.710887686261799,-2.957737146886558,-2.710303499754218,1.8988609,0.6705297,445656.35515886947,5696590.764289772,474.3829040527344,-27.604861926393504,2.5180826819632074,3.621626289726115,719,frame_000719.png
1027,1360,1027,154,0.14995131450827653,80,0.5194805194805194,154,38,0.24675324675324675,445656.7318561887,5696590.8541930355,474.17841205222464,0.36440749967005104,0.10117432568222284,-0.19542827980666289,-29.18050524854611,0.9619033420059648,-1.8333930640981564,-1.5557287662244619,-0.9128928712761137,-6.1601626823224365,1.6739037,0.7338155,38,0.24675324675324675,445656.73185618833,5696590.8541930355,474.17841205217115,0.3644074993208051,0.10117432568222284,-0.19542827986015254,-29.180505248665757,0.9619033406423401,-1.8333930661114226,-1.5557287663441173,-0.9128928726397305,-6.160162684335717,1.6739037,0.7338155,445656.367448689,5696590.75301871,474.3738403320313,-27.624776482321643,1.8747962132820835,4.326769618224284,720,frame_000720.png
983,1339,983,152,0.15462868769074262,86,0.5657894736842105,152,34,0.2236842105263158,445657.03588286863,5696590.741604322,474.1327592577767,0.6514129952411167,-9.023584425449371e-05,-0.23458083011394137,-29.118433513077413,1.789560560399557,-1.0391953753475909,-1.5515273650843255,0.7079980692490153,-4.926897918454074,1.784868,0.7751598,34,0.2236842105263158,445657.03588286706,5696590.741604307,474.132759255111,0.6514129936695099,-9.025074541568756e-05,-0.2345808327796135,-29.118433514991466,1.789560594604512,-1.039195454810713,-1.5515273669983856,0.7079981034539742,-4.9268979979171945,1.784868,0.7751598,445656.3844698734,5696590.7416945575,474.3673400878906,-27.56690614799308,1.081562491150531,3.887702543106494,721,frame_000721.png
949,1362,949,156,0.1643835616438356,88,0.5641025641025641,156,37,0.23717948717948717,445658.64709441515,5696589.615916631,473.8203690323951,2.2203383686137386,-1.1014896901324391,-0.5276534285424077,-26.633526919140746,12.238129926918843,-1.9885981481022572,0.7155174545100067,11.582305835702556,-5.141235824582168,16.64494,6.984292,37,0.23717948717948717,445657.6143605258,5696591.584532417,474.2837219576987,1.18760447925888,0.8671260960400105,-0.06430050323882597,-28.619401249536256,1.7688102815704398,5.770695167385237,-1.2703568758855113,1.1129861903541496,2.618057490905329,1.8177284,0.6400077,445656.42675604654,5696590.717406321,474.3480224609375,-27.349044373650756,0.6558240912162909,3.1526376764798973,722,frame_000722.png
981,1372,981,154,0.15698267074413863,81,0.525974025974026,154,40,0.2597402597402597,494992.74581707653,5660935.103036622,14089.781825388245,49336.30568824854,-35655.60190681182,13615.427058542542,33.850885283996966,54.75521883104782,-62.84868538075444,61.24777476096034,53.63824841098898,-66.3773002223164,519.69775,241.80258,40,0.2597402597402597,445656.91523001896,5696590.850797924,474.1424951277246,0.47510119096841663,0.1458544908091426,-0.21227171797852407,-28.91655232605244,0.5853452686152342,-0.29653767776459794,-1.519662849089059,-0.5316251514435919,-3.825152519326565,1.8894131,0.75091547,445656.440128828,5696590.704943433,474.3547668457031,-27.396889476963384,1.1169704200588357,3.5286148415619683,723,frame_000723.png
974,1375,974,147,0.15092402464065707,90,0.6122448979591837,147,38,0.2585034013605442,445659.9413949653,5696586.976192511,471.5217346665735,3.4871102531906217,-3.7226218208670616,-2.8275390150671456,-17.014725799002537,27.742334670302874,-19.553787867657775,10.264702333765655,26.31462648905773,-22.709456283005238,38.567223,25.627398,38,0.2585034013605442,445657.10883513885,5696591.074315845,474.2271843189836,0.6545504267560318,0.37550151348114014,-0.12208936265705006,-28.781509452730702,1.1803469424317905,1.7312453296666626,-1.5020813199625138,-0.2473612388133688,-1.4244230856808144,1.805277,0.7418609,445656.4542847121,5696590.698814332,474.3492736816406,-27.2794281327682,1.4277081812451602,3.155668415347464,724,frame_000724.png
922,1383,922,161,0.17462039045553146,84,0.5217391304347826,161,42,0.2608695652173913,445656.851613298,5696590.805139216,474.1825287194282,0.37855765933636576,0.13253011647611856,-0.16894222783741952,-29.03020462161793,-0.3252988765191903,-0.4238651696286534,-1.5890404256226986,-0.9612391668444218,-3.6588708378407375,1.9132267,0.7932112,42,0.2608695652173913,445656.8516132978,5696590.80513922,474.1825287195734,0.3785576591617428,0.13253012113273144,-0.16894222769224143,-29.030204621255514,-0.3252988901185607,-0.42386514677593684,-1.5890404252602934,-0.9612391804437834,-3.6588708149880063,1.9132267,0.7932112,445656.47305563866,5696590.672609099,474.3514709472656,-27.44116419599523,0.6359402903252298,3.2350056682120765,725,frame_000725.png
930,1354,930,137,0.14731182795698924,78,0.5693430656934306,137,34,0.24817518248175183,445654.02087197086,5696593.993036737,473.35140458547284,-2.4611513119307347,3.3222602549940348,-0.9931388715584717,-27.593103129223046,-25.105130550379304,8.517941954185023,-0.13388216522196217,-25.669157896703723,5.492613561437054,24.5702,14.838998,34,0.24817518248175183,445657.28018232936,5696590.876546458,474.10940412739023,0.7981590465642512,0.2057699766010046,-0.23513932964107198,-28.982593316769577,1.5918921087495814,1.346925600932136,-1.5233723527684901,1.0278647624251391,-1.6784027918158415,1.8570389,0.7671391,445656.4820232828,5696590.670776482,474.3445434570313,-27.459220964001087,0.5640273463244334,3.0253283927479746,726,frame_000726.png
995,1352,995,165,0.1658291457286432,86,0.5212121212121212,165,44,0.26666666666666666,445657.0550353004,5696590.718496291,474.13820356154565,0.5729221930378117,0.050247034057974815,-0.2076216337668484,-28.538841053468587,1.7364484666243183,-0.5450039832225096,-1.5482890276776118,0.4013310120971312,-3.9097244148680375,1.910488,0.60163414,44,0.26666666666666666,445657.0550352749,5696590.718496309,474.13820356567453,0.5729221675428562,0.05024705175310373,-0.20762162963796982,-28.538841051808102,1.7364482832693358,-0.5450039587451715,-1.5482890260171303,0.40133082874214665,-3.909724390390693,1.910488,0.60163414,445656.48211310734,5696590.668249257,474.3458251953125,-26.99055202579097,1.3351174545271878,3.3647204316455297,727,frame_000727.png
977,1363,977,149,0.15250767656090072,79,0.5302013422818792,149,30,0.20134228187919462,445656.97984648956,5696590.888616298,474.16233168450145,0.4990822999388911,0.2134447693824768,-0.17961777838917214,-28.415676747714755,0.46368018301652997,-0.060768005217633085,-1.3384058697491525,-0.6133446565340535,-3.5705798182419812,1.8633317,0.67637736,30,0.20134228187919462,445656.9798464923,5696590.888616297,474.1623316838028,0.49908230267465115,0.21344476845115423,-0.1796177790878346,-28.415676747307025,0.46368020180327907,-0.06076800564945897,-1.3384058693414147,-0.6133446377473035,-3.5705798186737923,1.8633317,0.67637736,445656.4807641896,5696590.675171529,474.3419494628906,-27.07727087796561,1.077024839550582,3.5098118130243385,728,frame_000728.png
995,1354,995,147,0.14773869346733667,89,0.6054421768707483,147,42,0.2857142857142857,445656.92314297997,5696590.9321824405,474.1534223118367,0.4451107226777822,0.25248597003519535,-0.18584160417890416,-28.826095439699134,0.005182533129049855,-0.1153049390011361,-1.6089619969284854,-0.9020937846455581,-3.69526768894994,1.7029384,0.7238294,42,0.2857142857142857,445656.92314297997,5696590.9321824405,474.1534223118331,0.4451107226777822,0.25248597003519535,-0.18584160418254214,-28.82609543969083,0.0051825333433980466,-0.11530493912337757,-1.6089619969201863,-0.9020937844312016,-3.695267689072182,1.7029384,0.7238294,445656.4780322573,5696590.6796964705,474.3392639160156,-27.21713344277066,0.9072763177746044,3.5799627499487987,729,frame_000729.png
958,1359,958,151,0.15762004175365343,90,0.5960264900662252,151,45,0.2980132450331126,445657.04176048894,5696590.858031269,474.1883600778384,0.5619426428456791,0.17482828069478273,-0.1509343557553393,-28.867054568887422,1.0219254238989817,0.5840620369215798,-1.5614852897472815,-0.0892644822726254,-2.4023545891844833,1.9052128,0.8283809,45,0.2980132450331126,445657.04176043585,5696590.858031255,474.1883600729659,0.5619425897602923,0.17482826672494411,-0.1509343606278435,-28.867054594954325,1.0219251986923519,0.5840618116898386,-1.5614853158141955,-0.08926470747925919,-2.402354814416242,1.9052128,0.8283809,445656.4798178461,5696590.6832029885,474.33929443359375,-27.305569279140144,1.1111899061716184,2.986416626106072,730,frame_000730.png
949,1387,949,138,0.14541622760800843,80,0.5797101449275363,138,31,0.2246376811594203,445656.8898819212,5696590.90488972,474.1786983345925,0.4165860277717002,0.2213094662874937,-0.16773721228247496,-28.871450170149764,0.35901033720556125,0.091757320441107,-1.553053199778958,-1.0215811656443066,-3.1592093862557533,1.8181072,0.75010186,31,0.2246376811594203,445656.88988192566,5696590.904889715,474.1786983336242,0.41658603225369006,0.22130946163088083,-0.1677372132508026,-28.87145016849802,0.35901037369373645,0.09175730881221829,-1.5530531981272304,-1.021581129156118,-3.1592093978846663,1.8181072,0.75010186,445656.4732958934,5696590.683580253,474.346435546875,-27.31839697037079,1.3805915028498639,3.2509667066968717,731,frame_000731.png
937,1345,937,162,0.1728922091782284,93,0.5740740740740741,162,36,0.2222222222222222,445656.8312342467,5696590.838533914,474.17076501078,0.3989469896769151,0.15894222166389227,-0.18473425679815136,-28.793035709426487,-0.24030597928605496,0.3430073997251152,-1.6028172189120369,-0.9435987898471012,-2.168325542209743,1.7689605,0.67815816,36,0.2222222222222222,445656.83123424655,5696590.838533914,474.1707650107721,0.3989469895022921,0.15894222166389227,-0.1847342568060526,-28.793035709487565,-0.24030597994643457,0.34300739916369954,-1.6028172189731436,-0.9435987905074796,-2.168325542771157,1.7689605,0.67815816,445656.43228725705,5696590.679591692,474.3554992675781,-27.190218490514436,0.7032928105610402,2.5113329419348553,732,frame_000732.png
960,1358,960,141,0.146875,78,0.5531914893617021,141,32,0.22695035460992907,445656.8954599147,5696591.085892999,474.17869617694646,0.4698583760182373,0.39528242591768503,-0.18659923320979033,-29.34652741620931,0.6177366510025045,1.0644905324860432,-1.8819491023929515,-1.180745055809865,-2.1611760447008237,2.0580792,0.6899962,32,0.22695035460992907,445656.8954599087,5696591.085892991,474.1786961755523,0.46985837002284825,0.39528241846710443,-0.18659923460393202,-29.34652741720306,0.6177366412025944,1.0644904777983746,-1.8819491033867166,-1.1807450656097842,-2.1611760993885127,2.0580792,0.6899962,445656.4256015387,5696590.690610573,474.36529541015625,-27.464578313816354,1.7984817068123706,3.2256665771868764,733,frame_000733.png
944,1373,944,157,0.1663135593220339,87,0.554140127388535,157,39,0.2484076433121019,445659.7749198499,5696587.9003362665,472.5939065844609,3.3587990772794,-2.784653070382774,-1.7783773510859646,-22.73231387662878,24.23759494433786,-9.773788010856606,4.921427801104727,22.895296792434266,-12.39131774283942,33.489647,17.668606,39,0.2484076433121019,445657.21366787865,5696591.241309579,474.2765294822276,0.7975471060490236,0.5563202425837517,-0.09575445331927313,-29.19994776438921,1.310300260686767,3.54705948753401,-1.546206086655701,-0.031997891216832386,0.929529755551215,1.6828872,0.7135961,445656.4161207726,5696590.684989337,474.3722839355469,-27.653741677733514,1.3422981519035937,2.6175297319828013,734,frame_000734.png
947,1357,947,150,0.1583949313621964,84,0.56,150,39,0.26,445657.0196698388,5696590.856321707,474.19285804832094,0.6119378861039877,0.1719347396865487,-0.185651473163432,-29.408513766842976,2.152352133153059,1.2541876129467917,-1.7130578203438347,0.15764439517707274,-1.1371584169156392,1.9548379,0.7238375,39,0.26,445657.0181803104,5696590.856076046,474.1926149342436,0.6104483577073552,0.17168907821178436,-0.18589458724079577,-29.41063445327309,2.14713520385302,1.2507746151124788,-1.7151785067739524,0.1524274658770537,-1.1405714147499566,1.951995,0.7267859,445656.40773195267,5696590.684386968,474.3785095214844,-27.69545594649914,1.9947077379759752,2.391346029862422,735,frame_000735.png
939,1312,939,150,0.1597444089456869,93,0.62,150,40,0.26666666666666666,445656.96055252,5696591.006757059,474.21850513606796,0.5727116704219952,0.33610452339053154,-0.16275096744766415,-29.145759016893475,0.711421064311962,1.951180568731704,-1.6829919966531293,-0.47674026154453486,-0.3873309949240138,1.83815,0.7723154,40,0.26666666666666666,445656.96055251843,5696591.00675706,474.2185051360314,0.5727116688503884,0.3361045243218541,-0.16275096748421447,-29.145759017604256,0.7114210555049464,1.9511805663586752,-1.6829919973638994,-0.47674027035154154,-0.3873309972970276,1.83815,0.7723154,445656.3878408496,5696590.670652536,474.3812561035156,-27.46276702024035,1.1881613258564965,2.3385115636557043,736,frame_000736.png
943,1301,943,152,0.16118769883351008,84,0.5526315789473685,152,38,0.25,445656.6938554735,5696590.842916368,474.1790167699183,0.3110330125200562,0.17827922385185957,-0.20339900156608337,-29.18366970341954,-0.0298609552242773,0.6060813147216311,-1.746235596079373,-1.4254489742519638,-1.6256022997499997,2.1271398,0.6331633,38,0.25,445656.69385546976,5696590.842916342,474.17901676821674,0.3110330087947659,0.17827919870615005,-0.20339900326763427,-29.183669700051894,-0.02986090246687636,0.6060811754085029,-1.746235592711713,-1.4254489214945636,-1.6256024390631296,2.1271398,0.6331633,445656.38282246096,5696590.664637144,474.3824157714844,-27.43743410734017,1.395588019027675,2.2316836144716405,737,frame_000737.png
920,1319,920,159,0.17282608695652174,104,0.6540880503144654,159,40,0.25157232704402516,445659.62934255484,5696587.826199183,472.684094172671,3.2520624028984457,-2.837541393004358,-1.6980164230321293,-22.864138468826678,24.550749305722142,-10.278068297029407,4.60706343215773,22.381379068573267,-12.94741434995828,29.988514,18.63699,40,0.25157232704402516,445657.14035688457,5696591.008300041,474.2247024032265,0.7630767326336354,0.3445594646036625,-0.1574081924766233,-29.01353028914601,2.575638644298567,2.2299138838338943,-1.542328388161593,0.4062684071496676,-0.43943216909497096,1.7005844,0.82740223,445656.37728015194,5696590.663740576,474.3821105957031,-27.47120190098442,2.169370237148888,2.6693460529288755,738,frame_000738.png
927,1334,927,133,0.14347357065803668,85,0.6390977443609023,133,37,0.2781954887218045,445657.0766330209,5696590.802584966,474.13435457631624,0.6993558789836243,0.13077391404658556,-0.23640348032438396,-29.016527579264725,3.284240071844688,1.2956343145294094,-1.623844899628466,0.7766644601586847,-1.0584998207559693,1.9322017,0.7022129,37,0.2781954887218045,445657.07663302094,5696590.802584966,474.1343545763161,0.6993558790418319,0.13077391404658556,-0.23640348032449765,-29.01652757925035,3.2842400719909723,1.2956343148800282,-1.6238448996140846,0.7766644603049713,-1.058499820405359,1.9322017,0.7022129,445656.3772771419,5696590.671811052,474.3707580566406,-27.392682679636273,2.507575611686006,2.3541341352853915,739,frame_000739.png
955,1334,955,145,0.1518324607329843,76,0.5241379310344828,145,30,0.20689655172413793,445657.068330051,5696590.593220657,474.1378588690834,0.6927839473355561,-0.07624305412173271,-0.24147462701034783,-28.990147953601777,3.504530752154913,0.2782244206695954,-1.7276742843358477,1.1911577967107405,-1.8872652125665468,1.8898606,0.6282971,30,0.20689655172413793,445657.0683300511,5696590.593220657,474.13785886906396,0.6927839473937638,-0.07624305412173271,-0.24147462702978828,-28.990147953582493,3.504530753139751,0.27822441999114095,-1.7276742843165493,1.1911577976955812,-1.8872652132450014,1.8898606,0.6282971,445656.3755461037,5696590.669463711,474.37933349609375,-27.262473669265937,2.313372955444179,2.1654896332361355,740,frame_000740.png
958,1293,958,151,0.15762004175365343,84,0.5562913907284768,151,41,0.271523178807947,445656.83823321585,5696590.743832262,474.1974698402949,0.45863433624617755,0.08373368624597788,-0.18186365579884978,-28.78168118527525,0.8136111222923629,-0.04148860541919116,-1.566854265902947,-0.43130361277070506,-2.7544091363282064,1.7689406,0.712512,41,0.271523178807947,445656.8382332155,5696590.743832262,474.19746984024124,0.4586343358969316,0.08373368624597788,-0.18186365585250996,-28.78168118538448,0.8136111215085079,-0.04148860810853694,-1.5668542660121716,-0.4313036135545758,-2.754409139017554,1.7689406,0.712512,445656.3795988796,5696590.660098576,474.37933349609375,-27.214826919372296,1.2449147350630776,2.712920530909026,741,frame_000741.png
990,1312,990,149,0.1505050505050505,78,0.5234899328859061,149,41,0.2751677852348993,445656.87342651933,5696590.801250523,474.1748989925696,0.48006551223807037,0.13106010761111975,-0.20013152500854403,-28.838289824695817,1.1160647209156642,-0.326442024004555,-1.5715201393518328,-0.3970937815670652,-3.5828755502180343,1.926666,0.7488609,41,0.2751677852348993,445656.87342651904,5696590.801250524,474.17489899258146,0.48006551194703206,0.13106010854244232,-0.20013152499666376,-28.838289824730655,1.1160647189074744,-0.3264420233042346,-1.5715201393866778,-0.3970937835752295,-3.582875549517695,1.926666,0.7488609,445656.3933610071,5696590.670190415,474.3750305175781,-27.26676968534397,1.513158502482717,3.2564335262134687,742,frame_000742.png
965,1378,965,161,0.16683937823834197,83,0.515527950310559,161,36,0.2236024844720497,445658.5427153408,5696589.541736725,473.7550597615539,2.141195596777834,-1.1414411989971995,-0.6058716349304518,-27.25547803505989,14.01392311381836,-2.404914050229868,0.5768565741077794,11.518259699905116,-5.500331517323218,15.875512,7.2021093,36,0.2236024844720497,445657.0133697245,5696591.048679094,474.19920428999836,0.6118499804870225,0.3655011700466275,-0.16172710648601196,-29.33691877157699,2.112588398401034,1.4727275740440429,-1.5045841624093157,-0.3830750155121905,-1.622689893049312,1.5077659,0.63559586,445656.401519744,5696590.683177924,474.3609313964844,-27.832334609167678,2.4956634139132343,3.095417467093362,743,frame_000743.png
988,1357,988,162,0.16396761133603238,76,0.4691358024691358,162,36,0.2222222222222222,445656.96280847304,5696590.721896361,474.16446335089563,0.5519970629829913,0.03686482086777687,-0.19634597527624464,-29.81865302672166,1.2565114415744623,-0.8581220694429619,-1.454098650417933,0.1716903185841261,-4.488242375977421,1.9055042,0.7749522,36,0.2222222222222222,445656.9628084731,5696590.721896361,474.1644633508904,0.551997063041199,0.03686482086777687,-0.19634597528147424,-29.818653026745476,1.2565114420914063,-0.8581220700951722,-1.4540986504417504,0.17169031910106014,-4.488242376629643,1.9055042,0.7749522,445656.41081141005,5696590.68503154,474.3608093261719,-28.364554376303722,1.0848211229903408,3.630120306534463,744,frame_000744.png
954,1381,954,164,0.1719077568134172,92,0.5609756097560976,164,44,0.2682926829268293,445654.8103948413,5696587.318278994,468.595826927665,-1.6053077915566973,-3.350731280632317,-5.762022193428777,-32.46067930926184,0.9175482597980124,-44.560503641631,-4.426345148104616,-0.27873725712319697,-46.41200736164268,204.48965,150.08603,44,0.2682926829268293,445656.897369835,5696590.80810042,474.17110282395737,0.48166720214067027,0.13909014500677586,-0.1867462971363807,-29.7478054537971,0.4510818657652744,1.212988218539971,-1.7134712926398947,-0.7452036511559186,-0.6385155014717157,1.7577331,0.66257674,445656.41570263286,5696590.669010275,474.35784912109375,-28.03433416115722,1.196285516921207,1.8515037200116777,745,frame_000745.png
972,1331,972,167,0.17181069958847736,93,0.5568862275449101,167,42,0.25149700598802394,445652.1916895907,5696598.147099597,468.99846821218676,-4.254224517149851,7.506050918251276,-5.34811992257886,-1.3249563487272629,-55.035372296781624,48.85929372426574,25.895050178479607,-55.37127508034274,45.02438603061074,101.582115,94.72643,42,0.25149700598802394,445657.1882986911,5696590.512877108,474.09376568433083,0.7423845832818188,-0.1281715715304017,-0.2528224504347918,-28.901504380023717,2.040426010216334,-1.4429563188694556,-1.6814978528168467,1.7045232266551977,-5.2778640125244465,1.669051,0.7191354,445656.44591410784,5696590.641048679,474.3465881347656,-27.220006527206873,0.3359027835611242,3.834907693654994,746,frame_000746.png
986,1340,986,147,0.14908722109533468,87,0.5918367346938775,147,33,0.22448979591836735,445657.4826629278,5696591.184740738,474.2469863226672,1.0236903360346332,0.545004777610302,-0.09758765194214902,-28.284273948904136,1.5183005923775834,2.7444145706013696,-1.2090910210416155,1.282575134269365,-1.0584562963705366,1.8260893,0.67179716,33,0.22448979591836735,445657.48266292794,5696591.184740738,474.24698632264875,1.0236903361510485,0.545004777610302,-0.09758765196062313,-28.284273948793842,1.518300593908125,2.7444145693024375,-1.2090910209313108,1.2825751357999025,-1.0584562976694656,1.8260893,0.67179716,445656.4589725918,5696590.63973596,474.3445739746094,-27.075182927862528,0.23572545810820836,3.8028708669718982,747,frame_000747.png
979,1372,979,163,0.16649642492339123,95,0.5828220858895705,163,43,0.26380368098159507,445657.010313274,5696591.0096798735,474.1843979044981,0.5395472862874158,0.3658012133091688,-0.15813139237690166,-28.44824824010883,0.05323566681839946,0.5271375897073829,-1.4999422065218653,-0.8064770813538473,-3.2241774493212745,1.8818239,0.5872327,43,0.26380368098159507,445657.010313274,5696591.0096798735,474.18439790448883,0.5395472862874158,0.3658012133091688,-0.15813139238616714,-28.448248240116882,0.0532356669327244,0.5271375893024668,-1.4999422065299086,-0.8064770812395068,-3.2241774497261986,1.8818239,0.5872327,445656.4707659877,5696590.64387866,474.342529296875,-26.94830603358697,0.8597127481722429,3.751315039028666,748,frame_000748.png
979,1394,979,161,0.1644535240040858,100,0.6211180124223602,161,43,0.2670807453416149,445657.0096129315,5696590.770795795,474.16346763262356,0.5137576962588355,0.11991432495415211,-0.1647489201108101,-28.12419761355158,0.9471062018128171,-0.7556644910141864,-1.5866351213011,-0.11759073808300968,-4.464305721594826,1.9445802,0.61679614,43,0.2670807453416149,445657.0096129284,5696590.770795795,474.16346763240756,0.5137576931156218,0.11991432495415211,-0.1647489203268151,-28.12419761516335,0.9471061857669562,-0.7556644988603455,-1.5866351229128668,-0.11759075412888365,-4.46430572944098,1.9445802,0.61679614,445656.49585523526,5696590.65088147,474.3282165527344,-26.537562492250473,1.0646969398958297,3.708641230580647,749,frame_000749.png
954,1370,954,150,0.15723270440251572,80,0.5333333333333333,150,34,0.22666666666666666,445659.02385672013,5696589.515544535,473.7413935415368,2.514886413817294,-1.1346373409032822,-0.5811162240881913,-25.900722153024677,13.5409656000851,-2.3827253604725547,0.33681899481484834,13.18245389961561,-6.097853889041261,14.810228,6.840335,34,0.22666666666666666,445657.2431326639,5696590.884566234,474.18996175256564,0.7341623575775884,0.2343843588605523,-0.13254801305936326,-27.658432875005403,0.8279422004827804,0.37724427109732533,-1.4208917271658663,0.46943050001328857,-3.337884257471387,1.9279103,0.7429807,445656.5089703063,5696590.650181876,474.322509765625,-26.237541147839533,0.3585117004694785,3.715128528568716,750,frame_000750.png
1027,1377,1027,164,0.1596884128529698,99,0.6036585365853658,164,43,0.2621951219512195,445656.9470706533,5696590.776766632,474.1533904863256,0.4273475880618207,0.13047138508409262,-0.16860048047129794,-27.625130827824723,-0.10513463203699497,-2.7267038079827928,-1.5312151819149165,-0.608904568584876,-8.120350920853497,1.6559898,0.7179405,43,0.2621951219512195,445656.94707065215,5696590.776766628,474.1533904861782,0.4273475868976675,0.13047138135880232,-0.16860048061869293,-27.625130828616772,-0.10513462881719887,-2.7267038285719036,-1.5312151827069727,-0.6089045653650658,-8.12035094144261,1.6559898,0.7179405,445656.51972306526,5696590.646295247,474.3219909667969,-26.09391564590981,0.5037699365478787,5.39364711287071,751,frame_000751.png
1022,1385,1022,155,0.15166340508806261,82,0.5290322580645161,155,34,0.21935483870967742,445660.45316658786,5696586.9766548,471.4346806831908,3.9211735371500254,-3.6654334785416722,-2.885174053137348,-21.393569399171554,31.505143942425164,-18.48583231642225,4.86127199415742,31.057410346599994,-23.647577396341376,47.485203,24.14612,34,0.21935483870967742,445657.35890418175,5696590.963337047,474.23264632173385,0.8269111310364679,0.32124876882880926,-0.0872084145942722,-27.48768929778853,1.220037978654519,-0.30590342396063014,-1.232847904459561,0.7723043828293612,-5.467648503879758,1.8820422,0.7579918,445656.5319930507,5696590.642088278,474.3198547363281,-26.254841393328967,0.44773359582516115,5.161745079919138,752,frame_000752.png
1017,1389,1017,169,0.16617502458210423,87,0.514792899408284,169,44,0.2603550295857988,444924.0111196373,5697615.392943326,133.98232658354817,-732.5306491621304,1024.786086782813,-340.38797370942063,85.72544093020986,-60.601734807176776,142.1905385659742,112.21941007383805,-60.44321505257314,138.44577551327336,505.24255,247.20589,44,0.2603550295857988,445657.2450554079,5696590.637743,474.14678355788453,0.7032866085064597,0.0308864563703537,-0.2235167350842744,-27.906187875827275,0.8527911233215724,-0.7909113430188273,-1.4122187321991078,1.0113108779252116,-4.535674395719695,1.771881,0.76868874,445656.5417687994,5696590.606856544,474.3703002929688,-26.493969143628174,-0.15851975460363674,3.7447630527008746,753,frame_000753.png
920,1341,920,148,0.1608695652173913,82,0.5540540540540541,148,39,0.2635135135135135,445659.20532544964,5696588.81793623,473.5989723094047,2.6619927602587268,-1.7695487905293703,-0.7937278859077992,-24.72578231303166,15.360923578428967,-4.529867062201921,1.9857841210222205,15.409797810997446,-7.19230539231657,21.719889,14.787291,39,0.2635135135135135,445657.163925237,5696590.784117806,474.26245580235263,0.6205925476388074,0.19663278479129076,-0.13024439295986667,-28.071587497273757,-0.022644662931076958,1.0910964486730825,-1.3600210632198753,0.02622956963739398,-1.5713418814415547,1.7238734,0.7403015,445656.5433326894,5696590.587485021,474.3927001953125,-26.711566434053875,-0.048874232568484534,2.6624383301146475,754,frame_000754.png
937,1322,937,153,0.1632870864461046,96,0.6274509803921569,153,35,0.22875816993464052,445656.93784342014,5696590.8992179,474.23893969182586,0.3952763135312125,0.31961008347570896,-0.1601386773147624,-28.396179031572547,-0.9246622053819908,0.25986252776087876,-1.5885393543879331,0.28366528183065043,-2.9506562137423487,2.0060344,0.6966546,35,0.22875816993464052,445656.93784342025,5696590.8992179,474.2389396918286,0.39527631364762783,0.31961008347570896,-0.1601386773120339,-28.3961790315405,-0.9246622044744991,0.2598625275580429,-1.5885393543558735,0.2836652827381556,-2.950656213945166,2.0060344,0.6966546,445656.5425671066,5696590.579607816,474.3990783691406,-26.807639677184625,-1.208327487212643,3.210518741503214,755,frame_000755.png
920,1324,920,144,0.1565217391304348,70,0.4861111111111111,144,36,0.25,445657.11025281315,5696590.854297133,474.2374765412082,0.5689105225610547,0.2751003410667181,-0.1611135466824294,-32.79844531630562,-2.3786250973232583,1.1822765013785608,-0.46520878127145693,-1.0112028418996601,-1.493494605249282,1.8676673,0.71209955,36,0.25,445657.1102527993,5696590.854297117,474.2374765389519,0.5689105087076314,0.27510032523423433,-0.1611135489387152,-32.79844532764253,-2.37862511543995,1.1822763809172792,-0.46520879260836523,-1.0112028600163683,-1.4934947257105762,1.8676677,0.71209925,445656.5413422906,5696590.579196792,474.3985900878906,-32.33323653503416,-1.367422255423594,2.6757711066278476,756,frame_000756.png
988,1475,988,191,0.19331983805668015,105,0.5497382198952879,191,41,0.21465968586387435,445656.8453095249,5696591.196199043,474.2465938069488,0.3552620162954554,0.2781998310238123,-0.13954510906683026,-75.22530594792904,2.681371921747744,-4.455768988616017,-8.373757206710934,-2.272891045035607,-12.232182813953045,1.926424,0.71337205,41,0.21465968586387435,445656.8453095253,5696591.196199044,474.2465938070299,0.355262016702909,0.27819983195513487,-0.1395451089857147,-75.22530594781239,2.6813719171551536,-4.455768984990899,-8.373757206594291,-2.272891049628214,-12.232182810327913,1.926424,0.71337205,445656.4900475086,5696590.917999212,474.3861389160156,-66.85154874121811,4.95426296678336,7.776413825337024,757,frame_000757.png
1385,1514,1385,198,0.14296028880866427,117,0.5909090909090909,198,47,0.23737373737373738,445657.45103021263,5696590.897748752,474.12900332480484,0.9209743089159019,-0.13847489468753338,-0.27050229042953333,-95.7483239037607,7.97383373356361,1.7586618129857527,-1.7545010782844486,-1.6755939451251152,-2.861023859550045,1.84205,0.79530156,47,0.23737373737373738,445657.4510302129,5696590.897748752,474.12900332487294,0.9209743092069402,-0.13847489468753338,-0.2705022903614349,-95.74832390370244,7.973833731602098,1.7586618145809716,-1.754501078226184,-1.6755939470866394,-2.8610238579548195,1.84205,0.79530156,445656.5300559037,5696591.036223646,474.3995056152344,-93.99382282547626,9.64942767868873,4.619685672535801,758,frame_000758.png
1284,1591,1284,189,0.14719626168224298,110,0.582010582010582,189,41,0.21693121693121692,445656.9118674425,5696590.847276431,474.230290700628,0.3347556931548752,-0.23666082508862019,-0.20537824468448207,-105.27653639756274,11.553541302612887,0.42851353835226336,-1.6508792887091204,-1.5037743816793068,-2.5117071977120418,1.7971617,0.6958126,41,0.21693121693121692,445656.9118674434,5696590.8472764315,474.2302907007984,0.33475569408619776,-0.2366608241572976,-0.20537824451412234,-105.27653639768376,11.55354129655346,0.42851354223473126,-1.65087928883014,-1.50377438773873,-2.5117071938295794,1.7971617,0.6958126,445656.5771117493,5696591.083937256,474.4356689453125,-103.62565710885362,13.057315684292188,2.9402207360643104,759,frame_000759.png
1202,1459,1202,195,0.1622296173044925,94,0.48205128205128206,195,45,0.23076923076923078,445656.65814870544,5696590.779048493,474.2188084372358,0.1510465838946402,-0.10477437265217304,-0.24261734401420654,-107.71586722233297,7.054572168974738,1.3829906431984615,-1.6573393488359898,-3.0948304764553995,0.24949487889836064,1.790723,0.6623566,45,0.23076923076923078,445656.6581487053,5696590.779048493,474.2188084371793,0.15104658377822489,-0.10477437265217304,-0.2426173440707089,-107.71586722235047,7.054572170876529,1.3829906429413599,-1.6573393488534975,-3.0948304745535893,0.24949487864125786,1.790723,0.6623566,445656.50710212154,5696590.883822866,474.46142578125,-106.05852787349698,10.149402645430133,1.1334957643000918,760,frame_000760.png
1009,1378,1009,173,0.17145688800792863,92,0.5317919075144508,173,40,0.23121387283236994,445656.4680265807,5696590.262685332,474.23870621148365,0.052309456921648234,-0.4283069483935833,-0.20501937445385465,-108.87167254729921,4.360326143588527,1.9086379056922236,-1.6225145973115218,-0.8039027553547271,1.4662172369737334,1.9502426,0.7111722,40,0.23121387283236994,445656.46802657965,5696590.2626853315,474.2387062112055,0.05230945587391034,-0.4283069493249059,-0.2050193747319895,-108.8716725474043,4.360326154167967,1.908637902862884,-1.6225145974165969,-0.8039027447752858,1.4662172341443807,1.9502426,0.7111722,445656.4157171238,5696590.690992281,474.4437255859375,-107.2491579499877,5.1642288989432545,0.4424206687184939,761,frame_000761.png
970,1251,970,157,0.1618556701030928,88,0.5605095541401274,157,39,0.2484076433121019,445656.42133658676,5696589.817725056,474.2214046113378,0.09162690379889682,-0.647152584977448,-0.216675222646586,-109.24622427228918,6.195430865607929,1.9425089934702142,-1.5800115130574,-0.1638148084090858,0.8992653213027495,1.7955837,0.61426246,39,0.2484076433121019,445656.4213365867,5696589.817725055,474.2214046112949,0.09162690374068916,-0.6471525859087706,-0.2166752226895028,-109.2462242726317,6.195430868135989,1.9425089940332276,-1.5800115133999384,-0.1638148058810316,0.8992653218657836,1.7955837,0.61426246,445656.32970968296,5696590.464877641,474.4380798339844,-107.66621275923177,6.359245674017008,1.043243672167454,762,frame_000762.png
879,1134,879,134,0.15244596131968147,75,0.5597014925373134,134,45,0.3358208955223881,445656.24124698364,5696589.495253887,474.2316819098317,0.007005631981883198,-0.7212462117895484,-0.21967307063709995,-109.0607056935178,5.218553285857176,1.7611469124693164,-1.5116308972213233,-0.6053264339637678,0.8690797039204483,1.7636774,0.78158087,45,0.3358208955223881,445656.24124698516,5696589.495253889,474.2316819101365,0.007005633495282382,-0.7212462099269032,-0.21967307033230554,-109.06070569294137,5.218553271648106,1.7611469167453195,-1.5116308966448742,-0.6053264481728604,0.8690797081964661,1.7636774,0.78158087,445656.23424135166,5696590.216500099,474.4513549804688,-107.54907479629648,5.823879719820954,0.8920672085488592,763,frame_000763.png
841,999,841,133,0.1581450653983353,85,0.6390977443609023,133,51,0.38345864661654133,445656.12403194665,5696589.153334497,474.2238631899579,0.08147118880879134,-0.5125971911475062,-0.19669955418271456,-108.95144210922899,3.296885869649633,1.0556469673231477,-1.489457356386822,-0.4015457669553939,-0.4194732514034456,1.7620239,0.6805455,51,0.38345864661654133,445656.12403194665,5696589.153334497,474.2238631899649,0.08147118880879134,-0.5125971911475062,-0.19669955417572282,-108.95144210920513,3.2968858693611387,1.0556469671606228,-1.4894573563629478,-0.4015457672439027,-0.41947325156596094,1.7620239,0.6805455,445656.04256075784,5696589.665931688,474.4205627441406,-107.46198475284218,3.698431636605035,1.4751202187265895,764,frame_000764.png
767,1019,767,134,0.17470664928292046,81,0.6044776119402985,134,53,0.39552238805970147,445655.95030611777,5696588.868281278,474.2357321436128,0.00120507029350847,-0.5054155457764864,-0.18364041498097095,-108.51704242085852,2.255046484151153,0.46353237053078966,-1.4550470215768883,-0.7599344314159566,-1.0765854538195754,2.0222905,0.674561,53,0.39552238805970147,445655.9503061199,5696588.868281278,474.23573214347357,0.0012050724471919239,-0.5054155457764864,-0.18364041512018048,-108.51704242118822,2.2550464825698655,0.46353238318424667,-1.4550470219066085,-0.7599344329972553,-1.0765854411661167,2.0222905,0.674561,445655.9491010475,5696589.373696824,474.41937255859375,-107.06199539928161,3.0149809155671083,1.5401178243503613,765,frame_000765.png
779,993,779,139,0.17843388960205392,87,0.6258992805755396,139,54,0.38848920863309355,445655.881394688,5696588.415144321,474.25809951439476,0.022804351116064936,-0.6687770411372185,-0.16264633521461747,-108.22949642054846,2.044523089783066,1.082704667531226,-1.361193022779787,-0.403087321041113,-0.15859069838512596,1.7381241,0.83856595,54,0.38848920863309355,445655.881394688,5696588.415144321,474.2580995143918,0.022804351116064936,-0.6687770411372185,-0.16264633521757332,-108.2294964205476,2.04452308966853,1.0827046677535423,-1.3611930227789344,-0.4030873211556525,-0.15859069816281135,1.7381241,0.83856595,445655.85859033687,5696589.083921362,474.4207458496094,-106.86830339776866,2.4476104108241916,1.2412953659163553,766,frame_000766.png
839,975,839,129,0.1537544696066746,75,0.5813953488372093,129,49,0.3798449612403101,445655.81532541866,5696587.994971697,474.23356615513796,0.05034122022334486,-0.7976888567209244,-0.17500318079953558,-108.1917323976968,1.5969362925923472,0.77182099603232,-1.355489522114624,-0.19989573965915497,-1.2506226653225667,1.6423756,0.7813593,49,0.3798449612403101,445655.8153254187,5696587.994971697,474.2335661551322,0.05034122028155252,-0.7976888567209244,-0.17500318080527677,-108.19173239779991,1.596936293253666,0.7718209965232254,-1.3554895222177379,-0.19989573899783863,-1.2506226648316385,1.6423756,0.7813593,445655.76498419844,5696588.792660554,474.4085693359375,-106.83624287558219,1.7968320322514992,2.0224436613548766,767,frame_000767.png
839,970,839,130,0.15494636471990464,83,0.6384615384615384,130,52,0.4,445655.4437887647,5696587.311473035,474.25625433141676,-0.0750379643868655,-0.6353075038641691,-0.15109430139574442,-108.22107020364412,2.427981950623398,-0.3057363751965874,-1.4046164262128968,0.1667094853228832,-2.271320052390081,1.6969432,0.7554722,52,0.4,445655.4437887727,5696587.311473036,474.2562543312915,-0.07503795641241595,-0.6353075029328465,-0.15109430152102732,-108.22107020497151,2.4279819300650427,-0.3057363334267918,-1.4046164275403044,0.16670946476452286,-2.271320010620286,1.6969432,0.7554722,445655.5188267291,5696587.946780539,474.4073486328125,-106.8164537774312,2.261272465300514,1.9655836771934916,768,frame_000768.png
883,978,883,142,0.16081540203850508,94,0.6619718309859155,142,57,0.4014084507042254,445655.4391326577,5696587.121700812,474.2581149293714,0.0016211926122196019,-0.5511459531262517,-0.156649474925473,-108.41584264419815,1.150332824513971,0.2935847786652047,-1.384714351946002,-0.8383054963721577,-1.3988763016828045,1.7142153,0.7595472,57,0.4014084507042254,445655.43913265644,5696587.121700813,474.25811492955125,0.0016211913316510618,-0.5511459521949291,-0.1566494747456204,-108.41584264367279,1.1503328226069793,0.293584770013687,-1.384714351420655,-0.8383054982791407,-1.398876310334316,1.7142153,0.7595472,445655.4375114651,5696587.672846765,474.4147644042969,-107.03112829225215,1.9886383208861307,1.6924610803480002,769,frame_000769.png
830,979,830,135,0.16265060240963855,91,0.674074074074074,135,56,0.4148148148148148,445655.2536611191,5696586.317748583,474.2295453185436,0.08503033750457689,-0.5800898363813758,-0.19178036505013552,-109.03488021925948,1.377190242873756,1.3359307475472744,-1.3970536264188809,-0.08705952842817055,0.06915475745631738,1.7755756,0.73670757,56,0.4148148148148148,445655.2536611198,5696586.317748582,474.2295453183453,0.08503033820306882,-0.5800898373126984,-0.1917803652484622,-109.03488021975579,1.3771902454239284,1.3359307530796907,-1.3970536269152092,-0.08705952587800425,0.06915476298874523,1.7755756,0.73670757,445655.1686307816,5696586.897838419,474.42132568359375,-107.63782659284058,1.4642497713019211,1.2667759900909479,770,frame_000770.png
860,1069,860,149,0.17325581395348838,111,0.7449664429530202,149,51,0.3422818791946309,445654.94412420376,5696586.18084604,474.27656111730886,-0.13055864092893898,-0.4715580064803362,-0.15803971276926632,-109.0539297671395,1.5104553311045033,0.16063986253840762,-1.4060398112593475,-0.578743755620053,-0.8905896870371635,1.9210062,0.6589648,51,0.3422818791946309,445654.94412420475,5696586.180846038,474.2765611170808,-0.13055863993940875,-0.47155800834298134,-0.1580397129973221,-109.05392976796198,1.5104553365718583,0.16063987037656774,-1.406039812081815,-0.5787437501526824,-0.8905896791990244,1.9210062,0.6589648,445655.0746828447,5696586.652404047,474.4346008300781,-107.64788995588015,2.089199086724547,1.0512295495755781,771,frame_000771.png
817,1090,817,135,0.16523867809057527,91,0.674074074074074,135,44,0.32592592592592595,445654.94091514923,5696585.4049404,474.2185353783208,0.04139228776330128,-0.7683776998892426,-0.21151833261671982,-108.6776872368822,2.5367195300735306,1.8695689551357695,-1.4650765568417228,0.1548728970476816,1.0304307830075459,2.0068846,0.6634929,44,0.32592592592592595,445654.94091514935,5696585.4049404,474.2185353782533,0.041392287879716605,-0.7683776998892426,-0.21151833268419296,-108.6776872370972,2.5367195320100944,1.8695689567737392,-1.4650765570567046,0.1548728989842516,1.0304307846455174,2.0068846,0.6634929,445654.89952286147,5696586.1733181,474.4300537109375,-107.2126106800405,2.381846633025856,0.8391381721282227,772,frame_000772.png
797,1105,797,147,0.18444165621079048,93,0.6326530612244898,147,47,0.3197278911564626,445654.8019033595,5696585.10336496,474.2244985163792,0.08924339601071551,-0.6078373827040195,-0.21770119065212157,-108.66629817772093,2.824024434520009,2.422288309329254,-1.3940605840046487,0.2556580950228238,2.194234097396219,1.8200629,0.7982332,47,0.3197278911564626,445654.80190335953,5696585.10336496,474.22449851637,0.08924339606892318,-0.6078373827040195,-0.2177011906613302,-108.66629817771312,2.8240244344291137,2.4222883096005368,-1.3940605839968327,0.25565809493193115,2.194234097667504,1.8200629,0.7982332,445654.71265996346,5696585.711202343,474.4421997070313,-107.27223759371628,2.568366339497176,0.22805421193303485,773,frame_000773.png
989,1180,989,163,0.16481294236602628,102,0.6257668711656442,163,42,0.25766871165644173,445654.5401010554,5696584.454974954,474.23037267914737,-0.00905973935732618,-0.8065558085218072,-0.17096399077450997,-109.50150652142824,-3.8289460276418517,1.3829273110676141,-1.6448870063229037,0.6429245513009221,0.2858656150548313,1.9516712,0.80896133,42,0.25766871165644173,445654.5401010534,5696584.454974957,474.2303726797896,-0.00905974133638665,-0.8065558057278395,-0.17096399013229302,-109.50150652177985,-3.8289460367979977,1.382927295456206,-1.6448870066745087,0.6429245421447547,0.2858655994434116,1.9516712,0.80896133,445654.54916079476,5696585.261530763,474.4013366699219,-107.85661951510534,-4.471870578942761,1.0970616960127937,774,frame_000774.png
990,1245,990,160,0.16161616161616163,107,0.66875,160,50,0.3125,445654.33660037303,5696584.225828387,474.2352748177524,-0.006351140909828246,-0.6042071087285876,-0.15049788732574143,-109.978632965989,-1.346667489560289,2.869573026909508,-1.6688181680543153,1.825424201509037,3.435028217130281,1.6250732,0.76600975,50,0.3125,445654.3366003737,5696584.225828388,474.2352748177003,-0.006351140269543976,-0.604207107797265,-0.15049788737781,-109.97863296534047,-1.3466674939489365,2.8695730292765225,-1.6688181674057887,1.825424197120384,3.4350282194972976,1.6250732,0.76600975,445654.34295151394,5696584.830035496,474.3857727050781,-108.30981479793466,-3.172091691069312,-0.565455190220777,775,frame_000775.png
928,1279,928,181,0.19504310344827586,121,0.6685082872928176,181,52,0.287292817679558,445654.4156468686,5696584.281983509,474.21142212829386,0.10612853121710941,-0.49458565283566713,-0.20535643615926347,-109.74256248899071,0.9004607118724036,2.3440650649670682,-1.3839807532887392,-0.18232931357314897,2.2518103446625446,1.8028058,0.71015704,52,0.287292817679558,445654.4156468683,5696584.281983509,474.2114221283315,0.10612853092607111,-0.49458565283566713,-0.20535643612163312,-109.74256248908824,0.9004607126156909,2.344065063734271,-1.383980753386254,-0.18232931282986442,2.251810343429753,1.8028058,0.71015704,445654.30951833737,5696584.776569162,474.4167785644531,-108.35858173570197,1.0827900254455427,0.09225472030451771,776,frame_000776.png
979,1250,979,159,0.16241062308478038,96,0.6037735849056604,159,55,0.34591194968553457,445654.3415604917,5696584.126304659,474.2026073969693,0.059128847788088024,-0.607623927295208,-0.20535158740568704,-109.64327250882273,0.30171417319292126,2.897141045452456,-1.4722002503827412,0.6287713366628793,3.247160892559492,1.7331237,0.7272786,55,0.34591194968553457,445654.34156049223,5696584.126304659,474.20260739687444,0.05912884831195697,-0.607623927295208,-0.2053515875005587,-109.64327250847258,0.3017141714222448,2.8971410479362203,-1.4722002500325857,0.6287713348922068,3.247160895043237,1.7331237,0.7272786,445654.2824316439,5696584.733928586,474.407958984375,-108.17107225843999,-0.3270571634699529,-0.350019847107023,777,frame_000777.png
961,1272,961,159,0.16545265348595214,96,0.6037735849056604,159,41,0.2578616352201258,445654.3269918777,5696584.089927113,474.2995513310817,0.07354845083318651,-0.6080095041543245,-0.1099335321995909,-109.75197610613104,1.3968725684410845,1.7181449310568206,-1.6801381934901087,0.901375354985646,1.0356973431439371,1.7100378,0.769006,41,0.2578616352201258,445654.3269918785,5696584.089927113,474.2995513308859,0.07354845164809376,-0.6080095041543245,-0.10993353239541648,-109.75197610599551,1.3968725671865478,1.718144935873268,-1.680138193354594,0.9013753537311118,1.0356973479603653,1.7100378,0.769006,445654.25344342686,5696584.697936617,474.4094848632813,-108.07183791264093,0.49549721345544706,0.6824475879128907,778,frame_000778.png
925,1287,925,177,0.19135135135135134,86,0.4858757062146893,177,52,0.2937853107344633,445654.4254051603,5696584.176932868,474.4291670610711,0.2081399122835137,-0.4788051759824157,-0.1912553022102088,-109.36959987088346,1.6952150719586323,3.435125284135678,-1.3970329210220598,-0.25439103955932296,3.8432698009990247,1.7425857,0.7346366,52,0.2937853107344633,445654.42540516023,5696584.176932868,474.42916706107656,0.20813991222530603,-0.4788051759824157,-0.19125530220475184,-109.36959987092662,1.6952150722925752,3.4351252839134974,-1.3970329210652324,-0.2543910392253963,3.843269800776824,1.7425857,0.7346366,445654.217265248,5696584.655738044,474.6204223632813,-107.97256694986139,1.9496061115179688,-0.40814451686333986,779,frame_000779.png
952,1258,952,158,0.16596638655462184,90,0.569620253164557,158,45,0.2848101265822785,445654.2638951535,5696584.065915155,474.5432385077528,0.06847539660520852,-0.5761667853221297,-0.1725818047472103,-109.54673669405614,1.3775730978285687,3.727529261109354,-1.3582880914584052,0.5367441974351834,5.0010564943139855,1.7274514,0.7768273,45,0.2848101265822785,445654.2638951534,5696584.065915155,474.5432385077607,0.06847539654700086,-0.5761667853221297,-0.17258180473930906,-109.54673669409128,1.3775730980753589,3.7275292608210293,-1.3582880914935345,0.5367441976819691,5.001056494025676,1.7274514,0.7768273,445654.19541975687,5696584.642081941,474.7158203125,-108.18844860259775,0.8408289003933958,-1.2735272332046328,780,frame_000780.png
964,1268,964,146,0.15145228215767634,94,0.6438356164383562,146,45,0.3082191780821918,445654.343997367,5696583.992803788,474.5495181398209,0.16758807265432552,-0.6289564706385136,-0.22050139142908165,-109.4948356071098,1.1276859292472512,3.4928989292209685,-1.3096573715066882,0.6110580324312593,3.929513393452197,1.8255954,0.78395355,45,0.3082191780821918,445654.3439973671,5696583.992803787,474.549518139683,0.16758807271253318,-0.6289564715698361,-0.22050139156698378,-109.49483560762773,1.1276859334952112,3.4928989309959313,-1.309657372024617,0.6110580366792249,3.9295133952271613,1.8255954,0.78395355,445654.17640929436,5696584.621760258,474.77001953125,-108.18517823560312,0.5166278968159811,-0.4366144642312371,781,frame_000781.png
935,1263,935,162,0.17326203208556148,101,0.6234567901234568,162,57,0.35185185185185186,445654.27783122775,5696584.034587837,474.57972267194884,0.10862329980591312,-0.571687282063067,-0.19530174211365647,-109.30255172631342,1.4200014334694633,3.3671255014980432,-1.3072215781508305,0.43980180592828333,4.019676012265165,1.6234524,0.6979388,57,0.35185185185185186,445654.2778312278,5696584.034587837,474.57972267193304,0.10862329986412078,-0.571687282063067,-0.19530174212945894,-109.30255172629096,1.4200014332756634,3.367125501972503,-1.307221578128349,0.4398018057344757,4.019676012739609,1.6234524,0.6979388,445654.16920792795,5696584.606275119,474.7750244140625,-107.9953301481626,0.9801996275411753,-0.6525505107671112,782,frame_000782.png
963,1270,963,157,0.16303219106957426,90,0.5732484076433121,157,42,0.267515923566879,445654.15620212856,5696584.0180522,474.5832120217115,0.014149881957564503,-0.563766703940928,-0.1978548728197893,-108.9118621384025,1.8453669289752923,2.3340224558399245,-1.3925147262893347,0.6629495874218776,2.627490119478921,1.9377843,0.63296276,42,0.267515923566879,445654.1562021285,5696584.0180522,474.5832120217152,0.014149881899356842,-0.563766703940928,-0.19785487281609448,-108.9118621384306,1.8453669291971082,2.334022455672056,-1.3925147263174438,0.662949587643709,2.627490119311034,1.9377843,0.63296276,445654.1420522466,5696584.581818904,474.7810668945313,-107.51934741211316,1.1824173415534118,-0.2934676636389832,783,frame_000783.png
911,1270,911,160,0.1756311745334797,86,0.5375,160,44,0.275,445654.50461000216,5696584.108824187,474.5084394370518,0.3617311450652778,-0.47195946890860796,-0.2709795082607229,-109.1464101427452,0.878005304389268,3.348830362752422,-1.265966785534431,-0.4743102269574422,2.747357654076154,1.9259492,0.75979257,44,0.275,445654.5046100023,5696584.108824188,474.5084394370856,0.36173114518169314,-0.4719594679772854,-0.2709795082269011,-109.14641014233806,0.8780053009647825,3.3488303622326243,-1.26596678512729,-0.47431023038194553,2.747357653556378,1.9259492,0.75979257,445654.1428788571,5696584.580783656,474.7794189453125,-107.88044335721077,1.352315531346717,0.6014727086762542,784,frame_000784.png
947,1247,947,153,0.16156282998944033,98,0.6405228758169934,153,48,0.3137254901960784,445654.32779651176,5696583.888429338,474.5423494314681,0.15904913638951257,-0.6864678813144565,-0.23121013884440345,-109.19479732434361,2.338694225301111,2.8178712396115224,-1.3161993142946926,1.001473373645581,2.615414630215696,1.8089288,0.6908253,48,0.3137254901960784,445654.3277965116,5696583.888429338,474.5423494315,0.15904913621488959,-0.6864678813144565,-0.2312101388125143,-109.19479732441539,2.3386942258870715,2.8178712386783014,-1.3161993143664574,1.001473374231523,2.615414629282469,1.8089288,0.6908253,445654.16874737537,5696584.574897219,474.7735595703125,-107.87859801004893,1.3372208516555377,0.2024566093958288,785,frame_000785.png
949,1266,949,133,0.14014752370916755,87,0.6541353383458647,133,48,0.3609022556390977,445654.2112161775,5696583.9386722725,474.5892177206408,0.032676554284989834,-0.6358272507786751,-0.1787876504529322,-109.29809184367136,1.9691283024542603,1.4586865189460907,-1.37026690557218,0.9522961221566959,0.6330705037733253,1.705609,0.7807333,48,0.3609022556390977,445654.2112161782,5696583.9386722725,474.5892177206189,0.032676554983481765,-0.6358272507786751,-0.17878765047487377,-109.29809184356299,1.9691283001146944,1.458686522186024,-1.370266905463808,0.9522961198171345,0.6330705070132581,1.705609,0.7807333,445654.1785396232,5696584.574499523,474.76800537109375,-107.92782493809918,1.0168321802975693,0.8256160151727645,786,frame_000786.png
955,1289,955,149,0.15602094240837697,87,0.5838926174496645,149,48,0.3221476510067114,445654.2893815179,5696583.990883641,474.5747871539813,0.10886140854563564,-0.5782698774710298,-0.18595503351872367,-109.08727255005059,1.289311069119484,1.9484987395281372,-1.2563558094886957,0.5563174925826786,1.3909373629409743,1.8895146,0.7739581,48,0.3221476510067114,445654.28938151785,5696583.990883641,474.57478715398634,0.10886140848742798,-0.5782698774710298,-0.1859550335136646,-109.08727255007923,1.289311069354552,1.9484987393221243,-1.2563558095173448,0.5563174928177261,1.3909373627349453,1.8895146,0.7739581,445654.18052010937,5696584.569153518,474.7607421875,-107.8309167405619,0.7329935765368164,0.5575613765871734,787,frame_000787.png
982,1255,982,162,0.164969450101833,101,0.6234567901234568,162,53,0.3271604938271605,445654.2294232336,5696583.996115135,474.58748040987604,0.040719759825151414,-0.5783330090343952,-0.18314947293646355,-108.66141765439357,1.2929307548158893,2.385911625709053,-1.3147244862048524,0.62759721380786,2.5676283876584876,1.805812,0.7546147,53,0.3271604938271605,445654.22942323325,5696583.996115135,474.58748040993476,0.04071975947590545,-0.5783330090343952,-0.1831494728777443,-108.66141765451388,1.292930755686123,2.3859116237902467,-1.31472448632519,0.6275972146781044,2.567628385739681,1.805812,0.7546147,445654.1887034738,5696584.574448144,474.7706298828125,-107.34669316818871,0.6653335410080166,-0.1817167619494241,788,frame_000788.png
931,1257,931,173,0.1858216970998926,106,0.6127167630057804,173,55,0.3179190751445087,445654.44232698326,5696583.988229348,474.5253400283878,0.19779524498153478,-0.5887196669355035,-0.22493462981532275,-108.26123444878408,1.727410785927141,1.54227007332825,-1.3231301690574355,0.5021117541589319,0.11601633861224059,1.8121301,0.81426096,55,0.3179190751445087,445654.44232698326,5696583.988229348,474.52534002839127,0.19779524498153478,-0.5887196669355035,-0.2249346298118553,-108.26123444879639,1.727410786012061,1.5422700732303196,-1.3231301690697705,0.502111754243856,0.1160163385143278,1.8121301,0.81426096,445654.2445317383,5696584.576949015,474.7502746582031,-106.93810427972663,1.2252990317682007,1.426253734715997,789,frame_000789.png
953,1264,953,171,0.1794333683105981,102,0.5964912280701754,171,46,0.26900584795321636,445654.39539948804,5696584.114567296,474.55735726103387,0.12666204600827768,-0.4598856717348099,-0.1910863424817535,-108.45617799662388,1.009843242835709,0.28245213932047275,-1.39885497785275,-0.08289252370371969,-1.8363834816581743,1.8399742,0.71541095,46,0.26900584795321636,445654.39539948804,5696584.114567296,474.55735726104234,0.12666204600827768,-0.4598856717348099,-0.19108634247328382,-108.45617799661343,1.0098432427602058,0.28245213912518,-1.3988549778423192,-0.08289252377920775,-1.8363834818534883,1.8399742,0.71541095,445654.26873744203,5696584.574452967,474.7484436035156,-107.05732301877111,1.0927357665394222,2.118835620978657,790,frame_000790.png
921,1234,921,164,0.1780673181324647,94,0.573170731707317,164,47,0.2865853658536585,445654.3715643109,5696584.024685402,474.56916485183393,0.07931050570914522,-0.5511177890002728,-0.17955340988487478,-108.58546399393074,2.0554433117570783,-0.3176634404862855,-1.4221706070551363,0.44464931118105255,-2.8418887547391876,1.8306723,0.6990295,47,0.2865853658536585,445654.37156431185,5696584.024685403,474.5691648518248,0.07931050664046779,-0.5511177880689502,-0.17955340989402657,-108.58546399327803,2.0554433062368775,-0.31766343686840864,-1.4221706064024033,0.44464930566087446,-2.841888751121303,1.8306723,0.6990295,445654.2922538052,5696584.575803191,474.7487182617188,-107.16329338687561,1.610794000576015,2.5242253142529028,791,frame_000791.png
938,1284,938,173,0.18443496801705758,110,0.6358381502890174,173,51,0.2947976878612717,445654.35539640294,5696583.919278659,474.56849445504696,0.02730427507776767,-0.6471007717773318,-0.1831229765936655,-108.75094906268599,2.4690200791831254,-0.5715324126989441,-1.4540007214798152,1.0766192911673045,-3.3263791806211316,1.7880186,0.6813245,51,0.2947976878612717,445654.3553964028,5696583.919278657,474.5684944548138,0.02730427496135235,-0.647100773639977,-0.1831229768268372,-108.75094906355248,2.46902008656279,-0.571532410621622,-1.4540007223463078,1.076619298546973,-3.326379178543789,1.7880186,0.6813245,445654.32809212786,5696584.566379431,474.7516174316406,-107.29694834120617,1.3924007880158222,2.7548467679221775,792,frame_000792.png
944,1208,944,146,0.15466101694915255,90,0.6164383561643836,146,50,0.3424657534246575,445654.49730413425,5696584.029501856,474.5502530857517,0.13678524788701907,-0.5321734808385372,-0.198465175967101,-109.40566120847846,1.272146823569821,-0.26001213424539815,-1.4435696336833814,0.27287279205998516,-3.122113362874387,1.8367949,0.8105907,50,0.3424657534246575,445654.4973041402,5696584.029501857,474.5502530847413,0.13678525382420048,-0.5321734799072146,-0.19846517697749277,-109.40566120506705,1.272146805899545,-0.2600121052800402,-1.443569630271952,0.2728727743896968,-3.1221133339090272,1.8367949,0.8105907,445654.36051888636,5696584.561675337,474.7487182617188,-107.96209157479508,0.9992740315098473,2.862101228628986,793,frame_000793.png
947,1237,947,166,0.17529039070749736,99,0.5963855421686747,166,47,0.28313253012048195,445654.6698086464,5696584.085339329,474.5418010292831,0.2994561063242145,-0.4772022068500519,-0.2089313925919214,-109.62405018800747,0.5252599604442922,0.8156124363768782,-1.2838732690021857,-0.32643993488207457,-1.750127361037869,1.9435263,0.713114,47,0.28313253012048195,445654.66980864626,5696584.085339329,474.5418010292893,0.29945610620779917,-0.4772022068500519,-0.20893139258572546,-109.62405018815033,0.525259961448463,0.8156124359432639,-1.2838732691450332,-0.32643993387790715,-1.750127361471499,1.9435263,0.713114,445654.37035254005,5696584.562541536,474.750732421875,-108.3401769190053,0.8516998953263688,2.565739797414757,794,frame_000794.png
920,1260,920,153,0.16630434782608697,93,0.6078431372549019,153,46,0.3006535947712418,445654.613275195,5696583.916798451,474.5173673496143,0.2339088025619276,-0.6542031364515424,-0.24169637108883535,-109.92162875348058,1.98011430209493,0.8870871666545792,-1.35539931282824,0.8440541519565272,-1.5861288232563595,1.8195488,0.6594099,46,0.3006535947712418,445654.6132751948,5696583.916798451,474.5173673496879,0.23390880232909694,-0.6542031364515424,-0.24169637101522312,-109.92162875348359,1.9801143018420106,0.8870871653254617,-1.3553993128312527,0.8440541517036309,-1.5861288245854723,1.8195488,0.6594099,445654.37936639244,5696584.571001587,474.7590637207031,-108.56622944065234,1.136060150138389,2.4732159899109365,795,frame_000795.png
936,1242,936,158,0.16880341880341881,103,0.6518987341772152,158,48,0.3037974683544304,445654.674162795,5696583.591754995,474.48320969810544,0.2946023366530426,-0.9824852691963315,-0.28009596595705943,-110.28862190377998,3.605489968812467,1.5677392624262863,-1.5267950906853116,2.3453128771851652,-1.224454807373263,1.8747611,0.7117015,48,0.3037974683544304,445654.6741627942,5696583.5917549925,474.48320969795174,0.29460233583813533,-0.9824852719902992,-0.28009596611076404,-110.28862190587841,3.605489986228003,1.5677392640896515,-1.5267950927837433,2.34531289460071,-1.2244548057098825,1.8747611,0.7117015,445654.37956045836,5696584.5742402645,474.7633056640625,-108.76182681309466,1.2601770916273027,2.7921940697995438,796,frame_000796.png
949,1249,949,162,0.17070600632244468,87,0.5370370370370371,162,47,0.29012345679012347,445654.48433933355,5696583.989798657,474.6000842984886,0.10765291698044166,-0.5911216652020812,-0.16251946127704286,-110.08283509691833,1.4219240981267638,0.9941756543802701,-1.3117692509446215,0.5456525712733651,-0.6101331749878511,1.7704741,0.6644166,47,0.29012345679012347,445654.4843393333,5696583.989798655,474.6000842980686,0.10765291674761102,-0.5911216670647264,-0.16251946169700204,-110.08283509832502,1.4219241111782792,0.994175658220204,-1.3117692523513256,0.5456525843248983,-0.6101331711479077,1.7704741,0.6644166,445654.37668641657,5696584.580920322,474.7626037597656,-108.7710658459737,0.8762715268533922,1.6043088293681202,797,frame_000797.png
951,1283,951,178,0.1871713985278654,107,0.601123595505618,178,52,0.29213483146067415,445654.6104821958,5696584.0063586915,474.5418587634724,0.24074787640711293,-0.5822151666507125,-0.228404908402581,-110.2305473421371,1.2261406201196974,1.3959784590563484,-1.2958068841995214,0.29106280125225226,-0.4953537703786708,1.7771541,0.7389631,52,0.29213483146067415,445654.61048219685,5696584.006358691,474.5418587630724,0.24074787745485082,-0.5822151675820351,-0.22840490880258812,-110.23054734239827,1.2261406233610175,1.3959784668515018,-1.29580688446066,0.2910628044935777,-0.4953537625835054,1.7771541,0.7389631,445654.3697343194,5696584.588573858,474.770263671875,-108.9347404579376,0.9350778188674411,1.8913322294350192,798,frame_000798.png
927,1261,927,186,0.20064724919093851,106,0.5698924731182796,186,49,0.26344086021505375,445654.54322243546,5696584.025243849,474.54351741053006,0.17740633967332542,-0.5764116263017058,-0.21954411290744247,-110.00158462242551,1.9240048208917413,1.0839760916914511,-1.3203975996298993,0.3778650124974092,-0.8475996885917425,1.690806,0.78750724,49,0.26344086021505375,445654.54322243546,5696584.025243849,474.54351741052693,0.17740633967332542,-0.5764116263017058,-0.21954411291056886,-110.00158462241015,1.9240048207690654,1.0839760917980727,-1.3203975996145232,0.3778650123747127,-0.8475996884851327,1.690806,0.78750724,445654.3658160958,5696584.601655475,474.7630615234375,-108.68118702279561,1.546139808394346,1.9315757802831997,799,frame_000799.png
943,1210,943,162,0.17179215270413573,98,0.6049382716049383,162,51,0.3148148148148148,445654.59112986503,5696583.970909531,474.52485260135825,0.2310145292431116,-0.6369078131392598,-0.2385140978605591,-109.97214489202109,1.9521960409862955,1.8376537089843634,-1.3659125020527938,0.5613837224015583,0.23617018859843597,1.7864305,0.65023816,51,0.3148148148148148,445654.5911298647,5696583.970909531,474.5248526015008,0.23101452889386564,-0.6369078131392598,-0.2385140977179958,-109.97214489186406,1.9521960392216688,1.8376537061200402,-1.3659125018957639,0.5613837206369112,0.23617018573412452,1.7864305,0.65023816,445654.3601153358,5696584.607817344,474.7633666992188,-108.6062323899683,1.3908123185847494,1.6014835203859237,800,frame_000800.png
945,1238,945,181,0.19153439153439153,117,0.6464088397790055,181,51,0.281767955801105,445654.4853573964,5696584.103671028,474.5832676343561,0.13353824365185574,-0.5125121269375086,-0.18794208244077026,-110.04169312320566,1.526143258682558,0.7076223019483899,-1.3527207926047708,0.2172325620320521,-1.260900351266855,1.771559,0.7591976,51,0.281767955801105,445654.48535739613,5696584.103671027,474.58326763437304,0.13353824336081743,-0.5125121278688312,-0.18794208242383093,-110.04169312343154,1.5261432605440457,0.7076223009924526,-1.3527207928306382,0.21723256389353196,-1.2609003522227908,1.771559,0.7591976,445654.35181915277,5696584.616183155,474.7712097167969,-108.6889723306009,1.308910696650515,1.9685226532152411,801,frame_000801.png
941,1224,941,147,0.15621679064824653,81,0.5510204081632653,147,41,0.2789115646258503,445654.65729864244,5696584.014613064,474.50585367343234,0.30634793534409255,-0.6127663794904947,-0.2644405160207839,-110.1377009766609,1.808562489792316,2.099363960716668,-1.4847667715544333,0.26432791077800744,0.3810886273596168,1.8463273,0.69442356,41,0.2789115646258503,445654.6572986413,5696584.014613064,474.5058536736694,0.30634793417993933,-0.6127663794904947,-0.26444051578374683,-110.13770097721674,1.80856249414355,2.0993639551804653,-1.4847667721102766,0.26432791512922904,0.38108862182340886,1.8463273,0.69442356,445654.3509507071,5696584.6273794435,474.7702941894531,-108.65293420510646,1.5442345790143135,1.718275333357063,802,frame_000802.png
930,1199,930,162,0.17419354838709677,94,0.5802469135802469,162,52,0.32098765432098764,445654.62547288334,5696584.120635953,474.541218592011,0.2769461394054815,-0.509324568323791,-0.23118131033277223,-109.87232950146512,1.1585302514266285,1.8858532571579258,-1.2234750327130541,-0.13063570300687388,0.3409846247756718,1.7919266,0.716083,52,0.32098765432098764,445654.62547288206,5696584.120635953,474.54121859222516,0.276946138124913,-0.509324568323791,-0.23118131011858623,-109.87232950227181,1.1585302575592842,1.8858532519158469,-1.223475033519719,-0.13063569687420795,0.34098461953360015,1.7919266,0.716083,445654.34852674394,5696584.629960521,474.77239990234375,-108.64885446875208,1.2891659544334906,1.5448686323822411,803,frame_000803.png
919,1260,919,166,0.18063112078346028,108,0.6506024096385542,166,46,0.27710843373493976,445654.6131478665,5696584.045056994,474.54074360726213,0.2699337941012345,-0.5881686992943287,-0.23144267203474556,-109.90158929385754,1.5921471280354076,1.9139264509349727,-1.3443201196812993,0.30688296822472694,0.2536979587110295,1.8274688,0.6589194,46,0.27710843373493976,445654.613147866,5696584.045056993,474.5407436073091,0.2699337935773656,-0.5881687002256513,-0.2314426719877929,-109.9015892943551,1.5921471311363116,1.9139264489280499,-1.3443201201788781,0.3068829713256207,0.25369795670411577,1.8274688,0.6589194,445654.3432140724,5696584.633225693,474.7721862792969,-108.55726917417623,1.2852641598106946,1.660228492223944,804,frame_000804.png
924,1193,924,172,0.18614718614718614,105,0.6104651162790697,172,62,0.36046511627906974,445654.4791937669,5696584.159355905,474.57791093557114,0.13813731144182384,-0.48101262375712395,-0.19448896677261018,-109.7119979642065,1.2665123145916761,1.1717408933999023,-1.289743317691773,-0.05903875940924763,-0.4143626714522952,1.9609113,0.7168685,62,0.36046511627906974,445654.4791937667,5696584.159355905,474.5779109355339,0.13813731126720086,-0.48101262375712395,-0.19448896680984262,-109.71199796467124,1.2665123178042599,1.1717408935166216,-1.2897433181565248,-0.05903875619665655,-0.41436267133556726,1.9609113,0.7168685,445654.34105645545,5696584.640368529,474.77239990234375,-108.42225464651472,1.3255510740009282,1.5861035648521888,805,frame_000805.png
898,1258,898,171,0.19042316258351893,97,0.5672514619883041,171,44,0.2573099415204678,445654.4009346906,5696583.862317347,474.5395257737097,0.07799570210045204,-0.7849788488820195,-0.23836729269658008,-109.91662306685267,3.145165640262499,2.305105873866518,-1.6181398697468126,1.6810752697861915,1.6335751410671548,2.0351264,0.64483714,44,0.2573099415204678,445654.40093468904,5696583.862317346,474.5395257739992,0.07799570052884519,-0.7849788498133421,-0.2383672924071334,-109.91662306784795,3.1451656472764835,2.3051058672079474,-1.618139870742084,1.6810752768001862,1.633575134408602,2.0351264,0.64483714,445654.3229389885,5696584.647296196,474.7778930664063,-108.29848319710587,1.464090370476299,0.6715307327993537,806,frame_000806.png
902,1278,902,167,0.18514412416851442,96,0.5748502994011976,167,45,0.2694610778443114,445654.57026047586,5696584.082567432,474.5491972479269,0.24957924836780876,-0.5702955005690455,-0.23254103332311615,-109.73640693149946,1.325593907392843,2.4532685166069914,-1.3933713687500813,0.19609872920793237,1.467879809349256,1.6579856,0.7773683,45,0.2694610778443114,445654.5702604758,5696584.082567432,474.5491972479339,0.2495792483096011,-0.5702955005690455,-0.2325410333161244,-109.73640693149679,1.325593907361441,2.453268516425227,-1.3933713687474096,0.19609872917652638,1.4678798091674992,1.6579856,0.7773683,445654.3206812275,5696584.6528629325,474.78173828125,-108.34303556274939,1.129495178184921,0.9853887072577224,807,frame_000807.png
949,1235,949,166,0.1749209694415174,105,0.6325301204819277,166,59,0.35542168674698793,445654.47586559027,5696584.102665872,474.573447792458,0.15716524550225586,-0.5586322778835893,-0.19974556691698808,-109.53406311886202,1.9467804842688285,2.0682914043578937,-1.3021011421143385,0.39788562776104186,1.10856333948567,1.7325164,0.7216836,59,0.35542168674698793,445654.4758655849,5696584.102665875,474.57344779400364,0.15716524014715105,-0.5586322750896215,-0.19974556537135868,-109.53406311830636,1.946780482266071,2.068291371496681,-1.302101141558694,0.3978856257582777,1.1085633066244611,1.7325164,0.7216836,445654.31870034477,5696584.66129815,474.773193359375,-108.23196197674767,1.5488948565077811,0.9597280648722161,808,frame_000808.png
983,1221,983,143,0.14547304170905392,92,0.6433566433566433,143,51,0.35664335664335667,445654.4509507863,5696583.98423712,474.54541240371645,0.14829811622621492,-0.6830733017995954,-0.24450458847104528,-109.47376957113354,-1.1686920237401224,2.2808552168033844,-1.2681872806979015,1.0945183913503627,1.4727583131540314,1.8739947,0.7500093,51,0.35664335664335667,445654.4509507862,5696583.984237118,474.5454124034115,0.1482981161097996,-0.6830733036622405,-0.24450458877601022,-109.47376957184326,-1.1686920140490913,2.2808552195434943,-1.26818728140762,1.0945184010413982,1.47275831589414,1.8739947,0.7500093,445654.30265267007,5696584.667310421,474.7899169921875,-108.20558229043564,-2.2632104150904895,0.8080969036493593,809,frame_000809.png
1097,1270,1097,141,0.12853236098450319,79,0.5602836879432624,141,42,0.2978723404255319,445654.3763747114,5696584.051834788,474.59673632934124,0.0752173827495426,-0.6233049174770713,-0.16336498901813457,-109.72424900031214,-5.982137098028889,1.3327820478643766,-1.419344318093465,0.8495300635562444,0.15744336665696324,1.7217515,0.87497413,42,0.2978723404255319,445654.3763747127,5696584.051834788,474.5967363290971,0.07521738403011113,-0.6233049174770713,-0.16336498926227705,-109.7242489991213,-5.982137100373759,1.3327820546232736,-1.4193443169026239,0.8495300612113965,0.1574433734158447,1.7217515,0.87497413,445654.30115732865,5696584.675139706,474.7601013183594,-108.30490468221868,-6.831667161585147,1.1753386812074154,810,frame_000810.png
1081,1249,1081,161,0.14893617021276595,91,0.5652173913043478,161,51,0.3167701863354037,445654.3691682307,5696584.126711161,474.6151398424726,0.06019587488844991,-0.5828056111931801,-0.12536919073050967,-109.60417120623788,-4.582262147151683,1.2656318481398645,-1.4112822244918846,0.4292459483929747,0.2560486603702543,1.7593976,0.67839706,51,0.3167701863354037,445654.369168231,5696584.12671116,474.61513984236865,0.06019587517948821,-0.5828056121245027,-0.12536919083447629,-109.60417120634763,-4.582262143278308,1.2656318512271387,-1.4112822246016208,0.4292459522663421,0.2560486634575341,1.7593976,0.67839706,445654.3089723558,5696584.709516772,474.7405090332031,-108.192888981746,-5.011508095544643,1.0095831877696078,811,frame_000811.png
890,1279,890,177,0.19887640449438201,118,0.6666666666666666,177,57,0.3220338983050847,445654.7067483305,5696584.592721921,474.52816584114055,0.2848572648363188,-0.4931542221456766,-0.20926091667195124,-109.55934637978513,-1.5978989914163424,2.549774596146643,-1.4015067677926538,-1.3515771235902037,1.5836248066055418,1.8125339,0.6567306,57,0.3220338983050847,445654.70674833073,5696584.592721921,474.5281658410679,0.28485726506914943,-0.4931542221456766,-0.20926091674459713,-109.55934637975405,-1.5978989914419786,2.549774597751777,-1.401506767761589,-1.35157712361584,1.5836248082106579,1.8125339,0.6567306,445654.42189106566,5696585.085876144,474.7374267578125,-108.15783961199247,-0.2463218678261497,0.9661497895411075,812,frame_000812.png
788,1209,788,119,0.15101522842639595,87,0.7310924369747899,119,41,0.3445378151260504,445654.6529804395,5696584.855084321,474.5710687720154,0.17287391744321212,-0.4124275464564562,-0.2117376244689808,-109.47312446363561,12.069746805135235,2.56507805252304,-1.3984512710462411,1.4249137437754769,2.229093271701828,1.6791614,0.70354867,41,0.3445378151260504,445654.6529804396,5696584.855084321,474.57106877200476,0.17287391755962744,-0.4124275464564562,-0.21173762447961053,-109.47312446368923,12.069746804797793,2.5650780530850255,-1.3984512710998729,1.4249137434380543,2.2290932722638104,1.6791614,0.70354867,445654.48010652204,5696585.267511868,474.7828063964844,-108.07467319258937,10.64483306135975,0.3359847808212208,813,frame_000813.png
785,1141,785,137,0.17452229299363056,90,0.656934306569343,137,48,0.35036496350364965,445654.665687116,5696585.200982466,474.57800908282604,0.053899812628515065,-0.4474484669044614,-0.19570307537708231,-109.82155380767085,4.620568653375041,1.1442780843284581,-1.378727232235292,0.3806751704049418,0.149102798369654,1.8675321,0.7568633,48,0.35036496350364965,445654.66568711604,5696585.200982466,474.57800908282366,0.053899812686722726,-0.4474484669044614,-0.19570307537946974,-109.82155380767468,4.620568653173921,1.1442780845740312,-1.3787272322391004,0.3806751702038298,0.149102798615246,1.8675321,0.7568633,445654.61178730335,5696585.648430933,474.7737121582031,-108.44282657543557,4.239893482970096,0.9951752859587969,814,frame_000814.png
788,1126,788,135,0.1713197969543147,79,0.5851851851851851,135,49,0.362962962962963,445654.6902658136,5696585.161936884,474.603547702556,0.08106828178279102,-0.5555427400395274,-0.17754970955337512,-109.843833070608,1.8379549076730448,2.1018279697395,-1.406046362142746,0.3164575909870564,1.753816897252591,1.8148457,0.7493668,49,0.362962962962963,445654.69026581495,5696585.161936884,474.6035477023448,0.08106828312156722,-0.5555427400395274,-0.17754970976454842,-109.84383307069429,1.8379549063535652,2.1018279770655197,-1.4060463622290342,0.31645758966757853,1.7538169045786276,1.8148457,0.7493668,445654.6091975318,5696585.717479624,474.7810974121094,-108.43778670846525,1.5214973166859793,0.34801107248690255,815,frame_000815.png
788,1137,788,153,0.19416243654822335,91,0.5947712418300654,153,49,0.3202614379084967,445654.9159651034,5696585.112541788,474.50359068360586,0.31243464536964893,-0.6186714256182313,-0.26978578123788566,-109.60290383491045,1.8202423837293178,3.784795431341491,-1.3382712582046281,0.26672974166459085,3.6794084011077928,1.6875335,0.6327779,49,0.3202614379084967,445654.91596510337,5696585.112541788,474.50359068362803,0.3124346453114413,-0.6186714256182313,-0.2697857812157167,-109.60290383486868,1.8202423835358044,3.7847954308399143,-1.3382712581628766,0.2667297414710674,3.679408400606235,1.6875335,0.6327779,445654.60353045806,5696585.731213214,474.77337646484375,-108.26463257670582,1.55351264206473,0.1053870302336843,816,frame_000816.png
766,1166,766,152,0.19843342036553524,88,0.5789473684210527,152,47,0.3092105263157895,445654.59512442,5696585.219231844,474.59520125329976,-0.0018696110346354544,-0.5281616253778338,-0.1804335123252372,-109.49272809470934,2.2560787360643064,2.2296211844299734,-1.5152488944429479,0.3217474496423165,2.363855473993169,1.7215191,0.74762064,47,0.3092105263157895,445654.59512442007,5696585.219231844,474.5952012533065,-0.0018696109764277935,-0.5281616253778338,-0.18043351231847282,-109.49272809463666,2.2560787353731615,2.229621184560704,-1.5152488943702735,0.32174744895115737,2.363855474123909,1.7215191,0.74762064,445654.59699403105,5696585.747393469,474.775634765625,-107.97747920026639,1.9343312864220008,-0.13423428956320568,817,frame_000817.png
758,1182,758,168,0.22163588390501318,105,0.625,168,54,0.32142857142857145,445654.7852406139,5696585.219751413,474.5378430358382,0.1954590298119001,-0.5390501972287893,-0.24111814580243163,-109.3320928931985,2.4353036951859632,3.2259964476894054,-1.3362404154242427,0.11907932217206962,3.298628502753701,1.8710328,0.7697837,54,0.32142857142857145,445654.78524061217,5696585.219751413,474.5378430361655,0.19545902806567028,-0.5390501972287893,-0.24111814547512722,-109.3320928931389,2.435303697734441,3.225996438304281,-1.3362404153646708,0.11907932472055904,3.2986284933685965,1.8710328,0.7697837,445654.5897815841,5696585.75880161,474.7789611816406,-107.99585247777425,2.31622437301388,-0.07263205506430821,818,frame_000818.png
761,1159,761,157,0.20630749014454666,102,0.6496815286624203,157,55,0.3503184713375796,445654.7204283442,5696585.202056757,474.5904055534091,0.13246877287747338,-0.5776794543489814,-0.1956051887784156,-109.43972611468274,2.565672964022585,2.6348227265269872,-1.4032906908195173,0.41182255297863435,2.4662219134713723,1.7462567,0.75679463,55,0.3503184713375796,445654.72042834415,5696585.202056757,474.5904055534019,0.13246877281926572,-0.5776794543489814,-0.19560518878557787,-109.43972611490197,2.5656729662808933,2.634822726898559,-1.403290691038734,0.4118225552369381,2.4662219138429577,1.7462567,0.75679463,445654.58795957133,5696585.7797362115,474.7860107421875,-108.03643542386324,2.153850411043958,0.16860081305560792,819,frame_000819.png
742,1158,742,144,0.1940700808625337,97,0.6736111111111112,144,45,0.3125,445654.506539991,5696585.196508246,474.6098699087384,-0.08537908393191174,-0.5890580601990223,-0.1745234018084716,-109.55446896407753,2.8178321791942214,1.0327712336540147,-1.565276432943051,0.8191670990399871,0.5616988440827981,1.6835171,0.81193566,45,0.3125,445654.50653998693,5696585.196508242,474.6098699090463,-0.085379088006448,-0.5890580639243126,-0.1745234015005508,-109.55446896604852,2.8178322020643307,1.0327712177714654,-1.5652764349140398,0.819167121910084,0.5616988282002353,1.6835171,0.81193566,445654.59191907494,5696585.785566306,474.7843933105469,-107.98919253113448,1.9986650801542363,0.47107238957122066,820,frame_000820.png
774,1139,774,142,0.1834625322997416,99,0.6971830985915493,142,55,0.3873239436619718,445654.6843008932,5696585.152022743,474.5917035238072,0.08600805519381538,-0.6321404045447707,-0.1926287515834133,-109.58234454744134,2.374002764952761,1.8905172142529243,-1.6192473517203325,0.737535478392715,1.1421505819199638,1.9341865,0.76771474,55,0.3873239436619718,445654.68430089514,5696585.152022742,474.59170352337145,0.08600805711466819,-0.6321404054760933,-0.19262875201917495,-109.58234454781717,2.3740027638373573,1.8905172254904887,-1.6192473520961812,0.7375354772773051,1.1421505931575382,1.9341865,0.76771474,445654.598292838,5696585.784163147,474.7843322753906,-107.96309719572099,1.6364672865600487,0.7483666323329482,821,frame_000821.png
771,1140,771,157,0.20363164721141375,86,0.5477707006369427,157,47,0.29936305732484075,445654.68930142984,5696585.442193676,474.63210874173217,0.08345056313555688,-0.33915764931589365,-0.1521014633459572,-109.47686502823443,1.1371721196597357,0.667121593531798,-1.3932350613037556,-0.7556667857753894,-0.6895525533066404,1.7995964,0.8525806,47,0.29936305732484075,445654.6893014311,5696585.442193677,474.6321087415663,0.08345056441612542,-0.3391576483845711,-0.1521014635118263,-109.47686502767483,1.1371721123609928,0.6671215985700902,-1.3932350607441322,-0.7556667930741128,-0.6895525482683524,1.7995964,0.8525806,445654.6058508667,5696585.781351325,474.7842102050781,-108.08362996693069,1.8928389054351122,1.3566741468384287,822,frame_000822.png
810,1113,810,138,0.17037037037037037,83,0.6014492753623188,138,46,0.3333333333333333,445654.6842694042,5696585.227867918,474.6037650754503,0.05465930019272491,-0.5348238935694098,-0.1752571413465489,-109.69993466722045,1.7694364399922904,1.0758733287590534,-1.562070358884796,0.28765213100567166,-0.20418940004344677,1.8433294,0.6594073,46,0.3333333333333333,445654.6842694029,5696585.227867916,474.6037650756063,0.05465929885394871,-0.534823895432055,-0.17525714119057056,-109.69993466852027,1.769436454626095,1.075873325909509,-1.5620703601846344,0.28765214563946984,-0.20418940289297893,1.8433294,0.6594073,445654.629610104,5696585.762691812,474.7790222167969,-108.13786430833565,1.4817843089866303,1.28006272880249,823,frame_000823.png
806,1126,806,131,0.16253101736972705,94,0.7175572519083969,131,47,0.35877862595419846,445654.38722087396,5696585.161661589,474.65282771386677,-0.24619923741556704,-0.5935485251247883,-0.12253239355510459,-109.63419395489719,2.7642328293397127,-0.6637983144581157,-1.555432965458749,1.0768571909162858,-1.9629757194291813,1.7783971,0.82627267,47,0.35877862595419846,445654.38722087326,5696585.161661589,474.6528277140106,-0.24619923811405897,-0.5935485251247883,-0.12253239341129074,-109.63419395491475,2.7642328305282535,-0.6637983181037538,-1.5554329654763137,1.076857192104825,-1.9629757230748055,1.7783971,0.82627267,445654.6334201114,5696585.755210114,474.7753601074219,-108.07876098943842,1.6873756384234189,1.2991774049710576,824,frame_000824.png
763,1116,763,144,0.18872870249017037,83,0.5763888888888888,144,45,0.3125,445654.70131713076,5696585.038561167,474.5770539753552,0.059628444840200245,-0.6963807921856642,-0.20401291917607978,-109.79807706354288,3.227121331129405,1.1047300991070086,-1.57068938535906,1.1844098662228646,-0.41058766367879684,1.7726753,0.6920941,45,0.3125,445654.70131713065,5696585.038561167,474.5770539753506,0.059628444723784924,-0.6963807921856642,-0.2040129191806841,-109.79807706367089,3.227121332443149,1.1047300988289575,-1.5706893854870714,1.1844098675366013,-0.4105876639568464,1.7726753,0.6920941,445654.6416886859,5696585.734941959,474.7810668945313,-108.22738767818382,2.0427114649065445,1.5153177627858165,825,frame_000825.png
781,1125,781,135,0.17285531370038412,91,0.674074074074074,135,43,0.31851851851851853,445654.84672815434,5696585.19101219,474.5369083581611,0.2055004586582072,-0.5271603344008327,-0.24803426879202561,-109.15339742825017,1.7611950427037952,2.0215221083440693,-1.1930725979446777,0.06836739292216976,0.9114749327338245,1.8629086,0.63064134,43,0.31851851851851853,445654.8467281542,5696585.19101219,474.5369083581789,0.20550045854179189,-0.5271603344008327,-0.24803426877423362,-109.15339742837875,1.7611950439970434,2.0215221081514057,-1.1930725980732575,0.06836739421541438,0.9114749325411822,1.8629086,0.63064134,445654.6412276957,5696585.718172524,474.7849426269531,-107.9603248303055,1.692827649781635,1.1100471756102352,826,frame_000826.png
778,1132,778,149,0.19151670951156813,96,0.6442953020134228,149,52,0.348993288590604,445654.90898908593,5696585.091535388,474.5420288890362,0.27706072345608845,-0.5942309219390154,-0.24572135510442195,-109.22608084683264,1.9782282768953836,1.9197579264084088,-1.249803600762931,0.2972646690296017,0.14412770647331286,1.7905049,0.6929448,52,0.348993288590604,445654.90898908646,5696585.091535387,474.542028888827,0.2770607239799574,-0.594230922870338,-0.24572135531360573,-109.22608084754053,1.9782282812046206,1.9197579311132924,-1.2498036014708305,0.29726467333884443,0.1441277111782142,1.7905049,0.6929448,445654.6319283625,5696585.6857663095,474.7877502441406,-107.97627724606971,1.680963607865785,1.7756302199350915,827,frame_000827.png
811,1162,811,149,0.18372379778051787,104,0.697986577181208,149,54,0.3624161073825503,445654.57747554325,5696585.046543395,474.61923569590766,-0.04671379103092477,-0.6323230685666203,-0.17040663807671308,-109.32756235114908,2.2997819319582646,0.9495448167977067,-1.3808693617035885,1.0922355555511558,0.03499010158367355,1.6869726,0.70717573,54,0.3624161073825503,445654.57747554296,5696585.046543395,474.61923569596695,-0.04671379132196307,-0.6323230685666203,-0.1704066380174254,-109.32756235109987,2.2997819321413897,0.9495448149506182,-1.3808693616543906,1.0922355557342769,0.034990099736575075,1.6869726,0.70717573,445654.6241893343,5696585.678866464,474.7896423339844,-107.9466929894455,1.2075463764071188,0.9145547152140358,828,frame_000828.png
780,1150,780,132,0.16923076923076924,89,0.6742424242424242,132,48,0.36363636363636365,445654.69276305067,5696584.900541421,474.602831350603,0.09301786258583888,-0.7506160698831081,-0.18794013377197416,-109.72710838766214,2.2302760460771496,1.929901037082883,-1.486745919611451,1.3561845966782187,0.9717042725553142,1.6919985,0.7088282,48,0.36363636363636365,445654.69276305015,5696584.900541421,474.6028313506755,0.09301786206196994,-0.7506160698831081,-0.1879401336994988,-109.72710838763376,2.2302760468079987,1.929901034314803,-1.486745919583086,1.356184597409083,0.9717042697872387,1.6919985,0.7088282,445654.5997451881,5696585.651157491,474.790771484375,-108.24036246805069,0.8740914493989278,0.9581967645275641,829,frame_000829.png
803,1154,803,139,0.17310087173100872,77,0.5539568345323741,139,45,0.3237410071942446,445654.54210328753,5696585.153057822,474.6817077586309,-0.0258101481013,-0.5011710375547409,-0.1319519093378858,-109.52717621274475,2.1101650432526995,1.304893872689347,-1.333514565748601,0.44228752936177784,0.7418245013050466,1.863799,0.70024896,45,0.3237410071942446,445654.5421032881,5696585.153057821,474.6817077584862,-0.025810147519223392,-0.5011710384860635,-0.13195190948260915,-109.52717621295638,2.110165043920484,1.3048938762124418,-1.333514565960229,0.4422875300295743,0.7418245048281449,1.863799,0.70024896,445654.56791343563,5696585.65422886,474.8136596679688,-108.19366164699613,1.6678775138909192,0.563069371384307,830,frame_000830.png
784,1166,784,142,0.18112244897959184,105,0.7394366197183099,142,50,0.352112676056338,445654.8151906367,5696585.188896973,474.62757234599087,0.25793052336666733,-0.4650609018281102,-0.19490690205600458,-109.58862403260922,1.4766206465508067,3.041662230840304,-1.2140850336526796,-0.3412488513479275,2.859403283114034,1.7407254,0.75603944,50,0.352112676056338,445654.81519063545,5696585.188896974,474.6275723463455,0.2579305220860988,-0.46506090089678764,-0.1949069017013585,-109.58862403217815,1.4766206449785841,3.0416622225603867,-1.214085033221636,-0.3412488529201596,2.859403274834108,1.7407254,0.75603944,445654.55726011336,5696585.6539578745,474.8224792480469,-108.37453899895652,1.8178694978987429,0.18225894772626747,831,frame_000831.png
787,1139,787,158,0.20076238881829733,96,0.6075949367088608,158,48,0.3037974683544304,445654.7663209816,5696584.997609473,474.58087044229654,0.21748728543752804,-0.6591959577053785,-0.2430126143440816,-109.62549370887548,1.8518107277029787,3.1229266279288215,-1.4121900852721296,0.6196943447844205,2.8709598538067667,1.9863504,0.689087,48,0.3037974683544304,445654.76632098143,5696584.997609472,474.58087044233645,0.21748728526290506,-0.6591959586367011,-0.24301261430417753,-109.6254937090166,1.8518107291215105,3.1229266272323977,-1.4121900854132434,0.619694346202948,2.870959853110321,1.9863504,0.689087,445654.5488336962,5696585.656805431,474.8238830566406,-108.21330362360335,1.232116382918549,0.2519667741220662,832,frame_000832.png
800,1185,800,156,0.195,92,0.5897435897435898,156,51,0.3269230769230769,445654.76771416207,5696585.028098726,474.5610202873511,0.23217721830587834,-0.6277652522549033,-0.2578884040552225,-109.34683086428858,1.9970816990374045,4.071107638912258,-1.3437821793591525,0.5593669356146336,4.648738288616499,1.7298967,0.70968693,51,0.3269230769230769,445654.76771416137,5696585.028098726,474.56102028753054,0.2321772176073864,-0.6277652522549033,-0.25788840387576784,-109.34683086404976,1.997081698341027,4.071107634583659,-1.3437821791203532,0.5593669349182449,4.6487382842879015,1.7298967,0.70968693,445654.53553694376,5696585.655863978,474.8189086914063,-108.00304868492941,1.4377147634227714,-0.5776306497042286,833,frame_000833.png
780,1122,780,133,0.17051282051282052,93,0.6992481203007519,133,42,0.3157894736842105,445654.84299315885,5696585.099294037,474.55179630022354,0.31041258480399847,-0.5695645725354552,-0.2628094126670817,-109.8590475094382,2.0340995896756446,3.034485782282888,-1.4418332780838625,0.11184245526717973,2.300907495933018,1.878081,0.67854637,42,0.3157894736842105,445654.8429931535,5696585.099294036,474.5517963011566,0.31041257944889367,-0.5695645734667778,-0.26280941173399697,-109.85904750985064,2.0340996052138265,3.0344857558109144,-1.44183327849629,0.1118424708053567,2.3009074694610376,1.8780795,0.67854625,445654.53258057404,5696585.668858609,474.8146057128906,-108.41721423135434,1.9222571344084767,0.7335782863498695,834,frame_000834.png
762,1152,762,146,0.19160104986876642,97,0.6643835616438356,146,57,0.3904109589041096,445654.42869835516,5696585.120638369,474.67284720305094,-0.11064220673870295,-0.5619854228571057,-0.13412911530843985,-110.08399831303134,3.3482237365894845,0.3810342805561834,-1.4676954705658432,0.8478881451709128,-0.6173289415668819,1.7569754,0.72900236,57,0.3904109589041096,445654.4286983555,5696585.120638369,474.67284720299523,-0.11064220638945699,-0.5619854228571057,-0.1341291153641464,-110.08399831305081,3.348223735922299,0.381034282567745,-1.4676954705852836,0.8478881445037416,-0.617328939555307,1.7569754,0.72900236,445654.5393405619,5696585.6826237915,474.8069763183594,-108.61630284246552,2.5003355914185685,0.9983632221230548,835,frame_000835.png
740,1158,740,146,0.1972972972972973,96,0.6575342465753424,146,48,0.3287671232876712,445654.6432881926,5696585.234206967,474.6099963647058,0.10646486264886335,-0.4627005271613598,-0.2001232642004993,-109.91075423997965,2.6431573909791353,2.9224191412427274,-1.401554804568832,-0.06884255530590622,3.39469943880016,1.8303736,0.7944425,48,0.3287671232876712,445654.64328819286,5696585.234206967,474.60999636463714,0.10646486293990165,-0.4627005271613598,-0.20012326426916616,-109.91075424001937,2.643157390517345,2.9224191428742374,-1.401554804608537,-0.06884255576770215,3.3946994404316513,1.8303736,0.7944425,445654.5368233299,5696585.696907494,474.8101196289063,-108.50919943541084,2.711999946285045,-0.47228029755741935,836,frame_000836.png
807,1133,807,148,0.18339529120198264,103,0.6959459459459459,148,54,0.36486486486486486,445654.7540094542,5696585.055352789,474.56038293385336,0.22653402731521055,-0.6617886489257216,-0.25519934153726354,-109.94215424347092,4.141659477791878,4.497350681773345,-1.5673498515095332,0.7955799721084986,5.453510808970918,1.7917689,0.78902245,54,0.36486486486486486,445654.75400945434,5696585.055352789,474.5603829338342,0.22653402743162587,-0.6617886489257216,-0.25519934155641977,-109.94215424359753,4.1416594786252015,4.497350682498976,-1.567349851636152,0.7955799729418231,5.453510809696553,1.7917689,0.78902245,445654.5274754269,5696585.717141438,474.8155822753906,-108.37480439196139,3.3460795056833805,-0.9561601271975713,837,frame_000837.png
749,1149,749,135,0.1802403204272363,87,0.6444444444444445,135,50,0.37037037037037035,445654.57807517325,5696585.346569091,474.64633120165877,0.06656819704221562,-0.4045394202694297,-0.1681524409193571,-109.78105443080294,3.3500724719199595,2.5654550951195803,-1.3287656610015972,-0.38515446384244,2.9385673733073077,1.621938,0.76197284,50,0.37037037037037035,445654.5780751736,5696585.34656909,474.64633120152115,0.06656819739146158,-0.40453942120075226,-0.16815244105697502,-109.78105443109196,3.350072475543237,2.5654550983409687,-1.3287656612906176,-0.3851544602191552,2.938567376528681,1.621938,0.76197284,445654.5115069762,5696585.751108511,474.8144836425781,-108.45228876980134,3.7352269357623875,-0.37311227818771797,838,frame_000838.png
779,1132,779,152,0.1951219512195122,97,0.6381578947368421,152,59,0.3881578947368421,445654.4849655769,5696585.122011888,474.5948302109072,-0.013544305285904557,-0.6420371439307928,-0.21373302151465623,-109.83584941724732,4.224876659065312,3.894951177655449,-1.6712499987855267,1.191322742907289,5.613191402242535,1.8413374,0.7530188,59,0.3881578947368421,445654.4849655771,5696585.122011888,474.5948302108387,-0.013544305111281574,-0.6420371439307928,-0.21373302158315255,-109.83584941750136,4.224876660529226,3.894951179265312,-1.6712499990395884,1.191322744371206,5.613191403852397,1.8413374,0.7530188,445654.4985098822,5696585.764049032,474.8085632324219,-108.16459941846178,3.0335539161580165,-1.7182402245870816,839,frame_000839.png
796,1135,796,144,0.18090452261306533,97,0.6736111111111112,144,57,0.3958333333333333,445654.74235001556,5696585.206332984,474.5497035293425,0.2679582663695328,-0.5729192346334457,-0.2613316269075199,-108.72791613165481,4.227491965137917,3.035115097355637,-1.3967851032536487,0.6458264005965475,3.014700235581955,1.730666,0.6928787,57,0.3958333333333333,445654.7423500142,5696585.206332984,474.54970352958117,0.2679582650307566,-0.5729192346334457,-0.26133162666883436,-108.72791613190188,4.22749196788075,3.035115090303142,-1.3967851035007186,0.6458264033393846,3.014700228529449,1.730666,0.6928787,445654.4743917492,5696585.779252219,474.81103515625,-107.33113102840116,3.581665564541366,0.020414861773694584,840,frame_000840.png
741,1157,741,145,0.19568151147098514,93,0.6413793103448275,145,47,0.32413793103448274,445654.6926229896,5696585.317358594,474.6168436942757,0.15939981857081875,-0.4834360806271434,-0.19638872759929882,-108.61221861141243,4.3609959047771945,1.3776864368917883,-1.5775929969596518,-0.123006351760381,0.17667048727946622,1.8978766,0.7022587,47,0.32413793103448274,445654.692622989,5696585.317358594,474.6168436943947,0.15939981798874214,-0.4834360806271434,-0.19638872748032554,-108.61221861131581,4.36099590576867,1.3776864339199397,-1.577592996863018,-0.12300635076888966,0.176670484307607,1.8978766,0.7022587,445654.533223171,5696585.800794675,474.813232421875,-107.03462561445278,4.484002256537563,1.2010159496123258,841,frame_000841.png
783,1170,783,138,0.17624521072796934,91,0.6594202898550725,138,48,0.34782608695652173,445654.66591520404,5696585.260741746,474.61105632146746,0.11779332283185795,-0.5464122351258993,-0.20599079767316653,-108.99767877091686,5.7882906395472995,1.7374267960117533,-1.4624805877203073,0.5131306369985396,0.9771272578313415,1.8236288,0.71004546,48,0.34782608695652173,445654.6659152034,5696585.260741746,474.61105632160326,0.11779332219157368,-0.5464122351258993,-0.2059907975373676,-108.99767877056635,5.788290638599033,1.7374267920533704,-1.4624805873697824,0.5131306360502776,0.9771272538729647,1.8236288,0.71004546,445654.5481218812,5696585.807153981,474.8170471191406,-107.53519818319656,5.27516000254877,0.7602995381804047,842,frame_000842.png
804,1149,804,140,0.17412935323383086,91,0.65,140,50,0.35714285714285715,445654.594885807,5696585.278925047,474.6116494003697,0.008774854184594005,-0.5414533298462629,-0.21086036525531426,-109.63972978041838,4.455550414166564,1.5465442052224854,-1.3876075141708668,0.42726099829661734,1.073659340991668,1.9091984,0.68105245,50,0.35714285714285715,445654.594885807,5696585.278925047,474.6116494003702,0.008774854184594005,-0.5414533298462629,-0.21086036525480267,-109.63972978041929,4.45555041421386,1.546544205181582,-1.3876075141717763,0.42726099834391107,1.073659340950769,1.9091984,0.68105245,445654.58611095283,5696585.820378377,474.822509765625,-108.25212226624751,4.028289415869947,0.4728848642308045,843,frame_000843.png
794,1142,794,132,0.16624685138539042,81,0.6136363636363636,132,47,0.3560606060606061,445654.627988946,5696585.331576765,474.6028248382281,0.03842156665632501,-0.5019716303795576,-0.22191271060000872,-109.95228667515212,4.76142574034816,1.4556767928312266,-1.482202992048684,0.3563552819034612,0.7589064828198389,1.908051,0.80819875,47,0.3560606060606061,445654.6279889488,5696585.331576764,474.60282483794,0.038421569450292736,-0.5019716313108802,-0.221912710888148,-109.95228667595111,4.761425738011767,1.455676808728223,-1.4822029928476752,0.3563552795670546,0.7589064987168399,1.908051,0.80819875,445654.5895673793,5696585.833548395,474.8247375488281,-108.47008368310344,4.405070458444707,0.6967703100113806,844,frame_000844.png
777,1168,777,130,0.16731016731016732,93,0.7153846153846154,130,45,0.34615384615384615,445654.57721634756,5696585.193682857,474.6115390094496,0.01657731895102188,-0.6422122465446591,-0.2048672405504135,-109.76415267996805,4.766868798600491,2.209041630380834,-1.5688752709075402,0.9896227168063376,2.1286966160702434,1.5748006,0.83334774,45,0.34615384615384615,445654.57721634617,5696585.193682855,474.6115390095456,0.016577317554038018,-0.6422122484073043,-0.20486724045440496,-109.76415268064544,4.766868809905394,2.2090416260762518,-1.5688752715849432,0.9896227281112431,2.128696611765662,1.5748006,0.83334774,445654.5606390286,5696585.835895103,474.81640625,-108.1952774090605,3.7772460817941638,0.0803450143106039,845,frame_000845.png
787,1128,787,148,0.1880559085133418,92,0.6216216216216216,148,55,0.3716216216216216,445654.6694517614,5696585.13107679,474.60464163107235,0.11449691228335723,-0.6924291104078293,-0.20938424783395249,-109.57215035350764,4.639809495550318,2.4004260405211655,-1.5762887970901716,1.087684676769129,1.9514861001649422,1.6422135,0.8301666,55,0.3716216216216216,445654.66945176106,5696585.131076789,474.6046416311186,0.11449691193411127,-0.6924291113391519,-0.20938424778768194,-109.5721503536575,4.639809498151252,2.400426039348647,-1.5762887972400108,1.0876846793700565,1.9514860989924045,1.6422135,0.8301666,445654.5549548491,5696585.823505901,474.8140258789063,-107.99586155641748,3.5521248187811856,0.44893994035623125,846,frame_000846.png
740,1137,740,133,0.17972972972972973,93,0.6992481203007519,133,47,0.3533834586466165,445654.54781210556,5696585.255211521,474.62084443114003,-0.007935738191008568,-0.5542851109057665,-0.18970244385997148,-109.20302744804994,3.321831963061945,1.0364292734057434,-1.333219393239915,0.4956891823475189,0.18502271724136676,1.8835632,0.6362681,47,0.3533834586466165,445654.5478121052,5696585.255211521,474.6208444311897,-0.007935738540254533,-0.5542851109057665,-0.18970244381029033,-109.20302744808966,3.3218319642978655,1.0364292717482384,-1.3332193932796486,0.49568918358343694,0.1850227155838695,1.8835632,0.6362681,445654.55574784375,5696585.809496632,474.810546875,-107.86980805481002,2.82614278071443,0.8514065561643654,847,frame_000847.png
787,1154,787,154,0.19567979669631513,96,0.6233766233766234,154,47,0.3051948051948052,445654.56058929797,5696585.224486711,474.603020544559,0.0008015166968107224,-0.5689301528036594,-0.20600045153474866,-109.50053222752591,4.066702031301338,0.9202541647731611,-1.490946563890276,0.41843861832782636,-0.1514003842223417,1.914927,0.6850675,47,0.3051948051948052,445654.5605892993,5696585.22448671,474.6030205440695,0.0008015180355869234,-0.5689301546663046,-0.20600045202422734,-109.50053222855732,4.066702039589134,0.920254175500295,-1.4909465649216713,0.41843862661562525,-0.15140037349522117,1.914927,0.6850675,445654.55978778127,5696585.793416864,474.80902099609375,-108.00958566363563,3.6482634129735185,1.0716545489955078,848,frame_000848.png
765,1133,765,120,0.1568627450980392,76,0.6333333333333333,120,46,0.38333333333333336,445654.86772061273,5696585.157072491,474.57906587292536,0.2882034385111183,-0.6162942331284285,-0.24353544543401995,-109.35042755098479,4.852034968196271,2.047927875367534,-1.4195501561649735,0.48923182240773144,0.5802385873379592,1.7486954,0.72829884,46,0.38333333333333336,445654.8677206085,5696585.157072492,474.57906587427016,0.28820343426195905,-0.6162942321971059,-0.24353544408921834,-109.35042754983613,4.8520349691047375,2.047927850010826,-1.41955015501631,0.48923182331620296,0.5802385619812469,1.7486954,0.72829884,445654.5795171742,5696585.773366724,474.8226013183594,-107.93087739481982,4.362803145788528,1.4676892880295702,849,frame_000849.png
768,1119,768,137,0.17838541666666666,91,0.6642335766423357,137,57,0.41605839416058393,445654.52552575653,5696585.189361957,474.64116262960357,-0.062262511579319835,-0.5726452162489295,-0.18079781961523622,-109.54153997797322,4.304455110910667,0.9485392702478391,-1.5388660861867436,0.5929915998746367,0.12976164009373292,1.8445158,0.6929154,57,0.41605839416058393,445654.5255257571,5696585.189361957,474.6411626295712,-0.062262510997243226,-0.5726452162489295,-0.18079781964758013,-109.54153997780209,4.304455107201192,0.9485392723491105,-1.5388660860156165,0.5929915961651773,0.12976164219497832,1.8445158,0.6929154,445654.5877882681,5696585.762007173,474.8219604492188,-108.00267389178647,3.711463511036017,0.81877763015412,850,frame_000850.png
792,1158,792,136,0.1717171717171717,91,0.6691176470588235,136,49,0.3602941176470588,445654.5651674801,5696585.0650860295,474.5952110133621,-0.020857187395449728,-0.689743610098958,-0.23361589093480006,-109.54363592566726,5.749765342414023,0.6772110040180085,-1.4733287970080369,1.3173040868360602,-0.7006443905410435,2.0066562,0.6393783,49,0.3602941176470588,445654.56516747957,5696585.065086029,474.5952110133558,-0.020857187919318676,-0.6897436110302806,-0.23361589094105284,-109.54363592603261,5.749765348368872,0.6772110028047675,-1.4733287973733695,1.3173040927909199,-0.7006443917542811,2.0066562,0.6393783,445654.5860246675,5696585.75482964,474.8288269042969,-108.07030712865924,4.4324612555779614,1.3778553945590453,851,frame_000851.png
758,1166,758,135,0.17810026385224276,82,0.6074074074074074,135,48,0.35555555555555557,445654.75696248177,5696585.153189868,474.6131647958311,0.17736602388322353,-0.589638919569552,-0.21624194245021044,-109.73052569976484,4.574125743212497,1.9087912485737104,-1.6541624933056482,0.4015886257426473,0.8264483817405903,2.026117,0.6822982,48,0.35555555555555557,445654.7569624861,5696585.153189885,474.61316479720494,0.17736602819059044,-0.589638901874423,-0.21624194107636185,-109.73052568963271,4.574125641066035,1.9087912376421303,-1.6541624831735078,0.4015885235961889,0.826448370809004,2.026117,0.6822982,445654.5795964579,5696585.742828787,474.8294067382813,-108.0763632064592,4.172537117469839,1.0823428668331272,852,frame_000852.png
782,1135,782,136,0.17391304347826086,89,0.6544117647058824,136,47,0.34558823529411764,445654.56429776223,5696585.067632085,474.62956704704686,-0.009212939767166972,-0.6667116051539779,-0.20081625373444467,-110.04269275764254,4.555612059081169,1.2470446735010032,-1.7619209469909833,1.2253789261297925,0.3710887543214483,1.7666025,0.712821,47,0.34558823529411764,445654.5642977622,5696585.067632084,474.62956704688713,-0.009212939825374633,-0.6667116060853004,-0.20081625389417468,-110.04269275820025,4.555612063990243,1.247044674975567,-1.7619209475486741,1.225378931038847,0.3710887557960234,1.7666025,0.712821,445654.573510702,5696585.73434369,474.8303833007813,-108.28077181065157,3.330233132951383,0.8759559191795561,853,frame_000853.png
784,1115,784,129,0.16454081632653061,83,0.6434108527131783,129,47,0.3643410852713178,445654.6225189432,5696585.132194708,474.6124675830497,0.055289973388426006,-0.587718871422112,-0.21532172359093238,-109.81849686128461,4.207042267948673,1.9612660369068449,-1.6424426992758754,0.5450441869163001,1.552620655527221,1.7314503,0.71665376,47,0.3643410852713178,445654.62251894333,5696585.132194708,474.61246758299575,0.05528997350484133,-0.587718871422112,-0.21532172364487678,-109.81849686136178,4.207042268213659,1.961266037912201,-1.6424426993530687,0.5450441871812757,1.5526206565325538,1.7314503,0.71665376,445654.5672289698,5696585.7199135795,474.8277893066406,-108.17605416200873,3.661998081032383,0.4086453813796374,854,frame_000854.png
828,1149,828,149,0.17995169082125603,93,0.6241610738255033,149,51,0.3422818791946309,445654.54408212856,5696585.037287354,474.6116857647796,-0.014780280413106084,-0.6366724483668804,-0.18393801451725267,-110.1102053543557,3.165132949920505,-0.16672636868448906,-1.574781674842626,1.0410127066920722,-2.312606177041687,1.6301458,0.7407132,51,0.3422818791946309,445654.54408212856,5696585.037287354,474.6116857647819,-0.014780280413106084,-0.6366724483668804,-0.18393801451497893,-110.11020535434072,3.165132949798381,-0.16672636873883692,-1.5747816748276477,1.0410127065699442,-2.312606177096029,1.6301458,0.7407132,445654.558862409,5696585.673959802,474.7956237792969,-108.53542367951307,2.1241202432284307,2.145879808357196,855,frame_000855.png
795,1141,795,154,0.19371069182389938,94,0.6103896103896104,154,47,0.3051948051948052,445654.48520407337,5696585.196509944,474.65115728751,-0.03943116607842967,-0.44804311357438564,-0.16640863045881815,-109.00320274581064,3.3477190385540814,1.202995874764041,-1.2086834922258731,0.10985953461764097,0.9026351019679737,1.8557509,0.79562926,47,0.3051948051948052,445654.4852040707,5696585.196509938,474.65115728723197,-0.03943116875598207,-0.44804312009364367,-0.1664086307368393,-109.00320274914591,3.3477190763241964,1.2029958720483336,-1.2086834955611323,0.10985957238776223,0.9026350992522794,1.8557509,0.79562926,445654.52463523945,5696585.644553058,474.8175659179688,-107.79451925358478,3.237859503936447,0.30036077279606216,856,frame_000856.png
795,1148,795,134,0.16855345911949685,97,0.7238805970149254,134,49,0.3656716417910448,445654.6654047147,5696585.000690651,474.57875557956163,0.14967022044584155,-0.6380010200664401,-0.24375418606337007,-109.03885891971416,3.3491835118228304,3.135962172775937,-1.4787053230727452,0.5449643300057687,3.2095945707246756,1.6602548,0.6865547,49,0.3656716417910448,445654.6654047108,5696585.000690646,474.578755579368,0.14967021654592827,-0.6380010256543756,-0.24375418625697876,-109.03885892326088,3.3491835489487514,3.1359621627614676,-1.4787053266194619,0.5449643671316835,3.209594560710201,1.6602548,0.6865547,445654.51573449426,5696585.638691671,474.822509765625,-107.56015359664141,2.80421918181706,-0.07363239794872671,857,frame_000857.png
798,1120,798,134,0.16791979949874686,76,0.5671641791044776,134,50,0.373134328358209,445654.82348496176,5696584.941390179,474.53724357412665,0.2929909974336624,-0.6761446176096797,-0.2828247852483514,-109.24666187484257,3.7769452111114665,1.6503528412704862,-1.4359942984377199,0.7791345555117459,-0.48598415484224233,2.0818315,0.63792366,50,0.373134328358209,445654.82348496106,5696584.941390179,474.5372435740927,0.2929909967351705,-0.6761446176096797,-0.28282478528228694,-109.24666187525918,3.776945215493899,1.6503528388825637,-1.4359942988543253,0.7791345598941746,-0.4859841572301775,2.0818315,0.63792366,445654.5304939643,5696585.617534797,474.820068359375,-107.81066757640485,2.99781065559972,2.1363369961127336,858,frame_000858.png
812,1138,812,140,0.1724137931034483,92,0.6571428571428571,140,51,0.36428571428571427,445654.7204288069,5696585.078001951,474.60586403502043,0.1768561037024483,-0.5273491749539971,-0.2091689239639436,-109.57509595545713,3.021035165156767,0.24512312059720193,-1.608528656295448,0.09654814595586458,-2.412950537590831,1.9555643,0.6981607,51,0.36428571428571427,445654.7204288071,5696585.078001951,474.60586403498735,0.1768561038770713,-0.5273491749539971,-0.20916892399702647,-109.57509595547957,3.021035164784457,0.2451231215413243,-1.608528656317901,0.09654814558354019,-2.41295053664669,1.9555643,0.6981607,445654.5435727032,5696585.605351126,474.8150329589844,-107.96656729916168,2.9244870192009036,2.658073658188021,859,frame_000859.png
752,1113,752,131,0.17420212765957446,81,0.6183206106870229,131,44,0.33587786259541985,445654.7352233764,5696585.083364961,474.6227074175378,0.17314586753491312,-0.49616767186671495,-0.18454355902468933,-109.31427622893752,2.7731955600554086,1.4042747838693688,-1.4168123364344183,-0.12888494229852654,0.17106653063476074,1.544695,0.6901762,44,0.33587786259541985,445654.7352233761,5696585.083364961,474.62270741758806,0.17314586718566716,-0.49616767186671495,-0.18454355897443975,-109.31427622899308,2.773195561125134,1.4042747822864454,-1.4168123364899827,-0.12888494122881866,0.17106652905181363,1.544695,0.6901762,445654.5620775089,5696585.579532633,474.8072509765625,-107.8974638925031,2.9020805023539453,1.2332082532346185,860,frame_000860.png
809,1146,809,138,0.17058096415327564,92,0.6666666666666666,138,50,0.36231884057971014,445654.6206488052,5696585.065720102,474.6180314881171,0.06400799826951697,-0.4941561333835125,-0.19465161735172387,-109.27482047094453,2.7229327003182453,0.3319718061199716,-1.37512839922951,0.13793801379503634,-1.4506022149684554,1.8859252,0.7448888,50,0.36231884057971014,445654.62064880575,5696585.065720102,474.6180314880198,0.06400799879338592,-0.4941561333835125,-0.19465161744898296,-109.27482047098621,2.7229326993157104,0.3319718089195397,-1.3751283992712047,0.13793801279248896,-1.4506022121688886,1.8859252,0.7448888,445654.55664080696,5696585.559876235,474.8126831054688,-107.89969207171502,2.58499468652321,1.7825740210884393,861,frame_000861.png
754,1105,754,141,0.1870026525198939,96,0.6808510638297872,141,53,0.375886524822695,445654.4982642418,5696584.911689914,474.63329065645553,-0.045212710974738,-0.6482543358579278,-0.18485509549759627,-110.06951341255785,4.131502452259357,1.665021644874545,-1.5150962097211504,1.0945580625542561,1.6214218136773866,1.956296,0.6811677,53,0.375886524822695,445654.49826424185,5696584.911689914,474.6332906564274,-0.04521271091653034,-0.6482543358579278,-0.18485509552573376,-110.0695134126448,4.131502452925272,1.6650216454216655,-1.5150962098081209,1.0945580632201768,1.6214218142245045,1.956296,0.6811677,445654.54347695276,5696585.55994425,474.8181457519531,-108.55441720283669,3.0369443897050896,0.04359983119717244,862,frame_000862.png
779,1166,779,146,0.18741976893453144,95,0.6506849315068494,146,54,0.3698630136986301,445654.6649104052,5696585.151389782,474.61261029794645,0.15607241360703483,-0.41483017336577177,-0.21533159658486056,-109.42430903499552,2.2486724272256433,4.84291091469621,-1.2664726626956622,-0.5297423183515946,6.927236576335048,1.7832822,0.707805,54,0.3698630136986301,445654.6649104051,5696585.151389782,474.6126102979525,0.15607241354882717,-0.41483017336577177,-0.21533159657883516,-109.42430903502814,2.248672427713733,4.842910914411741,-1.2664726627282903,-0.5297423178635086,6.927236576050575,1.7832822,0.707805,445654.50883799157,5696585.566219956,474.8279418945313,-108.15783637229984,2.7784147455772517,-2.084325661638833,863,frame_000863.png
779,1159,779,134,0.17201540436456997,86,0.6417910447761194,134,44,0.3283582089552239,445654.572050408,5696585.024719697,474.5991111930341,0.12272809684509411,-0.5615313714370131,-0.21674574055964513,-109.98971308272876,2.689415474992185,3.2759359849115586,-1.3858927183495666,0.4462834756930647,3.8576631781523076,1.9402279,0.64387435,44,0.3283582089552239,445654.5720504073,5696585.024719697,474.5991111931555,0.12272809614660218,-0.5615313714370131,-0.21674574043822759,-109.98971308269279,2.6894154760182594,3.2759359810189617,-1.3858927183135847,0.44628347671914526,3.8576631742596987,1.9402279,0.64387435,445654.44932231115,5696585.586251069,474.81585693359375,-108.60382036437919,2.243131999299121,-0.5817271932407506,864,frame_000864.png
804,1168,804,136,0.1691542288557214,91,0.6691176470588235,136,48,0.35294117647058826,445654.34146292455,5696585.074598182,474.65100212777094,-0.08285610197344795,-0.5217208554968238,-0.15905646597906298,-109.19425446948007,3.4500322440519366,3.4682138020220354,-1.2192898385116564,0.6605135948176155,4.712804500127987,1.7431446,0.7253075,48,0.35294117647058826,445654.3414629255,5696585.074598181,474.6510021274548,-0.08285610104212537,-0.5217208564281464,-0.15905646629522607,-109.19425447021302,3.4500322477301495,3.468213808869849,-1.2192898392445954,0.6605135984958395,4.7128045069758,1.7431446,0.7253075,445654.4243190265,5696585.5963190375,474.81005859375,-107.97496463096842,2.7895186492343096,-1.2445906981059511,865,frame_000865.png
723,1155,723,133,0.1839557399723375,88,0.6616541353383458,133,49,0.3684210526315789,445654.5251071342,5696585.096195424,474.6003835735307,0.11911359976511449,-0.5099170096218586,-0.22700900459432205,-109.55763547929082,3.207607071251828,3.9264297183516965,-1.2539855863141156,0.1240580232993409,5.229858162787849,1.9442455,0.7854307,49,0.3684210526315789,445654.52510713344,5696585.096195424,474.60038357367614,0.1191135990084149,-0.5099170096218586,-0.22700900444885974,-109.55763547933215,3.2076070729944406,3.926429714269377,-1.2539855863554408,0.12405802504193275,5.229858158705525,1.9442455,0.7854307,445654.4059935344,5696585.606112434,474.827392578125,-108.3036498929767,3.083549047952498,-1.3034284444361453,866,frame_000866.png
784,1160,784,144,0.1836734693877551,78,0.5416666666666666,144,47,0.3263888888888889,445654.45729438553,5696585.030094347,474.6170454041786,0.05254402494756505,-0.5923853171989322,-0.19951343371201347,-109.91382214308233,3.434847882632958,1.9798817196741467,-1.412181240307973,0.6943029972924819,1.7061677937402067,1.6915215,0.7189098,47,0.3263888888888889,445654.45729438565,5696585.030094347,474.61704540416787,0.05254402506398037,-0.5923853171989322,-0.19951343372275687,-109.9138221430577,3.434847882104728,1.979881720141404,-1.4121812402833598,0.694302996764236,1.7061677942074596,1.6915215,0.7189098,445654.4047503606,5696585.622479664,474.8165588378906,-108.50164090277434,2.7405448853404826,0.27371392593393723,867,frame_000867.png
779,1157,779,143,0.18356867779204109,91,0.6363636363636364,143,56,0.3916083916083916,445654.3680401709,5696585.140810435,474.632547128714,-0.032440234906971455,-0.5041397083550692,-0.19347215839536602,-110.14372675080735,3.7591262309929876,3.069923317180413,-1.5445113289320886,0.3061826376693375,4.2736666452056795,1.793589,0.75934845,56,0.3916083916083916,445654.36804017,5696585.140810435,474.6325471288638,-0.03244023583829403,-0.5041397083550692,-0.19347215824558361,-110.14372675098417,3.7591262351266694,3.0699233129620396,-1.5445113291089,0.30618264180301935,4.273666640987329,1.793589,0.75934845,445654.40048040583,5696585.644950143,474.8260192871094,-108.59921542187526,3.452943593323651,-1.2037433280252763,868,frame_000868.png
791,1202,791,148,0.18710493046776233,94,0.6351351351351351,148,55,0.3716216216216216,445654.26809910976,5696584.988547332,474.6152433393343,-0.12571579206269234,-0.6661352701485157,-0.22237262746256192,-110.3523727814479,4.399880457548041,3.2579355046522473,-1.5580283180380547,1.348262785424481,4.884120594062011,1.7603693,0.6695765,55,0.3716216216216216,445654.2680991098,5696584.988547332,474.615243339324,-0.12571579200448468,-0.6661352701485157,-0.22237262747285058,-110.35237278147586,4.39988045762556,3.2579355051095495,-1.5580283180660217,1.348262785501987,4.884120594519317,1.7603693,0.6695765,445654.3938149018,5696585.654682602,474.8376159667969,-108.79434446340983,3.0516176721235717,-1.6261850894097725,869,frame_000869.png
760,1129,760,151,0.1986842105263158,100,0.6622516556291391,151,57,0.37748344370860926,445654.2895604876,5696585.072337488,474.63203424600556,-0.09617577295284718,-0.592351408675313,-0.2057343086819401,-109.91135338424876,3.7373434543579767,3.3559663269050573,-1.5288671890550063,0.931465425178402,5.3329022023655455,1.6445283,0.74666876,57,0.37748344370860926,445654.289560484,5696585.072337489,474.6320342467405,-0.09617577656172216,-0.5923514077439904,-0.20573430794701153,-109.91135338291711,3.737343454556621,3.355966305469031,-1.5288671877233924,0.9314654253770414,5.332902180929523,1.6445283,0.74666876,445654.38573626056,5696585.664688896,474.8377685546875,-108.38248619519374,2.8058780291795857,-1.9769358754604947,870,frame_000870.png
769,1174,769,149,0.19375812743823148,90,0.6040268456375839,149,51,0.3422818791946309,445654.498861348,5696585.136924753,474.60956854944686,0.13662223797291517,-0.5406915238127112,-0.23058037633444428,-109.11515957771995,2.9232692347892453,4.534072543574738,-1.3568624557007638,0.12667228668860275,6.311631746256495,1.8991588,0.6959543,51,0.3422818791946309,445654.4988613479,5696585.136924753,474.60956854946363,0.13662223785649985,-0.5406915238127112,-0.23058037631767547,-109.11515957769275,2.923269234739593,4.534072543016992,-1.3568624556735358,0.12667228663895003,6.311631745698747,1.8991588,0.6959543,445654.36223911005,5696585.677616277,474.8401489257813,-107.7582971220192,2.7965969481006545,-1.7775592026817526,871,frame_000871.png
815,1136,815,153,0.18773006134969325,104,0.6797385620915033,153,48,0.3137254901960784,445654.41978600516,5696585.148039051,474.61157605382294,0.03517834818921983,-0.5407128874212503,-0.22765734461455622,-109.88885831276708,4.040006668253115,1.629231616888935,-1.5438680485934526,0.4689023947489659,1.1404992991789697,1.7636458,0.784034,48,0.3137254901960784,445654.4197860053,5696585.148039051,474.61157605379583,0.035178348305635154,-0.5407128874212503,-0.22765734464167053,-109.888858312837,4.040006668744084,1.6292316175305528,-1.54386804866337,0.4689023952399225,1.1404992998205898,1.7636458,0.784034,445654.384607657,5696585.688751939,474.8392333984375,-108.34499026417363,3.5711042735041607,0.48873231770996034,872,frame_000872.png
800,1174,800,147,0.18375,90,0.6122448979591837,147,49,0.3333333333333333,445654.25219105807,5696584.965592449,474.5993776381322,-0.16100357723189518,-0.731367552652955,-0.22496318218031774,-109.65289935036395,5.449873682016336,0.7955031323612554,-1.4979487342190225,1.8037179610409453,0.30660999674165623,1.9001044,0.7770423,49,0.3333333333333333,445654.2521910577,5696584.965592448,474.59937763815475,-0.16100357758114114,-0.7313675535842776,-0.2249631821577509,-109.65289935041358,5.44987368351843,0.7955031308355507,-1.4979487342686468,1.803717962543061,0.30660999521595045,1.9001044,0.7770423,445654.4131946353,5696585.696960001,474.8243408203125,-108.15495061614493,3.6461557209753823,0.4888931356195892,873,frame_000873.png
796,1154,796,147,0.18467336683417085,88,0.5986394557823129,147,52,0.35374149659863946,445654.4592625863,5696585.191421308,474.61936755793135,0.028913458460010588,-0.5145294489338994,-0.2211780963655201,-109.54868134095369,4.094276283503074,3.156561139188291,-1.3357737536082936,0.404187692343271,4.3176194008810285,1.7547017,0.68548054,52,0.35374149659863946,445654.4592625864,5696585.191421308,474.61936755793033,0.02891345851821825,-0.5145294489338994,-0.2211780963665433,-109.548681340944,4.094276283341456,3.1565611392986144,-1.3357737535986018,0.40418769218166517,4.3176194009913615,1.7547017,0.68548054,445654.43034912786,5696585.705950757,474.8405456542969,-108.2129075873454,3.690088591159793,-1.1610582616927478,874,frame_000874.png
783,1136,783,156,0.19923371647509577,90,0.5769230769230769,156,52,0.3333333333333333,445654.5127607931,5696585.062987073,474.58988478745556,0.07795644120778888,-0.6454842183738947,-0.2467240992632469,-109.78138373264814,4.09772572555297,3.4455121211340103,-1.3780388292285295,0.9030896022884178,4.29134115148446,1.7759999,0.7228368,52,0.3333333333333333,445654.5127607932,5696585.062987073,474.58988478744726,0.0779564413242042,-0.6454842183738947,-0.24672409927154604,-109.78138373263583,4.097725725260052,3.445512121685623,-1.378038829216223,0.9030896019955037,4.291341152036097,1.7759999,0.7228368,445654.4348043519,5696585.708471292,474.8366088867188,-108.40334490341961,3.194636123264543,-0.8458290303504614,875,frame_000875.png
831,1144,831,153,0.18411552346570398,105,0.6862745098039216,153,56,0.3660130718954248,445654.5949817373,5696585.129107192,474.60828923552947,0.15987379127182066,-0.5831224573776126,-0.2202019754080311,-109.57149162883667,3.9691012129759815,4.2073559679881765,-1.2043344028584784,0.49486717519408785,5.319882309481358,1.9196483,0.70658195,56,0.3660130718954248,445654.59498173755,5696585.129107192,474.6082892355018,0.1598737915046513,-0.5831224573776126,-0.22020197543571385,-109.57149162885896,3.9691012127127063,4.207355968928595,-1.2043344028807894,0.49486717493078913,5.319882310421775,1.9196483,0.70658195,445654.43510794605,5696585.71222965,474.8284912109375,-108.36715722597818,3.4742340377819043,-1.1125263414931914,876,frame_000876.png
787,1150,787,143,0.18170266836086404,105,0.7342657342657343,143,50,0.34965034965034963,445654.3015257355,5696585.1293617245,474.65386099608554,-0.13023866334697232,-0.5850133132189512,-0.1796961328207658,-109.47901944599676,4.129914809386606,3.5517182023964997,-1.4038403950052043,0.900055149344098,5.7488843307648665,1.7300051,0.73703784,50,0.34965034965034963,445654.30152573425,5696585.129361725,474.6538609963267,-0.1302386645693332,-0.5850133122876287,-0.17969613257957917,-109.47901944571761,4.129914809153277,3.5517181952670644,-1.4038403947260463,0.9000551491107558,5.748884323635451,1.7300051,0.73703784,445654.4317643988,5696585.714375038,474.8335571289063,-108.07517905099155,3.229859660042508,-2.197166128368379,877,frame_000877.png
796,1147,796,142,0.17839195979899497,91,0.6408450704225352,142,48,0.3380281690140845,445654.4730996731,5696585.237494896,474.6212636802801,0.05197229626355693,-0.47826594207435846,-0.21381932753240562,-109.04558292857011,3.0509166191995734,4.060245552732065,-1.2073077157811554,0.030385549333175277,6.022406243984847,1.7795342,0.81544316,48,0.3380281690140845,445654.47309967375,5696585.237494894,474.62126368001884,0.0519722969038412,-0.4782659439370036,-0.21381932779365798,-109.04558292930597,3.0509166264009058,4.060245559026025,-1.2073077165169934,0.030385556534497482,6.022406250278806,1.7795342,0.81544316,445654.42112737685,5696585.715760838,474.8350830078125,-107.83827521278896,3.020531069866408,-1.9621606912527796,878,frame_000878.png
784,1154,784,136,0.17346938775510204,93,0.6838235294117647,136,45,0.33088235294117646,445654.44705762115,5696585.103069704,474.6246462253704,0.013901066093239933,-0.6033341242000461,-0.2002439113484229,-109.36537721407424,3.73640672691405,2.045387592114414,-1.3080767985982789,0.7959825099369766,2.0729173629102604,1.8897476,0.78653485,45,0.33088235294117646,445654.44705762167,5696585.103069704,474.6246462253048,0.013901066617108881,-0.6033341242000461,-0.2002439114140202,-109.36537721404508,3.7364067255068716,2.04538759480851,-1.3080767985691182,0.7959825085297894,2.0729173656043542,1.8897476,0.78653485,445654.43315655505,5696585.706403828,474.8248901367188,-108.05730041547595,2.9404242169770805,-0.02752977079584644,879,frame_000879.png
803,1153,803,145,0.18057285180572852,88,0.6068965517241379,145,47,0.32413793103448274,445654.46704451245,5696585.014893336,474.5981078738528,0.020174684817902744,-0.6842572093009949,-0.21652835661598147,-109.60522466268381,4.327370491598731,2.332594077826514,-1.4056936330804035,1.1833492634167158,2.425599869654377,1.6904852,0.7662991,47,0.32413793103448274,445654.4670445096,5696585.014893334,474.598107873877,0.02017468196572736,-0.68425721116364,-0.216528356591823,-109.6052246637939,4.327370508371049,2.332594066732887,-1.4056936341904986,1.1833492801890486,2.4255998585607585,1.6904852,0.7662991,445654.44686982763,5696585.6991505455,474.8146362304688,-108.1995310296034,3.144021228182004,-0.09300579182786044,880,frame_000880.png
807,1133,807,139,0.17224287484510534,86,0.6187050359712231,139,54,0.38848920863309355,445654.53239929996,5696585.222012174,474.628105147596,0.05520805128617212,-0.4683067835867405,-0.18195344615401154,-109.38314649217871,2.870603838214724,1.9069886532690932,-1.231087248871745,-0.0157664017600041,1.7719701873558904,1.7045975,0.6482669,54,0.38848920863309355,445654.53239929985,5696585.222012173,474.6281051476067,0.0552080511697568,-0.46830678451806307,-0.18195344614332498,-109.38314649222764,2.870603838932529,1.906988652905093,-1.2310872489206872,-0.01576640104221383,1.7719701869918936,1.7045975,0.6482669,445654.4771912487,5696585.690318958,474.81005859375,-108.15205924330697,2.8863702399747364,0.13501846591321304,881,frame_000881.png
815,1128,815,149,0.18282208588957055,97,0.6510067114093959,149,52,0.348993288590604,445654.73884538264,5696585.069077192,474.57620076972484,0.250134838395752,-0.6131570916622877,-0.23043985527516497,-109.43933724447695,3.5368267005614618,3.4207253643700595,-1.5254730565254704,0.3872627831121065,3.4673905002651964,2.0568557,0.63880813,52,0.348993288590604,445654.7388453786,5696585.069077191,474.5762007703707,0.2501348343794234,-0.6131570925936103,-0.23043985462931005,-109.43933724435848,3.536826710942566,3.420725343704126,-1.5254730564070087,0.3872627934932211,3.46739047959926,2.0568557,0.63880813,445654.48871054425,5696585.682234284,474.806640625,-107.91386418795149,3.1495639174493477,-0.04666513589512944,882,frame_000882.png
776,1180,776,140,0.18041237113402062,82,0.5857142857142857,140,46,0.32857142857142857,445654.50216469646,5696585.119305283,474.61998600187485,-0.002174398978240788,-0.5594105888158083,-0.18702083406265047,-109.45652935329379,4.293031829931251,1.1577228908199246,-1.4453625978834452,0.6525212712818131,0.6110396211656735,1.8406521,0.798106,46,0.32857142857142857,445654.50216469675,5696585.119305284,474.6199860018538,-0.0021743986872024834,-0.5594105878844857,-0.18702083408368253,-109.45652935306347,4.2930318267077725,1.157722891489786,-1.4453625976531157,0.6525212680583365,0.6110396218355447,1.8406521,0.798106,445654.50433909544,5696585.678715872,474.8070068359375,-108.01116675541034,3.640510558649448,0.5466832696542406,883,frame_000883.png
842,1137,842,135,0.16033254156769597,76,0.562962962962963,135,47,0.34814814814814815,445654.59899004095,5696585.186101208,474.62371032517234,0.03518876223824918,-0.4728174125775695,-0.1764300556870353,-109.42154934117367,3.1514459510604405,0.6526545500421599,-1.348732527380264,0.013090563851932302,-0.6358583431742204,1.7268206,0.6715758,47,0.34814814814814815,445654.5989900407,5696585.186101208,474.62371032517046,0.03518876200541854,-0.4728174125775695,-0.17643005568891112,-109.42154934126376,3.151445952618964,0.6526545494479906,-1.3487325274703608,0.01309056541046516,-0.6358583437684047,1.7268206,0.6715758,445654.5638012787,5696585.658918621,474.8001403808594,-108.07281681379341,3.1383553872084966,1.2885128932163834,884,frame_000884.png
848,1107,848,144,0.16981132075471697,97,0.6736111111111112,144,48,0.3333333333333333,445654.3849538633,5696584.97769373,474.6139886556065,-0.19165625935420394,-0.6737574134021997,-0.18456481119039836,-109.595237863822,4.825739682310888,-0.4276545225351412,-1.4037150554992763,1.4451226714367351,-1.9426032406839795,1.8701735,0.81253827,48,0.3333333333333333,445654.3849538598,5696584.97769373,474.6139886562334,-0.1916562628466636,-0.6737574134021997,-0.1845648105634723,-109.59523786323453,4.825739688410585,-0.42765454132360875,-1.4037150549117996,1.4451226775364319,-1.9426032594724347,1.8701735,0.81253827,445654.57661012263,5696585.651451143,474.7985534667969,-108.19152280832273,3.3806170108741407,1.5149487181488381,885,frame_000885.png
792,1127,792,139,0.1755050505050505,85,0.6115107913669064,139,45,0.3237410071942446,445654.8362573417,5696584.940420141,474.5049152753297,0.24956892820773646,-0.710749002173543,-0.28661914849840286,-109.8984737967599,5.2494040486892235,3.284096031168343,-1.5966835662663357,1.0204604403884048,2.8024165360410507,1.8866327,0.7230002,45,0.3237410071942446,445654.8362573415,5696584.940420141,474.504915275374,0.24956892797490582,-0.710749002173543,-0.28661914845412184,-109.89847379673749,5.2494040493432195,3.284096029780401,-1.596683566243911,1.0204604410423883,2.802416534653105,1.8866327,0.7230002,445654.5866884135,5696585.651169144,474.7915344238281,-108.30179023049358,4.228943608300825,0.48167949512729613,886,frame_000886.png
830,1132,830,143,0.172289156626506,96,0.6713286713286714,143,48,0.3356643356643357,445654.4110739851,5696585.038884677,474.5727361539689,-0.16211259207921103,-0.6132529443129897,-0.220995535484235,-109.52131751273113,5.810287708268346,2.006097953157577,-1.462004023100917,1.19878556946216,2.7208098973856067,1.8960985,0.7696902,48,0.3356643356643357,445654.411073984,5696585.038884676,474.57273615392876,-0.16211259318515658,-0.6132529452443123,-0.22099553552436646,-109.52131751330926,5.8102877167018425,2.0060979494931597,-1.4620040236790146,1.1987855778956487,2.7208098937211957,1.8960985,0.7696902,445654.5731865772,5696585.652137621,474.7937316894531,-108.05931348963023,4.61150213880619,-0.7147119442280411,887,frame_000887.png
833,1128,833,115,0.13805522208883553,80,0.6956521739130435,115,38,0.33043478260869563,445654.65573288855,5696585.102198681,474.536460051267,0.0813351899269037,-0.5379874501377344,-0.22367178467050053,-109.47606110353217,3.5833586693949004,1.2176655833765508,-1.4336969431671776,0.27886065912730373,0.03810067508987913,1.7537806,0.68296677,38,0.33043478260869563,445654.6557328903,5696585.102198681,474.53646005100984,0.08133519167313352,-0.5379874501377344,-0.22367178492766016,-109.47606110355919,3.58335866580935,1.2176655925494766,-1.4336969431942066,0.27886065554173456,0.0381006842627869,1.7537806,0.68296677,445654.5743976986,5696585.640186131,474.7601318359375,-108.042364160365,3.3044980102676056,1.1795649082866853,888,frame_000888.png
848,1169,848,147,0.1733490566037736,96,0.6530612244897959,147,50,0.3401360544217687,445654.58999580937,5696585.094037905,474.5679741024331,-0.02334488625638187,-0.5128109799697995,-0.19417189366066623,-109.36156395171754,4.019446980852928,-0.6704941312677234,-1.5203292908728372,0.38033632336137657,-3.0658913737048863,1.7369437,0.82755846,50,0.3401360544217687,445654.5899958101,5696585.094037905,474.5679741022404,-0.023344885499682277,-0.5128109799697995,-0.19417189385336542,-109.3615639519061,4.019446981211086,-0.6704941266849029,-1.5203292910613868,0.38033632371951853,-3.065891369122056,1.7369437,0.82755846,445654.6133406956,5696585.606848885,474.76214599609375,-107.8412346608447,3.6391106574915555,2.3953972424371495,889,frame_000889.png
805,1144,805,136,0.168944099378882,87,0.6397058823529411,136,44,0.3235294117647059,445654.84480007784,5696585.083692483,474.55755780124866,0.2151085371733643,-0.5170019622892141,-0.20843340968883695,-109.18987326175743,3.6907149275327527,1.1368878426296427,-1.248021854252471,0.05062088553964372,-0.6457173804359968,1.9061996,0.67413515,44,0.3235294117647059,445654.84480007755,5696585.083692483,474.5575578012923,0.215108536882326,-0.5170019622892141,-0.2084334096451812,-109.18987326177059,3.6907149283840353,1.1368878413430406,-1.2480218542656303,0.05062088639090234,-0.6457173817226192,1.9061996,0.67413515,445654.6296915407,5696585.600694445,474.7659912109375,-107.94185140750496,3.640094041993122,1.7826052230656524,890,frame_000890.png
839,1114,839,128,0.15256257449344457,75,0.5859375,128,38,0.296875,445654.24613528536,5696585.185806054,474.68294082865776,-0.3956702645518817,-0.41042160149663687,-0.08729232563911182,-109.28771341066474,4.152566428119403,-2.526031473002969,-1.3373989172121696,0.5804561424098154,-4.552075971163902,1.8391759,0.66922045,38,0.296875,445654.2461352807,5696585.185806054,474.68294082952264,-0.3956702692084946,-0.41042160149663687,-0.0872923247742392,-109.28771341015923,4.152566436920952,-2.526031497613153,-1.3373989167066611,0.5804561512113366,-4.552075995774089,1.8391759,0.66922045,445654.6418055499,5696585.596227655,474.7702331542969,-107.95031449345255,3.5721102857096017,2.0260444981609225,891,frame_000891.png
839,1147,839,136,0.16209773539928488,82,0.6029411764705882,136,44,0.3235294117647059,445654.782050731,5696584.967069991,474.53466165430507,0.13242384186014533,-0.6112223640084267,-0.23026144139805638,-109.43280869315674,3.7189155110569287,0.4901871288886603,-1.3960245796581034,0.5942430487304762,-1.7603106644658908,1.7899258,0.66127324,44,0.3235294117647059,445654.7820507294,5696584.967069991,474.5346616546793,0.13242384023033082,-0.6112223640084267,-0.2302614410237993,-109.43280869303031,3.7189155139736,0.49018712013807236,-1.3960245795316837,0.5942430516471404,-1.7603106732164804,1.7899258,0.66127324,445654.64962688915,5696585.578292355,474.7649230957031,-108.03678411349864,3.124672462326448,2.2504977933545582,892,frame_000892.png
816,1108,816,150,0.18382352941176472,88,0.5866666666666667,150,45,0.3,445654.85520024964,5696584.990562438,474.5321159933843,0.1945938328281045,-0.5611080732196569,-0.22221750270944085,-109.4187312422555,2.66709234580968,0.1408800999370977,-1.4143899996622906,0.2032345074219677,-2.7245033568692065,1.8336258,0.7801999,45,0.3,445654.8552002488,5696584.990562437,474.53211599340807,0.19459383201319724,-0.5611080741509795,-0.2222175026856803,-109.41873124280673,2.6670923521864545,0.14088009728728706,-1.4143900002135297,0.20323451379874768,-2.724503359518991,1.8336258,0.7801999,445654.6606064168,5696585.551670511,474.75433349609375,-108.00434124259321,2.463857838387706,2.865383456806291,893,frame_000893.png
868,1147,868,151,0.173963133640553,87,0.5761589403973509,151,49,0.32450331125827814,445654.5995191199,5696584.921901664,474.60077152766513,-0.06341884908033535,-0.6237782193347812,-0.15661372624117575,-109.36142247597634,3.905998205612347,-0.5445886291723653,-1.4506036498027015,0.9515949199390832,-2.8456279057116376,1.9210194,0.71949065,49,0.32450331125827814,445654.59951911983,5696584.921901664,474.60077152766445,-0.06341884913854301,-0.6237782193347812,-0.15661372624185788,-109.36142247603742,3.9059982063340715,-0.5445886292718654,-1.4506036498638082,0.9515949206608241,-2.845627905811142,1.9210194,0.71949065,445654.66293796897,5696585.545679883,474.7573852539063,-107.91081882617362,2.954403285673254,2.3010392765392713,894,frame_000894.png
812,1112,812,137,0.1687192118226601,94,0.6861313868613139,137,43,0.31386861313868614,445654.7616900477,5696585.027958318,474.5988647000529,0.09676008648239076,-0.5202642483636737,-0.16502079799397507,-109.06032899995537,3.429296338493416,-0.12687432448765978,-1.2685569878156002,0.24916441789082455,-2.6236910042172212,1.9472218,0.66984546,43,0.31386861313868614,445654.7616900469,5696585.027958318,474.59886470028215,0.09676008566748351,-0.5202642483636737,-0.16502079776472556,-109.06032899974346,3.429296339543765,-0.12687432908220347,-1.268556987603688,0.24916441894114882,-2.623691008811761,1.9472218,0.66984546,445654.6649299612,5696585.548222566,474.7638854980469,-107.79177201213977,3.1801319206026024,2.4968166797295606,895,frame_000895.png
813,1120,813,130,0.15990159901599016,84,0.6461538461538462,130,43,0.33076923076923076,445654.63482623274,5696584.973738141,474.5840898439381,-0.0371325837331824,-0.5836660889908671,-0.18373242168689785,-109.27707189653538,4.372972417846253,-0.73896963267233,-1.3984051393762797,0.8299497847166322,-3.2791975100709294,1.8932121,0.7567041,43,0.33076923076923076,445654.6348262284,5696584.973738142,474.58408984488017,-0.03713258809875697,-0.5836660880595446,-0.18373242074483187,-109.27707189498288,4.37297242359041,-0.7389696569890256,-1.3984051378238007,0.8299497904608018,-3.2791975343876345,1.8932121,0.7567041,445654.67195881647,5696585.55740423,474.767822265625,-107.87866675715908,3.543022633129609,2.5402278773986047,896,frame_000896.png
802,1143,802,136,0.16957605985037408,99,0.7279411764705882,136,47,0.34558823529411764,445654.6369810854,5696585.056912013,474.6150262946196,-0.0387944191461429,-0.5114286057651043,-0.15319269952101422,-109.13754749823086,4.062607526559315,-0.5308099259159696,-1.1354171721548028,0.435560046340953,-2.6386852445666023,1.906171,0.7061282,47,0.34558823529411764,445654.63698108034,5696585.056912013,474.6150262958399,-0.0387944242102094,-0.5114286057651043,-0.1531926983006997,-109.13754749702267,4.062607534269769,-0.5308099538816397,-1.1354171709465959,0.43556005405142173,-2.6386852725322854,1.9061685,0.70612705,445654.67577550455,5696585.568340619,474.7682189941406,-108.00213032607607,3.627047480218356,2.1078753186506396,897,frame_000897.png
824,1126,824,135,0.1638349514563107,79,0.5851851851851851,135,47,0.34814814814814815,445654.820791685,5696585.079389552,474.5736821615845,0.14466071972856298,-0.49815219175070524,-0.19734444974363896,-109.49084402354407,3.8685650226596953,0.6151964938975882,-1.3830888320236738,-0.006353454417620696,-1.4746422388465419,1.6569788,0.7424141,47,0.34814814814814815,445654.82079167286,5696585.079389556,474.5736821642115,0.14466070756316185,-0.49815218709409237,-0.19734444711662036,-109.49084401879226,3.8685650236780895,0.6151964216869673,-1.3830888272718767,-0.006353453399214004,-1.4746423110571811,1.6569788,0.7424141,445654.6761309653,5696585.577541743,474.7710266113281,-108.1077551915204,3.874918477077317,2.0898387327441355,898,frame_000898.png
862,1137,862,145,0.16821345707656613,96,0.6620689655172414,145,45,0.3103448275862069,445654.8766345282,5696585.073684947,474.5885039645412,0.20025810674997047,-0.5153702665120363,-0.19250189483381064,-109.17441287240706,3.853395759668305,0.8007434597247395,-1.1599965468220148,0.017535844155474933,-1.3594841376615534,1.9363567,0.7788086,45,0.3103448275862069,445654.87663452624,5696585.073684947,474.5885039650511,0.20025810477091,-0.5153702665120363,-0.19250189432392517,-109.17441287161934,3.8533957597775936,0.8007434476765897,-1.1599965460342787,0.017535844264756406,-1.359484149709715,1.9363567,0.7788086,445654.67637642147,5696585.589055213,474.781005859375,-108.01441632558505,3.835859915512825,2.1602275973863065,899,frame_000899.png
787,1122,787,136,0.17280813214739518,91,0.6691176470588235,136,45,0.33088235294117646,445654.6721713559,5696585.15179994,474.603381746146,0.0008427285356447101,-0.44105011876672506,-0.17237508979150107,-109.16666398173231,3.105124408039296,-0.4542284032308821,-1.124376863778366,-0.034268563450524425,-2.7052149130080636,1.8262658,0.7705752,45,0.33088235294117646,445654.67217135156,5696585.151799939,474.60338174712047,0.0008427241700701416,-0.44105011969804764,-0.17237508881703434,-109.16666398107417,3.1051244182673114,-0.4542284256864956,-1.1243768631202329,-0.03426855322251754,-2.7052149354636867,1.8262658,0.7705752,445654.6713286274,5696585.592850058,474.7757568359375,-108.04228711795393,3.1393929714898237,2.2509865097771784,900,frame_000900.png
817,1128,817,140,0.17135862913096694,92,0.6571428571428571,140,51,0.36428571428571427,445654.7212713395,5696585.0771615915,474.59671493484035,0.05713697389001027,-0.5157315423712134,-0.18761734055027546,-109.43520513417366,3.4848140639431695,0.35887234434332826,-1.3639973918077999,0.29301262129138195,-1.5772063967136773,1.9173149,0.71061623,51,0.36428571428571427,445654.7212713395,5696585.0771615915,474.5967149348337,0.05713697389001027,-0.5157315423712134,-0.18761734055692614,-109.43520513419321,3.4848140640612897,0.35887234448573685,-1.363997391827354,0.29301262140950257,-1.5772063965712846,1.9173149,0.71061623,445654.6641343656,5696585.592893134,474.7843322753906,-108.07120774236586,3.191801442651784,1.9360787410570073,901,frame_000901.png
789,1136,789,144,0.18250950570342206,88,0.6111111111111112,144,39,0.2708333333333333,445654.820211554,5696584.833505617,474.5289024102962,0.16216670820722356,-0.764376774430275,-0.25054705259441334,-109.57986962492537,4.400558214694367,1.4108838359829217,-1.4669776129545085,1.234833292537303,-0.558410599244155,1.7810612,0.7591469,39,0.2708333333333333,445654.8202115538,5696584.8335056165,474.52890241023067,0.16216670797439292,-0.7643767753615975,-0.2505470526599538,-109.5798696256416,4.40055821942511,1.4108838363963991,-1.466977613670764,1.234833297268068,-0.558410598830676,1.7810612,0.7591469,445654.6580448458,5696585.597882392,474.7794494628906,-108.11289201197084,3.165724922157055,1.969294435227083,902,frame_000902.png
783,1153,783,140,0.17879948914431673,93,0.6642857142857143,140,52,0.37142857142857144,445654.8305440724,5696585.073776473,474.5728204892594,0.17247617768589407,-0.533945026807487,-0.1983587099593933,-109.54456806825134,3.592327376500151,0.11981268809233073,-1.3188621714237172,0.14031300719287287,-2.5889198047418347,1.7153653,0.7294201,52,0.37142857142857144,445654.8305440733,5696585.073776473,474.5728204890531,0.17247617861721665,-0.533945026807487,-0.19835871016573492,-109.54456806842792,3.59232737540624,0.11981269342477141,-1.3188621716003013,0.1403130060989497,-2.5889197994094104,1.7153653,0.7294201,445654.6580678947,5696585.6077215,474.7711791992188,-108.22570589682762,3.4520143693072787,2.7087324928341774,903,frame_000903.png
771,1115,771,141,0.1828793774319066,88,0.624113475177305,141,40,0.28368794326241137,445654.843118916,5696584.95431463,474.5530085833861,0.18461899441899732,-0.656193626113236,-0.21743819395766195,-109.5450569249535,4.500418220577262,0.6019917470114948,-1.328828528932604,0.7981191942413091,-1.9269230690074153,1.6591685,0.7166649,40,0.28368794326241137,445654.84311891557,5696584.95431463,474.55300858344884,0.1846189940115437,-0.656193626113236,-0.21743819389490682,-109.54505692496842,4.500418222108334,0.6019917451088329,-1.328828528947497,0.7981191957723865,-1.9269230709100782,1.6591685,0.7166649,445654.65849992156,5696585.610508256,474.77044677734375,-108.21622839602091,3.7022990263359508,2.5289148160188977,904,frame_000904.png
728,1071,728,130,0.17857142857142858,80,0.6153846153846154,130,41,0.3153846153846154,445654.72177529597,5696584.981571497,474.5798688612411,0.06409393495414406,-0.6335928421467543,-0.1860307969620294,-109.47445809599657,4.056309032146792,0.5512727554506507,-1.2950403648855229,0.910910167379285,-1.320829424285364,1.599067,0.6744923,41,0.3153846153846154,445654.72177529556,5696584.981571497,474.5798688612881,0.06409393454669043,-0.6335928421467543,-0.1860307969150199,-109.47445809606442,4.056309034209575,0.5512727538212527,-1.2950403649533655,0.9109101694420474,-1.3208294259147522,1.599067,0.6744923,445654.657681361,5696585.61516434,474.7658996582031,-108.17941773111104,3.145398864767515,1.8721021797360018,905,frame_000905.png
772,1141,772,146,0.18911917098445596,88,0.6027397260273972,146,48,0.3287671232876712,445654.8593853191,5696585.015230787,474.5112599693031,0.21259337855735794,-0.5882264720275998,-0.25457865374374933,-110.37306894888115,2.8469319246686697,-0.11899878292179979,-1.2293936417794953,0.42784270995517204,-3.4816935808762253,1.6981192,0.6606022,48,0.3287671232876712,445654.8593853191,5696585.015230787,474.51125996929665,0.21259337855735794,-0.5882264720275998,-0.2545786537502295,-110.37306894895109,2.8469319252243865,-0.11899878287588449,-1.229393641849441,0.4278427105109017,-3.481693580830296,1.6981192,0.6606022,445654.64679194055,5696585.603457259,474.7658386230469,-109.14367530710165,2.419089214713487,3.3626947979544135,906,frame_000906.png
789,1127,789,143,0.18124207858048164,89,0.6223776223776224,143,54,0.3776223776223776,445654.5725590328,5696585.151866401,474.64478429653275,-0.009267542569432408,-0.4388053687289357,-0.17522302768605869,-110.01378335030708,1.9953673793084572,4.324695433363948,-1.1222112198130958,-0.24691032361894827,6.59189157411069,1.7529464,0.7423479,54,0.3776223776223776,445654.572559033,5696585.151866402,474.6447842965092,-0.009267542394809425,-0.43880536779761314,-0.17522302770959186,-110.0137833501838,1.9953673776453256,4.324695434092119,-1.1222112196898024,-0.24691032528207302,6.591891574838883,1.7529464,0.7423479,445654.5818265754,5696585.590671769,474.8200073242188,-108.891572130494,2.2422777029273986,-2.2671961407467527,907,frame_000907.png
796,1152,796,148,0.18592964824120603,91,0.6148648648648649,148,46,0.3108108108108108,445654.7521620726,5696584.996203307,474.61306941379416,0.21877015539212152,-0.5916217723861337,-0.22393620144021043,-109.7905853951294,1.16350019380933,6.42400228821933,-1.0164759860430763,0.18982831945911016,9.290813974937294,1.8650576,0.70727694,46,0.3108108108108108,445654.7521620736,5696584.996203307,474.6130694135271,0.21877015643985942,-0.5916217723861337,-0.2239362017072608,-109.79058539488443,1.1635001906717635,6.424002293623457,-1.0164759857980812,0.18982831632152397,9.290813980341397,1.8650576,0.70727694,445654.5333919172,5696585.587825079,474.8370056152344,-108.77410940908634,0.9736718743502336,-2.866811686717949,908,frame_000908.png
810,1171,810,145,0.17901234567901234,100,0.6896551724137931,145,52,0.3586206896551724,445654.6056556674,5696585.09824978,474.62821675797665,0.1534463936695829,-0.49192403350025415,-0.2218503806952299,-109.72125004073645,0.8252576840337118,4.949164453357732,-1.039697370096519,-0.1270818415794679,7.0347217033444736,1.6865948,0.8290611,52,0.3586206896551724,445654.60565566656,5696585.09824978,474.6282167581354,0.15344639285467565,-0.49192403350025415,-0.22185038053646622,-109.72125004064118,0.8252576845463561,4.9491644487001425,-1.0396973700012495,-0.12708184106682552,7.034721698686866,1.6865948,0.8290611,445654.4522092737,5696585.5901738135,474.8500671386719,-108.68155267063992,0.952339525613188,-2.0855572499867354,909,frame_000909.png
747,1146,747,129,0.17269076305220885,84,0.6511627906976745,129,47,0.3643410852713178,445654.52958176873,5696584.861618753,474.5813690943025,0.1002289759926498,-0.7314173560589552,-0.2669585424163188,-109.63296237261731,3.1943282015309835,4.564974471759027,-1.2535012689771747,1.204631257930771,5.95491324943805,1.7674297,0.6901856,47,0.3643410852713178,445654.5295817695,5696584.861618754,474.58136909437434,0.10022897674934939,-0.73141735419631,-0.2669585423444687,-109.63296237183607,3.1943281924345124,4.564974473046897,-1.2535012681959472,1.2046312488342892,5.954913250725923,1.7674297,0.6901856,445654.42935279274,5696585.593036109,474.8483276367188,-108.37946110364012,1.989696943600211,-1.3899387776790277,910,frame_000910.png
760,1165,760,134,0.1763157894736842,82,0.6119402985074627,134,47,0.35074626865671643,445654.4869116877,5696584.998095673,474.6485025984225,0.067077532177791,-0.6061435667797923,-0.1939656632962965,-109.26794473468946,3.6953563951030635,2.80162094811481,-1.1881067349423233,0.7429017915949885,3.145833499937197,1.9951319,0.7560135,47,0.35074626865671643,445654.4869116885,5696584.998095672,474.64850259814733,0.06707753299269825,-0.6061435677111149,-0.1939656635714755,-109.26794473524859,3.6953563996054326,2.801620954741967,-1.1881067355014352,0.7429017960973567,3.145833506564344,1.9951319,0.7560135,445654.41983415553,5696585.604239239,474.8424682617188,-108.07983799974716,2.9524546035080848,-0.34421255182238925,911,frame_000911.png
736,1144,736,123,0.1671195652173913,76,0.6178861788617886,123,43,0.34959349593495936,445654.4502233338,5696584.981546038,474.6373643695053,0.03444999305065721,-0.6362057998776436,-0.20269300354158304,-109.27586567186111,3.7758134278403213,3.059787041015043,-1.2932491541334912,0.9008724094243803,3.7481117056935886,1.6162047,0.6814239,43,0.34959349593495936,445654.4502233334,5696584.981546039,474.6373643696728,0.034449992643203586,-0.636205798946321,-0.20269300337406548,-109.2758656714381,3.775813425072651,3.0597870374014424,-1.2932491537104625,0.9008724066567027,3.7481117020799957,1.6162047,0.6814239,445654.41577334073,5696585.617751838,474.8400573730469,-107.98261651772764,2.8749410184159525,-0.688324664678555,912,frame_000912.png
727,1178,727,142,0.1953232462173315,91,0.6408450704225352,142,53,0.3732394366197183,445654.305671969,5696585.064733798,474.66263930065315,-0.10886226478032768,-0.5804586028680205,-0.18431504504997065,-109.55795809606911,4.565921099234925,2.1944206700346016,-1.220325024013789,0.9944492136995677,3.01251531831727,1.7945405,0.62489223,53,0.3732394366197183,445654.3056719673,5696585.064733798,474.66263930093714,-0.1088622665265575,-0.5804586028680205,-0.18431504476598093,-109.55795809580823,4.5659211022723944,2.1944206605837993,-1.2203250237529062,0.9944492167370242,3.012515308866483,1.7945405,0.62489223,445654.4145342338,5696585.645192401,474.8469543457031,-108.33763307205533,3.5714718855353613,-0.8180946482826777,913,frame_000913.png
737,1182,737,136,0.18453188602442333,83,0.6102941176470589,136,52,0.38235294117647056,445654.59482522565,5696585.103950893,474.6284694522623,0.1857025781646371,-0.5548847718164325,-0.22208596765955235,-109.43999455835639,3.778823664113864,4.2793334300670445,-1.2913944249574456,0.2614392031164243,5.486122961949718,1.8663737,0.77641284,52,0.38235294117647056,445654.59482522466,5696585.103950893,474.6284694525048,0.18570257717510685,-0.5548847718164325,-0.22208596741705833,-109.43999455820388,3.7788236649168905,4.279333424516025,-1.2913944248049347,0.2614392039194513,5.486122956398702,1.8663737,0.77641284,445654.4091226475,5696585.658835664,474.8505554199219,-108.14860013339896,3.51738446099744,-1.2067895318826771,914,frame_000914.png
751,1152,751,133,0.17709720372836218,88,0.6616541353383458,133,46,0.3458646616541353,445654.2792591936,5696585.241387526,474.6979491628938,-0.1254766681813635,-0.4324924135580659,-0.14406133515308284,-109.33182278894407,2.417667478069148,2.5447083357460607,-1.3275713079254388,0.0736573341336566,3.9406838388988206,1.6219664,0.7150184,46,0.3458646616541353,445654.2792591903,5696585.2413875265,474.6979491636578,-0.1254766714409925,-0.4324924126267433,-0.14406133438905044,-109.331822788278,2.4176674790390367,2.5447083165894404,-1.3275713072594044,0.07365733510354744,3.9406838197421905,1.6219664,0.7150184,445654.40473586175,5696585.673879939,474.8420104980469,-108.00425148101861,2.344010143935479,-1.395975503152746,915,frame_000915.png
738,1176,738,128,0.17344173441734417,89,0.6953125,128,49,0.3828125,445654.55186995264,5696585.126096756,474.60670648379573,0.14641232584835961,-0.552167572081089,-0.21565069393864178,-109.37096931887257,3.6652504797413608,3.278484745186113,-1.2750720610509347,0.3324948838499324,3.7901687768284944,1.5951624,0.7203716,49,0.3828125,445654.5518699529,5696585.126096756,474.60670648373383,0.14641232608119026,-0.552167572081089,-0.21565069400054426,-109.37096931898726,3.665250480699945,3.278484746828732,-1.2750720611656448,0.3324948848085114,3.790168778471127,1.5951624,0.7203716,445654.4054576268,5696585.678264328,474.8223571777344,-108.09589725782162,3.3327555958914266,-0.5116840316423812,916,frame_000916.png
734,1176,734,133,0.18119891008174388,94,0.706766917293233,133,44,0.3308270676691729,445654.4697133055,5696585.02339773,474.6145185861837,0.06336573959561065,-0.6550811668857932,-0.20460372826943285,-109.2884262869751,4.239862356264304,3.310565472944796,-1.3124055899482698,1.0504370796676028,4.09336253188269,1.6773677,0.77021897,44,0.3308270676691729,445654.4697133062,5696585.023397729,474.6145185860422,0.06336574035231024,-0.6550811678171158,-0.20460372841091612,-109.28842628734803,4.239862357693862,3.310565477754214,-1.312405590321191,1.050437081097158,4.093362536692098,1.6773677,0.77021897,445654.4063475659,5696585.678478897,474.8191223144531,-107.97602069702683,3.189425276596714,-0.7827970589378851,917,frame_000917.png
727,1139,727,143,0.19669876203576342,100,0.6993006993006993,143,52,0.36363636363636365,445654.5675632591,5696585.106359551,474.58907950369576,0.1558965357253328,-0.5748861087486148,-0.223451013882368,-109.13947197565868,2.980591129240009,3.8789188226248044,-1.264303654196567,0.37992813286163596,4.894834831326108,1.7471532,0.7218634,52,0.36363636363636365,445654.5675632628,5696585.106359537,474.5890795016629,0.1558965394506231,-0.5748861227184534,-0.22345101591520233,-109.13947198398873,2.9805911964456553,3.8789188679647646,-1.264303662526629,0.379928200067269,4.894834876666067,1.7471544,0.7218628,445654.4116667234,5696585.6812456595,474.8125305175781,-107.87516832146211,2.6006629963783743,-1.015916008701303,918,frame_000918.png
749,1159,749,141,0.1882510013351135,96,0.6808510638297872,141,48,0.3404255319148936,445654.48512640345,5696585.215405645,474.6381579825587,0.06524180760607123,-0.46836596447974443,-0.1755627205662904,-109.55173386499624,3.5633760473406224,1.8825891648973725,-1.3553252781646847,0.00973953102581504,1.6521656413412416,1.7424316,0.72328687,48,0.3404255319148936,445654.4851264042,5696585.215405644,474.6381579823144,0.06524180836277083,-0.468365965411067,-0.17556272081060342,-109.55173386553902,3.5633760510075607,1.882589170978882,-1.3553252787074541,0.00973953469275557,1.6521656474227484,1.7424316,0.72328687,445654.41988459585,5696585.683771609,474.813720703125,-108.19640858683157,3.553636516314803,0.23042352355613108,919,frame_000919.png
755,1148,755,130,0.17218543046357615,75,0.5769230769230769,130,43,0.33076923076923076,445654.6174527175,5696585.166437207,474.58223420016446,0.16498143039643764,-0.5245356168597937,-0.22968596585116074,-109.61088847920063,4.203582283472714,2.28777950959752,-1.301092226082318,0.059190346067993005,1.621595849792044,1.9758162,0.68581456,43,0.33076923076923076,445654.6174527168,5696585.166437207,474.582234200317,0.16498142969794571,-0.5245356168597937,-0.22968596569864985,-109.61088847907644,4.20358228443675,2.28777950582304,-1.3010922259581434,0.05919034703202897,1.6215958460175557,1.9758162,0.68581456,445654.4524712871,5696585.690972824,474.8119201660156,-108.30979625311831,4.144391937404708,0.6661836598054838,920,frame_000920.png
746,1181,746,135,0.18096514745308312,86,0.6370370370370371,135,46,0.34074074074074073,445654.4961662955,5696585.075362225,474.6349286327936,0.04461317142704502,-0.6040824158117175,-0.180653642597008,-109.1037320637724,3.441752862488772,2.8856592806460006,-1.2015266537855496,0.7782342975730785,3.639942831677331,1.8354933,0.77552617,46,0.34074074074074073,445654.4961662955,5696585.075362225,474.6349286327771,0.04461317142704502,-0.6040824158117175,-0.18065364261354944,-109.10373206399672,3.441752863904213,2.8856592811152715,-1.2015266540098821,0.778234298988508,3.639942832146602,1.8354933,0.77552617,445654.45155312406,5696585.679444641,474.8155822753906,-107.90220540998683,2.6635185649157065,-0.7542835510313255,921,frame_000921.png
790,1214,790,124,0.1569620253164557,86,0.6935483870967742,124,42,0.3387096774193548,445654.5512047606,5696585.107048997,474.57519539267804,0.09511395008303225,-0.565889360383153,-0.2318724784157098,-109.07762938537108,3.465560957153425,3.103800930288705,-1.1855172954215334,0.46248737633172254,3.7262638483192063,1.8379323,0.60449463,42,0.3387096774193548,445654.5512047606,5696585.107048997,474.57519539268156,0.09511395008303225,-0.565889360383153,-0.2318724784121855,-109.07762938538674,3.46556095728598,3.103800930103577,-1.1855172954371938,0.4624873764642814,3.7262638481340673,1.8379323,0.60449463,445654.45609081053,5696585.672938357,474.80706787109375,-107.89211208994955,3.003073580821694,-0.6224629180304885,922,frame_000922.png
732,1150,732,136,0.18579234972677597,95,0.6985294117647058,136,53,0.3897058823529412,445654.5368677582,5696584.969988664,474.56903020261893,0.07196793187176809,-0.6875679390504956,-0.2360845434748171,-109.35821642626289,3.912452421493552,3.4499019742599466,-1.3866416920803601,1.1089144830690145,4.259561771592558,1.8072871,0.7342412,53,0.3897058823529412,445654.5368677569,5696584.969988663,474.56903020272136,0.07196793059119955,-0.6875679399818182,-0.23608454337238527,-109.35821642653123,3.912452427155488,3.449901968590936,-1.3866416923486895,1.10891448873096,4.259561765923564,1.8072871,0.7342412,445654.46489982633,5696585.657556603,474.80511474609375,-107.97157473418252,2.8035379384245416,-0.8096597973326245,923,frame_000923.png
782,1137,782,144,0.18414322250639387,88,0.6111111111111112,144,47,0.3263888888888889,445654.4709888858,5696584.973864779,474.58878151148724,0.0018537688883952796,-0.6738232234492898,-0.209436261950259,-109.5980653222075,3.0451151984427187,3.070595849628975,-1.6305367528325405,1.011399799498065,3.8769408686004283,1.7654337,0.7505081,47,0.3263888888888889,445654.47098888556,5696584.973864779,474.58878151152686,0.001853768655564636,-0.6738232234492898,-0.20943626191063913,-109.59806532218973,3.0451151988010605,3.0705958485891323,-1.6305367528147485,1.011399799856406,3.8769408675605916,1.7654337,0.7505081,445654.4691351169,5696585.647688002,474.7982177734375,-107.96752856937498,2.0337153989446644,-0.806345018971459,924,frame_000924.png
829,1103,829,155,0.18697225572979492,106,0.6838709677419355,155,59,0.38064516129032255,445654.47533407353,5696585.1642886605,474.6084838497947,-0.010947273520287126,-0.47185575868934393,-0.18207401153341607,-109.47907633791714,3.2512959942539226,2.405362444312595,-1.411747537938254,0.10041776851758755,3.0075184231305343,1.9326215,0.6716384,59,0.38064516129032255,445654.4753340736,5696585.16428866,474.6084838497233,-0.010947273462079465,-0.4718557596206665,-0.1820740116048114,-109.47907633826748,3.2512959976210114,2.4053624458424587,-1.41174753828858,0.10041777188467904,3.007518424660418,1.9326215,0.6716384,445654.48628134705,5696585.636144419,474.7905578613281,-108.06732879997888,3.150878225736325,-0.6021559788179522,925,frame_000925.png
788,1147,788,147,0.1865482233502538,101,0.6870748299319728,147,51,0.3469387755102041,445654.67220087734,5696584.917274192,474.5671117832496,0.17044291028287262,-0.713153331540525,-0.22610110737542755,-109.3480938076134,3.7486450905363786,2.2700310672299553,-1.3342697377019022,1.1176105792026192,1.5623720342933893,1.8714386,0.71802545,51,0.3469387755102041,445654.6722008772,5696584.917274193,474.5671117834083,0.1704429101664573,-0.7131533306092024,-0.22610110721672072,-109.34809380711265,3.7486450864481573,2.2700310647837525,-1.3342697372011685,1.1176105751143837,1.5623720318471896,1.8714386,0.71802545,445654.50175796705,5696585.6304275235,474.793212890625,-108.01382406991148,2.6310345113337616,0.7076590329365733,926,frame_000926.png
797,1124,797,145,0.18193224592220827,94,0.6482758620689655,145,51,0.35172413793103446,445654.56407964876,5696585.205760884,474.5929219895934,0.05426274775527418,-0.42120919562876225,-0.19510291275037162,-108.93707112986715,1.799971327068792,2.2307495031516735,-1.3122882029008451,-0.26764702679344055,2.8132718076040817,1.8561678,0.7486204,51,0.35172413793103446,445654.5640796482,5696585.205760883,474.59292198958184,0.05426274717319757,-0.4212091965600848,-0.19510291276191083,-108.93707113036812,1.79997133310672,2.230749501894971,-1.3122882034018346,-0.2676470207555042,2.8132718063473874,1.8561678,0.7486204,445654.509816901,5696585.62697008,474.78802490234375,-107.62478292696629,2.067618353862234,-0.5825223044524055,927,frame_000927.png
777,1095,777,132,0.16988416988416988,84,0.6363636363636364,132,44,0.3333333333333333,445654.473068798,5696584.888625802,474.61712264910267,-0.04324702802114189,-0.7358047012239695,-0.18164444074108133,-109.16372443386769,3.948768650474156,2.829467408837414,-1.56455375889351,1.4011100341280098,3.5144756804251642,1.8449929,0.77381134,44,0.3333333333333333,445654.4730687978,5696584.888625802,474.617122649149,-0.04324702825397253,-0.7358047012239695,-0.18164444069475394,-109.16372443397078,3.9487686518815317,2.8294674078438287,-1.5645537589965954,1.401110035535396,3.5144756794315697,1.8449929,0.77381134,445654.51631582604,5696585.624430503,474.79876708984375,-107.59917067497419,2.547658616346147,-0.6850082715877407,928,frame_000928.png
778,1128,778,141,0.18123393316195371,80,0.5673758865248227,141,53,0.375886524822695,445654.6603546498,5696585.164530395,474.6115427513109,0.1255004548584111,-0.46072212886065245,-0.18777365493912157,-109.28530691937571,2.9516636897933237,0.5618283115852276,-1.2450880857815037,-0.08077165177999746,-1.197542930537253,1.8258089,0.78234076,53,0.375886524822695,445654.6603546523,5696585.164530385,474.61154275024836,0.12550045736134052,-0.4607221381738782,-0.18777365600163876,-109.28530692444701,2.9516637367189578,0.5618283422775366,-1.2450880908527893,-0.08077160485436252,-1.1975428998449331,1.8258089,0.78234076,445654.53485419496,5696585.625252523,474.79931640625,-108.04021883359421,3.032435341573308,1.7593712421224788,929,frame_000929.png
804,1136,804,137,0.17039800995024876,90,0.656934306569343,137,49,0.35766423357664234,445654.76700007805,5696584.976219517,474.5809748578301,0.17733149306150153,-0.6367650013417006,-0.20143481013872133,-109.54978556271524,3.3822849012663987,-0.3467910354862396,-1.3711236626444077,0.7618490736408035,-3.6566512157573356,1.6736557,0.78198975,49,0.35766423357664234,445654.76700007485,5696584.976219515,474.58097485810816,0.17733148986008018,-0.6367650032043457,-0.20143480986064333,-109.54978556380676,3.3822849147387757,-0.3467910498136236,-1.3711236637359434,0.7618490871132053,-3.6566512300847194,1.6736557,0.78198975,445654.589668585,5696585.6129845185,474.7824096679688,-108.17866190007084,2.620435827625583,3.309860180271085,930,frame_000930.png
793,1117,793,151,0.19041614123581338,96,0.6357615894039735,151,50,0.33112582781456956,445654.57581577427,5696585.031189401,474.62930588190164,-0.022056566027458757,-0.57065892778337,-0.17858596380148128,-109.33316434791155,2.860974489027726,0.7948899493138477,-1.417223166107533,0.586031137042994,-0.24258779460740243,1.8786819,0.6533763,50,0.33112582781456956,445654.5758157748,5696585.031189402,474.6293058818714,-0.02205656550358981,-0.5706589268520474,-0.17858596383172198,-109.33316434768433,2.8609744856379606,0.7948899514709917,-1.4172231658803014,0.586031133653222,-0.24258779245025153,1.8786819,0.6533763,445654.5978723403,5696585.6018483285,474.8078918457031,-107.91594118180403,2.274943351984735,1.0374777439212386,931,frame_000931.png
782,1150,782,130,0.16624040920716113,88,0.676923076923077,130,45,0.34615384615384615,445654.64744419063,5696585.063863387,474.6313356927065,0.051436068082693964,-0.5271847723051906,-0.18482641666849986,-109.02462590750352,2.968200961424281,0.15831137580935603,-1.276960977460476,-0.11571398850239234,-1.2721420737059645,1.7733792,0.80659306,45,0.34615384615384615,445654.6474441918,5696585.063863386,474.6313356923837,0.05143606924684718,-0.5271847732365131,-0.18482641699131364,-109.0246259080849,2.968200965087288,0.15831138382049562,-1.2769609780418705,-0.11571398483940243,-1.2721420656948226,1.7733792,0.80659306,445654.59600812255,5696585.59104816,474.816162109375,-107.74766493004304,3.0839149499266845,1.4304534495153247,932,frame_000932.png
794,1107,794,153,0.19269521410579346,91,0.5947712418300654,153,54,0.35294117647058826,445654.696404669,5696584.993208994,474.57621602920665,0.10826057108351961,-0.5877942843362689,-0.23936624618397673,-109.08139680338535,2.8515560107125415,1.8047773382844836,-1.2457542602120952,0.5557835863833418,0.955652280058672,1.6920743,0.77603024,54,0.35294117647058826,445654.69640466507,5696584.993208994,474.5762160301546,0.10826056712539867,-0.5877942843362689,-0.23936624523599903,-109.08139680270459,2.851556016419871,1.8047773163393392,-1.2457542595313384,0.5557835920906768,0.9556522581135027,1.6920743,0.77603024,445654.58814409794,5696585.5810032785,474.8155822753906,-107.83564254317324,2.295772424329205,0.8491250582258246,933,frame_000933.png
828,1144,828,153,0.18478260869565216,93,0.6078431372549019,153,53,0.3464052287581699,445654.6809041217,5696585.019657568,474.5967719820889,0.09245574055239558,-0.5578060233965516,-0.20657274447358986,-109.05349960238117,2.337839579367671,2.2866120627074102,-1.2865795057052765,0.35410665619630777,2.193724550634556,1.7869569,0.7141574,53,0.3464052287581699,445654.6809041121,5696585.019657568,474.59677198411737,0.09245573094813153,-0.5578060233965516,-0.20657274244513246,-109.05349960247153,2.337839600399384,2.2866120126631944,-1.286579505795629,0.35410667722800326,2.193724500590349,1.7869569,0.7141574,445654.58844838117,5696585.5774635915,474.8033447265625,-107.7669200966759,1.9837329231713745,0.09288751207285484,934,frame_000934.png
784,1156,784,140,0.17857142857142858,85,0.6071428571428571,140,44,0.3142857142857143,445654.37928820506,5696584.826709695,474.6355650816112,-0.21611473971279338,-0.7491779383271933,-0.16729136370128117,-109.39961407545569,4.9233240899009605,0.4802941250814344,-1.4107881986662392,1.9290814820942614,-0.1748982111953694,1.8787212,0.76847774,44,0.3142857142857143,445654.37928820617,5696584.826709695,474.63556508134616,-0.21611473860684782,-0.7491779383271933,-0.16729136396634203,-109.39961407583272,4.923324088589985,0.48029413125364157,-1.4107881990432531,1.9290814807832817,-0.17489820502316888,1.8787212,0.76847774,445654.5954029448,5696585.5758876335,474.8028564453125,-107.98882587678946,2.9942426078066893,0.6551923362768088,935,frame_000935.png
774,1129,774,137,0.17700258397932817,92,0.6715328467153284,137,43,0.31386861313868614,445654.74044346425,5696585.0487811025,474.60345454775745,0.11834450374590233,-0.519758140668273,-0.1922302666956739,-109.03260957218222,3.0562788612496,0.5492786932227977,-1.2808033422990661,0.13312735084474525,-1.4843904485867938,1.7679807,0.6628517,43,0.31386861313868614,445654.74044346693,5696585.048781103,474.60345454728423,0.11834450642345473,-0.5197581397369504,-0.19223026716889535,-109.03260957197136,3.056278855207813,0.5492787072053658,-1.2808033420882055,0.13312734480297195,-1.4843904346042223,1.7679807,0.6628517,445654.6220989605,5696585.568539243,474.7956848144531,-107.75180622988316,2.9231515104048547,2.0336691418095776,936,frame_000936.png
791,1156,791,157,0.19848293299620734,99,0.6305732484076433,157,48,0.3057324840764331,445654.70916986157,5696585.15052235,474.6269394997609,0.08364425966283306,-0.40972086880356073,-0.1697523947703985,-108.76468839062166,1.4208335058053585,0.7343946191117534,-0.9726544771436636,-0.3000766922905598,-0.5473283772052469,1.8991352,0.7197589,48,0.3057324840764331,445654.70916986064,5696585.150522349,474.6269394998412,0.08364425873151049,-0.4097208697348833,-0.16975239469007875,-108.76468839132669,1.4208335125258689,0.7343946157901075,-0.9726544778486925,-0.30007668557004763,-0.547328380526892,1.8991352,0.7197589,445654.6255256019,5696585.560243219,474.7966918945313,-107.792033913478,1.7209101980959112,1.2817229963170111,937,frame_000937.png
786,1120,786,151,0.1921119592875318,96,0.6357615894039735,151,52,0.3443708609271523,445654.71093043074,5696585.044483895,474.6351172859063,0.07901241729268804,-0.5086588729172945,-0.1661217277655851,-109.15276296972687,1.7613536186773395,0.43750173042648516,-1.3907962609815172,0.0690117935649539,-1.3918321844942056,1.8174198,0.8115064,52,0.3443708609271523,445654.7109304307,5696585.044483895,474.6351172859127,0.07901241723448038,-0.5086588729172945,-0.16612172775916179,-109.1527629697016,1.7613536184748793,0.43750173030907075,-1.3907962609562219,0.06901179336247765,-1.3918321846116157,1.8174198,0.8115064,445654.63191801345,5696585.553142768,474.8012390136719,-107.76196670874536,1.6923418251123978,1.8293339149206862,938,frame_000938.png
796,1154,796,146,0.18341708542713567,108,0.7397260273972602,146,51,0.3493150684931507,445655.0377095375,5696584.956712348,474.5290850449803,0.40088987722992897,-0.5886503765359521,-0.26824771869155484,-108.98285190947445,1.8850402278975926,2.352425956631522,-1.2534520030832823,-0.0075665695339637296,0.5702507589497543,1.8281144,0.76100683,51,0.3493150684931507,445655.03770953795,5696584.956712348,474.5290850448498,0.40088987769559026,-0.5886503765359521,-0.2682477188220673,-108.9828519095004,1.8850402270839899,2.352425959139894,-1.253452003109203,-0.007566570347563584,0.5702507614581407,1.8281144,0.76100683,445654.63681966026,5696585.545362725,474.7973327636719,-107.72939990639118,1.8926067974315552,1.7821751976817586,939,frame_000939.png
835,1123,835,126,0.15089820359281436,64,0.5079365079365079,126,38,0.30158730158730157,445654.70315567945,5696584.895274052,474.5601346858642,-0.02950435277307406,-0.6409951876848936,-0.2549898258545795,-130.3782185081078,3.4519144871061744,2.2407974574079383,-1.4402377839007556,0.6722482279392068,1.571718231392282,1.8512412,0.8061933,38,0.30158730158730157,445654.7031556795,5696584.895274052,474.5601346858715,-0.0295043527148664,-0.6409951876848936,-0.25498982584730356,-130.37821850804957,3.4519144866295,2.240797457416564,-1.4402377838425195,0.6722482274625179,1.5717182314008937,1.8512412,0.8061933,445654.7326600322,5696585.53626924,474.8151245117188,-128.93798072420705,2.779666259166979,0.6690792260156561,940,frame_000940.png
937,1077,937,115,0.12273212379935966,68,0.591304347826087,115,36,0.3130434782608696,445654.77629453776,5696584.816624886,474.57566007736534,-0.12287569121690467,-0.7183210114017129,-0.21587434646278325,-152.94788948610793,1.8462494827332785,0.20590538304682648,-0.5876297131660237,0.6335453575363488,-3.2392803421170697,1.6782155,0.71139824,36,0.3130434782608696,445654.7762945378,5696584.816624886,474.57566007733305,-0.12287569115869701,-0.7183210114017129,-0.2158743464950703,-152.94788948620507,1.846249483062135,0.20590538398437525,-0.5876297132631692,0.633545357865188,-3.239280341179523,1.6782155,0.71139824,445654.899170229,5696585.534945898,474.7915344238281,-152.3602597729419,1.2127041251969384,3.445185725163905,941,frame_000941.png
945,1134,945,145,0.15343915343915343,91,0.6275862068965518,145,47,0.32413793103448274,445654.8188366491,5696584.795445356,474.5456838169472,-0.227922999241855,-0.6907779248431325,-0.22931007953718563,-175.1168146598615,1.425349755058669,3.61776902898959,-4.969036613892769,0.05023061895965952,2.3691766690839415,1.8027797,0.7858533,47,0.32413793103448274,445651.50247262995,5696587.143123703,455.2385760488009,-3.544287018419709,1.6569004226475954,-19.53641784768348,10.02754077229206,18.693650282591012,-12.241792303437832,-179.8246811817392,17.318531146492006,-13.490384663343463,31.346607,15.962707,445655.04675964836,5696585.48622328,474.7749938964844,-170.14777804596872,1.3751191360990136,1.248592359905637,942,frame_000942.png
852,1110,852,111,0.13028169014084506,70,0.6306306306306306,111,35,0.3153153153153153,445654.7019495562,5696584.938577941,474.6055282765995,-0.584001079434529,-0.3898190148174763,-0.21179350074424974,162.56778775952037,2.16258923858929,6.5352916356592745,-1.5863474461809801,0.4129774246540876,9.190858391666865,1.7546871,0.74544615,35,0.3153153153153153,445654.70194955665,5696584.938577941,474.60552827652833,-0.5840010789688677,-0.3898190148174763,-0.2117935008154177,162.56778775941189,2.162589235683784,6.535291635842351,-1.5863474462894658,0.4129774217485931,9.190858391849957,1.7546871,0.74544615,445655.2859506356,5696585.3283969555,474.81732177734375,164.15413520570135,1.7496118139351915,-2.655566756007598,943,frame_000943.png
902,1106,902,113,0.12527716186252771,70,0.6194690265486725,113,40,0.35398230088495575,445654.90998914995,5696585.16639153,474.6020617383426,-0.44586380274267867,-0.04323762934654951,-0.215687285094873,139.83422305109474,0.7145650623385705,4.836760253359541,-0.4762884201275881,-0.1599296985122578,7.102130329966144,1.5871624,0.7158249,40,0.35398230088495575,445654.90998914966,5696585.166391529,474.6020617383252,-0.445863803033717,-0.043237630277872086,-0.21568728511232393,139.83422305051477,0.7145650609218742,4.83676025757306,-0.4762884207075615,-0.1599296999289379,7.102130334179662,1.5871624,0.7158249,445655.3558529527,5696585.209629159,474.8177490234375,140.31051147122233,0.874494760850819,-2.2653700766065916,944,frame_000944.png
853,1125,853,124,0.14536928487690504,83,0.6693548387096774,124,41,0.33064516129032256,445655.1851187266,5696584.952884121,474.4857413921502,-0.18667050020303577,-0.11673368327319622,-0.31284259222479704,117.56272987971653,-2.2298464948942667,2.540048088958727,-4.718543848556834,-2.2891177143091284,3.3610284129869115,1.9719762,0.72539926,41,0.33064516129032256,445655.1851187259,5696584.95288412,474.48574139222274,-0.1866705009015277,-0.1167336842045188,-0.31284259215226484,117.56272987913172,-2.229846498531678,2.540048095428397,-4.718543849141639,-2.2891177179465387,3.3610284194565736,1.9719762,0.72539926,445655.3717892268,5696585.069617804,474.798583984375,122.28127372827336,0.05927121941486608,-0.820980324028171,945,frame_000945.png
843,1126,843,142,0.16844602609727166,81,0.5704225352112676,142,44,0.30985915492957744,445655.19343257864,5696585.034828747,474.49061681000785,-0.13108792074490339,0.0899189691990614,-0.3073873403827747,105.87557267231648,-3.6148048161866497,0.8478675464022762,-1.5126823055410625,-1.60910852308254,0.5346014496357157,1.83726,0.65988785,44,0.30985915492957744,445655.1934325786,5696585.034828747,474.4906168100123,-0.13108792080311105,0.0899189691990614,-0.3073873403783409,105.87557267231048,-3.6148048162554858,0.8478675466267757,-1.5126823055470595,-1.6091085231513773,0.5346014498602187,1.83726,0.65988785,445655.3245204994,5696584.9449097775,474.7980041503906,107.38825497785754,-2.0056962931041182,0.3132660967665466,946,frame_000946.png
890,1129,890,145,0.16292134831460675,96,0.6620689655172414,145,50,0.3448275862068966,445654.8236898314,5696585.233373206,474.59894594427624,-0.43144855892751366,0.32444282062351704,-0.15517392877063685,104.16016528874869,-2.611367151762955,3.6049755804107018,-1.7113283709348366,-0.16710934362413354,4.457080081859203,1.6736267,0.7349256,50,0.3448275862068966,445654.82368983136,5696585.233373206,474.59894594427277,-0.4314485589857213,0.32444282062351704,-0.1551739287741043,104.16016528872476,-2.6113671519874373,3.6049755807111263,-1.7113283709587677,-0.1671093438486082,4.457080082159621,1.6736267,0.7349256,445655.25513839035,5696584.9089303855,474.7541198730469,105.87149365968352,-2.444257808138834,-0.8521045014484876,947,frame_000947.png
869,1164,869,136,0.1565017261219793,88,0.6470588235294118,136,49,0.3602941176470588,445655.0333387343,5696585.18820085,474.5164501190707,-0.2088603645679541,0.26162043679505587,-0.24902229303864942,103.65064316396581,-2.8464625754083537,4.465821945330046,-1.653189930129031,-0.8270847183530066,7.182986535295925,1.9401494,0.80259967,49,0.3602941176470588,445655.03333873604,5696585.18820085,474.51645011866407,-0.20886036282172427,0.26162043679505587,-0.24902229344530724,103.6506431639624,-2.846462576305702,4.465821935388094,-1.6531899301324415,-0.8270847192503652,7.182986525353982,1.9401494,0.80259967,445655.24219909887,5696584.926580413,474.7654724121094,105.30383309409483,-2.019377857055341,-2.7171645899658867,948,frame_000948.png
854,1175,854,141,0.16510538641686182,84,0.5957446808510638,141,46,0.3262411347517731,445654.8239681872,5696585.2844207715,474.6014686548272,-0.38109337096102536,0.3248604740947485,-0.17883530025090977,103.46942165191508,2.1431821915266087,3.416963868812475,-1.5705375616257697,-0.3154275680218461,4.294524784040078,1.9524208,0.7242534,46,0.3262411347517731,445654.8239681839,5696585.284420766,474.60146865516856,-0.38109337427886203,0.32486046850681305,-0.17883529990956504,103.46942164721742,2.143182162809463,3.4169638946193865,-1.5705375663234236,-0.3154275967389992,4.29452480984699,1.9524208,0.7242534,445655.20506155817,5696584.959560297,474.7803039550781,105.03995921354085,2.458609759548453,-0.8775609152276135,949,frame_000949.png
862,1135,862,129,0.14965197215777262,77,0.5968992248062015,129,37,0.2868217054263566,445654.97237587103,5696585.448750643,474.5621248391206,-0.1636665075784549,0.392747082747519,-0.24244059056690048,103.7296812605471,5.149605224254551,0.8818994824234355,-1.4278088650989957,0.2749600675565489,0.5670019182997521,1.656522,0.69755214,37,0.2868217054263566,445654.97237587307,5696585.448750644,474.5621248384966,-0.16366650554118678,0.3927470836788416,-0.24244059119092753,103.72968126193527,5.149605225390715,0.8818994699049317,-1.4278088637108226,0.2749600686927067,0.5670019057812397,1.656522,0.69755214,445655.1360423786,5696585.05600356,474.8045654296875,105.1574901256461,4.8746451566980165,0.31489756412369213,950,frame_000950.png
873,1147,873,108,0.12371134020618557,63,0.5833333333333334,108,35,0.32407407407407407,445654.66555380495,5696585.447026262,474.65198393738035,-0.4193031247705221,0.2885773777961731,-0.18642548644777435,103.50759645499792,10.281368875196092,2.4229032572196494,-1.7327914622472917,-0.5660327228347342,1.9189249140899562,1.8300452,0.67255,35,0.32407407407407407,445654.6655538028,5696585.447026261,474.6519839379375,-0.41930312692420557,0.2885773768648505,-0.186425485890652,103.50759645171827,10.281368868511246,2.422903271807301,-1.7327914655269296,-0.5660327295195771,1.9189249286775976,1.8300452,0.67255,445655.0848569297,5696585.158448884,474.8384094238281,105.2403879172452,10.847401598030816,0.5039783431296996,951,frame_000951.png
898,1135,898,92,0.10244988864142539,57,0.6195652173913043,92,34,0.3695652173913043,445654.70965565764,5696586.369153182,474.70145155019816,-0.24457765760598704,0.7707925196737051,-0.25265001230184225,103.83476822587488,17.250517153887657,1.7551770167486802,-1.3180252586656138,0.25019963405978274,2.0526941190258583,1.801555,0.7279668,34,0.3695652173913043,445654.70965565764,5696586.369153182,474.7014515502013,-0.24457765760598704,0.7707925196737051,-0.25265001229871586,103.83476822584652,17.250517153836952,1.7551770168142393,-1.3180252586939787,0.2501996340090784,2.052694119091427,1.801555,0.7279668,445654.95423331525,5696585.598360662,474.9541015625,105.1527934845405,17.000317519827867,-0.2975171022771794,952,frame_000952.png
864,1083,864,100,0.11574074074074074,64,0.64,100,41,0.41,445654.2574108571,5696587.933102703,474.91938556079265,-0.3381560430279933,0.8512590117752552,-0.268114439207352,102.99215481391627,21.180788143550174,3.8019484491283215,-1.3541140036309116,0.7042917084748979,5.15796123693687,1.7001834,0.70374185,41,0.41,445654.2574108554,5696587.9331027,474.9193855616894,-0.3381560447742231,0.8512590089812875,-0.26811443831059023,102.99215480885289,21.180788129319378,3.80194846311585,-1.354114008694296,0.7042916942441195,5.157961250924416,1.7001834,0.70374185,445654.59556690016,5696587.081843691,475.1875,104.3462688175472,20.476496435075262,-1.3560127878085546,953,frame_000953.png
905,1026,905,98,0.10828729281767956,62,0.6326530612244898,98,40,0.40816326530612246,445653.91099142533,5696589.033890455,475.0095435919657,-0.5020822243532166,1.1933783814311028,-0.2555320916280266,102.65057042587505,21.684824882212283,3.8453309861258944,-1.6789181768619983,0.9799149684608892,5.09184477634048,1.8815256,0.7650108,40,0.40816326530612246,445653.91099142627,5696589.033890458,475.009543591033,-0.502082223421894,1.1933783842250705,-0.25553209256077025,102.65057042941807,21.684824896709696,3.8453309770154736,-1.6789181733190048,0.9799149829582916,5.091844767230043,1.8815256,0.7650108,445654.4130736497,5696587.840512074,475.26507568359375,104.32948860273706,20.7049099137514,-1.2465137902145802,954,frame_000954.png
884,932,884,102,0.11538461538461539,57,0.5588235294117647,102,37,0.3627450980392157,445653.58434843516,5696590.22473083,475.20490825903744,-0.6123449777951464,1.4869569828733802,-0.15919696557193674,102.49908620377393,20.54776258219581,5.344037701740887,-1.3924178185067717,0.3947253807061202,8.052743174006366,1.9765444,0.72357863,37,0.3627450980392157,445653.58434843476,5696590.22473083,475.20490825901254,-0.6123449782026,1.4869569828733802,-0.15919696559683416,102.49908620326755,20.547762582634984,5.344037703963963,-1.3924178190131329,0.39472538114529243,8.052743176229455,1.9765444,0.72357863,445654.19669341296,5696588.737773847,475.3641052246094,103.8915040222807,20.153037201489692,-2.7087054722654873,955,frame_000955.png
797,1205,797,82,0.1028858218318695,48,0.5853658536585366,82,32,0.3902439024390244,445653.24868357135,5696591.770196775,475.2852911707726,-0.4026212971075438,0.829038642346859,-0.29262020618051565,102.70107295533052,19.737960900527362,5.282861310890222,-1.487586619105116,0.32110774911961926,8.05996130207481,1.6751595,0.776655,32,0.3902439024390244,445653.24868357193,5696591.770196774,475.2852911709703,-0.4026212965254672,0.8290386414155364,-0.29262020598281424,102.70107295583712,19.737960896302845,5.282861308620398,-1.4875866185985274,0.3211077448950732,8.059961299804968,1.6751595,0.776655,445653.65130486846,5696590.941158133,475.5779113769531,104.18865957443565,19.416853151407757,-2.777099991184585,956,frame_000956.png
964,1911,964,132,0.13692946058091288,60,0.45454545454545453,132,31,0.23484848484848486,445652.73327685386,5696593.497290993,475.41879231988713,-0.598067419428844,1.2613449515774846,-0.2666630023784933,103.27244744693598,16.169978358661247,5.709439252953144,-2.0152204668672766,0.5810092546659291,8.417595977590366,1.9669152,0.70834285,31,0.23484848484848486,445652.73327685246,5696593.497290992,475.4187923195245,-0.5980674208258279,1.261344950646162,-0.26666300274109744,103.2724474444326,16.16997835541121,5.709439261706734,-2.015220469370661,0.5810092514158782,8.417595986343969,1.9669152,0.70834285,445653.3313442733,5696592.2359460415,475.6854553222656,105.28766791380326,15.588969103995328,-2.7081567246372242,957,frame_000957.png
1659,3482,1659,360,0.21699819168173598,155,0.4305555555555556,360,63,0.175,445651.4224831329,5696596.851784684,475.5181015448667,-1.1572718426468782,1.7385445116087794,-0.40685573052394375,103.6419552573402,8.845337218444202,6.363751527460072,-1.7557843589139566,-1.7979886001195098,7.898210361087138,1.9100366,0.7487513,63,0.175,445651.422483133,5696596.851784677,475.5181015448568,-1.1572718425886706,1.7385445050895214,-0.4068557305338345,103.64195525523225,8.845337181614523,6.363751536132257,-1.755784361021938,-1.7979886369492135,7.89821036975934,1.9100366,0.7487513,445652.57975497557,5696595.113240172,475.9249572753906,105.39773961625417,10.643325818563724,-1.5344588336270784,958,frame_000958.png
2023,4096,2023,348,0.17202174987642116,163,0.46839080459770116,348,55,0.15804597701149425,445650.7234056396,5696598.345551832,475.6884069292334,-1.0214064922183752,0.10134776122868061,-0.47705937936035525,103.95466163700675,1.9629222223277365,7.841537903678858,-1.6106461519491688,-3.855206228694925,9.50738330194514,1.8171167,0.7207495,55,0.15804597701149425,445650.7234056393,5696598.345551833,475.6884069291945,-1.0214064925094135,0.10134776216000319,-0.47705937939923615,103.95466163698941,1.962922224666613,7.84153790466715,-1.610646151966506,-3.8552062263560742,9.50738330293342,1.8171167,0.7207495,445651.7448121318,5696598.24420407,476.16546630859375,105.56530778895592,5.818128451022674,-1.6658453982662786,959,frame_000959.png
1835,4096,1835,346,0.1885558583106267,150,0.43352601156069365,346,47,0.13583815028901733,445651.7363271549,5696601.239098242,475.6505883097359,0.42327695479616523,1.3931094547733665,-0.6492774129203553,103.98890104375936,-1.1858866937265362,-1.4764851778280148,-1.5654961077586904,-1.5390387269715973,0.19741722546871188,1.837755,0.66282207,47,0.13583815028901733,445651.7363271551,5696601.239098242,475.6505883096837,0.4232769549707882,1.3931094547733665,-0.6492774129725376,103.98890104353706,-1.1858866948602855,-1.4764851787237099,-1.565496107981005,-1.5390387281053393,0.1974172245730017,1.837755,0.66282207,445651.3130502001,5696599.845988787,476.29986572265625,105.55439715151806,0.35315203324506167,-1.673902403296723,960,frame_000960.png
1706,3671,1706,393,0.23036342321219228,192,0.48854961832061067,393,77,0.19592875318066158,445650.188633317,5696602.748701368,476.3787763409101,-0.6990069592720829,1.3033470772206783,-0.04062673526175331,104.63524436126312,-4.60258108453687,4.275004615876477,-0.9411116654239322,-3.1157009953975034,5.562146689265518,1.9768456,0.710795,77,0.19592875318066158,445650.1886333189,5696602.748701366,476.3787763403167,-0.6990069574094377,1.3033470744267106,-0.040626735855198604,104.63524435929983,-4.602581099512684,4.275004609850757,-0.9411116673872186,-3.1157010103733285,5.562146683239803,1.9768456,0.710795,445650.8876402763,5696601.445354291,476.4194030761719,105.57635602668705,-1.4868800891393594,-1.2871420733890437,961,frame_000961.png
1360,2936,1360,336,0.24705882352941178,170,0.5059523809523809,336,77,0.22916666666666666,445649.59654361336,5696603.7581992885,476.58296385921744,-0.8633756414055824,0.7522612474858761,0.033159171717443314,104.53667111859312,-12.27363260437667,5.437088325824886,-1.173998992395866,-7.298778210439679,6.557213551473552,2.03584,0.7172502,77,0.22916666666666666,445649.5965436132,5696603.7581992885,476.582963859241,-0.8633756415802054,0.7522612474858761,0.03315917174097649,104.53667111875407,-12.273632606693905,5.437088327404732,-1.1739989922349423,-7.298778212756929,6.557213553053401,2.03584,0.7172502,445650.45991925476,5696603.005938041,476.5498046875,105.710670110989,-4.974854393936984,-1.1201252256486627,962,frame_000962.png
1018,1952,1018,124,0.12180746561886051,64,0.5161290322580645,124,31,0.25,445648.5152003237,5696606.759266045,476.61933652557053,-1.130169368640054,0.7708534123376012,-0.1719842752107752,104.60824981936142,-9.139581386938659,6.760684670978739,-1.0481926044877241,-0.29427883841600533,7.928430343521825,1.9528711,0.6051,31,0.25,445648.5152003237,5696606.759266045,476.61933652557036,-1.130169368640054,0.7708534123376012,-0.17198427521094573,104.608249819363,-9.13958138689273,6.760684670984617,-1.0481926044861325,-0.29427883837007585,7.92843034352768,1.9528711,0.6051,445649.64536969236,5696605.988412633,476.7913208007813,105.65644242384913,-8.845302548522653,-1.1677456725430748,963,frame_000963.png
804,993,804,38,0.0472636815920398,29,0.7631578947368421,38,22,0.5789473684210527,445648.44596043817,5696610.392609562,476.9562527497742,-0.46550075185950845,1.7215961115434766,-0.015793148663306056,104.08549231110715,-13.818187354541625,1.310145541336344,-1.546367670933705,0.28779248317047745,1.6429210713661462,1.4310802,0.744439,22,0.5789473684210527,445648.4459604408,5696610.392609545,476.95625274966346,-0.4655007492401637,1.7215960947796702,-0.015793148774037036,104.08549230797568,-13.81818743716235,1.3101455489082834,-1.5463676740651522,0.28779240054976185,1.6429210789380875,1.4310802,0.744439,445648.91146119003,5696608.67101345,476.9720458984375,105.63185998204084,-14.105979837712109,-0.33277553002980154,964,frame_000964.png
763,948,763,54,0.07077326343381389,40,0.7407407407407407,54,24,0.4444444444444444,445647.9340025879,5696611.196667994,477.0284626096762,-0.6534221907495521,1.3371138228103518,-0.027445593448817363,104.56160457619049,-19.79289432010039,2.431486117291343,-1.0283098684740821,-1.9660912450306114,2.606248257964012,1.7537168,0.67724586,24,0.4444444444444444,445647.9340025874,5696611.196667995,477.02846260985746,-0.653422191273421,1.3371138237416744,-0.0274455932675437,104.56160457673083,-19.792894315066263,2.431486118555705,-1.028309867933757,-1.966091239996473,2.60624825922838,1.7537168,0.67724586,445648.58742477867,5696609.859554172,477.055908203125,105.58991444466459,-17.82680307506978,-0.17476214067266488,965,frame_000965.png
824,879,824,53,0.06432038834951456,33,0.6226415094339622,53,24,0.4528301886792453,445647.3965658446,5696612.82102035,477.16426674565383,-0.6519021724234335,0.9342543883249164,-0.015146096143041632,104.65970117055377,-18.26670244974693,2.9816124763579612,-1.2010121360965513,0.6781772894853759,3.198781152885516,1.5562435,0.65927047,24,0.4528301886792453,445647.3965658459,5696612.821020344,477.16426674465293,-0.651902171142865,0.9342543827369809,-0.015146097143940551,104.65970116940325,-18.266702482215067,2.9816124779425683,-1.2010121372470905,0.6781772570172393,3.19878115447014,1.5562435,0.65927047,445648.048468017,5696611.886765962,477.1794128417969,105.86071330665034,-18.944879739232313,-0.21716867652756297,966,frame_000966.png
927,818,927,55,0.0593311758360302,36,0.6545454545454545,55,26,0.4727272727272727,445647.30185234646,5696613.55870882,477.28075924309076,-0.5455945360590704,0.8679781490936875,0.04891720207513117,104.81286869603791,-19.852898711768894,2.7733329218853644,-1.1102283630811485,-0.28630875913211185,3.2500623008246237,1.892294,0.67551124,26,0.4727272727272727,445647.30185235327,5696613.558708807,477.2807592405107,-0.545594529248774,0.8679781369864941,0.04891719949506523,104.81286868562626,-19.85289877987235,2.7733329031380705,-1.1102283734928164,-0.2863088272355583,3.250062282077323,1.892294,0.67551124,445647.8474468825,5696612.6907306705,477.2318420410156,105.92309705911906,-19.566589952636797,-0.47672937893925427,967,frame_000967.png
921,842,921,35,0.038002171552660155,20,0.5714285714285714,35,12,0.34285714285714286,445641.92703199974,5696612.488878392,466.5441712615299,-5.749175244825892,-0.8694996070116758,-10.727068972845075,-177.33626151414327,-81.95052576728894,148.34403583038267,76.95494556341032,-61.16281742928204,149.27991163204922,175.48729,81.02394,12,0.34285714285714286,445646.4369669625,5696615.016204255,477.38641284619,-1.2392402820987627,1.657826256006956,0.11517261181501226,105.52910651519561,-16.170209166718394,5.70926234778805,-0.17968640725081286,4.6174991712885,6.645138149454596,1.5404066,0.5765402,445647.67620724457,5696613.358377999,477.271240234375,105.70879292244642,-20.787708338006894,-0.9358758016665482,968,frame_000968.png
998,846,998,43,0.04308617234468938,28,0.6511627906976745,43,16,0.37209302325581395,445647.0116986476,5696615.065703961,477.37606494420965,-0.5396579012158327,1.17687595076859,0.07384936803777009,104.16419997930257,-20.020617511664142,2.48737963258149,-1.3714272782476087,1.2516735216341033,3.0895699083499437,1.7553649,0.8013929,16,0.37209302325581395,445647.011698648,5696615.065703958,477.37606494399347,-0.539657900808379,1.1768759479746222,0.07384936782159457,104.16419997889263,-20.020617521876165,2.48737963317626,-1.371427278657535,1.2516735114220694,3.089569908944725,1.7553649,0.8013929,445647.5513565488,5696613.88882801,477.3022155761719,105.53562725755016,-21.272291033298245,-0.602190275768457,969,frame_000969.png
947,916,947,55,0.05807814149947202,29,0.5272727272727272,55,24,0.43636363636363634,445646.9542153658,5696614.855698993,477.25020559956965,-0.41657468263292685,0.19125057570636272,-0.10611764261784629,101.14067619382391,-18.354077721208213,2.4065351639558137,-3.4650747426475164,-0.8772624330754581,2.7092262153946933,1.6350456,0.74447745,24,0.43636363636363634,445646.9542153635,5696614.855698998,477.2502055998971,-0.4165746849612333,0.1912505803629756,-0.1061176422904282,101.14067619683892,-18.35407769651836,2.4065351715472976,-3.4650747396324846,-0.8772624083856044,2.7092262229861888,1.6350456,0.74447745,445647.37079004844,5696614.664448418,477.3563232421875,104.60575093647142,-17.476815288132755,-0.30269105143889286,970,frame_000970.png
1046,898,1046,96,0.09177820267686425,51,0.53125,96,37,0.3854166666666667,445646.9069752283,5696615.012830619,477.26747838110225,-0.429018120164983,0.37423220183700323,-0.09861048608524925,80.64980315368274,-12.101291166140435,-0.9585513317414621,-0.1792119738843212,-0.4395480273814769,-5.00220496750029,1.928373,0.6649826,37,0.3854166666666667,445646.9069752281,5696615.012830614,477.26747838017144,-0.42901812033960596,0.37423219718039036,-0.09861048701606023,80.64980315223704,-12.101291188702547,-0.9585513349016115,-0.17921197533001987,-0.4395480499435962,-5.0022049706604435,1.928373,0.6649826,445647.33599334845,5696614.638598417,477.3660888671875,80.82901512756708,-11.661743138758949,4.043653635758842,971,frame_000971.png
914,876,914,90,0.09846827133479212,51,0.5666666666666667,90,35,0.3888888888888889,445647.0733090064,5696615.124866388,477.2918067075814,-0.18919434602139518,0.635612964630127,-0.0681786439811276,58.534966475680264,-5.18265385563287,-2.5668772019379107,-1.3571246747899863,1.1568478516890934,-8.367285330616397,1.7676896,0.72241515,35,0.3888888888888889,445647.0733090063,5696615.124866389,477.2918067075966,-0.1891943461378105,0.6356129655614495,-0.06817864396589357,58.53496647583715,-5.182653854407971,-2.5668772007006027,-1.3571246746330985,1.1568478529140123,-8.367285329379087,1.7676896,0.72241515,445647.2625033524,5696614.489253423,477.3599853515625,59.89209115047025,-6.339501707321976,5.800408128678491,972,frame_000972.png
903,848,903,89,0.09856035437430787,52,0.5842696629213483,89,31,0.34831460674157305,-11383251.019165138,24417288.52050278,37701360.591508366,-11828897.920811528,18720674.548077628,37700883.198502995,67.88895721363585,21.876576977469547,24.759397645438376,74.45361832962874,22.75800017416259,19.90610300026475,386.39462,144.54698,31,0.34831460674157305,445649.94486566045,5696626.219170583,472.3035803353969,3.043219269136898,12.246745432727039,-5.089425035696877,-45.23143892968511,-41.627132871220674,45.222885227077505,-38.66677781369219,-40.74570967452763,40.36959058190388,283.7885,98.08909,445646.9016463913,5696613.972425151,477.39300537109375,-6.564661115992906,-0.881423196693049,4.853294645173615,973,frame_000973.png
793,837,793,89,0.11223203026481715,52,0.5842696629213483,89,30,0.33707865168539325,-206896.91167648643,5916301.7248074515,-852334.2574842849,-652543.7579523042,219687.8049729783,-852811.6673353591,93.02794378599035,-16.224194316666107,144.13510074091417,117.53249733749203,-16.023573136672894,139.72204378407878,368.78574,211.6566,30,0.33707865168539325,445647.38690913795,5696614.0517214425,477.26990025986277,0.5406333201681264,0.13188696932047606,-0.13995081435604106,-26.075977443837086,-0.008757328276447915,-1.0223127966949006,-1.5714238923354458,0.1918638517167892,-5.435369753530296,1.6872127,0.7379148,445646.8462758178,5696613.919834473,477.4098510742188,-24.50455355150165,-0.2006211799932278,4.413056956835393,974,frame_000974.png
783,846,783,83,0.10600255427841634,48,0.5783132530120482,83,32,0.3855421686746988,445641.9684767373,5696614.721387878,455.22977152773757,-4.896488798840437,0.9146050866693258,-22.192866411715556,146.69381961562092,-24.48999499177799,-12.419011871061686,176.99021431697008,-24.885659327566202,-16.99063744889483,23.300652,12.909815,32,0.3855421686746988,445647.4952884031,5696613.710600184,477.25388949710424,0.6303228669567034,-0.09618260711431503,-0.16874844234888542,-32.00736604665571,1.2745458574726791,-1.8376294814968057,-1.7109713453065183,0.8788815216844625,-6.409255059329951,1.9627583,0.57984406,445646.86496553617,5696613.806782791,477.4226379394531,-30.296394701349197,0.3956643357882273,4.571625577833152,975,frame_000975.png
786,839,786,78,0.09923664122137404,41,0.5256410256410257,78,27,0.34615384615384615,445647.62731536146,5696614.068410773,477.1507716881364,0.7186596536776051,0.380804511718452,-0.28175394662923736,-32.54941175866175,1.5611992482674761,0.4382469942578967,-2.1088254917930556,-1.1797375354170754,-5.114943386509765,1.6783899,0.8169567,27,0.34615384615384615,445647.627315387,5696614.068410777,477.15077168601886,0.7186596792307682,0.3808045154437423,-0.2817539487467684,-32.5494117651092,1.561199341922298,0.43824707771205096,-2.1088254982405203,-1.1797374417622564,-5.114943303055611,1.6783899,0.8169567,445646.9086557078,5696613.687606261,477.4325256347656,-30.44058626686869,2.7409367836845506,5.553190380767651,976,frame_000976.png
794,818,794,79,0.09949622166246852,49,0.620253164556962,79,26,0.3291139240506329,445647.42051558965,5696613.504678909,477.2462109413307,0.4464589093113318,-0.06533379945904016,-0.17236816023182655,-31.245193388163464,3.9666639065158735,-3.3104480543475816,-1.3423845686371294,-0.20297174099991366,-9.809356318143585,1.7469938,0.6741302,26,0.3291139240506329,445647.42051558936,5696613.504678909,477.24621094127383,0.4464589090202935,-0.06533379945904016,-0.17236816028866997,-31.245193388122892,3.966663905516718,-3.310448055409933,-1.3423845685965716,-0.20297174199905044,-9.809356319205932,1.7469938,0.6741302,445646.97405668034,5696613.570012708,477.4185791015625,-29.90280881952633,4.169635647515776,6.4989082637960065,977,frame_000977.png
798,840,798,78,0.09774436090225563,46,0.5897435897435898,78,25,0.32051282051282054,445644.70231176587,5696610.943710724,476.83043302408396,-2.338997885468416,-2.486831109970808,-0.596752034509791,-34.93382326150223,-7.631717162247226,-17.330053132536456,-4.482204875987435,-6.1832084105105025,-19.30937252610164,6.738417,4.3485103,25,0.32051282051282054,445648.47569191,5696613.745692135,477.2099276876626,1.4343822586815804,0.3151503009721637,-0.2172573709311223,-31.683982219634643,0.48205037288275865,4.884073578579943,-1.2323638341198375,1.9305591246194922,2.9047541850147525,1.7442468,0.72095567,445647.04130965134,5696613.430541834,477.42718505859375,-30.4516183855148,-1.4485087517367259,1.9793193935651883,978,frame_000978.png
830,850,830,81,0.09759036144578313,52,0.6419753086419753,81,28,0.345679012345679,445647.2909394993,5696612.7597362725,477.25981365667315,0.08340036706067622,-0.41899061668664217,-0.1630073882487295,-32.47204404782349,-5.982319307996789,-0.29118717044255205,-1.7736089434231985,-0.5450116727506895,-0.17532460137528005,1.9107658,0.75195026,28,0.345679012345679,445647.2909395481,5696612.759736304,477.2598136604878,0.08340041589690372,-0.41899058502167463,-0.16300738443408136,-32.47204400191057,-5.9823191904923645,-0.29118690558827015,-1.773608897510286,-0.5450115552462762,-0.1753243365209869,1.9107658,0.75195026,445647.2075391322,5696613.178726889,477.4228210449219,-30.698435104400282,-5.4373076352460865,-0.1158625690672759,979,frame_000979.png
792,867,792,88,0.1111111111111111,46,0.5227272727272727,88,31,0.3522727272727273,445647.7776005532,5696612.970530361,477.32171169624274,0.4422581179533154,-0.10680316295474768,-0.11468967094475602,-32.158980693503956,-1.3871728887532737,-1.57357941907652,-1.446911397049945,0.037089354076869085,-5.008293793825061,1.730541,0.85482764,31,0.3522727272727273,445647.77760055364,5696612.970530363,477.3217116960258,0.44225811841897666,-0.10680316109210253,-0.11468967116172735,-32.15898069249352,-1.3871728925078097,-1.5735794086491603,-1.4469113960395248,0.03708935032233285,-5.008293783397676,1.730541,0.85482764,445647.3353424352,5696613.077333524,477.4364013671875,-30.71206929645401,-1.4242622428301317,3.4347143747485283,980,frame_000980.png
752,824,752,95,0.12632978723404256,55,0.5789473684210527,95,31,0.3263157894736842,445647.45965650264,5696613.050112666,477.2349316427057,0.08418133453233168,-0.022556789219379425,-0.19625121862242167,-32.09968154249311,-1.0717490439459252,-3.450514195158133,-1.5839071374882678,-1.6382653193928434,-8.074228761820535,1.71118,0.81519127,31,0.3263157894736842,445647.459656502,5696613.050112666,477.23493164259133,0.0841813338920474,-0.022556789219379425,-0.19625121873679063,-32.09968154264098,-1.0717490470006563,-3.4505141959722616,-1.5839071376361176,-1.6382653224475519,-8.074228762634675,1.71118,0.81519127,445647.3754751681,5696613.072669455,477.4311828613281,-30.515774405004848,0.5665162754469049,4.62371456666241,981,frame_000981.png
771,846,771,76,0.09857328145265888,46,0.6052631578947368,76,30,0.39473684210526316,445649.413338312,5696609.562982254,476.5791652116202,1.9790774107095785,-3.551172255538404,-0.8489964094735569,-29.977248233228803,17.787788305931002,-14.834278241152516,0.026757742309598598,15.22457913512693,-20.66859509208777,25.221418,7.0487843,30,0.39473684210526316,445647.9349626285,5696613.137768792,477.2904315831812,0.5007017272291705,0.023614282719790936,-0.13773003791254723,-31.404007508948286,2.6638368447840395,-3.258746994526777,-1.4000015334098919,0.10062767397997163,-9.09306384546204,1.5670655,0.7362077,445647.4342609013,5696613.114154509,477.42816162109375,-30.00400597553839,2.56320917080408,5.834316850935249,982,frame_000982.png
812,853,812,91,0.11206896551724138,52,0.5714285714285714,91,35,0.38461538461538464,445649.02202428115,5696606.7178647965,475.44305012808877,1.56686369900126,-6.417948407121003,-1.978672284020604,-25.16591171264175,23.033015917963088,-31.73652764228779,4.818538985588646,21.227021148873007,-38.23446780558146,29.28893,16.037878,35,0.38461538461538464,445647.4677054859,5696612.907713374,477.260219902562,0.012544903729576617,-0.2280998295173049,-0.16150250954734702,-31.505937838450603,0.6952491076817411,-6.409725455040351,-1.5214871402202164,-1.1107456614083446,-12.907665618334022,1.8060129,0.6430466,445647.45516058215,5696613.135813204,477.4217224121094,-29.984450698230386,1.805994769090085,6.497940163293685,983,frame_000983.png
795,826,795,89,0.1119496855345912,44,0.4943820224719101,89,27,0.30337078651685395,445647.5656746316,5696613.18246993,477.2600868973959,0.08782161545241252,0.029835481196641922,-0.15833961627595272,-31.93480873653421,-0.726475950688587,-5.411039628107823,-1.600387033810705,-1.5863789449473416,-12.146428665831564,1.8839761,0.7644694,27,0.30337078651685395,445647.56567461556,5696613.1824699035,477.26008689634256,0.0878215993870981,0.029835455119609833,-0.15833961732931812,-31.934808746526578,-0.7264759496068152,-5.411039780187239,-1.6003870438030674,-1.5863789438655544,-12.146428817910987,1.8839761,0.7644694,445647.4778530162,5696613.152634448,477.4184265136719,-30.33442170272351,0.8599029942587452,6.735389037723745,984,frame_000984.png
773,820,773,83,0.1073738680465718,49,0.5903614457831325,83,26,0.3132530120481928,445647.5091604984,5696613.347170317,477.2911897985684,-0.032082426943816245,0.1764555061236024,-0.09967934205661777,-31.686360794391003,-1.8464399743973952,-3.9693585562338156,-1.4313269689619403,-2.554837384485751,-9.749732558277316,1.8915241,0.6304137,26,0.3132530120481928,445647.5091604992,5696613.347170316,477.29118979856344,-0.03208242612890899,0.17645550519227982,-0.09967934206156315,-31.686360794781574,-1.846439967491941,-3.9693585593177985,-1.4313269693525115,-2.5548373775802986,-9.749732561361299,1.8915241,0.6304137,445647.54124292533,5696613.1707148105,477.390869140625,-30.25503382542907,0.7083974100883613,5.780374002043511,985,frame_000985.png
751,831,751,82,0.10918774966711052,46,0.5609756097560976,82,28,0.34146341463414637,445647.66312405036,5696613.129610478,477.20216670199744,0.10967006901046261,-0.04363999795168638,-0.18174443081505842,-31.773523716320806,-0.9889306817139534,-4.613648720988217,-1.6226928315349767,-1.3856662217526434,-10.402222330203017,1.9003525,0.73254985,28,0.34146341463414637,445647.6631240525,5696613.129610481,477.2021667017951,0.10967007116414607,-0.04363999515771866,-0.181744431017421,-31.77352371487385,-0.9889306791613276,-4.613648704640685,-1.6226928300880274,-1.3856662192000329,-10.402222313855475,1.9003525,0.73254985,445647.55345398135,5696613.173250476,477.3839111328125,-30.15083088478583,0.3967355400386939,5.788573609214793,986,frame_000986.png
765,844,765,80,0.10457516339869281,55,0.6875,80,34,0.425,445648.19067912217,5696613.635327986,477.1292484911315,0.6264029462472536,0.45892133098095655,-0.2487727491028977,-31.510301328316153,-0.16166568564143804,0.06797866964400949,-1.2000361353810547,-0.6388107413610555,-4.769986311366608,1.7490028,0.7874897,34,0.425,445648.19067912205,5696613.635327986,477.1292484911869,0.6264029461308382,0.45892133098095655,-0.24877274904747537,-31.510301328456485,-0.16166568535605516,0.06797866822537178,-1.200036135521401,-0.6388107410756731,-4.7699863127852495,1.7490028,0.7874897,445647.5642761759,5696613.176406655,477.3780212402344,-30.310265192935095,0.4771450557196159,4.837964981010628,987,frame_000987.png
792,805,792,78,0.09848484848484848,51,0.6538461538461539,78,26,0.3333333333333333,445647.7349305867,5696613.007764475,477.17066795860234,0.1713256661896594,-0.17738792207092047,-0.20613257850703803,-31.827401012101184,0.4742317762404374,-4.5867537415297255,-1.560524176712164,-0.7745461727350573,-10.098757231276409,1.7309673,0.8872682,26,0.3333333333333333,445647.7349305867,5696613.007764475,477.1706679585759,0.1713256661896594,-0.17738792207092047,-0.20613257853347022,-31.827401012172576,0.47423177705367897,-4.586753742620559,-1.5605241767835594,-0.7745461719217985,-10.098757232367234,1.7309673,0.8872682,445647.5636049205,5696613.1851523975,477.3768005371094,-30.26687683538901,1.2487779489754813,5.512003489746688,988,frame_000988.png
788,844,788,90,0.11421319796954314,58,0.6444444444444445,90,35,0.3888888888888889,445648.04008144775,5696613.268059946,477.2593067424123,0.4830036421190016,0.03523385617882013,-0.12915150954080445,-31.55507011736559,1.0046266661305885,-3.6136446329783873,-1.2786169546018016,-0.14056640579318014,-9.754241719773688,1.962163,0.69881403,35,0.3888888888888889,445648.04008144885,5696613.268059945,477.25930674274156,0.48300364322494715,0.03523385524749756,-0.12915150921156737,-31.55507011751187,1.0046266741828525,-3.6136446355593956,-1.2786169547480881,-0.14056639774091195,-9.754241722354692,1.962163,0.69881403,445647.5570778056,5696613.2328260895,477.3884582519531,-30.276453162763794,1.1451930719237688,6.140597086795289,989,frame_000989.png
782,820,782,95,0.12148337595907928,65,0.6842105263157895,95,31,0.3263157894736842,445647.7931232507,5696613.7213617945,477.25618753699706,0.23268373729661107,0.46457403618842363,-0.12924947472174608,-31.797261455698912,-0.7071436096566395,-2.0899047551903807,-1.3548877406836368,-2.221730826190395,-8.00078141648828,1.9878187,0.7780571,31,0.3263157894736842,445647.7931230706,5696613.721362099,477.25618755443116,0.2326835572021082,0.46457434073090553,-0.12924945728764214,-31.79726135969918,-0.7071451553994742,-2.0899039294877158,-1.3548876446838847,-2.2217323719332285,-8.00078059078561,1.9878187,0.7780571,445647.5604395134,5696613.256787758,477.3854370117188,-30.44237371501529,1.514587216533765,5.910876661297904,990,frame_000990.png
781,837,781,104,0.13316261203585147,58,0.5576923076923077,104,34,0.3269230769230769,445649.2326035775,5696609.989231283,477.23172070457093,1.6766980757238343,-3.2862026961520314,-0.1556389145696926,-30.654069476859117,14.412196611652382,-13.440196091214569,-0.2934126744467278,12.962520922181824,-18.710018991233653,14.623645,7.0729413,34,0.3269230769230769,445648.28316406405,5696613.156870058,477.3218185852936,0.7272585622849874,-0.11856392119079828,-0.06554103384701193,-31.784841261638462,2.7421187400485163,-2.685327017073947,-1.424184459226069,1.2924430505779583,-7.955149917093024,1.6321025,0.79225385,445647.55590550177,5696613.275433979,477.3873596191406,-30.360656802412393,1.4496756894705563,5.269822900019075,991,frame_000991.png
795,860,795,90,0.11320754716981132,63,0.7,90,35,0.3888888888888889,445647.9266813667,5696613.436233083,477.1992345957075,0.37984589621191844,0.11268924549221992,-0.18214357812064463,-31.417998674398028,0.34151972892621085,-3.1893868943145987,-1.3074967702386857,-0.7785954588571258,-9.175122916157648,1.8903891,0.74329215,35,0.3888888888888889,445647.92668136786,5696613.436233084,477.19923459580525,0.37984589737607166,0.1126892464235425,-0.18214357802287395,-31.4179986743004,0.34151973336828517,-3.1893868903812708,-1.3074967701410571,-0.77859545441504,-9.17512291222431,1.8903891,0.74329215,445647.5468354705,5696613.323543837,477.3813781738281,-30.11050190415935,1.1201151877833315,5.9857360218430475,992,frame_000992.png
775,817,775,94,0.12129032258064516,54,0.574468085106383,94,39,0.4148936170212766,445648.1039428412,5696613.195053922,477.26981321764964,0.5513640646822751,-0.14634728617966175,-0.1040881495378585,-31.66981128591082,1.0948252687543105,-3.204281164985127,-1.491791781156138,0.5550510904597274,-8.78517649993907,1.7453803,0.7699355,39,0.4148936170212766,445648.10394283966,5696613.19505392,477.2698132177119,0.5513640631688759,-0.1463472880423069,-0.10408814947561496,-31.6698112861739,1.094825265159604,-3.204281173274805,-1.4917917814192379,0.5550510868650065,-8.785176508228744,1.7453803,0.7699355,445647.5525787765,5696613.341401208,477.3739013671875,-30.178019504754673,0.5397741782945954,5.580895334953944,993,frame_000993.png
745,845,745,86,0.11543624161073826,50,0.5813953488372093,86,30,0.3488372093023256,445648.0673593717,5696613.161877134,477.1786031517327,0.5156109716626815,-0.19002042338252068,-0.20552160412665899,-31.856168921927726,1.3545612187771454,-3.3312456188043504,-1.6340093102614333,0.5482465422903147,-8.521852423988435,1.9236162,0.70415246,30,0.3488372093023256,445648.0673593717,5696613.161877134,477.1786031517582,0.5156109716626815,-0.19002042338252068,-0.20552160410119313,-31.85616892189335,1.354561218055563,-3.3312456181529733,-1.6340093102270714,0.5482465415687443,-8.521852423337066,1.9236162,0.70415246,445647.55174840003,5696613.351897557,477.3841247558594,-30.22215961166629,0.8063146764868306,5.190606805184099,994,frame_000994.png
801,841,801,99,0.12359550561797752,62,0.6262626262626263,99,33,0.3333333333333333,445643.1881845262,5696619.088983075,474.3917423131991,-4.358673652692232,5.7170028276741505,-2.9981197473478005,-26.765499491681332,-38.869948679346074,11.753618409611159,3.5005172008934835,-39.490880236794965,6.3087841123461885,53.28622,41.922134,33,0.3333333333333333,445648.33421360643,5696613.181134467,477.18320932920943,0.7873554275138304,-0.1908457800745964,-0.20665273133744222,-31.61172382317601,2.299100421227146,-2.8506066033171855,-1.3457071306011983,1.678168863778268,-8.29544090058215,1.7719216,0.7573869,445647.5468581789,5696613.371980247,477.3898620605469,-30.26601669257482,0.620931557448887,5.444834297264958,995,frame_000995.png
803,871,803,93,0.11581569115815692,49,0.5268817204301075,93,31,0.3333333333333333,445647.9182131507,5696613.671021241,477.27884511628264,0.38082961010513827,0.28262535110116005,-0.10952158293616776,-31.620579030434712,0.5022333569856383,-2.4700403964182014,-1.347213308758711,-1.268001060720593,-8.527615037317219,1.7586217,0.7466854,31,0.3333333333333333,445647.91821315134,5696613.671021239,477.2788451161666,0.38082961074542254,0.2826253492385149,-0.10952158305218518,-31.62057903097376,0.5022333639751089,-2.4700404017268194,-1.3472133092977856,-1.2680010537311261,-8.527615042625825,1.7586217,0.7466854,445647.5373835406,5696613.38839589,477.3883666992188,-30.27336572167599,1.770234417706223,6.057574640899016,996,frame_000996.png
788,837,788,87,0.11040609137055837,51,0.5862068965517241,87,29,0.3333333333333333,445647.8496557529,5696613.678288106,477.23782369387555,0.3348091019433923,0.26699852012097836,-0.1451413940150701,-31.586383268128074,1.6202148495796123,-2.0637113390450152,-1.43506262281673,-1.164086274975233,-7.529138172270194,1.9301498,0.66023743,29,0.3333333333333333,445647.8496557529,5696613.678288106,477.2378236938753,0.3348091019433923,0.26699852012097836,-0.14514139401529746,-31.586383268131275,1.6202148495735864,-2.0637113391401924,-1.4350626228199417,-1.1640862749812584,-7.5291381723653785,1.9301498,0.66023743,445647.51484665094,5696613.411289586,477.3829650878906,-30.151320645311344,2.7843011245548404,5.465426833225179,997,frame_000997.png
813,855,813,81,0.0996309963099631,52,0.6419753086419753,81,30,0.37037037037037035,445649.6454231794,5696610.3141968185,476.52600441889706,2.1632649673265405,-3.1199997775256634,-0.8519557861810654,-30.913605884321235,18.99486922567114,-10.312731898020017,-0.5831745279309644,15.096622874918467,-14.481796379234112,31.061296,8.050234,30,0.37037037037037035,445648.0100745379,5696613.497164622,477.2109256881821,0.5279163258383051,0.06296802591532469,-0.1670345168960239,-31.737958395653383,4.0026520252159905,-1.0840800144269516,-1.4075270392631296,0.10440567446329396,-5.253144495641038,1.7832514,0.63516873,445647.48215821205,5696613.434196596,477.3779602050781,-30.330431356390264,3.8982463507526854,4.1690644812140984,998,frame_000998.png
843,832,843,85,0.10083036773428232,45,0.5294117647058824,85,31,0.36470588235294116,445648.07047534495,5696613.145669382,477.1049972388499,0.6568337015924044,-0.33607982844114304,-0.2613662865407491,-31.836571275520537,6.089782408827073,-3.7377134358037005,-1.5144054939734701,1.7574462088302596,-9.187547982038154,1.7612156,0.7056524,31,0.36470588235294116,445648.07047534484,5696613.145669383,477.10499723893366,0.6568337014759891,-0.33607982750982046,-0.2613662864569619,-31.836571275526225,6.089782407008197,-3.737713434031362,-1.5144054939791545,1.7574462070113839,-9.187547980265833,1.7612156,0.7056524,445647.41364164336,5696613.4817492105,477.3663635253906,-30.322165781547074,4.332336199996816,5.4498345462344675,999,frame_000999.png
842,828,842,85,0.10095011876484561,54,0.6352941176470588,85,31,0.36470588235294116,445645.1840392974,5696617.858026887,476.17453390340137,-2.201220096962061,4.364322191104293,-1.1915549637861318,-30.065803133782325,-19.99706922643963,9.810853236250964,0.06294105257958904,-23.468970868669857,5.096992966121178,28.375328,18.408604,31,0.36470588235294116,445648.2346901551,5696613.329847897,477.1935844066261,0.8494307607179508,-0.16385679878294468,-0.172504460561413,-31.52945219332412,5.4843278258974095,-1.8446240349315501,-1.4007080069621907,2.0124261836671735,-6.5584843050613415,1.8719646,0.6776542,445647.38525939436,5696613.493704696,477.3660888671875,-30.12874418636192,3.471901642230229,4.713860270129799,1000,frame_001000.png
805,839,805,77,0.09565217391304348,49,0.6363636363636364,77,26,0.33766233766233766,445648.14824860444,5696612.93059855,477.11029521946654,0.7898794714128599,-0.5639012278988957,-0.2682143020178387,-31.747308321620718,6.796796906506718,-3.6403480620055184,-1.4609012621888269,2.7983893804098727,-8.23595138317495,8.241507,2.385688,26,0.33766233766233766,445647.89911370556,5696613.356968974,477.16544253958716,0.540744572528638,-0.13753080368041992,-0.21306698189721374,-31.86187156098718,4.738875381447952,-2.2544799056717424,-1.5754645015553024,0.7404678553511133,-6.850083226841178,1.8654954,0.6694824,445647.358369133,5696613.494499777,477.3785095214844,-30.28640705943188,3.9984075260968486,4.595603321169443,1001,frame_001001.png
881,847,881,90,0.1021566401816118,47,0.5222222222222223,90,29,0.32222222222222224,445647.83208611415,5696613.71374245,477.26457529569865,0.4960903688916005,0.21411339193582535,-0.11634511445760154,-31.620697940156603,3.0836301839683515,-0.8831569397784812,-1.4143451495909574,-0.5033302168447733,-5.37725222982553,1.9261539,0.608124,29,0.32222222222222224,445647.8320861139,5696613.713742451,477.2645752957395,0.4960903686587699,0.21411339286714792,-0.11634511441673112,-31.62069794008518,3.083630182111632,-0.8831569389974449,-1.4143451495195336,-0.5033302187014783,-5.377252229044473,1.9261539,0.608124,445647.33599574526,5696613.499629058,477.38092041015625,-30.20635279056564,3.5869604008131124,4.49409529004704,1002,frame_001002.png
858,844,858,99,0.11538461538461539,56,0.5656565656565656,99,35,0.35353535353535354,445649.2097333458,5696610.601618494,476.1538387087483,1.906497038435191,-2.8873471366241574,-1.2361759396891898,-29.99572725048817,17.934162161813614,-11.299607885350792,0.19964558991128456,14.325203110770218,-15.970926848433834,13.115613,7.1954055,35,0.35353535353535354,445647.8325817145,5696613.435741529,477.1743137354422,0.5293454071506858,-0.0532241016626358,-0.21570091299531668,-31.73352129334043,3.9319887009197596,-2.14983609097676,-1.538148452940959,0.32302964987636074,-6.821155054059801,1.732433,0.6932921,445647.30323630734,5696613.4889656305,477.3900146484375,-30.195372840399465,3.608959051043398,4.671318963083052,1003,frame_001003.png
851,839,851,90,0.10575793184488837,51,0.5666666666666667,90,26,0.28888888888888886,445647.5038900814,5696613.59588958,477.16338703296935,0.2130796157871373,0.11362210009247065,-0.2304728303119532,-32.020089277565035,1.9335902971101453,-1.8975732715025102,-1.7438153957829456,-1.608817625378549,-6.3010870943790565,1.7778075,0.6263923,26,0.28888888888888886,445647.5038900812,5696613.59588958,477.1633870329363,0.21307961555430666,0.11362210009247065,-0.23047283034497923,-32.020089277587616,1.9335902962888027,-1.8975732722894074,-1.743815395805541,-1.6088176261998797,-6.30108709516594,1.7778075,0.6263923,445647.29081046564,5696613.48226748,477.3938598632813,-30.27627388178208,3.5424079224886826,4.403513822876539,1004,frame_001004.png
853,830,853,95,0.11137162954279015,62,0.6526315789473685,95,30,0.3157894736842105,445639.7121859967,5696612.492907605,471.8233855629864,-7.568629143992439,-0.9753422299399972,-5.569802913576098,-8.609146272245766,-48.38496691833498,-10.870498959191028,21.563153127058257,-51.027955204469606,-15.02135310255133,214.48262,94.34641,30,0.3157894736842105,445648.2000536963,5696613.429679906,477.31669799829046,0.9192385555943474,-0.03856992907822132,-0.07649047827203503,-31.500955388512118,4.487837448716941,-0.4666593179624398,-1.3286559892081016,1.8448491625823351,-4.617513461322744,1.7161496,0.5457724,445647.2808151407,5696613.468249835,477.3931884765625,-30.172299399304016,2.642988286134608,4.150854143360296,1005,frame_001005.png
825,832,825,90,0.10909090909090909,52,0.5777777777777777,90,34,0.37777777777777777,445647.67758136074,5696613.658087367,477.20987700042707,0.4053790385951288,0.2071995222941041,-0.18541718902605453,-31.82960529067333,2.476555153877598,-1.0156767112619502,-1.5820162219594636,-1.0444196660887144,-5.419734476995501,1.7651983,0.814683,34,0.37777777777777777,445647.67758159403,5696613.658087247,477.20987704530904,0.40537927189143375,0.20719940215349197,-0.1854171441440826,-31.829605277965126,2.4765564432722327,-1.0156766062273874,-1.5820162092512646,-1.0444183766940682,-5.419734371960942,1.7651981,0.8146829,445647.27220232214,5696613.450887845,477.3952941894531,-30.24758906871387,3.520974819966305,4.404057765733553,1006,frame_001006.png
826,844,826,85,0.10290556900726393,41,0.4823529411764706,85,26,0.3058823529411765,445647.88402443496,5696613.679985777,477.1623804561779,0.618452895549126,0.254439702257514,-0.23596549108771114,-31.63304440760303,3.2113463750574116,-0.34079966458166705,-1.494080230592715,-0.21498301556118804,-4.816109811113904,1.9950922,0.64479506,26,0.3058823529411765,445647.88402445,5696613.679985796,477.162380452748,0.6184529105667025,0.25443972181528807,-0.23596549451764304,-31.63304440231665,3.21134638829822,-0.34079953922054845,-1.4940802253063339,-0.21498300232036627,-4.816109685752792,1.9950922,0.64479506,445647.2655715394,5696613.425546074,477.3983459472656,-30.13896417701032,3.426329390618595,4.475310146532247,1007,frame_001007.png
820,847,820,92,0.11219512195121951,50,0.5434782608695652,92,35,0.3804347826086957,445647.53289125336,5696613.535921995,477.17475817726154,0.25959784496808425,0.13079471420496702,-0.22358777000408736,-31.96144554206147,-1.7697088468893818,0.7712661287071687,-2.0604117378818785,-2.283010703529726,-1.420729863733328,1.7768949,0.6240698,35,0.3804347826086957,445647.5328912559,5696613.535921995,477.17475817754126,0.2595978475292213,0.13079471420496702,-0.2235877697243609,-31.96144554164456,-1.7697088363937084,0.7712661356253669,-2.0604117374649604,-2.2830106930340435,-1.4207298568151145,1.7768949,0.6240698,445647.2732934084,5696613.40512728,477.3983459472656,-29.901033804179587,0.5133018566403313,2.1919959924404853,1008,frame_001008.png
823,819,823,90,0.10935601458080195,50,0.5555555555555556,90,30,0.3333333333333333,445647.7425092122,5696613.284530979,477.2349543396342,0.43738232529722154,-0.10858709644526243,-0.1420293029439108,-32.54926008788534,0.18790342751272035,-3.3211306294591183,-1.8007386504779674,-0.21528877980708216,-8.585470712795342,1.6845158,0.75130564,30,0.3333333333333333,445647.74250921106,5696613.284530978,477.2349543397596,0.4373823241330683,-0.108587097376585,-0.14202930281851422,-32.549260088501875,0.18790342593883014,-3.321130637382019,-1.8007386510944912,-0.21528878138099117,-8.585470720718234,1.6845158,0.75130564,445647.30512688693,5696613.393118075,477.3769836425781,-30.748521437407373,0.4031922073198119,5.2643400833362195,1009,frame_001009.png
824,820,824,81,0.0983009708737864,55,0.6790123456790124,81,36,0.4444444444444444,445647.79461814644,5696613.60516762,477.1670665131501,0.4853626796393655,0.2252840595319867,-0.19804579153742452,-32.21075782628895,-2.273664254315429,-2.074284998352687,-1.4331648843881624,-0.7686660854089951,-7.593549596030954,1.7467613,0.8107082,36,0.4444444444444444,445647.79461814644,5696613.60516762,477.16706651315536,0.4853626796393655,0.2252840595319867,-0.19804579153213808,-32.2107578263063,-2.2736642542371492,-2.074284998472406,-1.4331648844054996,-0.7686660853307217,-7.593549596150666,1.7467613,0.8107082,445647.3092554668,5696613.37988356,477.3651123046875,-30.77759294190079,-1.5049981689064214,5.519264597678265,1010,frame_001010.png
830,816,830,101,0.1216867469879518,60,0.594059405940594,101,32,0.31683168316831684,445647.5241115719,5696613.519863854,477.16959599920983,0.23778684256831184,0.14873105194419622,-0.19057245782147447,-32.28150506471825,-2.259446912464864,-2.602219030631995,-1.594239426697527,-1.7457688227819403,-7.593936394036348,1.9303243,0.75213426,32,0.31683168316831684,445647.52411157143,5696613.519863854,477.169595999121,0.23778684210265055,0.14873105194419622,-0.19057245791032074,-32.28150506483601,-2.2594469139356312,-2.6022190324483563,-1.5942394268152782,-1.745768824252707,-7.593936395852722,1.9303243,0.75213426,445647.2863247293,5696613.371132802,477.3601684570313,-30.68726563802073,-0.5136780896829333,4.991717363404355,1011,frame_001011.png
833,818,833,81,0.09723889555822329,46,0.5679012345679012,81,31,0.38271604938271603,445647.7472444699,5696613.316805201,477.26148048693517,0.5046273570042104,-0.05015046242624521,-0.10439475720545488,-31.912566972707516,1.8763755957226522,-1.1265363524773173,-1.3241743373345685,0.11893231767970747,-4.711246041905184,1.7247466,0.64454454,31,0.38271604938271603,445647.7472444704,5696613.3168052,477.2614804870102,0.5046273575280793,-0.05015046335756779,-0.10439475713042157,-31.912566972693746,1.8763755981985344,-1.1265363514951856,-1.324174337320784,0.11893232015560784,-4.711246040923044,1.7247466,0.64454454,445647.2426171129,5696613.366955663,477.3658752441406,-30.588392635372955,1.7574432780429359,3.5847096894278647,1012,frame_001012.png
880,846,880,81,0.09204545454545454,51,0.6296296296296297,81,34,0.41975308641975306,445647.6614560667,5696613.35235956,477.2433025758502,0.5844276307034306,0.01338400412350893,-0.1766498167279451,-32.570453774281496,3.5810259622277463,1.028718049639777,-1.495420344660971,0.410294749821702,-1.4021313053418965,1.6746964,0.78470945,34,0.41975308641975306,445647.66145606665,5696613.352359559,477.2433025758621,0.584427630645223,0.013384003192186356,-0.176649816716008,-32.570453774294506,3.5810259622958998,1.0287180489355827,-1.4954203446739598,0.41029474988985726,-1.4021313060460727,1.6746964,0.78470945,445647.077028436,5696613.338975556,477.4199523925781,-31.075033429620532,3.170731212406047,2.4308493549816603,1013,frame_001013.png
879,854,879,79,0.08987485779294653,44,0.5569620253164557,79,27,0.34177215189873417,445647.2234973796,5696613.143237934,477.09903091490554,0.1925241740536876,-0.08334732707589865,-0.3092637628288344,-31.467583764115634,2.101564816012872,1.5692847526682048,-1.7364578535656392,-2.0824603604494314,1.426430224192643,1.8042465,0.7032738,27,0.34177215189873417,445647.2234973811,5696613.143237931,477.09903091460325,0.19252417556708679,-0.08334733080118895,-0.3092637631311277,-31.467583764120967,2.10156483309562,1.5692847387933777,-1.7364578535709825,-2.0824603433666766,1.4264302103178181,1.8042465,0.7032738,445647.0309732055,5696613.2265852615,477.4082946777344,-29.73112591055,4.184025176462301,0.1428545284755647,1014,frame_001014.png
816,827,816,85,0.10416666666666667,50,0.5882352941176471,85,27,0.3176470588235294,445648.0224494307,5696612.974870103,477.3076633452374,0.9179223961546086,-0.022303090430796146,-0.0942531586688915,-32.36235871606234,4.573775332479053,-0.19619998764707647,-1.3727244714882545,1.6280785549587335,-4.218152113668225,1.7885429,0.7923321,27,0.3176470588235294,445648.0224494347,5696612.974870103,477.3076633457371,0.9179224001127295,-0.022303090430796146,-0.094253158169181,-32.36235871652067,4.573775348604017,-0.19619997682827778,-1.372724471946583,1.6280785710837051,-4.218152102849444,1.7885429,0.7923321,445647.10452703456,5696612.997173194,477.4019165039063,-30.9896342445741,2.945696777520305,4.021952126021158,1015,frame_001015.png
777,851,777,87,0.11196911196911197,50,0.5747126436781609,87,31,0.3563218390804598,445647.589892067,5696612.924253926,477.202247778609,0.42714914976386353,0.03874198440462351,-0.19948561982852198,-32.41216708586442,4.261432995776913,-1.2659654612387174,-1.6160441366943417,-1.1202123623965576,-5.478743998077931,1.8006847,0.80497223,31,0.3563218390804598,445647.5898920669,5696612.924253925,477.2022477786851,0.4271491496474482,0.038741983473300934,-0.19948561975240864,-32.41216708581257,4.261432996776397,-1.2659654638756601,-1.616044136642472,-1.1202123613970798,-5.478744000714869,1.8006847,0.80497223,445647.16274291725,5696612.885511941,477.4017333984375,-30.796122949170087,5.381645358173466,4.212778536839202,1016,frame_001016.png
828,864,828,96,0.11594202898550725,57,0.59375,96,34,0.3541666666666667,445647.79168697784,5696612.917921479,477.2193341155761,0.5650718249962665,0.13792191911488771,-0.19588805239271778,-32.39320422281961,6.115002216465397,-0.32162839289916234,-1.4400877821364304,-0.7001808280971034,-4.342452931958491,1.7515224,0.7666369,34,0.3541666666666667,445647.79168697825,5696612.91792148,477.2193341154655,0.5650718254037201,0.1379219200462103,-0.19588805250333508,-32.39320422291629,6.115002215533955,-0.3216283874427563,-1.4400877822330926,-0.7001808290285396,-4.342452926502091,1.7515224,0.7666369,445647.22661515285,5696612.77999956,477.4152221679688,-30.953116440683182,6.815183044562502,4.020824539059322,1017,frame_001017.png
811,864,811,84,0.10357583230579531,55,0.6547619047619048,84,39,0.4642857142857143,445648.0428003076,5696612.860948489,477.1650446271174,0.7525975260068662,0.1983125051483512,-0.2748662615544504,-32.69950617287262,6.387036983160556,0.3549878585001245,-1.55031522630469,-0.3505143301527198,-3.6556544712554455,1.8101699,0.77013415,39,0.4642857142857143,445648.0428003072,5696612.860948487,477.1650446273318,0.7525975255994126,0.19831250328570604,-0.27486626134009384,-32.69950617267002,6.387036986035774,0.35498785011605605,-1.5503152261021,-0.35051432727749443,-3.6556544796395087,1.8101699,0.77013415,445647.2902027816,5696612.662635984,477.4399108886719,-31.149190946567924,6.7375513133132685,4.010642329755579,1018,frame_001018.png
816,835,816,85,0.10416666666666667,52,0.611764705882353,85,33,0.38823529411764707,445648.15248965,5696612.129093549,477.2700895108268,0.5706719153095037,-0.1658341083675623,-0.17436849698572132,-31.81420355339982,7.974485556842202,-1.275754572968244,-1.5470918788126937,0.3273633362954911,-4.791744300168489,1.8553026,0.76521236,33,0.38823529411764707,445648.15248965274,5696612.12909356,477.2700895100829,0.5706719180452637,-0.1658340971916914,-0.1743684977295743,-31.81420355596712,7.974485540964524,-1.2757545203194522,-1.5470918813799983,0.3273633204178168,-4.791744247519688,1.8553026,0.76521236,445647.5818177347,5696612.294927658,477.4444580078125,-30.267111674587113,7.647122220546717,3.5159897272002447,1019,frame_001019.png
805,832,805,68,0.084472049689441,44,0.6470588235294118,68,25,0.36764705882352944,445648.0157234605,5696612.046111196,477.20943949862874,0.3010999758844264,-0.12442456744611263,-0.23111225918376022,-32.320441185455145,6.021774997184188,-2.623156625964304,-1.7022463798453202,-1.2643175698134996,-6.86187529113414,1.7276591,0.6800542,25,0.36764705882352944,445648.0157234617,5696612.046111197,477.2094394985683,0.3010999770485796,-0.12442456651479006,-0.23111225924418477,-32.32044118563192,6.021774999003283,-2.623156617845713,-1.7022463800221033,-1.2643175679943965,-6.861875283015536,1.7276591,0.6800542,445647.71462348464,5696612.170535764,477.4405517578125,-30.618194805609825,7.286092566997689,4.238718665169829,1020,frame_001020.png
831,907,831,72,0.08664259927797834,53,0.7361111111111112,72,29,0.4027777777777778,445648.2708045596,5696611.7301074825,477.22030863344423,0.015322300139814615,-0.04033668711781502,-0.21252217710264176,-32.37241968637748,5.107015726258325,-2.983652740200691,-1.5485065777315015,-2.2402903176549387,-7.040114137711356,1.7483218,0.7099882,29,0.4027777777777778,445648.27080455754,5696611.7301074825,477.2203086333572,0.015322298102546483,-0.04033668711781502,-0.21252217718966904,-32.37241968641995,5.10701571788755,-2.9836527456650037,-1.5485065777739635,-2.240290326025729,-7.040114143175657,1.7483218,0.7099882,445648.25548225944,5696611.77044417,477.4328308105469,-30.82391310864598,7.347306043913274,4.0564613975106525,1021,frame_001021.png
874,871,874,71,0.08123569794050343,51,0.7183098591549296,71,29,0.4084507042253521,445648.18455675524,5696611.360308474,477.2328242919303,-0.28780814562924206,-0.2526813019067049,-0.2004947998665898,-32.246445187207335,3.404911427419673,-4.341431766668372,-1.5293106329382908,-3.331892819607475,-8.169700806075895,2.0618687,0.64872736,29,0.4084507042253521,445648.18455675454,5696611.360308474,477.23282429192625,-0.287808146327734,-0.2526813019067049,-0.20049479987062568,-32.246445187352904,3.4049114255829083,-4.341431770305657,-1.5293106330838668,-3.331892821444228,-8.169700809713191,2.0618687,0.64872736,445648.47236490087,5696611.612989776,477.4333190917969,-30.71713455426905,6.736804247027139,3.828269039407527,1022,frame_001022.png
877,864,877,73,0.08323831242873432,51,0.6986301369863014,73,31,0.4246575342465753,445649.6427388577,5696610.842821353,477.18706473711956,0.6700468829949386,-0.4246220225468278,-0.23151436444294404,-32.278304432118716,2.5642366042752167,-3.265184692392343,-1.5871622346232925,0.03741876071336492,-7.71467914382788,1.661571,0.87227845,31,0.4246575342465753,445649.6427388661,5696610.842821356,477.18706473775825,0.6700468913768418,-0.42462201975286007,-0.2315143638042514,-32.27830443041175,2.564236630508166,-3.265184659608027,-1.587162232916313,0.037418786946318505,-7.71467911104358,1.661571,0.87227845,445648.9726919747,5696611.267443376,477.4185791015625,-30.691142197495434,2.526817843561845,4.4494944514355455,1023,frame_001023.png
842,871,842,79,0.09382422802850356,46,0.5822784810126582,79,30,0.379746835443038,445649.5996098286,5696610.576706447,477.29678742885494,0.0808765065157786,-0.36164915654808283,-0.09942228794193397,-32.491347143022466,0.6840232323564224,-5.428197844400551,-1.677189150118238,-1.399368162625933,-10.768483625027415,1.7275184,0.8579282,30,0.379746835443038,445649.5996098286,5696610.576706447,477.2967874288573,0.0808765065157786,-0.36164915654808283,-0.0994222879396034,-32.49134714302179,0.6840232322876661,-5.42819784437752,-1.677189150117556,-1.3993681626946852,-10.768483625004365,1.7275184,0.8579282,445649.5187333221,5696610.938355603,477.3962097167969,-30.814157992904242,2.083391394982363,5.3402857806268536,1024,frame_001024.png
866,879,866,74,0.08545034642032333,44,0.5945945945945946,74,28,0.3783783783783784,445650.6488357246,5696610.477138222,477.15802938716905,0.8658107866649516,-0.30129615031182766,-0.23485391361225538,-32.07826308576592,2.969319250179779,-2.9944214271364213,-1.5748073429146814,1.1873457320638465,-8.221542375544459,2.024027,0.75642025,28,0.3783783783783784,445650.64883572503,5696610.477138221,477.1580293871478,0.8658107870724052,-0.30129615124315023,-0.23485391363351482,-32.07826308595317,2.969319253841175,-2.9944214296422262,-1.5748073431019236,1.1873457357252448,-8.221542378050287,2.024027,0.75642025,445649.78302493796,5696610.7784343725,477.3928833007813,-30.503455742851244,1.7819735181159244,5.227120948408048,1025,frame_001025.png
879,835,879,83,0.09442548350398179,54,0.6506024096385542,83,35,0.42168674698795183,445650.87872771756,5696610.418683838,477.1519182486055,0.8357646457734518,-0.21536886040121317,-0.2431012826444885,-32.03221766233643,2.8192733658781473,-2.7492991349901765,-1.6709416143333726,0.7045475754028132,-7.966463442038503,1.6980911,0.8606969,35,0.42168674698795183,445650.87872771814,5696610.418683839,477.15191824854645,0.8357646463555284,-0.2153688594698906,-0.2431012827035488,-32.03221766230621,2.8192733673875017,-2.749299132285727,-1.6709416143031603,0.7045475769121481,-7.966463439334035,1.6980911,0.8606969,445650.0429630718,5696610.6340526985,477.39501953125,-30.361276048003056,2.1147257904753443,5.2171643070483205,1026,frame_001026.png
885,827,885,69,0.07796610169491526,39,0.5652173913043478,69,30,0.43478260869565216,445650.86680698197,5696610.257277411,477.2569112302279,0.5816469951532781,-0.23706175852566957,-0.14238076195960048,-32.0262778110745,2.2806856632096757,-4.606252579798505,-1.3777476412857936,-0.6715464675498026,-10.803537891034722,1.8670081,0.6638908,30,0.43478260869565216,445650.8668069808,5696610.2572774105,477.2569112303092,0.5816469939891249,-0.23706175945699215,-0.1423807618783144,-32.02627781144659,2.2806856602398544,-4.606252585271837,-1.3777476416578907,-0.6715464705196439,-10.803537896508061,1.8670081,0.6638908,445650.2851599868,5696610.49433917,477.3992919921875,-30.648530169788707,2.952232130759492,6.197285311236215,1027,frame_001027.png
906,823,906,78,0.08609271523178808,52,0.6666666666666666,78,27,0.34615384615384615,445651.73654980777,5696610.3801115975,477.1160552562122,0.9914445464964956,0.15576531179249287,-0.28857731214719706,-32.28578333507813,4.979942237579121,-0.6744836860632931,-1.565295905359818,1.2861305884125045,-5.847316237743769,1.8090408,0.7498792,27,0.34615384615384615,445651.7365498073,5696610.380111597,477.1160552560996,0.9914445460308343,0.1557653108611703,-0.28857731225974703,-32.285783335176845,4.979942239815302,-0.6744836936935751,-1.5652959054585267,1.2861305906486962,-5.8473162453740315,1.8090408,0.7498792,445650.7451052613,5696610.224346286,477.4046325683594,-30.72048742971832,3.6938116491666104,5.172832551680463,1028,frame_001028.png
903,821,903,68,0.0753045404208195,40,0.5882352941176471,68,23,0.3382352941176471,445651.92439753545,5696610.20304321,477.2646141983199,0.9599075497244485,0.11690399702638388,-0.15259161222695639,-31.707873347132676,4.24910079309578,-0.4992120865289413,-1.0841081343515953,0.6586515060255351,-5.00309063204125,1.5074861,0.6497749,23,0.3382352941176471,445651.92439753533,5696610.20304321,477.2646141984739,0.9599075496080332,0.11690399702638388,-0.15259161207296756,-31.707873347148706,4.24910079078066,-0.4992120842881176,-1.084108134367625,0.6586515037104164,-5.003090629800425,1.5074861,0.6497749,445650.9644899857,5696610.086139213,477.4172058105469,-30.62376521278109,3.5904492870702485,4.5038785455123165,1029,frame_001029.png
891,880,891,80,0.08978675645342311,42,0.525,80,34,0.425,445652.315570352,5696609.871204228,477.1002878960689,1.138405567908194,-0.07472892384976149,-0.31478168400923323,-32.288202393873675,4.979347192570367,-0.6691369522477673,-1.6572682799718166,1.7459646512618008,-5.245695370158444,1.7071986,0.7279943,34,0.425,445652.3155703535,5696609.871204227,477.1002878958853,1.1384055693633854,-0.07472892478108406,-0.3147816841928375,-32.28820239430585,4.979347199884859,-0.6691369510014251,-1.657268280403997,1.7459646585762982,-5.245695368912095,1.7071986,0.7279943,445651.1771647841,5696609.945933152,477.4150695800781,-30.63093411390186,3.233382541308558,4.576558417910681,1030,frame_001030.png
846,851,846,68,0.08037825059101655,38,0.5588235294117647,68,25,0.36764705882352944,445652.0840014041,5696609.7344879005,477.2717782083461,0.6881432703812607,-0.07749158330261707,-0.1361807760288798,-32.50238070342761,2.9938587278279,-1.6329610042176468,-1.5889170051214592,-0.49803773908783455,-6.03975839821689,1.9363906,0.7584158,25,0.36764705882352944,445652.08400139626,5696609.734487945,477.271778214327,0.6881432625232264,-0.07749153859913349,-0.1361807700479858,-32.502380693236475,2.9938585822173227,-1.6329608478558089,-1.5889169949303152,-0.4980378846984195,-6.039758241855054,1.9363906,0.7584158,445651.39585813374,5696609.811979484,477.407958984375,-30.913463698306163,3.4918964669157395,4.406797393999232,1031,frame_001031.png
877,907,877,76,0.08665906499429875,51,0.6710526315789473,76,29,0.3815789473684211,445652.80106649693,5696609.714721882,477.0623949752982,0.9900117294164374,0.17319938633590937,-0.34498417509240653,-32.63927212142603,5.109559033671237,0.29308392427301694,-1.7782314821089074,1.2137368019137398,-4.009646913377736,1.4538811,0.5694912,29,0.3815789473684211,445652.8010664998,5696609.714721893,477.06239497628934,0.9900117322686128,0.17319939751178026,-0.3449841741012847,-32.63927212049676,5.109559015352124,0.2930839764546952,-1.7782314811796311,1.2137367835946407,-4.009646861196046,1.4538811,0.5694912,445651.8110547675,5696609.541522495,477.4073791503906,-30.86104063931713,3.8958222317574904,4.302730837650739,1032,frame_001032.png
802,879,802,76,0.09476309226932668,51,0.6710526315789473,76,31,0.40789473684210525,-5559151.808089327,8089817.769780244,1951263.0111168115,-6004803.824024997,2393208.365440894,1950785.610909292,-92.86191565922664,-24.527636104769915,108.7062297063617,-62.11022834105161,-28.136276996299586,104.94269791994407,386.3436,183.73526,31,0.40789473684210525,445653.0187852548,5696609.095003865,477.1217876909755,1.0028495847363956,-0.30933548510074615,-0.2784198285557977,-32.71465301955816,5.578895810746455,-1.1089355070668652,-1.9629657013831263,1.970254919216785,-4.872467293484505,1.826602,0.64593196,445652.01593567006,5696609.40433935,477.4002075195313,-30.751687318175026,3.6086408915296815,3.76353178641765,1033,frame_001033.png
750,850,750,65,0.08666666666666667,38,0.5846153846153846,65,23,0.35384615384615387,445653.41240039945,5696608.862825636,476.97777761736717,1.1858021694933996,-0.4049621317535639,-0.41400705060164,-32.722028186821674,5.664679170142174,-1.8037955925711522,-1.4630838827661137,2.922756038671139,-6.327542305574298,1.578742,0.7794613,23,0.35384615384615387,445653.4124003998,5696608.862825634,476.9777776169725,1.1858021698426455,-0.40496213361620903,-0.41400705099630386,-32.72202818720157,5.664679176416768,-1.803795598917255,-1.4630838831460267,2.9227560449457144,-6.327542311920411,1.578742,0.7794613,445652.22659822996,5696609.267787768,477.3917846679688,-31.25894430405555,2.7419231314710397,4.523746713003147,1034,frame_001034.png
769,857,769,57,0.0741222366710013,33,0.5789473684210527,57,25,0.43859649122807015,445677.20011757046,5696336.66780306,95.64896973321993,24.76087434985675,-272.46219208743423,-381.7263049249832,153.85791874366663,13.730742298152846,-40.52568022173501,-174.66325360847912,11.801814246218072,-44.97051676802593,318.41617,140.51868,25,0.43859649122807015,445652.94198356743,5696608.8165285755,477.2834834496643,0.502740346826613,-0.3134665722027421,-0.0917912085388366,-32.581975515168224,1.3152072581938608,-3.261833333557266,-1.1031478673139645,-0.6137207937409244,-7.706669879848192,1.8174636,0.7168422,445652.4392432206,5696609.129995148,477.3752746582031,-31.478827647854256,1.9289280519347807,4.44483654629092,1035,frame_001035.png
800,796,800,64,0.08,38,0.59375,64,24,0.375,424211.53106210363,5698744.691672155,11294.390694231988,-21441.335504900606,2135.8437250275165,10817.02704677105,59.6940843876644,-54.39472238737232,44.87975912216442,91.15502904470918,-56.01967981130679,40.631100740386785,447.96762,206.78731,24,0.375,445653.3652526392,5696608.646894441,477.26302631049947,0.4986856349860318,-0.20105268619954586,-0.10062115043803033,-33.28998772572343,1.425257093425312,-2.4817022089428007,-1.8290430686786863,-0.19970033050915958,-6.7303605907204656,1.5984281,0.6875103,445652.86656700424,5696608.847947127,477.3636474609375,-31.46094465704475,1.624957423934458,4.248658381777653,1036,frame_001036.png
829,844,829,63,0.07599517490952955,35,0.5555555555555556,63,23,0.36507936507936506,445653.9631580502,5696608.39912368,477.05791638193534,0.8822779736947268,-0.2988299960270524,-0.31278063954903246,-32.61480959950115,3.039852210994086,-1.111485663439908,-1.562110162464478,1.4353778262133687,-4.522038877195882,1.7991135,0.56443685,23,0.36507936507936506,445653.9631580503,5696608.39912368,477.0579163819017,0.8822779738111421,-0.2988299960270524,-0.31278063958268376,-32.61480959950016,3.0398522118483906,-1.1114856635794077,-1.5621101624635116,1.435377827067697,-4.522038877335376,1.7991135,0.56443685,445653.0808800765,5696608.697953676,477.3706970214844,-31.052699437036665,1.604474384780705,3.4105532137559793,1037,frame_001037.png
874,811,874,66,0.07551487414187644,38,0.5757575757575758,66,20,0.30303030303030304,445654.02294445253,5696608.460522662,477.21256920615434,0.7303801680682227,-0.08323821052908897,-0.16612342079878317,-32.66908313584237,0.8335524492100166,-1.024586489034303,-1.4980278944386214,-0.25632588798811184,-4.931533540457508,1.8289442,0.62835807,20,0.30303030303030304,445654.0229444542,5696608.460522657,477.21256920544124,0.7303801697562449,-0.08323821518570185,-0.16612342151188386,-32.66908313759559,0.8335524692377344,-1.0245865044299336,-1.498027896191843,-0.2563258679603848,-4.931533555853122,1.8289442,0.62835807,445653.29256428446,5696608.543760872,477.3786926269531,-31.171055241403756,1.0898783371981209,3.9069470514231974,1038,frame_001038.png
835,823,835,57,0.06826347305389222,31,0.543859649122807,57,20,0.3508771929824561,445719.8612998161,5696165.930412351,1183.259333822936,66.35356751311338,-442.4819851182401,705.8837845065298,-179.2365674777371,5.992079275364305,-157.8506490452427,-147.91605134201694,4.582313036809211,-162.1596259165937,478.24396,271.11475,20,0.3508771929824561,445654.11798512423,5696608.244024743,477.23635801414343,0.6102528212359175,-0.16837272606790066,-0.1391913022628728,-32.78849761207573,0.8004659727890355,-2.2518478670205737,-1.4679814763555896,-0.609300265766052,-6.560824738371593,1.7055775,0.78502643,445653.507732303,5696608.412397469,477.3755493164063,-31.320516135720155,1.409766238555093,4.308976871351019,1039,frame_001039.png
855,874,855,55,0.06432748538011696,32,0.5818181818181818,55,20,0.36363636363636365,439545.5251595358,5707759.60332829,119.6486034732863,-6108.416327192099,11151.440422558226,-357.7184314388231,38.15522876596732,-15.695342197292218,83.87177395375826,69.70180148708772,-17.000345624754942,79.76261799858378,392.9335,226.61836,20,0.36363636363636365,445654.44889547833,5696607.899557806,477.227098856819,0.507408750418108,-0.2633479265496135,-0.13993605529037723,-33.09014745498307,1.3725810041988926,-2.641821585096136,-1.5435747338626697,0.06757757673616993,-6.750977540270668,1.7511078,0.65369064,445653.9414867279,5696608.162905732,477.3670349121094,-31.5465727211204,1.305003427462717,4.10915595517452,1040,frame_001040.png
820,907,820,62,0.07560975609756097,33,0.532258064516129,62,19,0.3064516129032258,445654.74307573464,5696607.926733603,477.19058798330934,0.5983467937330715,-0.11323537304997444,-0.17522622567503277,-33.054140432173135,1.7523786053292398,-2.380200777024924,-1.6264641651175111,-0.3079474817748178,-6.995843145579329,1.7084368,0.8436523,19,0.3064516129032258,445654.74307893944,5696607.926726777,477.19058913363585,0.5983499985304661,-0.1132421987131238,-0.1752250753485214,-33.05414315531173,1.752408255159513,-2.3802203266626396,-1.6264668882560898,-0.30791783194453615,-6.995862695217028,1.7084439,0.84364456,445654.1447289409,5696608.039968976,477.3658142089844,-31.42767626705563,2.0603260871040585,4.6156423685544015,1041,frame_001041.png
832,892,832,48,0.057692307692307696,24,0.5,48,14,0.2916666666666667,445655.70176656847,5696607.134955869,477.0313157942247,1.361424328701105,-0.7746564857661724,-0.3436842057752756,-32.92993194296303,6.307214958935207,-2.8082857640986734,-2.1558448110966424,4.225384246906003,-7.294062079752621,1.6039916,0.9029345,14,0.2916666666666667,445655.7017665706,5696607.134955866,477.0313157937261,1.3614243308547884,-0.7746564885601401,-0.34368420627390606,-32.92993194280774,6.307214975403098,-2.808285770501029,-2.155844810941346,4.225384263373883,-7.29406208615498,1.6039916,0.9029345,445654.34034223977,5696607.909612355,477.375,-30.774087131866384,2.0818307120292134,4.485776315653957,1042,frame_001042.png
795,911,795,50,0.06289308176100629,24,0.48,50,17,0.34,445657.53059971344,5696615.764961984,457.5711931331191,2.9900078503997065,7.982609283179045,-19.804295148130905,134.47774803754183,-25.144424007821602,36.60889509225458,164.84373417141717,-26.832100443184345,32.50399805889822,191.98686,89.88314,17,0.34,445655.0551762794,5696608.250796883,477.0995899739439,0.5145844163489528,0.4684441825374961,-0.275898307306079,-31.7337448495169,-0.7974898021230965,0.25511555149490267,-1.3677587156415143,-2.485166237485828,-3.8497814818614415,1.9404402,0.75653577,445654.54059186304,5696607.782352701,477.37548828125,-30.365986133875378,1.6876764353627416,4.104897033356355,1043,frame_001043.png
816,887,816,55,0.06740196078431372,27,0.4909090909090909,55,16,0.2909090909090909,445656.27203049784,5696608.608822264,477.19244440053103,1.1196770661626942,1.1913904510438442,-0.17846624400027622,-32.29649052005366,0.16056352806798785,3.604854954317226,-1.860689598124111,-1.4033427742978404,-1.2690235765020645,1.8685317,0.78112465,16,0.2909090909090909,445656.27203049825,5696608.608822266,477.1924444005745,1.1196770665701479,1.1913904529064894,-0.178466243956791,-32.29649052059664,0.16056352645470617,3.6048549604189137,-1.8606895986671077,-1.4033427759111419,-1.2690235704003783,1.8685317,0.78112465,445655.1523534317,5696607.417431813,477.3709106445313,-30.435800921929534,1.5639063023658404,4.8738785308192885,1044,frame_001044.png
802,841,802,55,0.0685785536159601,34,0.6181818181818182,55,24,0.43636363636363634,468109.32499678567,5663696.625433803,26427.835568560815,22453.971828459413,-32910.67666481249,25950.468991412377,43.61672667648778,-2.4987499935830555,-58.547032193354916,73.83475930205566,-4.376710985137493,-63.680921067600266,468.0753,281.44638,24,0.43636363636363634,445655.9013263901,5696607.130837437,477.25499922554764,0.548158063844312,-0.17126117832958698,-0.11157792288986457,-31.701196998533657,1.4120811383335017,-3.3052538270817644,-1.4831643729657742,-0.4658798532209403,-8.439142701327114,1.6962895,0.7954786,445655.35316832626,5696607.302098615,477.3665771484375,-30.218032625567883,1.8779609915544282,5.1338888742453515,1045,frame_001045.png
800,836,800,57,0.07125,29,0.5087719298245614,57,14,0.24561403508771928,445655.9271147688,5696606.9405917935,477.1468263315706,0.36422796500846744,-0.24124176241457462,-0.212640221163781,-31.118865371092433,-0.4099613868552868,-2.998185341695905,-1.5301224192243694,-1.3795659898967756,-7.024729003246364,1.6216425,0.72382504,14,0.24561403508771928,445655.9271147703,5696606.940591792,477.146826331592,0.36422796646365896,-0.24124176427721977,-0.21264022114235104,-31.11886537187948,-0.40996137720905285,-2.998185344632547,-1.5301224200114234,-1.3795659802505327,-7.0247290061830086,1.6216425,0.72382504,445655.5628868038,5696607.181833556,477.3594665527344,-29.588742951868053,0.9696046030414771,4.02654366155047,1046,frame_001046.png
808,804,808,57,0.07054455445544554,28,0.49122807017543857,57,17,0.2982456140350877,445680.4484774629,5696600.55868168,907.1059785028057,24.256964129104745,-6.2215390764176846,429.7360139031963,-29.454605857213853,12.750338643934228,5.437407172152202,1.5379964264845114,12.313085284956827,0.6715973252945275,353.7717,212.66391,17,0.2982456140350877,445656.44473428495,5696606.7325383155,477.0152441144019,0.25322095112642273,-0.04768244083970785,-0.3547204852074515,-32.31009415365443,-1.5135446661256091,-3.1815308580963575,-1.3174918699560862,-1.950798025103012,-7.94734070495403,1.9250789,0.8520065,445656.1915133338,5696606.780220756,477.3699645996094,-30.992602283698357,0.4372533589774037,4.765809846857667,1047,frame_001047.png
776,859,776,61,0.07860824742268041,40,0.6557377049180327,61,23,0.3770491803278688,445655.18807892705,5696606.96615745,453.1754414661051,-1.2149779872852378,0.31817628908902407,-24.2040751354574,146.51450510855474,-8.897182982935199,-4.603841014083056,178.08194698108923,-8.94765626973006,-8.364252693294645,3.4214814,1.8403134,23,0.3770491803278688,445656.947398188,5696606.557526707,477.21683698450676,0.5443412736640312,-0.09045445453375578,-0.16267961705574407,-33.25398562990168,-0.7808431090384262,-1.6000991911575189,-1.6865437573671898,-0.8313163958332837,-5.360510870369126,1.9452851,0.758826,445656.40305691434,5696606.647981161,477.3795166015625,-31.567441872534495,0.05047328679486099,3.7604116792116042,1048,frame_001048.png
779,857,779,55,0.07060333761232349,29,0.5272727272727272,55,16,0.2909090909090909,445660.8262760251,5696593.940970885,464.29621122628924,4.219605275022332,-12.57736301701516,-13.085990922148255,21.499776358349894,38.401076665542575,-99.79749098345411,53.94353657883502,37.89340548173527,-102.82892278170252,161.54349,144.30345,16,0.2909090909090909,445657.4998877356,5696605.882842282,477.2455636831232,0.8932169855106622,-0.6354916198179126,-0.13663846531432,-34.08478544686347,2.0597310112001876,-2.0183395886217714,-1.6410252263783605,1.552059827392867,-5.049771386870162,1.61267,0.48918322,445656.6066707501,5696606.518333902,477.3822021484375,-32.443760220485125,0.5076711838073168,3.031431798248403,1049,frame_001049.png
839,870,839,57,0.06793802145411204,38,0.6666666666666666,57,21,0.3684210526315789,445668.0379726686,5696599.821871605,471.9388992729071,10.883880189736374,-6.299760733731091,-5.444798236858503,-29.011321569554084,64.95289164077641,-1.1657338890848694,3.0267269188535693,63.47403524271476,-2.977701842154545,54.003727,29.02644,21,0.3684210526315789,445657.6967145079,5696605.706601423,477.11991253163916,0.542622029024642,-0.41503091529011726,-0.2637849781264663,-33.49820774425734,1.6807741141839925,-0.9133565646392443,-1.4601592558496748,0.201917716122324,-2.7253245177089127,1.9135027,0.54666847,445657.15409247886,5696606.1216323385,477.3836975097656,-32.03804848840767,1.4788563980616682,1.8119679530696624,1050,frame_001050.png
782,901,782,62,0.0792838874680307,34,0.5483870967741935,62,20,0.3225806451612903,445658.3636911084,5696605.735282235,477.3988408509311,0.9124792983639054,-0.07988469302654266,-0.029107147115780663,-31.89067111321383,3.4286681569808577,1.9939083019056174,-1.378149845289414,0.47100993500663435,0.5410269808893702,1.7478373,0.7872409,20,0.3225806451612903,445658.36369110586,5696605.735282235,477.39884085012966,0.9124792958027683,-0.07988469302654266,-0.029107147917216025,-31.890671113224833,3.428668148646018,1.9939082935100907,-1.3781498453004133,0.47100992667179753,0.5410269724938246,1.7478373,0.7872409,445657.45121181005,5696605.815166928,477.4279479980469,-30.512521267924427,2.957658221974235,1.4528813210162528,1051,frame_001051.png
825,911,825,68,0.08242424242424243,37,0.5441176470588235,68,24,0.35294117647058826,445660.09071161615,5696618.074792025,465.52625199472016,2.349800676049199,12.495317121967673,-11.919304645904845,-14.34546449607913,-30.69395119464642,86.67320317101836,16.036401780018025,-35.64883827659489,84.79518773759037,106.3305,102.05537,24,0.35294117647058826,445658.40215997706,5696605.205286909,477.2171241262277,0.6612490369589068,-0.3741879938170314,-0.22843251439729784,-31.57621957562444,6.0260336189656,-0.5387245811258521,-1.194353299527279,1.0711465370171425,-2.4167400145538522,1.453036,0.63532984,445657.7409109401,5696605.579474903,477.445556640625,-30.381866276097156,4.9548870819484705,1.8780154334280128,1052,frame_001052.png
804,894,804,70,0.08706467661691543,36,0.5142857142857142,70,19,0.2714285714285714,445661.2597894022,5696613.526442852,104.56612639376999,3.3582455585128628,8.046786696650088,-372.89301056912063,37.76598778143875,-9.855824662155923,-171.7010645969431,68.46925826768631,-14.769010266183187,-173.4967281090625,309.58548,111.79153,19,0.2714285714285714,445658.87918323337,5696605.244549475,477.38570677145304,0.9776393896900117,-0.2351066805422306,-0.07343019143758056,-32.41084283469446,6.6029929269350465,1.1441784978047644,-1.707572348446888,1.6898073229077681,-0.6514850143146589,1.7925658,0.7287566,445657.9015438437,5696605.479656155,477.4591369628906,-30.70327048624758,4.913185604027274,1.7956635121194098,1053,frame_001053.png
827,899,827,76,0.09189842805320435,41,0.5394736842105263,76,24,0.3157894736842105,445658.36564223835,5696605.190082829,477.10144332198564,0.29367312527028844,-0.18462266772985458,-0.35778519363935857,-31.964474237764627,3.0658835952096988,-1.784775251512074,-1.2514826073904715,-1.365352054287058,-4.632673338733582,1.7298034,0.6732379,24,0.3157894736842105,445658.36564224184,5696605.190082822,477.1014433224729,0.2936731287627481,-0.18462267518043518,-0.3577851931520968,-31.964474236671858,3.0658836254865403,-1.784775269854708,-1.2514826062976852,-1.3653520240102353,-4.632673357076214,1.7298034,0.6732379,445658.0719691131,5696605.374705497,477.459228515625,-30.71299163037417,4.431235649496761,2.8478980872215156,1054,frame_001054.png
841,843,841,79,0.093935790725327,43,0.5443037974683544,79,26,0.3291139240506329,445659.22919115744,5696604.818170647,477.18504197317293,0.5624695454607718,-0.2485513174906373,-0.2538618354208211,-32.23517340874728,5.034858973499123,-1.9697437603040566,-1.6006385480303038,0.5952107212643227,-5.8015541022729735,1.8260415,0.6558924,26,0.3291139240506329,445659.2291911568,5696604.818170647,477.1850419730827,0.5624695448204875,-0.2485513174906373,-0.2538618355110316,-32.235173408800435,5.034858970620929,-1.9697437613243065,-1.6006385480834524,0.5952107183861415,-5.801554103293228,1.8260415,0.6558924,445658.666721612,5696605.066721965,477.43890380859375,-30.63453486071698,4.439648252234791,3.8318103419689304,1055,frame_001055.png
833,832,833,71,0.08523409363745499,37,0.5211267605633803,71,32,0.4507042253521127,445659.4777216569,5696604.812948263,477.25016755102286,0.592468072893098,-0.14620757102966309,-0.17256194116464485,-32.221852252994935,3.2131187049426253,-2.664285807113123,-1.560738391392988,-0.139128374573545,-7.249337548162401,1.8995132,0.65875846,32,0.4507042253521127,445659.4777216569,5696604.812948263,477.25016755102456,0.592468072893098,-0.14620757102966309,-0.17256194116293955,-32.221852252988846,3.2131187050225933,-2.6642858072233153,-1.5607383913869057,-0.1391283744935663,-7.249337548272592,1.8995132,0.65875846,445658.885253584,5696604.959155834,477.4227294921875,-30.66111386160194,3.3522470795161627,4.5850517410492815,1056,frame_001056.png
848,867,848,77,0.09080188679245282,39,0.5064935064935064,77,25,0.3246753246753247,445659.8548369952,5696604.874415463,477.2068901746931,0.7422842680243775,0.02616273984313011,-0.20814888780688534,-32.067378609717096,3.4789454795877304,-0.843563258216362,-1.5284534472915823,-0.23297919461344918,-4.633016977118274,2.0609264,0.8525754,25,0.3246753246753247,445659.85483699414,5696604.874415463,477.20689017459546,0.7422842669766396,0.02616273984313011,-0.20814888790454233,-32.06737860968768,3.4789454751673388,-0.8435632601835709,-1.5284534472621658,-0.2329791990338208,-4.6330169790854825,2.0609264,0.8525754,445659.11255272717,5696604.848252723,477.4150390625,-30.53892516242552,3.7119246742011733,3.789453718901904,1057,frame_001057.png
789,913,789,80,0.10139416983523447,42,0.525,80,29,0.3625,445660.5193915166,5696603.617839602,477.209195490744,0.7107695364393294,-0.8507973020896316,-0.19238531980289508,-32.276555422144256,3.709671009272015,-5.096047001906032,-1.4358315696823354,2.060855193590527,-9.69222529220687,2.053912,0.72307736,29,0.3625,445660.5193856191,5696603.617837476,477.20919544122887,0.710763638955541,-0.8507994282990694,-0.19238536931800354,-32.27655588107489,3.7096544436081826,-5.096069043870698,-1.435832028612964,2.0608386279266995,-9.692247334171554,2.053911,0.7230597,445659.80862198013,5696604.468636904,477.4015808105469,-30.840723852461927,1.6488158156814812,4.596178290300851,1058,frame_001058.png
794,953,794,78,0.0982367758186398,45,0.5769230769230769,78,27,0.34615384615384615,445660.4402713041,5696604.138777666,477.1033273659956,0.3985793897882104,-0.19310294464230537,-0.30719509494190333,-32.372207023174525,0.522329413558624,-3.0224921671723983,-1.4987453296672868,-0.9767217887433333,-7.302644548745292,2.0003653,0.6998584,27,0.34615384615384615,445660.44027130515,5696604.138777671,477.1033273653451,0.3985793908359483,-0.19310293905436993,-0.3071950955924194,-32.37220702494723,0.5223294031585983,-3.0224921430480696,-1.4987453314400057,-0.9767217991433483,-7.302644524620973,2.0003653,0.6998584,445660.0416919143,5696604.33188061,477.4105224609375,-30.873461693507235,1.49905120230196,4.2801523815729015,1059,frame_001059.png
787,932,787,69,0.08767471410419314,36,0.5217391304347826,69,23,0.3333333333333333,445661.1022088849,5696604.637670648,477.19582447825996,0.8158711566356942,0.4299240615218878,-0.20664134205253504,-32.499449289931896,-0.2872902459825779,0.3187817958526416,-1.4219762427472062,-1.1358044019363263,-4.121805459139551,2.0069299,0.45064598,23,0.3333333333333333,445661.1022088942,5696604.637670667,477.19582447769295,0.81587116594892,0.42992408014833927,-0.20664134261954814,-32.499449285947016,-0.28729025608941217,0.31878189112520045,-1.4219762387623405,-1.1358044120431714,-4.121805363866997,2.0069299,0.45064598,445660.28633772826,5696604.207746587,477.4024658203125,-31.077473047184682,0.848514155953751,4.440587254992206,1060,frame_001060.png
817,991,817,92,0.11260709914320685,52,0.5652173913043478,92,36,0.391304347826087,445661.57469780307,5696603.757481583,477.2305048444822,0.3880380932823755,0.03636614605784416,-0.18740287036155223,-31.679045444747175,0.8763798926989074,-2.509010078868729,-1.282630628845851,-1.2841499575081912,-7.241020554271927,1.8125567,0.62969875,36,0.391304347826087,445661.5746978036,5696603.757481595,477.2305048441284,0.38803809380624443,0.03636615723371506,-0.18740287071534567,-31.679045447247326,0.8763798707166561,-2.5090100385641887,-1.2826306313459952,-1.2841499794904507,-7.241020513967385,1.8125567,0.62969875,445661.1866597098,5696603.721115437,477.41790771484375,-30.396414815901334,2.160529850207112,4.732010475403195,1061,frame_001061.png
759,984,759,80,0.10540184453227931,47,0.5875,80,32,0.4,445661.9246078793,5696603.438817961,477.24791739125135,0.525205951766111,-0.16119238454848528,-0.17566659312365118,-32.07788042237837,1.3019039232420386,-3.318762844417789,-1.5522508197554998,-0.5502144237788968,-8.371421641336894,1.8151321,0.8703785,32,0.4,445661.92460787407,5696603.438817955,477.2479173913649,0.5252059465274215,-0.1611923910677433,-0.17566659301007803,-32.07788042346271,1.3019039196032454,-3.318762883003973,-1.552250820839845,-0.5502144274176999,-8.371421679923088,1.8151321,0.8703785,445661.39940192754,5696603.600010346,477.423583984375,-30.525629602622878,1.8521183470209335,5.052658796919117,1062,frame_001062.png
779,991,779,76,0.0975609756097561,40,0.5263157894736842,76,27,0.35526315789473684,445662.91638627264,5696602.795318682,477.30078833039187,0.6335070075583644,-0.3270035209134221,-0.09444482390500752,-32.23915865157192,1.632626054500626,-3.8423816725390414,-1.4692838285505445,0.48066264141729675,-9.09691523691896,2.0485005,0.6908592,27,0.35526315789473684,445662.9163862725,5696602.795318683,477.300788330397,0.6335070074419491,-0.32700351998209953,-0.09444482389989162,-32.23915865156831,1.6326260536842616,-3.8423816724884117,-1.469283828546935,0.4806626406009116,-9.096915236868313,2.0485005,0.6908592,445662.2828792651,5696603.122322203,477.3952331542969,-30.76987482302137,1.1519634130833396,5.254533564379906,1063,frame_001063.png
777,987,777,81,0.10424710424710425,41,0.5061728395061729,81,27,0.3333333333333333,445663.2122588261,5696603.406795691,477.22576318216727,0.7065702854888514,0.40760147850960493,-0.15793432759835468,-31.936742334673895,-0.5033599562490724,-0.676835216279006,-1.2559537934750153,-1.3165593263133815,-5.823054263839055,1.7422887,0.6943539,27,0.3333333333333333,445663.21225882845,5696603.4067956945,477.2257631821105,0.7065702878171578,0.40760148223489523,-0.15793432765514126,-31.93674233396677,-0.503359954465148,-0.6768351991014271,-1.2559537927678832,-1.3165593245294644,-5.823054246661485,1.7422887,0.6943539,445662.50568854064,5696602.999194212,477.3836975097656,-30.680788541198876,0.8131993700643088,5.146219047560054,1064,frame_001064.png
801,987,801,81,0.10112359550561797,47,0.5802469135802469,81,32,0.3950617283950617,445663.5701834045,5696602.91725496,477.2843269502163,0.8469299127464183,0.04615429975092411,-0.09802778611179974,-32.31569193335252,0.3369915106916096,-1.7375287626277687,-1.42291321957876,-0.15967051729523973,-6.804511282987505,2.0561018,0.68036175,32,0.3950617283950617,445663.57018352125,5696602.917255063,477.2843269524708,0.8469300295109861,0.04615440219640732,-0.0980277838573329,-32.31569190095345,0.3369917065574959,-1.737528101268036,-1.422913187179688,-0.15967032142935977,-6.80451062162777,2.0561018,0.68036175,445662.72325349174,5696602.87110066,477.3823547363281,-30.89277871377377,0.4966620279868468,5.06698252035973,1065,frame_001065.png
794,992,794,82,0.10327455919395466,49,0.5975609756097561,82,32,0.3902439024390244,445664.1386018719,5696602.8453266425,477.23588613333135,0.9975435884553008,0.2240104814991355,-0.1403956049499584,-32.43905873868733,1.4795735399731516,-1.0449392343272739,-1.3586681085627106,0.7436955751746268,-6.515095192834508,1.9169967,0.78020436,32,0.3902439024390244,445664.1386018723,5696602.845326643,477.235886133344,0.9975435888627544,0.22401048243045807,-0.14039560493728231,-32.439058738599954,1.4795735404689756,-1.04493923146808,-1.3586681084753423,0.7436955756704435,-6.5150951899753125,1.9169967,0.78020436,445663.14105828345,5696602.621316161,477.3762817382813,-31.080390630124615,0.735877964798537,5.470155958507231,1066,frame_001066.png
801,1000,801,73,0.09113607990012484,46,0.6301369863013698,73,29,0.3972602739726027,445663.7835304251,5696602.565247031,477.2654338224925,0.44149520725477487,0.06831152737140656,-0.12223097242934955,-32.37140593168792,-0.03809260738115428,-1.758991999589141,-1.3780746046936656,-1.3691925335615167,-6.016190879944844,1.9102271,0.70140225,29,0.3972602739726027,445663.7835304256,5696602.565247031,477.26543382238225,0.44149520772043616,0.06831152737140656,-0.12223097253962578,-32.37140593179004,-0.03809260590002866,-1.7589919979479935,-1.3780746047957848,-1.3691925320804046,-6.016190878303689,1.9102271,0.70140225,445663.34203521785,5696602.496935504,477.3876647949219,-30.993331326994255,1.3310999261803687,4.257198880355699,1067,frame_001067.png
821,957,821,86,0.10475030450669914,48,0.5581395348837209,86,31,0.36046511627906974,445664.39627917844,5696601.796612152,477.2118040846821,0.8549558782251552,-0.5727549530565739,-0.17671520242726046,-32.270259788459974,3.725669536237874,-3.3318071960631293,-1.342761084163186,1.5890803181347337,-7.865637773627611,1.8583925,0.74626523,31,0.36046511627906974,445664.3962791782,5696601.796612151,477.21180408464824,0.8549558779923245,-0.5727549539878964,-0.17671520246113914,-32.27025978845049,3.7256695373468576,-3.331807199597259,-1.3427610841536932,1.5890803192437204,-7.865637777161766,1.8583925,0.74626523,445663.5413233002,5696602.369367105,477.3885192871094,-30.927498704296784,2.1365892181031443,4.533830577564495,1068,frame_001068.png
838,939,838,94,0.11217183770883055,49,0.5212765957446809,94,36,0.3829787234042553,445664.80884936254,5696602.021544522,477.25201620365493,1.0688893768237904,-0.217135576531291,-0.13696084712637457,-32.14731449182283,1.8105054185917608,-2.341882310580646,-1.3701306838299558,1.3791053249792924,-7.617715674229686,1.8550192,0.62566066,36,0.3829787234042553,445664.8088493625,5696602.021544522,477.2520162036548,1.0688893767655827,-0.217135576531291,-0.13696084712648826,-32.1473144918264,1.810505418525727,-2.3418823106369646,-1.3701306838335086,1.3791053249132688,-7.617715674286018,1.8550192,0.62566066,445663.7399599857,5696602.238680098,477.3889770507813,-30.777183807992877,0.4314000936124723,5.275833363649047,1069,frame_001069.png
839,986,839,83,0.09892729439809297,51,0.6144578313253012,83,36,0.43373493975903615,445664.8672950043,5696601.925735339,477.22542350911095,0.6995007335208356,-0.0501373503357172,-0.13453132487342145,-32.19353856405503,0.11247325420538608,-2.010873744088246,-1.473330881822136,0.35254442632253813,-6.741866446516212,1.7449766,0.6102093,36,0.43373493975903615,445664.86729500425,5696601.925735339,477.2254235091125,0.699500733462628,-0.0501373503357172,-0.13453132487188668,-32.19353856401598,0.11247325380843615,-2.0108737437735242,-1.4733308817830846,0.35254442592560054,-6.741866446201499,1.7449766,0.6102093,445664.1677942708,5696601.975872689,477.3599548339844,-30.720207682232886,-0.24007117211715726,4.730992702427964,1070,frame_001070.png
844,938,844,79,0.09360189573459715,47,0.5949367088607594,79,36,0.45569620253164556,445665.16060752637,5696601.414557702,477.1726291902969,0.7867500908323564,-0.43047442752867937,-0.18546407142190446,-32.388099766939405,1.2122730201692253,-3.293433867059477,-1.6592464530079383,1.2046992720516414,-8.059109223686846,1.9886899,0.7609537,36,0.45569620253164556,445665.1606075258,5696601.414557702,477.1726291903935,0.7867500902502798,-0.43047442752867937,-0.1854640713253275,-32.38809976686507,1.2122730169621836,-3.2934338665648575,-1.659246452933587,1.204699268844621,-8.059109223192223,1.9886899,0.7609537,445664.37385743554,5696601.845032129,477.3580932617188,-30.728853313931474,0.007573748117574637,4.765675356627371,1071,frame_001071.png
833,916,833,64,0.07683073229291716,33,0.515625,64,24,0.375,445660.0490178462,5696598.613568006,452.39015812069465,-4.541859541321173,-3.115034881979227,-24.957589682039725,145.57473869893826,-11.64748468762848,-26.456795425047197,176.17206929470706,-12.369750186782795,-31.408349758733152,16.406244,6.575486,24,0.375,445665.2877991046,5696601.482066614,477.2011726058406,0.6969217170844786,-0.24653627444058657,-0.14657519689376386,-32.009216473791575,1.0753542529590931,-3.016355793197037,-1.4118858780227583,0.35308875380476934,-7.96791012688297,1.5265927,0.8856866,445664.5908773875,5696601.728602888,477.3477478027344,-30.597330595768806,0.7222654991543198,4.951554333685944,1072,frame_001072.png
864,983,864,80,0.09259259259259259,50,0.625,80,33,0.4125,445666.07294179354,5696601.308377672,477.1739883879706,0.9029068909585476,-0.08551632892340422,-0.1415328522637651,-32.24500156035334,-6.48365515876665,-2.624995748382024,-1.245017375183977,1.1055841619247815,-8.194559125004076,1.7117245,0.7535304,33,0.4125,445666.07294180087,5696601.308377676,477.1739883871025,0.9029068982927129,-0.08551632519811392,-0.1415328531318778,-32.245001556503986,-6.483655139700132,-2.624995716809161,-1.245017371334626,1.1055841809912863,-8.194559093431224,1.7117245,0.7535304,445665.1700349026,5696601.393894001,477.3155212402344,-30.999984185169357,-7.589239320691419,5.569563376622065,1073,frame_001073.png
847,1055,847,68,0.08028335301062574,33,0.4852941176470588,68,24,0.35294117647058826,445665.733545089,5696601.742940597,477.1086587609713,0.4227346087573096,0.42657797411084175,-0.19978240113806578,-32.500658338963675,-9.149870760203166,-2.631259670976621,-1.5470986751604983,-2.9230109970597766,-9.2307282822253,1.675774,0.79385674,24,0.35294117647058826,445665.73354508996,5696601.742940595,477.108658761194,0.4227346096886322,0.4265779722481966,-0.19978240091535326,-32.500658339516654,-9.149870754157954,-2.6312596728590827,-1.5470986757134995,-2.9230109910145643,-9.230728284107784,1.675774,0.79385674,445665.31081048027,5696601.316362623,477.3084411621094,-30.953559663803166,-6.226859763143395,6.599468611248694,1074,frame_001074.png
866,1031,866,84,0.09699769053117784,38,0.4523809523809524,84,32,0.38095238095238093,445665.9361649139,5696601.351575993,477.19223812013746,0.5263982857577503,0.0780973732471466,-0.12068912595628944,-31.638613039883808,-4.526667329424907,-3.6438510077507154,-1.1529303727095623,-0.42991006149065925,-9.931771145136622,1.6476808,0.6754646,32,0.38095238095238093,445665.9361649144,5696601.351575994,477.19223811989366,0.5263982862816192,0.07809737417846918,-0.12068912620009087,-31.638613039224104,-4.526667329840043,-3.6438510025852784,-1.1529303720498376,-0.42991006190578673,-9.931771139971204,1.6476808,0.6754646,445665.4097666281,5696601.27347862,477.31292724609375,-30.485682667174256,-4.096757267934252,6.287920137385914,1075,frame_001075.png
830,1001,830,82,0.09879518072289156,52,0.6341463414634146,82,29,0.35365853658536583,436526.2802260525,5697080.493649049,-8469.738309781844,-9139.185039328586,479.2518213922158,-8947.047849576766,-89.90072079858241,20.297957223619687,-142.42542290591078,-59.14919894805351,24.202288936171385,-146.24178953039484,362.13223,123.319664,29,0.35365853658536583,445666.21104311245,5696601.154517172,477.1169427945724,0.7457777313538827,-0.08731048461049795,-0.19259700034945126,-32.200803778254986,-3.3064627987900126,-1.1406813753935525,-1.4492819277260764,0.5978689137616868,-4.957047999877631,1.9750636,0.7463523,445665.4652653811,5696601.2418276565,477.3095397949219,-30.7515218505289,-3.9043317125516954,3.8163666244840724,1076,frame_001076.png
866,1029,866,86,0.09930715935334873,49,0.5697674418604651,86,34,0.3953488372093023,445663.99903371604,5696601.05433639,451.5415353037362,-1.4714897935045883,-0.1805263301357627,-25.80120761618565,147.8833535439914,-4.134449138668912,-6.99360857301603,178.58672205702413,-6.989723453989967,-11.176603252870848,6.3888755,3.4448462,34,0.3953488372093023,445665.89513378334,5696601.208098636,477.2439284369225,0.4246102737961337,-0.026764084585011005,-0.09881448299938711,-32.14274076688918,2.54321195701978,-1.9082808264007682,-1.439372253856476,-0.3120623583012616,-6.091275506255613,1.84097,0.6990896,445665.47052350955,5696601.234862721,477.3427429199219,-30.703368513032714,2.855274315321056,4.18299467985483,1077,frame_001077.png
857,1009,857,77,0.08984830805134189,43,0.5584415584415584,77,29,0.37662337662337664,445680.1931959886,5696521.435303464,340.81424730818026,14.72595975274453,-79.80830469727516,-136.53340894181974,153.5299983042735,18.22682441137895,-37.619139769681624,-176.47477478649614,17.816409415876507,-42.93534633864036,332.885,83.29356,29,0.37662337662337664,445666.2404360478,5696601.212760061,477.16594814802676,0.7731998119270429,-0.03084809985011816,-0.18170810197324272,-31.457113693838657,1.533135888581474,-2.5065458839066337,-1.4618867846082821,1.1227208930790198,-7.822752452865387,1.6374685,0.71813005,445665.46723623585,5696601.243608161,477.34765625,-29.99522690923037,0.41041499550244587,5.316206568958741,1078,frame_001078.png
831,1021,831,81,0.09747292418772563,42,0.5185185185185185,81,29,0.35802469135802467,445666.48696631426,5696601.596171051,477.0883492897397,0.9699288388947025,0.3526239199563861,-0.25610261455716454,-31.505990163623867,0.9197244097164615,-0.6648957932335112,-1.209386883168321,1.0252729987939802,-6.133279156331014,1.8990071,0.8669253,29,0.35802469135802467,445666.486966314,5696601.596171051,477.08834928974795,0.9699288386618719,0.3526239199563861,-0.25610261454892225,-31.505990163584702,0.9197244089847769,-0.6648957939205853,-1.2093868831291559,1.0252729980622917,-6.13327915701808,1.8990071,0.8669253,445665.51703747537,5696601.243547131,477.3444519042969,-30.296603280455557,-0.10554858907751723,5.468383363097491,1079,frame_001079.png
855,1004,855,91,0.1064327485380117,41,0.45054945054945056,91,36,0.3956043956043956,445666.2687381635,5696601.343648898,477.1451669747196,0.7297041194397025,0.1075234254822135,-0.1969961112179135,-31.766626659903974,-0.10924425078012708,-1.9688469169585026,-1.3584746428567485,0.6105091669353442,-7.373574996740587,1.8105564,0.88257027,36,0.3956043956043956,445666.2687381633,5696601.343648898,477.1451669747428,0.7297041192068718,0.1075234254822135,-0.19699611119472138,-31.766626659894317,-0.109244251509723,-1.9688469177485792,-1.358474642847085,0.6105091662057589,-7.373574997530682,1.8105564,0.88257027,445665.5390340441,5696601.236125473,477.3421630859375,-30.408152017047225,-0.7197534177154737,5.404728079782088,1080,frame_001080.png
857,998,857,81,0.09451575262543757,46,0.5679012345679012,81,30,0.37037037037037035,445666.2953092791,5696601.616615901,477.0159765842128,0.7416934303473681,0.39520933106541634,-0.3339379665684987,-31.557852094933285,-1.207903242305691,0.05985530652915013,-1.1100850305933534,-0.09487266449735898,-4.411563419900631,1.9933975,0.7677407,30,0.37037037037037035,445666.29530927894,5696601.616615901,477.01597658421593,0.7416934301727451,0.39520933106541634,-0.33393796656537234,-31.55785209492106,-1.20790324298787,0.059855306043487155,-1.110085030581132,-0.09487266517953685,-4.411563420386301,1.9933975,0.7677407,445665.55361584877,5696601.22140657,477.3499145507813,-30.44776706433992,-1.1130305778083363,4.471418726429788,1081,frame_001081.png
842,1043,842,84,0.0997624703087886,48,0.5714285714285714,84,32,0.38095238095238093,445666.2307453799,5696601.148214137,477.1559603181834,0.6620125719346106,-0.061717281118035316,-0.1917874845509573,-31.98847946463911,-1.3650293184771398,-2.1942904786399366,-1.3860529673165445,0.5919274078117098,-6.947552453541249,1.8520867,0.7323481,32,0.38095238095238093,445666.2307453808,5696601.148214137,477.1559603180656,0.6620125728659332,-0.061717281118035316,-0.1917874846687937,-31.98847946442091,-1.3650293164176612,-2.1942904743927407,-1.386052967098351,0.5919274098711753,-6.947552449294051,1.8520867,0.7323481,445665.56873280794,5696601.209931418,477.3477478027344,-30.602426497322572,-1.9569567262888383,4.753261974901303,1082,frame_001082.png
835,1061,835,85,0.10179640718562874,45,0.5294117647058824,85,37,0.43529411764705883,445665.97202771343,5696601.240977858,477.2002069314649,0.4186591489124112,0.0634951964020729,-0.14732724822260934,-31.685400628608203,-0.8141831339939851,-1.1594359457508971,-1.2603932869515972,-0.5259640231618334,-4.811615506972856,1.8218112,0.72989154,37,0.43529411764705883,445665.9720277135,5696601.240977857,477.20020693170284,0.41865914897061884,0.06349519547075033,-0.1473272479846628,-31.68540062903188,-0.8141831315226803,-1.1594359496772686,-1.2603932873752797,-0.525964020690509,-4.81161551089923,1.8218112,0.72989154,445665.5533685645,5696601.177482662,477.3475341796875,-30.425007341656606,-0.28821911083215734,3.6521795612219528,1083,frame_001083.png
848,1008,848,82,0.09669811320754718,49,0.5975609756097561,82,33,0.4024390243902439,445666.3698506376,5696601.377901733,477.1182636810194,0.8326721239718609,0.19887244794517756,-0.22649339905871102,-31.848386779851992,0.8714883966281475,0.4294532593357353,-1.3804680091733417,0.6328845835411983,-3.2769620443196743,1.7235706,0.74483097,33,0.4024390243902439,445666.3698506424,5696601.377901735,477.118263680289,0.832672128744889,0.1988724498078227,-0.22649339978914895,-31.848386780290248,0.8714884119578444,0.42945327453554333,-1.3804680096116044,0.6328845988708736,-3.276962029119886,1.7235706,0.74483097,445665.53717851365,5696601.179029285,477.3447570800781,-30.46791877067865,0.23860381308696074,3.7064153036554197,1084,frame_001084.png
821,1049,821,81,0.09866017052375152,47,0.5802469135802469,81,30,0.37037037037037035,445666.14531044086,5696601.2635431755,477.17809440085654,0.6354153444990516,0.08600947633385658,-0.17282723000283795,-31.865875473879118,0.6457409349683819,-0.6835380427649113,-1.2456488867784685,0.3120784619936501,-4.504620959413558,1.8302833,0.67956907,30,0.37037037037037035,445666.1453104398,5696601.263543175,477.1780944011198,0.6354153434513137,0.08600947540253401,-0.17282722973959608,-31.865875473964714,0.6457409332608011,-0.6835380488694068,-1.2456488868640747,0.3120784602860738,-4.504620965518058,1.8302833,0.67956907,445665.50989509636,5696601.177533699,477.3509216308594,-30.62022658710065,0.3336624729747279,3.8210829166486446,1085,frame_001085.png
876,997,876,75,0.08561643835616438,45,0.6,75,25,0.3333333333333333,445666.0444299414,5696601.84066485,477.1167910472507,0.5704952666419558,0.6440756423398852,-0.23825045665563493,-31.760275447732646,-0.5106991091409281,0.9167604523620481,-1.3995183351865137,-1.1981931472814153,-3.214714558360299,1.7872313,0.6662328,25,0.3333333333333333,445666.04442993976,5696601.840664848,477.1167910473197,0.5704952650121413,0.6440756404772401,-0.23825045658662702,-31.760275448377502,-0.5106991111281092,0.9167604414954283,-1.3995183358313739,-1.198193149268576,-3.214714569226942,1.7872313,0.6662328,445665.47393467475,5696601.196589207,477.3550415039063,-30.360757112546132,0.6874940381404772,4.13147501072236,1086,frame_001086.png
846,978,846,91,0.10756501182033097,47,0.5164835164835165,91,34,0.37362637362637363,445665.8395511854,5696601.531567623,477.1204754983886,0.37639370624674484,0.31990756187587976,-0.2388995016113995,-31.326178115780536,-0.16534491826997066,-1.5362377422974336,-1.0612382806260712,-0.8205385187591503,-6.556604710551682,1.8497378,0.7342618,34,0.37362637362637363,445665.83955118,5696601.5315676145,477.1204755003366,0.37639370089164004,0.3199075534939766,-0.23889949966337554,-31.32617811684068,-0.16534491979879234,-1.5362377853285336,-1.061238281686201,-0.8205385202879825,-6.556604753582803,1.8497378,0.7342618,445665.4631574791,5696601.211660061,477.359375,-30.264939835154472,0.6551936004891845,5.0203669682542555,1087,frame_001087.png
847,1046,847,81,0.09563164108618655,46,0.5679012345679012,81,34,0.41975308641975306,445666.16437008337,5696601.522870265,477.15174450552377,0.7048237159033306,0.288614921271801,-0.20518908822623416,-31.644511641749002,0.6627936091554926,-1.8479313257154446,-1.1766345176716584,0.2246079371599592,-7.5664822785259105,1.7761276,0.760566,34,0.41975308641975306,445666.164370081,5696601.522870266,477.1517445055464,0.7048237135168165,0.28861492220312357,-0.20518908820361048,-31.64451164117341,0.6627935990625807,-1.8479313295571165,-1.176634517096062,0.2246079270670407,-7.566482282367559,1.7761266,0.76056665,445665.45954636746,5696601.234255344,477.35693359375,-30.46787712407734,0.43818567199552944,5.718550952810454,1088,frame_001088.png
824,1005,824,81,0.0983009708737864,50,0.6172839506172839,81,28,0.345679012345679,445665.7549795352,5696601.843934956,477.0832161604087,0.294794024026487,0.5890456968918443,-0.2728934587319145,-31.367389661783015,-1.1668522918889295,-1.4105287472416375,-1.1471853258779277,-2.0849497259077907,-6.931822158089204,1.8965741,0.6257467,28,0.345679012345679,445665.7549795403,5696601.8439349495,477.08321616190653,0.2947940291487612,0.5890456903725863,-0.2728934572340904,-31.367389664078956,-1.1668522574989664,-1.4105287601864676,-1.1471853281738618,-2.084949691517835,-6.931822171034014,1.8965741,0.6257467,445665.46018551115,5696601.254889259,477.3561096191406,-30.220204335905088,0.9180974340188599,5.521293410847559,1089,frame_001089.png
861,1015,861,97,0.11265969802555169,49,0.5051546391752577,97,36,0.3711340206185567,445655.32646947907,5696447.050199801,-185.12645348711646,-10.149259627913125,-154.2535957954824,-662.4832955281321,151.69600814915603,-0.622960350099022,-21.982789849062787,-177.87317016289637,-0.36153185473023086,-27.731376326744112,355.5251,150.66795,36,0.3711340206185567,445666.09301864443,5696601.410448623,477.1818507744622,0.6172895374475047,0.10665302630513906,-0.1749912665534339,-31.81850973650657,-0.056933043169973926,-2.69707759176671,-1.3876880485589709,0.20449545219881315,-8.445664069448014,1.8374121,0.6234989,445665.475729107,5696601.303795597,477.3568420410156,-30.430821687947613,-0.2614284953687938,5.748586477681316,1090,frame_001090.png
877,1011,877,87,0.09920182440136831,48,0.5517241379310345,87,33,0.3793103448275862,445665.98847451806,5696601.550643776,477.13617422580825,0.5045880193938501,0.23526077345013618,-0.22140023708237777,-31.924598106749887,-0.03305663892072395,-2.6113438756950944,-1.5104253697245724,-0.47173141487752446,-8.523669029877624,1.9315357,0.58774054,33,0.3793103448275862,445665.9884745191,5696601.550643774,477.13617422609826,0.504588020441588,0.23526077158749104,-0.22140023679236265,-31.924598107541595,-0.033056630872051684,-2.611343879815453,-1.5104253705162591,-0.4717314068288374,-8.523669033997976,1.9315357,0.58774054,445665.48388649867,5696601.315383002,477.3575744628906,-30.414172737025325,0.43867477595679893,5.912325154182522,1091,frame_001091.png
879,964,879,83,0.09442548350398179,42,0.5060240963855421,83,35,0.42168674698795183,445661.3182553234,5696599.019873719,452.07992294052195,-4.16800173203228,-2.3476370479911566,-25.269503329009353,146.31807570913998,-9.964902948369222,-23.747368400047712,176.86992891917146,-11.733386383212661,-29.809970369216785,12.4987135,6.9184403,35,0.42168674698795183,445665.9627892944,5696601.296684378,477.2342722508343,0.4765322390012443,-0.07082638889551163,-0.11515401869701236,-32.06232117480926,1.902107636218951,-3.9436553031098303,-1.5104679647778028,0.13362420137551112,-10.006257272278901,1.6472381,0.5630024,445665.4862570554,5696601.367510767,477.3494262695313,-30.55185321003146,1.7684834348434264,6.062601969169075,1092,frame_001092.png
857,985,857,92,0.1073512252042007,46,0.5,92,34,0.3695652173913043,445665.94113854365,5696601.167136537,477.23948770658455,0.45915383443934843,-0.21180511359125376,-0.10221761568107013,-32.02140851744971,2.075479001283229,-4.218456068945797,-1.4357364805436816,0.3754468431312432,-10.007399998567479,1.7148314,0.73484606,34,0.3695652173913043,445665.94113857724,5696601.167136557,477.2394877001201,0.4591538680251688,-0.21180509310215712,-0.1022176221455311,-32.021408518874246,2.0754790784805235,-4.218455911112196,-1.4357364819682061,0.37544692032855664,-10.007399840733882,1.7148314,0.73484606,445665.4819847092,5696601.3789416505,477.3417053222656,-30.585672036906036,1.7000321581519737,5.788943929621684,1093,frame_001093.png
874,984,874,88,0.10068649885583524,43,0.48863636363636365,88,31,0.3522727272727273,445665.76380774507,5696601.851349105,477.1669268130717,0.30162752931937575,0.46430634427815676,-0.17819647794391358,-31.933519581852792,-0.5024648496905151,-1.5340189335042154,-1.3228525725493796,-1.6484889320214222,-6.66553198021839,2.087973,0.7848944,31,0.3522727272727273,445665.7638085376,5696601.851347675,477.1669269097037,0.30162832187488675,0.46430491376668215,-0.1781963813119205,-31.933520066883016,-0.5024585233335108,-1.5340224974062457,-1.3228530575796071,-1.6484826056644124,-6.6655355441204165,2.0879674,0.78489953,445665.46218021575,5696601.387042761,477.3451232910156,-30.610667009303423,1.1460240823309071,5.131513046714178,1094,frame_001094.png
875,983,875,84,0.096,51,0.6071428571428571,84,32,0.38095238095238093,445665.85093928105,5696601.431489143,477.18185829388773,0.38776758074527606,0.04900386370718479,-0.16543174517477155,-32.440687655766375,0.19413571007755304,-2.0357833320761114,-1.386559938939513,-0.5740148008093229,-6.488524238810783,1.6381704,0.8073389,32,0.38095238095238093,445665.850939277,5696601.431489142,477.1818582939966,0.3877675766707398,0.04900386277586222,-0.1654317450659164,-32.44068765569656,0.19413569767519584,-2.0357833460693047,-1.3865599388697092,-0.5740148132116758,-6.488524252803984,1.6381704,0.8073389,445665.4631717003,5696601.382485279,477.3472900390625,-31.054127716826855,0.7681505108868855,4.4527409067346735,1095,frame_001095.png
859,1015,859,76,0.08847497089639116,42,0.5526315789473685,76,31,0.40789473684210525,445666.24170468416,5696601.436189605,477.1471981388771,0.7813737125252374,0.060708981938660145,-0.20421177323225947,-33.1175739940802,1.4144251045316951,-1.5605480267317104,-1.4740677357838194,0.839097993566952,-6.496212834352889,1.9738796,0.7284593,31,0.40789473684210525,445666.24170466856,5696601.436189611,477.14719813889843,0.7813736969255842,0.06070898845791817,-0.2042117732109432,-33.11757398996914,1.4144250304184227,-1.560548038551633,-1.4740677316727329,0.8390979194536783,-6.496212846172796,1.9738795,0.72845906,445665.46033097163,5696601.375480623,477.3514099121094,-31.643506258296394,0.5753271109647466,4.935664807621168,1096,frame_001096.png
870,984,870,77,0.08850574712643679,43,0.5584415584415584,77,31,0.4025974025974026,445665.8782820353,5696601.374852064,477.1841403445521,0.4240758619271219,0.0062839435413479805,-0.16418729216673,-32.937994523138926,0.7242570999892267,-0.5011398485913824,-1.404611101164278,-0.04311094079704958,-3.9293643246857926,1.7390367,0.75156116,31,0.4025974025974026,445665.8782820514,5696601.374851884,477.1841403603006,0.42407587805064395,0.00628376379609108,-0.16418727641820396,-32.9379945990067,0.72425757706851,-0.5011404717186545,-1.4046111770320522,-0.043110463717766834,-3.9293649478130703,1.7390367,0.75156116,445665.45420617337,5696601.3685681205,477.3483276367188,-31.533383421974637,0.7673680407862845,3.428224476094405,1097,frame_001097.png
914,973,914,100,0.10940919037199125,46,0.46,100,39,0.39,445666.03955197905,5696601.567657661,477.14837996398415,0.6243670043186285,0.2208594400435686,-0.21044571960959502,-32.09402200717037,3.0059490831425077,-0.1294218078939814,-1.3263606699654815,-0.020776069265849628,-3.9087950015180297,1.7396524,0.78945076,39,0.39,445666.03955198,5696601.567657663,477.1483799638027,0.624367005249951,0.22085944190621376,-0.2104457197910392,-32.094022006998934,3.0059490823750545,-0.12942179857880376,-1.3263606697940418,-0.020776070033321048,-3.908794992202843,1.7396524,0.78945076,445665.4151849747,5696601.346798221,477.35882568359375,-30.767661337204895,3.026725152408368,3.7793731936240422,1098,frame_001098.png
923,1012,923,83,0.08992416034669556,42,0.5060240963855421,83,41,0.4939759036144578,445665.9247894166,5696601.213842994,477.22699401939656,0.5278113436070271,-0.1297336146235466,-0.12932922279094328,-32.05870173714107,2.485414354155798,-1.8929163341869963,-1.495608173592359,0.3807849584906364,-5.957655978477391,1.7139325,0.72815573,41,0.4939759036144578,445665.92478941794,5696601.213842993,477.22699401930817,0.5278113449458033,-0.12973361555486917,-0.1293292228793348,-32.05870173766953,2.485414359718959,-1.892916332573728,-1.4956081741208038,0.38078496405378814,-5.9576559768641175,1.7139325,0.72815573,445665.396978073,5696601.343576608,477.3563232421875,-30.563093563548723,2.1046293956651647,4.064739644290394,1099,frame_001099.png
889,984,889,87,0.09786276715410573,46,0.5287356321839081,87,29,0.3333333333333333,445665.83493015333,5696601.568506674,477.11432658936104,0.4516741047264077,0.23341748863458633,-0.2320784399358331,-32.212722639204245,0.512716552236246,-0.6306828905759901,-1.4861401222150903,-0.7839343058113002,-4.825566756600807,1.7197137,0.6960198,29,0.3333333333333333,445665.8349302937,5696601.568506419,477.1143266295307,0.4516742451232858,0.2334172334522009,-0.2320783997661806,-32.2127227162782,0.5127176802465221,-0.6306835241031126,-1.486140199289025,-0.7839331778010319,-4.8255673901279295,1.7197137,0.6960198,445665.3832560486,5696601.335089185,477.3464050292969,-30.72658251698917,1.2966508580475582,4.194883866024814,1100,frame_001100.png
865,1028,865,85,0.09826589595375723,53,0.6235294117647059,85,35,0.4117647058823529,445665.9249894199,5696601.336495225,477.18575550153184,0.550096289254725,0.010183208622038364,-0.15405773089003105,-32.03126597724606,1.8952072995341407,-0.5138816304780324,-1.6118143662038165,0.08998340824982165,-3.7553856987209997,2.0485961,0.6483945,35,0.4117647058823529,445665.9249894194,5696601.336495227,477.18575550118277,0.5500962887890637,0.010183210484683514,-0.1540577312391065,-32.03126597706875,1.8952072935576083,-0.5138816245107029,-1.6118143660264934,0.08998340227330459,-3.755385692753663,2.0485961,0.6483945,445665.3748931306,5696601.326312017,477.3398132324219,-30.419451611042245,1.8052238912843057,3.2415040682429592,1101,frame_001101.png
846,1003,846,78,0.09219858156028368,39,0.5,78,28,0.358974358974359,445610.0981640703,5696345.215213932,29.951164747804228,-55.26435306988424,-256.10375454090536,-447.3905100568833,156.16154932464786,2.459748750615654,-40.01548920122884,-173.36930070418617,0.8015250361570168,-43.79187062563972,357.0505,138.01491,28,0.358974358974359,445665.7742898276,5696601.398847674,477.2039005535765,0.4117726874537766,0.07987920101732016,-0.13777425111101138,-31.890279836707514,1.064444882973327,-1.1501433671863892,-1.421129865541559,-0.5937788314853094,-4.926524791597274,1.8626082,0.7528035,445665.36251714017,5696601.318968473,477.3416748046875,-30.46914997116596,1.6582237144586363,3.7763814244108844,1102,frame_001102.png
890,1031,890,83,0.09325842696629214,43,0.5180722891566265,83,29,0.3493975903614458,445665.7534048422,5696601.765098795,477.06060054039443,0.39712787192547694,0.44785187020897865,-0.2719495084336927,-32.228361645405414,-0.42658151036674996,0.004632501021757103,-1.5876861334187424,-1.505003597596243,-4.02703768615018,1.7209048,0.730051,29,0.3493975903614458,445665.7534048419,5696601.765098797,477.06060053999397,0.397127871576231,0.4478518720716238,-0.2719495088341546,-32.22836164490377,-0.4265815162927425,0.004632507461586698,-1.5876861329170993,-1.5050036035222263,-4.027037679710361,1.7209048,0.730051,445665.3562769703,5696601.317246925,477.3325500488281,-30.64067551198667,1.078422087229496,4.031670187171946,1103,frame_001103.png
861,990,861,94,0.1091753774680604,50,0.5319148936170213,94,34,0.3617021276595745,445665.99885205226,5696601.107898603,477.1619732773553,0.6531089798081666,-0.21766303479671478,-0.17014952537908812,-31.92117032410996,3.2641658238960907,-1.5519335326819772,-1.7000395197915452,0.993053723056164,-5.21933491670498,1.7207552,0.6974916,34,0.3617021276595745,445665.99885205127,5696601.107898605,477.1619732774703,0.6531089788186364,-0.21766303293406963,-0.17014952526409388,-31.921170323368514,3.2641658157840814,-1.5519335277458939,-1.700039519050108,0.9930537149441534,-5.219334911768897,1.7207552,0.6974916,445665.34574307245,5696601.325561638,477.3321228027344,-30.221130804318406,2.271112100839938,3.6674013840230106,1104,frame_001104.png
848,1014,848,79,0.09316037735849056,44,0.5569620253164557,79,28,0.35443037974683544,445666.0034352313,5696601.908330016,477.0242424554793,0.6612056532176211,0.593936150893569,-0.31956857967696806,-32.057698050224744,0.07069567802302049,1.8893832399544233,-1.574768979430587,-0.9122011181718506,-1.3274409970230465,1.941328,0.67898864,28,0.35443037974683544,445666.0034352284,5696601.908330013,477.0242424559501,0.6612056503654458,0.5939361480996013,-0.319568579206134,-32.057698050084404,0.07069567302102892,1.8893832238649229,-1.5747689792902406,-0.912201123173844,-1.3274410131125478,1.941328,0.67898864,445665.34222957806,5696601.314393865,477.34381103515625,-30.482929070794164,0.9828967961948841,3.21682423697746,1105,frame_001105.png
878,1012,878,88,0.10022779043280182,49,0.5568181818181818,88,30,0.3409090909090909,445665.8641707667,5696601.229799401,477.20650652422563,0.5172882677288726,-0.07521796226501465,-0.13931867108686902,-32.34769241138694,0.6998677733980372,-1.0777395148272657,-1.5480100607417455,0.1002245514710296,-4.370024278375297,1.5615819,0.79143554,30,0.3409090909090909,445665.8641707664,5696601.229799399,477.20650652460216,0.5172882673796266,-0.0752179641276598,-0.1393186707103382,-32.347692412051344,0.6998677772290273,-1.0777395242178882,-1.5480100614061598,0.10022455530202024,-4.370024287765943,1.5615819,0.79143554,445665.346882499,5696601.305017363,477.3458251953125,-30.799682350645188,0.5996432219270168,3.292284763548041,1106,frame_001106.png
859,1024,859,78,0.09080325960419092,43,0.5512820512820513,78,32,0.41025641025641024,445666.02023253264,5696601.333059771,477.17727467036957,0.6700552268885076,0.03712171036750078,-0.17138865970855477,-32.39938676050948,1.5980590957499954,-0.11973247111059035,-1.6010181908376353,0.2726837359385854,-3.3088402843442566,1.8322551,0.75996464,32,0.41025641025641024,445666.0202325322,5696601.33305977,477.1772746705555,0.6700552264228463,0.03712170943617821,-0.17138865952261995,-32.39938676079011,1.5980590966273562,-0.11973247661122305,-1.6010181911182713,0.27268373681593516,-3.3088402898448805,1.8322551,0.75996464,445665.35017730575,5696601.295938061,477.3486633300781,-30.79836856967183,1.3253753598114193,3.1891078132336683,1107,frame_001107.png
842,1028,842,74,0.08788598574821853,37,0.5,74,26,0.35135135135135137,445665.9096066865,5696601.010425639,477.1894835099746,0.5537733776727691,-0.277505517937243,-0.1614686384629067,-31.931941320103256,1.8860374896554613,-1.0320543556732455,-1.4465102197541455,0.6662774351471228,-3.738087165912077,2.0303817,0.64349127,26,0.35135135135135137,445665.90960668627,5696601.01042564,477.1894835099194,0.5537733774399385,-0.2775055170059204,-0.16146863851810167,-31.931941319881076,1.8860374865871574,-1.0320543525794972,-1.446510219531973,0.6662774320788003,-3.738087162818317,2.0303817,0.64349127,445665.35583330883,5696601.287931157,477.3509521484375,-30.485431100349107,1.2197600545083436,2.706032810238824,1108,frame_001108.png
862,1011,862,82,0.0951276102088167,45,0.5487804878048781,82,26,0.3170731707317073,445665.6514564932,5696601.247666234,477.2216675224962,0.28153843828476965,-0.005014550872147083,-0.13486934273817042,-31.71646763578326,-0.45851988832467466,-0.6771960114509641,-1.5719059421657278,-0.8268663873534194,-3.245771448353679,1.708568,0.8349366,26,0.3170731707317073,445665.65145650215,5696601.24766624,477.221667520943,0.28153844724874943,-0.005014545284211636,-0.13486934429136,-31.71646763390933,-0.4585198660232661,-0.6771959712632721,-1.5719059402917992,-0.8268663650520125,-3.2457714081659788,1.708568,0.8349366,445665.3699180549,5696601.252680785,477.3565368652344,-30.144561693617536,0.3683464990287567,2.5685754369027074,1109,frame_001109.png
836,1021,836,82,0.09808612440191387,48,0.5853658536585366,82,25,0.3048780487804878,445665.8156923041,5696601.457153707,477.20534391755893,0.4310765044647269,0.21933751367032528,-0.14777497892544034,-32.413892712903625,-6.279717811642695,-1.0406876267762681,-1.3607000066339197,-1.3842901872037316,-5.607078717396945,1.9785253,0.5436895,25,0.3048780487804878,445665.8156923038,5696601.457153708,477.2053439173472,0.4310765041736886,0.21933751460164785,-0.14777497913718207,-32.413892712185536,-6.279717815078946,-1.0406876236123839,-1.3607000059158452,-1.3842901906399732,-5.60707871423304,1.9785253,0.5436895,445665.38461579964,5696601.237816193,477.3531188964844,-31.0531927062697,-4.895427624438973,4.566391090620668,1110,frame_001110.png
832,1021,832,94,0.11298076923076923,50,0.5319148936170213,94,29,0.30851063829787234,445666.28455844906,5696601.440932206,477.0678964508759,0.8988098325789906,0.21083815768361092,-0.2306264983429287,-32.294516579851994,-2.606447342753461,0.36485737587662775,-1.8799718473652263,1.0818994977360887,-3.399092518646455,2.0664377,0.7267022,29,0.30851063829787234,445666.28455844824,5696601.440932208,477.0678964505125,0.8988098317640834,0.21083815954625607,-0.23062649870632868,-32.294516578874045,-2.606447351072016,0.36485738273794033,-1.8799718463872637,1.0818994894175376,-3.399092511785142,2.0664377,0.7267022,445665.3857486165,5696601.230094048,477.2985229492188,-30.41454473248677,-3.6883468404895527,3.7639498945230905,1111,frame_001111.png
910,1023,910,97,0.10659340659340659,53,0.5463917525773195,97,39,0.4020618556701031,445665.9164707077,5696601.298974832,477.2226945551365,0.5528458126354963,0.08109765686094761,-0.10179885306661163,-13.911644118034754,-0.3624941501252368,1.1354335457729712,-1.7922969796800885,-0.0015186344283790731,-0.32733044849300086,1.5296817,0.66082937,39,0.4020618556701031,445665.9164707092,5696601.2989748325,477.2226945548711,0.5528458141488954,0.08109765779227018,-0.10179885333201355,-13.911644117761746,-0.3624941447160209,1.1354335517229168,-1.792296979407098,-0.0015186290191593343,-0.3273304425430581,1.5296817,0.66082937,445665.36362489505,5696601.217877175,477.3244934082031,-12.119347138354652,-0.36097551569686115,1.4627639942659796,1112,frame_001112.png
871,1045,871,95,0.10907003444316878,63,0.6631578947368421,95,38,0.4,440731.34605066746,5694574.372455106,5052.591500202342,-4934.037669155921,-2026.63022871688,4575.227242389842,51.78151588504994,-41.235903341194295,-160.30490060575542,37.08145582536366,-40.088972589700006,-157.88779546001462,341.96768,90.83213,38,0.4,445662.3462397083,5696599.510998458,451.8877735684676,-3.0374801150755957,-1.4916853653267026,-25.476484244032406,-171.81671148741157,-17.79907102453175,-1.0273480966678217,173.48322845290215,-16.652140273037446,1.3897570490729834,7.14447,3.5956705,445665.3837198234,5696601.002683823,477.3642578125,14.700060059686267,-1.146930751494288,-2.4171051457408144,1113,frame_001113.png
884,1058,884,79,0.08936651583710407,36,0.45569620253164556,79,30,0.379746835443038,445666.30530141556,5696601.26503609,477.1965153701892,0.8744291750481352,0.30353729892522097,-0.18806714934208912,30.587352418377783,2.1221171396875085,5.648928302773648,-1.85381971883632,1.8304283414089753,10.500029141515512,1.932686,0.69904554,30,0.379746835443038,445666.3053014082,5696601.265036095,477.1965153690762,0.87442916771397,0.30353730358183384,-0.18806715045508327,30.587352419907173,2.122117124271483,5.648928338085785,-1.8538197173069193,1.8304283259929264,10.500029176827638,1.932686,0.69904554,445665.4308722405,5696600.961498791,477.3845825195313,32.441172137214096,0.29168879827854627,-4.851100838741862,1114,frame_001114.png
895,1036,895,85,0.09497206703910614,51,0.6,85,37,0.43529411764705883,445665.91521149717,5696601.693371971,477.1799787190282,0.4328874789061956,0.6989519288763404,-0.23499930831553684,53.243222684011066,2.528687580716945,6.465055299226334,-0.8325877410227349,1.2807617048387954,11.213031458005219,1.6582165,0.79494244,37,0.43529411764705883,445665.91521150264,5696601.69337197,477.17997871917447,0.43288748437771574,0.6989519279450178,-0.23499930816927872,53.243222684568096,2.528687591206117,6.465055277090686,-0.8325877404656978,1.2807617153279693,11.213031435869567,1.6582165,0.79494244,445665.48232401826,5696600.994420042,477.41497802734375,54.0758104250338,1.2479258758781444,-4.747976158778873,1115,frame_001115.png
890,1040,890,96,0.10786516853932585,55,0.5729166666666666,96,47,0.4895833333333333,445665.50235121814,5696601.947476149,477.2026867484779,-0.02314203802961856,0.8217675657942891,-0.2038073921470982,76.07373671665586,1.1606031346157042,3.9653739795698013,-1.7500849731773371,0.7097019755403835,5.677739487548223,1.6961694,0.72761405,47,0.4895833333333333,445665.50235121784,5696601.947476149,477.20268674848415,-0.023142038320656866,0.8217675657942891,-0.20380739214084542,76.07373671672921,1.1606031344707148,3.9653739809610378,-1.7500849731039807,0.7097019753953759,5.677739488939466,1.6961694,0.72761405,445665.52549325617,5696601.125708583,477.406494140625,77.8238216898332,0.45090115907532896,-1.7123655079784166,1116,frame_001116.png
906,970,906,103,0.11368653421633554,48,0.46601941747572817,103,40,0.3883495145631068,445665.0488100771,5696601.982694958,477.31632744696645,-0.47237170476000756,0.3764170818030834,-0.10130560967417068,98.65796444108416,0.9324311376775525,4.797041360917233,-1.893656023906857,-0.23583494658697646,6.4539727306612065,1.8408006,0.74739367,40,0.3883495145631068,445665.048810084,5696601.982694955,477.31632744580406,-0.4723716978332959,0.3764170780777931,-0.10130561083656175,98.65796444012554,0.9324311157554505,4.79704133341439,-1.8936560248654928,-0.23583496850906727,6.453972703158371,1.8408006,0.74739367,445665.52118178183,5696601.6062778765,477.4176330566406,100.55162046499102,1.1682660842645263,-1.6569313697439685,1117,frame_001117.png
806,936,806,87,0.10794044665012408,49,0.5632183908045977,87,35,0.40229885057471265,445665.155841231,5696602.2362742,477.239154280688,-0.2972734729410149,0.31387368123978376,-0.17026954743698752,115.09842199566796,-0.43032856966110944,3.212875330257887,-1.8445283999569426,-0.8642594044229668,4.67862159860104,2.0909019,0.6834446,35,0.40229885057471265,445665.1558412343,5696602.236274197,477.23915428012884,-0.29727346962317824,0.31387367844581604,-0.17026954799615623,115.09842199458306,-0.43032858665231793,3.2128753219204715,-1.8445284010418277,-0.8642594214141752,4.678621590263617,2.0909019,0.6834446,445665.45311470394,5696601.922400518,477.409423828125,116.9429503956249,0.433930834761853,-1.4657462683431501,1118,frame_001118.png
838,927,838,87,0.10381861575178998,47,0.5402298850574713,87,35,0.40229885057471265,445664.7906968561,5696602.660701519,477.21492830761804,-0.5198828077409416,0.45800709445029497,-0.20383389941326868,120.84968760096127,0.8731512736875118,2.2705813276712377,-1.288692140168905,0.012056921623241124,2.606706919777224,1.8781056,0.7277321,35,0.40229885057471265,445664.790696858,5696602.660701517,477.21492830753925,-0.5198828058200888,0.4580070925876498,-0.20383389949205366,120.84968760054656,0.8731512628958061,2.2705813242610904,-1.2886921405836063,0.012056910831546475,2.6067069163670737,1.8781056,0.7277321,445665.31057966384,5696602.202694424,477.4187622070313,122.13837974113017,0.8610943520642675,-0.3361255921059965,1119,frame_001119.png
853,909,853,80,0.09378663540445487,47,0.5875,80,41,0.5125,445664.57078079623,5696602.895807012,477.25601138211414,-0.5705338136758655,0.4520611893385649,-0.16229306124523646,122.09812641472037,-0.37234836625483075,0.9445210199731031,-1.4417244132998803,-0.2511447007096592,-0.11099446928733414,1.868115,0.7841773,41,0.5125,445664.57078079804,5696602.895807041,477.25601138129485,-0.570533811871428,0.4520612182095647,-0.16229306206452065,122.09812641795163,-0.37234826479585365,0.9445209460921131,-1.4417244100686162,-0.2511445992506651,-0.11099454316831725,1.868115,0.7841773,445665.1413146099,5696602.443745823,477.4183044433594,123.53985082802025,-0.12120366554518006,1.0555154892604444,1120,frame_001120.png
820,936,820,81,0.09878048780487805,49,0.6049382716049383,81,35,0.43209876543209874,445664.21128282504,5696603.4251698265,477.2834414055438,-0.3847980667487718,0.28414613008499146,-0.12729467844059172,122.22662848255924,-2.5969241209538074,1.6627830433669468,-1.4452058122209337,-0.8077993329180515,1.6317427299350413,1.6852629,0.82447964,35,0.43209876543209874,445664.2112828251,5696603.4251698265,477.28344140554015,-0.38479806669056416,0.28414613008499146,-0.1272946784442297,122.2266284825427,-2.5969241211968295,1.6627830433233697,-1.4452058122374751,-0.8077993331610855,1.6317427298914708,1.6852629,0.82447964,445664.5960808918,5696603.141023696,477.4107360839844,123.67183429478015,-1.7891247880357564,0.031040313431895665,1121,frame_001121.png
770,943,770,79,0.1025974025974026,45,0.569620253164557,79,27,0.34177215189873417,445664.2214088631,5696603.626458019,477.2250840385459,-0.19495653110789135,0.2570454264059663,-0.18610980911034858,122.04313806357906,-4.050558810078472,1.0566415199564578,-1.536072750096082,-1.653513971152364,1.0963990055762736,1.678003,0.73109937,27,0.34177215189873417,445664.221408862,5696603.626458019,477.2250840386903,-0.1949565322138369,0.2570454264059663,-0.1861098089659663,122.04313806382697,-4.050558807334268,1.0566415242091065,-1.5360727498481879,-1.6535139684081628,1.0963990098289287,1.678003,0.73109937,445664.4163653942,5696603.369412593,477.41119384765625,123.57921081367515,-2.3970448389261008,-0.03975748561982816,1122,frame_001122.png
742,936,742,88,0.11859838274932614,49,0.5568181818181818,88,32,0.36363636363636365,445663.63186345744,5696604.56226655,477.2496680320726,-0.6116485489183106,0.9667871808633208,-0.15771111831804774,122.68247122898215,-0.8914498872420409,1.207502159999353,-1.1941001008801209,1.6546673291500156,1.5630985839233915,1.8295236,0.73643446,32,0.36363636363636365,445663.6318634554,5696604.56226655,477.24966803177784,-0.6116485509555787,0.9667871808633208,-0.15771111861278087,122.68247122932499,-0.891449880132783,1.2075021660659238,-1.1941001005372698,1.6546673362592799,1.563098589989977,1.8295236,0.73643446,445664.24351200636,5696603.595479369,477.4073791503906,123.87657132986226,-2.5461172163920494,-0.3555964239240439,1123,frame_001123.png
738,969,738,81,0.10975609756097561,47,0.5802469135802469,81,30,0.37037037037037035,445664.0147719562,5696604.644739273,477.2408937877585,0.11004217632580549,0.6122927227988839,-0.1593442493508519,122.52969281243838,-2.6329526773283085,-1.6390726094237118,-1.6135601268372284,-0.31077961732819404,-2.3919371804386174,2.037567,0.7520051,30,0.37037037037037035,445664.0147719537,5696604.644739267,477.2408937881619,0.11004217382287607,0.6122927172109485,-0.159344248947491,122.5296928118823,-2.6329526922691886,-1.6390725862118485,-1.6135601273933275,-0.3107796322690888,-2.3919371572267494,2.037567,0.7520051,445663.90472977987,5696604.03244655,477.4002380371094,124.14325293927563,-2.3221730600001127,0.7528645710148959,1124,frame_001124.png
708,974,708,85,0.12005649717514125,45,0.5294117647058824,85,31,0.36470588235294116,445663.88855133025,5696604.748340394,477.2433487182125,0.14538501953938976,0.5097970273345709,-0.1596053833500264,122.89229912268628,-3.3273221471695185,-1.6503062407985716,-1.4392473271064432,-1.21566679215033,-2.5087628149694012,1.8014828,0.72671574,31,0.36470588235294116,445663.88855133776,5696604.748340393,477.2433487182886,0.14538502704817802,0.5097970264032483,-0.15960538327391305,122.89229912142594,-3.3273221688774135,-1.6503062665554544,-1.4392473283667755,-1.2156668138582347,-2.508762840726291,1.8014828,0.72671574,445663.7431663107,5696604.238543367,477.4029541015625,124.33154644979273,-2.1116553550191766,0.8584565741708419,1125,frame_001125.png
709,971,709,79,0.11142454160789844,38,0.4810126582278481,79,28,0.35443037974683544,445662.8722251397,5696605.015514205,477.23416312323445,-0.5771140207652934,0.3632175400853157,-0.15936104668742246,122.14382096338342,-2.327560946674427,2.6406814255380553,-1.499137066163513,-0.47496463833169855,2.88335777819222,1.824808,0.66861093,28,0.35443037974683544,445662.8722251421,5696605.015514203,477.2341631232165,-0.5771140183787793,0.36321753822267056,-0.15936104670538498,122.14382096250839,-2.3275609618344646,2.6406814227175723,-1.4991370670385322,-0.4749646534917247,2.883357775371735,1.824808,0.66861093,445663.44933916046,5696604.652296665,477.3935241699219,123.64295802954693,-1.852596308342734,-0.24267635265416734,1126,frame_001126.png
710,951,710,73,0.1028169014084507,39,0.5342465753424658,73,29,0.3972602739726027,445662.5862446613,5696605.402245124,477.26822273880043,-0.5823913351050578,0.3450146270915866,-0.13390738815269287,121.84895059172041,-1.6265386445796988,2.7713189302022325,-1.5079118459424876,0.34615161023032215,3.0708722872830094,1.8522478,0.7208099,29,0.3972602739726027,445662.5862446604,5696605.402245123,477.2682227389711,-0.5823913360363804,0.345014626160264,-0.13390738798204893,121.84895059164673,-1.6265386472281065,2.771318936657509,-1.5079118460161567,0.3461516075819304,3.07087229373829,1.8522478,0.7208099,445663.1686359964,5696605.057230497,477.4021301269531,123.3568624376629,-1.9726902548100342,-0.2995533570807811,1127,frame_001127.png
732,941,732,69,0.0942622950819672,43,0.6231884057971014,69,27,0.391304347826087,445662.4399698278,5696605.987488136,477.1343549638009,-0.59441020374652,0.7286815997213125,-0.27201710651161193,121.97504040975572,0.40240031705950097,1.4838996870953336,-1.2905638937155004,1.5522138905608642,1.1750767788061296,1.8765085,0.7343855,27,0.391304347826087,445662.4399698295,5696605.987488137,477.13435496366463,-0.5944102020584978,0.7286816006526351,-0.2720171066478656,121.97504040994798,0.40240031824210465,1.4838996773852686,-1.2905638935232275,1.5522138917434916,1.17507676909608,1.8765085,0.7343855,445663.0343800316,5696605.258806536,477.4063720703125,123.2656043034712,-1.149813573501374,0.3088229082891926,1128,frame_001128.png
749,934,749,67,0.08945260347129506,37,0.5522388059701493,67,23,0.34328358208955223,445662.15329987527,5696605.832735094,477.2597474565567,-0.7500613550073467,0.37503015249967575,-0.1483030805526937,121.5659908663061,-0.96772555064233,2.6870622440188456,-1.643229090206546,0.22476986900610996,2.2116790528759225,1.6857346,0.79598767,23,0.34328358208955223,445662.1532998758,5696605.832735095,477.2597474564912,-0.7500613544834778,0.3750301534309983,-0.14830308061817732,121.56599086637942,-0.9677255482176953,2.6870622394894124,-1.643229090133218,0.224769871430766,2.2116790483464683,1.6857346,0.79598767,445662.9033612303,5696605.457704942,477.4080505371094,123.20921995651264,-1.1924954196484538,0.4753831911429315,1129,frame_001129.png
771,927,771,74,0.0959792477302205,41,0.5540540540540541,74,27,0.36486486486486486,445661.93716169294,5696606.059669949,477.2473723624084,-0.8333999169408344,0.4072452876716852,-0.16455390712292228,121.76861291765589,-0.8048145635512094,3.1764886387404796,-1.5620565123248298,0.3627465507101988,3.0183072626065837,1.768846,0.6569811,27,0.36486486486486486,445661.93716169277,5696606.059669949,477.24737236244795,-0.8333999171154574,0.4072452876716852,-0.16455390708335926,121.76861291762627,-0.8048145642343603,3.1764886400769434,-1.5620565123544452,0.3627465500270546,3.0183072639430577,1.768846,0.6569811,445662.7705616099,5696605.652424661,477.4119262695313,123.3306694299807,-1.1675611142614026,0.15818137613389235,1130,frame_001130.png
766,874,766,72,0.09399477806788512,38,0.5277777777777778,72,24,0.3333333333333333,445662.065171743,5696606.720988713,477.2496921559645,-0.3292819951311685,0.4680660367012024,-0.17065696512923978,122.13052490391819,-3.2093660148431815,0.612248058776244,-1.60404766549226,0.4205571583287906,0.09653988947874836,1.782822,0.6889017,24,0.3333333333333333,445662.06517173856,5696606.720988712,477.2496921561229,-0.32928199955495074,0.4680660357698798,-0.17065696497087401,122.13052490478078,-3.209366009285642,0.6122480787545156,-1.604047664629661,0.42055716388634323,0.09653990945702162,1.782822,0.6889017,445662.3944537381,5696606.2529226765,477.42034912109375,123.73457256941046,-3.6299231731719828,0.5157081692974823,1131,frame_001131.png
863,870,863,61,0.07068366164542295,39,0.639344262295082,61,22,0.36065573770491804,445661.40309573355,5696606.989414295,477.3611863039368,-0.8738172650919296,0.5407884316518903,-0.03606101051633459,121.95729482825939,-7.135991121210629,4.2752645257079624,-1.528077426770892,1.3503639148490265,5.351130049802606,1.8407062,0.6122957,22,0.36065573770491804,445661.4030957351,5696606.989414296,477.36118630362233,-0.8738172635203227,0.5407884325832129,-0.036061010830792384,121.95729482722271,-7.135991122310546,4.275264518054263,-1.528077427807574,1.3503639137491064,5.351130042148895,1.8407062,0.6122957,445662.27691299864,5696606.4486258635,477.3972473144531,123.48537225503028,-8.486355036059654,-1.075865524094631,1132,frame_001132.png
816,897,816,60,0.07352941176470588,34,0.5666666666666667,60,17,0.2833333333333333,445661.39088178304,5696607.650757441,477.21649435352026,-0.646719774522353,0.8102720463648438,-0.14297219921411397,122.44524778079683,-6.251186237325135,-0.590965876081293,-1.7469135559123856,1.973491422338185,-2.9728136724306466,1.8971041,0.6065359,17,0.2833333333333333,445661.39088178234,5696607.65075744,477.21649435355823,-0.6467197752208449,0.8102720454335213,-0.14297219917614257,122.44524778118038,-6.25118623834074,-0.5909658718725382,-1.7469135555288346,1.9734914213225636,-2.9728136682218747,1.8971041,0.6065359,445662.03760155756,5696606.840485395,477.3594665527344,124.19216133670922,-8.224677659663312,2.381847796349348,1133,frame_001133.png
827,870,827,63,0.0761789600967352,33,0.5238095238095238,63,21,0.3333333333333333,445661.7618779851,5696607.825174708,477.15336460981183,-0.2547963705146685,0.9440484642982483,-0.21998744096947576,122.58262348968512,-3.6200117499780267,-1.1877470982339757,-1.5943190231508595,2.0603509316167106,-1.915539337328397,1.9640405,0.7904795,21,0.3333333333333333,445661.7618779845,5696607.825174702,477.15336461016875,-0.25479637109674513,0.9440484587103128,-0.21998744061255593,122.58262348932558,-3.6200117690052456,-1.1877470830287722,-1.5943190235103941,2.0603509125894846,-1.9155393221232089,1.9640405,0.7904795,445662.0166743556,5696606.881126244,477.3733520507813,124.17694251283598,-5.680362681594733,0.7277922390944301,1134,frame_001134.png
796,884,796,66,0.0829145728643216,32,0.48484848484848486,66,19,0.2878787878787879,445662.1818909528,5696606.878514778,477.35409260043843,0.1543860545498319,-0.015721402131021023,-0.04550456753037224,122.23733648043246,-5.957148727611459,1.6101458456741222,-1.540898436930803,-2.0914337572098134,2.532128440404051,1.5512985,0.7947742,19,0.2878787878787879,445662.1818909528,5696606.878514778,477.35409260043497,0.1543860545498319,-0.015721402131021023,-0.04550456753383969,122.23733648044411,-5.957148727939581,1.6101458458494728,-1.54089843691915,-2.091433757537942,2.532128440579413,1.5512985,0.7947742,445662.02750489826,5696606.89423618,477.3995971679688,123.77823491736326,-3.8657149704016365,-0.9219825947299416,1135,frame_001135.png
794,874,794,64,0.08060453400503778,38,0.59375,64,19,0.296875,445661.84918886644,5696606.78708848,477.2218937708543,-0.2002557254745625,-0.10448436718434095,-0.19610549672381694,123.23345621851192,-2.403975101626674,3.1646577666211084,-1.9381542446648155,-1.3918221275600047,3.8741167576997952,1.5666701,0.7172167,19,0.296875,445661.84918886697,5696606.787088475,477.2218937710235,-0.20025572495069355,-0.10448437184095383,-0.19610549655465093,123.2334562173979,-2.4039751172894093,3.164657774268232,-1.9381542457788328,-1.3918221432227256,3.8741167653469404,1.5666701,0.7172167,445662.0494445919,5696606.891572847,477.4179992675781,125.17161046317675,-1.012152974066683,-0.7094589910786948,1136,frame_001136.png
805,879,805,65,0.08074534161490683,32,0.49230769230769234,65,23,0.35384615384615387,445662.2826195935,5696607.163928074,477.1461015512443,0.2357885303790681,0.34318272955715656,-0.2829145620369786,122.17194698558664,-2.9236848929171795,-1.1591270353856509,-1.5914205393923737,-1.1264392548504816,-1.621867739288632,1.7808326,0.63728964,23,0.35384615384615387,445662.28261959355,5696607.163928074,477.14610155123063,0.23578853043727577,0.34318272955715656,-0.2829145620506779,122.17194698555765,-2.923684893222186,-1.1591270357501433,-1.5914205394213639,-1.1264392551555034,-1.621867739653112,1.7808326,0.63728964,445662.0468310631,5696606.820745344,477.4290161132813,123.76336752497902,-1.797245638066686,0.4627407039029814,1137,frame_001137.png
792,863,792,76,0.09595959595959595,40,0.5263157894736842,76,23,0.3026315789473684,445661.64075255557,5696606.887411843,477.2458984404859,-0.38375644054031,0.08509563747793436,-0.18980102240470842,121.7323985274682,-2.4422081472987647,2.7256186642796725,-1.6846151809408525,-0.5585179475237965,3.0549981567112923,1.6016113,0.8472676,23,0.3026315789473684,445661.64075255574,5696606.887411843,477.245898440425,-0.383756440365687,0.08509563747793436,-0.18980102246564456,121.73239852755042,-2.4422081449936273,2.725618662087673,-1.6846151808586285,-0.5585179452186821,3.0549981545192963,1.6016113,0.8472676,445662.0245089961,5696606.802316206,477.4356994628906,123.41701370840904,-1.8836901997749542,-0.3293794924316307,1138,frame_001138.png
801,900,801,63,0.07865168539325842,37,0.5873015873015873,63,19,0.30158730158730157,445661.95887560863,5696607.165115205,477.26326207140573,-0.06324359489372,0.37292524985969067,-0.17829676648489112,122.05066974430177,-2.439556585392783,0.3632030063646538,-1.4439673689480514,-0.3559726745857006,0.01613160546307313,1.9231896,0.81388336,19,0.30158730158730157,445661.9588756087,5696607.165115211,477.2632620710636,-0.06324359483551234,0.3729252563789487,-0.17829676682703166,122.05066974560786,-2.4395565609573078,0.3632029906705706,-1.4439673676419602,-0.3559726501502496,0.016131589769003085,1.9231896,0.81388336,445662.0221192035,5696606.792189955,477.4415588378906,123.49463711324982,-2.0835839108070684,0.3470714009015693,1139,frame_001139.png
822,899,822,83,0.10097323600973236,45,0.5421686746987951,83,28,0.3373493975903614,445661.76985220064,5696607.7932263715,477.15481418422945,-0.2548957990366034,1.01168941706419,-0.2820144290518556,122.16010119538021,1.311185969031087,-0.012639763520969738,-1.5999695735550858,2.7030073863133737,0.2658097745785426,1.7385496,0.77112514,28,0.3373493975903614,445661.7698522008,5696607.793226371,477.1548141843094,-0.25489579886198044,1.0116894161328673,-0.28201442897193374,122.16010119530547,1.3111859663289323,-0.01263976270813185,-1.5999695736298065,2.703007383611208,0.26580977539137507,1.7385496,0.77112514,445662.0247479997,5696606.781536954,477.4368286132813,123.76007076893528,-1.3918214172822747,-0.2784495380995075,1140,frame_001140.png
831,876,831,72,0.08664259927797834,38,0.5277777777777778,72,24,0.3333333333333333,445661.98121414124,5696607.910652569,477.09959792779705,-0.05656788859050721,1.132567211985588,-0.3354301483748259,122.4361990343592,0.4942642227241706,-0.5884677154520684,-1.3262282262870428,2.591568709803255,0.06932986047394252,1.793735,0.8174993,24,0.3333333333333333,445661.9812141407,5696607.910652565,477.0995979281936,-0.05656788911437616,1.1325672082602978,-0.3354301479782862,122.43619903337242,0.4942642096158284,-0.5884677042905746,-1.3262282272738162,2.5915686966949067,0.06932987163543203,1.793735,0.8174993,445662.03778202983,5696606.778085357,477.4350280761719,123.76242726064625,-2.097304487079079,-0.6577975759260122,1141,frame_001141.png
817,883,817,77,0.09424724602203183,44,0.5714285714285714,77,23,0.2987012987012987,445661.7279512979,5696607.4206744945,477.1940206978829,-0.3167695033480413,0.6352013703435659,-0.23780303258592994,122.71010202204737,-0.6016547618048501,1.829734483030591,-1.3373456888595285,1.3612272971780328,2.845157184020252,1.9040366,0.73533076,23,0.2987012987012987,445661.7279512994,5696607.420674494,477.1940206980871,-0.31676950183464214,0.6352013694122434,-0.23780303238169154,122.71010202159691,-0.6016547711906769,1.8297344810710345,-1.3373456893099842,1.3612272877921896,2.8451571820606887,1.9040366,0.73533076,445662.04472080123,5696606.785473124,477.4318237304688,124.0474477109069,-1.9628820589828806,-1.015422700989663,1142,frame_001142.png
783,885,783,63,0.08045977011494253,30,0.47619047619047616,63,16,0.25396825396825395,445662.01786245685,5696608.101450847,477.10808073668187,-0.03316142247058451,1.3035994321107864,-0.3276492437869365,122.64961334829107,2.157601767457586,-1.492851442121088,-1.3499758641667086,3.2715867836421637,-1.158249218630374,1.8022451,0.55992776,16,0.25396825396825395,445662.0178624631,5696608.101450835,477.10808073634485,-0.033161416242364794,1.303599420003593,-0.3276492441239611,122.64961334532582,2.157601705716549,-1.4928514367716117,-1.3499758671319455,3.271586721901116,-1.1582492132808966,1.8022451,0.55992776,445662.0510238793,5696606.797851415,477.4357299804688,123.99958921245776,-1.1139850161845661,-0.33460222349070406,1143,frame_001143.png
786,868,786,76,0.09669211195928754,39,0.5131578947368421,76,22,0.2894736842105263,445662.1794428056,5696608.409881774,477.00874182196384,0.12971060315612704,1.6066219583153725,-0.427842650692412,122.2671121306414,2.16053996007743,-2.275699978316673,-1.1965083531010237,3.9549941501691706,-1.3487704177665876,2.195934,0.5617726,22,0.2894736842105263,445662.1794428076,5696608.409881766,477.00874182298605,0.12971060519339517,1.6066219499334693,-0.4278426496701968,122.26711212630408,2.1605399244431602,-2.275699965730136,-1.196508357438347,3.9549941145349123,-1.3487704051800335,2.195934,0.5617726,445662.04973220243,5696606.803259816,477.43658447265625,123.46362048374242,-1.7944541900917417,-0.926929560550095,1144,frame_001144.png
803,874,803,66,0.0821917808219178,34,0.5151515151515151,66,21,0.3181818181818182,445662.24281243916,5696607.842970915,477.09316389959986,0.19387525640195236,1.0334655614569783,-0.34302384454076673,122.04723377070134,-0.2674801829520563,-0.786412741095167,-1.202361866289948,1.6223945545256981,0.44363161588267985,1.6863462,0.84543747,21,0.3181818181818182,445662.24281244073,5696607.842970912,477.09316389937777,0.1938752579735592,1.0334655586630106,-0.34302384476285397,122.04723376999688,-0.2674801980901772,-0.7864127402774616,-1.2023618669944085,1.6223945393875852,0.44363161670037243,1.6863462,0.84543747,445662.04893718276,5696606.809505354,477.4361877441406,123.2495956369913,-1.889874737477755,-1.2300443569778345,1145,frame_001145.png
794,882,794,70,0.08816120906801007,34,0.4857142857142857,70,21,0.3,445662.0858528642,5696607.961524109,477.1574961996919,0.05226987297646701,1.1154711050912738,-0.27902723780812266,121.85271276871293,-0.5079480216593552,-0.8944272833299554,-1.2774995078492566,2.2874583654801484,-0.00841423603165481,1.7768534,0.6478677,21,0.3,445662.0858528652,5696607.961524109,477.1574961996682,0.05226987396599725,1.1154711050912738,-0.27902723783182637,121.85271276856749,-0.50794802435064,-0.8944272866577041,-1.2774995079946905,2.2874583627888683,-0.008414239359410658,1.7768534,0.6478677,445662.0335829912,5696606.846053004,477.4365234375,123.13021227656218,-2.7954063871395087,-0.8860130472982951,1146,frame_001146.png
823,879,823,69,0.08383961117861483,36,0.5217391304347826,69,24,0.34782608695652173,445661.94133435196,5696607.785651583,477.1368301518436,-0.08407007233472541,0.9294419018551707,-0.3028976313595422,121.50135187591333,-0.8944726091137511,0.512993753200425,-1.3952454193913582,1.9902885836698374,1.722841955656122,1.8180304,0.68986326,24,0.34782608695652173,445661.9413343496,5696607.785651582,477.1368301519222,-0.08407007466303185,0.9294419009238482,-0.3028976312809277,121.50135187572624,-0.8944726101186679,0.5129937663716557,-1.3952454195784583,1.990288582664931,1.7228419688273675,1.8180304,0.68986326,445662.0254044243,5696606.856209681,477.4397277832031,122.8965972953047,-2.8847611927836,-1.2098482024557051,1147,frame_001147.png
833,896,833,58,0.06962785114045618,34,0.5862068965517241,58,23,0.39655172413793105,445661.7606445592,5696607.770142947,477.17921074581113,-0.24133725883439183,0.9064238034188747,-0.24065009403261683,122.19409587676002,0.17916119283743076,0.13838370704980474,-1.392113805425538,2.113501293352755,0.3822556580404921,1.8800815,0.6893776,23,0.39655172413793105,445661.7606445554,5696607.770142944,477.17921074626673,-0.24133726267609745,0.9064237996935844,-0.24065009357701683,122.1940958765528,0.17916118957244495,0.13838372959417405,-1.392113805632789,2.113501290087754,0.38225568058487625,1.8800815,0.6893776,445662.00198181806,5696606.863719144,477.41986083984375,123.58620968218557,-1.9343401005153202,-0.24387195099069642,1148,frame_001148.png
785,896,785,70,0.08917197452229299,39,0.5571428571428572,70,21,0.3,445662.04219840874,5696607.644060309,477.1315226664273,0.07588685530936345,0.808650178834796,-0.30655716755705953,122.08513601691124,-0.894748928931081,-2.2188325486143765,-1.5994326986542546,1.0497491280336817,-3.337013361788081,2.0155497,0.6046738,21,0.3,445662.04219840915,5696607.644060308,477.131522666444,0.07588685571681708,0.8086501779034734,-0.30655716754034756,122.08513601688958,-0.8947489328629687,-2.2188325485708966,-1.599432698675912,1.049749124101794,-3.337013361744596,2.0155497,0.6046738,445661.96631155343,5696606.83541013,477.4380798339844,123.68456871556548,-1.944498056964759,1.1181808131736914,1149,frame_001149.png
778,887,778,68,0.08740359897172237,38,0.5588235294117647,68,25,0.36764705882352944,445661.62773364154,5696606.573063981,477.241488471459,-0.3231016853824258,-0.24851055163890123,-0.1962556691660211,122.19404263329032,-4.2768271841245,2.4595263841596733,-1.4063113683226902,-2.02315791183986,1.919802700657641,1.7978034,0.61803573,25,0.36764705882352944,445661.62773364165,5696606.573063981,477.24148847147444,-0.32310168526601046,-0.24851055163890123,-0.1962556691505597,122.19404263327428,-4.276827185599287,2.4595263845541706,-1.40631136833872,-2.0231579133146624,1.9198027010521344,1.7978034,0.61803573,445661.9508353269,5696606.821574532,477.437744140625,123.600354001613,-2.2536692722846308,0.5397236835020344,1150,frame_001150.png
772,893,772,63,0.08160621761658031,43,0.6825396825396826,63,21,0.3333333333333333,445663.0376692089,5696607.633650682,477.16404819976924,1.0920180579414591,0.8178475257009268,-0.26988124359013455,122.10840761927481,-4.041011964733923,-5.729052304305925,-1.4368284531410893,-1.3770245706130027,-6.4536600915027975,1.8609452,0.4981035,21,0.3333333333333333,445663.0376692093,5696607.633650682,477.1640481997634,1.0920180583489127,0.8178475257009268,-0.2698812435959894,122.10840761921914,-4.041011965489185,-5.7290523058827585,-1.4368284531967674,-1.3770245713682527,-6.453660093079634,1.8609452,0.4981035,445661.94565115095,5696606.815803156,477.4339294433594,123.5452360724159,-2.6639873941209267,0.7246077871968818,1151,frame_001151.png
809,866,809,73,0.09023485784919653,39,0.5342465753424658,73,21,0.2876712328767123,445661.8753035567,5696604.954311054,477.1949932064262,-0.0772080819006078,-1.8634911486878991,-0.23371773107379568,122.11641020214887,-10.86629059980699,6.093955711448087,-1.6971051636600976,-8.812305814532408,6.239878184652042,1.8505814,0.6678361,21,0.2876712328767123,445661.87530355767,5696604.954311062,477.1949932065661,-0.07720808091107756,-1.8634911412373185,-0.23371773093390402,122.11641020034772,-10.866290573715485,6.09395568929097,-1.6971051654612666,-8.81230578844091,6.239878162494932,1.8505814,0.6678361,445661.9525116386,5696606.817802203,477.4287109375,123.81351536580897,-2.053984785274588,-0.14592247320395993,1152,frame_001152.png
797,901,797,76,0.09535759096612297,42,0.5526315789473685,76,24,0.3157894736842105,445661.46697385894,5696606.615192347,477.2642301208044,-0.4949422610225156,-0.18935090489685535,-0.16051353153932268,122.37510653637537,-3.2846994258474314,3.1367975478328036,-1.4428980218369816,-1.3741768426619672,2.673665223271314,1.7971382,0.7627349,24,0.3157894736842105,445661.46697385964,5696606.615192348,477.2642301207355,-0.49494226032402366,-0.18935090396553278,-0.16051353160827375,122.3751065364448,-3.284699425111754,3.136797543901926,-1.4428980217675758,-1.3741768419262712,2.673665219340421,1.7971382,0.7627349,445661.96191611997,5696606.804543252,477.42474365234375,123.81800455821237,-1.9105225831854753,0.46313232456149545,1153,frame_001153.png
780,865,780,65,0.08333333333333333,35,0.5384615384615384,65,21,0.3230769230769231,445662.2423630526,5696607.3223106135,477.22219464175976,0.27431777538731694,0.5365032320842147,-0.20380023128711855,122.05810736304919,-2.2311483349436485,-0.8128156858566008,-1.6631119078730308,-0.3991937504568739,-0.5293766205794839,1.7252898,0.67989075,21,0.3230769230769231,445662.24236305244,5696607.322310613,477.2221946418688,0.27431777521269396,0.5365032311528921,-0.20380023117809287,122.05810736307218,-2.2311483363070193,-0.8128156838056863,-1.6631119078500376,-0.39919375182023487,-0.5293766185285733,1.7252898,0.67989075,445661.96804527723,5696606.785807381,477.4259948730469,123.72121927092222,-1.8319545844867717,-0.28343906527711554,1154,frame_001154.png
805,877,805,73,0.0906832298136646,38,0.5205479452054794,73,22,0.3013698630136986,445662.28771491715,5696607.4493660815,477.1173911836123,0.325465474918019,0.6846969090402126,-0.3061928007626875,121.99105765937665,-1.371054598120831,-3.0136915997783658,-1.5032247885240508,-0.048718389845248566,-4.283137301936534,1.4122542,0.64443284,22,0.3013698630136986,445662.2877149175,5696607.4493660815,477.11739118355143,0.325465475267265,0.6846969090402126,-0.3061928008235668,121.99105765946193,-1.371054598138654,-3.0136916015245703,-1.5032247884387857,-0.04871838986306898,-4.283137303682736,1.4122542,0.64443284,445661.96224944224,5696606.7646691725,477.423583984375,123.49428244790072,-1.322336208275588,1.2694457021581784,1155,frame_001155.png
821,883,821,70,0.08526187576126674,38,0.5428571428571428,70,25,0.35714285714285715,445661.9811038736,5696606.478320008,477.2346842757438,0.025241983821615577,-0.2796928146854043,-0.19054765784994743,121.67322993501708,-4.851509649106595,1.1396332001774725,-1.594515062882806,-3.037604043959078,0.5521672277678533,1.6970816,0.80502456,25,0.35714285714285715,445661.9811038724,5696606.478320007,477.23468427585766,0.02524198265746236,-0.2796928156167269,-0.19054765773609006,121.67322993543534,-4.851509649951691,1.1396332069945094,-1.5945150624645237,-3.0376040448041692,0.5521672345848856,1.6970816,0.80502456,445661.95586188976,5696606.758012823,477.42523193359375,123.26774499789987,-1.8139056051475129,0.5874659724096181,1156,frame_001156.png
806,911,806,72,0.08933002481389578,40,0.5555555555555556,72,24,0.3333333333333333,445662.03871526447,5696607.737305269,477.21683112665744,0.0962924002087675,0.9803883330896497,-0.2111779065456858,122.04540646870294,-0.6781569243384497,-2.0706496053071355,-1.3407787779782723,1.6843511424103497,-2.638820486154941,1.9316491,0.7466465,24,0.3333333333333333,445662.038715263,5696607.73730527,477.2168311265068,0.09629239875357598,0.9803883340209723,-0.21117790669632086,122.04540646882597,-0.6781569193047002,-2.0706496006955946,-1.3407787778552347,1.6843511474440902,-2.638820481543405,1.9316491,0.7466465,445661.94242286426,5696606.756916936,477.4280090332031,123.38618524668121,-2.3625080667487928,0.5681708808478056,1157,frame_001157.png
820,890,820,66,0.08048780487804878,37,0.5606060606060606,66,20,0.30303030303030304,445661.7705434708,5696606.355812562,477.20742037042237,-0.1652797383721918,-0.40497782081365585,-0.23206327215575584,122.67779743028596,-5.029922656361309,2.4304872317096566,-1.7254723776695187,-2.919151070583041,2.150188981578509,2.0187402,0.69001025,20,0.30303030303030304,445661.77054347127,5696606.355812562,477.2074203703928,-0.1652797379065305,-0.40497782081365585,-0.23206327218531442,122.6777974301966,-5.029922657899608,2.4304872304961336,-1.7254723777588765,-2.9191510721213376,2.1501889803649874,2.0187402,0.69001025,445661.9358232092,5696606.7607903825,477.4394836425781,124.40326980795548,-2.1107715857782745,0.2802982501311388,1158,frame_001158.png
767,918,767,76,0.09908735332464146,42,0.5526315789473685,76,21,0.27631578947368424,445661.70368804963,5696606.508823624,477.24062799118747,-0.23203322541667148,-0.2479094723239541,-0.19415594435940875,122.315960981742,-2.58125006607345,0.8991462290877642,-1.4908923189665302,-2.1103883359760403,-0.9118626715261087,1.9105693,0.72801465,21,0.27631578947368424,445661.70368804963,5696606.508823624,477.2406279911732,-0.23203322541667148,-0.2479094723239541,-0.19415594437367645,122.31596098176072,-2.581250065383346,0.899146228638772,-1.4908923189478003,-2.1103883352859327,-0.9118626719751148,1.9105693,0.72801465,445661.93572127505,5696606.756733096,477.4347839355469,123.80685330070853,-0.4708617300974223,1.811008900613882,1159,frame_001159.png
802,919,802,71,0.0885286783042394,34,0.4788732394366197,71,22,0.30985915492957744,445662.0611019885,5696607.848117962,477.1478270404875,0.11914482788415626,1.099427473731339,-0.2646790630280975,122.00398679118413,-0.35781914530451636,-3.7032174904624098,-1.516974803204164,2.149016194395273,-5.406152344678844,1.8237747,0.8019847,22,0.30985915492957744,445662.06110197265,5696607.848118026,477.14782704005273,0.11914481205167249,1.0994275379925966,-0.2646790634628928,122.00398679968617,-0.3578188619228497,-3.7032175782838173,-1.5169747947020937,2.1490164777769394,-5.4061524325002495,1.8237747,0.8019847,445661.9419571606,5696606.748690488,477.4125061035156,123.52096159438828,-2.5068353396997867,1.7029348542164218,1160,frame_001160.png
807,881,807,68,0.08426270136307311,44,0.6470588235294118,68,25,0.36764705882352944,445662.2808036338,5696607.981887131,477.07325149465345,0.3243460351950489,1.2275651060044765,-0.33559249948717707,121.94531934156774,0.8486390034311591,-2.9007903780556963,-1.334498719483861,2.08149659604058,-2.7712900445603452,1.5798707,0.8323204,25,0.36764705882352944,445662.280803633,5696607.981887132,477.07325149461315,0.32434603438014165,1.2275651069357991,-0.33559249952747905,121.94531934160906,0.8486390057678999,-2.900790375271925,-1.3344987194425357,2.0814965983773277,-2.771290041776581,1.5798707,0.8323204,445661.9564575986,5696606.754322025,477.4088439941406,123.27981806105161,-1.232857592609415,-0.12950033349534115,1161,frame_001161.png
784,888,784,74,0.09438775510204081,42,0.5675675675675675,74,24,0.32432432432432434,445661.5987740689,5696607.593801097,477.1296074825716,-0.3739416991593316,0.8324783407151699,-0.2911994021940245,121.35653097263886,1.557991787204195,1.4424529691019663,-1.4149488351205264,2.3600860035496964,2.1623563148536107,1.9614261,0.59688395,24,0.32432432432432434,445661.5987740686,5696607.593801096,477.12960748261247,-0.3739416994503699,0.8324783397838473,-0.2911994021531541,121.35653097241969,1.5579917849696183,1.4424529718298313,-1.4149488353396862,2.360086001315125,2.1623563175814695,1.9614261,0.59688395,445661.97271576803,5696606.761322756,477.4208068847656,122.77147980775938,-0.8020942163454946,-0.7199033457516428,1162,frame_001162.png
803,873,803,70,0.08717310087173101,42,0.6,70,22,0.3142857142857143,445661.5022493697,5696607.5305524785,477.1553256956164,-0.4882741399342194,0.7577432794496417,-0.25998802508672725,121.41541892373122,0.18973407346909962,1.764005303261127,-1.2574169280824776,2.267771579683057,2.16636117965308,2.121238,0.6034439,22,0.3142857142857143,445661.5022493649,5696607.530552473,477.15532569633245,-0.4882741447072476,0.7577432738617063,-0.2599880243706707,121.41541892304109,0.18973406317652658,1.7640053352224672,-1.2574169287726136,2.267771569390476,2.166361211614401,2.121238,0.6034439,445661.9905235096,5696606.772809199,477.4153137207031,122.6728358518137,-2.078037506213953,-0.40235587639194137,1163,frame_001163.png
822,855,822,68,0.0827250608272506,41,0.6029411764705882,68,24,0.35294117647058826,445661.8432554274,5696607.9753360385,477.1589295152932,-0.16952937241876498,1.171753454953432,-0.24613029915991547,121.11727465877723,-0.13588002699171842,-0.31488141968005945,-1.371862552247478,3.1028727734603763,0.26794146854820156,1.8316694,0.7929056,24,0.35294117647058826,445661.8432554274,5696607.975336038,477.15892951530327,-0.16952937241876498,1.1717534540221095,-0.24613029914985418,121.11727465871151,-0.13588002831510856,-0.31488141907603623,-1.371862552313189,3.102872772136976,0.2679414691522197,1.8316694,0.7929056,445662.0127847998,5696606.803582584,477.4050598144531,122.4891372110247,-3.238752800452081,-0.5828228882282521,1164,frame_001164.png
788,857,788,77,0.09771573604060914,43,0.5584415584415584,77,24,0.3116883116883117,445662.19021746307,5696607.59204662,477.086322784799,0.14314962062053382,0.7659061625599861,-0.3183708187166303,121.00891399696167,0.09342552557230004,-0.9312517339516063,-1.1359610824187598,0.7822141831236138,-0.7669780197873877,2.0243309,0.77002186,24,0.3116883116883117,445662.19021746307,5696607.59204662,477.0863227848127,0.14314962062053382,0.7659061625599861,-0.31837081870293105,121.00891399688558,0.09342552391931087,-0.9312517328655179,-1.1359610824948163,0.7822141814706356,-0.7669780187012805,2.0243309,0.77002186,445662.04706784245,5696606.826140458,477.4046936035156,122.14487507938041,-0.6887886575513179,-0.16427371416422668,1165,frame_001165.png
834,884,834,67,0.0803357314148681,36,0.5373134328358209,67,22,0.3283582089552239,445661.77918879234,5696607.860641167,477.0899471776303,-0.28797945322003216,1.0183979459106922,-0.31431917979159607,121.08258179570349,1.3841530597758525,0.19470533013094138,-1.0841135919604312,2.7108731434319395,0.3109019466895404,1.3646365,0.66298616,22,0.3283582089552239,445661.7791887898,5696607.860641166,477.089947177888,-0.28797945578116924,1.0183979449793696,-0.314319179533868,121.08258179510865,1.3841530598947909,0.19470534364842632,-1.0841135925552976,2.7108731435508844,0.3109019602070475,1.3646365,0.66298616,445662.06716824556,5696606.842243221,477.4042663574219,122.16669538766394,-1.32672008365608,-0.1161966165586096,1166,frame_001166.png
823,899,823,71,0.08626974483596597,38,0.5352112676056338,71,21,0.29577464788732394,445661.4163066071,5696607.317962085,477.1122196277872,-0.6934636795776896,0.42546756006777287,-0.2850887218221487,121.05025513700888,-1.3954012734040664,4.875684811186267,-1.077055539735312,1.499020384494031,6.793047466623534,2.0355906,0.61560464,21,0.29577464788732394,445661.4163066071,5696607.317962085,477.1122196277935,-0.6934636795776896,0.42546756006777287,-0.28508872181589595,121.05025513709734,-1.3954012742943878,4.87568481187306,-1.0770555396468353,1.499020383603721,6.793047467310316,2.0355906,0.61560464,445662.10977028665,5696606.892494525,477.3973083496094,122.12731067674419,-2.8944216578981012,-1.9173626554372574,1167,frame_001167.png
832,926,832,76,0.09134615384615384,37,0.4868421052631579,76,24,0.3157894736842105,445662.25718273775,5696607.598150825,477.0686086544128,0.12716829782584682,0.6780546959489584,-0.32873021277470116,121.13271109967408,-3.709099738879347,2.0673034858668156,-1.5550059944699228,0.3119193793129682,4.915551259702852,1.6889868,0.6909022,24,0.3157894736842105,445662.25718273775,5696607.598150825,477.0686086544143,0.12716829782584682,0.6780546959489584,-0.32873021277322323,121.13271109966887,-3.7090997390380713,2.067303485968123,-1.5550059944751524,0.31191937915423296,4.915551259804147,1.6889868,0.6909022,445662.1300144399,5696606.920096129,477.3973388671875,122.68771709414402,-4.021019118192303,-2.848247773836034,1168,frame_001168.png
804,898,804,81,0.10074626865671642,41,0.5061728395061729,81,23,0.2839506172839506,445661.6544897933,5696607.364269076,477.2743516937122,-0.493640873755794,0.4224600549787283,-0.12558116761590554,122.51515529005138,-2.03787726347379,4.173312602624185,-1.8514435944156276,1.6546105145620515,5.514373680511795,1.8687966,0.80398226,23,0.2839506172839506,445661.6544897938,5696607.364269073,477.2743516940169,-0.49364087323192507,0.42246005218476057,-0.12558116731122482,122.51515528955362,-2.037877277757887,4.173312608810283,-1.8514435949134054,1.654610500277954,5.514373686697894,1.8687966,0.80398226,445662.14813066705,5696606.941809021,477.3999328613281,124.36659888446702,-3.6924877780358423,-1.3410610778876149,1169,frame_001169.png
789,915,789,64,0.08111533586818757,32,0.5,64,18,0.28125,445662.3550719188,5696607.951094066,477.1085553873524,0.19237909966614097,0.9965301668271422,-0.2882341634289105,140.84780815032704,-5.291986632542417,0.16728726157461657,2.4981144978949317,0.3930062855995118,1.3592108003144858,1.5513729,0.6858039,18,0.28125,445662.355071919,5696607.951094066,477.10855538735586,0.19237909984076396,0.9965301668271422,-0.28823416342544306,140.84780815027565,-5.291986633580587,0.1672872613830623,2.4981144978435452,0.393006284561352,1.359210800122952,1.5513729,0.6858039,445662.16269281914,5696606.954563899,477.3967895507813,138.3496936524321,-5.6849929181419325,-1.1919235387398806,1170,frame_001170.png
914,914,914,70,0.07658643326039387,38,0.5428571428571428,70,22,0.3142857142857143,445661.89358397503,5696607.9933484895,476.9523411070873,-0.1660789693123661,0.7679928028956056,-0.4870204651783183,-172.16087754988357,9.312721820176352,-2.3694462694066627,-0.11652549067838436,-0.8860067430205163,-1.6857488609460631,1.8498513,0.6842381,22,0.3142857142857143,445661.89358397503,5696607.9933484895,476.95234110708833,-0.1660789693123661,0.7679928028956056,-0.48702046517729514,-172.16087754989607,9.312721820121572,-2.3694462693682152,-0.11652549069088991,-0.8860067430752849,-1.6857488609076086,1.8498513,0.6842381,445662.05966294435,5696607.225355687,477.4393615722656,-172.04435205920518,10.19872856319686,-0.6836974084605939,1171,frame_001171.png
831,932,831,69,0.08303249097472924,39,0.5652173913043478,69,20,0.2898550724637681,445660.1499707066,5696608.384554441,476.9889005811853,-1.8315569275873713,1.2294943546876311,-0.4736848680335015,-169.32984462051192,16.528807726838515,-7.85367582871613,0.11005499507498939,5.939974174407666,-9.360032790240723,1.7470782,0.78080434,20,0.2898550724637681,445660.1499707066,5696608.384554441,476.9889005811856,-1.8315569275873713,1.2294943546876311,-0.4736848680332173,-169.32984462051277,16.52880772682659,-7.853675828709136,0.11005499507413674,5.939974174395729,-9.360032790233731,1.7470782,0.78080434,445661.9815276342,5696607.155060086,477.4625854492188,-169.4398996155869,10.58883355243086,1.5063569615245995,1172,frame_001172.png
828,934,828,83,0.10024154589371981,50,0.6024096385542169,83,33,0.39759036144578314,445661.2396220331,5696606.744221789,477.24979529734395,-0.46007480524713174,-0.2668079873546958,-0.167196890156049,-170.02512423639013,2.674880692520363,2.1712082998507936,-1.4090568590854673,0.24646137029699844,2.4448958202144127,1.7013065,0.72451454,33,0.39759036144578314,445897.4433320784,5695721.363165745,-1390.0839662394903,235.74363524006912,-885.6478640316054,-1867.5009584269903,68.18884301699859,27.335531306793506,19.774614733038664,-123.19508960569675,24.907111984570122,20.048302253402284,360.1054,133.10933,445661.69969683833,5696607.011029776,477.4169921875,-168.61606737730466,2.428419322223375,-0.27368752036363164,1173,frame_001173.png
832,868,832,86,0.10336538461538461,49,0.5697674418604651,86,26,0.3023255813953488,445661.6739132626,5696607.541650283,477.1672471522872,0.16555248567601666,0.5903586326166987,-0.2560011387284362,-169.3337879411105,-0.34339995001699664,-0.5486121321381163,-1.059275901146009,-3.6075832442213596,0.3512029872254061,1.7535436,0.5353482,26,0.3023255813953488,445661.67391326226,5696607.541650285,477.16724715234784,0.1655524853267707,0.5903586344793439,-0.2560011386677843,-169.3337879408734,-0.3433999502931435,-0.5486121437749636,-1.059275900908915,-3.607583244497505,0.3512029755885635,1.7535436,0.5353482,445661.50836077693,5696606.9512916505,477.4232482910156,-168.2745120399645,3.2641832942043645,-0.8998151193635253,1174,frame_001174.png
837,891,837,76,0.0908004778972521,43,0.5657894736842105,76,27,0.35526315789473684,445661.4893778267,5696607.150776255,477.22558990175065,0.17313636688049883,0.25891745556145906,-0.2214621002024728,-169.51263045852983,0.7120398236455125,0.6467014296527027,-1.208027528091634,-3.63957414466978,1.229640740793542,1.8476896,0.7574771,27,0.35526315789473684,445661.4893778298,5696607.150776254,477.22558990175264,0.17313637002371252,0.2589174546301365,-0.2214621002004833,-169.51263045834267,0.7120398100022733,0.6467014335128911,-1.208027527904477,-3.6395741583130246,1.22964074465375,1.8476896,0.7574771,445661.3162414598,5696606.891858799,477.4470520019531,-168.3046029304382,4.3516139683153,-0.5829393111408446,1175,frame_001175.png
829,873,829,88,0.10615199034981906,54,0.6136363636363636,88,32,0.36363636363636365,445660.4080888442,5696606.793193518,477.2019290638754,-0.29500822752015665,0.040974645875394344,-0.24448206893708857,-169.87861388125646,3.6435021418480766,2.195309426818376,-1.3044323882477613,-1.0587574141532912,3.649003089297622,1.6757619,0.70461106,32,0.36363636363636365,445660.4080888565,5696606.793193528,477.20192906540507,-0.2950082152383402,0.040974656119942665,-0.24448206740743217,-169.87861387806367,3.6435020789138624,2.195309390862105,-1.3044323850549802,-1.0587574770875108,3.6490030533413744,1.6757619,0.70461106,445660.70309707173,5696606.752218872,477.4464111328125,-168.5741814930087,4.70225955600137,-1.4536936624792576,1176,frame_001176.png
827,839,827,68,0.08222490931076179,45,0.6617647058823529,68,25,0.36764705882352944,445660.84701329086,5696606.935134622,477.2845041714261,0.3622919028857723,0.21502421237528324,-0.1711232699802281,-169.7842620060521,0.4948593567091712,2.7179231315998873,-1.2150483812709467,-4.44615622430166,4.897451566942152,1.889581,0.51627696,25,0.36764705882352944,445660.8470132902,5696606.935134622,477.28450417143915,0.362291902245488,0.21502421237528324,-0.1711232699671541,-169.78426200624284,0.4948593594541248,2.717923131209654,-1.2150483814616848,-4.446156221556691,4.897451566551922,1.889581,0.51627696,445660.48472138797,5696606.72011041,477.4556274414063,-168.56921362478116,4.941015581010819,-2.1795284353422666,1177,frame_001177.png
800,805,800,87,0.10875,42,0.4827586206896552,87,30,0.3448275862068966,445659.98544214806,5696606.767090914,477.2412517347121,-0.2663340489962138,0.08035054802894592,-0.20906564810042028,-169.93561791782824,3.558905265628914,2.547555325648914,-1.498961098778011,-1.5325413805000778,4.7070699618304275,1.7330798,0.7666095,30,0.3448275862068966,445659.98544214905,5696606.767090915,477.2412517348748,-0.2663340480066836,0.0803505489602685,-0.20906564793767757,-169.93561791779834,3.558905260935605,2.5475553248816776,-1.4989610987481115,-1.5325413851933831,4.707069961063212,1.7330798,0.7666095,445660.25177619705,5696606.686740366,477.4503173828125,-168.43665681905023,5.09144664612898,-2.1595146361815263,1178,frame_001178.png
816,859,816,91,0.11151960784313726,43,0.4725274725274725,91,27,0.2967032967032967,445659.806964445,5696606.602208078,477.3388614008536,-0.20593640906736255,-0.04736790992319584,-0.10669523977139761,-169.8227630000055,2.7680554454072372,2.845971088342509,-1.433980324787541,-2.3507644515930224,4.438883732794864,1.7934507,0.7616625,27,0.2967032967032967,445658.38010391826,5696606.82355847,452.4427698854248,-1.6327969357953407,0.17398248240351677,-25.00278675520019,10.433047173991904,9.023891191362747,0.6546762165087445,178.82182984920985,3.9050712943624717,2.247588860961116,2.2661936,1.2443062,445660.01290085405,5696606.649575988,477.445556640625,-168.38878267521795,5.118819897000264,-1.5929126444523618,1179,frame_001179.png
858,824,858,77,0.08974358974358974,42,0.5454545454545454,77,25,0.3246753246753247,445659.09530388634,5696606.856490832,477.2606634057819,-0.16794708132511005,0.33959261793643236,-0.17650090085874126,-170.46959880972415,2.2817721917383813,0.7277093336768626,-1.4590712547494604,-2.23295114807965,1.8352819103928084,1.7454011,0.68250793,25,0.3246753246753247,445659.0953038876,5696606.856490832,477.26066340601574,-0.1679470800445415,0.33959261793643236,-0.17650090062488744,-170.46959880932155,2.2817721853243147,0.7277093308703968,-1.459071254346867,-2.232951154493719,1.8352819075863351,1.7454011,0.68250793,445659.26325096766,5696606.516898214,477.4371643066406,-169.0105275549747,4.514723339818045,-1.107572576715938,1180,frame_001180.png
912,808,912,80,0.08771929824561403,45,0.5625,80,29,0.3625,445657.87813235965,5696605.958636525,477.11494399168834,-0.8752151480875909,-0.45940199587494135,-0.31373642823353975,-170.68406649751367,5.285407768805468,5.504464225556745,-1.5458661081984246,0.9644728144152737,8.2973188208002,1.9407536,0.5556687,29,0.3625,445657.8781323654,5696605.958636525,477.1149439943541,-0.8752151423250325,-0.45940199587494135,-0.31373642556775394,-170.68406649715533,5.285407741682587,5.504464230123666,-1.5458661078400837,0.9644727872923795,8.297318825367114,1.9407536,0.5556687,445658.75334750774,5696606.418038521,477.4286804199219,-169.13820038931524,4.320934954390205,-2.792854595243452,1181,frame_001181.png
829,852,829,84,0.10132689987937274,45,0.5357142857142857,84,34,0.40476190476190477,445657.73324989155,5696606.147112594,477.19233973449224,-0.50201082136482,-0.229469851590693,-0.23020665222657044,-170.26539758378468,3.7481542675803112,5.642525150094558,-1.6233331573661474,-0.022032684078340026,9.339563993800766,2.0202565,0.78018254,34,0.40476190476190477,445657.733249894,5696606.1471125875,477.19233973509625,-0.5020108189200982,-0.22946985810995102,-0.23020665162255227,-170.26539758507982,3.7481542611162686,5.642525180037771,-1.6233331586612962,-0.022032690542374667,9.339564023743975,2.0202565,0.78018254,445658.2352607129,5696606.376582446,477.4225463867188,-168.64206442641853,3.770186951658643,-3.697038843706204,1182,frame_001182.png
864,877,864,74,0.08564814814814815,43,0.581081081081081,74,28,0.3783783783783784,445657.50042283064,5696606.1124785775,477.2336140451759,-0.48726187890861183,-0.2592051401734352,-0.2074565114647271,-170.2138251099153,4.839359065084434,7.210401483443772,-1.515290029294988,-0.4024603137900442,12.30260666616229,1.8605708,0.7210413,28,0.3783783783783784,445657.5004228287,5696606.1124785775,477.2336140444199,-0.48726188082946464,-0.2592051401734352,-0.20745651222074457,-170.21382511022904,4.839359074703304,7.210401484837444,-1.5152900296087353,-0.4024603041711714,12.302606667555978,1.8605708,0.7210413,445657.98768470954,5696606.371683718,477.4410705566406,-168.6985350806203,5.241819378874482,-5.092205182718524,1183,frame_001183.png
858,859,858,66,0.07692307692307693,39,0.5909090909090909,66,26,0.3939393939393939,445657.73967071855,5696606.275787643,477.5874284509911,-0.011741783644538373,-0.08041092101484537,0.10723435919425128,-170.44997122885783,2.741822077785094,6.665393671435154,-1.720249486026347,-3.031153154146523,11.465137123944857,1.8308698,0.6499954,26,0.3939393939393939,445657.7396707178,5696606.275787641,477.5874284506872,-0.011741784401237965,-0.08041092287749052,0.10723435889030952,-170.4499712290571,2.7418220821461468,6.665393676622171,-1.7202494862256117,-3.0311531497854673,11.465137129131875,1.8308698,0.6499954,445657.7514125022,5696606.356198564,477.4801940917969,-168.7297217428315,5.772975231931617,-4.799743452509698,1184,frame_001184.png
857,905,857,71,0.08284714119019837,32,0.4507042253521127,71,21,0.29577464788732394,445656.7010633952,5696605.90588197,477.2912920473031,-0.8156117469770834,-0.4284082669764757,-0.1990643980093978,-170.2055686219238,5.728627425691487,5.927870005124991,-1.7866146347432448,0.650748437808943,9.197772286678656,1.5355211,0.6770331,21,0.29577464788732394,445656.7010633953,5696605.90588197,477.29129204735654,-0.8156117468606681,-0.4284082669764757,-0.19906439795596498,-170.2055686219561,5.728627425216438,5.9278700054723545,-1.7866146347755603,0.6507484373338741,9.197772287025998,1.5355211,0.6770331,445657.51667514216,5696606.334290237,477.4903564453125,-168.41895398718054,5.077878987882554,-3.269902281553654,1185,frame_001185.png
908,856,908,67,0.07378854625550661,40,0.5970149253731343,67,24,0.3582089552238806,445656.5726514304,5696606.054128734,477.1898525769876,-0.4707363296765834,-0.21666528284549713,-0.2886630480123813,-170.1904253227349,5.657348373746297,4.339067249903869,-1.5557483849447635,-0.022003807789928942,6.789485157434683,1.5977684,0.6936011,24,0.3582089552238806,445656.5726514385,5696606.054128733,477.1898525814609,-0.47073632158571854,-0.2166652837768197,-0.28866304353908845,-170.19042532222943,5.65734833500252,4.33906725799649,-1.5557483844392834,-0.022003846533721116,6.789485165527282,1.5977684,0.6936011,445657.04338776006,5696606.270794017,477.478515625,-168.63467693779015,5.6793521815362284,-2.4504179075307992,1186,frame_001186.png
851,869,851,72,0.0846063454759107,34,0.4722222222222222,72,21,0.2916666666666667,445656.8480592556,5696605.146756782,477.5562717277364,0.04278087877901271,-1.0758246453478932,0.08187597578324812,-170.87087783112798,3.5803218884083052,7.97974484506996,-2.1771332887162487,-2.030318401938331,9.860912253692874,1.5236642,0.8296165,21,0.2916666666666667,445656.84805925965,5696605.146756777,477.55627172869174,0.042780882853548974,-1.0758246509358287,0.08187597673861546,-170.87087783262456,3.58032187415269,7.979744874845811,-2.177133290212822,-2.03031841619395,9.860912283468707,1.5236642,0.8296165,445656.8052783768,5696606.222581428,477.4743957519531,-168.69374454241174,5.610640290346635,-1.8811674086229013,1187,frame_001187.png
825,865,825,65,0.07878787878787878,38,0.5846153846153846,65,23,0.35384615384615387,445655.8944383147,5696605.581905862,477.22938370402136,-0.6667228079168126,-0.6007097447291017,-0.22935653035364112,-169.97175945608745,5.340500296030984,6.341750390845419,-1.5158702505549684,0.4284795145003386,9.220754329417872,1.8581909,0.55708927,23,0.35384615384615387,445655.8944383136,5696605.58190586,477.2293837037594,-0.6667228090227582,-0.6007097465917468,-0.2293565306155756,-169.97175945777317,5.340500302788634,6.341750400698892,-1.5158702522406884,0.42847952125799793,9.220754339271338,1.8581909,0.55708927,445656.56116112263,5696606.182615607,477.458740234375,-168.4558892055325,4.912020781530632,-2.8790039385724424,1188,frame_001188.png
847,866,847,67,0.07910271546635184,35,0.5223880597014925,67,23,0.34328358208955223,445655.3360477489,5696605.8719050335,477.1255186411522,-0.9791320023941807,-0.2706465953961015,-0.3187867787696632,-170.3269465510174,5.589931047857429,4.628633997521568,-1.5596025800098516,1.277682624052943,7.644549407171411,1.763357,0.695699,23,0.34328358208955223,445653.1754429973,5696600.967037012,478.5526335416996,-3.1397367540048435,-5.1755146170035005,1.1083281217777312,-21.917851046074702,-2.5471669156255037,158.85000408541998,146.84949292493286,-6.859415339430001,161.86591949506987,204.64317,175.88107,445656.3151797513,5696606.142551629,477.4443054199219,-168.76734397100753,4.312248423804486,-3.0159154096498533,1189,frame_001189.png
815,866,815,50,0.06134969325153374,27,0.54,50,18,0.36,445655.11805934797,5696605.520867621,477.1969219596382,-0.6869330698391423,-0.5196911077946424,-0.23993717122118596,-170.55610941815365,5.3699094728525205,5.355091399673779,-1.5599829523258961,1.0562641977913643,7.715573467235146,1.7248096,0.8912329,18,0.36,445655.11805934797,5696605.52086762,477.1969219596352,-0.6869330698391423,-0.519691108725965,-0.23993717122419866,-170.55610941887159,5.369909473614533,5.355091404413703,-1.5599829530438285,1.0562641985533787,7.715573471975063,1.7248096,0.8912329,445655.8049924178,5696606.040558728,477.4368591308594,-168.99612646582776,4.313645275061162,-2.3604820675613674,1190,frame_001190.png
794,900,794,47,0.05919395465994962,30,0.6382978723404256,47,15,0.3191489361702128,445655.08374843,5696605.846689358,477.18191494812794,-0.46298680565087125,-0.1491662822663784,-0.2597964776533672,-170.3815026522191,3.578356719414749,4.533445663016561,-1.2810649866034396,-0.559152634544489,7.680408004530534,1.3967538,0.6482454,15,0.3191489361702128,445655.08374843013,5696605.846689359,477.1819149481412,-0.4629868055344559,-0.14916628133505583,-0.2597964776401227,-170.38150265148226,3.578356717644853,4.5334456566098,-1.2810649858666068,-0.5591526363143942,7.680407998123769,1.3967538,0.6482454,445655.54673523566,5696605.995855641,477.4417114257813,-169.10043766561566,4.137509353959245,-3.1469623415139636,1191,frame_001191.png
880,1003,880,71,0.08068181818181819,39,0.5492957746478874,71,23,0.323943661971831,445654.3874635169,5696605.3719377285,477.20356343828036,-0.6484984265407547,-0.5387998735532165,-0.23109842695401994,-170.74932424687307,3.8840097266585873,6.350625555878786,-1.668451746626289,0.0021659297061376037,9.518852697751072,1.5589706,0.8126888,23,0.323943661971831,445654.38746351696,5696605.3719377285,477.2035634382807,-0.6484984264825471,-0.5387998735532165,-0.23109842695367888,-170.7493242468668,3.8840097266437335,6.3506255558051015,-1.6684517466200077,0.0021659296913014714,9.518852697677374,1.5589706,0.8126888,445655.03596194345,5696605.910737602,477.4346618652344,-169.08087250024678,3.8818437969524453,-3.1682271418722747,1192,frame_001192.png
855,1142,855,69,0.08070175438596491,41,0.5942028985507246,69,25,0.36231884057971014,445653.9962460153,5696605.172277503,477.13192848297433,-0.5342382855014876,-0.6569317141547799,-0.292479476010044,-171.13994547785,4.262364139741611,6.801323450943193,-1.8560427808012037,0.4775801976604157,9.697105183376607,1.547115,0.78843886,25,0.36231884057971014,445653.9962460153,5696605.172277503,477.13192848297376,-0.5342382855014876,-0.6569317141547799,-0.2924794760106124,-171.13994547785816,4.262364139788219,6.8013234509838085,-1.8560427808093607,0.4775801977070273,9.697105183417221,1.547115,0.78843886,445654.5304843008,5696605.829209217,477.4244079589844,-169.2839026970488,3.7847839420811877,-2.8957817324334,1193,frame_001193.png
886,1136,886,76,0.08577878103837472,44,0.5789473684210527,76,17,0.2236842105263158,445653.76180996734,5696605.41146369,477.17941243253136,-0.5180410743341781,-0.3704832708463073,-0.23516886629676037,-170.8779130135312,3.668184916265793,5.6672953918151805,-1.6654681354360719,-0.2000254362807823,8.91754036761742,1.7031392,0.74706864,17,0.2236842105263158,445653.7618099695,5696605.411463674,477.17941243247026,-0.5180410721804947,-0.37048328667879105,-0.23516886635786705,-170.8779130240064,3.6681849176981274,5.667295465981353,-1.6654681459112624,-0.20002543484844182,8.917540441783586,1.7031392,0.74706864,445654.2798510417,5696605.781946961,477.4145812988281,-169.21244487809514,3.8682103525465665,-3.250244975802228,1194,frame_001194.png
850,1189,850,88,0.10352941176470588,40,0.45454545454545453,88,22,0.25,445653.4141502836,5696605.700320458,477.1726590374963,-0.6234349826700054,-0.03886943403631449,-0.2511690875036834,-170.73309099510675,5.067658875627519,4.270453496169113,-1.5193075602505246,-0.0479237363573759,7.70612618085778,1.8734249,0.7284388,22,0.25,445653.4141502897,5696605.700320424,477.1726590386146,-0.623434976558201,-0.03886946849524975,-0.2511690863854028,-170.73309101536813,5.067658873176492,4.270453659569429,-1.5193075805119065,-0.04792373880840728,7.706126344258109,1.8734249,0.7284388,445654.0375852663,5696605.739189892,477.423828125,-169.21378343485623,5.115582611984897,-3.4356726846886723,1195,frame_001195.png
891,1258,891,82,0.0920314253647587,40,0.4878048780487805,82,23,0.2804878048780488,445654.2205545949,5696604.770707593,476.7424570661157,0.4176912473049015,-0.9359368896111846,-0.678960170212406,-171.52380930029014,0.2893242033440077,10.300529814088215,-2.289946938156106,-4.9072699781737015,14.523192809886012,1.5219221,0.7042518,23,0.2804878048780488,445649.23522562085,5696606.242006802,454.28903423655913,-4.567637726722751,0.5353623190894723,-23.132382999768993,11.548833112251579,23.50184145598252,-1.394448908868129,-179.2173045256144,18.30524727446482,2.828214086929677,8.463119,5.3594155,445653.8028633476,5696605.706644483,477.4214172363281,-169.23386236213403,5.1965941815177095,-4.2226629957978,1196,frame_001196.png
1179,1791,1179,189,0.16030534351145037,94,0.4973544973544973,189,51,0.2698412698412698,445651.4742868349,5696604.6134360265,477.0819576487754,-0.4233156591071747,-0.7586678648367524,-0.37440221450589206,-170.8723543782193,3.4743201837438313,8.58836355525953,-1.7270572289705797,-0.15686391229581886,12.772975589846794,1.974603,0.69081044,51,0.2698412698412698,445240.68119374866,5696783.297851894,7.9446875752993265,-411.2164087453275,177.9257480027154,-469.511672287982,44.09690017513139,35.18258488698621,-31.41554100049342,-146.75780267561987,31.55140079094656,-27.230928965906145,353.98648,193.34427,445651.897602494,5696605.372103891,477.4563598632813,-169.14529714924873,3.631184096039657,-4.184612034587276,1197,frame_001197.png
1207,1819,1207,188,0.15575807787903895,92,0.48936170212765956,188,44,0.23404255319148937,445651.0325693623,5696605.1862675985,477.0069332274146,-0.6103733942145482,-0.13914952334016562,-0.46474646008539366,-170.86470951383558,3.356944685161271,5.061828699700094,-1.5235909111262913,-0.20926463380178006,8.94128279813404,2.007397,0.6664757,44,0.23404255319148937,445651.032569362,5696605.1862675985,477.00693322743666,-0.6103733945055865,-0.13914952334016562,-0.4647464600633384,-170.8647095138086,3.3569446866950843,5.06182869975352,-1.523590911099319,-0.2092646322679741,8.941282798187473,2.007397,0.6664757,445651.64294275653,5696605.325417122,477.4716796875,-169.3411186027093,3.566209318963063,-3.879454098433943,1198,frame_001198.png
1313,2099,1313,257,0.19573495811119573,139,0.5408560311284046,257,62,0.24124513618677043,445650.5376588346,5696604.577916264,477.0944145976775,-0.3662617144873366,-0.6195876114070415,-0.36777412302564016,-171.03010909698526,3.4057673093140486,8.235948561342502,-1.4127273356136527,-0.32480348986172203,12.60894022527117,1.9152497,0.72018236,62,0.24124513618677043,-47798201.664945066,55679829.12009128,-35047070.879558265,-48243852.56886561,49983223.92258741,-35047548.341746986,54.67265690691907,10.695901806273252,-52.142177033093084,-135.70996133170934,6.96533100709749,-47.769185369164404,213.65198,134.64229,445650.9039205491,5696605.197503875,477.4621887207031,-169.6173817613716,3.730570799175773,-4.372991663928662,1199,frame_001199.png
1460,2078,1460,304,0.20821917808219179,168,0.5526315789473685,304,68,0.2236842105263158,445650.2868626511,5696603.183063552,477.31277896938366,-0.3711128138238564,-1.978045741096139,-0.13457820835071743,-172.36298805429138,3.6869582762830366,14.141251481426904,-2.84041961175663,0.4674656756897093,17.974462786590863,1.9618683,0.706725,68,0.2236842105263158,445650.28686264664,5696603.183063564,477.31277897027735,-0.3711128183058463,-1.9780457289889455,-0.1345782074570252,-172.36298804439596,3.6869582902701517,14.141251421935456,-2.840419601861214,0.46746568967682833,17.97446272709942,1.9618683,0.706725,445650.65797546494,5696605.161109293,477.4473571777344,-169.52256844253475,3.219492600593321,-3.833211305163965,1200,frame_001200.png
1441,2201,1441,322,0.22345593337959752,171,0.531055900621118,322,83,0.2577639751552795,445648.75498736696,5696603.840042019,477.5105399963086,-1.6504678286146373,-1.2803768618032336,0.06330488888670516,-170.635833360876,8.735832988270731,10.474493997868594,-1.756815481595254,5.788818779269633,14.946711908040896,1.8615066,0.7117314,83,0.2577639751552795,445648.54803369776,5696603.382221787,477.52524565295226,-1.8574214978143573,-1.7381970938295126,0.07801054553038966,-171.0808768129406,10.051971024262299,12.495934410915726,-2.2018589336598495,7.104956815261204,16.96815232108804,1.9926537,0.8947658,445650.4054551956,5696605.120418881,477.4472351074219,-168.87901787928075,2.9470142090011,-4.472217910172315,1201,frame_001201.png
1453,2243,1453,341,0.23468685478320717,199,0.5835777126099707,341,82,0.2404692082111437,445648.9063165162,5696602.561404393,477.2558809910072,-1.2536660606856458,-2.5164261031895876,-0.20008214375843636,-172.60946048674126,9.826197866710878,15.368173734423664,-3.25322169155217,4.606204083243057,18.331088449998504,1.9589604,0.7048206,82,0.2404692082111437,445645.46806586016,5696597.734417739,475.12590050766613,-4.691916716750711,-7.343412756919861,-2.330062627099494,176.93248770199125,28.510495927894272,42.38015852844903,-13.711273502819722,23.290502144426455,45.343073244023884,24.044024,10.76443,445650.1599825769,5696605.077830496,477.4559631347656,-169.35623879518909,5.21999378346782,-2.9629147155748474,1202,frame_001202.png
1589,2395,1589,344,0.21648835745752046,198,0.5755813953488372,344,89,0.25872093023255816,445649.5868096729,5696602.932581581,477.17444397882196,-0.11655337875708938,-2.0173863731324673,-0.28466246649054483,-172.26159898121938,4.241707689525802,12.58673808930658,-3.27577116019188,-0.3873171671686748,14.422155432946738,1.9595577,0.62804663,89,0.25872093023255816,445616.078142561,5696578.361898127,366.0481161145988,-33.62522049061954,-26.58806982729584,-111.41099033071367,23.94207501723815,33.097583867097995,16.608690039051872,-167.07209716173435,28.46855901040351,18.44410738269204,225.45918,115.4662,445649.70336305164,5696604.949967954,477.4591064453125,-168.9858278210275,4.629024856694483,-1.8354173436401546,1203,frame_001203.png
1622,2499,1622,417,0.25709001233045625,208,0.4988009592326139,417,105,0.2517985611510791,445648.89911072724,5696603.172682787,477.32759418426053,-0.5600972285610624,-1.7044648323208094,-0.12794170441134156,-171.05397140915963,4.523403592994401,10.250122924600246,-2.5523058672963828,1.3422755926943921,11.70378733767879,1.9176248,0.7157555,105,0.2517985611510791,534772.343479899,5941520.588070607,-191083.21066569843,89122.88427194319,244915.7109229872,-191560.6662015871,173.1491561659399,-0.5230227967095864,-117.29701398094335,-18.349178292196825,-3.7041507970095893,-115.84334956786479,206.65967,95.08126,445649.4592079558,5696604.87714762,477.4555358886719,-168.50166554186325,3.181128000299996,-1.4536644130785548,1204,frame_001204.png
1729,2511,1729,444,0.25679583574320414,261,0.5878378378378378,444,114,0.25675675675675674,445648.62416308105,5696603.658593943,477.331300621162,-0.592083441792056,-1.1406726026907563,-0.12191593157240277,-170.68576182100395,3.3869594904667464,6.725027647540612,-2.333758140394224,0.662518796689227,7.1706124145205195,1.8274453,0.83133036,114,0.25675675675675674,511268.4532800779,5753065.858355114,-78666.66951974422,65619.23703355505,56461.0590885682,-79144.12273629695,-144.73140477170642,39.287399115305256,-167.66640725372878,23.620598908903304,36.562958421527725,-167.22082248674886,235.33667,114.593834,445649.21624652285,5696604.799266546,477.4532165527344,-168.35200368060973,2.724440693777525,-0.44558476697990773,1205,frame_001205.png
1728,2687,1728,417,0.24131944444444445,217,0.5203836930455635,417,114,0.2733812949640288,445648.04034328787,5696604.456477799,477.2534513579337,-0.9340378999477252,-0.2569074369966984,-0.2064790619881478,-169.7989491327677,3.506458959357646,1.5394511174817338,-1.6924396881662176,1.1655028576141149,1.9005167382072443,1.8376031,0.7308427,114,0.2733812949640288,447069.33540017833,5694445.154576744,2612.491171755902,1420.3610189905157,-2159.5588084924966,2135.03124133598,-46.09868952556962,44.993515346244095,177.23987813279817,122.00781991903182,42.652559244500566,177.60094375352367,271.26865,134.4702,445648.9743811878,5696604.713385236,477.4599304199219,-168.10650944460147,2.3409561017435205,-0.36106562072551424,1206,frame_001206.png
1822,2985,1822,462,0.2535675082327113,244,0.5281385281385281,462,114,0.24675324675324675,445647.11556126416,5696603.1471717525,477.2573660876284,-1.1717019676580094,-1.2894592760130763,-0.21507653932474113,-170.7722285174455,7.502049373867327,4.165692228341999,-2.1238073841094547,3.896922445082083,2.346814931300088,1.9409946,0.753398,114,0.24675324675324675,498448.81700209423,5668727.981155771,-129828.06470585996,52800.52973886242,-27876.45547525771,-130305.53714848691,19.4705171337261,-13.783379591690439,23.38895209158638,-171.88106173293784,-17.388506520475687,21.57007479454444,255.07867,133.398,445648.2872632318,5696604.436631029,477.4724426269531,-168.64842113333606,3.6051269287852534,1.8188772970419245,1207,frame_001207.png
1829,3086,1829,474,0.25915800984144344,257,0.5421940928270043,474,102,0.21518987341772153,445646.9122688833,5696603.740570214,477.1240261089753,-1.1597403688938357,-0.6155890496447682,-0.3450901019622279,-170.5577514180178,6.446421297296779,1.4635930764176237,-1.7570052717308613,3.131041129477211,0.18534506992347133,1.9489918,0.72425485,102,0.21518987341772153,447344.48227281164,5696053.502392581,-2309.2383138323235,1696.4102635594318,-550.8537666825578,-2786.707430043261,55.26570581327368,-6.527552453561534,35.98099021024799,-135.9335480404394,-9.842932621381124,34.702742203753814,288.78656,150.8091,445648.0720092522,5696604.356159263,477.4691162109375,-168.80074614628694,3.3153801678195784,1.278248006494157,1208,frame_001208.png
1794,3238,1794,419,0.23355629877369008,226,0.5393794749403341,419,95,0.22673031026252982,445646.6856829114,5696603.765052512,477.23803477650205,-0.9511406508972868,-0.4762683864682913,-0.2557701551385776,-170.54807806988316,7.057376302905927,2.2244862427526226,-1.453945480205192,2.163830842283261,1.7605801175275246,1.9080473,0.7292459,95,0.22673031026252982,445646.68568291364,5696603.765052511,477.23803477694906,-0.9511406486853957,-0.47626838739961386,-0.25577015469156095,-170.54807807091524,7.057376292768617,2.224486248569224,-1.4539454812372696,2.1638308321459476,1.7605801233441412,1.9080473,0.7292459,445647.6368235623,5696604.241320899,477.4938049316406,-169.09413258967797,4.893545460622658,0.4639061252250876,1209,frame_001209.png
1798,3322,1798,431,0.2397107897664071,244,0.5661252900232019,431,101,0.23433874709976799,445646.6780538068,5696604.0722743,477.27842156721056,-0.7263832702883519,-0.1312783621251583,-0.26036627458631756,-170.7548830535449,8.337252312155519,0.85356887436685,-1.4984904443134326,1.1176889226766775,0.42542422677749414,1.8531241,0.72487223,101,0.23433874709976799,-1953556951.164758,-1980964215.6841424,-3094100422.2739124,-1954002598.569195,-1986660819.887695,-3094100899.8127003,-158.45925990112357,-43.9550746498906,168.97572948456445,10.797132708107881,-51.17463803936943,168.5475848369751,225.09195,110.83258,445647.4044370771,5696604.203552662,477.5387878417969,-169.25639260923145,7.219563389478834,0.4281446475893522,1210,frame_001210.png
1756,3416,1756,392,0.22323462414578588,208,0.5306122448979592,392,89,0.22704081632653061,445645.66396668094,5696603.14466633,477.0358570565619,-1.4754699920886196,-1.0507998671382666,-0.5111094961724802,-170.28607354053614,5.552834260875754,10.671410665655525,-2.0675877623973236,4.702230566885447,16.15021279994616,1.9029498,0.76044637,89,0.22704081632653061,-9844941.637280675,-11073586.751945801,-18596327.006679375,-10290588.776717348,-16770190.947412,-18596804.553645927,-41.891405700701114,-10.371964443112207,56.404157529866076,126.3270800774377,-11.222568137102513,61.882959664156715,348.5716,202.82297,445647.139436673,5696604.195466197,477.5469665527344,-168.2184857781388,0.8506036939903092,-5.4788021342906355,1211,frame_001211.png
1834,3431,1834,437,0.23827699018538714,203,0.4645308924485126,437,99,0.22654462242562928,445645.3050252816,5696603.562713574,477.04450970384664,-1.5689601700287312,-0.6136665539816022,-0.5085908820908571,-169.79986648424241,6.542857916035187,6.264617732061779,-1.8104879991539633,4.2716403251954205,9.47031626142018,1.9415958,0.71009815,99,0.22654462242562928,550842.1817908043,5014812.50007562,-53568.86254228505,105195.30780535261,-681791.676304508,-54046.41564287099,9.786350851762075,22.107038481444086,94.71192345303633,177.77572933685053,19.83582089060434,97.91762198239473,365.80817,203.53015,445646.87398545165,5696604.176380128,477.5531005859375,-167.98937848508845,2.271217590839753,-3.205698529358407,1212,frame_001212.png
1829,3530,1829,394,0.21541826134499725,168,0.4263959390862944,394,80,0.20304568527918782,445644.8104452487,5696603.503557098,476.95865045304873,-1.3368052623118274,-0.5378431072458625,-0.5306378770293918,-170.34860596974912,8.433176999318306,3.0293557015146617,-1.951141813817543,4.443684085260571,3.293384664838669,2.0178993,0.71112996,80,0.20304568527918782,467133.78341645515,5697919.300280117,-4183.668564104643,21487.63616594416,1315.2588799120858,-4661.1578524347215,-141.97253839883777,76.94239571967489,151.0856702284385,26.424925757093803,72.95290280561716,151.3496991917625,327.4594,195.32169,445646.147250511,5696604.041400205,477.4892883300781,-168.39746415593157,3.9894929140577213,-0.26402896332399706,1213,frame_001213.png
1844,3609,1844,426,0.23101952277657267,183,0.4295774647887324,426,84,0.19718309859154928,445644.8033440407,5696603.17372008,477.0028623353847,-1.0998168071964756,-0.8365112887695432,-0.4613100278966158,-170.42734624016683,5.699993872940115,6.622483583780782,-2.339274372987802,3.072117310346016,8.918174027259454,1.9393679,0.75837946,84,0.19718309859154928,458911.8765004519,5555990.188774661,-75791.93933465776,13265.973339603981,-140613.821456708,-76269.40350702104,7.543767777848315,4.294143435664594,67.67310678090422,175.6318396450273,1.666266873070498,69.96879722438291,419.24396,162.6205,445645.9031608479,5696604.010231369,477.4641723632813,-168.08807186717902,2.6278765625940883,-2.295690443478677,1214,frame_001214.png
1848,3606,1848,384,0.2077922077922078,184,0.4791666666666667,384,80,0.20833333333333334,445644.13705057633,5696603.208858902,476.9327264053839,-1.522671011975035,-0.7638013288378716,-0.5428595321160969,-169.94127604146018,8.977181394040185,6.124227687175009,-2.1998894943433527,4.644762816098421,8.46884269870975,1.8586746,0.7397422,80,0.20833333333333334,387471.54083346407,5601959.977591711,46473.30479130324,-58174.11888812424,-94643.99506851938,45995.82920536574,128.9767146770752,-41.63887558216761,68.72221762123496,-63.281898775807974,-45.97129416010938,71.06683263276972,371.70346,211.25969,445645.6597215883,5696603.9726602305,477.4755859375,-167.74138654711683,4.332418577941761,-2.3446150115347435,1215,frame_001215.png
1859,3590,1859,408,0.21947283485745026,172,0.4215686274509804,408,86,0.2107843137254902,445644.59689337556,5696602.954266173,477.01544860549893,-0.8307857744512148,-0.9830237608402967,-0.465355837860443,-170.24368343360254,6.861144896291603,6.9350919253425545,-2.26588987651607,1.4187986303468278,8.509600902716443,1.8103257,0.685192,86,0.2107843137254902,445654.6468194863,5696604.303287286,738.3709047643938,9.219140336266719,0.36599735263735056,260.8901003210344,-63.22284252276771,-2.1121149785849314,-175.13293895741765,104.75495103431876,-7.554461244529733,-173.55842998004374,446.79248,149.61664,445645.42767915,5696603.937289934,477.4808044433594,-167.97779355708647,5.4423462659447885,-1.5745089773738967,1216,frame_001216.png
1880,3772,1880,394,0.20957446808510638,175,0.44416243654822335,394,75,0.19035532994923857,445644.24951723276,5696603.051578343,476.98041486267385,-0.7265818580053747,-0.7973635410889983,-0.518425469357453,-171.10407073727905,7.995891558377383,6.2624297518120615,-2.2165769185681654,1.6203282031100912,7.932343838180799,1.9676508,0.65706,75,0.19035532994923857,474294.08483475755,5692346.0083482545,-4366.021459008967,28649.108735666785,-4257.840593629517,-4843.5202993409985,140.36148827229508,77.99953328908938,-143.20160516726526,-50.75101790899407,71.62396993382211,-141.5316910808965,422.64886,181.10722,445644.97609909077,5696603.848941884,477.4988403320313,-168.88749381871088,6.37556335526728,-1.6699140863687474,1217,frame_001217.png
1863,3779,1863,391,0.20987654320987653,169,0.4322250639386189,391,83,0.21227621483375958,445644.1674176251,5696603.343192921,477.05031816199903,-0.5715965246781707,-0.4661458032205701,-0.45105512901659495,-171.22450061411763,5.578810832664227,4.742969696051182,-2.028351022894782,0.3326758525744822,6.497580439051859,1.991865,0.7586712,83,0.21227621483375958,392057.64808674075,5331015.420131052,917818.3347823786,-53587.09092740901,-365588.3892076723,917340.8334090876,101.75921201641421,-16.826263748117675,11.34578359650877,-89.04463839236291,-22.072398728207418,13.10039433950945,424.78854,147.39206,445644.73901414976,5696603.809338724,477.5013732910156,-169.19614959122285,5.246134980089744,-1.7546107430006848,1218,frame_001218.png
1762,3794,1762,352,0.19977298524404086,145,0.4119318181818182,352,68,0.19318181818181818,445644.5217406385,5696603.838363863,477.0683887970617,0.0339926197193563,0.059042954817414284,-0.41839709161018845,-170.4996801665647,-0.13175205381024221,2.709853850289843,-1.59519567081864,-3.6334026175607335,4.477766746735767,1.9192942,0.7691722,68,0.19318181818181818,483379.979697347,5564506.469947066,15048.192319388545,37735.49194932822,-132097.30937384162,14570.705533499873,-164.55107713868452,47.82551825889591,87.65800742701869,4.353407357061542,44.323867695145395,89.4259203234646,391.84338,161.22447,445644.48774801876,5696603.779320908,477.4867858886719,-168.90448449574606,3.501650563750504,-1.7679128964459223,1219,frame_001219.png
1827,3781,1827,374,0.2047071702244116,165,0.4411764705882353,374,70,0.18716577540106952,445643.1142081054,5696602.179245942,476.8867253069013,-1.1183114093146287,-1.5723882829770446,-0.594414829817481,-171.2227621652727,5.801670868447763,10.69901219943273,-2.7585377771677884,2.7939655546299775,12.999768070016984,1.9725311,0.7304093,70,0.18716577540106952,16380355.978795199,-1418027.31904634,-141593861.6637351,15934711.746275684,-7114631.070680565,-141594339.14487523,-89.87299741557092,-0.6923551651730184,179.10401687272986,78.591226972534,-3.700060478990821,-178.59522725668592,460.3155,107.54303,445644.23251951474,5696603.751634225,477.4811401367188,-168.46422438810492,3.0077053138177994,-2.3007558705842666,1220,frame_001220.png
1794,3794,1794,396,0.22073578595317725,175,0.44191919191919193,396,77,0.19444444444444445,445643.809346497,5696602.969797624,477.2190974259516,0.08333560882601887,-0.7132239285856485,-0.2580449080327867,-169.66163702424657,-0.3027741124282698,7.510448642705316,-1.839049745403429,-2.5071124762565375,10.326158703457168,1.8901968,0.73030746,77,0.19444444444444445,445641.46680700174,5696608.142973431,456.06509146673204,-2.259203886438627,4.459951878525317,-21.412050867252333,12.915761340535681,6.202192217816817,-22.141031339610617,-179.26165138062117,3.997853853988545,-19.32532127885878,16.065926,12.929919,445643.7260108882,5696603.683021553,477.4771423339844,-167.82258727884314,2.2043383638282705,-2.8157100607518415,1221,frame_001221.png
1728,3828,1728,361,0.20891203703703703,167,0.4626038781163435,361,62,0.17174515235457063,445643.2519491221,5696603.2135565365,477.23036379858434,-0.011056987743359059,-0.3764865202829242,-0.25138668969697164,-169.3639765429667,0.5602809085543942,3.724837289254906,-1.8302315513548137,-2.8111101256858433,4.508755007463066,1.915772,0.60867184,62,0.17174515235457063,445643.2519491221,5696603.2135565365,477.23036379858115,-0.011056987743359059,-0.3764865202829242,-0.2513866897001549,-169.36397654300427,0.5602809088711913,3.724837290253489,-1.8302315513923872,-2.8111101253690265,4.508755008461634,1.915772,0.60867184,445643.26300610986,5696603.590043057,477.4817504882813,-167.53374499161188,3.3713910342402245,-0.7839177182081488,1222,frame_001222.png
1712,3756,1712,324,0.18925233644859812,151,0.4660493827160494,324,56,0.1728395061728395,445642.3987608918,5696602.739696486,477.21901015937783,0.025768464140128344,-0.65892303455621,-0.27162094413779414,-169.50758146771122,3.5155453339357776,5.415607550826244,-1.3606526888966073,-2.3327076952964774,6.528521724786032,1.820566,0.6833105,56,0.1728395061728395,445642.3987608945,5696602.739696482,477.2190101601083,0.025768466817680746,-0.6589230382815003,-0.27162094340729936,-169.5075814685316,3.5155453234810565,5.415607568329043,-1.360652689717,-2.3327077057512042,6.528521742288831,1.820566,0.6833105,445642.37299242767,5696603.3986195205,477.4906311035156,-168.1469287788146,5.848253029232264,-1.1129141739597859,1223,frame_001223.png
1658,3758,1658,241,0.14535585042219543,100,0.4149377593360996,241,53,0.21991701244813278,445641.0612810518,5696603.680465413,477.0679573009708,-1.0698057950939983,0.31628371216356754,-0.40921555059168213,-169.40180739866642,5.267584301581311,-0.22541048506705277,-0.9908412722754747,1.8312096819433066,1.0991434291412077,2.1083279,0.60130614,53,0.21991701244813278,444711.76000567595,5691818.271155016,-672.2353120948198,-930.371081170917,-4785.0930266855285,-1149.7124849463823,160.75036898860597,28.686023026837827,107.8108354015741,-30.838664885003084,25.249648407199828,109.13538931578239,366.4511,201.79892,445642.1310868469,5696603.364181701,477.4771728515625,-168.41096612639095,3.436374619638006,-1.3245539142082692,1224,frame_001224.png
1690,3736,1690,240,0.14201183431952663,105,0.4375,240,44,0.18333333333333332,445640.80943797407,5696602.518114225,476.96961932037533,-1.059658994199708,-0.8153838710859418,-0.4897007479840454,-170.5953758050722,4.86074750481555,7.0814440190062085,-1.7231044055466214,2.01113971637713,10.277866767195832,2.0079844,0.71590155,44,0.18333333333333332,445640.80943797296,5696602.518114222,476.96961931939546,-1.0596589953056537,-0.8153838738799095,-0.48970074896391225,-170.59537580599306,4.860747512823813,7.081444031037146,-1.7231044064674848,2.011139724385373,10.27786677922677,2.0079844,0.71590155,445641.86909696826,5696603.333498096,477.4593200683594,-168.87227139952557,2.84960778843843,-3.1964227481896206,1225,frame_001225.png
1721,3605,1721,217,0.12608948285880303,103,0.47465437788018433,217,46,0.2119815668202765,445640.48979427275,5696603.061715278,476.94819849089737,-0.8461255590082146,-0.21406889334321022,-0.5087106887901314,-170.81846074300654,4.8280075087232275,4.23938161078754,-1.708634913786625,1.6780118134305724,7.20938656917977,1.8028823,0.70676,46,0.2119815668202765,445640.4897942732,5696603.061715279,476.94819849113446,-0.8461255585425533,-0.21406889241188765,-0.5087106885530375,-170.81846074220877,4.828007505338808,4.239381605162163,-1.708634912988856,1.678011810046172,7.209386563554375,1.8028823,0.70676,445641.33591983176,5696603.275784171,477.4569091796875,-169.10982582921991,3.149995695292645,-2.9700049583922183,1226,frame_001226.png
1838,3443,1838,215,0.11697497279651796,102,0.4744186046511628,215,40,0.18604651162790697,445642.51509755495,5696603.851641696,476.3899542763734,1.4431629987666383,0.60713055357337,-1.0529778525329334,-169.22253979669244,-9.3151611091307,1.581582027038433,-0.25248925282627965,-11.178875819719195,3.7675249733453313,1.8570309,0.7679996,40,0.18604651162790697,-903013.3635867035,10543468.392695993,3492673.122745706,-1348654.4355212597,4846865.148184851,3492195.679813577,-108.97593043181946,-35.02116115549124,-39.1970664982665,59.99412011204669,-36.88487586607974,-37.0111235519596,209.7211,93.21092,445641.0719345562,5696603.244511142,477.4429321289063,-168.97005054386617,1.8637147105884913,-2.1859429463069042,1227,frame_001227.png
1807,3404,1807,223,0.12340896513558385,93,0.4170403587443946,223,32,0.14349775784753363,445641.7032426128,5696605.32236912,477.0151594862427,0.8868851320585236,2.1125173373147845,-0.4222184434448195,-170.30632594334054,-7.002189191446436,-6.374422803357516,-1.0416035572618227,-9.419263534605335,-3.6386089826818875,1.7764081,0.86462486,32,0.14349775784753363,445641.70324261254,5696605.322369118,477.0151594863937,0.8868851317674853,2.1125173354521394,-0.42221844329378655,-170.30632594332658,-7.00218918902932,-6.374422798754178,-1.0416035572478677,-9.41926353218824,-3.6386089780785653,1.7764081,0.86462486,445640.81635748077,5696603.209851783,477.4373779296875,-169.26472238607872,2.417074343158907,-2.735813820675621,1228,frame_001228.png
1752,3165,1752,240,0.136986301369863,111,0.4625,240,38,0.15833333333333333,445641.08479790576,5696605.304916043,477.20266247606025,0.7724199686199427,2.1769055472686887,-0.21762560987724555,-169.84015367718922,-6.141450742121303,-7.726634641921324,-0.5164609409277432,-7.891941634696138,-6.180757860850065,1.9623011,0.60715234,38,0.15833333333333333,445641.08479790244,5696605.304916021,477.20266247662937,0.772419965302106,2.1769055258482695,-0.21762560930812924,-169.84015368058974,-6.141450707033701,-7.726634541315034,-0.5164609443282586,-7.891941599608515,-6.180757760243779,1.9623011,0.60715234,445640.31237793714,5696603.128010496,477.4202880859375,-169.32369273626148,1.750490892574822,-1.5458767810712577,1229,frame_001229.png
1790,3136,1790,244,0.13631284916201117,117,0.47950819672131145,244,47,0.19262295081967212,445641.2238345744,5696604.541275496,476.84530960952634,1.1602911908994429,1.4575228514149785,-0.587338095551786,-170.0613665484368,-8.327390709357015,-3.5830331016876893,-0.8536532090670335,-10.035468593204541,-1.6565195007563034,1.9060628,0.73936963,47,0.19262295081967212,445641.223834561,5696604.541275469,476.84530961189193,1.1602911775116809,1.4575228244066238,-0.5873380931861902,-170.0613665454412,-8.32739061620666,-3.5830329749902465,-0.8536532060714137,-10.035468500054208,-1.6565193740588597,1.9060628,0.73936963,445640.0635433835,5696603.083752644,477.4326477050781,-169.20771333936977,1.7080778838475377,-1.9265136009313872,1230,frame_001230.png
1749,2968,1749,253,0.14465408805031446,101,0.39920948616600793,253,50,0.1976284584980237,445640.473633221,5696603.719436212,476.870997949386,0.8875406096340157,0.735887823626399,-0.5439190428015195,-169.6726336665678,-6.744726407292958,-1.1352833011083703,-0.3906375104363349,-8.542866032786037,-0.3234474216476144,2.0140421,0.68793035,50,0.1976284584980237,445640.4736332193,5696603.71943621,476.8709979493388,0.8875406079459935,0.7358878208324313,-0.5439190428486995,-169.67263366670824,-6.74472639632262,-1.135283287810375,-0.39063751057676654,-8.542866021815712,-0.32344740834960817,2.0140421,0.68793035,445639.58609261137,5696602.983548389,477.4149169921875,-169.28199615613147,1.798139625493091,-0.8118358794607617,1231,frame_001231.png
1787,2981,1787,273,0.1527700055959709,126,0.46153846153846156,273,58,0.21245421245421245,445640.3322198991,5696603.725311444,476.96836105989934,0.9806799383368343,0.8013079715892673,-0.44112380338197,-169.02054043120035,-6.975601749431179,-2.023173323367706,-0.28238806902913893,-9.295129632983162,-1.8326341316722505,1.8965878,0.68077004,58,0.21245421245421245,445640.33221989893,5696603.725311443,476.9683610597528,0.9806799381622113,0.8013079706579447,-0.4411238035285123,-169.02054043095717,-6.975601747264389,-2.023173317588757,-0.2823880687859628,-9.295129630816348,-1.8326341258932928,1.8965878,0.68077004,445639.3515399608,5696602.924003473,477.4094848632813,-168.7381523621712,2.3195278835519697,-0.1905391916954535,1232,frame_001232.png
1744,2926,1744,268,0.1536697247706422,121,0.45149253731343286,268,50,0.1865671641791045,445640.34610339644,5696604.345879488,476.9636852706431,1.4605020732269622,1.5340505158528686,-0.4220569168568886,-168.7444248613405,-8.879582727936867,-4.570599872068739,-0.4295380670161535,-11.41414678654803,-3.5148951691844275,2.0743704,0.6910485,50,0.1865671641791045,445640.3461033974,5696604.3458794905,476.96368527052095,1.4605020741582848,1.5340505186468363,-0.4220569169790451,-168.74442486186965,-8.879582734717543,-4.570599881265164,-0.4295380675453089,-11.414146793328712,-3.51489517838084,2.0743704,0.6910485,445638.8856013232,5696602.811828972,477.3857421875,-168.31488679432434,2.5345640586111555,-1.0557047028843107,1233,frame_001233.png
1775,2821,1775,294,0.1656338028169014,154,0.5238095238095238,294,46,0.1564625850340136,445638.5733494355,5696603.843977072,477.4711142504442,-0.07243637362262234,1.0929551050066948,0.0867148363817023,-169.99660116801223,-2.1563736388447303,-4.278960816690909,-0.9393219994057631,-3.6420314175127544,-3.4056371817869433,2.0019042,0.68580294,46,0.1564625850340136,445638.5733494588,5696603.843977157,477.4711142592467,-0.07243635033955798,1.092955189757049,0.08671484518418993,-169.99660115849036,-2.156373828101307,-4.278961218292827,-0.9393219898838936,-3.6420316067693363,-3.4056375833888524,2.0019042,0.68580294,445638.64578580915,5696602.751021967,477.3843994140625,-169.05727916860647,1.4856577786680356,-0.873323634903973,1234,frame_001234.png
1686,2724,1686,276,0.16370106761565836,126,0.45652173913043476,276,43,0.15579710144927536,445638.9489319246,5696603.016431459,477.21276076998265,0.5393904196098447,0.3530193893238902,-0.17011276517359875,-169.9114537199584,-3.0265500369789087,-3.8031457336119905,-0.43456830886074727,-6.132765421474119,-6.5058209416182535,1.8694581,0.68826807,43,0.15579710144927536,445638.94893188693,5696603.016431426,477.2127607685482,0.5393903819494881,0.3530193557962775,-0.17011276660804242,-169.91145373119082,-3.0265498184970245,-3.8031455971028048,-0.43456832009317736,-6.132765202992232,-6.505820805109067,1.8694581,0.68826807,445638.409541505,5696602.66341207,477.38287353515625,-169.47688541109764,3.106215384495208,2.702675208006269,1235,frame_001235.png
1753,2790,1753,256,0.14603536794067312,116,0.453125,256,42,0.1640625,445638.05589039566,5696603.1132509215,477.38399708113525,-0.1212451090104878,0.5302360001951456,0.014948008869623663,-169.9515588399644,-0.01994193171686864,-3.791411757318965,-0.30440126071269447,-3.565478463000119,-4.896836237495876,1.8865392,0.7733099,42,0.1640625,445638.0558903963,5696603.1132509215,477.38399708107863,-0.12124510837020352,0.5302360001951456,0.014948008813007618,-169.95155883953228,-0.01994193501804885,-3.7914117569462324,-0.3044012602805708,-3.5654784663013004,-4.896836237123125,1.8865392,0.7733099,445638.17713550467,5696602.583014921,477.3690490722656,-169.6471575792517,3.5455365312832474,1.105424480176906,1236,frame_001236.png
1711,2598,1711,256,0.14962010520163646,111,0.43359375,256,47,0.18359375,445637.0298049482,5696602.627043512,477.13241370716787,-0.6704356751288287,0.19064548891037703,-0.2557698865821294,-171.45474688111975,4.100737233831075,-1.7326019852738106,-1.3863114415987638,0.5565661187345938,-2.7237679283247758,1.7496014,0.7360101,47,0.18359375,445637.0298049461,5696602.627043513,477.13241370725706,-0.6704356772243045,0.1906454898416996,-0.2557698864929421,-171.45474688110443,4.100737243754761,-1.7326019907851815,-1.3863114415834445,0.5565661286582895,-2.723767933836143,1.7496014,0.7360101,445637.7002406233,5696602.436398023,477.38818359375,-170.06843543952098,3.544171115096481,0.9911659430509735,1237,frame_001237.png
1766,2556,1766,233,0.1319365798414496,116,0.4978540772532189,233,38,0.1630901287553648,445636.82072653115,5696602.500051814,477.10522345702486,-0.6285395625163801,0.13715225365012884,-0.2877819140688871,-172.1041102623671,1.3094695087678334,-2.306854658229899,-1.4882039587520808,0.008545038920885872,-4.237119703491402,2.053058,0.6062626,38,0.1630901287553648,445636.71114205243,5696602.260826631,477.10816420422606,-0.7381240412360057,-0.10207292903214693,-0.2848411668676931,-172.29762876660922,1.9830462384691798,-1.1625800146361194,-1.6817224629942018,0.6821217686222383,-3.0928450598975985,2.6756496,0.94212687,445637.44926609367,5696602.3628995605,477.39300537109375,-170.61590630361502,1.3009244698469402,1.930265045261492,1238,frame_001238.png
1778,2377,1778,254,0.14285714285714285,129,0.5078740157480315,254,49,0.19291338582677164,445636.6964861076,5696602.078232167,477.1187057352558,-0.2389466866152361,-0.1717709405347705,-0.2799453877910878,-172.89116940685167,-1.1351838483457892,0.3337664370896617,-1.6598224658868617,-2.6218198747567385,-1.0395181224277792,1.8732127,0.7936934,49,0.19291338582677164,445635.45709235367,5696602.682174027,455.3621872246977,-1.4783404405461624,0.4321709191426635,-22.036463898349155,7.25441824030495,4.933656193674121,-3.614822039892957,178.48576518126976,3.44702016726319,-4.988106599410401,2.696002,1.396284,445636.9354327942,5696602.250003108,477.3986511230469,-171.2313469409648,1.4866360264109353,1.3732845595174368,1239,frame_001239.png
1718,2300,1718,281,0.16356228172293363,143,0.5088967971530249,281,69,0.24555160142348753,445636.13769559446,5696602.074197523,477.05891234391487,-0.04602450656238943,-0.10911684483289719,-0.3594226170226307,-172.26984830381818,-1.2608573610846192,3.53755219379373,-1.7252933106698833,-2.2566026027984094,5.550858647486621,1.7514226,0.6075319,69,0.24555160142348753,445768.27558124834,5696321.343125553,439.3444120806684,132.0918611473171,-280.84018881525844,-38.073922880269095,16.864997607852416,12.393340671593833,82.71560236741198,-172.5904473989993,11.397595429880056,84.72890882110482,439.35098,181.5494,445636.183720101,5696602.183314368,477.4183349609375,-170.5445549931483,0.9957452417137775,-2.0133064536928797,1240,frame_001240.png
1540,2196,1540,229,0.1487012987012987,118,0.5152838427947598,229,63,0.27510917030567683,445635.50244455214,5696601.856562214,477.1651237097234,-0.4300246652564965,-0.3172074509784579,-0.24585651488598614,-171.44219804723383,-5.559072468493562,4.773088865476529,-1.7417771366686452,-1.1094673074641719,7.0070339449694075,1.9105152,0.77302533,63,0.27510917030567683,445635.50244477065,5696601.856562172,477.1651236537746,-0.43002444674493745,-0.3172074928879738,-0.24585657083480328,-171.4421979805663,-5.559073560805868,4.773089261336075,-1.7417770700011204,-1.109468399776489,7.007034340828966,1.9105153,0.7730253,445635.9324692174,5696602.173769665,477.4109802246094,-169.70042091056519,-4.449605161029383,-2.233945079492891,1241,frame_001241.png
1474,2122,1474,204,0.1383989145183175,122,0.5980392156862745,204,62,0.30392156862745096,445635.38624784176,5696601.952241631,477.1446348187447,-0.3035951211932115,-0.21288437210023403,-0.23900165586468347,-170.87731239327965,-9.432291236975647,4.091231327937261,-1.6679757677681835,-1.8671554397225805,6.2470360895275405,1.8674617,0.7875364,62,0.30392156862745096,445635.38624783984,5696601.952241632,477.14463481930966,-0.30359512311406434,-0.21288437116891146,-0.23900165529971673,-170.8773123938778,-9.432291227994016,4.091231320561921,-1.6679757683663183,-1.8671554307409508,6.247036082152221,1.8674617,0.7875364,445635.68984296295,5696602.165126003,477.3836364746094,-169.20933662551147,-7.5651357972530615,-2.155804761590293,1242,frame_001242.png
1536,2116,1536,244,0.15885416666666666,122,0.5,244,66,0.27049180327868855,445635.25931096653,5696602.060965992,477.1795646713247,-0.08479863259708509,-0.07466119807213545,-0.17825393219089847,-170.283307657589,-7.043298804271592,1.333446775956883,-1.2068939531290255,-2.020235897619415,1.721738241239251,1.9315405,0.7130323,66,0.27049180327868855,445631.9455864105,5696603.652852701,455.55131243469805,-3.3985231886035763,1.5172255113720894,-21.806506168817577,9.644894250540199,8.596029959790837,-9.419597325303787,178.72130795500016,13.619092866442998,-9.031305860021433,12.419646,6.810399,445635.34410959913,5696602.13562719,477.3578186035156,-169.07641370445998,-5.023062906652167,-0.388291465282358,1243,frame_001243.png
1492,2048,1492,196,0.13136729222520108,108,0.5510204081632653,196,63,0.32142857142857145,445634.9591331695,5696602.118805917,477.2300614172098,-0.282006008841563,0.0032973354682326317,-0.12507163943081423,-170.82910399549542,-6.94565467901715,1.402826171471352,-1.7049699391493789,-1.3347389843741837,1.947202893074973,1.754383,0.8107341,63,0.32142857142857145,445633.63176596665,5696602.509543135,455.46611078431863,-1.6093732116860338,0.3940345533192158,-21.889022272321995,8.957815217431625,-0.38345109974423913,-1.7411551501334148,178.0819492737777,5.227464594898748,-1.1967784285297967,2.4165683,1.3485756,445635.24113917834,5696602.1155085815,477.3551330566406,-169.12413405634604,-5.610915694642977,-0.5443767216036192,1244,frame_001244.png
1481,2029,1481,221,0.14922349763673193,115,0.5203619909502263,221,59,0.2669683257918552,445634.720438113,5696601.819797042,477.228601173789,-0.4584216738003306,-0.2843727096915245,-0.11926869925787287,-171.12637623047044,-4.458067341052544,2.3181902011900677,-1.5866842404520867,0.05650580679522932,2.5647119732820727,1.7256072,0.86607116,59,0.2669683257918552,445633.3977623595,5696602.199897228,455.4927994785706,-1.7810974273015745,0.09572747629135847,-21.855070394476286,8.802753555580317,2.1078922736845582,-0.7370970657092952,178.3424455455987,6.6224654215323255,-0.49057529361729735,2.3358865,1.3133252,445635.1788597868,5696602.1041697515,477.3478698730469,-169.53969199001835,-4.514573147847767,-0.24652177209200749,1245,frame_001245.png
1390,2053,1390,212,0.15251798561151078,113,0.5330188679245284,212,65,0.30660377358490565,445635.09899961296,5696602.432006377,477.1722101754741,-0.06371075945207849,0.33181103877723217,-0.18185476593220073,-163.85278170668047,-5.186563129412983,-0.3593387371227807,1.8449452433915496,-2.095366958348677,0.18020076748877045,1.9436278,0.6496856,65,0.30660377358490565,445638.3093281546,5696606.711776409,475.3584384949981,3.1466177821857855,4.611581071279943,-1.9956264464082096,-167.7589597804163,-28.877485034295205,-19.311250412675484,-2.0612328303442666,-25.78628886323088,-18.771710908063937,30.607464,16.48723,445635.1627103724,5696602.100195338,477.3540649414063,-165.69772695007202,-3.091196171064311,-0.5395395046115399,1246,frame_001246.png
1234,2009,1234,170,0.13776337115072934,102,0.6,170,53,0.31176470588235294,445635.0116617555,5696602.135675943,477.17903834902665,-0.041030710097402334,-0.0386843029409647,-0.2123801080046519,-149.91838017514422,-4.776799230044666,6.366627402223987,-1.8110721855656209,-3.052021751203,10.71901165826526,1.7500585,0.66026604,53,0.31176470588235294,445635.0116617537,5696602.135675942,477.17903834917166,-0.04103071190183982,-0.03868430480360985,-0.21238010785964434,-149.91838017621419,-4.776799217011922,6.366627406066971,-1.8110721866355846,-3.0520217381702537,10.719011662108244,1.7500585,0.66026604,445635.0526924656,5696602.174360246,477.3914184570313,-148.1073079895786,-1.7247774788416659,-4.3523842560412715,1247,frame_001247.png
1333,2120,1333,171,0.1282820705176294,95,0.5555555555555556,171,49,0.28654970760233917,445635.3165615925,5696601.94868998,477.0928458919989,0.236210631148424,-0.22231596149504185,-0.31682207675112295,-149.8183595071388,4.396127225515159,0.49971270296068476,-1.6286077567822588,-2.291286820645155,-2.000757111548978,1.8197554,0.7299312,49,0.28654970760233917,445635.31656159274,5696601.9486899795,477.09284589186416,0.23621063138125464,-0.22231596242636442,-0.31682207688584185,-149.81835950756044,4.396127226049815,0.49971270634533843,-1.6286077572038948,-2.291286820110514,-2.000757108164322,1.8197554,0.7299312,445635.08035096136,5696602.171005942,477.40966796875,-148.18975175035655,6.687414046160318,2.500469814509663,1248,frame_001248.png
1376,2028,1376,219,0.15915697674418605,116,0.5296803652968036,219,49,0.2237442922374429,445635.01543324365,5696601.678163221,477.153064512691,-0.10640271659940481,-0.47197357285767794,-0.24988958887149693,-149.83526998024348,2.246438064170509,0.6700122428079632,-1.9059186959845533,-1.5128844447368124,-2.304926835722881,1.7235452,0.6939649,49,0.2237442922374429,445635.0154332435,5696601.678163221,477.1530645126827,-0.1064027167740278,-0.47197357285767794,-0.24988958887979607,-149.8352699804234,2.246438065413236,0.670012243248935,-1.9059186961644627,-1.5128844434941016,-2.3049268352819183,1.7235452,0.6939649,445635.12183596025,5696602.150136794,477.4029541015625,-147.92935128425893,3.759322508907332,2.974939078530851,1249,frame_001249.png
1265,2052,1265,205,0.16205533596837945,115,0.5609756097560976,205,63,0.3073170731707317,445634.8319994522,5696601.776027958,477.2391396919527,-0.2734797547454946,-0.36336394492536783,-0.15267549359418808,-149.9370817837948,-1.5835517507053347,2.5650958157413988,-1.6244276326407032,0.15877729200968815,3.4114359313666967,1.7571187,0.74293685,63,0.3073170731707317,445634.8319994524,5696601.776027958,477.2391396919474,-0.2734797545708716,-0.36336394492536783,-0.15267549359947452,-149.9370817837444,-1.5835517515405055,2.5650958156131924,-1.624427632590283,0.15877729117454464,3.4114359312384863,1.7571187,0.74293685,445635.10547920695,5696602.139391903,477.3918151855469,-148.3126541511541,-1.742329042715036,-0.8463401156253062,1250,frame_001250.png
1382,2050,1382,188,0.13603473227206947,106,0.5638297872340425,188,63,0.3351063829787234,445634.8143506104,5696601.728159018,477.24386965176865,-0.2734288309584372,-0.4050370091572404,-0.15801633455947695,-149.70565628573002,0.7848085315461338,2.751888066520471,-1.7308857238647306,0.20397872097419167,2.9602648181181337,1.7210445,0.7238287,63,0.3351063829787234,445634.81435061066,5696601.728159019,477.2438696517626,-0.27342883072560653,-0.4050370082259178,-0.15801633456550235,-149.70565628566226,0.7848085303165774,2.7518880667872905,-1.7308857237969733,0.2039787197446401,2.9602648183849567,1.7210445,0.7238287,445635.0877794414,5696602.133196027,477.4018859863281,-147.97477056186528,0.5808298105719502,-0.20837675159767596,1251,frame_001251.png
1370,2052,1370,196,0.14306569343065692,114,0.5816326530612245,196,57,0.29081632653061223,445635.27678747673,5696602.346547969,477.20478901237846,0.19690001849085093,0.2124348906800151,-0.21287456184035136,-149.61046508531862,-2.89769010538119,0.824805132992505,-1.4757161281276012,-3.5626509114336784,1.1482410324009606,1.6294808,0.73849165,57,0.29081632653061223,445635.2767874768,5696602.346547969,477.20478901237465,0.1969000185490586,0.2124348906800151,-0.21287456184415987,-149.61046508531416,-2.897690105674091,0.8248051330529048,-1.475716128123139,-3.562650911726564,1.1482410324613568,1.6294808,0.73849165,445635.07988745824,5696602.134113078,477.4176635742188,-148.13474895719102,0.664960806052485,-0.3234358994084596,1252,frame_001252.png
1293,2044,1293,177,0.1368909512761021,100,0.5649717514124294,177,49,0.2768361581920904,445635.15789872553,5696602.020759564,477.1144604466622,0.0844487848225981,-0.11436058674007654,-0.2932238795096964,-149.6156833329659,-2.717483809701275,2.148716487892343,-1.6711378185362094,-2.358159354389244,2.480334133678099,1.8168387,0.62753785,49,0.2768361581920904,445635.15789872693,5696602.020759565,477.11446044657896,0.08444878621958196,-0.11436058580875397,-0.2932238795929152,-149.615683331959,-2.717483817243916,2.1487164889210284,-1.6711378175293135,-2.3581593619318824,2.480334134706766,1.8168387,0.62753785,445635.0734499407,5696602.135120151,477.4076843261719,-147.94454551442968,-0.3593244553120328,-0.331617645785748,1253,frame_001253.png
1360,2022,1360,212,0.15588235294117647,125,0.589622641509434,212,58,0.27358490566037735,445635.40298143995,5696602.164779195,477.07205891691683,0.34921714779920876,0.028795281425118446,-0.33092570222379436,-149.4814511188931,-3.660956119921897,2.261310298625712,-1.6141661089511956,-3.6931168381129567,2.720288508931162,2.0337408,0.7429486,58,0.27358490566037735,445635.40298143995,5696602.164779195,477.07205891691495,0.34921714779920876,0.028795281425118446,-0.3309257022256702,-149.4814511189034,-3.6609561198396845,2.2613102986994096,-1.6141661089615127,-3.693116838030761,2.7202885090048596,2.0337408,0.7429486,445635.05376429216,5696602.135983913,477.4029846191406,-147.8672850099419,0.032160718191063906,-0.4589782103054631,1254,frame_001254.png
1272,2049,1272,192,0.1509433962264151,101,0.5260416666666666,192,49,0.2552083333333333,445635.277705426,5696602.107600763,477.1374219236505,0.23124580731382594,-0.026939942501485348,-0.26858393572450723,-149.6104779732463,-3.337443558228584,1.7020533219650882,-1.7378127166099944,-3.171867687861152,1.6349491897308326,1.9159926,0.749952,49,0.2552083333333333,445635.27770542627,5696602.107600762,477.1374219233511,0.23124580760486424,-0.026939944364130497,-0.2685839360239015,-149.61047797332003,-3.3374435548470287,1.7020533310806594,-1.7378127166837203,-3.1718676844795937,1.6349491988464138,1.9159926,0.749952,445635.04645961866,5696602.134540706,477.406005859375,-147.8726652566363,-0.1655758703674262,0.06710413223424878,1255,frame_001255.png
1233,2015,1233,172,0.13949716139497162,87,0.5058139534883721,172,41,0.23837209302325582,445635.01011266105,5696601.7413889,477.15584906011344,-0.032196951971855015,-0.3950418094173074,-0.23334161371468554,-149.67162030030414,-1.867282806315404,2.475110257068893,-1.9813077820542162,-1.1033898775538376,2.3353705805200207,1.9372817,0.7622505,41,0.23837209302325582,445635.01011267566,5696601.741388903,477.15584905722415,-0.032196937361732125,-0.39504180662333965,-0.23334161660397967,-149.67162029601042,-1.8672828801025987,2.4751102814877335,-1.9813077777604917,-1.103389951341029,2.3353706049388734,1.9372817,0.7622505,445635.042309613,5696602.13643071,477.3891906738281,-147.69031251824993,-0.7638929287615766,0.13973967654886493,1256,frame_001256.png
1336,2029,1336,201,0.1504491017964072,101,0.5024875621890548,201,60,0.29850746268656714,445634.8126361984,5696601.685344334,477.2488194279492,-0.22439405624754727,-0.45261347759515047,-0.14183608962895278,-149.5184550616854,0.4317536757741614,3.5867642033155787,-1.8688107737661142,-0.03535155667492518,4.74789326558934,1.6976787,0.80384403,60,0.29850746268656714,445634.81263619877,5696601.685344334,477.2488194279491,-0.2243940558983013,-0.45261347759515047,-0.14183608962900962,-149.51845506150357,0.4317536734836703,3.5867642024969104,-1.8688107735843005,-0.03535155896543074,4.747893264770653,1.6976787,0.80384403,445635.03703025467,5696602.137957811,477.3906555175781,-147.64964428791927,0.46710523244909713,-1.1611290622737551,1257,frame_001257.png
1336,2060,1336,201,0.1504491017964072,111,0.5522388059701493,201,54,0.26865671641791045,445635.4559463787,5696602.347730663,477.2008141350275,0.41957804589765146,0.19740541744977236,-0.20995246653501454,-149.29875452129207,-4.372426015148948,2.5481829517345385,-1.6391329948872624,-4.647100650547856,3.9902789031558257,1.8223922,0.7358446,54,0.26865671641791045,445635.45594637847,5696602.347730663,477.2008141350352,0.4195780456648208,0.19740541744977236,-0.20995246652728383,-149.29875452136525,-4.372426014743912,2.548182950203373,-1.6391329949604483,-4.647100650142818,3.990278901624663,1.8223922,0.7358446,445635.0363683328,5696602.150325245,477.4107666015625,-147.6596215264048,0.2746746353988958,-1.442095951421295,1258,frame_001258.png
1363,2015,1363,192,0.1408657373440939,109,0.5677083333333334,192,50,0.2604166666666667,445635.0779513324,5696601.843711799,477.1499336779353,0.0353674428188242,-0.3054981390014291,-0.25186075565846977,-149.45659466984307,-1.1388759814198663,2.654717049801401,-1.9081050672724587,-1.6285173396405241,2.928974985096289,1.8897729,0.73938346,50,0.2604166666666667,445635.07795133314,5696601.843711798,477.1499336777053,0.035367443575523794,-0.30549813993275166,-0.25186075588845824,-149.45659466981783,-1.138875982743449,2.6547170551825325,-1.9081050672472202,-1.6285173409640947,2.9289749904774283,1.8897729,0.73938346,445635.04258388956,5696602.149209938,477.40179443359375,-147.5484896025706,0.4896413582206531,-0.2742579352948845,1259,frame_001259.png
1370,2044,1370,218,0.1591240875912409,120,0.5504587155963303,218,56,0.25688073394495414,445635.45460915443,5696602.316947747,477.1033529584529,0.4049652782850899,0.1688438467681408,-0.299540107953419,-149.44588487049745,-3.7987534129720433,1.0629190315214223,-1.701475177325392,-4.454127028946544,0.8873972948384221,1.8245248,0.8172259,56,0.25688073394495414,445635.45460915455,5696602.316947746,477.103352958306,0.4049652784015052,0.16884384583681822,-0.2995401081003024,-149.44588487055677,-3.79875341087645,1.0629190363201348,-1.701475177384708,-4.454127026850955,0.8873972996371435,1.8245248,0.8172259,445635.04964387615,5696602.1481039,477.4028930664063,-147.74440969317206,0.6553736159745097,0.17552173668299653,1260,frame_001260.png
1369,2019,1369,202,0.14755295836376917,108,0.5346534653465347,202,53,0.2623762376237624,445635.23166065,5696602.420399714,477.1665260963606,0.1580618328298442,0.2639187555760145,-0.22968362043627621,-149.68058688316006,-3.0655857606468575,0.8813072438629971,-1.5757054910846193,-3.6565644666400487,1.5057841177210776,1.8551638,0.69825816,53,0.2623762376237624,445635.2316606412,5696602.420399704,477.166526096468,0.1580618240404874,0.2639187453314662,-0.229683620328899,-149.68058688714038,-3.0655856943249002,0.881307268198552,-1.5757054950649376,-3.6565644003181035,1.5057841420566263,1.8551638,0.69825816,445635.07359881717,5696602.156480959,477.3962097167969,-148.10488139207544,0.5909787059931894,-0.6244768738580686,1261,frame_001261.png
1364,2033,1364,184,0.1348973607038123,106,0.5760869565217391,184,45,0.24456521739130435,445635.2439706277,5696602.06877117,477.0880985570904,0.1653761607594788,-0.09645697101950645,-0.2999629663470955,-149.6903783958735,-2.075726488552968,1.618557582314564,-1.7107440113834684,-2.721686919513502,1.3582708640848864,1.9122442,0.74349034,45,0.24456521739130435,445635.2439706274,5696602.068771169,477.08809855678055,0.16537616041023284,-0.0964569728821516,-0.299962966656949,-149.6903783967025,-2.0757264821111248,1.6185575903131193,-1.7107440122124729,-2.7216869130716645,1.358270872083466,1.9122442,0.74349034,445635.07859446696,5696602.1652281415,477.3880615234375,-147.97963438449003,0.6459604309605435,0.260286718229665,1262,frame_001262.png
1354,2055,1354,204,0.15066469719350073,120,0.5882352941176471,204,53,0.25980392156862747,445635.2803304044,5696601.91175882,477.0884833755929,0.20517728640697896,-0.26305033545941114,-0.29142995448523834,-149.14655290409982,-1.7854204706715706,2.8967913660542393,-1.6133529094156245,-2.498944651748701,3.003464659642873,1.7959063,0.6909447,53,0.25980392156862747,445635.280330403,5696601.911758818,477.0884833755372,0.2051772850099951,-0.2630503373220563,-0.2914299545409449,-149.14655290517163,-1.785420461508512,2.8967913682301445,-1.6133529104874356,-2.4989446425856556,3.003464661818782,1.7959063,0.6909447,445635.075153118,5696602.174809155,477.3799133300781,-147.5331999946842,0.7135241810771336,-0.1066732935886328,1263,frame_001263.png
1337,2086,1337,203,0.1518324607329843,107,0.5270935960591133,203,62,0.3054187192118227,445634.7763516463,5696601.96024229,477.1895802229361,-0.28983757400419563,-0.22799524758011103,-0.19573471847019164,-149.27062959308503,-0.24061737290010715,2.602803405310857,-1.7542699118227176,-0.422692055479132,3.9055672272693016,1.6992064,0.698392,62,0.3054187192118227,445634.7763516463,5696601.96024229,477.1895802229321,-0.28983757400419563,-0.22799524758011103,-0.19573471847422752,-149.27062959315336,-0.24061737212465134,2.6028034060740564,-1.7542699118910434,-0.4226920547036741,3.9055672280324814,1.6992064,0.698392,445635.0661892203,5696602.188237538,477.3853149414063,-147.51635968126232,0.18207468257902804,-1.3027638219584354,1264,frame_001264.png
1366,2071,1366,196,0.14348462664714495,104,0.5306122448979592,196,52,0.2653061224489796,445635.26709226484,5696602.283723082,477.14769720545735,0.21358685079030693,0.0727731604129076,-0.245002989855152,-149.4313319127968,-2.884721460607671,3.0197343422018594,-1.5763642857536695,-3.3975946554563734,4.694628095281246,1.7743535,0.76103413,52,0.2653061224489796,445635.26709226513,5696602.283723083,477.1476972056058,0.21358685108134523,0.07277316134423018,-0.245002989706677,-149.431331912338,-2.884721464801672,3.019734338039385,-1.5763642852948863,-3.397594659650366,4.694628091118773,1.7743535,0.76103413,445635.05350541405,5696602.210949922,477.3927001953125,-147.85496762704312,0.5128731948486922,-1.6748937530793917,1265,frame_001265.png
1328,2073,1328,196,0.14759036144578314,103,0.5255102040816326,196,45,0.22959183673469388,445635.3176793593,5696602.086810971,477.09876720845494,0.2666654337081127,-0.12784377858042717,-0.29506213724818053,-149.7710041381797,-2.5512710468635738,4.102939566929383,-1.803584081839091,-3.2229122629740914,5.899763066285885,1.7327548,0.78687006,45,0.22959183673469388,445635.3176793593,5696602.086810971,477.0987672084954,0.2666654337081127,-0.12784377858042717,-0.295062137207708,-149.77100413809322,-2.551271047832903,4.102939565340935,-1.8035840817526037,-3.222912263943414,5.899763064697453,1.7327548,0.78687006,445635.0510139256,5696602.214654749,477.3938293457031,-147.96742005634061,0.6716412161105053,-1.7968234993565153,1266,frame_001266.png
1362,2071,1362,194,0.14243759177679882,92,0.4742268041237113,194,50,0.25773195876288657,445635.2548263114,5696602.3935157675,477.16904547045624,0.20197994844056666,0.18187536858022213,-0.21968743970001015,-149.47345266333028,-3.426283188650264,1.9339459247995283,-1.5245077426505418,-3.9591658011710535,3.4495511062319792,1.7221155,0.73414713,50,0.25773195876288657,445635.254826311,5696602.393515767,477.16904547044606,0.2019799480913207,0.18187536764889956,-0.21968743971018512,-149.47345266345894,-3.4262831868243975,1.9339459248265165,-1.5245077427792069,-3.959165799345186,3.4495511062589514,1.7221155,0.73414713,445635.05284636293,5696602.211640399,477.38873291015625,-147.94894492067974,0.5328826125207988,-1.5156051814324454,1267,frame_001267.png
1379,2058,1379,175,0.12690355329949238,104,0.5942857142857143,175,49,0.28,445635.2134809405,5696601.732975082,477.0824436848752,0.15703456744085997,-0.4709361409768462,-0.2935939127810343,-149.61077867461114,-2.239743345019528,3.9606838445007373,-1.8426172036275545,-1.7938807114843485,4.42609251533753,1.8424984,0.78991836,49,0.28,445635.2134809416,5696601.732975082,477.0824436846024,0.15703456854680553,-0.4709361409768462,-0.2935939130538259,-149.61077867447855,-2.23974334956112,3.9606838482805546,-1.8426172034949673,-1.7938807160259387,4.426092519117361,1.8424984,0.78991836,445635.05644637306,5696602.2039112225,477.37603759765625,-147.76816147098359,-0.4458626335351699,-0.4654086708367959,1268,frame_001268.png
1408,2073,1408,198,0.140625,109,0.5505050505050505,198,56,0.2828282828282828,445635.3899735495,5696602.065729093,477.0775402665305,0.302202237828169,-0.11501638405025005,-0.29184449909450905,-149.80269679876005,-2.9250669388048824,1.9207171919118147,-1.6771196941898552,-3.3557361245235597,1.5876689435832247,1.9983705,0.72913706,56,0.2828282828282828,445635.3899735568,5696602.065729091,477.07754026530705,0.30220224510412663,-0.1150163859128952,-0.29184450031794995,-149.8026967960646,-2.9250669657497057,1.9207172199842957,-1.677119691494397,-3.355736151468392,1.5876689716557166,1.9983705,0.72913706,445635.0877713117,5696602.180745477,477.369384765625,-148.1255771045702,0.4306691857186853,0.33304824832859015,1269,frame_001269.png
1431,1998,1431,206,0.14395527603074773,114,0.5533980582524272,206,54,0.2621359223300971,445635.4033412199,5696601.806330284,477.05204576382073,0.29537766985595226,-0.3687089625746012,-0.315385876804271,-149.95263396306981,-1.2996794721838247,2.9759912890106768,-1.9572333101869503,-2.6212678801973937,2.773190988181085,1.7860563,0.7487121,54,0.2621359223300971,445635.40334122075,5696601.806330287,477.05204576430845,0.2953776707290672,-0.36870895978063345,-0.31538587631655446,-149.9526339617405,-1.2996794844078436,2.9759912763511007,-1.9572333088576386,-2.6212678924214003,2.7731909755215156,1.7860563,0.7487121,445635.10796355,5696602.175039247,477.367431640625,-147.99540065288286,1.321588408013558,0.2028003008295881,1270,frame_001270.png
1350,2076,1350,196,0.1451851851851852,112,0.5714285714285714,196,53,0.27040816326530615,445635.12032245286,5696601.892444871,477.1273958149509,0.0025873761624097824,-0.27942353673279285,-0.24552898973661286,-149.62140652004294,-0.46819212355291784,2.9212394992228363,-1.708142562565314,-1.4872153568710473,3.6002244553138496,1.8356752,0.7293907,53,0.27040816326530615,445635.1203224531,5696601.89244487,477.1273958147288,0.002587376395240426,-0.27942353766411543,-0.2455289899587001,-149.62140652059443,-0.46819212154676754,2.921239505125591,-1.7081425631168088,-1.487215354864901,3.6002244612166123,1.8356752,0.7293907,445635.1177350767,5696602.171868408,477.3729248046875,-147.91326395747762,1.0190232333181328,-0.6789849560910242,1271,frame_001271.png
1446,2061,1446,194,0.13416320885200553,111,0.5721649484536082,194,53,0.27319587628865977,445635.3552233867,5696602.062294071,477.0390953214484,0.23166129557648674,-0.11224520672112703,-0.3366065828485034,-149.64175948487593,-1.929137368957731,2.181068562793444,-1.5374768124134448,-3.0113731770579477,2.2388618946256997,1.7500869,0.7320567,53,0.27319587628865977,445635.35522338655,5696602.062294071,477.03909532147514,0.23166129540186375,-0.11224520672112703,-0.33660658282173017,-149.64175948493758,-1.9291373682478048,2.1810685623825528,-1.5374768124750915,-3.0113731763480303,2.238861894214807,1.7500869,0.7320567,445635.12356209115,5696602.174539277,477.3757019042969,-148.1042826724625,1.0822358081002226,-0.05779333183226091,1272,frame_001272.png
1408,2081,1408,216,0.1534090909090909,110,0.5092592592592593,216,55,0.25462962962962965,445635.01131994947,5696602.381372251,477.11236060173565,-0.11018608696758747,0.20713350921869278,-0.2558034607643549,-149.59852912333787,-2.5272074386398815,-0.06722569079141112,-1.6751593435754728,-2.0425851851564687,0.31291149399498863,1.9651048,0.6477835,55,0.25462962962962965,445635.0113199496,5696602.381372251,477.1123606017336,-0.11018608685117215,0.20713350921869278,-0.25580346076640126,-149.59852912329467,-2.5272074385516285,-0.06722568955141597,-1.6751593435322718,-2.0425851850682193,0.3129114952349994,1.9651048,0.6477835,445635.12150603643,5696602.174238741,477.3681640625,-147.9233697797624,-0.4846222534834178,-0.38013718478641273,1273,frame_001273.png
1324,2051,1324,189,0.14274924471299094,110,0.582010582010582,189,47,0.24867724867724866,445635.36496642564,5696602.44771871,477.1705900759373,0.25619782018475235,0.26568453293293715,-0.19760450414082698,-149.0800872637971,-4.192012252841316,2.059316240396165,-1.6166970005264432,-4.240363085336924,3.571207437423567,1.5911599,0.739086,47,0.24867724867724866,445635.364966425,5696602.44771871,477.1705900759433,0.2561978195444681,0.26568453293293715,-0.19760450413480157,-149.08008726402713,-4.192012250033081,2.0593162392377895,-1.61669700075646,-4.240363082528688,3.5712074362652118,1.5911599,0.739086,445635.10876860545,5696602.182034177,477.3681945800781,-147.46339026327067,0.04835083249561795,-1.5118911970274151,1274,frame_001274.png
1396,2055,1396,194,0.13896848137535817,98,0.5051546391752577,194,50,0.25773195876288657,445634.9132292447,5696601.802412387,477.2081323512571,-0.18964471953222528,-0.3882448235526681,-0.16991940655537974,-149.05994161241074,0.9319383566353898,3.435099550625116,-1.7144885387893396,-0.31296869563433916,4.584746913644437,1.7541068,0.78920895,50,0.25773195876288657,445634.91322924197,5696601.802412383,477.2081323512874,-0.18964472226798534,-0.3882448272779584,-0.1699194065250822,-149.05994161416302,0.9319383796814934,3.435099560991393,-1.7144885405416233,-0.3129686725882266,4.584746924010716,1.7541068,0.78920895,445635.10287396424,5696602.190657211,477.3780517578125,-147.3454530736214,1.2449070522697336,-1.1496473630193296,1275,frame_001275.png
1401,2079,1401,220,0.15703069236259815,115,0.5227272727272727,220,55,0.25,445635.3913826339,5696602.164596075,477.10970769441707,0.24219810974318534,-0.0402833903208375,-0.27136530362980693,-149.99799866849122,-0.4882206941672977,1.2096986981671156,-1.7134818436434784,-3.1510847891948117,0.5406200073800562,1.8796983,0.7096388,55,0.25,445635.39138263493,5696602.164596074,477.10970769433476,0.24219811079092324,-0.04028339125216007,-0.2713653037121162,-149.99799866825532,-0.4882206979000237,1.2096987020518044,-1.7134818434075783,-3.15108479292752,0.5406200112647639,1.8796983,0.7096388,445635.14918452414,5696602.2048794655,477.3810729980469,-148.28451682484774,2.6628640950275035,0.6690786907870458,1276,frame_001276.png
1354,2098,1354,215,0.1587887740029542,109,0.5069767441860465,215,53,0.24651162790697675,445635.3838130149,5696602.022177809,477.0771936869307,0.21233037789352238,-0.18898826092481613,-0.3063512349443158,-150.18870448094737,0.31158478824543206,1.8236059223921284,-1.7574055977108003,-2.5944653175189956,1.1903684344692351,1.8332708,0.7702215,53,0.24651162790697675,445635.3838130149,5696602.022177809,477.0771936869416,0.21233037789352238,-0.18898826092481613,-0.3063512349334019,-150.18870448089964,0.3115847879035742,1.8236059220586995,-1.7574055976630802,-2.594465317860852,1.1903684341357916,1.8332708,0.7702215,445635.171482637,5696602.21116607,477.383544921875,-148.43129888323656,2.906050105764416,0.633237487922898,1277,frame_001277.png
1426,2086,1426,231,0.16199158485273493,129,0.5584415584415584,231,54,0.23376623376623376,445635.46132839867,5696601.845620051,477.0733264648139,0.2648339060251601,-0.3886449495330453,-0.3260265625298757,-150.29664542408386,-1.1953479440222292,5.433038730087928,-1.7394848092977497,-2.075202229861162,7.347108217801406,1.7742168,0.79972726,54,0.23376623376623376,445635.46132839867,5696601.845620051,477.0733264647637,0.2648339060251601,-0.3886449495330453,-0.32602656258006846,-150.29664542423393,-1.1953479430290361,5.433038731388103,-1.7394848094478164,-2.0752022288679655,7.347108219101585,1.7742168,0.79972726,445635.19649449264,5696602.234265001,477.39935302734375,-148.5571606147861,0.8798542858389217,-1.9140694877134872,1278,frame_001278.png
1424,2063,1424,217,0.1523876404494382,116,0.5345622119815668,217,54,0.2488479262672811,445635.588000216,5696602.137424142,477.0664892686083,0.3630303010577336,-0.11396799050271511,-0.3205651747510956,-152.44409986611498,0.5017989321482069,1.3303189762919045,-1.4790424640522701,-3.715892232215168,0.40458345747870794,1.7329954,0.66527337,54,0.2488479262672811,445635.58800021623,5696602.137424144,477.06648926882195,0.36303030129056424,-0.11396798864006996,-0.32056517453742117,-152.44409986530766,0.5017989280518568,1.3303189702007758,-1.4790424632449515,-3.715892236311504,0.40458345138759455,1.7329954,0.66527337,445635.22496991494,5696602.251392133,477.3870544433594,-150.9650574020627,4.217691164363368,0.9257355188131915,1279,frame_001279.png
1472,2081,1472,206,0.13994565217391305,101,0.49029126213592233,206,52,0.2524271844660194,445635.0515953598,5696602.433018064,477.101539435403,-0.15595894260331988,0.18783472944051027,-0.3108751153782805,-153.30257505721545,-0.29871552576621174,0.777215898201796,-1.5097094677707048,-2.1513711648427147,1.6957284036858482,1.8979096,0.7717308,52,0.2524271844660194,445635.05159535987,5696602.433018065,477.10153943541167,-0.15595894254511222,0.18783473037183285,-0.3108751153696403,-153.30257505718873,-0.2987155267794847,0.7772158971067835,-1.5097094677439884,-2.151371165855977,1.6957284025908166,1.8979096,0.7717308,445635.2075543024,5696602.245183335,477.4124145507813,-151.79286558944474,1.8526556390764917,-0.9185125054840474,1280,frame_001280.png
1395,2053,1395,208,0.14910394265232976,130,0.625,208,62,0.2980769230769231,445635.13572325,5696602.078962552,477.1825984514552,0.06088399013970047,-0.1203507762402296,-0.22075237862293307,-154.79644011009032,-4.558654908869324,3.25981322627698,-1.6700243379042945,-2.3882868270533777,4.708908074474579,1.6933434,0.77054864,62,0.2980769230769231,445635.1357232511,5696602.0789625505,477.18259845109543,0.06088399124564603,-0.12035077810287476,-0.22075237898269506,-154.79644010986078,-4.558654910211823,3.259813236947911,-1.6700243376747608,-2.388286828395877,4.708908085145509,1.6933434,0.77054864,445635.07483925985,5696602.199313329,477.4033508300781,-153.12641577218602,-2.1703680818159556,-1.4490948481975865,1281,frame_001281.png
1244,2092,1244,149,0.1197749196141479,77,0.5167785234899329,149,51,0.3422818791946309,445634.71873576473,5696601.84230103,477.2409946006444,-0.36420362535864115,-0.30690127052366734,-0.17453274310560118,-157.8975376112877,-1.2292412534203712,2.081399394348203,-7.014579382140823,3.972529887898986,3.0693909320696093,1.6838002,0.78132063,51,0.3422818791946309,445634.7187357655,5696601.842301031,477.240994600685,-0.36420362460194156,-0.30690126959234476,-0.17453274306501498,-157.89753761105922,-1.2292412580236396,2.0813993928689722,-7.014579381912341,3.9725298832957208,3.069390930590373,1.6838002,0.78132063,445635.0829393901,5696602.1492023,477.41552734375,-150.88295822914688,-5.201771141319355,-0.9879915377213951,1282,frame_001282.png
1217,2020,1217,153,0.1257189811010682,88,0.5751633986928104,153,54,0.35294117647058826,445634.4585069971,5696601.7186229555,477.2891029909631,-0.5327040641568601,-0.43633922282606363,-0.09358743872439845,-138.57949916233582,-5.208713474054791,4.640218377041965,-1.9566465138550484,0.7977070562910455,8.247333954171154,1.8623497,0.71441704,54,0.35294117647058826,445634.4585069989,5696601.7186229555,477.2891029907204,-0.5327040623524226,-0.43633922282606363,-0.09358743896711985,-138.57949916143735,-5.208713481816775,4.640218382652126,-1.9566465129565813,0.7977070485290483,8.247333959781315,1.8623497,0.71441704,445634.99121106125,5696602.154962178,477.3826904296875,-136.62285264848077,-6.006420530345824,-3.6071155771291936,1283,frame_001283.png
1257,1986,1257,219,0.17422434367541767,102,0.4657534246575342,219,50,0.228310502283105,445635.0921783441,5696601.881514964,477.1207445059422,0.18954067648155615,-0.27765782456845045,-0.29200573819844067,-115.54668552178249,-2.2941119024228316,8.699505368733691,-2.5734589073788925,-2.1887429589441467,14.468705098039692,1.9984977,0.69031394,50,0.228310502283105,445635.092178345,5696601.881514964,477.12074450588693,0.18954067741287872,-0.27765782456845045,-0.29200573825369247,-115.54668552123427,-2.294111904754179,8.69950537299937,-2.5734589068306946,-2.1887429612754943,14.468705102305364,1.9984977,0.69031394,445634.9026376676,5696602.159172788,477.4127502441406,-112.97322661440359,-0.10536894347869298,-5.769199729305995,1284,frame_001284.png
1433,1958,1433,295,0.20586182833217026,157,0.5322033898305085,295,74,0.25084745762711863,445635.1803675874,5696601.690410349,477.2346606339073,0.3265021329279989,-0.4191340981051326,-0.2029004012489395,-93.13174688166013,1.6802171914559536,7.583467081805497,-2.551266903156346,-0.673459462822251,11.925176792088791,1.6290607,0.7130779,74,0.25084745762711863,445635.18036758737,5696601.690410348,477.2346606339008,0.32650213286979124,-0.41913409903645515,-0.20290040125547648,-93.13174688175671,1.680217192418405,7.5834670814730245,-2.551266903252923,-0.6734594618598067,11.925176791756343,1.6290607,0.7130779,445634.8538654545,5696602.109544447,477.43756103515625,-90.58047997850379,2.353676654278202,-4.341709710283307,1285,frame_001285.png
1247,1809,1247,198,0.15878107457898957,102,0.5151515151515151,198,55,0.2777777777777778,445636.11925099406,5696601.573540153,477.05667856561985,1.0525223758304492,-0.13863409403711557,-0.36730214727077737,-47.93116321458369,5.682439466275795,4.941234273306377,-2.5668264068121687,1.5749399090924214,5.191636091962891,1.790044,0.7707377,55,0.2777777777777778,445636.11925099406,5696601.573540153,477.0566785656294,1.0525223758304492,-0.13863409403711557,-0.3673021472612277,-47.93116321457692,5.682439466078686,4.941234273463291,-2.5668264068054043,1.5749399088953169,5.191636092119808,1.790044,0.7707377,445635.0667286182,5696601.712174247,477.4239807128906,-45.36433680777152,4.1074995571833695,-0.25040181865652356,1286,frame_001286.png
1175,1837,1175,216,0.18382978723404256,108,0.5,216,45,0.20833333333333334,445636.4787096909,5696601.647551072,477.02605108500006,1.2098172606201842,0.0943343173712492,-0.3908800673436872,-33.86397140788047,6.602822252576589,4.119053287738922,-2.097398517850195,2.1230646137778706,3.3479160104177197,1.8231508,0.75366825,45,0.20833333333333334,445636.478709691,5696601.647551072,477.0260510848963,1.209817260678392,0.0943343173712492,-0.3908800674474264,-33.8639714078368,6.6028222546459645,4.119053285344822,-2.0973985178065107,2.1230646158472553,3.347916008023617,1.8231508,0.75366825,445635.2688924303,5696601.553216754,477.41693115234375,-31.766572890030286,4.479757638798707,0.7711372773212035,1287,frame_001287.png
1264,1762,1264,163,0.12895569620253164,76,0.4662576687116564,163,34,0.2085889570552147,445636.5263581892,5696601.946625137,477.1653919949602,1.0272258739569224,0.49310094583779573,-0.23939316128979726,-29.320854048314313,4.0401142134688675,2.6700103410764897,-1.4580625339213498,0.11124322894409033,-0.13891193285252257,2.0293775,0.6566562,34,0.2085889570552147,445636.52635819,5696601.946625136,477.16539199489057,1.0272258747718297,0.49310094490647316,-0.23939316135943045,-29.32085404834137,4.040114217461742,2.6700103420736463,-1.4580625339484072,0.11124323293697103,-0.1389119318553469,2.0293775,0.6566562,445635.4991323152,5696601.453524191,477.40478515625,-27.86279151439297,3.9288709845247745,2.808922273929004,1288,frame_001288.png
1289,1790,1289,143,0.11093871217998448,65,0.45454545454545453,143,33,0.23076923076923078,445637.202390125,5696601.214745188,477.04876734935726,0.9514330401434563,0.0001606559380888939,-0.3714291838458621,-27.68130838115739,4.780863848321627,0.007124660146224439,-1.7086459720139828,1.5135621276695588,-3.2031099657808966,2.0483744,0.5858752,33,0.23076923076923078,445637.2023901241,5696601.214745188,477.0487673495923,0.9514330392121337,0.0001606559380888939,-0.37142918361081456,-27.681308381295747,4.78086384264411,0.007124660305937064,-1.7086459721523397,1.513562121992038,-3.203109965621195,2.0483744,0.5858752,445636.2509570849,5696601.214584532,477.4201965332031,-25.97266240914341,3.2673017206520796,3.210234625927122,1289,frame_001289.png
1281,1688,1281,160,0.1249024199843872,82,0.5125,160,35,0.21875,445637.32614126004,5696606.006119407,476.1924631834829,0.5551667865365744,4.990886190906167,-1.2541920899545858,-24.887026986657567,-11.06867266861167,21.153649494374903,1.1424134319777863,-12.862539853615715,16.876225472715703,25.411013,11.741724,35,0.21875,445637.70057895826,5696601.44744885,477.16980878174695,0.9296044847578742,0.4322156338021159,-0.27684649169054865,-27.66381846640855,1.410521979440986,0.6281679743094271,-1.6343780477732253,-0.38334520556304597,-3.6492560473497804,1.9676048,0.48899567,445636.7709744735,5696601.015233216,477.4466552734375,-26.02944041863534,1.7938671850040315,4.277424021659195,1290,frame_001290.png
1294,1706,1294,122,0.09428129829984544,64,0.5245901639344263,122,36,0.29508196721311475,445638.84232929745,5696600.312947317,477.0657235360456,1.3112077983678319,-0.3690624162554741,-0.36591708895440433,-29.03833477661474,5.148178270989981,-1.1949621769067307,-1.9122844283074585,3.95008066343712,-4.806198350866168,1.690955,0.6543358,36,0.29508196721311475,445638.8423292954,5696600.312947325,477.06572353701955,1.3112077963305637,-0.3690624078735709,-0.3659170879804492,-29.038334775920337,5.148178242001275,-1.194962147095006,-1.9122844276130593,3.9500806344483976,-4.806198321054438,1.690955,0.6543358,445637.5311214991,5696600.682009733,477.431640625,-27.126050348307288,1.1980976075528664,3.611236173959426,1291,frame_001291.png
1286,1606,1286,117,0.09097978227060653,53,0.452991452991453,117,22,0.18803418803418803,445669.5423733288,5696643.926363974,656.5112167982913,31.773180713527836,43.36301213130355,179.09355322407254,-99.48180637525455,-4.1201879993142025,-175.22529763224915,-72.28486963887165,-5.743684816336923,-178.87113760500205,354.80148,97.79776,22,0.18803418803418803,445639.05011399987,5696599.814349015,476.99818390074387,1.2809213845757768,-0.7490028273314238,-0.41947967347493886,-29.255317552038207,5.904769706755612,-2.8646388339387965,-2.058380815655312,4.2812728897328896,-6.510478806691708,1.6283561,0.70109963,445637.7691926153,5696600.563351843,477.4176635742188,-27.196936736382895,1.6234968170227322,3.6458399727529085,1292,frame_001292.png
1268,1550,1268,101,0.07965299684542587,50,0.49504950495049505,101,30,0.297029702970297,445639.0749799214,5696600.708260707,477.223916458488,0.8262834126944654,0.3906817324459553,-0.18111283838698,-28.555687280341754,0.1335707787094158,0.11967696880794443,-1.4529201825511677,-1.0712685154697965,-4.338522669594312,1.8186556,0.74414164,30,0.297029702970297,445639.0749799214,5696600.708260707,477.2239164584882,0.8262834126944654,0.3906817324459553,-0.18111283838680947,-28.555687280344046,0.13357077868803552,0.1196769687092725,-1.4529201825534699,-1.0712685154911696,-4.3385226696929635,1.8186556,0.74414164,445638.2486965087,5696600.317578974,477.405029296875,-27.102767097790576,1.2048392941792179,4.458199638402244,1293,frame_001293.png
1240,1452,1240,114,0.09193548387096774,56,0.49122807017543857,114,36,0.3157894736842105,445639.24436831457,5696600.353964235,477.237129874114,0.5411288189934567,0.24876288790255785,-0.15248804580789965,-28.808075271659373,1.6209616479594051,-0.4583925177682046,-1.5307389300204761,-0.9513776190591727,-4.207915067002659,1.8170588,0.64395976,36,0.3157894736842105,445639.2443683122,5696600.353964235,477.23712987436227,0.5411288166069426,0.24876288790255785,-0.1524880455596076,-28.80807527163701,1.620961638070268,-0.45839252363075683,-1.5307389299981082,-0.9513776289483076,-4.207915072865205,1.8170588,0.64395964,445638.7032394956,5696600.105201347,477.3896179199219,-27.27733634163889,2.57233926701858,3.7495225492344595,1294,frame_001294.png
1228,1407,1228,101,0.08224755700325732,52,0.5148514851485149,101,19,0.18811881188118812,284949.5198920261,5823055.186467003,58692.81548983937,-160689.60858805978,126455.3007462211,58215.419249604995,37.89959451827178,-32.052660951991626,68.79418622038861,64.51768284212176,-35.558551856844275,64.08101676395913,407.1715,103.29627,19,0.18811881188118812,445639.4394574991,5696600.153154571,477.1409455527001,0.31097741320263594,0.2674337886273861,-0.2552946816749113,-27.950124794909218,1.0925005791462803,-1.758778906817343,-1.3320364710592685,-2.4133903257063594,-6.471948363246838,1.8663378,0.64946383,445639.12848008587,5696599.885720782,477.396240234375,-26.618088323849964,3.505890904852645,4.713169456429489,1295,frame_001295.png
1163,1350,1163,93,0.07996560619088564,60,0.6451612903225806,93,23,0.24731182795698925,445641.3780213653,5696600.648391654,477.01459170346726,1.5583655125228688,1.073876085691154,-0.3479876422358643,-28.172635051383367,3.686251589384062,2.9863977584264494,-1.6945802601395883,1.8428721316238637,-3.3827221504198235,1.8347137,0.79465395,23,0.24731182795698925,445641.3780213656,5696600.648391653,477.01459170346226,1.5583655128139071,1.0738760847598314,-0.34798764224086653,-28.172635051424166,3.686251593014917,2.98639775456623,-1.6945802601804019,1.842872135254737,-3.3827221542800316,1.8347137,0.79465395,445639.8196558528,5696599.574515568,477.3625793457031,-26.478054791243775,1.8433794577601925,6.369119908846269,1296,frame_001296.png
1179,1320,1179,92,0.07803223070398643,48,0.5217391304347826,92,21,0.22826086956521738,445648.9360302457,5696595.567673652,470.73809234617715,8.885907121875789,-3.907980770803988,-6.6183834839009705,-2.657389626097227,56.75147783952214,-25.343757313563977,24.100899593350505,54.460806972943715,-31.218739103725312,35.0339,20.347977,21,0.22826086956521738,445641.077731408,5696598.554971631,476.78719301739153,1.02760828420287,-0.9206827925518155,-0.5692828126865948,-29.074118614618254,6.578279981821304,-6.36319539363318,-2.315829395170539,4.287609115242873,-12.238177183794505,1.7870798,0.7428387,445640.0501231238,5696599.475654423,477.3564758300781,-26.758289219447725,2.2906708665784334,5.8749817901613355,1297,frame_001297.png
1207,1421,1207,102,0.08450704225352113,48,0.47058823529411764,102,26,0.2549019607843137,445640.95080881915,5696599.2882243395,477.1967816459606,0.6842385294148698,-0.09062208794057369,-0.17638729935191577,-28.543792390641393,3.4435709306676956,-3.188811046791934,-1.853614806686494,-0.0447570266483126,-8.573594601479329,1.8172097,0.69711673,26,0.2549019607843137,445640.9508088193,5696599.2882243395,477.1967816459467,0.6842385295894928,-0.09062208794057369,-0.17638729936578557,-28.543792390622027,3.4435709317707897,-3.1888110467847026,-1.8536148066671387,-0.04475702554520922,-8.57359460147211,1.8172097,0.69711673,445640.26657028974,5696599.378846427,477.3731689453125,-26.690177583954895,3.4883279573160104,5.384783554687396,1298,frame_001298.png
1182,1418,1182,118,0.09983079526226735,62,0.5254237288135594,118,28,0.23728813559322035,445641.3720152751,5696599.26402621,477.2247380410243,0.4633120329817757,0.15992461424320936,-0.1531916464757046,-28.81467268248272,1.6489857450488283,-3.6519414773526298,-1.6638017893028234,-0.9433196967006268,-10.064363551368189,1.3063883,0.67281544,28,0.23728813559322035,445641.3720152746,5696599.264026212,477.22473804089594,0.46331203245790675,0.1599246161058545,-0.15319164660405704,-28.814672681928,1.6489857377540844,-3.651941469592369,-1.663801788748117,-0.9433197039953711,-10.064363543607925,1.3063883,0.67281544,445640.90870324214,5696599.1041015955,477.3779296875,-27.150870893179892,2.5923054417494686,6.412422074015546,1299,frame_001299.png
1184,1481,1184,121,0.10219594594594594,62,0.512396694214876,121,30,0.24793388429752067,447171.38383151795,5695301.363282141,115.5398862107441,1530.0824219027418,-1297.5218085888773,-361.8511355177715,56.09115279799006,51.85172383913697,-102.42871615487164,82.6381886850445,46.97199718094228,-107.06645465426207,412.22165,121.8664,30,0.24793388429752067,445642.051198274,5696598.832323371,477.19337474388345,0.7497886588098481,-0.05276735872030258,-0.197646984632172,-27.954304592357563,5.141480938763617,-2.387841605871823,-1.4072687053030961,0.2617542805689368,-7.025580105262264,1.6612448,0.729951,445641.3014096152,5696598.88509073,477.3910217285156,-26.54703588705447,4.879726658194691,4.63773849939044,1300,frame_001300.png
1199,1491,1199,114,0.0950792326939116,57,0.5,114,29,0.2543859649122807,445642.44385567564,5696598.579155082,477.17094923513827,0.9408280397765338,-0.19538193754851818,-0.21137498361173357,-28.369229316226182,4.808123975578147,-3.601618269929997,-1.632043235488993,1.0732127153581246,-9.624621353345077,1.4594353,0.69297266,29,0.2543859649122807,445642.4438556753,5696598.579155083,477.1709492352158,0.9408280394272879,-0.1953819366171956,-0.21137498353419915,-28.36922931618929,4.808123972243507,-3.601618267311651,-1.6320432354521017,1.0732127120234907,-9.624621350726727,1.4594353,0.69297266,445641.50302763586,5696598.774537019,477.38232421875,-26.737186080737196,3.734911260220022,6.023003083415073,1301,frame_001301.png
1233,1553,1233,125,0.10137875101378752,59,0.472,125,31,0.248,445485.8593603497,5696735.15490562,-34.6000911441858,-156.07249081187183,136.6011295830831,-511.9762508121546,143.4920262167064,-29.401120226836433,-5.25643254884437,170.2117124389972,-32.13435644239388,-11.261762151658473,459.58615,123.393555,31,0.248,445642.4370420534,5696598.688478127,477.23492827667,0.5051908917957917,0.13470209017395973,-0.14123139129878837,-28.199161756661816,2.1095790736296287,-3.224925378963706,-1.4794755343709767,-0.6236571419278221,-9.23025498177779,1.6160512,0.71534646,445641.9318511616,5696598.553776037,477.3761596679688,-26.719686222290832,2.733236215557458,6.005329602814091,1302,frame_001302.png
1291,1645,1291,147,0.11386522075910147,66,0.4489795918367347,147,27,0.1836734693877551,445648.6046541195,5696593.600207131,472.26017746729974,6.217842885933351,-4.731799748726189,-5.112503196762759,-10.449893846790378,41.700545201907104,-26.566802867219504,16.189455547695616,39.43060412160128,-32.86670467914334,67.40689,42.977398,27,0.1836734693877551,445643.4094093889,5696598.1158268545,477.08331585062047,1.0225981553085148,-0.2161800255998969,-0.2893648134420346,-28.177287955462337,4.034533279348661,-3.9045757717575844,-1.5379385609763574,1.7645921990428235,-10.204477583681438,1.9802736,0.7648224,445642.3868112336,5696598.33200688,477.3726806640625,-26.63934939448599,2.269941080305845,6.299901811923841,1303,frame_001303.png
1240,1650,1240,134,0.10806451612903226,71,0.5298507462686567,134,29,0.21641791044776118,445637.3887233761,5696605.381142807,469.4758709723961,-5.231065858155489,7.16406187787652,-7.899922484635226,-0.6989124477690803,-58.768349318420974,41.228986958967404,26.276057303444105,-60.061965516766634,35.50158484499002,134.0211,82.5547,29,0.21641791044776118,445644.474984523,5696598.278478046,476.9681034922338,1.855195288779214,0.061397116631269455,-0.4076899647974983,-28.423206609555045,5.660707237512819,-0.032098214382984505,-1.4482368583418577,4.36709103916715,-5.759500328360389,1.7932225,0.81881464,445642.61978923425,5696598.217080929,477.3757934570313,-26.974969751213195,1.2936161983456607,5.727402113977401,1304,frame_001304.png
1333,1761,1333,171,0.1282820705176294,83,0.4853801169590643,171,31,0.18128654970760233,445647.35119551397,5696592.57903567,473.75330133511324,4.2758796834386885,-5.410855372436345,-3.6169989578555715,-16.014088019225877,29.45744179721319,-27.49536083025933,11.27794267827963,28.25099137759517,-34.287511791047706,40.91384,24.007366,31,0.18128654970760233,445645.28197612683,5696599.084247499,477.1624536686672,2.2066602963022888,1.094356456771493,-0.2078466243016237,-29.449094280101598,5.496947919942813,4.271191301084082,-2.157063582596095,4.29049750032479,-2.520959659704289,1.8577598,0.6933286,445643.07531583053,5696597.989891042,477.3703002929688,-27.2920306975055,1.2064504196180235,6.7921509607883745,1305,frame_001305.png
1250,1866,1250,133,0.1064,62,0.46616541353383456,133,27,0.20300751879699247,445646.6710844186,5696594.658327071,476.0357034890026,3.1760517235961743,-3.081466336734593,-1.3533040793568034,-23.996115079816782,20.346492730565203,-11.096022697853678,2.419462480943139,17.419251610002505,-15.920841864891457,19.193676,13.921825,27,0.20300751879699247,445645.25623334665,5696598.490531899,477.14919185569676,1.7612006516428664,0.7507384913042188,-0.2398157126626188,-28.425236086941215,5.558844187474222,3.912275834937577,-2.0096585261812834,2.631603066911538,-0.9125433321001992,1.9098473,0.69881123,445643.495032695,5696597.739793408,477.3890075683594,-26.415577560759935,2.9272411205626887,4.824819167037767,1306,frame_001306.png
1361,1967,1361,167,0.12270389419544453,70,0.41916167664670656,167,33,0.19760479041916168,445644.4514969333,5696598.129308788,476.93778283935757,0.33678803173825145,0.7697242265567183,-0.4749368872049331,-27.970217027916803,-0.601516135024965,0.9897478487034636,-0.899598900719468,-3.121850548780003,-3.3989226608127012,2.0237207,0.63703805,33,0.19760479041916168,445644.4514969333,5696598.129308794,476.93778283962496,0.33678803173825145,0.7697242321446538,-0.47493688693754166,-27.97021703057716,-0.6015161476798947,0.9897478727888603,-0.8995989033798537,-3.1218505614349397,-3.3989226367273204,2.0237207,0.63703805,445644.11470890156,5696597.359584562,477.4127197265625,-27.07061812719732,2.5203344137550454,4.388670509516175,1307,frame_001307.png
1378,2030,1378,191,0.1386066763425254,90,0.4712041884816754,191,42,0.2198952879581152,445644.4420867706,5696597.458348545,476.80963824185596,0.1242442118236795,0.2208660189062357,-0.6082084378315358,-28.387880094998486,0.47920541573988357,-2.109024806290382,-1.1532670276869226,-3.144002156001676,-6.744191836459635,2.01059,0.76289386,42,0.2198952879581152,445644.44208677125,5696597.458348541,476.8096382415996,0.12424421246396378,0.22086601424962282,-0.6082084380878996,-28.387880091128668,0.47920542812492967,-2.1090248235475566,-1.1532670238171079,-3.144002143616632,-6.7441918537168135,2.01059,0.76289386,445644.3178425588,5696597.237482526,477.4178466796875,-27.234613067311567,3.623207571741567,4.635167030169248,1308,frame_001308.png
1405,2029,1405,180,0.12811387900355872,91,0.5055555555555555,180,34,0.18888888888888888,445643.38431803754,5696597.269256007,476.1928937854341,-1.1430109997745603,0.16613321471959352,-1.2280351696440448,-29.480734260976185,-6.897444254062623,-5.985206593429861,-2.067017057700582,-9.325567374455375,-10.976286967302656,1.8704579,0.6166375,34,0.18888888888888888,445652.7098305259,5696599.251311613,476.382488241011,8.182501488598064,2.148188821040094,-1.0384407140671215,-32.997974087040184,28.264660486841304,26.45559629302559,-5.584256883764567,25.83653736644854,21.464515919152802,18.74017,13.006277,445644.5273290373,5696597.103122792,477.4209289550781,-27.413717203275613,2.4281231203927582,4.991080373872787,1309,frame_001309.png
1430,2014,1430,180,0.1258741258741259,81,0.45,180,37,0.20555555555555555,445644.1417989172,5696596.882215539,476.35276780177907,-0.601203145342879,-0.08519315719604492,-1.0471040243928087,-29.00062080155404,-5.131644978342681,-4.5773489629951225,-1.7077971146329674,-6.466620883506579,-8.342726448720242,1.7705731,0.79273134,37,0.20555555555555555,445659.5546726584,5696598.995216685,454.33644477026075,14.811670595838223,2.0278079891577363,-23.06342705591112,-132.88872105487116,25.1396047343808,162.04385327539416,-105.59589736795009,23.80462882921691,158.27847578966907,189.6869,122.13928,445644.74300206255,5696596.967408696,477.3998718261719,-27.292823686921064,1.3349759051638872,3.7653774857251068,1310,frame_001310.png
1450,2244,1450,225,0.15517241379310345,99,0.44,225,41,0.18222222222222223,445646.7236607487,5696594.3728518905,476.50230971825005,1.3106855308287777,-2.1811129273846745,-0.8847447251093286,-27.66357932673503,8.298881521760586,-9.700184124887341,-0.1794443144613922,7.72700851602508,-14.059523313404156,16.18396,8.555915,41,0.18222222222222223,445643.2115873086,5696609.905410212,464.1408708711069,-2.2013879092410207,13.351445394568145,-13.246183572252448,159.53887170054813,-71.98580895892387,55.1309098333027,-172.97699328717823,-72.55768196465938,50.771570644785896,129.32925,100.350784,445645.41297521786,5696596.553964818,477.3870544433594,-27.484135012273626,0.5718730057355063,4.359339188516815,1311,frame_001311.png
1460,2246,1460,246,0.1684931506849315,124,0.5040650406504065,246,44,0.17886178861788618,445646.3527943126,5696596.602716485,477.1587752060795,0.7011839835322462,0.1750662261620164,-0.22031414938930993,-30.228527778712287,-0.30446121985568203,-1.606835931876973,-2.358972759393282,-0.6082782199988799,-6.731179726387978,1.8803283,0.73875016,44,0.17886178861788618,445646.352794314,5696596.602716507,477.15877520967894,0.7011839849292301,0.17506624851375818,-0.22031414578987096,-30.22852777497902,-0.3044612692226206,-1.606835833374963,-2.3589727556600337,-0.608278269365826,-6.731179627885979,1.8803283,0.73875016,445645.65161032905,5696596.427650259,477.3790893554688,-27.869555019318994,0.3038170001432101,5.124343794511007,1312,frame_001312.png
1446,2150,1446,250,0.17289073305670816,102,0.408,250,50,0.2,445561.6065308116,5696545.926952365,1064.0171328903402,-84.27737287787022,-50.37873471993953,586.6413699508871,-92.75973084662013,-0.6721495356733458,-177.9221054288669,-64.71251624261363,-0.8387689191818026,177.50019179699035,246.56012,124.822395,50,0.2,445647.417214795,5696596.867420352,477.3859704817894,1.5333111055660993,0.5617332672700286,0.010207542336274855,-29.54556821764448,1.5128465869409438,2.6325170101826014,-1.4983536136379882,1.346227203432477,-1.9451857639601542,1.8245571,0.75726515,445645.88390368945,5696596.305687085,477.3757629394531,-28.047214604006495,0.16661938350846184,4.577702774142754,1313,frame_001313.png
1458,2117,1458,250,0.17146776406035666,111,0.444,250,52,0.208,445643.8639724236,5696600.397155506,475.456039801007,-2.4667719833087176,4.339187785983086,-1.912093743914852,-21.165643868012957,-24.775511980392174,13.059314913521524,6.954272725055716,-24.72486956934918,8.730145738935818,43.77226,27.132076,52,0.208,445647.4695503622,5696596.0726500945,477.0984960697198,1.1388059552991763,0.014682374894618988,-0.2696374752021029,-29.790170615378774,2.155094171738474,-0.38686654124750974,-1.670254022310104,2.2057365827814692,-4.716035715833215,2.0376935,0.64874303,445646.3307444069,5696596.05796772,477.3681335449219,-28.11991659306866,-0.050642411042983636,4.329169174585718,1314,frame_001314.png
1356,2079,1356,235,0.1733038348082596,136,0.5787234042553191,235,54,0.2297872340425532,445598.9000260388,5696599.936149927,848.346069557285,-48.06639958563028,4.265084152109921,370.9746401139256,-90.96250415117068,-0.5510173025524192,-177.65079511093344,-63.506903593036014,-0.8287269579865608,178.44764036440677,242.97285,111.4185,54,0.2297872340425532,445647.7766817784,5696596.323809489,477.13693140756186,0.8102561539853923,0.6527437139302492,-0.2344980357975146,-29.610380992278213,-1.288540765191526,2.159689917988502,-2.154780434143561,-1.5662504206256642,-1.7418746066713027,2.0587447,0.7449416,445646.96642562444,5696595.671065775,477.3714294433594,-27.45560055813466,0.27770965543413395,3.901564524659811,1315,frame_001315.png
1303,2165,1303,255,0.19570222563315426,121,0.4745098039215686,255,50,0.19607843137254902,445648.0563545627,5696599.093685842,476.84380987434275,0.6817080167820677,3.6730527617037296,-0.5263073131572469,-27.876652486187467,-8.249745871375602,14.86815343557629,-0.5646319762962264,-8.514271799184257,11.39765898517416,10.350946,6.633753,50,0.19607843137254902,445649.00979232864,5696595.680968384,477.1238551402956,1.6351457827258855,0.2603353038430214,-0.24626204720442502,-28.923635060249378,3.8463533519056776,2.712058627162666,-1.6116145503581265,3.581827424097014,-0.7584358232394663,1.8851156,0.825362,445647.3746465459,5696595.42063308,477.3701171875,-27.312020509891248,0.26452592780865164,3.4704944504021293,1316,frame_001316.png
1366,2329,1366,259,0.18960468521229867,142,0.5482625482625483,259,53,0.20463320463320464,445649.5086406797,5696595.631278455,477.05957682731156,1.7133740985300392,0.44483830220997334,-0.30541340706344045,-28.548063004177337,3.411768737882058,2.9967542497092774,-1.4464766284022517,2.9342105225652517,-1.0207797472033917,1.9519783,0.71293426,53,0.20463320463320464,445649.50864067936,5696595.631278453,477.0595768271301,1.7133740981807932,0.4448383003473282,-0.30541340724488464,-28.548063004501312,3.411768740690718,2.996754241649559,-1.4464766287262307,2.9342105253739135,-1.0207797552631064,1.9519783,0.71293426,445647.7952665812,5696595.186440153,477.364990234375,-27.101586375775078,0.4775582153167957,4.017533996912676,1317,frame_001317.png
1405,2324,1405,277,0.19715302491103204,114,0.41155234657039713,277,54,0.19494584837545126,445647.3004542835,5696599.80660118,476.2735395978368,-0.7132561249891296,4.730828022584319,-1.083149855288184,-25.997037683238307,-18.31956105532982,16.627304317878995,1.3134797123565534,-18.003973847727792,12.734725579859202,18.267458,16.204935,54,0.19494584837545126,445649.9440575188,5696594.92052169,477.00604159274457,1.930347110319417,-0.15525146760046482,-0.35064786038043394,-28.93802747250358,4.5448695970257305,1.250981650013106,-1.6275100769087203,4.860456804627773,-2.641597088006705,1.9743233,0.749236,445648.0137104085,5696595.075773157,477.356689453125,-27.310517395594864,-0.3155872076020356,3.8925787380198007,1318,frame_001318.png
1422,2430,1422,200,0.14064697609001406,104,0.52,200,47,0.235,445767.160918794,5696136.119370088,1152.1994760714008,118.72232405026443,-458.73467548470944,674.8613107881977,-27.778518219117366,17.95913800146311,-16.576904447411966,-0.11320833400807828,17.876512509410333,-20.64610397933825,237.98459,110.85431,47,0.235,445650.170829013,5696596.949177106,477.1418228631058,1.7322342692641541,2.0951315332204103,-0.1963424200973236,-28.133150043052037,-0.33033934462545744,10.07422037210634,-0.46784015794276,-0.4129648366782135,6.005020840180066,2.0484865,0.6575235,445648.4385947437,5696594.854045573,477.3381652832031,-27.66530988510928,0.08262549205276744,4.069199531926274,1319,frame_001319.png
1415,2477,1415,238,0.16819787985865725,102,0.42857142857142855,238,47,0.19747899159663865,445649.62618496356,5696595.444349646,477.0232831543579,0.7718336571706459,0.8062528297305107,-0.3218096190796018,-28.427837326382505,-0.8314625048886042,2.5711648585411786,-1.2971595203177912,-1.7621434782793983,-1.227041902219895,1.8859804,0.7647802,47,0.19747899159663865,445649.6261849648,5696595.444349649,477.02328315441076,0.7718336583930068,0.806252833455801,-0.32180961902673744,-28.427837325355664,-0.8314625079651727,2.571164876307287,-1.2971595192909717,-1.7621434813559915,-1.2270418844537687,1.8859804,0.7647802,445648.8543513064,5696594.638096816,477.3450927734375,-27.1306778060647,0.930680973390806,3.7982067607610674,1320,frame_001320.png
1379,2478,1379,270,0.19579405366207397,128,0.4740740740740741,270,61,0.22592592592592592,445650.70439764543,5696594.589112469,477.038341169249,1.6491531402571127,0.062106579542160034,-0.32146107684474146,-28.32665861362244,4.016319883264111,0.7450402523868238,-1.2648764441730123,3.536347649362966,-3.6417328755287883,1.8968787,0.76474273,61,0.22592592592592592,445650.70439764834,5696594.589112479,477.03834116983535,1.6491531431674957,0.062106589786708355,-0.3214610762584016,-28.326658612346733,4.016319874085606,0.7450402979213046,-1.2648764428973323,3.5363476401844594,-3.6417328299942824,1.8968787,0.76474273,445649.0552445052,5696594.527005889,477.35980224609375,-27.061782169449412,0.4799722339011549,4.386773127915601,1321,frame_001321.png
1376,2532,1376,254,0.18459302325581395,114,0.44881889763779526,254,52,0.2047244094488189,445650.5716454802,5696594.373522304,476.99973223909984,1.1210242644883692,0.05892543215304613,-0.36080242886896485,-28.542110794453773,2.5385503938133183,0.18062291844959452,-1.3106975202480555,1.9292595060739188,-3.6184175106812972,1.8622155,0.7355634,52,0.2047244094488189,445650.5716454821,5696594.373522302,476.99973223900014,1.121024266409222,0.05892543029040098,-0.3608024289686682,-28.542110794032745,2.538550405850212,0.18062291520329626,-1.3106975198270163,1.929259518110797,-3.6184175139275965,1.8622155,0.7355634,445649.4506212157,5696594.314596872,477.3605346679688,-27.231413274205718,0.6092908877394012,3.7990404291308946,1322,frame_001322.png
1401,2516,1401,230,0.16416845110635261,114,0.4956521739130435,230,48,0.20869565217391303,445656.0480756482,5696592.908857839,454.73421168932634,6.403351578046568,-1.292042464017868,-22.63618015637678,168.08221549327686,27.437905693444815,-0.8380447264147133,-164.67171432517603,25.81306914721145,-4.120311363164916,94.9682,65.153694,48,0.20869565217391303,445650.48678549094,5696594.608714511,477.02973853311283,0.8420614207861945,0.4078142074868083,-0.3406533125902911,-28.880158794842288,1.3337533628921412,1.6384176955726137,-1.634088613295205,-0.29108318334121464,-1.6438489411775947,1.8049269,0.727629,445649.64472407015,5696594.200900303,477.3703918457031,-27.24607018154708,1.6248365462333656,3.282266636750206,1323,frame_001323.png
1333,2523,1333,214,0.16054013503375844,100,0.4672897196261682,214,43,0.20093457943925233,445647.40497226466,5696600.033267965,474.76023313848293,-3.074871326331049,6.297635179013014,-2.5854089513608187,-21.855908554749483,-31.96730158359939,20.962905836447664,5.682353191219647,-31.954094158388273,17.578393852434886,33.94799,27.402155,43,0.20093457943925233,445651.03251766507,5696593.678673263,476.9212933969909,0.5526740740751848,-0.056959522888064384,-0.4243486928528455,-29.39468966721782,-0.14736716017122636,-1.050501394347398,-1.8564279212486952,-0.13415973496009315,-4.435013378360168,1.7603196,0.832643,445650.479843591,5696593.735632786,477.34564208984375,-27.53826174596913,-0.013207425211122796,3.384511984012769,1324,frame_001324.png
1330,2482,1330,201,0.1511278195488722,86,0.42786069651741293,201,38,0.1890547263681592,445352.3764042793,5696591.404733079,1007.6764305408781,-298.32408384565497,-2.2072711270302534,530.3471153553312,-123.35451013222661,20.57470707402547,167.15787929168334,-96.64491579014195,20.75491039952047,163.85730677808579,298.72968,158.32106,38,0.1890547263681592,445650.91917800443,5696594.750365106,477.1993000783034,0.21868987946072593,1.1383609008044004,-0.1300151072434801,-28.623763782539633,-4.512823201421743,3.5391350345373107,-1.9141694404549696,-4.332619875926753,0.23856252093978014,2.011153,0.68407995,445650.700488125,5696593.612004206,477.3293151855469,-26.709594342084657,-0.18020332549499482,3.300572513597535,1325,frame_001325.png
1305,2387,1305,194,0.1486590038314176,89,0.4587628865979381,194,46,0.23711340206185566,445653.44609231857,5696587.649168566,472.72860855260564,2.530124287120998,-5.829347082413733,-4.6127610763006714,-30.479491189202392,28.6110555951139,-23.7843022694253,-4.163955825615176,29.52513246073852,-27.162950600143233,60.840885,30.431423,46,0.23711340206185566,445652.50394111336,5696593.233543292,476.78446681121,1.5879730819142424,-0.24497235659509897,-0.5569028176963116,-28.020349036415617,3.0616763870214605,0.4440922828654586,-1.7048136728283794,3.975753252646058,-2.9345560478524533,1.9832795,0.766941,445650.91596803145,5696593.478515648,477.3413696289063,-26.31553536358723,-0.9140768656246032,3.3786483307179216,1326,frame_001326.png
1296,2425,1296,167,0.12885802469135801,70,0.41916167664670656,167,34,0.20359281437125748,445652.99986432045,5696593.733064187,476.9240748156503,1.8558526857523248,0.3751044040545821,-0.41897328005285317,-27.48389879134489,1.9718599063204423,2.4960501010134193,-1.5507961036253448,3.417434821165557,-1.9344453804492048,1.9724689,0.759653,34,0.20359281437125748,445652.99986432045,5696593.733064189,476.92407481582325,1.8558526857523248,0.37510440591722727,-0.41897327987987865,-27.48389879106276,1.9718599032176207,2.4960501071512615,-1.5507961033432025,3.4174348180627305,-1.9344453743113377,1.9724689,0.759653,445651.1440116347,5696593.357959783,477.3430480957031,-25.933102687719547,-1.4455749148451085,4.430495481462613,1327,frame_001327.png
