kp_uav,kp_patch,raw_matches,good_matches,good_ratio,homography_inliers,homography_ratio,num_3d2d_corr,pnp_inliers_anchor,pnp_ratio_anchor,anchor_easting_est,anchor_northing_est,anchor_altitude_est,anchor_easting_delta,anchor_northing_delta,anchor_altitude_delta,anchor_yaw_est,anchor_pitch_est,anchor_roll_est,anchor_yaw_delta,anchor_pitch_delta,anchor_roll_delta,anchor_reproj_mean,anchor_reproj_std,pnp_inliers_prior,pnp_ratio_prior,prior_easting_est,prior_northing_est,prior_altitude_est,prior_easting_delta,prior_northing_delta,prior_altitude_delta,prior_yaw_est,prior_pitch_est,prior_roll_est,prior_yaw_delta,prior_pitch_delta,prior_roll_delta,prior_reproj_mean,prior_reproj_std,gps_easting,gps_northing,gps_altitude,imu_yaw,imu_pitch,imu_roll,image_id,filename
4000,4000,4000,679,0.16975,381,0.561119293078056,679,403,0.593519882179676,445662.87805488135,5696629.317164263,479.6547399168063,-1.160896100627724,-1.683059829287231,-0.2527002687405684,-133.65848731850036,10.473898706592507,3.691364270455702,-1.345669247466958,-0.5543516359238936,4.524073219189603,1.6062896,0.7180849,403,0.593519882179676,445662.87805488345,5696629.317164259,479.65473991677493,-1.1608960985322483,-1.6830598330125213,-0.25270026877194596,-133.65848732206368,10.473898711311985,3.691364286548244,-1.345669251030273,-0.5543516312044403,4.524073235282145,1.6062896,0.7180849,445664.038950982,5696631.000224092,479.9074401855469,-132.3128180710334,11.028250342516413,-0.8327089487338988,214,frame_000214.png
4000,4000,4000,714,0.1785,425,0.5952380952380952,714,399,0.5588235294117647,445661.1493289022,5696627.92846437,479.6492856666785,-0.7177845488185994,-0.8019542023539543,-0.2747255637902981,-133.18514370126792,9.690487606373184,3.735142185214051,-1.1460380877799707,0.14866227365979512,5.774509289433269,1.6440618,0.7386173,399,0.5588235294117647,445661.1493289065,5696627.928464379,479.6492856682757,-0.7177845445112325,-0.8019541930407286,-0.2747255621931117,-133.18514369707557,9.690487568095357,3.735142172020472,-1.1460380835876265,0.14866223538194845,5.774509276239684,1.6440618,0.7386173,445661.867113451,5696628.730418572,479.9240112304688,-132.03910561348795,9.5418253327134,-2.0393671042192123,215,frame_000215.png
4000,4000,4000,715,0.17875,382,0.5342657342657343,715,370,0.5174825174825175,445659.9385368496,5696626.590747978,479.61825462639894,-0.8658224795944989,-1.0394659452140331,-0.3434152954760634,-133.31723917707785,8.949253941195694,4.701675934467477,-1.0852810112127713,-0.08177655935782013,7.373469232275767,1.7368857,0.7749915,370,0.5174825174825175,445659.9385368419,5696626.590747998,479.61825462744196,-0.8658224872779101,-1.0394659247249365,-0.3434152944330435,-133.31723915979111,8.949253902905573,4.701675854920366,-1.085280993926034,-0.08177659764794498,7.37346915272866,1.7368857,0.7749917,445660.80435932917,5696627.630213923,479.961669921875,-132.23195816586508,9.03103050055351,-2.6717932978082812,216,frame_000216.png
4000,4000,4000,712,0.178,417,0.5856741573033708,712,435,0.6109550561797753,445658.75243243255,5696625.2469086945,479.72131137912106,-1.0176588768954389,-1.3016330879181623,-0.2566549294726883,-133.11339476296902,4.5515348144983685,2.7884320403335674,-0.9828046196853393,-0.6023044329873812,3.504552459297628,1.6477104,0.728218,435,0.6109550561797753,445658.7524324299,5696625.246908704,479.7213113803711,-1.0176588795729913,-1.3016330786049366,-0.2566549282226447,-133.11339475728627,4.551534795699017,2.788432007140676,-0.982804614002589,-0.6023044517867504,3.5045524261047376,1.6477103,0.728218,445659.77009130944,5696626.548541782,479.97796630859375,-132.13059014328368,5.15383924748576,-0.716120418964055,217,frame_000217.png
4000,4000,4000,697,0.17425,445,0.6384505021520803,697,384,0.5509325681492109,445657.25330859015,5696624.038000197,479.6956855331038,-1.511247884191107,-1.4617108143866062,-0.26674732822431224,-133.20934842081417,0.527427100931843,2.332148895894798,-1.151465698411016,-0.1586869446059609,3.4198564109543668,1.6675301,0.7448273,384,0.5509325681492109,445657.2533085911,5696624.038000196,479.6956855331461,-1.5112478832597844,-1.4617108153179288,-0.26674732818202074,-133.20934842081897,0.5274271001853932,2.3321489004153735,-1.1514656984158194,-0.15868694535242867,3.419856415474925,1.6675301,0.7448273,445658.76455647434,5696625.499711012,479.9624328613281,-132.05788272240315,0.6861140455378161,-1.0877075150595585,218,frame_000218.png
4000,4000,4000,11,0.00275,10,0.9090909090909091,11,9,0.8181818181818182,445656.55819366715,5696622.625534291,479.94216224025837,-0.29757773358142003,-0.890427578240633,0.11693641018024437,-132.63070958986884,-30.273189441156575,4.510613411322281,-1.637982412625604,-0.8087858272144501,6.73079124802166,1.0932137,0.46451876,9,0.8181818181818182,445656.5581936735,5696622.625534276,479.9421622432878,-0.297577727236785,-0.8904275940731168,0.11693641320965753,-132.63070956687432,-30.273189410215927,4.510613479694235,-1.6379823896310768,-0.8087857962738099,6.730791316393635,1.0932137,0.46451876,445656.85577140073,5696623.51596187,479.8252258300781,-130.99272717724324,-29.464403613942117,-2.2201778366993925,219,frame_000219.png
4000,4000,4000,217,0.05425,140,0.6451612903225806,217,146,0.6728110599078341,445655.69799971994,5696622.451674495,479.7625977661287,-0.419088811671827,-0.24726016353815794,-0.08228138426193254,-133.9480768432335,-27.297452464714137,-0.9957325048059308,-1.4119001722218059,-3.409144801825221,-2.6958714834811133,1.5379164,0.7237202,146,0.6728110599078341,445655.69799971965,5696622.451674494,479.7625977662459,-0.4190888119628653,-0.24726016446948051,-0.08228138414472141,-133.94807684327017,-27.297452462821617,-0.9957325047100521,-1.4119001722584699,-3.4091447999327045,-2.695871483385247,1.5379164,0.7237202,445656.1170885316,5696622.698934658,479.8448791503906,-132.5361766710117,-23.88830766288892,1.7001389786751886,220,frame_000220.png
4000,4000,4000,740,0.185,470,0.6351351351351351,740,440,0.5945945945945946,445654.38821793464,5696620.453525791,479.8219216449438,-0.03208347433246672,-0.4505912931635976,-0.11548680232181141,-133.6673915622879,-6.845988021634002,2.02539830999667,-1.0966918442029225,-1.393049072586507,1.7954499714774954,1.5075853,0.68055713,440,0.5945945945945946,445654.3882179323,5696620.453525826,479.82192164346947,-0.03208347666077316,-0.45059125777333975,-0.11548680379615917,-133.6673915651483,-6.845988115857014,2.02539820606336,-1.0966918470633402,-1.3930491668095044,1.7954498675441926,1.5075853,0.68055713,445654.420301409,5696620.904117084,479.9374084472656,-132.57069971808497,-5.452938949047501,0.22994833851917465,221,frame_000221.png
4000,4000,4000,897,0.22425,564,0.6287625418060201,897,519,0.5785953177257525,445654.54326866387,5696620.437488672,479.74185024067265,0.18165632587624714,-0.4340832522138953,-0.15384067729615936,-132.86164853608955,-2.0117592603081897,2.5531995141076287,-0.9811677186459349,-1.8651934771631034,2.1211918478596203,1.5684575,0.7096951,519,0.5785953177257525,445654.54326866573,5696620.43748867,479.7418502407339,0.1816563277388923,-0.43408325407654047,-0.15384067723488215,-132.86164853599482,-2.011759261524859,2.5531995231375504,-0.9811677185512053,-1.86519347837978,2.1211918568895385,1.5684575,0.7096951,445654.361612338,5696620.871571925,479.8956909179688,-131.8804808174436,-0.14656578314508253,0.43200766624801845,222,frame_000222.png
4000,4000,4000,932,0.233,598,0.6416309012875536,932,559,0.5997854077253219,445654.4444971905,5696620.906669715,479.73440328500624,-0.023064631619490683,-0.07258457876741886,-0.18234476186876236,-133.20352882412502,2.4736418418170154,1.1555994366661675,-1.0208018876964502,-1.4486065695707282,0.6771023033780068,1.5543818,0.7399373,559,0.5997854077253219,445654.4444971929,5696620.9066697145,479.73440328518353,-0.023064629174768925,-0.07258457969874144,-0.18234476169146774,-133.2035288247577,2.4736418368411375,1.1555994450711913,-1.0208018883291459,-1.4486065745466021,0.6771023117830168,1.5543818,0.7399373,445654.4675618221,5696620.979254294,479.916748046875,-132.18272693642857,3.9222484113877503,0.4784971332881627,223,frame_000223.png
4000,4000,4000,915,0.22875,563,0.6153005464480874,915,498,0.5442622950819672,445654.872436259,5696620.862869319,479.7051568706225,0.3520539421006106,-0.16511047631502151,-0.23100035594001156,-133.6102824250232,3.1986071604930806,2.3452367785439363,-1.039864919240273,-2.548778416267538,1.9080159726941872,1.6422329,0.75834596,498,0.5442622950819672,445654.87243625923,5696620.862869306,479.7051568706462,0.3520539423334412,-0.16511048935353756,-0.23100035591630785,-133.61028242971236,3.198607196573262,2.3452368146080147,-1.0398649239294286,-2.5487783801873434,1.908016008758267,1.6422329,0.75834596,445654.5203823169,5696621.027979795,479.9361572265625,-132.57041750578293,5.747385576760614,0.43722080584976025,224,frame_000224.png
4000,4000,4000,871,0.21775,583,0.669345579793341,871,517,0.5935706084959816,445654.7212725469,5696620.812230078,479.72291203821777,0.12745918350992724,-0.2886348329484463,-0.21562555943847883,-133.94270114321426,3.366691153782951,1.4041052956834603,-1.0852289517783618,-1.5953626061407817,0.2555638413745669,1.6194221,0.75972325,517,0.5935706084959816,445654.72127254726,5696620.812230079,479.7229120382663,0.1274591838591732,-0.2886348310858011,-0.21562555938993455,-133.9427011427319,3.3666911482941373,1.4041052921335182,-1.0852289512959885,-1.5953626116295823,0.2555638378246101,1.6194221,0.75972325,445654.5938133634,5696621.1008649105,479.93853759765625,-132.8574721914359,4.962053759923721,1.148541454308899,225,frame_000225.png
4000,4000,4000,905,0.22625,567,0.6265193370165746,905,478,0.5281767955801105,445654.79656642524,5696621.109803586,479.7336191017096,0.18849775940179825,-0.011530145071446896,-0.20943509750918565,-134.02698316435138,1.938264134232514,1.0001590522078108,-1.012068151814674,-2.625834688395173,0.029974788188042112,1.6277181,0.7035904,478,0.5281767955801105,445654.79656642146,5696621.109803589,479.73361910155876,0.1884977556183003,-0.011530142277479172,-0.2094350976600481,-134.02698316302715,1.9382641351293346,1.0001590321700022,-1.0120681504904496,-2.6258346874983545,0.029974768150253794,1.6277181,0.7035904,445654.60806866584,5696621.121333731,479.9430541992188,-133.0149150125367,4.564098822627692,0.9701842640197561,226,frame_000226.png
4000,4000,4000,838,0.2095,587,0.7004773269689738,838,477,0.5692124105011933,445654.60006559326,5696620.918451293,479.7627524202256,-0.00430829165270552,-0.21379993204027414,-0.18628322430572553,-133.67668487182374,2.4643861015350446,2.407137640351467,-0.9868930027361387,-1.469690767069693,2.826397941228663,1.6105032,0.78290075,477,0.5692124105011933,445654.6000655932,5696620.918451292,479.7627524202099,-0.004308291710913181,-0.21379993297159672,-0.1862832243214143,-133.67668487206845,2.464386105242749,2.4071376435847136,-0.9868930029808496,-1.4696907633619674,2.8263979444618883,1.6105032,0.78290075,445654.6043738849,5696621.132251225,479.9490356445313,-132.6897918690876,3.9340768686047256,-0.41926030087718225,227,frame_000227.png
4000,4000,4000,814,0.2035,485,0.5958230958230958,814,453,0.5565110565110565,445654.5634430224,5696621.281147385,479.724290494432,0.012687601207289845,0.11193566955626011,-0.2241347985367952,-128.94084053243267,3.548722337977162,1.4687525095163745,-0.8360022278649524,-2.760175274813122,1.7517430340645603,1.637114,0.71176946,453,0.5565110565110565,445654.5634430232,5696621.281147385,479.7242904944691,0.012687602022197098,0.11193566955626011,-0.22413479849973328,-128.94084053285428,3.5487223381989397,1.46875251395698,-0.83600222828656,-2.7601752745913473,1.7517430385051682,1.637114,0.71176946,445654.55075542117,5696621.169211715,479.9484252929688,-128.10483830456772,6.308897612790297,-0.2829905245481869,228,frame_000228.png
4000,4000,4000,879,0.21975,536,0.6097838452787259,879,479,0.5449374288964732,445654.72420906834,5696621.0751987435,479.7410108627202,0.15148720832075924,-0.12720598187297583,-0.22706775056110473,-128.13433493213742,3.5154904103297078,2.1921218740947848,-0.9016737140332793,-1.9285257560023865,2.20421729278101,1.6284367,0.7299266,479,0.5449374288964732,445654.7242090685,5696621.075198746,479.74101086268286,0.15148720849538222,-0.1272059790790081,-0.22706775059845086,-128.13433493138024,3.5154904021481386,2.19212186850942,-0.9016737132760682,-1.9285257641839735,2.2042172871956325,1.6284367,0.7299266,445654.57272186,5696621.202404725,479.9680786132813,-127.23266121810416,5.444016166332099,-0.012095418686215078,229,frame_000229.png
4000,4000,4000,617,0.15425,374,0.6061588330632091,617,349,0.5656401944894651,445655.00747620163,5696620.722164825,479.78694780015564,0.49152751435758546,-0.3528346698731184,-0.23362104750060553,-128.19189907550992,13.23049308294403,1.353549046277092,-1.3184681051767484,-2.0328927384496467,-1.2152496883489334,1.6323786,0.7686044,349,0.5656401944894651,445655.00747620553,5696620.722164819,479.7869478001967,0.49152751825749874,-0.35283467546105385,-0.23362104745956458,-128.19189908140373,13.230493090202568,1.3535490724826669,-1.3184681110705583,-2.0328927311911116,-1.21524966214335,1.6323786,0.7686044,445654.5159486873,5696621.0749994945,480.02056884765625,-126.87343097033316,15.263385821393678,2.5687987346260304,230,frame_000230.png
4000,4000,4000,513,0.12825,288,0.5614035087719298,513,278,0.5419103313840156,445654.5148874854,5696620.1054674415,479.79570630503645,0.28553370642475784,-0.6210440257564187,-0.2546782164479282,-127.88598640546624,17.312282541322546,3.1129296076231565,-1.482467843352481,-1.6354897682532794,2.0617874799876574,1.5695238,0.70827717,278,0.5419103313840156,445654.5148874882,5696620.105467437,479.79570630474916,0.28553370921872556,-0.6210440304130316,-0.25467821673521485,-127.8859864115431,17.312282548277583,3.11292962818493,-1.4824678494293266,-1.6354897612982313,2.0617875005494284,1.5695238,0.70827717,445654.229353779,5696620.726511467,480.0503845214844,-126.40351856211377,18.94777230957582,1.051142127635491,231,frame_000231.png
4000,4000,4000,599,0.14975,365,0.6093489148580968,599,368,0.6143572621035058,445653.6868883196,5696619.908511934,479.8152849162458,0.014760725374799222,-0.14040668867528439,-0.22051220289483808,-127.23929867154902,16.763293866808144,0.6746943374013951,-0.9497145489856393,-1.5428006416236997,-0.6540919449259661,1.5559015,0.733466,368,0.6143572621035058,445653.6868883169,5696619.908511961,479.8152849189567,0.014760722639039159,-0.14040666166692972,-0.2205122001839186,-127.23929864733442,16.76329378906652,0.6746942613383663,-0.949714524771025,-1.5428007193653173,-0.6540920209889975,1.5559018,0.733466,445653.67212759424,5696620.048918623,480.0357971191406,-126.28958412256338,18.306094508431848,1.328786282327373,232,frame_000232.png
4000,4000,4000,624,0.156,420,0.6730769230769231,624,450,0.7211538461538461,445653.07303070894,5696618.844489107,479.7550639325574,-0.2254119390854612,-0.739014994353056,-0.2725849932239157,-127.72986237305821,17.155026688113196,0.6403113810296082,-1.228374810839341,0.10767264446650415,-1.3501905018521256,1.5117513,0.748952,450,0.7211538461538461,445653.07303070865,5696618.844489107,479.7550639324862,-0.2254119393764995,-0.739014994353056,-0.2725849932950837,-127.72986237301396,17.155026689634585,0.6403113806364605,-1.22837481079506,0.10767264598788984,-1.3501905022452547,1.5117513,0.748952,445653.298442648,5696619.583504101,480.0276489257813,-126.50148756221888,17.047354043646706,1.9905018828817274,233,frame_000233.png
4000,4000,4000,627,0.15675,469,0.748006379585327,627,412,0.6570972886762361,445652.4946132887,5696618.363457793,479.82496868843515,-0.3739597469684668,-0.6826167115941644,-0.1898628545336578,-128.0505773116101,14.668506309680689,0.02597865983228268,-1.205763388593823,-0.8415424345789688,-2.0373402900062274,1.4148109,0.71741825,412,0.6570972886762361,445652.4946132887,5696618.363457793,479.82496868843464,-0.3739597469684668,-0.6826167115941644,-0.1898628545341694,-128.05057731161762,14.66850630969768,0.025978659861722042,-1.2057633886013264,-0.8415424345619726,-2.0373402899767825,1.4148109,0.71741825,445652.8685730357,5696619.046074505,480.0148315429688,-126.84481392301628,15.510048744259652,2.063318949838503,234,frame_000234.png
4000,4000,4000,957,0.23925,541,0.5653082549634274,957,742,0.7753396029258098,445651.1051677145,5696616.496715752,479.78005939539565,-0.16829808440525085,-0.652438341639936,-0.2067264932762214,-128.1168553344983,8.773696493120735,2.2038653184634804,-1.2576517929723536,1.2107963629241851,1.959011701523707,1.4586542,0.7015074,742,0.7753396029258098,445651.1051677144,5696616.496715752,479.7800593953743,-0.1682980844634585,-0.652438341639936,-0.20672649329759452,-128.11685533465925,8.77369649426686,2.2038653191782642,-1.2576517931333058,1.210796364070319,1.9590117022384845,1.4586542,0.7015074,445651.2734657989,5696617.149154094,479.9867858886719,-126.85920354152594,7.562900130196543,0.24485361693977864,235,frame_000235.png
4000,4000,4000,976,0.244,710,0.7274590163934426,976,698,0.7151639344262295,445650.2041795935,5696615.572963819,479.7546466743953,-0.48956861620536074,-0.8895928096026182,-0.2014080131046967,-128.17922805135746,4.0281676420155765,1.821212351335701,-1.224506686547329,0.27075015245463874,1.5028238193050925,1.465096,0.71793044,698,0.7151639344262295,445650.20417959336,5696615.572963818,479.75464667437853,-0.48956861632177606,-0.8895928105339408,-0.2014080131214655,-128.17922805141382,4.0281676431489055,1.8212123516612932,-1.224506686603661,0.2707501535879828,1.5028238196306916,1.465096,0.71793044,445650.6937482097,5696616.4625566285,479.9560546875,-126.95472136481014,3.7574174895609302,0.3183885320306002,236,frame_000236.png
4000,4000,4000,929,0.23225,703,0.7567276641550054,929,638,0.6867599569429494,445648.24759547546,5696613.307891481,479.8143890373132,-0.28422220837092027,-0.5992351230233908,-0.10708923417115557,-127.90862961229517,-5.34135949435811,2.975835715514136,-1.2077991287807777,-0.6833513948960217,4.104134969724896,1.4458146,0.72874177,638,0.6867599569429494,445648.24759547535,5696613.3078914825,479.81438903735176,-0.2842222084873356,-0.5992351211607456,-0.10708923413261573,-127.9086296125141,-5.3413594984680515,2.975835711818755,-1.20779912899971,-0.6833513990059714,4.104134966029534,1.4458146,0.72874177,445648.53181768383,5696613.907126604,479.9214782714844,-126.7008304835144,-4.658008099462074,-1.128299254210774,237,frame_000237.png
4000,4000,4000,532,0.133,370,0.6954887218045113,532,357,0.6710526315789473,445647.7013049448,5696612.339725043,479.8063832129436,-0.38575634453445673,-1.047418505884707,-0.09559432611888496,-127.93042345457322,-9.340464454696875,3.639977887103988,-1.2234893589749731,0.3066299010652642,4.5992423967447,1.5115367,0.7655503,357,0.6710526315789473,445647.7013049439,5696612.339725048,479.80638321364074,-0.3857563454657793,-1.0474185002967715,-0.09559432542175728,-127.93042345592778,-9.340464469644001,3.6399778702098144,-1.2234893603295518,0.3066298861181167,4.599242379850523,1.5115367,0.7655503,445648.08706128935,5696613.387143549,479.9019775390625,-126.70693409559823,-9.647094355762126,-0.9592645096407056,238,frame_000238.png
4000,4000,4000,511,0.12775,381,0.7455968688845401,511,326,0.6379647749510763,445647.3849740326,5696612.110272257,479.80433626164984,-0.3055167057318613,-0.8203224809840322,-0.07807950983453793,-127.65254724747493,-13.969655483660555,3.230814621719974,-1.131201111217024,-0.3508201532981161,4.264657770419916,1.4600114,0.70786715,326,0.6379647749510763,445647.3849740325,5696612.110272255,479.80433626154723,-0.30551670579006895,-0.8203224828466773,-0.0780795099371403,-127.65254724693204,-13.969655477502412,3.230814626364865,-1.1312011106741409,-0.3508201471399559,4.264657775064819,1.4600114,0.70786715,445647.6904907383,5696612.930594738,479.8824157714844,-126.5213461362579,-13.61883533036245,-1.0338431486999522,239,frame_000239.png
4000,4000,4000,507,0.12675,364,0.717948717948718,507,353,0.6962524654832347,445647.14684622746,5696611.973388147,479.82159175591363,-0.22945120971417055,-0.5978398313745856,-0.036806681586369905,-127.58309911899218,-15.40211468896694,2.5972885508602954,-1.1494544095492074,-1.5825027826144549,3.200703241742332,1.4802645,0.7201533,353,0.6962524654832347,445647.1468462302,5696611.973388155,479.8215917553864,-0.22945120697841048,-0.5978398229926825,-0.036806682113592615,-127.58309911938375,-15.402114721825072,2.5972885395998557,-1.1494544099407449,-1.5825028154725942,3.2007032304819063,1.4802645,0.72015333,445647.3762974372,5696612.571227978,479.8583984375,-126.43364470944299,-13.819611906352478,-0.6034146908820397,240,frame_000240.png
4000,4000,4000,687,0.17175,437,0.636098981077147,687,442,0.6433770014556041,445646.9425158301,5696611.701935216,479.8077430601259,-0.045155540748964995,-0.44670864194631577,-0.038845074639709765,-127.70964679387066,-12.368370933177056,3.0950344090468795,-0.9734115802073688,-1.2047584600323376,4.107267368628442,1.4423751,0.73976666,442,0.6433770014556041,445646.9425158304,5696611.70193521,479.8077430605014,-0.04515554045792669,-0.4467086475342512,-0.03884507426420214,-127.70964679192824,-12.36837091509855,3.0950344244025256,-0.9734115782649155,-1.2047584419538282,4.1072673839840945,1.4423751,0.73976666,445646.98767137085,5696612.148643858,479.8465881347656,-126.7362352136633,-11.163612473144731,-1.0122329595815596,241,frame_000241.png
4000,4000,4000,785,0.19625,509,0.6484076433121019,785,550,0.7006369426751592,445646.85449152277,5696611.622125478,479.77924146465705,-0.04730699450010434,-0.4560806155204773,-0.0893498439367022,-127.9281278557446,-6.339387632217958,4.383739509553367,-0.9777997727672698,-1.7611704768368668,6.900778825260488,1.4498906,0.72393864,550,0.7006369426751592,445646.8544915231,5696611.622125478,479.7792414646583,-0.04730699415085837,-0.4560806155204773,-0.08934984393545164,-127.92812785555112,-6.339387633413567,4.383739510561061,-0.9777997725738032,-1.7611704780324828,6.900778826268208,1.4498906,0.72393864,445646.90179851727,5696612.078206094,479.86859130859375,-126.95032808297734,-4.578217155381087,-2.5170393157071334,242,frame_000242.png
4000,4000,4000,855,0.21375,484,0.5660818713450292,855,581,0.6795321637426901,445646.7053776639,5696611.614626859,479.7268297986316,-0.15218067960813642,-0.450419538654387,-0.146430699415248,-128.46664278501638,-3.7066261726516814,4.958095005509147,-1.2618004015375277,-0.47773713185549127,7.839529263557466,1.4971793,0.7283397,581,0.6795321637426901,445646.7053776626,5696611.614626857,479.72682979841045,-0.15218068088870496,-0.45041954051703215,-0.14643069963642574,-128.46664278557296,-3.7066261625944104,4.958095006737154,-1.2618004020941385,-0.477737121798242,7.839529264785455,1.4971793,0.7283397,445646.8575583435,5696612.065046398,479.8732604980469,-127.20484238347883,-3.2288890407961772,-2.8814342580483085,243,frame_000243.png
4000,4000,4000,817,0.20425,485,0.5936352509179926,817,548,0.6707466340269278,445646.7836044458,5696611.732839197,479.6144300114572,-0.059091737610287964,-0.35423157177865505,-0.2284960139334089,-128.5213753543567,-1.9180554585747445,4.756590912656353,-1.0337594330506477,-0.4605609335458496,7.449372483249874,1.4486443,0.74929154,548,0.6707466340269278,445646.7836044458,5696611.732839197,479.6144300114242,-0.059091737610287964,-0.35423157177865505,-0.22849601396643493,-128.52137535448472,-1.9180554565579544,4.756590914181835,-1.033759433178659,-0.4605609315290735,7.449372484775381,1.4486443,0.74929154,445646.8426961834,5696612.087070769,479.8429260253906,-127.48761592130607,-1.4574945250288824,-2.6927815705935347,244,frame_000244.png
4000,4000,4000,911,0.22775,595,0.6531284302963776,911,614,0.6739846322722283,445646.84268812096,5696611.752883126,479.36202487333514,-0.02824670117115602,-0.44875197298824787,-0.22397366182110545,-128.63074210959857,-0.5151454345823173,5.856629162137295,-1.1287007976379755,-0.3816095284943799,9.251528942091255,1.4905672,0.695446,614,0.6739846322722283,445646.84268812096,5696611.75288313,479.36202487368956,-0.02824670117115602,-0.4487519692629576,-0.22397366146668674,-128.6307421088873,-0.5151454451422378,5.856629153562757,-1.1287007969266938,-0.3816095390542955,9.25152893351671,1.4905672,0.695446,445646.87093482213,5696612.201635099,479.58599853515625,-127.5020413119606,-0.13353590608793464,-3.394899779953955,245,frame_000245.png
4000,4000,4000,1041,0.26025,756,0.7262247838616714,1041,708,0.6801152737752162,445646.94063798344,5696611.90131381,478.4224679918355,0.0033486023312434554,-0.4418488899245858,-0.5239126233988713,-128.31812589164545,-0.40777814685599895,5.098840046496658,-1.2112763824925707,-0.18835347450149698,7.719612882153768,1.4480374,0.7039196,708,0.6801152737752162,445646.94063798344,5696611.90131381,478.42246799180833,0.0033486023312434554,-0.4418488899245858,-0.5239126234260425,-128.31812589172503,-0.4077781457964766,5.0988400472376645,-1.2112763825721515,-0.1883534734419925,7.719612882894779,1.4480374,0.7039196,445646.9372893811,5696612.3431627,478.9463806152344,-127.10684950915288,-0.21942467235448834,-2.6207728356571205,246,frame_000246.png
4000,4000,4000,967,0.24175,646,0.6680455015511892,967,620,0.6411582213029989,445646.9329723982,5696612.1351684015,477.8147825727958,-0.053943344741128385,-0.2845660028979182,-0.6709046830635543,-127.5974864357484,-0.8169179930184025,4.501816041589586,-1.186604181608942,-0.5495698070538424,6.966558572199347,1.5354908,0.7559439,620,0.6411582213029989,445646.9329723975,5696612.1351684015,477.81478257291576,-0.053943345439620316,-0.2845660028979182,-0.6709046829436147,-127.59748643583254,-0.8169179931384756,4.50181603731953,-1.1866041816930988,-0.5495698071738957,6.966558567929297,1.535491,0.7559441,445646.9869157429,5696612.419734404,478.4856872558594,-126.41088225413945,-0.26734818596457355,-2.464742530609758,247,frame_000247.png
4000,4000,4000,1028,0.257,629,0.6118677042801557,1028,723,0.703307392996109,445647.0403888936,5696612.198799137,477.1237833152621,-0.05477503320435062,-0.3887687623500824,-0.33297327653480124,-126.35813954851152,0.4621667317303591,4.92224853343582,-1.172371183271082,-0.40819043556007273,7.74046769815763,1.4921827,0.7212033,723,0.703307392996109,445647.04038889357,5696612.198799132,477.12378331487355,-0.05477503326255828,-0.38876876700669527,-0.332973276923326,-126.35813954946303,0.4621667483713794,4.922248545465227,-1.172371184222584,-0.40819041891904817,7.740467710187033,1.4921827,0.7212033,445647.09516392683,5696612.587567899,477.4567565917969,-125.18576836524043,0.8703571672904415,-2.818219164721798,248,frame_000248.png
4000,4000,4000,1128,0.282,784,0.6950354609929078,1128,798,0.7074468085106383,445647.1656952094,5696612.279217067,476.4328848219673,0.00779368297662586,-0.39614617731422186,-0.4789804124076795,-125.94549945717898,2.0338708366582314,6.168729114843714,-1.447590389775371,-0.5807983662104448,9.727978950828032,1.4978906,0.71274173,798,0.7074468085106383,445647.16569520946,5696612.279217067,476.4328848219171,0.007793683034833521,-0.39614617731422186,-0.47898041245787226,-125.94549945739126,2.0338708389343805,6.168729116762987,-1.4475903899876528,-0.5807983639342922,9.727978952747321,1.4978906,0.7127418,445647.1579015264,5696612.6753632445,476.911865234375,-124.49790906740361,2.6146692028686784,-3.559249835984324,249,frame_000249.png
4000,4000,4000,1267,0.31675,885,0.6985003946329913,1267,874,0.6898184688239937,445647.2661272063,5696612.366558424,475.76325597281,0.029172057227697223,-0.39021968375891447,-0.6259957361743886,-126.42445627846969,4.388265622008408,3.959688966203051,-1.311095161843241,0.08355401859321887,5.560062667074675,1.5114837,0.731487,874,0.6898184688239937,445647.26612720627,5696612.366558424,475.76325597280425,0.029172057169489563,-0.39021968375891447,-0.6259957361801298,-126.42445627848302,4.388265622216364,3.9596889661536907,-1.3110951618565707,0.08355401880118052,5.560062667025306,1.5114837,0.731487,445647.2369551491,5696612.756778108,476.3892517089844,-125.11336111662645,4.304711603415176,-1.6003737008716248,250,frame_000250.png
4000,4000,4000,1159,0.28975,811,0.6997411561691113,1159,700,0.6039689387402933,445647.36062715045,5696612.475950795,475.17518990315017,0.04639057628810406,-0.3546849247068167,-0.6948662491935806,-127.12482884244412,2.9711135338009766,3.524515850126476,-1.290687023385658,-0.12668979650285905,4.821698024279584,1.5586095,0.7476846,700,0.6039689387402933,445647.3606271509,5696612.475950795,475.1751899030742,0.046390576753765345,-0.3546849247068167,-0.6948662492695235,-127.12482884239668,2.9711135329794436,3.5245158528979648,-1.2906870233381937,-0.12668979732438856,4.82169802705107,1.5586095,0.7476846,445647.31423657417,5696612.83063572,475.87005615234375,-125.83414181905847,3.097803330303838,-1.2971821741531182,251,frame_000251.png
4000,4000,4000,1352,0.338,1043,0.7714497041420119,1352,813,0.6013313609467456,445647.47608611657,5696612.61175438,474.2987979621416,-0.032633001159410924,-0.3883245401084423,-0.3539425163740475,-127.51578892204857,6.047486422134681,2.769627078954885,-1.225009013095189,0.13223928844223565,3.5740098813016914,1.5392498,0.70769835,813,0.6013313609467456,445647.4760861162,5696612.611754381,474.2987979621396,-0.03263300150865689,-0.38832453917711973,-0.353942516376037,-127.51578892190453,6.047486422412911,2.7696270761587685,-1.2250090129511477,0.13223928872045576,3.574009878505592,1.5392498,0.70769835,445647.50871911773,5696613.00007892,474.6527404785156,-126.29077990895338,5.915247133692446,-0.8043828023468155,252,frame_000252.png
4000,4000,4000,1297,0.32425,943,0.7270624518118736,1297,816,0.6291441788743254,445647.53360873874,5696612.622065826,474.0585977028724,-0.01567496918141842,-0.3996495772153139,-0.3488730002525813,-127.95454701383268,5.083162799512504,1.980378513871976,-1.2302447445953817,-0.13332941292233613,1.8185236917451562,1.5111566,0.724232,816,0.6291441788743254,445647.5336087388,5696612.622065826,474.0585977028803,-0.015674969123210758,-0.3996495772153139,-0.34887300024468004,-127.95454701383304,5.083162799360107,1.9803785141197312,-1.2302447445957512,-0.13332941307473334,1.8185236919929082,1.5111566,0.724232,445647.5492837079,5696613.021715404,474.407470703125,-126.72430226923728,5.216492212434837,0.16185482212680968,253,frame_000253.png
4000,4000,4000,1275,0.31875,960,0.7529411764705882,1275,765,0.6,445647.5355378324,5696612.552034207,473.9354196345367,0.00531309301732108,-0.4700527209788561,-0.21585600022893914,-121.17833295028558,4.405251585407701,2.7507494420889707,-0.4997243090894301,-0.019439231467032414,3.4298189062466236,1.5478954,0.71040726,765,0.6,445647.5355378323,5696612.552034207,473.93541963459575,0.005313092900905758,-0.4700527209788561,-0.21585600016987883,-121.17833295010374,4.405251584015126,2.7507494405957886,-0.499724308907588,-0.01943923285961091,3.429818904753432,1.5478954,0.71040726,445647.5302247394,5696613.022086928,474.1512756347656,-120.67860864119615,4.42469081687474,-0.6790694641576549,254,frame_000254.png
4000,4000,4000,1029,0.25725,717,0.6967930029154519,1029,595,0.5782312925170068,445647.5052880297,5696612.433650727,474.066185038822,0.37850390427047387,-0.28702087234705687,-0.1818923537560977,-57.94642582654575,2.0392283843953956,3.9574934869577834,-4.751361040426048,-0.47376445637993925,4.875257533410519,1.5052893,0.7030602,595,0.5782312925170068,445647.50528802455,5696612.433650727,474.06618503939643,0.3785038991481997,-0.28702087234705687,-0.18189235318169494,-57.94642582800634,2.0392283671564773,3.9574934570602154,-4.751361041886639,-0.4737644736188429,4.875257503512955,1.5052893,0.7030602,445647.1267841254,5696612.7206716,474.2480773925781,-53.1950647861197,2.5129928407753233,-0.91776404645274,255,frame_000255.png
4000,4000,4000,1074,0.2685,865,0.8054003724394786,1074,659,0.6135940409683427,445647.4348360152,5696612.379559073,474.08377036158504,0.3621077105635777,-0.043065670877695084,-0.1818851559930863,-38.94355255375866,1.0664529931117073,2.282672960304075,-0.6718986464940144,-0.9739160788164725,2.512751804144415,1.9731145,0.8791301,659,0.6135940409683427,445647.45968238247,5696612.34508207,474.0780626805279,0.3869540778105147,-0.07754267379641533,-0.1875928370502038,-38.93865488657698,1.3638870019410894,2.2441597969750635,-0.6670009793123484,-0.6764820699870882,2.4742386408154005,1.5266709,0.7120027,445647.07272830466,5696612.422624744,474.2656555175781,-38.27165390726463,2.040369071928189,-0.23007884384033955,256,frame_000256.png
4000,4000,4000,1204,0.301,896,0.7441860465116279,1204,717,0.595514950166113,445647.5807663443,5696612.34366947,474.08445915374375,0.47914142842637375,-0.014412391930818558,-0.1861402114906241,-32.88678359951293,1.8834435291196758,1.9787519709254489,-1.2141336258519857,-0.18482046149068765,1.5705596733515392,1.5139263,0.7337913,717,0.595514950166113,445647.58076634386,5696612.34366947,474.0844591537112,0.47914142796071246,-0.014412391930818558,-0.18614021152319538,-32.88678359965051,1.8834435265234868,1.9787519691666713,-1.2141336259895468,-0.1848204640868687,1.570559671592747,1.5139263,0.7337913,445647.1016249159,5696612.358081862,474.2705993652344,-31.672649973660953,2.0682639906103506,0.40819229757392195,257,frame_000257.png
4000,4000,4000,1002,0.2505,738,0.7365269461077845,1002,640,0.6387225548902196,445647.57003287814,5696612.452799017,474.0672603362722,0.415526571450755,0.08911383990198374,-0.18151896060277295,-32.25494321203906,2.2964290281811546,-1.8119858862190008,-1.2586526271927312,-0.9928573218731742,-5.676966858599258,8.772154,1.2388018,640,0.6387225548902196,445647.61866027035,5696612.396863892,474.0697835151987,0.46415396366501227,0.03317871503531933,-0.17899578167629215,-32.24301897624079,2.9028003894569503,-1.7079696451680015,-1.2467283913944698,-0.38648596059735496,-5.572950617548258,1.584787,0.75623715,445647.1545063067,5696612.363685177,474.248779296875,-30.996290584846328,3.2892863500543172,3.864980972380263,258,frame_000258.png
4000,4000,4000,1066,0.2665,840,0.7879924953095685,1066,614,0.575984990619137,445646.4058411378,5696614.65951732,474.1891682894741,-0.823591819498688,2.2755864756181836,-0.07145182771341752,-31.669245891564305,-10.43457113376977,7.162305403939135,-0.8344001913212651,-15.75295589304099,3.8314186735007354,12.4783325,7.3502965,614,0.575984990619137,445647.6681037584,5696612.409497433,474.0798924346374,0.4386708011152223,0.02556658908724785,-0.1807276825501276,-32.119939074978085,4.9058017447447675,-1.1430383561835862,-1.2850933747350268,-0.4125830145264615,-4.473925086621961,1.5021515,0.69949913,445647.2294329573,5696612.383930844,474.2606201171875,-30.83484570024305,5.3183847592712254,3.330886730438388,259,frame_000259.png
4000,4000,4000,1043,0.26075,851,0.8159156279961649,1043,624,0.5982742090124641,445647.77858203446,5696612.393560253,474.08036443126286,0.4984897134709172,0.02496250905096531,-0.19798639881526015,-32.01331638883491,7.8425745205080695,-0.5100292053486645,-1.3076364880230926,-0.24711713656381562,-3.484337648294172,1.5317669,0.7422735,624,0.5982742090124641,445647.7785820344,5696612.393560253,474.0803644312679,0.49848971341270953,0.02496250905096531,-0.19798639881020108,-32.013316388846086,7.842574520364364,-0.5100292053099634,-1.3076364880342624,-0.24711713670751578,-3.4843376482554618,1.5317669,0.7422735,445647.280092321,5696612.368597744,474.2783508300781,-30.705679900811823,8.089691657071885,2.974308442945495,260,frame_000260.png
4000,4000,4000,1136,0.284,986,0.8679577464788732,1136,644,0.5669014084507042,445516.5661840914,5698089.831449083,1775.1728494702402,-130.78801426122664,1477.4990211678669,1300.8713968335214,-58.4182551230307,-50.26585048891937,-152.93907273379355,-27.78911527364255,-61.85922881724987,-156.19398056794668,350.33633,150.26303,644,0.5669014084507042,445647.77641929523,5696612.314227244,474.0722718296968,0.4222209426225163,-0.018200671300292015,-0.2291808070220327,-32.016418507557866,10.887223794906822,-1.2368097965039229,-1.3872786581697198,-0.7061545334236712,-4.491717630657035,1.5648297,0.7560223,445647.3541983526,5696612.332427915,474.3014526367188,-30.62913984938814,11.593378328330504,3.254907834153121,261,frame_000261.png
4000,4000,4000,1319,0.32975,816,0.6186504927975739,1319,799,0.6057619408642911,445648.5902095461,5696611.841153857,474.1142568361333,0.5510993959615007,-0.05079703964293003,-0.1941843259760958,-32.64100366031103,4.014067412360229,-0.19011534390813092,-1.4339850882510063,-0.34444470001236027,-2.597807679368941,1.5200129,0.70447046,799,0.6057619408642911,445648.59020954627,5696611.841153857,474.1142568361402,0.5510993961361237,-0.05079703964293003,-0.1941843259691609,-32.64100366027818,4.01406741362182,-0.1901153437009952,-1.4339850882181508,-0.34444469875077743,-2.5978076791618037,1.5200129,0.70447046,445648.03911015013,5696611.891950897,474.3084411621094,-31.20701857206002,4.358512112372602,2.4076923354608066,262,frame_000262.png
4000,4000,4000,1264,0.316,774,0.6123417721518988,1264,841,0.6653481012658228,445649.2867782723,5696611.5265549505,474.114409483469,0.44610585377085954,0.15673569217324257,-0.1347360243435105,-33.26607973908556,-7.556828436008098,0.5713052588932613,-1.4154625220283776,-1.4616806004471812,-1.7304820256936182,2.3631341,1.2146933,841,0.6653481012658228,445649.36035315815,5696611.3751498265,474.1300351537795,0.5196807396132499,0.005330568179488182,-0.11911035403301184,-33.34738861183707,-6.5939195929025525,0.048062095849419,-1.49677139477987,-0.49877175734164325,-2.2537251887374623,1.511774,0.72457284,445648.84067241853,5696611.369819258,474.2491455078125,-31.850617217057195,-6.09514783556091,2.3017872845868697,263,frame_000263.png
4000,4000,4000,1202,0.3005,836,0.6955074875207987,1202,783,0.651414309484193,445649.4107957182,5696611.326660181,474.11366707236925,0.48210174829000607,0.009271194227039814,-0.16212028114637178,-32.8980742755241,-1.6913936254636173,-0.24079092905025867,-1.4101934149062458,-0.7528396202035879,-2.6608392226286526,1.5331136,0.7084264,783,0.651414309484193,445649.4107957187,5696611.326660181,474.11366707238534,0.482101748813875,0.009271194227039814,-0.1621202811302851,-32.89807427541541,-1.691393622049423,-0.24079092765777063,-1.4101934147975328,-0.7528396167894016,-2.6608392212361593,1.5331136,0.7084264,445648.9286939699,5696611.317388987,474.2757873535156,-31.48788086061787,-0.9385540052600241,2.4200482935783874,264,frame_000264.png
4000,4000,4000,1336,0.334,866,0.6482035928143712,1336,838,0.6272455089820359,445366.41306147136,5696201.720404041,2195.1749013814247,-282.5822033590521,-409.5640354966745,1720.9045766743934,-30.34105157827247,-1.2052473059378088,-13.93021587953707,1.0287827867786064,0.33005819243621204,-16.62781187172729,522.8897,191.16887,838,0.6272455089820359,445649.5445781189,5696611.27657205,474.1194386068789,0.5493132884730585,-0.007867488078773022,-0.15088610015243376,-32.87898501319938,-2.195959376774629,-0.2777604352417459,-1.5091506481483066,-0.6606538784006091,-2.9753564274319615,1.4769965,0.69368136,445648.9952648304,5696611.284439538,474.2703247070313,-31.36983436505109,-1.5353054983740144,2.6975959921902155,265,frame_000265.png
4000,4000,4000,1348,0.337,804,0.5964391691394659,1348,837,0.620919881305638,446135.41638516966,5695237.850697601,2722.803150763728,486.3303717333474,-1373.3724388862029,2248.5181776191966,-86.04241303060923,32.400944401457636,10.171785773022952,-54.822015414852515,31.44606314540465,7.861703480800969,554.62445,196.77316,837,0.620919881305638,445649.57650780136,5696611.203414527,474.10681767206376,0.4904943650471978,-0.01972196064889431,-0.1781554724675516,-32.63711214148663,0.874438561551079,-0.12910989811184698,-1.4167145257299296,-0.08044269450189745,-2.439192190333813,1.5077679,0.7345744,445649.0860134363,5696611.223136487,474.2849731445313,-31.220397615756706,0.9548812560529722,2.3100822922219773,266,frame_000266.png
4000,4000,4000,1282,0.3205,979,0.7636505460218409,1282,797,0.6216848673946958,445649.6026157817,5696611.190507192,474.11087088286195,0.5061111884424463,-0.02660632785409689,-0.17013497651305443,-32.71789670227902,0.6454078015441204,0.06017762833930856,-1.4797013020180998,-0.003821689717284471,-2.125726730263011,1.4973127,0.72069657,797,0.6216848673946958,445649.6026157817,5696611.190507192,474.110870882862,0.5061111884424463,-0.02660632785409689,-0.17013497651299758,-32.717896702279944,0.6454078015139793,0.060177628319186716,-1.4797013020190093,-0.0038216897474399047,-2.1257267302831337,1.4973127,0.72069657,445649.09650459327,5696611.21711352,474.281005859375,-31.238195400260935,0.6492294912614067,2.185904358602319,267,frame_000267.png
4000,4000,4000,1375,0.34375,967,0.7032727272727273,1375,838,0.6094545454545455,445649.59021341626,5696611.2155298,474.10851560643925,0.47878673259401694,0.006567512638866901,-0.17386354395137005,-32.681479187339704,0.5901068959220753,-0.0662073069694548,-1.4213786121837302,-0.19709685111669728,-2.484315929263971,1.5052959,0.70948195,838,0.6094545454545455,445649.59021341626,5696611.2155298,474.10851560639736,0.47878673259401694,0.006567512638866901,-0.17386354399326365,-32.681479187423406,0.5901068979801122,-0.06620731022184817,-1.4213786122674321,-0.19709684905865288,-2.4843159325163526,1.5052959,0.70948195,445649.11142668367,5696611.208962288,474.2823791503906,-31.260100575155978,0.78720374703877,2.4181086222945067,268,frame_000268.png
4000,4000,4000,1288,0.322,913,0.7088509316770186,1288,876,0.6801242236024845,445649.5547045773,5696611.223521383,474.12076188943934,0.45134424237767234,0.028513755649328232,-0.1663780031387887,-32.669953172954465,0.4276523598765526,0.6525921609025583,-1.5028746444655212,-0.46116246636987057,-1.0967920887188711,1.5289006,0.70553863,876,0.6801242236024845,445649.5548013454,5696611.2234177925,474.12079407286535,0.45144101046025753,0.028410165570676327,-0.16634581971277385,-32.66981428874911,0.4287442312678199,0.6528048520543963,-1.5027357602601512,-0.46007059497858904,-1.0965793975670408,1.5291709,0.7047817,445649.10336033494,5696611.195007627,474.2871398925781,-31.167078528488954,0.8888148262464176,1.7493842496214234,269,frame_000269.png
4000,4000,4000,1311,0.32775,828,0.631578947368421,1311,828,0.631578947368421,445649.5061886233,5696611.216465423,474.11538065215865,0.45791103661758825,-0.0011175582185387611,-0.18167745331015794,-33.14513449378371,1.1197586777006032,0.02651928549450962,-1.5587990740540363,-0.24825322332517885,-2.16705914699682,1.4875966,0.7201039,828,0.631578947368421,445649.50618863764,5696611.216465423,474.11538065256974,0.45791105093667284,-0.0011175582185387611,-0.18167745289906634,-33.145134491823576,1.1197587546489887,0.0265193369482032,-1.5587990720939047,-0.24825314637678275,-2.1670590955431237,1.4875968,0.7201039,445649.0482775867,5696611.217582981,474.2970581054688,-31.58633541972968,1.3680119010257712,2.1935784324913374,270,frame_000270.png
4000,4000,4000,1397,0.34925,850,0.6084466714387974,1397,889,0.6363636363636364,445649.5324302271,5696611.220251979,474.1138582121189,0.4984529559733346,-0.011706642806529999,-0.1782560456936153,-33.043027032555486,1.3568362684956754,0.615534457964801,-1.5301647404095888,-0.02712386342008699,-1.160858885801133,1.5169162,0.7273106,889,0.6363636363636364,445649.53243033413,5696611.2202519905,474.11385821218937,0.49845306301722303,-0.011706631630659103,-0.17825604562312947,-33.043027009819525,1.3568368138630869,0.6155348905584621,-1.530164717673614,-0.02712331805267354,-1.1608584532074815,1.516916,0.7273105,445649.0339772711,5696611.231958622,474.2921142578125,-31.51286229214591,1.3839601319157562,1.7763933437659434,271,frame_000271.png
4000,4000,4000,1411,0.35275,851,0.6031183557760453,1411,888,0.6293408929836996,445649.4787462113,5696611.240821191,474.1291561232919,0.49791755876503885,-0.0005582235753536224,-0.17955969702057928,-32.942104568429514,1.680786321876906,0.9331839691968663,-1.5897136770612406,-0.10617217205199836,-0.591558895169328,1.5153443,0.7358638,888,0.6293408929836996,445649.4787462115,5696611.240821191,474.1291561232928,0.4979175589978695,-0.0005582235753536224,-0.17955969701972663,-32.94210456838829,1.680786323388647,0.9331839695998952,-1.589713677020029,-0.10617217054027606,-0.5915588947662798,1.5153443,0.7358638,445648.9808286525,5696611.241379415,474.3087158203125,-31.352390891368263,1.7869584939289112,1.524742864366182,272,frame_000272.png
4000,4000,4000,1295,0.32375,888,0.6857142857142857,1295,780,0.6023166023166023,445649.4232011976,5696611.282163932,474.11902329095585,0.4491519688745029,0.036338070407509804,-0.19503310552852327,-32.887772966968505,1.8692234088607305,0.8474664140545999,-1.57753385500925,-0.4389855567189045,-0.7727452552821887,1.5046612,0.69810706,780,0.6023166023166023,445649.42320118606,5696611.282163929,474.11902329106726,0.44915195734938607,0.03633806761354208,-0.19503310541711016,-32.887772967413845,1.869223356563345,0.8474663567160456,-1.5775338554545897,-0.43898560901629935,-0.7727453126207422,1.5046608,0.69810694,445648.9740492287,5696611.245825862,474.3140563964844,-31.310239111959266,2.308208965579641,1.6202116693367994,273,frame_000273.png
4000,4000,4000,1246,0.3115,787,0.6316211878009631,1246,845,0.6781701444622793,445649.42968609976,5696611.264388018,474.1264172404269,0.45834642503177747,0.012921960093080997,-0.18589965410438936,-32.77999688005188,1.773232177421608,0.9824560590169906,-1.5828639442071903,-0.29619895180894673,-0.4048117773515685,1.5083672,0.7282818,845,0.6781701444622793,445649.4296860979,5696611.264388018,474.12641724035143,0.4583464231691323,0.012921960093080997,-0.18589965417987742,-32.77999688007183,1.773232167197527,0.9824560527347995,-1.5828639442271424,-0.2961989620330314,-0.404811783633761,1.5083672,0.7282818,445648.9713396747,5696611.251466058,474.3123168945313,-31.197132935844685,2.0694311292305634,1.3872678363685595,274,frame_000274.png
4000,4000,4000,1136,0.284,870,0.7658450704225352,1136,711,0.6258802816901409,445649.4181012141,5696611.259058985,474.12100136625173,0.4449856001883745,0.004045257344841957,-0.19140708101389237,-32.80143029917314,1.2932116921517847,0.5765267048019636,-1.5997838821880066,-0.390796214907283,-1.1067028717098708,1.4763187,0.70527595,711,0.6258802816901409,445649.41810121294,5696611.259058985,474.12100136631665,0.4449855990242213,0.004045257344841957,-0.19140708094897718,-32.8014302994319,1.2932116863654122,0.5765266995655609,-1.5997838824467578,-0.3907962206936588,-1.1067028769462866,1.4763187,0.70527595,445648.9731156139,5696611.255013728,474.3124084472656,-31.201646416985135,1.6840079070590626,1.6832295765118446,275,frame_000275.png
4000,4000,4000,1218,0.3045,811,0.6658456486042693,1218,754,0.6190476190476191,446289.51822533476,5695868.531435183,467.5288667841117,640.532699838106,-742.7325337016955,-6.777194006903926,48.17384771824587,61.79629683826117,-96.57238533611964,79.50648117769555,60.10495679815091,-98.68580723038627,473.75256,177.68193,754,0.6190476190476191,445649.45641734445,5696611.243654654,474.12682662305434,0.47089184779906645,-0.02031423058360815,-0.17923416796128322,-32.96129993836562,1.5553403535832038,0.08693566537935953,-1.6286664789159317,-0.1359996865270432,-2.026486228887279,1.5134394,0.7136146,445648.98552549665,5696611.263968885,474.3060607910156,-31.33263345944968,1.6913400401102487,2.1134218942666436,276,frame_000276.png
4000,4000,4000,1342,0.3355,868,0.646795827123696,1342,803,0.5983606557377049,445649.4668572975,5696611.283591827,474.1155155171909,0.4774026616360061,0.016753931529819965,-0.19075889687161407,-32.88352016043941,1.7869700316727157,0.19297356217545217,-1.5618569135419307,-0.2033071334327019,-2.0271321246562763,1.529752,0.7319282,803,0.5983606557377049,445649.46685729746,5696611.283591827,474.11551551719066,0.4774026615777984,0.016753931529819965,-0.19075889687184144,-32.88352016043782,1.7869700314211736,0.19297356221287085,-1.561856913540339,-0.20330713368423403,-2.0271321246188734,1.529752,0.7319282,445648.9894546359,5696611.266837896,474.3062744140625,-31.32166324689747,1.9902771651054156,2.2201056868317357,277,frame_000277.png
4000,4000,4000,1281,0.32025,907,0.7080405932864949,1281,798,0.6229508196721312,445650.4765366634,5696610.587144515,474.1100780074359,1.4805084902909584,-0.6838118266314268,-0.19451793982972276,-31.535971694664156,9.230514790843104,-0.007808051589017922,-0.3000606612910133,7.4965446811720255,-1.7849522919939034,16.77906,7.4772987,798,0.6229508196721312,445649.45319531386,5696611.297252174,474.1176235345251,0.45716714073205367,0.026295832358300686,-0.18697241274054477,-32.8527395038721,1.318187863432257,0.6336346352201171,-1.616828470498973,-0.41578224623881965,-1.1435096051847609,1.4631556,0.72398853,445648.99602817313,5696611.270956341,474.3045959472656,-31.23591103337313,1.733970109671085,1.777144240404874,278,frame_000278.png
4000,4000,4000,1403,0.35075,884,0.6300784034212402,1403,855,0.609408410548824,445649.4822899409,5696611.28022335,474.1226025096928,0.47213810676475987,0.011402216739952564,-0.17320437507282804,-32.84447698857725,1.4864673501165462,0.4031612228967632,-1.6095025774441183,-0.245329351102896,-1.5772130696751674,1.4550759,0.6966273,855,0.609408410548824,445649.4822899409,5696611.28022335,474.12260250969706,0.47213810676475987,0.011402216739952564,-0.1732043750685648,-32.844476988546255,1.486467350173484,0.4031612234810235,-1.6095025774131102,-0.2453293510459389,-1.5772130690909023,1.4550759,0.6966273,445649.0101518341,5696611.268821133,474.2958068847656,-31.234974411133145,1.7317967012194329,1.9803742925719265,279,frame_000279.png
4000,4000,4000,1286,0.3215,940,0.7309486780715396,1286,845,0.6570762052877138,445649.4730809665,5696611.293474654,474.1227416523009,0.4613406986463815,0.02671164460480213,-0.1727905742616258,-32.759639217278995,1.5124430320134898,0.5509346229142579,-1.6088465255314475,-0.3353739047490478,-1.2830619188438277,1.5048207,0.7022935,845,0.6570762052877138,445649.47308096586,5696611.293474654,474.12274165229445,0.4613406980060972,0.02671164460480213,-0.1727905742680491,-32.759639217410324,1.5124430289909248,0.5509346197785775,-1.6088465256627842,-0.33537390777161136,-1.2830619219795096,1.5048207,0.7022935,445649.01174026786,5696611.266763009,474.2955322265625,-31.150792691747544,1.84781693676253,1.8339965417580875,280,frame_000280.png
4000,4000,4000,1350,0.3375,897,0.6644444444444444,1350,830,0.6148148148148148,445649.5461242183,5696611.304640599,474.1144401813446,0.5276532305288129,0.038321277126669884,-0.1778266643585198,-32.92443596565294,1.895965657271097,0.28342166812243547,-1.6269659037195936,-0.033510423558112734,-2.072549487681698,1.4762723,0.7117501,830,0.6148148148148148,445649.54612421937,5696611.304640599,474.11444018132255,0.5276532315765508,0.038321277126669884,-0.17782666438057504,-32.92443596544935,1.8959656623910175,0.28342167263525647,-1.626965903516009,-0.033510418438197576,-2.0725494831688707,1.4762723,0.7117501,445649.0184709878,5696611.2663193215,474.2922668457031,-31.297470061933346,1.9294760808292069,2.355971155804131,281,frame_000281.png
4000,4000,4000,1309,0.32725,845,0.6455309396485867,1309,870,0.6646294881588999,445649.48353411135,5696611.2734341,474.11008069066463,0.4625988997868262,0.005414042621850967,-0.18377306910099378,-33.15590303365414,1.08561971997397,-0.5788184995092726,-1.6125687196011995,-0.3296708978503773,-3.3781004353223523,1.473759,0.69697374,870,0.6646294881588999,445649.4835341121,5696611.273434098,474.1100806906688,0.4625989005435258,0.005414040759205818,-0.1837730690968442,-33.155903033420415,1.0856197289216307,-0.5788185036423248,-1.6125687193674878,-0.32967088890271157,-3.3781004394553804,1.473759,0.69697374,445649.02093521156,5696611.268020057,474.2938537597656,-31.543334314052938,1.415290617824347,2.7992819358130676,282,frame_000282.png
4000,4000,4000,1322,0.3305,845,0.6391830559757943,1322,917,0.6936459909228442,445649.50041589164,5696611.27077431,474.11347813934384,0.46584802557481453,0.010269827209413052,-0.1746993508905348,-32.97268825431664,1.556591962051639,0.3494548361044744,-1.5969391285694883,-0.3086387012700129,-1.5943080607643196,1.4908787,0.72292185,917,0.6936459909228442,445649.5004158915,5696611.27077431,474.11347813934026,0.4658480254583992,0.010269827209413052,-0.17469935089411592,-32.97268825433489,1.5565919612430386,0.3494548358697565,-1.596939128587735,-0.30863870207861055,-1.594308060999026,1.4908787,0.72292185,445649.03456786607,5696611.260504483,474.2881774902344,-31.37574912574714,1.8652306633216484,1.9437628968687863,283,frame_000283.png
4000,4000,4000,1415,0.35375,858,0.6063604240282685,1415,867,0.6127208480565371,445649.536504422,5696611.272657232,474.10538617238313,0.4890927087399177,0.01073282491415739,-0.17870196238249036,-33.09938036635464,1.6959139039075655,-1.253973099850266,-1.6464303564572447,-0.11077075100374145,-4.870881180280151,1.5010117,0.71364427,867,0.6127208480565371,445649.5365044235,5696611.272657231,474.1053861723816,0.48909271019510925,0.010732823982834816,-0.17870196238402514,-33.09938036611375,1.6959139146375406,-1.253973098824607,-1.6464303562163707,-0.11077074027377876,-4.870881179254496,1.5010117,0.71364427,445649.0474117133,5696611.261924407,474.2840881347656,-31.45295000989738,1.8066846549113098,3.6169080804298925,284,frame_000284.png
4000,4000,4000,1308,0.327,863,0.6597859327217125,1308,896,0.6850152905198776,445649.5104907024,5696611.288846801,474.1086781526902,0.4585784366936423,0.02581824641674757,-0.16979474770045044,-32.97765508351274,1.2461956274849455,-0.781629956827085,-1.6018043922078107,-0.3943496364730379,-3.9329599278225658,1.4864908,0.692295,896,0.6850152905198776,445649.51049070386,5696611.2888468,474.10867815272945,0.4585784381488338,0.025818245485424995,-0.16979474766117164,-32.97765508338068,1.2461956378637453,-0.7816299550524318,-1.6018043920757634,-0.3943496260942254,-3.9329599260479142,1.4864908,0.692295,445649.0519122657,5696611.263028555,474.2784729003906,-31.37585069130492,1.6405452639579794,3.1513299709954894,285,frame_000285.png
4000,4000,4000,1300,0.325,884,0.68,1300,830,0.6384615384615384,445649.51296658,5696611.301414018,474.1044838712782,0.4543855945812538,0.032322303391993046,-0.18170997637804476,-32.94737930297131,2.4416856978735497,-0.7253816831931698,-1.657854835342988,-0.3510717458604802,-3.8674690506926197,1.4897242,0.68062365,830,0.6384615384615384,445649.5129665797,5696611.301414018,474.1044838712522,0.4543855942902155,0.032322303391993046,-0.1817099764040222,-32.94737930300252,2.441685696786583,-0.7253816852611255,-1.657854835374195,-0.35107174694744003,-3.8674690527605833,1.4897242,0.68062365,445649.0585809854,5696611.269091714,474.28619384765625,-31.28952446762833,2.7927574437340295,3.1420873674994576,286,frame_000286.png
4000,4000,4000,1202,0.3005,770,0.6405990016638935,1202,724,0.6023294509151415,445649.53161528683,5696611.339212577,474.0997846932688,0.47309945832239464,0.06286304164677858,-0.17566696688743377,-32.68422970572646,2.110808285374737,-1.5954359177942818,-1.635463636443717,-0.3382957041712018,-5.800002221484107,1.5598909,0.75294316,724,0.6023294509151415,445649.53161528683,5696611.339212578,474.0997846932717,0.47309945832239464,0.06286304257810116,-0.17566696688453476,-32.68422970573438,2.110808284478656,-1.5954359166295813,-1.6354636364516466,-0.33829570506728146,-5.8000022203194135,1.5598909,0.75294316,445649.0585158285,5696611.276349535,474.27545166015625,-31.04876606928273,2.449103989545932,4.204566303689834,287,frame_000287.png
4000,4000,4000,1234,0.3085,781,0.63290113452188,1234,745,0.6037277147487844,445649.5213088504,5696611.275837169,474.1000426356214,0.448519162775483,-0.009450891055166721,-0.16314095812862206,-32.6538742437887,1.6280250075408396,-2.115840656251788,-1.640679032682641,-0.29256018386072924,-6.279706128923408,1.5336927,0.7290595,745,0.6037277147487844,445649.5213088505,5696611.275837169,474.1000426356161,0.4485191628918983,-0.009450891055166721,-0.1631409581339085,-32.65387424377077,1.6280250078543756,-2.1158406558373013,-1.640679032664707,-0.29256018354718094,-6.279706128508934,1.5336927,0.7290595,445649.0727896876,5696611.28528806,474.26318359375,-31.013195211106066,1.9205851914015653,4.163865472671623,288,frame_000288.png
4000,4000,4000,1317,0.32925,815,0.618830675778284,1317,832,0.6317388003037205,445649.57818275667,5696611.316451045,474.0903522493056,0.47558743081754074,0.023181895725429058,-0.16794853194437565,-32.67578249401397,1.0366207895733306,-1.8841537999473208,-1.61831717599037,-0.30090534426801696,-6.126976523358479,1.4773294,0.6968337,832,0.6317388003037205,445649.5781827566,5696611.316451045,474.0903522492794,0.4755874307593331,0.023181895725429058,-0.16794853197058046,-32.675782494024034,1.036620790678408,-1.8841538026945608,-1.6183171760004313,-0.30090534316292405,-6.126976526105722,1.4773294,0.6968337,445649.10259532585,5696611.293269149,474.25830078125,-31.057465318023603,1.3375261338413438,4.242822723411152,289,frame_000289.png
4000,4000,4000,1183,0.29575,771,0.6517328825021133,1183,769,0.6500422654268808,445649.59435495874,5696611.302812732,474.09171500764774,0.48038196470588446,0.00897929910570383,-0.1613977853210713,-32.81869229135091,0.5527502726429747,-2.032308094414089,-1.5934962530898815,-0.24475908150790815,-6.353770907043781,1.4692827,0.6773568,769,0.6500422654268808,445649.5943549582,5696611.302812732,474.0917150076048,0.4803819641820155,0.00897929910570383,-0.16139778536398808,-32.81869229143828,0.5527502697115263,-2.0323080958304316,-1.5934962531772499,-0.24475908443935168,-6.35377090846012,1.4692827,0.6773568,445649.11397299403,5696611.293833433,474.2531127929688,-31.225196038261032,0.7975093541508822,4.321462812629685,290,frame_000290.png
4000,4000,4000,1257,0.31425,822,0.6539379474940334,1257,811,0.645186953062848,445649.6044133316,5696611.299281154,474.08358982911733,0.47912589192856103,0.0055281249806284904,-0.17104884275767063,-32.830475830113606,0.9194033401223081,-1.667055744953056,-1.6122260445187635,-0.2046940804115991,-5.668113867139368,1.5066468,0.7171678,811,0.645186953062848,445649.60441332735,5696611.299281153,474.0835898290053,0.4791258876794018,0.005528124049305916,-0.171048842869709,-32.83047583114397,0.919403321410004,-1.6670557666131955,-1.6122260455491357,-0.20469409912391257,-5.668113888799525,1.5066468,0.7171678,445649.1252874397,5696611.293753029,474.254638671875,-31.218249785594846,1.1240974205339131,4.001058122186322,291,frame_000291.png
4000,4000,4000,1328,0.332,799,0.6016566265060241,1328,864,0.6506024096385542,445649.6199523303,5696611.2744978955,474.09137401148763,0.48613434412982315,-0.004531350918114185,-0.17101612523117637,-32.573115791928736,1.1939037230136855,-1.6423058230595995,-1.621530264595009,-0.18262854014702157,-5.523560906158764,1.4801763,0.7014261,864,0.6506024096385542,445649.61995233013,5696611.2744978955,474.091374011449,0.48613434395520017,-0.004531350918114185,-0.1710161252698299,-32.573115792041285,1.1939037233975933,-1.6423058257188008,-1.621530264707559,-0.18262853976310112,-5.523560908817956,1.4801763,0.7014261,445649.1338179862,5696611.279029246,474.2623901367188,-30.95158552733373,1.3765322631607022,3.8812550830991563,292,frame_000292.png
4000,4000,4000,1196,0.299,799,0.6680602006688964,1196,781,0.653010033444816,445649.6084479466,5696611.304775046,474.09568587231325,0.4731975872418843,0.029932642355561256,-0.1679860026867459,-32.51508001194787,0.8442074987936221,-1.4211718537578208,-1.6319287592316698,-0.3502828660053865,-5.201092628352143,1.4333049,0.6936713,781,0.653010033444816,445649.60844794626,5696611.304775046,474.09568587234594,0.47319758689263836,0.029932642355561256,-0.16798600265406094,-32.51508001211506,0.8442074959508857,-1.4211718527779584,-1.6319287593988463,-0.3502828688481259,-5.201092627372276,1.4333049,0.6936713,445649.13525035937,5696611.274842404,474.263671875,-30.883151252716207,1.19449036479901,3.7799207745943133,293,frame_000293.png
4000,4000,4000,1115,0.27875,742,0.6654708520179372,1115,672,0.6026905829596413,445649.647407604,5696611.315219528,474.09564652525046,0.5077382639865391,0.044168719090521336,-0.16985640443704142,-32.66603638382883,0.8986515687076414,-1.249122519569574,-1.5617482569760455,-0.1434403496145933,-5.092980762091315,1.5105064,0.7245444,672,0.6026905829596413,445649.6474074307,5696611.315219816,474.09564654047375,0.5077380907023326,0.04416900686919689,-0.16985638921374857,-32.666036345303525,0.8986496044852069,-1.2491215702807612,-1.5617482184507594,-0.14344231383702777,-5.092979812802497,1.5105067,0.7245441,445649.13966934,5696611.271050809,474.2655029296875,-31.104288126852772,1.042091918322245,3.8438582425217307,294,frame_000294.png
4000,4000,4000,1371,0.34275,968,0.7060539752005836,1371,923,0.6732312180889861,445649.6268311225,5696611.292425963,474.0921494703746,0.4822343349806033,0.022458973340690136,-0.17286517806292068,-32.90377126403842,0.0969091589408903,-1.3533933067799286,-1.632265371950524,-0.320909022151568,-5.137645860164184,1.4969825,0.7115476,923,0.6732312180889861,445649.62683112535,5696611.292425964,474.09214947052226,0.4822343378327787,0.02245897427201271,-0.17286517791524147,-32.90377126393222,0.09690917244005987,-1.35339329416583,-1.632265371844312,-0.32090900865242133,-5.13764584755009,1.4969825,0.7115476,445649.1445967875,5696611.26996699,474.2650146484375,-31.271505892087898,0.4178181810924689,3.7842525533842704,295,frame_000295.png
4000,4000,4000,1325,0.33125,837,0.6316981132075472,1325,882,0.6656603773584906,445650.79166504485,5696609.34284851,473.8369395509649,1.6293451524106786,-1.9081150433048606,-0.415776513488197,-31.737772671082585,13.09432506597991,-7.540070423901682,-0.4924942884442771,12.990101534670202,-10.9079448032154,21.866297,12.307179,882,0.6656603773584906,445649.62731611804,5696611.269330624,474.09019692142556,0.4649962256080471,0.018367070704698563,-0.16251914302756632,-32.82352341642357,-0.19705259548171486,-1.0301023597411887,-1.5782450337852652,-0.30127612679140725,-4.397976739054911,1.5224625,0.693754,445649.16231989244,5696611.250963553,474.2527160644531,-31.24527838263832,0.10422353130970213,3.367874379313725,296,frame_000296.png
4000,4000,4000,1146,0.2865,737,0.6431064572425829,1146,691,0.6029668411867365,445649.21607504925,5696611.663056489,474.0449627227444,0.046467231295537204,0.4228139463812113,-0.20219914248997384,-33.14784139202678,-4.225963297895896,-0.5479863892042787,-1.7415903222453437,-4.2310117550919415,-3.8642905901077995,10.370599,3.7446349,691,0.6029668411867365,445649.62101278413,5696611.257981961,474.0913290165924,0.4514049661811441,0.01773941796272993,-0.15583284864197822,-33.03714957894628,-0.4537198218597945,-0.9953889796551252,-1.6308985091648367,-0.45876827905584605,-4.311693180558649,1.4672409,0.70470524,445649.16960781795,5696611.240242543,474.2471618652344,-31.40625106978143,0.00504845719605829,3.316304200903512,297,frame_000297.png
4000,4000,4000,1393,0.34825,944,0.6776740847092606,1393,869,0.6238334529791816,445649.61840087606,5696611.253300606,474.0950857602837,0.4481539682019502,0.025358345359563828,-0.15830169088815182,-33.02184781514703,-0.5138317844718758,-0.8705472072869348,-1.6232139293238106,-0.5085344179591686,-4.133085892269321,1.5568539,0.7000418,869,0.6238334529791816,445649.6184008763,5696611.253300606,474.09508576029424,0.44815396843478084,0.025358345359563828,-0.1583016908776358,-33.02184781515359,-0.5138317827192886,-0.8705472074789135,-1.623213929330376,-0.5085344162065724,-4.13308589246131,1.5568539,0.7000418,445649.17024690786,5696611.227942261,474.2533874511719,-31.398633885823212,-0.005297366512713785,3.262538684982391,298,frame_000298.png
4000,4000,4000,1404,0.351,769,0.5477207977207977,1404,894,0.6367521367521367,445649.65241016785,5696611.17098098,474.09514889238187,0.48512288264464587,-0.010952801443636417,-0.17236819746187848,-32.74001197145212,-0.32772185482189237,0.009113230018235533,-1.5870673334680134,-0.1434335664613684,-2.23370042212224,1.4781896,0.70269454,894,0.6367521367521367,445649.65241016727,5696611.17098098,474.09514889235186,0.48512288206256926,-0.010952801443636417,-0.1723681974918918,-32.74001197181067,-0.32772185922216146,0.009113229847327348,-1.5870673338265817,-0.14343357086161745,-2.23370042229314,1.4781896,0.70269454,445649.1672872852,5696611.181933781,474.26751708984375,-31.152944637984096,-0.1842882883605305,2.242813652140466,299,frame_000299.png
4000,4000,4000,1255,0.31375,902,0.7187250996015936,1255,818,0.651792828685259,445649.6480991182,5696611.180951453,474.1045619540023,0.4871218341286294,0.010458129458129406,-0.17037090732583238,-32.67872810988464,-0.2571660049969549,0.1026072979738923,-1.6046173308785114,-0.2657216954283399,-2.231304512536468,1.5491388,0.70486766,818,0.651792828685259,445649.6480991185,5696611.180951452,474.10456195397865,0.4871218344196677,0.010458128526806831,-0.17037090734947924,-32.67872811006981,-0.257165999181841,0.10260729223765161,-1.6046173310637073,-0.26572168961322973,-2.231304518272708,1.5491388,0.70486766,445649.1609772841,5696611.170493323,474.2749328613281,-31.07411077900612,0.00855569043137685,2.333911810510361,300,frame_000300.png
4000,4000,4000,1373,0.34325,817,0.5950473415877641,1373,924,0.6729788783685361,445648.7176617314,5696611.74617994,457.1747511615262,-0.43765426671598107,0.5738012054935098,-17.104454160739408,147.1619548502315,-6.833339690567796,-0.8703449969880174,178.48183604198186,-7.514735609170202,-3.956020116720964,4.860602,3.8341656,924,0.6729788783685361,445649.6165522154,5696611.183011428,474.09989857418367,0.4612362172920257,0.010632693767547607,-0.1793067480819559,-32.891673065146506,0.3947496781254929,-0.8294517070498797,-1.5717918733961653,-0.28664624047692655,-3.9151268267828243,1.5609758,0.7114896,445649.1553159981,5696611.172378735,474.2792053222656,-31.319881191750333,0.6813959186024197,3.085675119732954,301,frame_000301.png
4000,4000,4000,1422,0.3555,891,0.6265822784810127,1422,847,0.5956399437412095,445649.5560728149,5696611.224277122,474.1044034487216,0.4589931134833023,0.02433384582400322,-0.17022423682527688,-33.00031093841338,1.077193107640098,0.1670681972801274,-1.575103252296941,-0.3754700747973345,-2.105302829936363,1.5122234,0.7425437,847,0.5956399437412095,445649.55607281555,5696611.224277121,474.1044034487238,0.45899311412358657,0.024333844892680645,-0.17022423682305998,-33.00031093832289,1.077193113905248,0.16706819515806384,-1.5751032522064463,-0.375470068532195,-2.1053028320584417,1.5122234,0.7425437,445649.09707970143,5696611.199943276,474.2746276855469,-31.425207686116433,1.452663182437429,2.2723710272165,302,frame_000302.png
4000,4000,4000,1458,0.3645,988,0.6776406035665294,1458,920,0.6310013717421125,445649.5086659415,5696611.251763738,474.1011801432717,0.4329083717893809,0.04363000486046076,-0.17524807938457343,-32.94516762036391,1.7122313535864564,-0.4308075773179033,-1.5624709693638295,-0.3740116651694052,-3.2209155229857913,1.5160936,0.6962844,920,0.6310013717421125,445649.50866594166,5696611.251763738,474.1011801432743,0.4329083719640039,0.04363000486046076,-0.17524807938195863,-32.945167620348734,1.712231354740453,-0.4308075770288148,-1.5624709693486523,-0.37401166401542696,-3.2209155226966857,1.5160936,0.6962844,445649.0757575697,5696611.208133733,474.27642822265625,-31.382696651000092,2.086243018755867,2.7901079456678763,303,frame_000303.png
4000,4000,4000,1212,0.303,758,0.6254125412541254,1212,740,0.6105610561056105,445649.4596645834,5696611.254145245,474.1016193317144,0.43163719098083675,0.03420925885438919,-0.19052544367622204,-33.032144634061495,1.6609277634837458,-0.6810307201477578,-1.5828716423714013,-0.5186866288194665,-3.676119132515197,1.5398965,0.7169061,740,0.6105610561056105,445649.45966459526,5696611.254145232,474.1016193326989,0.4316372028551996,0.034209245815873146,-0.19052544269175087,-33.032144633338426,1.6609278754071275,-0.6810307500213685,-1.5828716416483246,-0.5186865168960821,-3.676119162388801,1.5398967,0.7169061,445649.0280273924,5696611.219935986,474.2921447753906,-31.449272991690098,2.1796143923032236,2.995088412367441,304,frame_000304.png
4000,4000,4000,1490,0.3725,926,0.6214765100671141,1490,935,0.62751677852349,445649.46485473134,5696611.238260094,474.11143211448405,0.4529283336014487,0.011014231480658054,-0.183550795672204,-33.12497266330583,1.8111588432187893,0.02915987428269207,-1.6195810593900717,-0.29172293708404595,-2.366344510897875,1.5424327,0.7171515,935,0.62751677852349,445649.4648547279,5696611.238260095,474.11143211436706,0.4529283301671967,0.011014232411980629,-0.18355079578918776,-33.124972663907464,1.8111588228527038,0.029159865187845448,-1.6195810599917024,-0.29172295745013344,-2.3663445199927367,1.5424327,0.71715146,445649.01192639774,5696611.227245863,474.29498291015625,-31.505391603915772,2.1028817803028343,2.3955043851805757,305,frame_000305.png
4000,4000,4000,1232,0.308,751,0.609577922077922,1232,822,0.6672077922077922,445649.4582764794,5696611.235001804,474.1107540350407,0.4614322120905854,0.0025134822353720665,-0.18786046691241154,-33.14882689187669,1.8616421993722903,0.05946898444778473,-1.5811219100390304,-0.2820532982559598,-2.203077020969232,1.5083383,0.7250116,822,0.6672077922077922,445649.4582764793,5696611.235001804,474.11075403503327,0.46143221197417006,0.0025134822353720665,-0.18786046691985803,-33.14882689191061,1.861642198338718,0.05946898409364176,-1.5811219100729659,-0.2820532992895437,-2.2030770213233666,1.5083383,0.7250116,445648.9968442673,5696611.232488322,474.2986145019531,-31.567704981837643,2.1436954976282583,2.2625460054170166,306,frame_000306.png
4000,4000,4000,1359,0.33975,829,0.6100073583517293,1359,860,0.6328182487122884,445649.4109172394,5696611.283019626,474.11005635419036,0.4516642615199089,0.03502636030316353,-0.18349222979401247,-32.86235494792557,2.282866929711134,0.06563053124446852,-1.5278839415332186,-0.4100712733479952,-2.3102117435254286,1.5562875,0.73278576,860,0.6328182487122884,445649.4109172629,5696611.283019615,474.11005635417166,0.4516642850358039,0.03502635005861521,-0.18349222981271396,-32.86235494461225,2.2828670923426384,0.0656305597835198,-1.5278839382199294,-0.41007111071650115,-2.310211714986366,1.5562875,0.7327857,445648.95925297786,5696611.247993265,474.2935485839844,-31.334471006392334,2.692938203059127,2.375842274769885,307,frame_000307.png
4000,4000,4000,1297,0.32425,892,0.6877409406322282,1297,810,0.6245181187355435,445649.3883629915,5696611.30723375,474.10856096578107,0.4391574544715695,0.046021160669624805,-0.18434674906268356,-32.92511705691623,2.441527244386491,-0.7522725295480275,-1.5966066510589485,-0.5072950151569557,-3.9292400609416234,1.5392662,0.7250173,810,0.6245181187355435,445649.38836300105,5696611.307233718,474.10856096613117,0.4391574640176259,0.04602112900465727,-0.18434674871258494,-32.92511705766517,2.4415274066330377,-0.752272666654256,-1.5966066518079174,-0.5072948529104053,-3.929240198047836,1.5392662,0.72501737,445648.94920553704,5696611.261212589,474.29290771484375,-31.328510405857266,2.9488222595434337,3.176967531393592,308,frame_000308.png
4000,4000,4000,1391,0.34775,977,0.702372393961179,1391,883,0.6347951114306255,445649.4810264046,5696611.291886659,474.111395780689,0.5034801799338311,0.020610852167010307,-0.17342477595161654,-32.78431931096961,1.4851026744637508,-1.358252439228679,-1.6356414872907692,-0.1083463847002406,-5.175457774545777,1.5127231,0.7099909,883,0.6347951114306255,445649.4810264049,5696611.291886659,474.11139578069236,0.5034801802248694,0.020610852167010307,-0.17342477594826278,-32.78431931093567,1.485102676899671,-1.3582524395257574,-1.6356414872568337,-0.10834638226432958,-5.17545777484284,1.5127231,0.7099909,445648.97754622466,5696611.271275807,474.2848205566406,-31.14867782367883,1.593449059163993,3.817205335317096,309,frame_000309.png
4000,4000,4000,1384,0.346,874,0.6315028901734104,1384,925,0.6683526011560693,445649.4744500823,5696611.274534015,474.11556220526063,0.47988590283785015,0.006260727532207966,-0.17304253106749456,-32.73517173284391,1.1188492830518109,-1.6202884945316032,-1.6181957840664154,-0.2812112006112102,-5.51146590321116,1.4940058,0.72309333,925,0.6683526011560693,445649.4744500797,5696611.274534017,474.1155622051862,0.4798859002767131,0.006260729394853115,-0.1730425311419026,-32.735171733259406,1.1188492643808587,-1.6202884960407253,-1.6181957844819124,-0.28121121928214166,-5.511465904720268,1.4940058,0.72309333,445648.99456417945,5696611.268273287,474.2886047363281,-31.11697594877749,1.4000604836630097,3.8911774086795483,310,frame_000310.png
4000,4000,4000,1260,0.315,754,0.5984126984126984,1260,766,0.6079365079365079,445649.4837088066,5696611.298785766,474.1187226962413,0.47159029584145173,0.03142938856035471,-0.1708280850086794,-32.64265503323276,0.9239655100362029,-1.7341582129550432,-1.5762965652161824,-0.3832933839620978,-5.841309747364903,1.4842247,0.7238014,766,0.6079365079365079,445649.48370880657,5696611.298785766,474.11872269625684,0.4715902957832441,0.03142938856035471,-0.17082808499316116,-32.642655033226575,0.9239655089463794,-1.7341582119905454,-1.5762965652099865,-0.3832933850519282,-5.8413097464004125,1.4842247,0.7238014,445649.0121185108,5696611.267356377,474.28955078125,-31.06635846801659,1.3072588939983072,4.107151534409869,311,frame_000311.png
4000,4000,4000,1263,0.31575,859,0.6801266825019794,1263,830,0.6571654790182107,445649.53864979156,5696611.282913621,474.1207274894146,0.4791115357656963,0.009193175472319126,-0.15563969808539468,-32.58997636214198,1.0139134712578277,-1.9705776468732596,-1.5637189562164338,-0.18941862721200664,-6.210400535555891,1.5333567,0.71771973,830,0.6571654790182107,445649.53864979185,5696611.282913619,474.1207274893234,0.4791115360567346,0.009193173609673977,-0.15563969817662837,-32.58997636235171,1.0139134787295103,-1.970577655115962,-1.5637189564261575,-0.18941861974033714,-6.210400543798585,1.5333567,0.71771973,445649.0595382558,5696611.273720445,474.2763671875,-31.02625740592555,1.2033320984698384,4.2398228886826175,312,frame_000312.png
4000,4000,4000,1272,0.318,742,0.5833333333333334,1272,807,0.6344339622641509,445649.5445718498,5696611.272136081,474.1127031175871,0.4774901780183427,-0.0034815464168787003,-0.1676313550691475,-32.681780519102006,1.1066059125655412,-1.7794098306413966,-1.534150535143624,-0.1729317842827811,-5.760441308242804,1.4714104,0.7114282,807,0.6344339622641509,445649.5445718503,5696611.272136081,474.11270311757585,0.477490178484004,-0.0034815464168787003,-0.1676313550804025,-32.68178051889567,1.106605917206932,-1.779409832050078,-1.5341505349372824,-0.17293177964137385,-5.7604413096514975,1.4714104,0.7114282,445649.0670816718,5696611.275617627,474.28033447265625,-31.147629983958378,1.279537696848317,3.981031477601416,313,frame_000313.png
4000,4000,4000,1149,0.28725,737,0.6414273281114012,1149,706,0.6144473455178416,445649.5413424345,5696611.305145959,474.1289338897694,0.4683583444566466,0.026592515408992767,-0.14651777038682212,-32.699772855010124,1.3949037977034444,-1.530198407531906,-1.57953010672162,-0.3377589447934213,-5.453584110392484,1.4433979,0.7149998,706,0.6144473455178416,445649.54134243436,5696611.305145959,474.12893388975925,0.46835834434023127,0.026592515408992767,-0.1465177703969971,-32.69977285509629,1.394903797028191,-1.5301984080139983,-1.5795301068077947,-0.33775894546866425,-5.453584110874573,1.4433978,0.7149999,445649.07298409,5696611.278553444,474.27545166015625,-31.12024274828849,1.7326627424968668,3.923385702860567,314,frame_000314.png
4000,4000,4000,1147,0.28675,716,0.6242371403661726,1147,752,0.6556233653007847,445649.54355029325,5696611.296122173,474.12220340846676,0.4625660008750856,0.003950487822294235,-0.1681713473926152,-32.82211761395438,1.5757067354389842,-1.4568536608751042,-1.569006496057085,-0.20115221892606883,-5.171731327676724,1.4928284,0.7193574,752,0.6556233653007847,445649.54355029284,5696611.296122174,474.1222034084758,0.46256600046763197,0.00395048875361681,-0.16817134738357709,-32.82211761387836,1.5757067303518637,-1.4568536576808655,-1.5690064959810854,-0.20115222401318533,-5.171731324482494,1.4928284,0.7193574,445649.0809842924,5696611.292171685,474.2903747558594,-31.253111117897287,1.776858954365062,3.7148776668016246,315,frame_000315.png
4000,4000,4000,1237,0.30925,745,0.6022635408245756,1237,790,0.6386418755052546,445649.52927648433,5696611.3124733325,474.13434152469387,0.45437834406038746,0.025399770587682724,-0.16219778194675882,-33.01080045713161,1.3837579992094078,-1.4325973432073116,-1.4893997959495664,-0.29878990292058916,-5.2145749496380915,1.5052583,0.7055877,790,0.6386418755052546,445649.5292764834,5696611.3124733325,474.13434152467727,0.4543783431290649,0.025399770587682724,-0.1621977819633571,-33.01080045725886,1.3837579931563222,-1.4325973450250946,-1.4893997960768104,-0.2987899089736743,-5.214574951455859,1.5052583,0.7055877,445649.0748981403,5696611.287073562,474.2965393066406,-31.52140066118204,1.6825479021299936,3.78197760643077,316,frame_000316.png
4000,4000,4000,1356,0.339,949,0.6998525073746312,1356,889,0.6556047197640118,445218.01864885294,5696168.0534430295,3164.9680152807746,-431.0602884349064,-443.23247796949,2690.6684242163215,-59.30598468686399,4.912161953114655,-11.489235668460898,-27.602701378588705,3.7850949866937924,-14.67788007974454,529.3025,177.67633,889,0.6556047197640118,445649.5414208445,5696611.297530742,474.1402274268753,0.4624835566501133,0.011609743349254131,-0.159363637577826,-33.00808041072843,1.0022411347985056,-1.062577921919301,-1.3047971024531364,-0.12482583162235983,-4.251222333202946,1.5499991,0.7298974,445649.07893728785,5696611.285920999,474.2995910644531,-31.703283308275285,1.1270669664208612,3.188644411283643,317,frame_000317.png
4000,4000,4000,1295,0.32375,863,0.6664092664092665,1295,792,0.6115830115830115,445649.61244689353,5696611.238892459,474.13678779616293,0.5300144557841122,-0.02928424347192049,-0.17400321946206532,-33.370941981152946,0.789682506996443,-0.6743288612789266,-1.573833873158776,0.22989711685391967,-3.7806189651573447,5.1773663,1.306772,792,0.6115830115830115,445649.58358193614,5696611.260849206,474.14363481411306,0.5011494983918965,-0.0073274970054626465,-0.16715620151194344,-33.37075424047771,0.48840321460278685,-0.7990543138365017,-1.5736461324835318,-0.07138217553972481,-3.9053444177149004,1.4820026,0.7199788,445649.08243243775,5696611.268176703,474.310791015625,-31.797108107994177,0.5597853901425209,3.106290103878408,318,frame_000318.png
4000,4000,4000,1217,0.30425,858,0.705012325390304,1217,742,0.6096959737058341,445649.5219983588,5696611.297372836,474.1411886444132,0.44209581107134,0.0311480900272727,-0.1670083770711699,-33.661273342761426,0.17356421415500847,-1.2366494031418511,-1.548488398214488,-0.4533156528001996,-4.759934931589498,1.4831576,0.69475174,742,0.6096959737058341,445649.52199835883,5696611.297372836,474.1411886444149,0.44209581112954766,0.0311480900272727,-0.1670083770694646,-33.661273342757504,0.17356421459520618,-1.23664940313418,-1.5484883982105657,-0.45331565236000415,-4.7599349315818245,1.4831576,0.69475174,445649.0799025477,5696611.266224746,474.3081970214844,-32.11278494454693,0.6268798669552035,3.523285528447654,319,frame_000319.png
4000,4000,4000,1185,0.29625,738,0.6227848101265823,1185,804,0.6784810126582278,445649.5243057405,5696611.26199343,474.1350657535852,0.44676173460902646,-0.003830050118267536,-0.17136124836792987,-33.76339924535477,1.258881128581404,-0.8190796087971789,-1.504383031736097,-0.3443142566149504,-3.7786593877387133,1.4997294,0.71115553,804,0.6784810126582278,445649.5243057415,5696611.261993428,474.13506575346435,0.4467617355985567,-0.0038300519809126854,-0.17136124848877898,-33.76339924490517,1.2588811388337289,-0.8190796127159923,-1.504383031286494,-0.34431424636261454,-3.778659391657527,1.4997294,0.71115553,445649.0775440059,5696611.26582348,474.3064270019531,-32.25901621361868,1.603195385196352,2.959579778941528,320,frame_000320.png
4000,4000,4000,1311,0.32775,888,0.6773455377574371,1311,812,0.6193745232646835,445649.5456625087,5696611.250971566,474.13642725416327,0.47960441280156374,-0.015916569158434868,-0.17927709153985916,-33.78648811108285,1.750388878545916,-0.31190897324369843,-1.503480333867003,-0.07006501446616653,-2.9100827122216515,1.4963256,0.71118754,812,0.6193745232646835,445649.5456625107,5696611.250971565,474.1364272541288,0.4796044147806242,-0.015916570089757442,-0.17927709157430627,-33.78648811088239,1.7503888916583432,-0.3119089703952937,-1.5034803336665448,-0.07006500135372562,-2.910082709373256,1.4963256,0.71118754,445649.0660580959,5696611.266888135,474.3157043457031,-32.283007777215836,1.8204538930120808,2.5981737389779527,321,frame_000321.png
4000,4000,4000,1287,0.32175,777,0.6037296037296037,1287,843,0.655011655011655,445649.4955026363,5696611.2804996045,474.1389985620307,0.455124483385589,0.002525809220969677,-0.18299240476619616,-33.67455912630365,1.7578062155946468,-0.8072234942607592,-1.5629695381855413,-0.27541273292956703,-3.8764625412302394,1.5242594,0.7314229,843,0.655011655011655,445649.49550262874,5696611.28049961,474.1389985619485,0.45512447581859306,0.0025258148089051247,-0.18299240484839174,-33.67455913027412,1.7578061551688668,-0.8072234909239202,-1.5629695421559973,-0.2754127933553434,-3.8764625378933886,1.5242597,0.73142266,445649.0403781529,5696611.277973795,474.3219909667969,-32.11158958811812,2.0332189485242123,3.069239046969468,322,frame_000322.png
4000,4000,4000,1415,0.35375,856,0.6049469964664311,1415,924,0.6530035335689046,445649.4955754113,5696611.297803938,474.13789750609794,0.4639401657623239,0.004761846736073494,-0.18378828491768218,-33.435757471584616,2.016157638530538,-0.8741884072888971,-1.5279986758208963,-0.20779048278586743,-4.054929690610493,1.51171,0.7050347,924,0.6530035335689046,445649.49557541014,5696611.297803938,474.13789750602706,0.46394016459817067,0.004761846736073494,-0.18378828498856592,-33.43575747167387,2.0161576341273615,-0.8741884136101856,-1.5279986759101405,-0.20779048718904392,-4.054929696931794,1.51171,0.7050347,445649.03163524554,5696611.293042092,474.3216857910156,-31.907758795763716,2.2239481213164076,3.1807412833216047,323,frame_000323.png
4000,4000,4000,1240,0.31,887,0.7153225806451613,1240,763,0.6153225806451613,445649.47211260913,5696611.324505876,474.1374195787453,0.48154599353438243,0.038628301583230495,-0.20239365367655182,-32.78134890353734,2.163281079388439,0.5959055106052106,-1.5461119500427571,-0.27778301389125204,-1.3802248930193457,1.4713593,0.6873891,763,0.6153225806451613,445649.47211260913,5696611.324505876,474.1374195787457,0.48154599353438243,0.038628301583230495,-0.20239365367615392,-32.78134890353857,2.163281079386914,0.5959055105499128,-1.5461119500439793,-0.2777830138927584,-1.380224893074626,1.4713593,0.6873891,445648.9905666156,5696611.285877574,474.3398132324219,-31.235236953494585,2.4410640932796857,1.9761304036245453,324,frame_000324.png
4000,4000,4000,1249,0.31225,766,0.6132906325060048,1249,840,0.6725380304243395,445649.4365347566,5696611.268567249,474.14465509701824,0.45340374956140295,-0.009974156506359577,-0.1916180963411307,-32.88627342668357,1.9310725406064304,-0.3647799638546049,-1.522018215065799,-0.2701510125622235,-2.884682648696213,1.5223345,0.72507083,840,0.6725380304243395,445649.43653475645,5696611.268567249,474.1446550970126,0.45340374938677996,-0.009974156506359577,-0.1916180963467582,-32.886273426706325,1.9310725396058264,-0.36477996444519617,-1.5220182150885648,-0.2701510135628382,-2.884682649286816,1.5223345,0.72507083,445648.98313100706,5696611.278541406,474.3362731933594,-31.364255211617767,2.201223553168667,2.5199026848416217,325,frame_000325.png
4000,4000,4000,1329,0.33225,892,0.6711813393528969,1329,810,0.6094808126410836,445649.4424545306,5696611.294507018,474.143848168967,0.448614701628685,0.023570047691464424,-0.16743112790800296,-33.0292792852684,1.5403664060374032,-0.03629992791007436,-1.5883775857069509,-0.42835821147176034,-2.483490227245454,1.5230939,0.7446089,810,0.6094808126410836,445649.44245453115,5696611.294507018,474.14384816897837,0.44861470215255395,0.023570047691464424,-0.16743112789663428,-33.02927928527959,1.5403664096175251,-0.036299927661105985,-1.588377585718149,-0.4283582078916197,-2.48349022699648,1.5230939,0.7446089,445648.993839829,5696611.270936971,474.311279296875,-31.440901699561437,1.9687246175091575,2.4471902993353867,326,frame_000326.png
4000,4000,4000,1332,0.333,899,0.674924924924925,1332,862,0.6471471471471472,445649.38845173403,5696611.415017088,474.1428634791416,0.39358753350097686,0.15068170335143805,-0.16774443101462566,-33.0695043275638,0.3514682064661189,0.19417597305255005,-1.480664261410368,-1.2640031910837877,-2.3207313316402463,5.284849,1.7561878,862,0.6471471471471472,445649.48024266126,5696611.253197251,474.1432362051544,0.4853784607257694,-0.011138133704662323,-0.1673717050018695,-33.11927903160251,1.4885958475009438,-0.21140632881315868,-1.5304389654490649,-0.12687555004896467,-2.726313633505953,1.4755789,0.71685755,445648.99486420053,5696611.264335385,474.31060791015625,-31.588840066153445,1.6154713975499109,2.514907304692783,327,frame_000327.png
4000,4000,4000,1377,0.34425,927,0.673202614379085,1377,852,0.6187363834422658,445649.47315296123,5696611.233639021,474.12406216460164,0.46772682812297717,-0.020253172144293785,-0.18251742524211068,-33.10691801960303,1.4978004483055085,-0.9379550194608784,-1.5424747663544167,-0.2361710410688147,-4.061785050992853,1.4825466,0.7070324,852,0.6187363834422658,445649.4731529599,5696611.233639021,474.1240621645388,0.46772682678420097,-0.020253172144293785,-0.18251742530492265,-33.106918019924244,1.4978004400865972,-0.9379550228344655,-1.5424747666756105,-0.23617104928771937,-4.061785054366425,1.4825466,0.7070324,445649.0054261331,5696611.253892194,474.30657958984375,-31.564443253248626,1.7339714893743112,3.1238300315319667,328,frame_000328.png
4000,4000,4000,1215,0.30375,926,0.7621399176954733,1215,790,0.6502057613168725,445649.4843310102,5696611.239004027,474.124985666906,0.4605818864656612,-0.004755956120789051,-0.17558196004711135,-33.03733252576667,0.9081215673198333,-0.5515700632528989,-1.5436125245048231,-0.2458473158378638,-3.307819487959449,1.528713,0.7011445,790,0.6502057613168725,445649.4843310103,5696611.239004027,474.12498566690977,0.46058188658207655,-0.004755956120789051,-0.17558196004335969,-33.03733252574656,0.9081215679418204,-0.5515700629463552,-1.5436125244847005,-0.2458473152158831,-3.3078194876528926,1.528713,0.7011445,445649.02374912373,5696611.243759983,474.3005676269531,-31.493720001261856,1.1539688831576942,2.7562494247065477,329,frame_000329.png
4000,4000,4000,1234,0.3085,874,0.7082658022690438,1234,721,0.5842787682333873,445649.4683179004,5696611.25003703,474.1191164279595,0.4293148046708666,0.022931034676730633,-0.18126809352486362,-33.08986448525816,0.4809333145582823,-0.3554476893502133,-1.5051153244109514,-0.5801058536451364,-2.9891090272103042,1.5192499,0.7014664,721,0.5842787682333873,445649.46831790026,5696611.25003703,474.1191164279378,0.42931480455445126,0.022931034676730633,-0.1812680935465778,-33.089864485242146,0.4809333117007697,-0.3554476866223945,-1.50511532439495,-0.5801058565026267,-2.9891090244825023,1.5192499,0.7014664,445649.0390030957,5696611.227105996,474.3003845214844,-31.584749160847196,1.0610391682034082,2.6336613378600977,330,frame_000330.png
4000,4000,4000,1323,0.33075,806,0.6092214663643235,1323,824,0.6228269085411943,445649.5140788062,5696611.215257116,474.1297386534966,0.47010131663409993,-0.007403410971164703,-0.17360607306591191,-33.127574972652084,0.7308795805143832,-0.3670379746224076,-1.5689333615038379,-0.2747094755275725,-2.969175317813523,1.4935957,0.72056174,824,0.6228269085411943,445649.51407880627,5696611.215257114,474.129738653481,0.4701013166923076,-0.007403412833809853,-0.173606073081487,-33.127574972703705,0.7308795886527789,-0.3670379862116562,-1.5689333615554801,-0.27470946738918656,-2.969175329402759,1.4935957,0.72056174,445649.0439774896,5696611.222660527,474.3033447265625,-31.558641611148236,1.0055890560419611,2.6021373431911146,331,frame_000331.png
4000,4000,4000,1335,0.33375,802,0.600749063670412,1335,762,0.5707865168539326,445649.52282499627,5696611.236333202,474.13984918633884,0.4667550146696158,0.01312379352748394,-0.1583991046767892,-33.10473239529192,1.0780473003610398,-0.09058923167442187,-1.529467169549548,-0.303954084775512,-2.5435606340833488,1.4690392,0.72518706,762,0.5707865168539326,445649.52282499865,5696611.236333202,474.13984918637044,0.4667550170561299,0.01312379352748394,-0.15839910464518425,-33.104732394774125,1.0780473152941663,-0.09058922630978805,-1.5294671690317614,-0.3039540698423764,-2.5435606287186943,1.4690392,0.72518706,445649.0560699816,5696611.223209408,474.2982482910156,-31.575265225742363,1.3820013851365545,2.4529714024089193,332,frame_000332.png
4000,4000,4000,1354,0.3385,765,0.5649926144756278,1354,946,0.6986706056129985,445649.5410228325,5696611.224755012,474.1272180313948,0.4840839293319732,-0.0005158334970474243,-0.17164061118330665,-33.23153051275871,1.3413602622596532,-0.27929300763030374,-1.5543812943993771,-0.14085557398340143,-2.891949000815316,1.5380613,0.72016114,946,0.6986706056129985,445649.5410228325,5696611.224755012,474.1272180313946,0.4840839293319732,-0.0005158334970474243,-0.17164061118353402,-33.231530512759136,1.3413602622454293,-0.2792930076463188,-1.5543812943998034,-0.14085557399761228,-2.891949000831346,1.5380613,0.72016114,445649.0569389032,5696611.225270846,474.2988586425781,-31.677149218359336,1.4822158362430544,2.6126559931850184,333,frame_000333.png
4000,4000,4000,1210,0.3025,739,0.6107438016528925,1210,800,0.6611570247933884,445649.494654085,5696611.242719701,474.1287043538324,0.43896608328213915,0.010839411988854408,-0.1700627360113458,-32.99973293958518,1.340502987162433,-0.6342216636009987,-1.5115960724581612,-0.40913339744770383,-3.498486950242466,1.5295386,0.7088162,800,0.6611570247933884,445649.49488560465,5696611.242469841,474.1288381017578,0.43919760291464627,0.010589552111923695,-0.16992898808592827,-32.999270820152894,1.3435050592430102,-0.6330022604344726,-1.511133953025876,-0.40613132536711305,-3.49726754707595,1.5288881,0.7075911,445649.05568800174,5696611.231880289,474.29876708984375,-31.48813686712701,1.749636384610135,2.864265286641481,334,frame_000334.png
4000,4000,4000,1322,0.3305,929,0.7027231467473525,1322,885,0.6694402420574886,445649.50759940356,5696611.279389977,474.13134335036136,0.4512911592028104,0.023552165366709232,-0.17483951096676265,-32.92515924406666,1.9805273728544046,-1.0552845336687628,-1.5013160052918977,-0.30068797173555595,-4.402929903274838,1.5251358,0.7318815,885,0.6694402420574886,445649.5075994086,5696611.279389974,474.13134335063916,0.4512911642668769,0.023552161641418934,-0.17483951068896886,-32.92515924309369,1.9805274102331938,-1.0552845311224015,-1.5013160043189089,-0.3006879343567732,-4.402929900728481,1.5251359,0.7318815,445649.05630824436,5696611.255837812,474.3061828613281,-31.423843238774776,2.2812153445899592,3.3476453696060684,335,frame_000335.png
4000,4000,4000,1412,0.353,965,0.68342776203966,1412,897,0.6352691218130312,445649.56306185527,5696611.272706222,474.13826245883774,0.49532048898981884,0.011428920552134514,-0.1709416427247561,-33.020860878260564,1.2830171111717015,-0.7271288085538191,-1.4917332325810833,-0.06372766792659945,-3.8663648118517813,1.467496,0.69147325,897,0.6352691218130312,445649.5630618559,5696611.272706221,474.1382624588353,0.4953204896301031,0.01142891962081194,-0.17094164272720036,-33.02086087818589,1.283017116842405,-0.7271288093057274,-1.4917332325064194,-0.06372766225589999,-3.866364812603706,1.467496,0.69147325,445649.0677413663,5696611.261277301,474.3092041015625,-31.529127645679477,1.3467447790982916,3.1392360032979676,336,frame_000336.png
4000,4000,4000,1262,0.3155,883,0.6996830427892234,1262,805,0.6378763866877971,445649.5307321454,5696611.263133467,474.1376379031286,0.45781476685078815,0.004433015361428261,-0.17467899140268628,-33.015318611051626,0.8612786228873665,-0.6290814990216778,-1.4529621348196429,-0.347882869883108,-3.470159452471677,1.4930186,0.7065864,805,0.6378763866877971,445649.5307321537,5696611.263133466,474.13763790296986,0.457814775116276,0.004433014430105686,-0.17467899156144995,-33.01531860933431,0.8612786720444497,-0.6290814762178657,-1.452962133102318,-0.34788282072602783,-3.4701594296678593,1.4930185,0.7065864,445649.07291737857,5696611.258700452,474.3123168945313,-31.562356476231997,1.209161492770475,2.8410779534500006,337,frame_000337.png
4000,4000,4000,1333,0.33325,866,0.6496624156039009,1333,861,0.6459114778694673,445649.55380810454,5696611.238519413,474.13443700235456,0.47033239528536797,-0.015004171058535576,-0.1710439546767475,-33.053621716026385,1.2903317239731735,-0.24878605253073904,-1.462584118480322,-0.16783725498459034,-2.7294238647730538,1.5380113,0.71738434,861,0.6459114778694673,445649.55380810454,5696611.238519413,474.1344370023548,0.47033239528536797,-0.015004171058535576,-0.17104395467652012,-33.05362171602631,1.2903317239509724,-0.24878605251133248,-1.4625841184802653,-0.1678372550067877,-2.7294238647536417,1.5380113,0.71738434,445649.08347570925,5696611.253523584,474.3054809570313,-31.59103759754606,1.4581689789577585,2.480637812242304,338,frame_000338.png
4000,4000,4000,1272,0.318,814,0.639937106918239,1272,847,0.6658805031446541,445649.55539966084,5696611.2444982845,474.1321658298362,0.4684922025189735,0.008101544342935085,-0.17712982446067826,-32.86104756954864,1.0858680008939725,0.022215538054619954,-1.4565058532359387,-0.2594851849673887,-2.308031656253007,1.5329567,0.7233539,847,0.6658805031446541,445649.5553996652,5696611.244498277,474.1321658301143,0.46849220688454807,0.008101536892354488,-0.17712982418260026,-32.86104756906787,1.0858680487716628,0.022215516448469128,-1.456505852755157,-0.25948513708971177,-2.3080316778591623,1.5329567,0.7233539,445649.0869074583,5696611.23639674,474.3092956542969,-31.40454171631271,1.345353185861368,2.3302471943076353,339,frame_000339.png
4000,4000,4000,1238,0.3095,796,0.6429725363489499,1238,864,0.6978998384491115,445649.5372513263,5696611.228113022,474.1284682954025,0.44485459581483155,-0.003673047758638859,-0.17521212451936208,-32.847072859655185,0.9542970926390218,-0.015550305184194377,-1.5033035190106432,-0.29948992036392497,-2.268678615485925,1.578418,0.72194016,864,0.6978998384491115,445649.5372513261,5696611.228113021,474.1284682953342,0.4448545955820009,-0.0036730486899614334,-0.17521212458768787,-32.84707285972002,0.9542970933503893,-0.015550308475241007,-1.503303519075473,-0.299489919652558,-2.26867861877696,1.578418,0.72194016,445649.0923967305,5696611.231786069,474.3036804199219,-31.34376934064454,1.2537870130029365,2.2531283103017326,340,frame_000340.png
4000,4000,4000,1294,0.3235,809,0.625193199381762,1294,884,0.6831530139103554,445649.55012266146,5696611.215964671,474.1309614653144,0.4601065394235775,-0.0013784868642687798,-0.17494673781061465,-32.89957227564918,0.7859831824395597,-0.09698491425316838,-1.5094565594150424,-0.2158412105505363,-2.355091730631841,1.5131625,0.70731336,884,0.6831530139103554,445649.55012266134,5696611.215964671,474.13096146531336,0.46010653930716217,-0.0013784868642687798,-0.17494673781163783,-32.89957227567583,0.7859831814239773,-0.09698491412900077,-1.509456559441702,-0.21584121156612923,-2.355091730507695,1.5131625,0.70731336,445649.09001612203,5696611.217343158,474.305908203125,-31.39011571623413,1.0018243929900974,2.2581068163786866,341,frame_000341.png
4000,4000,4000,1286,0.3215,840,0.6531881804043546,1286,765,0.5948678071539658,445649.55273942376,5696611.229466521,474.1248732209227,0.4609953006147407,0.015575009398162365,-0.1796006560304022,-33.045138172743215,0.6687142293183184,0.06574899090153423,-1.5141516758849036,-0.3608203341366334,-2.218985981432695,1.4830589,0.72983134,765,0.5948678071539658,445649.55273942376,5696611.229466521,474.1248732209228,0.4609953006147407,0.015575009398162365,-0.17960065603034536,-33.045138172742796,0.668714229197094,0.06574899108285369,-1.5141516758844773,-0.3608203342578804,-2.218985981251393,1.4830589,0.72983134,445649.09174412314,5696611.213891512,474.3044738769531,-31.53098649685831,1.0295345634549635,2.284734972334243,342,frame_000342.png
4000,4000,4000,1194,0.2985,777,0.6507537688442211,1194,728,0.609715242881072,445648.6513589549,5696612.397857317,473.8517446537697,-0.44138997996924445,1.1857411842793226,-0.44839572708968944,-32.94469744282921,-8.491736513714361,3.2861771073652033,-1.2960139767168926,-9.640760373515263,1.0859910682596023,12.163037,8.3069315,728,0.609715242881072,445649.5288509024,5696611.261414361,474.1218712619991,0.4361019675270654,0.049298228695988655,-0.1782691188602712,-33.15071545724338,0.5437423564234297,0.23898017332737756,-1.5020319911310764,-0.605281503377455,-1.9612058657782256,1.5084715,0.7345389,445649.09274893487,5696611.2121161325,474.3001403808594,-31.64868346611231,1.149023859800893,2.2001860391055925,343,frame_000343.png
4000,4000,4000,1127,0.28175,831,0.7373558118899733,1127,696,0.6175687666370896,445649.55311485997,5696611.2253310075,474.115836661028,0.45906680898042396,0.01561263669282198,-0.18647046787828003,-33.31849023617864,0.714714715638077,0.2460432835280867,-1.4880892291335783,-0.3930431797396068,-1.8927510815030075,1.5324272,0.7227809,696,0.6175687666370896,445649.55311485997,5696611.2253310075,474.1158366610286,0.45906680898042396,0.01561263669282198,-0.1864704678777116,-33.31849023617207,0.7147147156974021,0.24604328369281808,-1.488089229127013,-0.3930431796802907,-1.8927510813382753,1.5324272,0.7227809,445649.094048051,5696611.209718371,474.3023071289063,-31.830401007045054,1.1077578953776805,2.1387943650311074,344,frame_000344.png
4000,4000,4000,1292,0.323,835,0.6462848297213623,1292,810,0.6269349845201239,445649.5577097555,5696611.228717189,474.12750616827435,0.46168962481897324,0.023609892465174198,-0.17214593133502376,-33.59323556988482,0.2428928463779386,0.4934621462138569,-1.5037354666849012,-0.38886883663903404,-1.4543649433586552,1.5132424,0.709434,810,0.6269349845201239,445649.5577097554,5696611.228717189,474.12750616827435,0.4616896247025579,0.023609892465174198,-0.17214593133502376,-33.59323556990738,0.24289284604931416,0.49346214592396587,-1.503735466707468,-0.38886883696767427,-1.4543649436485566,1.5132424,0.709434,445649.0960201307,5696611.205107297,474.2996520996094,-32.08950010319991,0.6317616830169832,1.9478270895725098,345,frame_000345.png
4000,4000,4000,1331,0.33275,898,0.6746806912096168,1331,890,0.6686701728024043,445649.57208074705,5696611.202464618,474.12976169102313,0.476638198713772,0.008519244380295277,-0.17928982264874094,-33.69435299742891,0.7891395316374533,0.5488977262144311,-1.4887858206914757,-0.22763837723502434,-1.2876868967226187,1.5639336,0.73334914,890,0.6686701728024043,445649.57208074705,5696611.202464618,474.1297616910232,0.476638198713772,0.008519244380295277,-0.1792898226486841,-33.69435299742853,0.7891395316342094,0.5488977262431203,-1.4887858206910778,-0.2276383772382644,-1.2876868966939128,1.5639336,0.73334914,445649.09544254834,5696611.193945373,474.3090515136719,-32.20556717673744,1.0167779088724662,1.8365846229370448,346,frame_000346.png
4000,4000,4000,1255,0.31375,751,0.5984063745019921,1255,798,0.6358565737051792,445649.5739046268,5696611.17878777,474.1360735705993,0.48256872314959764,-0.010534394532442093,-0.1755414196350671,-33.64571392354802,0.9122940246947749,0.5280082746527158,-1.5098283215699553,-0.15819596127332147,-1.2550879360234148,1.5237945,0.7132275,798,0.6358565737051792,445649.5739046268,5696611.17878777,474.13607357059936,0.48256872314959764,-0.010534394532442093,-0.17554141963501024,-33.64571392354632,0.9122940249367303,0.5280082746221639,-1.50982832156825,-0.15819596103136746,-1.2550879360539682,1.5237945,0.7132275,445649.0913359037,5696611.189322164,474.3116149902344,-32.135885601978075,1.0704899859681034,1.7830962106761223,347,frame_000347.png
4000,4000,4000,1100,0.275,622,0.5654545454545454,1100,667,0.6063636363636363,445649.5702447777,5696611.159324214,474.13505872868467,0.48460389114916325,-0.023167936131358147,-0.17600694514345605,-33.47001353689328,1.3292807007767518,1.0042745146150365,-1.4944309630150485,-0.034862036895674464,-0.2905690477409735,1.5086901,0.7080044,667,0.6063636363636363,445649.5702447428,5696611.159324238,474.1350587289647,0.4846038562245667,-0.023167911916971207,-0.17600694486344537,-33.470013566083644,1.3292804318899736,1.0042745234332338,-1.494430992205423,-0.034862305782468184,-0.29056903892276864,1.5086902,0.7080043,445649.08564088657,5696611.18249215,474.3110656738281,-31.97558257387823,1.3641427376724362,1.2948435623559997,348,frame_000348.png
4000,4000,4000,1311,0.32775,806,0.6147978642257819,1311,851,0.6491228070175439,445649.54731494974,5696611.210392369,474.1371176757837,0.47694850782863796,0.011161701753735542,-0.17187280273191163,-33.499357744606854,2.0120279836113,0.40677100547572853,-1.5363300495678516,-0.19446389400522435,-1.620859322950082,1.509319,0.7197625,851,0.6491228070175439,445649.54731494974,5696611.210392369,474.13711767578314,0.47694850782863796,0.011161701753735542,-0.17187280273248007,-33.49935774460291,2.0120279838294777,0.406771005505516,-1.536330049563901,-0.19446389378703088,-1.620859322920296,1.509319,0.7197625,445649.0703664419,5696611.199230667,474.3089904785156,-31.963027695039006,2.2064918776165174,2.0276303284258126,349,frame_000349.png
4000,4000,4000,1377,0.34425,903,0.6557734204793029,1377,861,0.6252723311546841,445649.506334385,5696611.213568359,474.1278678398421,0.43624002661090344,0.010155187919735909,-0.1813057441422643,-33.458084588051065,1.2166989664400398,0.19275998942503672,-1.5866468074377167,-0.39456483814871035,-1.9366938842840682,1.5108861,0.7267879,861,0.6252723311546841,445649.506334385,5696611.213568359,474.12786783984194,0.43624002661090344,0.010155187919735909,-0.18130574414243483,-33.45808458804928,1.2166989667800143,0.19275998912471404,-1.5866468074359545,-0.39456483780872986,-1.9366938845844004,1.5108861,0.7267879,445649.0700943584,5696611.203413171,474.3091735839844,-31.871437780613334,1.6112638045887553,2.1294538737091053,350,frame_000350.png
4000,4000,4000,1303,0.32575,896,0.6876438986953185,1303,798,0.612432847275518,445647.6629080345,5696610.537830962,474.13865105553367,-1.4024913518223912,-0.6659442903473973,-0.1687525089194537,-51.04107630881801,-2.789142118228851,-11.646556429835252,-19.328811625514504,-4.476047825657361,-13.583666764866251,158.1114,62.006992,798,0.612432847275518,445649.5183921644,5696611.235889337,474.13522307193415,0.45299277803860605,0.03211408481001854,-0.17218049251897583,-33.262655611549256,1.2847536202990726,0.5030461630860854,-1.550390928245747,-0.40215208712942285,-1.4340641719448968,1.5229099,0.7531526,445649.06539938634,5696611.203775252,474.3074035644531,-31.7122646833035,1.686905707428506,1.9371103350309942,351,frame_000351.png
4000,4000,4000,1106,0.2765,856,0.7739602169981917,1106,725,0.6555153707052441,445649.5404066965,5696611.2136358535,474.11695526326054,0.4719701958820224,0.006284534931182861,-0.18376495158321404,-32.81837764201842,1.1532748602136678,0.13598282166233455,-1.549206529939994,-0.2075766257225098,-2.029888658485845,1.561447,0.72916913,725,0.6555153707052441,445649.5404066892,5696611.213635844,474.11695526379367,0.47197018860606477,0.006284525617957115,-0.18376495105007962,-32.81837764143408,1.1532748518046994,0.13598274761485796,-1.549206529355672,-0.20757663413147043,-2.0298887325333226,1.5614468,0.7291692,445649.0684365006,5696611.207351319,474.30072021484375,-31.269171112078414,1.3608514859361829,2.165871480148172,352,frame_000352.png
4000,4000,4000,1289,0.32225,890,0.6904577191621412,1289,857,0.664856477889837,445649.58846252563,5696611.232427929,474.10629708308954,0.4619733247673139,0.006345050409436226,-0.17531912784795622,-33.692696950330294,0.7828951866051362,-0.30624984245182196,-1.575619456786768,-0.33648683140344815,-2.9054689907457885,1.5053842,0.7053783,857,0.664856477889837,445649.5884625256,5696611.232427929,474.1062970830884,0.46197332470910624,0.006345050409436226,-0.1753191278490931,-33.69269695033835,0.7828951863942677,-0.3062498424986794,-1.5756194567948114,-0.3364868316143088,-2.905468990792656,1.5053842,0.7053783,445649.12648920086,5696611.226082878,474.2816162109375,-32.11707749354353,1.1193820180085754,2.5992191482939626,353,frame_000353.png
4000,4000,4000,1228,0.307,762,0.6205211726384365,1228,805,0.6555374592833876,445648.2813442648,5696612.711061805,473.92965933275116,-0.8436108464957215,1.4778094915673137,-0.3642249445925927,-33.783086737658174,-11.430314504862766,3.265505873292667,-1.4999265440585532,-12.796621555166723,1.145251812250109,17.836159,8.838786,805,0.6555374592833876,445649.615274112,5696611.2187844645,474.1134438890613,0.49031900067348033,-0.014467848464846611,-0.18044038828247722,-33.815981145642766,1.3251472492998422,0.15473281760791724,-1.5328209520431528,-0.041159801004113206,-1.9655212434346367,1.5044923,0.7035196,445649.1249551113,5696611.233252313,474.29388427734375,-32.28316019359961,1.3663070503039434,2.1202540610425484,354,frame_000354.png
4000,4000,4000,1278,0.3195,873,0.6830985915492958,1278,788,0.6165884194053208,445649.6253758517,5696611.227425319,474.1135452606377,0.4989835385349579,-0.006462227553129196,-0.179362454206057,-33.86812015454124,0.67082967250231,0.1186109743908947,-1.4874416897389438,-0.08584162326289402,-2.146721963405838,1.4565048,0.7025977,788,0.6165884194053208,445649.6253758522,5696611.227425318,474.11354526062956,0.49898353905882686,-0.006462228484451771,-0.17936245421418562,-33.86812015435492,0.6708296767795455,0.1186109744967086,-1.4874416895526394,-0.08584161898565412,-2.146721963300024,1.4565048,0.7025977,445649.12639231316,5696611.233887547,474.29290771484375,-32.38067846480229,0.7566712957651905,2.2653329377967224,355,frame_000355.png
4000,4000,4000,1413,0.35325,942,0.6666666666666666,1413,855,0.6050955414012739,445649.5930288231,5696611.268067526,474.105122878238,0.46843505499418825,0.030135714448988438,-0.17716471941827194,-33.8792329034174,0.3849147770215298,-0.06327503398129426,-1.5181262627832837,-0.45098131872711633,-2.4460310319879,5.806881,1.244229,855,0.6050955414012739,445649.621073627,5696611.236671756,474.1114300410357,0.4964798588771373,-0.0012600552290678024,-0.1708575566205468,-33.875454160625814,0.7277008000584372,0.03133259599538146,-1.514347519991702,-0.10819529569019437,-2.3514234020112212,1.4978484,0.70388556,445649.1245937681,5696611.237931811,474.28228759765625,-32.36110664063413,0.8358960957486375,2.3827559980065995,356,frame_000356.png
4000,4000,4000,1266,0.3165,877,0.6927330173775671,1266,824,0.65086887835703,445649.56153617223,5696611.236569242,474.12074343343227,0.4461874745320529,-0.007017557509243488,-0.170668920083358,-33.61017284120297,1.6650897311968123,-0.08598707520692613,-1.4809068022691179,-0.2362652246987409,-2.405162899823779,1.5293397,0.7219259,824,0.65086887835703,445649.5615361723,5696611.236569242,474.12074343343306,0.44618747459026054,-0.007017557509243488,-0.17066892008256218,-33.61017284119939,1.665089731553941,-0.08598707514536583,-1.4809068022655651,-0.23626522434162212,-2.4051628997622174,1.5293397,0.7219259,445649.1153486977,5696611.243586799,474.2914123535156,-32.12926603893384,1.9013549558955547,2.319175824616851,357,frame_000357.png
4000,4000,4000,1313,0.32825,786,0.5986290936785986,1313,821,0.6252856054836253,445649.5848513127,5696611.262616312,474.11758071073064,0.47363801050232723,0.019215688109397888,-0.18036240450373953,-33.25227151463174,0.6237985786234843,-0.6688523184012509,-1.4445544609109788,-0.3551834498408084,-3.5758733443192057,1.4846144,0.7116023,821,0.6252856054836253,445649.58485129435,5696611.262616295,474.11758070685863,0.47363799216691405,0.019215671345591545,-0.1803624083757427,-33.25227152806164,0.6237985421236569,-0.6688524725664962,-1.4445544743408618,-0.35518348634062136,-3.5758734984844693,1.4846144,0.71160245,445649.1112133022,5696611.243400624,474.2979431152344,-31.807717053720765,0.978982028464284,2.907021025917965,358,frame_000358.png
4000,4000,4000,1446,0.3615,844,0.5836791147994468,1446,955,0.6604426002766252,445649.5641990927,5696611.2325620195,474.118328214829,0.4567925078445114,-0.12782404944300652,-0.1770209062647723,-57.797934467453466,1.3317734060472541,1.4043498212113268,-0.7903369899398172,-0.11076874189421915,0.32740151678413554,1.4851798,0.7170354,955,0.6604426002766252,445649.5641990927,5696611.2325620195,474.11832821482886,0.4567925078445114,-0.12782404944300652,-0.17702090626488598,-57.797934467453786,1.3317734060965585,1.4043498211979253,-0.7903369899401298,-0.11076874184490748,0.3274015167707205,1.4851798,0.7170354,445649.10740658484,5696611.360386069,474.29534912109375,-57.007597477513656,1.4425421479414762,1.0769483044272021,359,frame_000359.png
4000,4000,4000,1336,0.334,917,0.686377245508982,1336,899,0.6729041916167665,445649.5360716772,5696611.273477119,474.1096158507119,0.38835249515250325,-0.2214469714090228,-0.18286461803808152,-80.79685762284919,-0.43950224186395487,-0.8194340982758165,-1.623777990202484,-0.2768825075388861,-3.8831458186703287,1.4540476,0.68147844,899,0.6729041916167665,445649.53607167717,5696611.273477119,474.10961585070703,0.3883524950942956,-0.2214469714090228,-0.18286461804297005,-80.7968576228631,-0.4395022417626235,-0.8194340985537066,-1.6237779902164107,-0.2768825074375343,-3.8831458189482078,1.4540476,0.68147844,445649.1477191821,5696611.494924091,474.29248046875,-79.17307963264669,-0.16261973432508087,3.0637117203944984,360,frame_000360.png
4000,4000,4000,1332,0.333,905,0.6794294294294294,1332,876,0.6576576576576577,445649.50785708014,5696611.333865489,474.1202447973529,0.26395060983486474,-0.28935630340129137,-0.14788264405342488,-103.91684512718196,1.4433987078124408,0.5698788572352907,-0.8559584426961351,-0.3020150000738795,-0.894624979708567,1.5241321,0.72827727,876,0.6576576576576577,445649.5078570802,5696611.333865489,474.12024479735567,0.2639506098930724,-0.28935630340129137,-0.14788264405063956,-103.91684512717985,1.4433987079427382,0.5698788575553615,-0.8559584426940319,-0.3020149999435944,-0.8946249793885102,1.5241321,0.72827727,445649.2439064703,5696611.623221792,474.2681274414063,-103.06088668448581,1.7454137078863314,1.4645038369438699,361,frame_000361.png
4000,4000,4000,1394,0.3485,893,0.6406025824964132,1394,903,0.6477761836441894,445649.5525662509,5696611.352573399,474.12918223176564,0.031105310888960958,-0.445289240218699,-0.1748033639374853,-126.75857745671426,1.8654807596941427,2.165078105422625,-1.9001774595083418,-0.27688504055350904,1.83948888227863,1.5191087,0.7212659,903,0.6477761836441894,445649.5525662509,5696611.352573399,474.12918223176075,0.031105310888960958,-0.445289240218699,-0.17480336394237384,-126.75857745673788,1.86548076006032,2.165078105611879,-1.9001774595319603,-0.27688504018735216,1.83948888246789,1.5191087,0.7212659,445649.52146094,5696611.79786264,474.3039855957031,-124.85839999720592,2.142365800247659,0.3255892231439814,362,frame_000362.png
4000,4000,4000,1335,0.33375,792,0.5932584269662922,1335,889,0.6659176029962547,445649.5851419634,5696611.442728618,474.12297535665647,-0.23855035501765087,-0.3605240499600768,-0.1930951999841568,-172.27643507291046,1.2399116792247484,4.7560882979042205,-1.893055614823993,-0.22070855273784673,6.891202296549494,1.4676478,0.703515,889,0.6659176029962547,445649.5851419634,5696611.442728618,474.1229753566587,-0.23855035501765087,-0.3605240499600768,-0.1930951999819399,-172.2764350728846,1.2399116789239304,4.7560882977931795,-1.8930556147981292,-0.2207085530386621,6.8912022964384505,1.4676478,0.703515,445649.8236923184,5696611.803252668,474.3160705566406,-170.38337945808647,1.4606202319626065,-2.135113998645269,363,frame_000363.png
4000,4000,4000,1173,0.29325,719,0.6129582267689685,1173,752,0.6410912190963342,445649.5501659144,5696611.48165342,474.1063539750309,-0.4887632475583814,-0.009868588298559189,-0.16326882770346174,150.15434357750829,-1.112623976157548,3.5360038160316876,-1.9601873063677147,-0.05252022802451961,4.599234535930492,1.5019895,0.6952981,752,0.6410912190963342,445649.5501659147,5696611.481653419,474.1063539750349,-0.4887632472673431,-0.009868589229881763,-0.1632688276994827,150.15434357755268,-1.112623978060716,3.5360038157417906,-1.96018730632332,-0.052520229927665696,4.599234535640591,1.5019895,0.6952981,445650.03892916196,5696611.491522009,474.2696228027344,152.114530883876,-1.0601037481330378,-1.0632307198987971,364,frame_000364.png
4000,4000,4000,1111,0.27775,659,0.5931593159315932,1111,709,0.6381638163816382,445649.5122841583,5696611.4755842,474.0967103345148,-0.48729508207179606,-0.01691725291311741,-0.17965685298520384,150.1330966890719,-1.5264459572906899,4.3062769214060586,-1.7787751868435748,-0.5908848412955479,6.059343566386076,1.5331143,0.7339201,709,0.6381638163816382,445649.5122841584,5696611.4755842,474.09671033451536,-0.4872950820135884,-0.01691725291311741,-0.1796568529846354,150.13309668910264,-1.5264459576304603,4.3062769211143355,-1.7787751868128225,-0.590884841635301,6.0593435660943555,1.5331143,0.7339201,445649.9995792404,5696611.492501453,474.2763671875,151.91187187591547,-0.9355611159951469,-1.753066644980016,365,frame_000365.png
4000,4000,4000,1225,0.30625,808,0.6595918367346939,1225,728,0.5942857142857143,445649.23822035396,5696611.455616336,474.1260100296004,-0.5238275777664967,-0.04469711892306805,-0.20437327118088433,150.5238028342605,5.192939141162384,2.944852872041528,-1.6950966448934253,0.23782524185375564,3.1817103907626745,1.4905741,0.73468715,728,0.5942857142857143,445649.238220354,5696611.455616336,474.12601002960605,-0.523827577708289,-0.04469711892306805,-0.20437327117525683,150.52380283427752,5.192939141162335,2.9448528718615914,-1.6950966448764007,0.2378252418536988,3.1817103905827366,1.4905741,0.73468715,445649.7620479317,5696611.500313455,474.3303833007813,152.21889947915392,4.955113899308638,-0.2368575187211399,366,frame_000366.png
4000,4000,4000,1140,0.285,700,0.6140350877192983,1140,725,0.6359649122807017,445648.83681191335,5696611.644529217,474.1562134656089,-0.6662840466597117,0.07737377006560564,-0.20950919064108575,150.49011454211276,5.488654224201175,1.413450144035226,-1.6338601378799638,0.27365563397808046,0.41385821714317217,1.5532678,0.7343121,725,0.6359649122807017,445648.83681191335,5696611.644529217,474.15621346560863,-0.6662840466597117,0.07737377006560564,-0.20950919064136997,150.49011454211197,5.488654224188272,1.4134501440502507,-1.6338601378807596,0.273655633965177,0.41385821715820725,1.5532678,0.7343121,445649.50309596,5696611.567155447,474.36572265625,152.12397467999273,5.214998590223085,0.9995919268920544,367,frame_000367.png
4000,4000,4000,1238,0.3095,790,0.6381260096930533,1238,812,0.6558966074313409,445648.5593384613,5696611.780032933,474.1734479820591,-0.5490690692677163,0.041896612383425236,-0.19767628551903726,150.47587355443113,4.005379800962536,1.758803390179403,-1.6151616160206288,0.22905593185149087,1.1727152166302517,1.4912081,0.72858685,812,0.6558966074313409,445648.5593384613,5696611.780032933,474.1734479820592,-0.5490690692677163,0.041896612383425236,-0.19767628551892358,150.47587355447646,4.005379801307062,1.7588033896558646,-1.6151616159752962,0.22905593219601883,1.1727152161067238,1.4912081,0.72858685,445649.1084075306,5696611.73813632,474.3711242675781,152.09103517045176,3.776323869111055,0.5860881735491381,368,frame_000368.png
4000,4000,4000,1182,0.2955,803,0.6793570219966159,1182,713,0.6032148900169205,445647.34412704053,5696612.455431083,474.2637344177044,-0.5653171768062748,0.06167437508702278,-0.10800020143619804,154.66103479003777,-7.979513685333816,3.0034060659407493,-2.0388227689423957,-0.08113766928659061,3.694947778166437,1.5437651,0.7645596,713,0.6032148900169205,445647.34412704076,5696612.455431083,474.2637344176998,-0.5653171765734442,0.06167437508702278,-0.10800020144080236,154.66103479013682,-7.979513687129794,3.003406065755012,-2.038822768843346,-0.08113767108255843,3.694947777980701,1.5437651,0.7645596,445647.90944421734,5696612.393756708,474.3717346191406,156.69985755898017,-7.898376016047228,-0.6915417122256949,369,frame_000369.png
4000,4000,4000,1266,0.3165,978,0.7725118483412322,1266,920,0.7266982622432859,445647.27931721887,5696612.419653594,474.2430555408178,-0.5286133722984232,-0.10044505633413792,-0.13566760371350028,175.50097457721498,-5.013516965951379,5.5124027003178275,-1.244092032869304,-0.26634462351373145,8.430851148939638,1.4990295,0.72276074,920,0.7266982622432859,445646.85377459024,5696611.235301051,473.837966325778,-0.954156000923831,-1.2847975986078382,-0.5407568187533229,175.39135243397627,-2.9700454591541563,13.89253497374457,-1.3537141761080136,1.7771268832834721,16.810983422366405,13.484039,8.782023,445647.80793059117,5696612.52009865,474.3787231445313,176.74506661008428,-4.747172342437636,-2.9184484486218185,370,frame_000370.png
4000,4000,4000,1232,0.308,915,0.7426948051948052,1232,780,0.6331168831168831,445647.23658820195,5696612.421452318,474.23313355048913,-0.4499272530665621,-0.24919853825122118,-0.16866088310462146,-161.9293725676815,-1.8906186567357348,7.1620886432868485,-2.1356342026590482,-0.31259034552505227,11.708008134757591,1.5176661,0.7217565,780,0.6331168831168831,445647.23658820224,5696612.421452318,474.2331335504124,-0.4499272527755238,-0.24919853825122118,-0.16866088318136008,-161.9293725675095,-1.890618657846776,7.162088646243577,-2.13563420248704,-0.3125903466360853,11.708008137714302,1.5176661,0.7217565,445647.686515455,5696612.670650857,474.40179443359375,-159.79373836502245,-1.5780283112106965,-4.545919491470734,371,frame_000371.png
4000,4000,4000,1129,0.28225,936,0.829052258635961,1129,703,0.6226749335695305,445647.2273710559,5696612.3986543985,474.23155416439465,-0.20876393758226186,-0.3980641206726432,-0.1834543805272233,-139.3174753279636,-0.8461830553314983,4.544383147410751,-1.3075998174136885,-0.08595223422111076,6.874515153744426,1.5674338,0.7389143,703,0.6226749335695305,445647.2273710558,5696612.398654398,474.2315541643649,-0.20876393769867718,-0.39806412160396576,-0.1834543805569524,-139.31747532805045,-0.8461830540995711,4.544383147594273,-1.3075998175005452,-0.08595223298917176,6.874515153927945,1.5674338,0.7389143,445647.4361349935,5696612.796718519,474.4150085449219,-138.0098755105499,-0.7602308211103946,-2.330132006333681,372,frame_000372.png
4000,4000,4000,1120,0.28,752,0.6714285714285714,1120,614,0.5482142857142858,445647.19669833424,5696612.258086539,474.2103045518002,-0.12334109068615362,-0.5257586678490043,-0.19704408101227955,-116.53497775958301,0.9382451557186884,1.6920642932151269,-2.2109942284003523,0.6086538256438416,1.5590890656288536,1.5002075,0.7477098,614,0.5482142857142858,445647.1966983344,5696612.258086539,474.2103045518278,-0.12334109051153064,-0.5257586678490043,-0.1970440809847105,-116.53497775948331,0.9382451541426313,1.6920642936976458,-2.210994228300649,0.6086538240677726,1.559089066111369,1.5002075,0.7477098,445647.3200394249,5696612.783845207,474.4073486328125,-114.32398353118265,0.3295913300748591,0.13297522758628696,373,frame_000373.png
4000,4000,4000,1155,0.28875,932,0.8069264069264069,1155,690,0.5974025974025974,445647.43029532005,5696612.190973948,474.2177310680683,0.29648955940501764,-0.43238122668117285,-0.18760340458794644,-70.19256292226581,1.3372544483677655,1.4801998645231627,-0.28922653828561806,-0.09292284080950708,1.0091214686818546,1.4765815,0.70549864,690,0.5974025974025974,445647.4302953201,5696612.190973948,474.2177310680745,0.2964895594632253,-0.43238122668117285,-0.1876034045817505,-70.1925629222592,1.3372544483078548,1.4801998646525818,-0.2892265382790242,-0.09292284086942004,1.009121468811287,1.4765815,0.70549864,445647.13380576065,5696612.623355174,474.40533447265625,-69.90333638398019,1.4301772891772686,0.471078395841303,374,frame_000374.png
4000,4000,4000,1162,0.2905,756,0.6506024096385542,1162,761,0.6549053356282272,445647.5515644591,5696612.197051423,474.24646019828674,0.4672188271651976,-0.15240987669676542,-0.1648252021038843,-47.063813204375464,0.3906735483816942,1.2546466007683792,-1.09027649830972,-0.3304016808243091,0.2400970858584799,1.4894602,0.7292631,761,0.6549053356282272,445647.5515644593,5696612.197051422,474.24646019826196,0.46721882733982056,-0.152409877628088,-0.16482520212866802,-47.06381320453307,0.3906735520087331,1.2546465987664523,-1.0902764984673183,-0.33040167719727265,0.24009708385656836,1.4894602,0.7292631,445647.08434563194,5696612.349461299,474.4112854003906,-45.97353670606576,0.7210752292060071,1.0145495149098853,375,frame_000375.png
4000,4000,4000,1153,0.28825,771,0.6686903729401561,1153,741,0.6426712922810061,445647.6672795754,5696612.222315849,474.2521251284334,0.5015488603967242,0.018585767596960068,-0.16883434422283017,-31.658616393102292,0.5280026384671008,-0.28033582223114756,-1.2855038490238542,-0.22900474314144503,-2.586470206054571,1.4909067,0.72522783,741,0.6426712922810061,445647.6672795754,5696612.222315849,474.2521251284397,0.5015488603967242,0.018585767596960068,-0.1688343442165774,-31.65861639310614,0.5280026382997859,-0.28033582204702856,-1.2855038490277195,-0.22900474330876364,-2.586470205870455,1.4909067,0.72522783,445647.16573071503,5696612.203730081,474.42095947265625,-30.373112544078428,0.757007381608552,2.3061343838234176,376,frame_000376.png
4000,4000,4000,1274,0.3185,817,0.641287284144427,1274,843,0.6616954474097331,445647.6802877301,5696612.257355297,474.2395362340045,0.48425249429419637,0.044468265026807785,-0.17257314099549603,-31.727807798790682,1.4347236010227042,-1.751152642356256,-1.3910440222200862,-0.45147439047039484,-5.738610084182682,1.5801713,0.74771726,843,0.6616954474097331,445647.6802878568,5696612.257355289,474.2395362455883,0.4842526209540665,0.044468256644904613,-0.17257312941171676,-31.72780774180595,1.4347243302571058,-1.751152243118411,-1.3910439652353546,-0.4514736612360082,-5.738609684944862,1.5801712,0.7477174,445647.19603523583,5696612.212887032,474.412109375,-30.33676377657059,1.8861979914931122,3.987457441826438,377,frame_000377.png
4000,4000,4000,1147,0.28675,843,0.7349607672188317,1147,694,0.6050566695727986,445647.71543807286,5696612.262212726,474.2318873356768,0.4545884567196481,0.035896388813853264,-0.19371080885451875,-31.63024201609994,3.0308786094138673,-0.6652035130034616,-1.4239271186335145,-0.5119263888775549,-3.559547143404899,1.526072,0.71582586,694,0.6050566695727986,445647.7154380727,5696612.262212726,474.2318873356166,0.4545884565450251,0.035896388813853264,-0.19371080891471593,-31.630242016151023,3.0308786094190894,-0.6652035147505455,-1.4239271186845883,-0.5119263888723253,-3.5595471451519813,1.526072,0.71582586,445647.26084961614,5696612.2263163375,474.4255981445313,-30.206314897466434,3.5428049982914107,2.89434363040143,378,frame_000378.png
4000,4000,4000,1174,0.2935,838,0.7137989778534923,1174,787,0.6703577512776832,445647.7973507928,5696612.237066604,474.22932574700513,0.4929690629360266,0.02154105994850397,-0.19792034674486558,-31.54005862473463,5.269428317476766,-0.11987931989790966,-1.3836740066654727,-0.32848487656349334,-2.544026709167042,1.5625077,0.7190573,787,0.6703577512776832,445647.79735079274,5696612.237066604,474.22932574700667,0.49296906287781894,0.02154105994850397,-0.1979203467433308,-31.540058624740688,5.269428317141857,-0.11987932003878375,-1.3836740066715265,-0.32848487689838635,-2.5440267093079,1.5625077,0.7190573,445647.30438172986,5696612.215525544,474.42724609375,-30.156384618069165,5.597913194040257,2.42414738926912,379,frame_000379.png
4000,4000,4000,1154,0.2885,904,0.7833622183708839,1154,749,0.6490467937608319,445647.8241453919,5696612.195762825,474.2208139616627,0.46772234985837713,0.012874226085841656,-0.2213247102122864,-31.594605788948304,8.763026529842552,-0.31618043767874143,-1.4541669708672487,-0.6546097641883932,-2.8176513876200033,2.1982508,1.0346289,749,0.6490467937608319,445647.8577861666,5696612.163712175,474.2149142778141,0.5013631245819852,-0.019176424480974674,-0.22722439406089734,-31.580080482172,9.091233668362937,-0.3329137621041739,-1.4396416640909422,-0.3264026256680097,-2.8343847120454484,1.5142667,0.7160758,445647.356423042,5696612.182888599,474.442138671875,-30.14043881808105,9.417636294030945,2.501470949941269,380,frame_000380.png
4000,4000,4000,1165,0.29125,851,0.7304721030042919,1165,678,0.5819742489270386,445648.0360481722,5696612.085044475,474.22526375812527,0.5856018367921934,-0.051633710972964764,-0.22911246257785933,-31.622580143328353,9.791690453168462,0.5089935821874898,-1.3700509405485377,-0.13130234901680637,-1.372436089510444,1.5489554,0.73238105,678,0.5819742489270386,445648.03604817425,5696612.085044474,474.225263757966,0.5856018388294615,-0.05163371190428734,-0.2291124627371346,-31.622580142853433,9.791690465309099,0.5089935876148103,-1.3700509400736394,-0.13130233687616055,-1.3724360840831196,1.5489554,0.73238105,445647.4504463354,5696612.136678186,474.4543762207031,-30.2525292027798,9.922992802185268,1.8814296716979213,381,frame_000381.png
4000,4000,4000,1227,0.30675,715,0.582722086389568,1227,788,0.6422167889160554,445648.2648140954,5696611.932808235,474.2174415813202,0.502256149367895,-0.014337572269141674,-0.21294782297667325,-32.12904727819944,6.270791262856957,0.5408022347820008,-1.3976078261216287,0.013246173497293512,-1.2457616461935572,1.5176779,0.7278547,788,0.6422167889160554,445648.26481409534,5696611.932808235,474.21744158131844,0.5022561493096873,-0.014337572269141674,-0.2129478229784354,-32.129047278209725,6.27079126221077,0.5408022346211926,-1.3976078261319174,0.013246172851097526,-1.2457616463543673,1.5176779,0.7278547,445647.76255794603,5696611.947145808,474.4303894042969,-30.7314394520778,6.2575450893596685,1.786563880975571,382,frame_000382.png
4000,4000,4000,1258,0.3145,1030,0.8187599364069952,1258,782,0.6216216216216216,445648.59367526567,5696611.755509189,474.21930707766285,0.6282709020306356,-0.05928152520209551,-0.20030962155595944,-32.285049612684915,3.532975847996687,0.31408495173434686,-1.4026629212255557,-0.007578582419881741,-1.842571844738785,1.49668,0.74076325,782,0.6216216216216216,445648.5936752664,5696611.755509189,474.21930707766234,0.6282709027873352,-0.05928152520209551,-0.20030962155647103,-32.285049612593895,3.5329758508689397,0.3140849561386152,-1.402662921134521,-0.007578579547640629,-1.8425718403345286,1.49668,0.74076325,445647.96540436364,5696611.8147907145,474.4196166992188,-30.882386691459363,3.540554430416575,2.1566567964731442,383,frame_000383.png
4000,4000,4000,1337,0.33425,898,0.6716529543754675,1337,805,0.6020942408376964,445648.80060207465,5696611.548421022,474.2166029787751,0.6061338477884419,-0.1196368457749486,-0.194835009506221,-32.234986994829896,2.1186042570598707,-0.018327219496135132,-1.4802841425999134,-0.4153847896611751,-2.080931343585519,1.4749882,0.710682,805,0.6020942408376964,445648.8006020743,5696611.548421022,474.2166029787613,0.606133847439196,-0.1196368457749486,-0.19483500952003396,-32.23498699491736,2.118604255105871,-0.018327220782697166,-1.480284142687367,-0.4153847916151676,-2.0809313448720843,1.4749882,0.710682,445648.19446822687,5696611.668057867,474.4114379882813,-30.75470285222999,2.5339890467210475,2.0626041240893933,384,frame_000384.png
4000,4000,4000,1183,0.29575,885,0.7480980557903635,1183,836,0.7066779374471682,445649.168793144,5696611.366350397,474.2201509687752,0.7402907669893466,-0.15164357144385576,-0.17453286911541,-31.98362357693713,1.6336528757793487,0.7866429006379757,-1.4175562317479944,-0.2142750260027526,-0.7780186782744352,1.500266,0.67287,836,0.7066779374471682,445649.168793144,5696611.366350397,474.22015096877567,0.7402907669893466,-0.15164357144385576,-0.17453286911495525,-31.983623576940104,1.6336528757359485,0.7866429005483869,-1.4175562317509502,-0.21427502604615256,-0.7780186783640204,1.500266,0.67287,445648.428502377,5696611.517993968,474.3946838378906,-30.56606734518915,1.8479279017821153,1.5646615789124139,385,frame_000385.png
4000,4000,4000,1450,0.3625,934,0.6441379310344828,1450,959,0.6613793103448276,445649.43844352284,5696611.168497074,474.21742012918236,0.5335316309356131,-0.03834242466837168,-0.17930838644264213,-31.882973073753682,1.2234489596619595,0.7833636192553236,-1.4473639763861854,-0.3682508846737562,-0.670363333895466,1.5408545,0.7198138,959,0.6613793103448276,445649.4384435222,5696611.168497074,474.21742012913313,0.5335316302953288,-0.03834242466837168,-0.17930838649186853,-31.882973073937066,1.2234489566686932,0.7833636160731509,-1.4473639765695623,-0.36825088766701697,-0.6703633370776458,1.5408545,0.7198138,445648.9049118919,5696611.206839499,474.396728515625,-30.435609097367497,1.591699844335724,1.4537269531507877,386,frame_000386.png
4000,4000,4000,1155,0.28875,850,0.7359307359307359,1155,696,0.6025974025974026,445649.79215673584,5696610.9989238195,474.2201558730989,0.6498269257135689,-0.05706287082284689,-0.1704386093229573,-31.791525009153663,1.0496563735655342,0.8738690088457791,-1.3928526419855132,-0.19259362066969743,-0.7950846907683058,1.4789795,0.70603496,696,0.6025974025974026,445649.79215673584,5696610.9989238195,474.22015587309767,0.6498269257135689,-0.05706287082284689,-0.17043860932420785,-31.791525009150035,1.0496563736705236,0.8738690089101016,-1.3928526419819036,-0.19259362056470763,-0.795084690703959,1.4789795,0.70603496,445649.1423298101,5696611.05598669,474.3905944824219,-30.398672367168146,1.2422499942352392,1.6689536996140737,387,frame_000387.png
4000,4000,4000,1316,0.329,833,0.6329787234042553,1316,908,0.6899696048632219,445650.04787077726,5696610.822475354,474.2311446988897,0.6751295430585742,-0.08596479054540396,-0.16411897298530675,-31.91996621494264,1.3986837043845919,0.49056825350829786,-1.4235202827788669,-0.2659064745602677,-1.4668128439542443,1.4767313,0.7218178,908,0.6899696048632219,445650.0478707773,5696610.822475354,474.23114469888407,0.6751295431167819,-0.08596479054540396,-0.16411897299093425,-31.919966214917686,1.3986837054182426,0.4905682530520443,-1.4235202827539126,-0.2659064735265986,-1.466812844410498,1.4767313,0.7218178,445649.3727412342,5696610.908440145,474.395263671875,-30.496445932163766,1.6645901789448487,1.9573810974625372,388,frame_000388.png
4000,4000,4000,1275,0.31875,797,0.6250980392156863,1275,867,0.68,445650.2986287907,5696610.664859384,474.235224118286,0.6918712320621125,-0.11019975878298283,-0.16501391882337657,-31.877628106295465,1.4359024848516317,0.35311518875478926,-1.3904231180461863,-0.45922129335770023,-1.6666284226783432,1.5686407,0.71501964,867,0.68,445650.29862879094,5696610.664859383,474.2352241182243,0.6918712322949432,-0.1101997597143054,-0.16501391888505168,-31.877628106358568,1.435902489136043,0.3531151844190088,-1.390423118109311,-0.45922128907326965,-1.6666284270141034,1.5686407,0.71501964,445649.60675755865,5696610.775059143,474.4002380371094,-30.487204988249268,1.8951237782093255,2.0197436114331238,389,frame_000389.png
4000,4000,4000,1217,0.30425,726,0.5965488907148726,1217,757,0.6220213640098603,1108874.5494380454,5917123.854041009,-1252124.337446035,663224.2948291443,220513.47666688915,-1252598.744123281,151.4920488434551,20.535916467485592,19.9136517450739,-177.79871171182685,18.185025787709378,17.530401142719143,486.7906,226.23508,757,0.6220213640098603,445650.84067135863,5696610.28695115,474.23508769630234,0.5860624575288966,-0.09042297024279833,-0.17158954979140617,-32.14249395184542,2.237858286038559,-0.28866997744432854,-1.4332545071273728,-0.1130323937376545,-2.671920579799064,1.5520874,0.7066928,445650.2546089011,5696610.37737412,474.40667724609375,-30.709239444718055,2.3508906797762252,2.3832506023547495,390,frame_000390.png
4000,4000,4000,1244,0.311,730,0.5868167202572347,1244,784,0.6302250803858521,444273.5906457341,5697108.216268557,3403.3464699279134,-1377.0862687155604,498.08259518351406,2928.9477577697103,17.159532343971012,-21.352643969948826,20.914664990721615,48.0559282198775,-24.346558633829318,18.973359234020165,489.1947,198.19139,784,0.6302250803858521,445651.36012912565,5696609.996385947,474.2300876687514,0.6832146759843454,-0.1372874267399311,-0.16862448945170172,-32.36880095854896,2.7918609785539723,0.37542640474816075,-1.4724050826424673,-0.20205368532654688,-1.5658793519532992,1.5313267,0.7418535,445650.67691444966,5696610.133673374,474.3987121582031,-30.89639587590649,2.993914663880507,1.9413057567014513,391,frame_000391.png
4000,4000,4000,1119,0.27975,797,0.7122430741733691,1119,700,0.6255585344057194,445650.8433191407,5696610.150958586,456.7570352128596,-0.2398727455874905,0.2748117046430707,-17.652052921906034,147.66475347461727,-1.6439858603362372,-0.26888002964298596,178.5025496096294,-5.516255112670223,-1.961686981467608,5.446852,4.4486613,700,0.6255585344057194,445651.6017635509,5696609.860675676,474.2248999488215,0.5185716645792127,-0.015471205115318298,-0.18418818594415143,-32.295759464580385,3.5286911788371107,0.6611695448765817,-1.4579633295682584,-0.34357807349687164,-1.0316374069480503,1.5247494,0.7024007,445651.0831918863,5696609.876146881,474.4090881347656,-30.837796135012113,3.8722692523339877,1.6928069518246287,392,frame_000392.png
4000,4000,4000,1127,0.28175,728,0.6459627329192547,1127,765,0.678793256433008,445646.6147170884,5696610.208955219,458.8618716348812,-4.8975665252655745,0.587386273778975,-15.546453560431303,147.52249851122738,-34.780628302438714,-15.802922124393607,178.14478379471728,-37.56650270712717,-18.102274028213543,75.04038,46.21196,765,0.678793256433008,445652.1550878221,5696609.522355,474.22639828428197,0.6428042084444314,-0.09921394567936659,-0.18192691103052994,-32.10947955732871,2.6733366003733567,-0.058109050816331644,-1.48719427383881,-0.11253780431508176,-2.357460954636281,1.5218358,0.7376077,445651.5122836137,5696609.621568945,474.4083251953125,-30.622285283489898,2.7858744046884496,2.299351903819938,393,frame_000393.png
4000,4000,4000,1114,0.2785,698,0.6265709156193896,1114,706,0.6337522441651705,445649.0625661694,5696614.996011735,472.210728882964,-2.6657976977876388,5.5015430534258485,-2.2026317127391053,-23.00393752073677,-37.41393887866789,24.170329572190006,7.7554957351333655,-39.596871659654454,21.658493097916732,73.65004,57.345665,706,0.6337522441651705,445652.4559841617,5696609.383764649,474.2386878787391,0.7276202944922261,-0.11070403270423412,-0.1746727169640394,-32.259356556052815,2.012959388907966,-0.0882431307767935,-1.4999233001826724,-0.16997339207858886,-2.600079605050041,1.5404717,0.7190428,445651.7283638672,5696609.4944686815,474.4133605957031,-30.75943325587014,2.182932780986569,2.5118364742732586,394,frame_000394.png
4000,4000,4000,1171,0.29275,638,0.5448334756618275,1171,799,0.6823228010247652,445652.7222992635,5696609.235437886,474.2337269332692,0.5411018846207298,-0.009014302864670753,-0.17487292024640055,-32.41992568000539,1.7012349219740122,-0.6879735872656183,-1.5172967256546883,-0.37298803238749656,-3.703468258602811,4.920323,1.2349019,799,0.6823228010247652,445652.72868582245,5696609.209292085,474.2352825463861,0.5474884435534477,-0.03516010381281376,-0.17331730712953686,-32.41664848693123,1.8930303052999617,-0.6696086914551346,-1.5140195325805053,-0.18119264906155763,-3.685103362792347,1.6026716,0.7140539,445652.1811973789,5696609.244452189,474.4085998535156,-30.902628954350714,2.07422295436152,3.0154946713371986,395,frame_000395.png
4000,4000,4000,1055,0.26375,627,0.5943127962085308,1055,591,0.5601895734597157,445664.7529021473,5696606.18265495,471.7016819658044,12.358294708654284,-2.9331482965499163,-2.7094508466955745,55.30728068362741,51.86154362937042,116.59303873200408,86.24972947238336,49.38453120745851,113.63134185794553,361.39795,192.67032,591,0.5601895734597157,445653.0248077628,5696609.028670808,474.2393943166782,0.6302003241726197,-0.08713243808597326,-0.1717384958217849,-32.4765429011168,2.5079210433308856,-0.6625564775422236,-1.5340941123608616,0.030908621418973325,-3.6242533516007995,1.5290914,0.7133108,445652.39460743865,5696609.115803246,474.4111328125,-30.942448788755932,2.4770124219119234,2.9616968740585654,396,frame_000396.png
4000,4000,4000,1163,0.29075,631,0.5425623387790198,1163,766,0.6586414445399829,445653.2799167232,5696608.884732016,474.2345337990835,0.6658458893653005,-0.11008435301482677,-0.1787657614633531,-32.51016098975667,2.1575520903206353,-0.7493336718661919,-1.4785161286864934,-0.17738247340844282,-3.824846107630435,1.4767398,0.709826,766,0.6586414445399829,445653.27991672256,5696608.884732016,474.2345337991139,0.6658458887250163,-0.11008435301482677,-0.17876576143299872,-32.51016098994242,2.1575520863335194,-0.749333673023446,-1.4785161288722577,-0.1773824773955539,-3.824846108787682,1.4767398,0.709826,445652.61407083384,5696608.994816369,474.4132995605469,-31.031644861070166,2.3349345637290853,3.07551243576424,397,frame_000397.png
4000,4000,4000,946,0.2365,544,0.5750528541226215,946,585,0.6183932346723044,445653.54713622265,5696608.678212264,474.21946248317477,0.7247534557827748,-0.18926729261875153,-0.19008341526273398,-32.42148478742489,2.3671525947104715,-0.5391479779287481,-1.472816996727687,0.10667642105173059,-3.180546839252912,1.5638007,0.72393495,585,0.6183932346723044,445653.54713622254,5696608.678212264,474.21946248316675,0.7247534556663595,-0.18926729261875153,-0.1900834152707489,-32.42148478746748,2.3671525941852876,-0.5391479782423976,-1.472816996770291,0.10667642052655424,-3.1805468395665457,1.5638007,0.72393495,445652.82238276687,5696608.867479556,474.4095458984375,-30.94866779069719,2.2604761736587324,2.6413988613241544,398,frame_000398.png
4000,4000,4000,1069,0.26725,638,0.5968194574368568,1069,668,0.6248830682881198,445653.7753925005,5696608.597690874,474.2234301926741,0.5329765458009206,-0.01984249521046877,-0.18883177021655229,-32.52243768564282,2.196953233390447,-0.41773720913689266,-1.5438368974012349,-0.3295934888535328,-3.1769391687566895,1.5728394,0.6948695,668,0.6248830682881198,445653.7753925007,5696608.597690874,474.2234301926626,0.5329765459755436,-0.01984249521046877,-0.18883177022803466,-32.52243768555404,2.1969532353600703,-0.4177372099623194,-1.5438368973124454,-0.3295934868839083,-3.1769391695821128,1.5728394,0.6948695,445653.2424159547,5696608.617533369,474.4122619628906,-30.978600788241586,2.526546722243968,2.759201959619792,399,frame_000399.png
4000,4000,4000,939,0.23475,656,0.6986155484558041,939,536,0.5708200212992546,445654.8530502562,5696607.990479278,474.23107842841756,0.5874927422264591,-0.019161265343427658,-0.1586920793949389,-32.52323777298887,2.807102830523184,-0.057427906855096404,-1.513330984215031,-0.027457374793414147,-2.7659809359074075,1.5238603,0.73913264,536,0.5708200212992546,445654.85305025615,5696607.990479279,474.23107842844985,0.5874927421682514,-0.019161264412105083,-0.15869207936265184,-32.52323777301897,2.807102829498845,-0.05742790601745333,-1.5133309842451297,-0.027457375817732554,-2.765980935069763,1.5238603,0.73913264,445654.265557514,5696608.009640544,474.3897705078125,-31.009906788773847,2.834560205316586,2.708553029052302,400,frame_000400.png
4000,4000,4000,928,0.232,661,0.7122844827586207,928,545,0.5872844827586207,445654.395677957,5696609.07854771,474.17740769106473,-0.06772899569477886,1.201890048570931,-0.22527175229464547,-32.33682769138892,-4.977130836902592,3.968522646976806,-1.4600947214381677,-7.844084134372508,1.284239210293265,12.0172415,6.762679,545,0.5872844827586207,445655.0750684963,5696607.824144045,474.219327120501,0.6116615436039865,-0.052513616159558296,-0.18335232285835446,-32.35145140328877,2.7612447420030093,-0.24539610461145733,-1.474718433338012,-0.10570855546689018,-2.9296795412949734,1.4785331,0.69469625,445654.4634069527,5696607.876657661,474.4026794433594,-30.87673296995076,2.8669532974699132,2.6842834366835278,401,frame_000401.png
4000,4000,4000,1041,0.26025,653,0.627281460134486,1041,567,0.5446685878962536,445655.34241713607,5696607.686608306,474.2203166816647,0.6750599292572588,-0.07186489645391703,-0.1769611503665942,-32.41941921160394,3.245267349196662,-0.3111536718676377,-1.5582611877938177,-0.06093725300789288,-3.164792989584413,1.4967879,0.7137347,567,0.5446685878962536,445655.34241713525,5696607.686608306,474.22031668166215,0.6750599284423515,-0.07186489645391703,-0.17696115036915216,-32.41941921164953,3.2452673452492986,-0.31115367464178983,-1.5582611878394346,-0.06093725695524199,-3.1647929923585707,1.4967879,0.7137347,445654.6673572068,5696607.758473203,474.3972778320313,-30.86115802381011,3.306204602204546,2.853639317716771,402,frame_000402.png
4000,4000,4000,992,0.248,636,0.6411290322580645,992,575,0.5796370967741935,445655.48653819086,5696607.446849297,474.19071536260975,0.6187950247549452,-0.18829921260476112,-0.20778317254649892,-32.257244708230616,2.856911431624056,-1.0532002092400143,-1.5145380353752103,-0.3218751461912177,-3.8501065500254015,1.593536,0.7416207,575,0.5796370967741935,445655.4865381911,5696607.446849297,474.190715362655,0.6187950249877758,-0.18829921260476112,-0.20778317250125156,-32.25724470816576,2.856911432299642,-1.0532002074975026,-1.514538035310352,-0.3218751455156337,-3.8501065482828665,1.593536,0.7416207,445654.8677431661,5696607.635148509,474.39849853515625,-30.742706672855398,3.1787865778152873,2.796906340785377,403,frame_000403.png
4000,4000,4000,887,0.22175,697,0.7857948139797069,887,486,0.5479143179255919,445655.7883883601,5696607.331478542,474.20083234218265,0.5141245683771558,-0.054486485198140144,-0.19223406406734966,-32.3773918220517,2.6798571612513165,-0.7265110495586642,-1.6187892839160725,-0.2268741117829336,-3.588309032509869,1.5773581,0.728126,486,0.5479143179255919,445655.78838836023,5696607.331478542,474.20083234211967,0.5141245684935711,-0.054486485198140144,-0.19223406413033217,-32.37739182208236,2.6798571636160893,-0.7265110519643282,-1.6187892839467395,-0.22687410941813368,-3.5883090349155395,1.5773581,0.728126,445655.27426379174,5696607.385965027,474.39306640625,-30.75860253813563,2.9067312730342367,2.861797982951212,404,frame_000404.png
4000,4000,4000,947,0.23675,611,0.6451953537486801,947,578,0.6103484688489969,450079.6744525811,5695610.222770163,4038.9600803954745,4424.194656981155,-997.0443738205358,3564.5719578368808,49.80592094739878,35.42479811982454,-39.91907055627845,80.67199362301187,32.52351065212477,-43.18722655052079,409.0498,201.8706,578,0.6103484688489969,445656.0494750386,5696607.207335058,474.2186305371215,0.569679438660387,-0.05980892572551966,-0.1694920214722515,-32.40970377976151,2.610024580394167,-0.9444682599619092,-1.5436311041484032,-0.29126288730560645,-4.212624254204258,1.5215126,0.7366148,445655.47979559994,5696607.267143983,474.38812255859375,-30.866072675613097,2.9012874676997633,3.2681559942423526,405,frame_000405.png
4000,4000,4000,1113,0.27825,851,0.7646001796945193,1113,652,0.5858041329739443,445656.28378580255,5696607.0670945505,474.2189543633964,0.6060266105923802,-0.07493147440254688,-0.17533274597860782,-32.41897817533187,3.0095771666453213,-0.7749484658464346,-1.5170960334853305,-0.43220022599706454,-3.8569463292722617,1.5498073,0.71585685,652,0.5858041329739443,445656.28378580255,5696607.0670945505,474.21895436339867,0.6060266105923802,-0.07493147440254688,-0.17533274597633408,-32.41897817533278,3.009577166634735,-0.7749484657419952,-1.51709603348624,-0.43220022600766583,-3.8569463291678403,1.5498073,0.71585685,445655.67775919195,5696607.142026025,474.394287109375,-30.901882141846535,3.441777392642392,3.0819978634258325,406,frame_000406.png
4000,4000,4000,1145,0.28625,773,0.6751091703056769,1145,681,0.5947598253275109,445656.4973365313,5696606.9113445,474.2083524716015,0.6134015832212754,-0.10761217679828405,-0.18965778230483465,-32.262518111630044,2.688196164205431,-1.1512930620432065,-1.5087954840865052,-0.6149806705296328,-4.439468623048981,1.5317369,0.71626705,681,0.5947598253275109,445656.4973365309,5696606.9113445,474.2083524715331,0.6134015828138217,-0.10761217679828405,-0.1896577823732173,-32.26251811177549,2.6881961621153505,-1.1512930638029142,-1.508795484231939,-0.6149806726197085,-4.439468624808683,1.5317369,0.71626705,445655.88393494807,5696607.018956677,474.3980102539063,-30.753722627543546,3.3031768347350603,3.2881755610057786,407,frame_000407.png
4000,4000,4000,1238,0.3095,820,0.6623586429725363,1238,704,0.568659127625202,445656.9302008589,5696606.726511918,474.2172637563354,0.6232558066840284,-0.043859487399458885,-0.18483585303960126,-32.14640741379125,3.133826080869048,-1.1853394069987995,-1.4941334340830394,0.24232150739811686,-4.812857250354938,2.6226046,1.0943766,704,0.568659127625202,445656.87443146494,5696606.737272118,474.21678742276424,0.5674864127067849,-0.03309928718954325,-0.18531218661075854,-32.16783827880493,2.848663521050586,-1.2476971099459937,-1.5155642990967237,-0.04284105242035707,-4.875214953302134,1.543156,0.7377825,445656.30694505223,5696606.770371405,474.402099609375,-30.6522739797082,2.8915045734709297,3.6275178433561255,408,frame_000408.png
4000,4000,4000,1034,0.2585,770,0.7446808510638298,1034,619,0.5986460348162476,445657.1112233392,5696606.560595771,474.2102913379955,0.582204103586264,-0.08769163768738508,-0.18066935536387518,-31.966851048718382,2.3272300408028617,-1.7813879334187286,-1.4625906154613801,-0.14555900906208308,-5.715860155464924,1.4993644,0.7354536,619,0.5986460348162476,445657.11122333887,5696606.560595771,474.21029133799095,0.582204103237018,-0.08769163768738508,-0.18066935536842266,-31.96685104884819,2.3272300386454052,-1.7813879341932999,-1.462590615591182,-0.14555901121954662,-5.715860156239501,1.4993644,0.7354536,445656.52901923563,5696606.648287409,474.3909606933594,-30.50426043325701,2.4727890498649434,3.9344722220461987,409,frame_000409.png
4000,4000,4000,1209,0.30225,972,0.8039702233250621,1209,747,0.6178660049627791,445657.8918275984,5696606.152428155,474.15949674898377,1.1452639373601414,-0.3703245371580124,-0.22868684476623002,-31.778699152874292,5.384039710222215,-1.3680573354280803,-1.25053765189665,3.1479438220934526,-5.126201238462301,4.433114,1.833118,747,0.6178660049627791,445657.41848101415,5696606.461027068,474.2134703879015,0.6719173531164415,-0.06172562390565872,-0.17471320584849082,-32.00685993001428,2.0075315758446513,-1.205007171026193,-1.4786984290366547,-0.22856431228413499,-4.9631510740603915,1.5391233,0.7182674,445656.746563661,5696606.522752692,474.38818359375,-30.528161500977635,2.2360958881287742,3.758143903034211,410,frame_000410.png
4000,4000,4000,1198,0.2995,809,0.6752921535893155,1198,813,0.6786310517529215,445657.7223383542,5696606.312682413,474.22313776711087,0.7563173229573295,-0.0900245001539588,-0.16583928367043654,-31.99769700159311,1.7676532475555402,-0.9824924568824887,-1.5670429786588613,-0.09005407108332975,-4.670113063844866,1.5160053,0.70249593,813,0.6786310517529215,445657.72233835404,5696606.312682413,474.2231377671043,0.7563173227827065,-0.0900245001539588,-0.16583928367703038,-31.997697001634155,1.7676532465673687,-0.9824924573580291,-1.5670429786999023,-0.09005407207149574,-4.670113064320418,1.5160053,0.70249593,445656.96602103126,5696606.402706913,474.3889770507813,-30.43065402293425,1.8577073186388637,3.687620606962388,411,frame_000411.png
4000,4000,4000,1378,0.3445,795,0.5769230769230769,1378,917,0.6654571843251088,445657.9477811517,5696606.153177514,474.22366952204095,0.5654389903647825,0.003704814240336418,-0.15999747014654986,-31.93986310755958,1.8833207158568943,-1.97254417115162,-1.5006741769196594,-0.17904035318434808,-6.432891670818066,1.5338801,0.7163804,917,0.6654571843251088,445657.94778115134,5696606.153177514,474.2236695220502,0.5654389900155365,0.003704814240336418,-0.15999747013728438,-31.939863107700447,1.8833207135274779,-1.972544171457825,-1.5006741770605174,-0.17904035551376296,-6.432891671124281,1.5338801,0.7163804,445657.3823421613,5696606.1494726995,474.3836669921875,-30.439188930639922,2.062361069041244,4.460347499666443,412,frame_000412.png
4000,4000,4000,1386,0.3465,904,0.6522366522366523,1386,831,0.5995670995670995,445658.1843046597,5696605.952235752,474.22663399920145,0.592771232011728,-0.08093915414065123,-0.16624930157985318,-31.97899969532425,2.563095109208222,-0.9956841223052141,-1.4594159885944293,-0.14457545288902907,-4.235781744774329,1.4712218,0.7323332,831,0.5995670995670995,445658.1843046597,5696605.952235752,474.2266339992014,0.592771232011728,-0.08093915414065123,-0.16624930157991002,-31.978999695324575,2.5630951091871403,-0.995684122309867,-1.459415988594742,-0.14457545291011797,-4.23578174477899,1.4712218,0.7323332,445657.5915334277,5696606.033174906,474.3928833007813,-30.519583706729826,2.7076705620972623,3.240097622469123,413,frame_000413.png
4000,4000,4000,1220,0.305,810,0.6639344262295082,1220,826,0.6770491803278689,445658.68408076325,5696605.669814046,474.2354688266605,0.6886420664959587,-0.11493285372853279,-0.16745475732386694,-32.30626969766142,1.8717066681097698,-1.5035398209815127,-1.5299299811998992,-0.27072286506265186,-5.367449247303568,1.4837061,0.6794504,826,0.6770491803278689,445658.6840807643,5696605.669814045,474.23546882682626,0.6886420675436966,-0.11493285465985537,-0.16745475715811153,-32.3062696972686,1.8717066758633218,-1.503539821009654,-1.5299299808070828,-0.27072285730909584,-5.367449247331706,1.4837061,0.6794504,445657.99543869676,5696605.784746899,474.4029235839844,-30.77633971646152,2.1424295331724315,3.8639094263220657,414,frame_000414.png
4000,4000,4000,1333,0.33325,851,0.6384096024006002,1333,901,0.6759189797449362,445658.921710063,5696605.533411146,474.23497276646094,0.5195434517227113,-0.0007463488727807999,-0.17078895228905822,-32.247235638352926,1.9447073674695257,-1.1863903053941163,-1.5061185501643308,-0.4706745691689207,-4.8316779521627495,1.4961076,0.6970111,901,0.6759189797449362,445658.92171006335,5696605.533411146,474.23497276650437,0.5195434520719573,-0.0007463488727807999,-0.17078895224562984,-32.24723563831532,1.9447073693042414,-1.1863903043599353,-1.506118550126729,-0.4706745673342141,-4.831677951128569,1.4961076,0.6970111,445658.4021666113,5696605.534157495,474.40576171875,-30.74111708818858,2.4153819366384495,3.645287646768628,415,frame_000415.png
4000,4000,4000,1205,0.30125,799,0.6630705394190871,1205,789,0.6547717842323652,445657.9190646341,5696606.924602423,474.0868526992329,-0.6904235884430818,1.5158451702445745,-0.3239139023295934,-32.38757071442457,-9.193263562490346,2.7900601380784384,-1.6966708233766212,-11.776180099052056,-0.5685219353916011,13.38556,8.104998,789,0.6547717842323652,445659.2826694349,5696605.348436017,474.2364524041859,0.673181212390773,-0.06032123602926731,-0.1743141973765887,-32.13064008810269,2.8025987588456895,-0.6801178996060273,-1.439740197054732,0.2196822222839785,-4.0386999730760635,1.5500368,0.7207702,445658.6094882225,5696605.408757253,474.4107666015625,-30.690899891047962,2.5829165365617137,3.3585820734700347,416,frame_000416.png
4000,4000,4000,1309,0.32725,902,0.6890756302521008,1309,902,0.6890756302521008,445659.451439251,5696605.211137749,474.23182127454373,0.6430078256526031,-0.07042213715612888,-0.17567994615939142,-32.19770345623061,1.9857386073978782,-1.0573852890504267,-1.5186989513537412,-0.3563589601817796,-4.631439222716978,1.484231,0.71712446,902,0.6890756302521008,445659.4514392508,5696605.211137749,474.2318212745432,0.6430078254197724,-0.07042213715612888,-0.175679946159903,-32.197703456306385,1.9857386053699968,-1.0573852884182307,-1.5186989514295135,-0.35635896220966856,-4.6314392220847935,1.484231,0.71712446,445658.80843142536,5696605.281559886,474.4075012207031,-30.679004504876872,2.342097567579662,3.5740539336665496,417,frame_000417.png
4000,4000,4000,1272,0.318,833,0.654874213836478,1272,812,0.6383647798742138,445659.6790542264,5696605.009398308,474.22093509355267,0.6669839171809144,-0.14118378050625324,-0.1882445939473314,-32.23493963111964,1.9249677235653164,-1.4501006782387658,-1.5055199554275873,-0.3275053882144334,-5.111575512260799,1.4342923,0.69867,812,0.6383647798742138,445659.6790542268,5696605.009398309,474.22093509356364,0.6669839175883681,-0.14118377957493067,-0.18824459393636062,-32.234939631018165,1.9249677252772328,-1.450100676412981,-1.5055199553261218,-0.3275053865025086,-5.111575510435017,1.4342923,0.69867,445659.0120703092,5696605.150582088,474.4091796875,-30.729419675692057,2.252473111779738,3.6614748340220467,418,frame_000418.png
4000,4000,4000,1354,0.3385,934,0.689807976366322,1354,957,0.706794682422452,445659.975023895,5696604.869167587,474.22720772225296,0.5496982460026629,-0.02886001579463482,-0.16402762930954395,-32.164239301248344,2.2429123775413884,-0.867643870169571,-1.4463625764858534,-0.17755708821852068,-4.1796653994259145,1.4725119,0.7052112,957,0.706794682422452,445659.97502389457,5696604.869167586,474.22720772223283,0.5496982455952093,-0.028860016725957394,-0.16402762932966652,-32.16423930128069,2.2429123759710374,-0.8676438725207054,-1.4463625765181973,-0.17755708978887697,-4.179665401777044,1.4725119,0.7052112,445659.425325649,5696604.898027603,474.3912353515625,-30.717876724762476,2.4204694657599055,3.3120215292563437,419,frame_000419.png
4000,4000,4000,1275,0.31875,931,0.7301960784313726,1275,822,0.6447058823529411,445659.03685589123,5696606.340287856,473.8363640778721,-0.5870354265207425,1.5776701690629125,-0.5644843107997985,-31.830627350543477,-9.204881613391256,3.873962196625161,-1.1169374855854812,-11.540600769823186,0.8034297558040464,15.188807,9.313254,822,0.6447058823529411,445660.18322521803,5696604.750147233,474.223463785721,0.5593339002807625,-0.012470453977584839,-0.17738460295089453,-32.17344606254061,1.8246167350410971,-0.5199042648273026,-1.4597561975826352,-0.5111024213908308,-3.590436705648443,1.4967114,0.7049342,445659.62389131775,5696604.762617687,474.4008483886719,-30.71368986495798,2.3357191564319315,3.0705324408211268,420,frame_000420.png
4000,4000,4000,1335,0.33375,958,0.7176029962546816,1335,894,0.6696629213483146,445660.4986579808,5696604.582355099,474.2336669490472,0.6737546133808792,-0.05280961189419031,-0.16971439860907367,-32.47697787908928,1.6796831323190633,-0.8567348521767635,-1.477259791172827,-0.2764044377443895,-4.454688779150359,1.5249859,0.69990504,894,0.6696629213483146,445660.4986579809,5696604.582355099,474.2336669490426,0.6737546134390868,-0.05280961189419031,-0.16971439861367799,-32.47697787907283,1.6796831320255465,-0.856734851265701,-1.4772597911563707,-0.2764044380379005,-4.454688778239301,1.5249859,0.69990504,445659.82490336744,5696604.635164711,474.40338134765625,-30.999718087916452,1.956087570063452,3.5979539269736036,421,frame_000421.png
4000,4000,4000,1098,0.2745,848,0.7723132969034608,1098,710,0.6466302367941712,445659.2597439193,5696608.826527502,471.91295183300537,-0.7752073005540296,4.314212756231427,-2.4805113017602594,-25.86650454705622,-21.689743583683995,21.44291660681066,5.095410372140435,-23.666639934706865,17.980340724982113,52.030346,28.944723,710,0.6466302367941712,445660.69927460555,5696604.389847789,474.2405670260976,0.6643233856884763,-0.12246695719659328,-0.15289610866801695,-32.40381935244973,1.586289454317161,-1.0280030686888406,-1.4419044332530575,-0.39060689670571946,-4.490578950517374,1.4330804,0.7106576,445660.03495121986,5696604.512314746,474.3934631347656,-30.961914919196662,1.976896351022867,3.4625758818285393,422,frame_000422.png
4000,4000,4000,1324,0.331,812,0.6132930513595166,1324,932,0.7039274924471299,445660.9613942238,5696604.1963876635,474.24462967048066,0.528070128231775,-0.06032946053892374,-0.14437789787871225,-32.34007512637985,2.1197692762367617,-0.7607185328842214,-1.3994667822929898,-0.18843100024844261,-3.8099388815632835,1.4350363,0.7220572,932,0.7039274924471299,445660.96139422385,5696604.196387664,474.2446296705013,0.5280701282899827,-0.060329459607601166,-0.14437789785807809,-32.34007512638644,2.1197692753214303,-0.7607185306684334,-1.3994667822995837,-0.18843100116376377,-3.8099388793474986,1.4350363,0.7220572,445660.43332409556,5696604.256717124,474.3890075683594,-30.94060834408686,2.3082002764852008,3.04922034867907,423,frame_000423.png
4000,4000,4000,1399,0.34975,998,0.7133666904932094,1399,971,0.6940671908506075,445661.70270958554,5696603.773602576,474.24831662297856,0.6726266139303334,-0.11309079639613628,-0.15234866022456117,-32.52883719108483,2.170232752700497,-0.743240139806989,-1.4812100940972641,-0.33435160715731627,-4.007853258080559,1.4672439,0.7054322,971,0.6940671908506075,445661.7027095813,5696603.773602622,474.24831662366785,0.6726266096811742,-0.11309075076133013,-0.15234865953527787,-32.52883718636655,2.170232588536117,-0.7432399293486045,-1.4812100893790046,-0.3343517713217068,-4.007853047622177,1.4672439,0.70543224,445661.0300829716,5696603.886693372,474.4006652832031,-31.047627096987558,2.504584359857811,3.264613118273584,424,frame_000424.png
4000,4000,4000,1278,0.3195,1006,0.7871674491392802,1278,875,0.6846635367762128,445662.24370043364,5696603.479325705,474.2310526860821,0.6151739699416794,-0.035376446321606636,-0.18575639594922677,-32.14395908860978,3.298352116989898,-1.1148872973463981,-1.512518169752866,-0.08679551431598043,-4.900900403528141,1.4878166,0.70888287,875,0.6846635367762128,445662.2437004339,5696603.4793257015,474.23105268616274,0.61517397017451,-0.035376450046896935,-0.18575639586856596,-32.143959088913924,3.2983521291781224,-1.1148873142191889,-1.5125181700570067,-0.08679550212775666,-4.900900420400944,1.4878166,0.70888287,445661.6285264637,5696603.5147021515,474.4168090820313,-30.631440918856928,3.3851476313058755,3.786013106181749,425,frame_000425.png
4000,4000,4000,1258,0.3145,860,0.6836248012718601,1258,835,0.6637519872813991,445662.42182615947,5696603.345807762,474.22790229790206,0.5932995505281724,-0.05860603414475918,-0.1854277802229376,-31.840352867484448,3.0075285591211514,-2.083496075638357,-1.478961422676548,-0.472704511640643,-6.582620937972962,1.4807845,0.7188029,835,0.6637519872813991,445662.4218261592,5696603.345807762,474.2279022979082,0.5932995502371341,-0.05860603414475918,-0.1854277802167985,-31.840352867484917,3.007528557291895,-2.08349607534462,-1.4789614226770027,-0.4727045134698926,-6.5826209376792235,1.4807845,0.7188029,445661.82852660894,5696603.404413796,474.413330078125,-30.3613914448079,3.4802330707617823,4.499124862334601,426,frame_000426.png
4000,4000,4000,1235,0.30875,779,0.6307692307692307,1235,962,0.7789473684210526,445662.975532274,5696603.081616138,474.22431974437933,0.546154689101968,0.0015131644904613495,-0.17463655444879578,-32.07106341228931,3.171109300645041,-2.257689977488785,-1.4598828955442116,-0.16220966686393012,-7.0487238636551695,1.4447603,0.68742836,962,0.7789473684210526,445662.975532274,5696603.081616138,474.2243197443783,0.546154689101968,0.0015131644904613495,-0.17463655444981896,-32.07106341228844,3.171109300722853,-2.2576899774990147,-1.4598828955433305,-0.16220966678611148,-7.048723863665401,1.4447603,0.68742836,445662.4293775849,5696603.080102974,474.3989562988281,-30.6111805167451,3.3333189675089634,4.791033886166395,427,frame_000427.png
4000,4000,4000,1219,0.30475,902,0.7399507793273175,1219,855,0.7013945857260049,445663.2552968351,5696602.9167468175,474.21678355388946,0.6184286771458574,-0.050635118037462234,-0.17960926837616853,-32.039393351639006,3.375657683500166,-2.1361316474079737,-1.4223198205144456,0.011646874949093444,-6.7224501817624684,1.4838499,0.6979217,855,0.7013945857260049,445663.2552968351,5696602.9167468175,474.2167835538895,0.6184286771458574,-0.050635118037462234,-0.17960926837611169,-32.03939335163907,3.3756576835006267,-2.1361316474148304,-1.4223198205145309,0.011646874949548192,-6.722450181769318,1.4838499,0.6979217,445662.63686815795,5696602.967381936,474.3963928222656,-30.61707353112455,3.364010808551071,4.586318534354495,428,frame_000428.png
4000,4000,4000,1186,0.2965,771,0.6500843170320405,1186,855,0.7209106239460371,445663.50297148834,5696602.820542969,474.22845651345494,0.6466855225153267,-0.037234602496027946,-0.1589946584200561,-32.45696474440427,2.805512817955103,-2.525232802088107,-1.3974907888352277,-0.19399631511362259,-7.763486340018915,1.4300356,0.69901353,855,0.7209106239460371,445663.50297148834,5696602.820542969,474.22845651345494,0.6466855225153267,-0.037234602496027946,-0.1589946584200561,-32.45696474440477,2.805512817957145,-2.5252328020935675,-1.3974907888357393,-0.19399631511157622,-7.763486340024372,1.4300356,0.69901353,445662.8562859658,5696602.857777571,474.387451171875,-31.05947395556903,2.999509133068732,5.238253537930815,429,frame_000429.png
4000,4000,4000,1007,0.25175,640,0.6355511420059583,1007,685,0.6802383316782522,445663.789693441,5696602.649407724,474.23349263618843,0.725321841367986,-0.09673760831356049,-0.15609476615532003,-32.528365094483796,3.0941289903054527,-2.410763827146059,-1.5766437646438192,-0.09723926339015065,-7.529039065707963,1.3930678,0.6711215,685,0.6802383316782522,445663.78969344305,5696602.649407723,474.23349263590933,0.7253218434052542,-0.09673760924488306,-0.15609476643442122,-32.52836509452006,3.0941290015416967,-2.410763823298939,-1.5766437646800853,-0.09723925215391205,-7.529039061860857,1.3930678,0.6711215,445663.06437159964,5696602.746145332,474.38958740234375,-30.951721329839984,3.191368253695611,5.118275238561912,430,frame_000430.png
4000,4000,4000,1051,0.26275,602,0.5727878211227403,1051,730,0.6945765937202664,445664.29627652274,5696602.302528769,474.23144393315266,0.6185014749062248,-0.06567058060318232,-0.16412491450358857,-32.61722779626544,2.7773022871858823,-1.6049386149601508,-1.4915977444878763,-0.11545795147748095,-5.718303959833008,1.4434102,0.72349924,730,0.6945765937202664,445664.29627652274,5696602.302528769,474.23144393315266,0.6185014749062248,-0.06567058060318232,-0.16412491450358857,-32.61722779626568,2.7773022871893303,-1.6049386149566924,-1.4915977444881037,-0.11545795147404192,-5.718303959829541,1.4434102,0.72349924,445663.67777504784,5696602.368199349,474.39556884765625,-31.125630051777563,2.89276023866336,4.113365344872845,431,frame_000431.png
4000,4000,4000,1105,0.27625,740,0.669683257918552,1105,848,0.7674208144796381,445664.5625522056,5696602.140929246,474.2300695333712,0.6871271771378815,-0.0968153802677989,-0.18011723420693215,-33.48887558704072,2.6213060163126514,-0.2796217950436541,-1.5753284618400016,0.018653029312389435,-3.210972726121497,1.4800887,0.6889365,848,0.7674208144796381,445664.56255220564,5696602.140929246,474.2300695333645,0.6871271771960892,-0.0968153802677989,-0.18011723421363968,-33.488875587044774,2.6213060164114528,-0.2796217948448639,-1.5753284618440375,0.018653029411183297,-3.2109727259227157,1.4800887,0.6889365,445663.87542502844,5696602.237744627,474.4101867675781,-31.913547125200726,2.602652987000271,2.931350931077841,432,frame_000432.png
4000,4000,4000,955,0.23875,625,0.6544502617801047,955,674,0.7057591623036649,445664.99417357956,5696601.802380417,474.24234871417116,0.5492343156365678,-0.03322848118841648,-0.18443961590696745,-32.648346837302284,3.766186303066639,-0.78407524540033,-1.706948003207117,-0.4940996219951046,-3.766791493007787,1.5562313,0.7283504,674,0.7057591623036649,445664.99417358026,5696601.802380417,474.2423487142108,0.5492343163350597,-0.03322848118841648,-0.18443961586734758,-32.64834683737073,3.766186305900045,-0.7840752423911385,-1.7069480032755564,-0.49409961916168754,-3.76679148999861,1.5562313,0.7283504,445664.4449392639,5696601.835608898,474.4267883300781,-30.94139883409518,4.260285925061731,2.9827162476074593,433,frame_000433.png
4000,4000,4000,1065,0.26625,683,0.6413145539906103,1065,678,0.6366197183098592,445665.289449113,5696601.705839723,474.2417149865745,0.6500849386793561,-0.00595923513174057,-0.1810755407692568,-31.72887305936775,2.684058182677657,-0.7404518206773238,-1.372322302992302,0.39970910685119065,-4.258397606280596,1.5337567,0.7273368,678,0.6366197183098592,445665.2894491124,5696601.705839723,474.2417149865591,0.6500849380390719,-0.00595923513174057,-0.18107554078466137,-31.72887305935912,2.684058179894698,-0.7404518228938308,-1.3723223029836618,0.39970910406822213,-4.258397608497091,1.5337567,0.7273368,445664.63936417433,5696601.7117989585,474.42279052734375,-30.356550756375448,2.284349075826464,3.5179457856032648,434,frame_000434.png
4000,4000,4000,1090,0.2725,764,0.7009174311926606,1090,710,0.6513761467889908,445665.4942818102,5696601.485249268,474.24190011185283,0.6682422935846262,-0.10224115569144487,-0.16038260299092144,-31.9160094387946,-4.0388985290762385,-1.9487560094485505,-1.5284480486241137,-0.412419051509886,-6.267296174689591,1.4748847,0.72260565,710,0.6513761467889908,445665.4942818102,5696601.485249268,474.2419001118538,0.6682422935846262,-0.10224115569144487,-0.1603826029899551,-31.916009438796614,-4.038898529009932,-1.9487560094657224,-1.5284480486261316,-0.41241905144357816,-6.2672961747067575,1.4748847,0.72260565,445664.8260395166,5696601.587490424,474.40228271484375,-30.387561390170493,-3.6264794775663534,4.318540165241038,435,frame_000435.png
4000,4000,4000,1115,0.27875,802,0.7192825112107624,1115,665,0.5964125560538116,445665.6842939286,5696601.400279404,474.23521904331915,0.6715683450456709,-0.08321825973689556,-0.1395368160558519,-32.294847819167494,-6.988317518053693,-2.8904617124562058,-1.832548641620889,-2.028530043820126,-8.805028064885278,1.4639536,0.7157518,665,0.5964125560538116,445665.68429392856,5696601.400279404,474.23521904331375,0.6715683449874632,-0.08321825973689556,-0.139536816061252,-32.29484781914171,-6.988317518390223,-2.890461712256248,-1.832548641595082,-2.0285300441566676,-8.805028064685331,1.4639536,0.7157518,445665.01272558357,5696601.483497663,474.374755859375,-30.462299177546615,-4.959787474233558,5.914566352429077,436,frame_000436.png
4000,4000,4000,1097,0.27425,705,0.6426618049225159,1097,673,0.6134913400182316,445665.83592112374,5696601.3145383615,474.21639553627324,0.5561505767400376,-0.0437926696613431,-0.12024386802363551,-31.451439632668386,-3.082436506368484,-4.566442671757512,-1.2320374143533002,0.35950901747489183,-11.091341056197223,1.468813,0.7124135,673,0.6134913400182316,445665.8359209688,5696601.3145385925,474.21639552579006,0.5561504217912443,-0.04379243869334459,-0.12024387850681251,-31.4514395968602,-3.08243792510813,-4.56644202209732,-1.2320373785451295,0.3595075987352345,-11.091340406537029,1.4688127,0.7124137,445665.279770547,5696601.358331031,474.3366394042969,-30.21940221831508,-3.4419455238433643,6.524898384439723,437,frame_000437.png
4000,4000,4000,1207,0.30175,817,0.6768848384424192,1207,812,0.6727423363711682,445665.870418233,5696601.318167452,474.20581142692055,0.5228546729777008,-0.009255868382751942,-0.13098056526695245,-31.96479610739722,-3.138892469550836,-3.220547817187715,-1.409662772300294,-0.09906326277052813,-8.614313580129476,1.4944632,0.72320926,812,0.6727423363711682,445665.8704182277,5696601.318167451,474.2058114262929,0.5228546676808037,-0.009255869314074516,-0.13098056589461748,-31.964796108751553,-3.1388924915167586,-3.220547838070377,-1.4096627736546168,-0.09906328473644521,-8.614313601012157,1.4944632,0.72320926,445665.34756356,5696601.32742332,474.3367919921875,-30.55513333509693,-3.0398292067803188,5.393765762941774,438,frame_000438.png
4000,4000,4000,1075,0.26875,761,0.707906976744186,1075,693,0.6446511627906977,445665.8526614328,5696601.389512388,474.20040143487194,0.4586053030216135,0.052992639131844044,-0.14975725653437166,-31.45097139358239,2.9456348161979222,-2.29907677095794,-1.4225285223656101,-0.4777982119125852,-6.967567442439588,1.5328875,0.69802237,693,0.6446511627906977,445665.8526614354,5696601.389512385,474.20040143492025,0.4586053055827506,0.05299263633787632,-0.14975725648605476,-31.450971393208114,2.945634837212035,-2.2990767774541707,-1.4225285219913246,-0.47779819089848274,-6.967567448935824,1.5328875,0.69802237,445665.3940561298,5696601.336519749,474.3501586914063,-30.028442871216793,3.423433028110505,4.6684906714816545,439,frame_000439.png
4000,4000,4000,1128,0.282,750,0.6648936170212766,1128,769,0.6817375886524822,449162.2892981408,5689517.954879727,4894.628452330036,3496.8831087050494,-7083.431425665505,4420.269718199177,-48.47240983464667,63.699773535643104,-14.393994846529592,-18.56110722451939,60.3440015136066,-19.836400482200162,456.7667,163.42137,769,0.6817375886524822,445665.84792397247,5696601.403152035,474.18995070367464,0.44173453672556207,0.016846641898155212,-0.16878342718473505,-31.273921229836116,3.2833184354079616,-3.1642524958458194,-1.362618619708826,-0.07245358662854073,-8.606658131516383,1.4892448,0.74494123,445665.40618943574,5696601.386305393,474.3587341308594,-29.911302610127294,3.3557720220365153,5.44240563567057,440,frame_000440.png
4000,4000,4000,1148,0.287,738,0.6428571428571429,1148,735,0.6402439024390244,445665.88419667445,5696601.446556639,474.18337483525426,0.45705838268622756,0.03353931847959757,-0.15329508662074431,-31.68035999520492,1.553773682814717,-3.388307010152772,-1.446052327928527,-0.06417686969706438,-9.162810995916061,1.5121702,0.70582473,735,0.6402439024390244,445665.8841966761,5696601.446556637,474.1833748352559,0.45705838431604207,0.03353931661695242,-0.15329508661909585,-31.68035999521221,1.5537736959745796,-3.388307013957965,-1.4460523279358313,-0.06417685653718763,-9.162810999721273,1.5121702,0.70582473,445665.42713829177,5696601.41301732,474.336669921875,-30.234307667276383,1.6179505525117701,5.774503985763303,441,frame_000441.png
4000,4000,4000,1079,0.26975,848,0.7859128822984245,1079,698,0.6468952734012975,447256.5405644325,5706224.408375423,-21254.705982077652,1591.1070442275377,9622.988475260325,-21729.042865622574,118.78800664002169,-14.84695711495471,13.882160113530691,149.05480649196272,-16.89124009727078,8.408537157496312,429.73608,163.87276,698,0.6468952734012975,445665.9086439865,5696601.466923372,474.1796432436359,0.47512378153624013,0.04702320881187916,-0.15724030128598088,-31.71263041033905,1.9583489543996466,-2.9480309443542114,-1.4458305583980007,-0.08593402791643712,-8.421653900388606,1.5146512,0.73788875,445665.43352020497,5696601.419900163,474.3368835449219,-30.26679985194106,2.0442829823160795,5.473622956034388,442,frame_000442.png
4000,4000,4000,1069,0.26725,641,0.5996258185219832,1069,665,0.6220767072029935,445665.83339181,5696601.489853577,474.18553743543833,0.40033307898556814,0.056162494234740734,-0.17045011338979066,-32.14959769316533,2.0571975904525193,-3.6955875815981063,-1.4959842261562812,-0.4172166042020251,-9.79580730955118,1.5256517,0.7308054,665,0.6220767072029935,445665.83339180984,5696601.489853577,474.18553743542213,0.40033307881094515,0.056162494234740734,-0.17045011340599103,-32.14959769317583,2.057197589496101,-3.6955875818488333,-1.4959842261667688,-0.41721660515844405,-9.795807309801916,1.5256517,0.7308054,445665.433058731,5696601.4336910825,474.3559875488281,-30.653613467009063,2.474414194654552,6.1002197279530845,443,frame_000443.png
4000,4000,4000,1020,0.255,698,0.6843137254901961,1020,696,0.6823529411764706,445665.9171428051,5696601.496939561,474.2027920747898,0.48309321858687326,0.051123700104653835,-0.15383634317902306,-31.77880953234619,2.2873167221221493,-4.20745645209324,-1.3906071819964154,-0.1005205875392221,-10.9691729398875,1.4578896,0.72120744,696,0.6823529411764706,445665.9171428052,5696601.496939561,474.2027920747873,0.4830932186450809,0.051123700104653835,-0.15383634318152417,-31.778809532346752,2.2873167225914384,-4.207456452101521,-1.3906071819969839,-0.10052058706992284,-10.969172939895799,1.4578896,0.72120744,445665.43404958653,5696601.445815861,474.3566284179688,-30.388202350349772,2.387837309661369,6.7617164877942715,444,frame_000444.png
4000,4000,4000,962,0.2405,688,0.7151767151767152,962,600,0.6237006237006237,445665.89570356533,5696601.5249270145,474.1948288456682,0.45608025713590905,0.0714342538267374,-0.16222681839428787,-31.64059657361954,1.4049611678099931,-3.3999449999201214,-1.459999635864449,-0.41989211545731564,-9.376187486731936,1.484045,0.6754114,600,0.6237006237006237,445665.89570356533,5696601.5249270145,474.1948288456678,0.45608025713590905,0.0714342538267374,-0.16222681839468578,-31.6405965736212,1.404961167774297,-3.3999449998915803,-1.4599996358660974,-0.4198921154930133,-9.376187486703401,1.484045,0.6754114,445665.4396233082,5696601.453492761,474.3570556640625,-30.1805969377551,1.824853283267304,5.976242486811822,445,frame_000445.png
4000,4000,4000,1085,0.27125,727,0.6700460829493088,1085,687,0.6331797235023041,445665.9569056993,5696601.461750703,474.1978766425182,0.4852518441621214,-0.006397494114935398,-0.15661554498177566,-31.34292672439582,0.7230043186058567,-4.51818972768657,-1.3393915808990755,0.13578714600527064,-11.212741169143726,1.4493785,0.7240391,687,0.6331797235023041,445665.95690569934,5696601.461750703,474.19787664252266,0.4852518442203291,-0.006397494114935398,-0.15661554497734187,-31.34292672438829,0.7230043189344146,-4.51818972761999,-1.3393915808915438,0.1357871463338256,-11.212741169077162,1.4493785,0.7240391,445665.4716538551,5696601.468148197,474.3544921875,-30.003535143496734,0.5872171726005941,6.694551441457162,446,frame_000446.png
4000,4000,4000,1167,0.29175,792,0.6786632390745502,1167,728,0.62382176520994,445665.9928680981,5696601.52227115,474.2126440414965,0.4892433677450754,0.04669976606965065,-0.14834839014412182,-31.942308233793053,0.020125918631733533,-4.621648062377047,-1.5002977673288171,-0.3628569623125486,-11.806763924564905,1.501655,0.72294134,728,0.62382176520994,445665.992868098,5696601.52227115,474.21264404149304,0.4892433676868677,0.04669976606965065,-0.14834839014758927,-31.94230823382787,0.020125918798330616,-4.621648063078334,-1.5002977673636337,-0.36285696214594054,-11.80676392526621,1.501655,0.72294134,445665.50362473034,5696601.475571384,474.3609924316406,-30.442010466464232,0.38298288094427796,7.185115862187872,447,frame_000447.png
4000,4000,4000,1160,0.29,793,0.6836206896551724,1160,757,0.6525862068965518,445666.064926614,5696601.513972652,474.2100747802973,0.4975153521518223,0.018675806000828743,-0.1349569579840022,-32.190563719832795,-0.4933658983700095,-4.5768218878097615,-1.5262243396003328,-0.129966719846351,-11.68656709251971,1.5077356,0.6957144,757,0.6525862068965518,445666.06492661405,5696601.513972652,474.2100747803,0.49751535221002996,0.018675806000828743,-0.13495695798133056,-32.190563719831545,-0.4933658982200885,-4.5768218878042815,-1.5262243395990822,-0.12996671969642648,-11.686567092514224,1.5077356,0.6957144,445665.56741126184,5696601.495296846,474.3450317382813,-30.66433938023246,-0.3633991785236638,7.109745204709945,448,frame_000448.png
4000,4000,4000,1090,0.2725,726,0.6660550458715596,1090,683,0.6266055045871559,445666.0871398676,5696601.533569647,474.2148901525502,0.5115199976717122,0.04131834954023361,-0.13337644901230306,-32.256223005305436,-1.1558752038717244,-4.374678831150105,-1.4763089814872785,-0.2542107298193059,-11.287620452891503,1.4847264,0.71630675,683,0.6266055045871559,445666.08713986806,5696601.533569647,474.21489015259436,0.5115199981373735,0.04131834954023361,-0.13337644896813572,-32.256223005487136,-1.1558752004816792,-4.374678831465169,-1.4763089816689785,-0.2542107264292497,-11.287620453206557,1.4847264,0.71630675,445665.5756198699,5696601.492251297,474.3482666015625,-30.779914023818147,-0.9016644740524197,6.912941621741397,449,frame_000449.png
4000,4000,4000,1183,0.29575,675,0.5705832628909552,1183,771,0.6517328825021133,445666.00905621453,5696601.519693585,474.20113258972486,0.43325809750240296,0.033511027693748474,-0.14496726379076108,-32.06877431485104,-0.09000906375490123,-2.8991353032613287,-1.3487079911425894,-0.31252830977291524,-8.126308544449898,1.4947907,0.72665906,771,0.6517328825021133,445666.0090562147,5696601.519693585,474.20113258974413,0.43325809767702594,0.033511027693748474,-0.14496726377149116,-32.06877431484327,-0.09000906264957165,-2.8991353029833418,-1.3487079911348019,-0.31252830866756653,-8.126308544171906,1.4947907,0.72665906,445665.57579811703,5696601.486182557,474.3460998535156,-30.720066323708462,0.22251924601800108,5.227173241188569,450,frame_000450.png
4000,4000,4000,1089,0.27225,714,0.6556473829201102,1089,699,0.6418732782369146,445666.057220592,5696601.45356559,474.20627988504395,0.4854428196558729,-0.021286586299538612,-0.1453741676904201,-32.507975319358096,-0.43814392017623516,-2.4866359591411284,-1.451089439579988,-0.10792800764028243,-7.431029494690591,1.5200474,0.7263715,699,0.6418732782369146,445666.0572205924,5696601.45356559,474.2062798851077,0.4854428200633265,-0.021286586299538612,-0.14537416762669864,-32.50797531934668,-0.4381439181407419,-2.486635958199205,-1.4510894395685625,-0.10792800560480487,-7.431029493748667,1.5200474,0.72637147,445665.57177777233,5696601.474852176,474.3516540527344,-31.056885879778104,-0.3302159125359417,4.94439353554945,451,frame_000451.png
4000,4000,4000,1272,0.318,879,0.6910377358490566,1272,843,0.6627358490566038,445669.9707012324,5696598.274544975,473.26695560888595,4.413957447453868,-3.1708782855421305,-1.068310504395356,-15.425979602462348,24.99072403244157,-12.532121797416467,16.013726121617253,26.02864083259749,-17.016088582085615,126.81467,52.443825,843,0.6627358490566038,445666.02068778506,5696601.462475885,474.18607302283147,0.4639440001337789,0.017052624374628067,-0.14919309044984175,-32.85167505126782,-1.192467023355839,-2.0276236569591255,-1.411969327188217,-0.1545502231999194,-6.511590441628272,1.4972439,0.70387536,445665.5567437849,5696601.44542326,474.3352661132813,-31.439705724079598,-1.03791680015592,4.483966784669158,452,frame_000452.png
4000,4000,4000,1141,0.28525,752,0.6590709903593339,1141,722,0.6327782646801051,445666.0721860483,5696601.432325127,474.17938494954274,0.5204265245120041,0.003578425385057926,-0.1490452262385702,-32.52911661381325,-0.27053418286518344,-1.8222370809019919,-1.4846050464198015,-0.042929972936434524,-6.353838634013641,1.5306987,0.72643095,722,0.6327782646801051,445666.07218605,5696601.432325137,474.1793849491891,0.5204265262000263,0.003578435629606247,-0.1490452265921931,-32.529116610901376,-0.2705342063506454,-1.822237026375145,-1.4846050435079405,-0.04292999642188988,-6.353838579486791,1.5306987,0.7264309,445665.5517595238,5696601.428746701,474.3284301757813,-31.04451156739344,-0.2276042099287468,4.531601553111651,453,frame_000453.png
4000,4000,4000,1140,0.285,689,0.6043859649122807,1140,747,0.6552631578947369,445665.9675754888,5696601.411424549,474.17111184779657,0.42087773396633565,0.001730404794216156,-0.15759298618780804,-32.4269167063632,-0.6031865685711644,-1.6415988936312111,-1.3737758743953066,-0.38367685492784176,-5.590236857481187,1.4635384,0.708724,747,0.6552631578947369,445665.96757548867,5696601.411424549,474.1711118477895,0.42087773384992033,0.001730404794216156,-0.15759298619485662,-32.42691670635001,-0.603186570142455,-1.6415988924770692,-1.373775874382119,-0.38367685649910754,-5.590236856327039,1.4635384,0.708724,445665.5466977548,5696601.4096941445,474.3287048339844,-31.05314083196789,-0.21950971364333424,3.948637963849981,454,frame_000454.png
4000,4000,4000,1162,0.2905,700,0.6024096385542169,1162,753,0.6480206540447504,445666.0547591988,5696601.379050438,474.1768190479321,0.5062191936303861,-0.015326598659157753,-0.15090922355227576,-32.35417427950746,-0.9308707512554069,-1.4990633847263792,-1.4016619880501935,-0.22438036813750273,-5.47663501468935,1.5335199,0.7498874,753,0.6480206540447504,445666.0547591988,5696601.379050438,474.17681904791823,0.5062191936303861,-0.015326598659157753,-0.15090922356614556,-32.35417427957133,-0.9308707506973756,-1.4990633857860873,-1.401661988114057,-0.22438036757947089,-5.4766350157490535,1.5335199,0.7498874,445665.54854000517,5696601.394377037,474.3277282714844,-30.95251229145728,-0.7064903831179048,3.977571629962978,455,frame_000455.png
4000,4000,4000,1193,0.29825,781,0.6546521374685667,1193,836,0.7007544006705784,445666.0628677892,5696601.358722358,474.1753241725836,0.4958092362503521,0.007631496526300907,-0.14303520241639944,-32.005321316821124,-1.9693310396731447,-2.0980030706624104,-1.3776528539274295,-0.060297534519946794,-6.6737573044735825,1.5054871,0.74911225,836,0.7007544006705784,445666.06286778924,5696601.358722358,474.17532417258445,0.4958092363085598,0.007631496526300907,-0.1430352024155468,-32.00532131681969,-1.9693310395724042,-2.0980030706197215,-1.37765285392598,-0.060297534419191834,-6.673757304430893,1.5054871,0.74911225,445665.56705855293,5696601.3510908615,474.318359375,-30.62766846289371,-1.909033505153207,4.5757542338111605,456,frame_000456.png
4000,4000,4000,1113,0.27825,643,0.577717879604672,1113,750,0.6738544474393531,445665.71768454433,5696602.42087864,474.1313412304131,0.14298243744997308,1.0927082300186157,-0.1894900684150116,-31.22214790820977,-7.1295353353861834,3.2065467803754886,-0.6464354567904991,-5.077680153185582,-0.2805734871060679,8.938127,4.636061,750,0.6738544474393531,445666.0618856446,5696601.285351076,474.1845439216436,0.48718353774165735,-0.04281933419406414,-0.1362873771845443,-31.957892433211114,-2.097112774587231,-1.247853667258319,-1.3821799817918645,-0.045257592386633405,-4.734973934739884,1.4908919,0.7253707,445665.5747021069,5696601.32817041,474.3208312988281,-30.57571245141926,-2.0518551822005877,3.487120267481562,457,frame_000457.png
4000,4000,4000,1053,0.26325,786,0.7464387464387464,1053,678,0.6438746438746439,445666.0753076557,5696601.291606995,474.1873927238052,0.4987312094308436,-0.016901541501283646,-0.14466904377292167,-31.963162963130358,-1.4216340517744441,-0.8983582560892734,-1.3640928744328562,-0.021465264861092237,-4.189310361345491,1.500531,0.71155673,678,0.6438746438746439,445666.0753076559,5696601.291606997,474.1873927238298,0.49873120966367424,-0.016901539638638496,-0.14466904374830847,-31.963162962539958,-1.421634054499488,-0.8983582488710817,-1.364092873842452,-0.021465267586137315,-4.189310354127315,1.500531,0.71155673,445665.57657644624,5696601.308508537,474.3320617675781,-30.599070088697502,-1.4001687869133588,3.2909521052562245,458,frame_000458.png
4000,4000,4000,1109,0.27725,786,0.7087466185752931,1109,665,0.5996393146979261,445663.79026410583,5696603.054058328,473.201053516815,-1.786183709569741,1.7685688473284245,-1.1441918445131023,-26.420668644980346,-19.317553600369322,2.7792603221637555,4.251314952575598,-17.35395796958059,-0.7642893581400756,41.506695,27.242851,665,0.5996393146979261,445666.00191828224,5696601.269108071,474.17513988385883,0.42547046684194356,-0.01638140995055437,-0.17010547746929205,-32.04372991811215,-2.4223854716043394,-1.3679820790349282,-1.3717463205562126,-0.4587898408155979,-4.911531759338743,1.52763,0.7247576,445665.5764478154,5696601.285489481,474.3452453613281,-30.67198359755594,-1.963595630788737,3.5435496803038244,459,frame_000459.png
4000,4000,4000,1144,0.286,805,0.7036713286713286,1144,731,0.638986013986014,445666.0809987763,5696601.235939805,474.21129323115673,0.488161628076341,-0.005358364433050156,-0.1440534485307694,-32.03834019651397,-1.749116730503092,-2.3247985137067495,-1.3498000678823416,-0.09707783593802333,-6.982746503381122,1.5370868,0.73666,731,0.638986013986014,445666.08099877613,5696601.235939806,474.21129323117117,0.488161627901718,-0.005358363501727581,-0.14405344851633117,-32.03834019638073,-1.749116732671867,-2.324798511853771,-1.3498000677491007,-0.09707783810679871,-6.9827465015281405,1.5370868,0.73666,445665.59283714823,5696601.24129817,474.3553466796875,-30.688540128631626,-1.652038894565057,4.65794798967437,460,frame_000460.png
4000,4000,4000,1181,0.29525,797,0.6748518204911093,1181,704,0.5961049957662997,445666.08757753926,5696601.259401349,474.2174918084241,0.479092872410547,0.03105142805725336,-0.13770228337278922,-32.021526641661936,-3.2760580274722013,-2.0010796960740653,-1.2814594513242241,-0.28859771024488623,-6.3937212407713275,1.4687635,0.7216394,704,0.5961049957662997,445666.08757753926,5696601.259401349,474.21749180842176,0.479092872410547,0.03105142805725336,-0.1377022833751198,-32.021526641663485,-3.276058027541809,-2.001079696083321,-1.281459451325759,-0.288597710314491,-6.393721240780565,1.4687635,0.7216394,445665.60848466685,5696601.228349921,474.3551940917969,-30.74006719033771,-2.9874603172273195,4.392641544697252,461,frame_000461.png
4000,4000,4000,1119,0.27975,785,0.7015192135835567,1119,625,0.5585344057193923,445666.07887063164,5696601.248918027,474.2022685446623,0.454406259173993,0.03757622931152582,-0.1484089455721005,-32.100143961492165,-4.669176488411036,-1.3502527765273238,-1.4377680473559735,-0.5351895606188464,-5.079752227946614,1.510211,0.7338206,625,0.5585344057193923,445666.0788706295,5696601.248918027,474.2022685442092,0.45440625702030957,0.03757622931152582,-0.14840894602519938,-32.10014396219761,-4.669176497955989,-1.350252784655147,-1.4377680480614003,-0.5351895701637943,-5.079752236074427,1.510211,0.7338206,445665.62446437246,5696601.211341797,474.3506774902344,-30.662375914136206,-4.133986927792196,3.7294994514192834,462,frame_000462.png
4000,4000,4000,1137,0.28425,852,0.7493403693931399,1137,744,0.6543535620052771,445666.1623966429,5696601.188836538,474.20254667562733,0.5154607063741423,0.009375599212944508,-0.13702241616954325,-32.196739277460075,-4.054079263314632,-0.9181879203249941,-1.31404014294057,-0.04692545399285564,-4.274476534696049,1.5096911,0.71002245,744,0.6543535620052771,445666.1623966429,5696601.188836538,474.20254667562705,0.5154607063741423,0.009375599212944508,-0.13702241616982747,-32.196739277454355,-4.054079263312699,-0.9181879202674793,-1.3140401429348287,-0.04692545399092296,-4.274476534638552,1.5096911,0.71002245,445665.64693593653,5696601.179460939,474.3395690917969,-30.882699134519516,-4.007153809321791,3.3562886143710675,463,frame_000463.png
4000,4000,4000,1170,0.2925,733,0.6264957264957265,1170,808,0.6905982905982906,445666.16502849804,5696601.1840045,474.20782309983497,0.5158075375948101,0.013348763808608055,-0.12442177321190684,-32.1813241608012,-3.4910584937543585,-1.6051984138987936,-1.3355051503100128,-0.08877761985203847,-5.71969566044686,1.5077983,0.693729,808,0.6905982905982906,445666.16502849804,5696601.1840045,474.2078230998341,0.5158075375948101,0.013348763808608055,-0.12442177321275949,-32.18132416079359,-3.4910584938400673,-1.6051984138413848,-1.3355051503023958,-0.08877761993775835,-5.719695660389476,1.5077983,0.693729,445665.64922096045,5696601.170655736,474.3322448730469,-30.8458190104912,-3.40228087390232,4.114497246548081,464,frame_000464.png
4000,4000,4000,1054,0.2635,646,0.6129032258064516,1054,685,0.6499051233396584,445665.94302456063,5696601.806854553,474.15381336586336,0.29365604650229216,0.6467929231002927,-0.18203258140226808,-31.97335973764378,-6.689532010222552,0.7285079772770889,-1.395222770698524,-3.15945670979724,-3.018158982255869,11.927911,3.8912318,685,0.6499051233396584,445666.10968306975,5696601.152729589,474.19981309275886,0.460314555617515,-0.007332040928304195,-0.13603285450676594,-31.938377688055983,-3.8142869770277783,-1.5124061142993606,-1.3602407211107277,-0.2842116766024674,-5.259073073832326,1.5372555,0.7124099,445665.64936851413,5696601.1600616295,474.3358459472656,-30.57813696694526,-3.530075300425319,3.746666959532966,465,frame_000465.png
4000,4000,4000,1060,0.265,723,0.6820754716981132,1060,638,0.6018867924528302,445666.178224244,5696601.236885655,474.1911206017209,0.5327657253947109,0.08022124040871859,-0.1410937537478958,-31.59989081719705,-3.164114548833622,-1.3142448651687755,-1.2372794940420135,-0.0486230692850711,-5.500745582763642,1.5315906,0.6978789,638,0.6018867924528302,445666.1782242437,5696601.236885655,474.1911206016939,0.5327657251036726,0.08022124040871859,-0.1410937537748964,-31.59989081730282,-3.1641145502729886,-1.3142448658094124,-1.2372794941477991,-0.04862307072443173,-5.500745583404296,1.5315906,0.6978789,445665.6454585186,5696601.156664414,474.3322143554688,-30.362611323155036,-3.1154914795485453,4.186500717594871,466,frame_000466.png
4000,4000,4000,1231,0.30775,826,0.6709991876523151,1231,729,0.5922014622258327,445666.1070587662,5696601.1759973075,474.18604198644863,0.48443077981937677,0.021848129108548164,-0.1503227596451211,-31.55385989645648,-3.0251846670545626,-0.9327112173330551,-1.368125615045102,-0.19561875670251538,-4.308473285813051,1.5537522,0.70693994,729,0.5922014622258327,445666.1070587662,5696601.1759973075,474.18604198644954,0.48443077981937677,0.021848129108548164,-0.1503227596442116,-31.553859896410344,-3.0251846674953358,-0.9327112165958342,-1.3681256149989736,-0.19561875714327925,-4.30847328507582,1.5537522,0.70693994,445665.62262798636,5696601.154149178,474.33636474609375,-30.18573428141138,-2.829565910352057,3.375762068479995,467,frame_000467.png
4000,4000,4000,1231,0.30775,870,0.7067424857839155,1231,799,0.6490658001624695,445666.0778014633,5696601.179014343,474.18981441525756,0.47287741699256003,0.017770004458725452,-0.14551273317994173,-31.66475791772041,-2.3749530793632445,-2.056804644421466,-1.28397116242337,-0.20414353358847848,-6.5008643185143455,1.5013179,0.7141216,799,0.6490658001624695,445666.0778014641,5696601.179014341,474.1898144153542,0.4728774178074673,0.017770002596080303,-0.14551273308330792,-31.664757917721243,-2.3749530717773464,-2.0568046481850804,-1.2839711624241943,-0.20414352600258212,-6.500864322277977,1.5013179,0.7141216,445665.6049240463,5696601.161244338,474.3353271484375,-30.38078675529704,-2.170809545774753,4.444059674092891,468,frame_000468.png
4000,4000,4000,1240,0.31,938,0.7564516129032258,1240,774,0.6241935483870967,445666.0579176662,5696601.2551580025,474.18768317348326,0.4732146590249613,0.06894681137055159,-0.1366576468292351,-31.553308603442414,-2.827698216096388,-2.4991663675546545,-1.2529101669873626,-0.23870465669730834,-7.500120623453256,1.4696006,0.70284235,774,0.6241935483870967,445666.0579176663,5696601.2551580025,474.1876831734871,0.47321465908316895,0.06894681137055159,-0.13665764682542658,-31.55330860343056,-2.8276982159420436,-2.4991663674355524,-1.2529101669755107,-0.23870465654295003,-7.500120623334141,1.4696006,0.70284235,445665.5847030072,5696601.186211191,474.3243408203125,-30.30039843645506,-2.5889935593990843,5.000954255898598,469,frame_000469.png
4000,4000,4000,1174,0.2935,841,0.7163543441226575,1174,811,0.6908006814310051,445666.02640392573,5696601.293046456,474.18272581801045,0.48047275573480874,0.05811580643057823,-0.14527711167704638,-31.21688232410322,-1.095962077131782,-2.6262748593206884,-1.2566351909742082,-0.09608858010821564,-7.784713253537603,1.4657248,0.71350354,811,0.6908006814310051,445666.0264039258,5696601.293046456,474.18272581801136,0.4804727557930164,0.05811580643057823,-0.14527711167613688,-31.216882324133994,-1.0959620764817428,-2.626274859890681,-1.2566351910049889,-0.0960885794581543,-7.784713254107601,1.4657248,0.71350354,445665.54593117,5696601.234930649,474.3280029296875,-29.960247133129002,-0.9998734970235804,5.158438394216922,470,frame_000470.png
4000,4000,4000,1162,0.2905,850,0.7314974182444062,1162,780,0.6712564543889845,445666.03728580265,5696601.308045393,474.17919432887794,0.5032801895868033,0.048618659377098083,-0.14124024143455927,-31.424785822046093,-0.8396203176463024,-3.1690103456815497,-1.2688615963957943,0.036177801332229365,-8.905226430640624,1.494761,0.69591475,780,0.6712564543889845,445666.0372858026,5696601.308045393,474.1791943288785,0.5032801895285957,0.048618659377098083,-0.14124024143399083,-31.424785822023047,-0.8396203182339946,-3.169010345441123,-1.2688615963727443,0.03617780074455368,-8.905226430400205,1.494761,0.69591475,445665.53400561307,5696601.2594267335,474.3204345703125,-30.15592422565029,-0.8757981189785365,5.736216084959079,471,frame_000471.png
4000,4000,4000,1086,0.2715,789,0.7265193370165746,1086,695,0.639963167587477,445666.0296962803,5696601.350814374,474.1746273039526,0.500138487026561,0.06294050719588995,-0.13952064526620234,-31.28657943533812,-0.45253137506788116,-3.136461972555988,-1.2332909967523165,-0.13165441282399115,-8.85046362156885,1.5239096,0.68794703,695,0.639963167587477,445666.0296962835,5696601.350814366,474.1746273045783,0.5001384902279824,0.06294049881398678,-0.13952064464052683,-31.286579437858947,-0.4525313329118378,-3.136462007109584,-1.2332909992731516,-0.1316543706679454,-8.850463656122429,1.5239098,0.68794703,445665.5295577933,5696601.287873867,474.3141479492188,-30.053288438585806,-0.32087696224388357,5.7140016490128485,472,frame_000472.png
4000,4000,4000,1149,0.28725,778,0.6771105308964317,1149,765,0.6657963446475196,445665.9817518234,5696601.382303923,474.182601130362,0.4772721968474798,0.057451752945780754,-0.1455238696379979,-31.018762682434343,0.13677947964344522,-3.513896031393486,-1.2683159597466442,-0.1775001567866923,-9.48268063219291,1.488451,0.69954336,765,0.6657963446475196,445665.9817518234,5696601.382303923,474.18260113035944,0.4772721968474798,0.057451752945780754,-0.14552386964055586,-31.018762682437327,0.13677947950489167,-3.51389603144249,-1.2683159597496285,-0.1775001569252197,-9.482680632241937,1.488451,0.69954336,445665.50447962654,5696601.32485217,474.328125,-29.750446722687705,0.3142796364301251,5.9687846007994345,473,frame_000473.png
4000,4000,4000,1000,0.25,779,0.779,1000,668,0.668,445745.20259660203,5697008.581386021,5052.435677564651,79.68807113531511,407.2231434220448,4578.120980299026,-53.03278714032417,-8.361397618895193,2.860745255585946,-23.25382884914444,-4.802915143741444,-4.593036900207352,423.36182,147.22426,668,0.668,445666.0274355554,5696601.361147808,474.18331287338003,0.5129100886988454,0.0029052086174488068,-0.13138439224496778,-31.14167174877231,-3.4459912895487226,-5.1651984453624165,-1.362713457592605,0.11249118560502325,-12.618980601155698,1.4938557,0.71723056,445665.5145254667,5696601.358242599,474.314697265625,-29.778958291179713,-3.558482475153753,7.453782155793288,474,frame_000474.png
4000,4000,4000,1202,0.3005,874,0.7271214642262895,1202,694,0.5773710482529119,445665.9842597026,5696601.3968374245,474.2018667990151,0.46862575568957254,0.028201346285641193,-0.10831386504742113,-31.263501760655068,-3.354890732043514,-4.581686302849894,-1.3227130797329778,-0.11385943312149038,-11.482221174340793,1.4603294,0.6878361,694,0.5773710482529119,445665.9842597027,5696601.3968374245,474.20186679902014,0.4686257557477802,0.028201346285641193,-0.10831386504236207,-31.263501760657732,-3.3548907317407055,-4.581686302893214,-1.3227130797356494,-0.11385943281868549,-11.482221174384108,1.4603294,0.6878361,445665.5156339469,5696601.368636078,474.3101806640625,-29.940788680922083,-3.241031298922026,6.9005348714909,475,frame_000475.png
4000,4000,4000,1103,0.27575,723,0.6554850407978241,1103,637,0.5775158658204895,445666.00943295157,5696601.489580245,474.2287965607043,0.5417541334754787,0.09903007932007313,-0.13359967953005025,-31.277601415922643,-0.4737577084194425,-2.909971869749722,-1.2561072003133233,0.041969098364262436,-8.760073366517787,1.519188,0.73129195,637,0.5775158658204895,445666.0094329517,5696601.489580245,474.2287965607094,0.5417541335918941,0.09903007932007313,-0.1335996795249912,-31.277601415921378,-0.47375770800042594,-2.909971869461486,-1.2561072003120444,0.0419690987832837,-8.760073366229562,1.519188,0.73129195,445665.4676788181,5696601.390550165,474.3623962402344,-30.02149421560933,-0.5157268067837062,5.850101496768074,476,frame_000476.png
4000,4000,4000,1113,0.27825,680,0.6109613656783468,1113,662,0.5947888589398024,445665.920301956,5696601.386291363,474.23740609561924,0.4813905190094374,-0.015049891546368599,-0.14693228328707164,-30.874120939612258,2.4091637322134085,-2.5304856002672063,-1.173862496640396,0.18485041262147206,-7.2510057453801835,1.4628797,0.71622056,662,0.5947888589398024,445665.92030195607,5696601.386291363,474.23740609561804,0.4813905190676451,-0.015049891546368599,-0.14693228328826535,-30.87412093959776,2.409163732771282,-2.530485600608591,-1.173862496625901,0.18485041317933337,-7.251005745721557,1.4628797,0.71622056,445665.438911437,5696601.401341255,474.3843383789063,-29.70025844297186,2.224313319591949,4.720520145112973,477,frame_000477.png
4000,4000,4000,957,0.23925,576,0.6018808777429467,957,612,0.6394984326018809,445665.8583141766,5696601.401066692,474.24119731290267,0.4509661074844189,-0.003980341367423534,-0.16206196444107945,-31.666107864999685,0.6349835910992312,-2.9686543625131345,-1.3232649050650025,-0.057337026398698754,-8.160230472996176,1.5026487,0.7277931,612,0.6394984326018809,445665.8583141772,5696601.401066691,474.2411973128653,0.4509661080664955,-0.003980342298746109,-0.16206196447842558,-31.6661078648578,0.6349835964710552,-2.968654365160466,-1.3232649049231213,-0.05733702102685356,-8.160230475643516,1.5026487,0.7277931,445665.40734806913,5696601.405047033,474.40325927734375,-30.34284295993468,0.6923206174979217,5.191576110483037,478,frame_000478.png
4000,4000,4000,857,0.21425,585,0.6826137689614936,857,548,0.6394399066511085,445665.8934454299,5696601.483250241,474.2260254818887,0.514544568490237,0.07502964418381453,-0.17924795561128803,-27.205125202056585,-13.448879271133283,-12.70134824675364,-1.3527331331646053,-0.15475702592215157,-26.942648765965544,1.5101311,0.7559837,548,0.6394399066511085,445665.8934454294,5696601.483250241,474.22602548173643,0.514544567966368,0.07502964418381453,-0.17924795576357155,-27.205125202409437,-13.448879273837738,-12.701348248044956,-1.3527331335174608,-0.15475702862661933,-26.942648767256856,1.5101311,0.7559837,445665.3789008614,5696601.408220597,474.4052734375,-25.85239206889197,-13.294122245211131,14.241300519211897,479,frame_000479.png
4000,4000,4000,1125,0.28125,679,0.6035555555555555,1125,782,0.6951111111111111,-76184275.4285303,-22204886.584052347,-9714039.01004025,-76629940.74865161,-27901487.752422877,-9714513.43682858,109.31071659832894,-25.676448023959864,-79.2454529959671,87.58555609639978,-30.75000127317415,-76.25112335829806,459.48752,152.9842,782,0.6951111111111111,445665.6943259207,5696601.48269397,474.192316351855,0.3742046176921576,0.31432343926280737,-0.23447197822309818,20.053501289868265,5.3169026243162465,5.273016757894328,-1.671659212060888,0.2433493751019853,8.26734639556338,1.4656227,0.71772915,445665.320121303,5696601.168370531,474.4267883300781,21.725160501929164,5.0735532492142745,-2.9943296376690416,480,frame_000480.png
4000,4000,4000,1179,0.29475,954,0.8091603053435115,1179,749,0.635284139100933,445665.5943691056,5696601.674079725,474.2257406391434,0.21700898819835857,0.5123055325821042,-0.17953279835660396,42.67638757928159,-4.2571722390370885,9.479503939666259,-2.501626970413753,-0.07124546838133483,16.73614446522143,1.5052388,0.75195456,749,0.635284139100933,445665.59436910594,5696601.674079724,474.22574063922514,0.21700898854760453,0.5123055316507816,-0.17953279827486313,42.67638757910321,-4.257172238987453,9.479503937130628,-2.5016269705921275,-0.0712454683316821,16.736144462685786,1.5052388,0.75195456,445665.3773601174,5696601.161774192,474.4052734375,45.17801454969534,-4.185926770655762,-7.256640525555174,481,frame_000481.png
4000,4000,4000,1242,0.3105,815,0.6561996779388084,1242,811,0.6529790660225443,445665.4970250242,5696601.955182869,474.2381481059592,0.042448673222679645,0.699581746943295,-0.1669727436501489,64.61853924108371,-0.06461725924121128,10.890393704929789,-5.002896955858091,-0.3295715708447631,18.61666048927657,1.5457702,0.72551733,811,0.6529790660225443,445665.4970250242,5696601.955182869,474.2381481059605,0.042448673222679645,0.699581746943295,-0.16697274364889836,64.61853924108362,-0.06461725930025196,10.890393704895873,-5.002896955858148,-0.3295715709038234,18.616660489242662,1.5457702,0.72551733,445665.454576351,5696601.255601122,474.4051208496094,69.62143619694179,0.26495431160356353,-7.7262667843467865,482,frame_000482.png
4000,4000,4000,1203,0.30075,874,0.7265170407315046,1203,874,0.7265170407315046,445665.27104333875,5696602.260667134,474.25089242356074,-0.21301787457196042,0.5453591402620077,-0.18648550612675763,87.298080196543,0.3349678137699283,6.356641744427776,-0.4093880099417788,0.18788150966335593,10.215048600397779,1.4437957,0.7137393,874,0.7265170407315046,445665.27104333875,5696602.260667134,474.25089242356114,-0.21301787457196042,0.5453591402620077,-0.18648550612635972,87.29808019654234,0.3349678137427012,6.356641744420436,-0.40938800994246094,0.18788150963612793,10.215048600390446,1.4437957,0.7137393,445665.4840612133,5696601.715307994,474.4373779296875,87.70746820648479,0.1470863041065813,-3.858406855970004,483,frame_000483.png
4000,4000,4000,920,0.23,524,0.5695652173913044,920,614,0.6673913043478261,445664.79264149826,5696602.885092269,474.26780178164415,-0.5171169584500603,0.49435259960591793,-0.17845676327772253,119.15363077708352,-1.5553804655828467,5.7743844215510105,-0.9401862402805818,0.07190287977795151,9.616108584644053,1.5033789,0.71152186,614,0.6673913043478261,445664.7926414975,5696602.885092265,474.267801781673,-0.5171169592067599,0.49435259588062763,-0.17845676324890292,119.15363077649825,-1.5553804860314804,5.774384437664803,-0.9401862408658701,0.07190285932929896,9.616108600757826,1.503379,0.7115217,445665.3097584567,5696602.390739669,474.4462585449219,120.09381701736412,-1.6272833453607856,-3.841724163093036,484,frame_000484.png
4000,4000,4000,1027,0.25675,698,0.6796494644595911,1027,639,0.6222005842259006,445664.5699058627,5696603.105577741,474.29038464682196,-0.5755972057231702,0.44158755615353584,-0.14619982583428737,121.82617131502288,-2.9207439170505016,4.057855814869273,-1.0965790997015858,-0.35119912233099626,6.0882595727455,1.453095,0.7229582,639,0.6222005842259006,445664.5699058627,5696603.105577741,474.290384646822,-0.5755972057231702,0.44158755615353584,-0.14619982583423052,121.82617131502259,-2.920743917043801,4.057855814860971,-1.09657909970187,-0.35119912232428874,6.088259572737201,1.453095,0.7229582,445665.1455030684,5696602.663990185,474.43658447265625,122.92275041472446,-2.5695447947195125,-2.0304037578762375,485,frame_000485.png
4000,4000,4000,1048,0.262,708,0.6755725190839694,1048,732,0.6984732824427481,445664.31445572746,5696603.396653676,474.2854542543765,-0.4409700910327956,0.2788088545203209,-0.1531443784360249,122.2266026004709,-2.1474197343398336,2.4536505885038538,-1.0731463545415068,-0.17281792414851793,3.0774658296328994,1.4656183,0.6921397,732,0.6984732824427481,445664.31445572746,5696603.3966536755,474.2854542543696,-0.4409700910327956,0.2788088535889983,-0.15314437844290296,122.22660260046203,-2.1474197357483376,2.453650589698939,-1.0731463545503743,-0.17281792555701259,3.0774658308279754,1.4656183,0.6921397,445664.7554258185,5696603.117844822,474.4385986328125,123.29974895501242,-1.9746018101913223,-0.6238152411290402,486,frame_000486.png
4000,4000,4000,977,0.24425,616,0.6305015353121801,977,621,0.6356192425793245,445664.0164771479,5696603.666868154,474.29814069795844,-0.5433411033009179,0.33657131716609,-0.1470802493071801,122.53551612268502,-1.701542472145998,2.983463347577391,-1.1939591560017675,-0.03357462668199673,3.828336295248363,1.4242132,0.701747,621,0.6356192425793245,445664.01647714793,5696603.666868153,474.29814069795617,-0.5433411032427102,0.33657131623476744,-0.14708024930945385,122.53551612269152,-1.7015424725275312,2.9834633474761802,-1.1939591559952873,-0.03357462706352976,3.828336295147153,1.4242132,0.701747,445664.5598182512,5696603.330296837,474.4452209472656,123.72947527868679,-1.667967845464002,-0.8448729476709766,487,frame_000487.png
4000,4000,4000,1197,0.29925,763,0.6374269005847953,1197,889,0.7426900584795322,445663.8341664384,5696603.955733815,474.2851440357825,-0.5427549298619851,0.40894016716629267,-0.1604736399988269,122.94239582772245,-2.815125693771487,2.6909614254037417,-1.2321392896051293,-0.17380270430061273,3.5789223153685157,1.506996,0.7140797,889,0.7426900584795322,445663.8341664384,5696603.955733814,474.28514403577975,-0.5427549298619851,0.4089401662349701,-0.1604736400015554,122.94239582760686,-2.8151256964564655,2.6909614269655786,-1.232139289720692,-0.1738027069855832,3.5789223169303455,1.506996,0.7140797,445664.37692136824,5696603.546793648,474.4456176757813,124.17453511732757,-2.6413229894708814,-0.8879608899647693,488,frame_000488.png
4000,4000,4000,1196,0.299,876,0.7324414715719063,1196,838,0.7006688963210702,445663.6640414462,5696604.247613824,474.2722842296237,-0.5270897880545817,0.48315840121358633,-0.17629365123565321,122.79383872098452,-2.6306891483711112,3.3042911600286193,-1.2500084058743823,-0.12608426443608778,4.961890366889378,1.4989914,0.7068293,838,0.7006688963210702,445663.66404144623,5696604.247613824,474.27228422963015,-0.5270897879963741,0.48315840121358633,-0.1762936512292299,122.79383872088886,-2.6306891497321057,3.3042911606245515,-1.2500084059700498,-0.12608426579708976,4.961890367485296,1.4989914,0.7068293,445664.1911312342,5696603.764455423,474.4485778808594,124.0438471268589,-2.5046048839350297,-1.6575992068607577,489,frame_000489.png
4000,4000,4000,889,0.22225,617,0.6940382452193475,889,632,0.7109111361079865,445663.4602558535,5696604.485397168,474.2572078437363,-0.41935205523623154,0.273532927967608,-0.18581583790432887,122.5651637032638,-2.2948900543172286,4.807937278625485,-1.235515181427786,-0.3714601917901348,7.735108993185776,1.4324415,0.706701,632,0.7109111361079865,445663.46025585406,5696604.485397167,474.25720784368065,-0.4193520546541549,0.2735329261049628,-0.18581583795997858,122.56516370275793,-2.2948900627545257,4.807937279847377,-1.2355151819336925,-0.37146020022743187,7.735108994407653,1.4324415,0.706701,445663.8796079087,5696604.2118642405,474.4430236816406,123.8006788846916,-1.9234298625270831,-2.92717171456029,490,frame_000490.png
4000,4000,4000,1032,0.258,703,0.6812015503875969,1032,672,0.6511627906976745,445663.269253281,5696604.806965834,474.25684288348845,-0.45847535639768466,0.364955423399806,-0.18972083721467925,122.36260768330871,-3.0422386316082908,5.354282826982506,-1.2700381315742106,-0.17740581703640146,8.78408986108019,1.4635092,0.6843811,672,0.6511627906976745,445663.26925328095,5696604.806965834,474.25684288347855,-0.4584753564558923,0.364955423399806,-0.18972083722457,122.362607683309,-3.0422386318874484,5.354282827598187,-1.2700381315739264,-0.1774058173155595,8.78408986169589,1.4635092,0.6843811,445663.7277286374,5696604.442010411,474.4465637207031,123.6326458148829,-2.8648328145718978,-3.429807034097695,491,frame_000491.png
4000,4000,4000,1033,0.25825,696,0.6737657308809293,1033,726,0.7028073572120038,445663.0803157809,5696605.157262321,474.2403185245283,-0.5099386552465148,0.4748472524806857,-0.18015266687802978,122.45903829769033,-4.165039316876875,5.3140436718875526,-1.2180629499420093,0.08646559970864587,8.772314411328296,1.4386555,0.70548487,726,0.7028073572120038,445663.08031578094,5696605.157262321,474.24031852452805,-0.5099386551883072,0.4748472524806857,-0.18015266687825715,122.45903829769328,-4.1650393167053466,5.314043671741609,-1.2180629499390534,0.08646559988017088,8.772314411182379,1.4386555,0.70548487,445663.59025443613,5696604.682415068,474.4204711914063,123.67710124763232,-4.251504916585515,-3.458270739440755,492,frame_000492.png
3999,4000,3999,973,0.24331082770692672,635,0.6526207605344296,973,639,0.656731757451182,445662.91786885087,5696605.458424521,474.2294204607454,-0.5359727220493369,0.5374898966401815,-0.17100068183270878,121.61822603086463,-3.2745823390251236,5.6898243305493486,-1.374142105871158,0.2750380249435125,9.581584373681295,1.4814444,0.71961045,639,0.656731757451182,445662.91786885116,5696605.458424521,474.2294204607621,-0.5359727217582986,0.5374898966401815,-0.1710006818159968,121.61822603072197,-3.2745823413604054,5.689824329702529,-1.374142106013835,0.2750380226082143,9.58158437283447,1.4814444,0.71961045,445663.4538415729,5696604.920934624,474.4004211425781,122.99236813673579,-3.549620363968625,-3.891760043131946,493,frame_000493.png
4000,4000,4000,1116,0.279,760,0.6810035842293907,1116,727,0.6514336917562724,445662.76046906953,5696605.637191276,474.235660864248,-0.4404624809976667,0.27539930678904057,-0.15996901856448176,122.1514699420881,-2.8954427564021503,6.172944107592036,-1.4050186156495101,-0.35482157499188816,10.134609390162069,1.5354704,0.73467404,727,0.6514336917562724,445662.7604690695,5696605.637191276,474.23566086424154,-0.4404624810558744,0.27539930678904057,-0.1599690185709619,122.15146994208601,-2.8954427564095067,6.172944107973042,-1.405018615651585,-0.35482157499922096,10.13460939054309,1.5354704,0.73467404,445663.2009315505,5696605.361791969,474.3956298828125,123.5564885577376,-2.540621181410272,-3.9616652825700385,494,frame_000494.png
4000,4000,4000,977,0.24425,713,0.72978505629478,977,643,0.6581371545547595,445662.63045697846,5696605.914285058,474.2431893773276,-0.44949520559748635,0.35069633554667234,-0.17383332775051485,122.52239957215038,-1.6588870570017533,6.1752220280540016,-1.413686832871889,-0.11303993869324813,10.363874036752122,1.4863255,0.69357026,643,0.6581371545547595,445662.6304569783,5696605.914285058,474.2431893772689,-0.44949520577210933,0.35069633554667234,-0.1738333278092341,122.52239957207217,-1.6588870587660351,6.175222030387026,-1.4136868329500771,-0.11303994045752574,10.363874039085147,1.4863255,0.69357026,445663.07995218405,5696605.563588723,474.4170227050781,123.93608640502227,-1.5458471183085147,-4.188652008698129,495,frame_000495.png
4000,4000,4000,1005,0.25125,616,0.6129353233830845,1005,649,0.6457711442786069,445662.41572032036,5696606.148942119,474.24492481901825,-0.5397664206684567,0.38603274803608656,-0.17530223176305526,122.55440953065673,-0.7012010260583919,5.8268431778942436,-1.4724634744587775,0.09602227340579361,9.412058566018516,1.4816633,0.7002388,649,0.6457711442786069,445662.4157203202,5696606.14894212,474.2449248190052,-0.5397664208430797,0.38603274896740913,-0.17530223177612925,122.55440953066515,-0.701201024648392,5.826843178159238,-1.4724634744503646,0.09602227481579462,9.412058566283491,1.4816633,0.7002388,445662.95548674103,5696605.762909371,474.4202270507813,124.02687300511552,-0.7972232994641979,-3.585215388124257,496,frame_000496.png
4000,4000,4000,954,0.2385,672,0.7044025157232704,954,626,0.6561844863731656,445662.2087487205,5696606.367536721,474.2403919363437,-0.6114655975834467,0.42256710212677717,-0.1815440988125374,122.89213425639551,-1.0337146099376218,5.36113709634641,-1.465229816484566,0.08755870791821962,8.282787963759603,1.5000789,0.71641445,626,0.6561844863731656,445662.2087487206,5696606.367536721,474.24039193633695,-0.611465597525239,0.42256710212677717,-0.18154409881930178,122.89213425638694,-1.0337146104369321,5.361137096352826,-1.465229816493121,0.08755870741890703,8.282787963766026,1.5000789,0.71641445,445662.8202143181,5696605.944969619,474.42193603515625,124.35736407288006,-1.1212733178558496,-2.9216508674132036,497,frame_000497.png
4000,4000,4000,920,0.23,708,0.7695652173913043,920,569,0.6184782608695653,445662.0189085465,5696606.539807707,474.2567760934427,-0.5163827813230455,0.22364022489637136,-0.16470217804169351,123.23294698822978,-6.162173397483938,5.606449491857243,-1.5850356673635133,0.16638026302499043,8.556667262803188,1.4767318,0.70560354,569,0.6184782608695653,445662.0189085465,5696606.539807707,474.2567760934405,-0.5163827813230455,0.22364022489637136,-0.16470217804385356,123.23294698822329,-6.1621733977045,5.606449491738765,-1.5850356673699935,0.16638026280440954,8.556667262684698,1.4767318,0.70560354,445662.5352913278,5696606.316167482,474.4214782714844,124.8179826555933,-6.328553660508921,-2.9502177709459425,498,frame_000498.png
4000,4000,4000,931,0.23275,555,0.5961331901181526,931,632,0.6788399570354458,445661.90728499595,5696606.755910098,474.2916860975911,-0.4941431839251891,0.2799381325021386,-0.09060760358079278,123.42654573894117,-12.725023353544822,4.707930585571207,-1.5122296960850576,-0.1968483254228488,7.363117583192803,1.4939251,0.7132648,632,0.6788399570354458,445661.907284995,5696606.755910104,474.2916860985144,-0.49414318485651165,0.27993813902139664,-0.09060760265748513,123.42654573742777,-12.725023320588289,4.707930570140595,-1.5122296975984568,-0.19684829246631352,7.3631175677622025,1.4939251,0.7132648,445662.4014281799,5696606.475971965,474.3822937011719,124.93877543502623,-12.528175028121971,-2.655186997621596,499,frame_000499.png
4000,4000,4000,1060,0.265,741,0.6990566037735849,1060,662,0.6245283018867924,445661.8039725789,5696606.788311755,474.29194673398183,-0.4928846583352424,0.20367601606994867,-0.09657255312754387,123.03673281709672,-6.533089390933282,5.1225612292852185,-1.5036175535532834,-0.6117662288291683,7.8883956965632365,1.5114,0.7038714,662,0.6245283018867924,445661.80397257884,5696606.788311755,474.2919467339825,-0.4928846583934501,0.20367601606994867,-0.09657255312686175,123.03673281710799,-6.533089391351286,5.122561229983889,-1.5036175535420284,-0.6117662292471664,7.888395697261927,1.5114,0.7038714,445662.29685723723,5696606.584635739,474.3885192871094,124.54035037065,-5.921323162104119,-2.765834467278031,500,frame_000500.png
4000,4000,4000,1116,0.279,690,0.6182795698924731,1116,666,0.5967741935483871,445661.73480606463,5696606.895625222,474.294187685225,-0.418446798925288,0.19507521111518145,-0.1345537698531416,122.97670534384899,-4.707140691059198,4.857611799864668,-1.4347246036486467,-0.12446454552764408,7.461022303654914,1.4063274,0.68398505,666,0.5967741935483871,445661.73480606463,5696606.895625222,474.2941876852234,-0.418446798925288,0.19507521111518145,-0.13455376985473322,122.97670534384326,-4.707140691217301,4.857611799810934,-1.434724603654388,-0.12446454568572562,7.461022303601169,1.4063274,0.68398505,445662.15325286356,5696606.70055001,474.4287414550781,124.41142994749764,-4.582676145531568,-2.6034105037902457,501,frame_000501.png
4000,4000,4000,1163,0.29075,817,0.702493551160791,1163,693,0.5958727429062769,445661.7170680183,5696606.961259815,474.2895152476725,-0.4208233596291393,0.24523086193948984,-0.15527845349936342,123.11742029772947,-1.8066878295599653,5.747213863439257,-1.503992083162359,0.10856613507502288,9.375303299720315,1.5081294,0.7406332,693,0.5958727429062769,445661.71706801804,5696606.961259816,474.289515247711,-0.42082335986196995,0.24523086287081242,-0.15527845346088043,123.1174202977971,-1.8066878254853607,5.747213862281122,-1.5039920830947153,0.10856613914964441,9.375303298562187,1.5081294,0.7406332,445662.1378913779,5696606.716028953,474.4447937011719,124.62141238089183,-1.9152539646350009,-3.6280894362810536,502,frame_000502.png
4000,4000,4000,1101,0.27525,829,0.7529518619436876,1101,699,0.6348773841961853,445661.6748951933,5696606.980318445,474.2746307167063,-0.4499155792873353,0.24773783795535564,-0.17528993759054856,123.28138912908443,-2.365995480138255,5.876167669796058,-1.4713570442004311,0.1780876782494829,9.498723973225196,1.5358939,0.7231421,699,0.6348773841961853,445661.6748951919,5696606.980318446,474.27463071656257,-0.44991558068431914,0.24773783888667822,-0.17528993773430557,123.2813891292982,-2.365995473876562,5.876167675601386,-1.4713570439866714,0.1780876845111834,9.498723979030501,1.5358939,0.7231421,445662.1248107726,5696606.732580607,474.4499206542969,124.75274617328488,-2.5440831583877483,-3.622556303429126,503,frame_000503.png
4000,4000,4000,1082,0.2705,667,0.6164510166358595,1082,727,0.6719038817005545,445661.697077867,5696606.984400879,474.28194561111775,-0.4201283327420242,0.23869233019649982,-0.15961322677287626,123.11800576589299,-2.242812104715225,5.387385975664309,-1.4617779660374026,0.23140804014272476,8.683358378505687,1.5164306,0.7296935,727,0.6719038817005545,445661.69707786676,5696606.98440088,474.28194561111593,-0.42012833297485486,0.2386923311278224,-0.15961322677469525,123.11800576597452,-2.242812102673705,5.387385976010411,-1.4617779659558607,0.23140804218425615,8.683358378851779,1.5164306,0.7296935,445662.11720619973,5696606.745708548,474.4415588378906,124.57978373193038,-2.474220144857963,-3.2959724028413806,504,frame_000504.png
4000,4000,4000,1092,0.273,784,0.717948717948718,1092,711,0.6510989010989011,445661.65811516595,5696607.002099818,474.2854045974694,-0.42509786604205146,0.20406254660338163,-0.16607245331192644,122.62559500259313,-4.510861803254091,5.561714928862053,-1.5419836689881663,-0.13389680709423146,8.701610041151781,1.5080168,0.734832,711,0.6510989010989011,445661.6581151658,5696607.002099816,474.2854045972209,-0.42509786621667445,0.20406254474073648,-0.16607245356038902,122.62559500275005,-4.510861811101969,5.561714935350724,-1.54198366883125,-0.13389681494211914,8.701610047640457,1.5080168,0.7348319,445662.083213032,5696606.798037271,474.4514770507813,124.1675786715813,-4.376964996159848,-3.1398951122897323,505,frame_000505.png
4000,4000,4000,1099,0.27475,731,0.6651501364877161,1099,684,0.6223839854413102,445661.6401987809,5696607.029127881,474.2739013169307,-0.4138864429551177,0.19266858976334333,-0.15764775533494912,123.26664273670958,-3.8825871480060403,5.076199723679801,-1.5258530777174428,-0.2767487201220149,7.9273216674197045,1.5460001,0.708889,684,0.6223839854413102,445661.64019878086,5696607.029127881,474.2739013169308,-0.41388644301332533,0.19266858976334333,-0.15764775533483544,123.26664273661305,-3.8825871503911284,5.07619972573066,-1.5258530778139914,-0.2767487225071079,7.927321669470558,1.5460001,0.708889,445662.0540852239,5696606.836459291,474.4315490722656,124.79249581442704,-3.6058384278840228,-2.8511219437399067,506,frame_000506.png
4000,4000,4000,1123,0.28075,690,0.6144256455921638,1123,700,0.6233303650934996,445661.5985544584,5696607.0434808,474.2756431125931,-0.43405319371959195,0.20354413334280252,-0.1564857936568842,123.17795088317239,-3.611012045595692,4.78170886512048,-1.4857068320272617,-0.08860062265267743,7.265074995267241,1.4834998,0.71984607,700,0.6233303650934996,445661.598554458,5696607.0434808,474.2756431126628,-0.43405319412704557,0.20354413334280252,-0.15648579358719417,123.17795088322994,-3.611012045917327,4.781708868241406,-1.4857068319697078,-0.0886006229742975,7.265074998388172,1.4834998,0.71984607,445662.03260765213,5696606.839936667,474.43212890625,124.66365771519965,-3.5224114229430237,-2.4833661301467616,507,frame_000507.png
4000,4000,4000,1043,0.26075,694,0.6653883029721956,1043,710,0.6807286673058485,445661.5762149134,5696607.043152708,474.27247362196147,-0.4428374922135845,0.2065433794632554,-0.14644117296040804,123.55212219536078,-4.31308804530417,4.252675676203798,-1.3943147996486687,0.033144603998437105,6.266226296476248,1.4930769,0.717974,710,0.6807286673058485,445661.5762149144,5696607.043152709,474.2724736219043,-0.44283749122405425,0.20654338039457798,-0.14644117301759252,123.55212219531533,-4.313088044940895,4.252675669109711,-1.394314799694115,0.033144604361694974,6.2662262893821605,1.4930769,0.717974,445662.0190524056,5696606.836609328,474.4189147949219,124.94643699500945,-4.3462326493026,-2.013550620272459,508,frame_000508.png
4000,4000,4000,1095,0.27375,696,0.6356164383561644,1095,690,0.6301369863013698,445661.632539631,5696606.974482654,474.2802678643451,-0.3820120999007486,0.1872374266386032,-0.16220650088928323,123.0424795167075,-3.0048565366522038,5.276518238102894,-1.5580986025914854,-0.2719268644986528,8.305552769521427,1.4639739,0.6884926,690,0.6301369863013698,445661.63253962825,5696606.974482652,474.28026786441313,-0.38201210263650864,0.18723742477595806,-0.16220650082124166,123.04247951652212,-3.0048565392710107,5.276518258672178,-1.5580986027768517,-0.2719268671174575,8.305552790090701,1.4639738,0.68849254,445662.0145517309,5696606.787245227,474.4424743652344,124.60057811929897,-2.7329296721535594,-3.029034531418537,509,frame_000509.png
4000,4000,4000,1088,0.272,725,0.6663602941176471,1088,704,0.6470588235294118,445661.5965485246,5696606.992526272,474.2737731411803,-0.4206979731679894,0.21836886927485466,-0.16772466155407528,123.28305905694748,-2.763311053535451,4.899221716443921,-1.576003924807594,0.0381971809150059,7.576761820147226,1.54664,0.7008061,704,0.6470588235294118,445661.5965485247,5696606.992526272,474.2737731411565,-0.42069797310978174,0.21836886927485466,-0.16772466157789268,123.28305905689734,-2.7633110547840323,4.899221717105993,-1.57600392485773,0.038197179666411785,7.576761820809281,1.54664,0.7008061,445662.0172464978,5696606.774157403,474.4414978027344,124.85906298175507,-2.8015082344504565,-2.677540103703294,510,frame_000510.png
4000,4000,4000,1094,0.2735,746,0.6819012797074955,1094,742,0.6782449725776966,445661.62735291274,5696606.966535279,474.257045384537,-0.3933281633653678,0.2190647292882204,-0.17850149046302022,123.34122233490086,-2.7743189687229823,4.262614786799478,-1.5950249973082578,-0.3515126723566482,6.432221579984599,1.4951068,0.7148827,742,0.6782449725776966,445661.6273529129,5696606.966535279,474.2570453845169,-0.3933281631907448,0.2190647292882204,-0.17850149048308595,123.34122233484801,-2.7743189700034128,4.262614786688439,-1.5950249973611221,-0.3515126736370746,6.432221579873556,1.4951068,0.7148827,445662.0206810761,5696606.747470549,474.435546875,124.93624733220912,-2.422806296366342,-2.1696067931851077,511,frame_000511.png
4000,4000,4000,1119,0.27975,804,0.7184986595174263,1119,746,0.6666666666666666,445661.58002774743,5696606.953449382,474.2561275810236,-0.43112026841845363,0.22908723913133144,-0.16751743850772982,122.91270504623832,-2.8432180221634877,4.360414677850074,-1.6295917450953823,0.08707998031590591,6.411095055858766,1.4982959,0.7049689,746,0.6666666666666666,445661.5800277466,5696606.9534493815,474.2561275811139,-0.4311202692333609,0.22908723820000887,-0.16751743841740563,122.9127050462314,-2.8432180224147303,4.360414683331766,-1.6295917451022888,0.087079980064658,6.411095061340461,1.4982959,0.7049689,445662.01114801585,5696606.724362143,474.4236450195313,124.5422967913337,-2.930298002479395,-2.0506803780087037,512,frame_000512.png
4000,4000,4000,1087,0.27175,780,0.7175712971481141,1087,672,0.6182152713891444,445661.53983244486,5696606.905503921,474.2529304455107,-0.46925346850184724,0.1910769697278738,-0.16580124394243967,122.79129568824868,-2.5717365058127504,4.3382315092880965,-1.5247257072133493,-0.019985582415245062,6.069699267014386,1.4948893,0.7219596,672,0.6182152713891444,445661.53983244486,5696606.905503921,474.2529304455019,-0.46925346850184724,0.1910769697278738,-0.1658012439512504,122.79129568824025,-2.57173650632741,4.338231509682581,-1.5247257072217621,-0.019985582929905377,6.069699267408879,1.4948893,0.7219596,445662.00908591336,5696606.7144269515,474.4187316894531,124.31602139546202,-2.5517509233975124,-1.7314677577262871,513,frame_000513.png
4000,4000,4000,1113,0.27825,839,0.7538185085354897,1113,672,0.6037735849056604,445661.5193055858,5696606.890972655,474.245493454865,-0.4820882576168515,0.19109081383794546,-0.17845674044747284,122.82106329344364,-2.3972496368063627,4.266425479982005,-1.559791584572082,0.046031813916499686,5.914935984886199,1.5117468,0.7196938,672,0.6037735849056604,445661.5193055858,5696606.890972655,474.2454934548597,-0.4820882576168515,0.19109081383794546,-0.17845674045281612,122.82106329343746,-2.3972496370695113,4.266425480156602,-1.5597915845782495,0.04603181365334308,5.914935985060794,1.5117468,0.7196938,445662.00139384344,5696606.699881841,474.4239501953125,124.38085487801573,-2.443281450722849,-1.6485105049041817,514,frame_000514.png
4000,4000,4000,1102,0.2755,721,0.6542649727767695,1102,725,0.6578947368421053,445661.6297272256,5696606.911921855,474.26410320649995,-0.3665627970476635,0.22791435196995735,-0.16765948881254644,123.10741718891767,-2.176966622500262,3.0362469245208334,-1.5454426591529113,-0.1133782920293811,4.203877260284742,1.5180371,0.73248065,725,0.6578947368421053,445661.62972722534,5696606.911921854,474.26410320653366,-0.3665627972804941,0.22791435103863478,-0.1676594887788383,123.10741718887917,-2.1769666229635933,3.0362469265765197,-1.5454426591914228,-0.11337829249271181,4.203877262340427,1.5180371,0.73248065,445661.9962900226,5696606.684007503,474.4317626953125,124.65285984807059,-2.0635883304708926,-1.1676303357639084,515,frame_000515.png
4000,4000,4000,1201,0.30025,719,0.5986677768526228,1201,745,0.6203164029975021,445661.5190736539,5696606.907001349,474.26889561622903,-0.47814561933046207,0.2556597664952278,-0.16405726463034398,122.91163050906111,-1.9430771054112554,3.9884687630193274,-1.5317668360626158,0.2995235487151433,5.551013209447746,1.494156,0.72732747,745,0.6203164029975021,445661.5190736534,5696606.907001349,474.2688956162091,-0.478145619854331,0.2556597664952278,-0.16405726465029602,122.9116305091131,-1.9430771030809206,3.988468765068217,-1.5317668360106609,0.2995235510454677,5.551013211496638,1.494156,0.72732747,445661.99721927324,5696606.651341583,474.4329528808594,124.44339734512374,-2.2426006541263863,-1.5625444464284155,516,frame_000516.png
4000,4000,4000,1015,0.25375,793,0.7812807881773399,1015,623,0.6137931034482759,445661.60834620206,5696606.779874836,474.26941024208793,-0.39454422431299463,0.14350761380046606,-0.16921890830269604,122.93768822584417,-3.2005395738239053,6.246381252540746,-1.5920951049483847,-0.9180123992013876,9.599859334887299,1.4773309,0.73241967,623,0.6137931034482759,445661.60834620177,5696606.779874827,474.26941024096095,-0.39454422460403293,0.14350760448724031,-0.16921890942967366,122.93768822596603,-3.200539617538651,6.246381282811268,-1.5920951048265124,-0.9180124429161367,9.59985936515784,1.4773309,0.73241967,445662.0028904264,5696606.636367222,474.4386291503906,124.52978333079254,-2.2825271746225124,-3.3534780823465655,517,frame_000517.png
4000,4000,4000,1047,0.26175,723,0.6905444126074498,1047,621,0.5931232091690545,445661.54724857706,5696606.802425884,474.2436597413971,-0.46233694546390325,0.17881654016673565,-0.19890617657171106,122.50005229547533,-1.8726093830615766,5.660729375177212,-1.5513901553720757,-0.18302009893926652,8.726473993578281,1.5052241,0.70662695,621,0.5931232091690545,445661.5472485765,5696606.802425885,474.24365974131433,-0.46233694604597986,0.17881654109805822,-0.19890617665447508,122.50005229550774,-1.8726093796500396,5.660729377270897,-1.5513901553396465,-0.18302009552772347,8.726473995671967,1.5052241,0.70662695,445662.0095855225,5696606.623609344,474.4425659179688,124.05144245084739,-1.6895892841223181,-3.0657446184010637,518,frame_000518.png
4000,4000,4000,1134,0.2835,769,0.6781305114638448,1134,710,0.6261022927689595,445661.62372302637,5696606.766412602,474.2591642747904,-0.39028157520806417,0.16039365343749523,-0.1810517896627175,122.26481313184053,-3.7533916444494553,4.267045372778888,-1.526751003666078,-0.41774912941991715,6.160568526406621,1.5732484,0.73198646,710,0.6261022927689595,445661.62372302625,5696606.766412602,474.25916427474044,-0.3902815753244795,0.16039365343749523,-0.18105178971268288,122.26481313178876,-3.753391646313841,4.2670453748261465,-1.526751003717834,-0.417749131284296,6.160568528453865,1.5732484,0.73198646,445662.0140046016,5696606.606018948,474.4402160644531,123.7915641355066,-3.335642515029551,-1.8935231536277244,519,frame_000519.png
4000,4000,4000,1162,0.2905,737,0.6342512908777969,1162,720,0.6196213425129088,445661.6700089917,5696606.819004129,474.2675696122755,-0.3496184722171165,0.24407468736171722,-0.15409176467761654,122.1654367318154,-5.578002705267625,3.483470943103728,-1.6700228584913646,0.5053801645620695,4.505098355482687,1.4366723,0.7154192,720,0.6196213425129088,445661.6700089917,5696606.819004129,474.26756961227477,-0.3496184722171165,0.24407468736171722,-0.1540917646783555,122.16543673181393,-5.578002705278725,3.4834709430689115,-1.6700228584928425,0.5053801645509566,4.5050983554478705,1.4366723,0.7154192,445662.01962746395,5696606.574929441,474.4216613769531,123.83545959030677,-6.0833828698296895,-1.02162741237897,520,frame_000520.png
4000,4000,4000,1033,0.25825,749,0.7250726040658277,1033,590,0.5711519845111326,445661.8280476186,5696606.602560059,474.2231375659698,-0.3227532668970525,0.08612643368542194,-0.12934046137394262,123.10468969609907,-7.27293560475568,5.55060886674588,-1.3673820414572901,-0.8874264469297373,8.786790814634998,1.5280917,0.71181047,590,0.5711519845111326,445661.8280476186,5696606.602560059,474.22313756589915,-0.3227532668970525,0.08612643368542194,-0.129340461444599,123.10468969617853,-7.272935606683565,5.550608868085199,-1.3673820413778515,-0.8874264488576387,8.786790815974314,1.5280917,0.71181047,445662.1508008855,5696606.5164336255,474.35247802734375,124.47207173755638,-6.385509157825941,-3.23618194788912,521,frame_000521.png
4000,4000,4000,1015,0.25375,646,0.6364532019704433,1015,663,0.6532019704433497,445661.99203197093,5696606.575677874,474.25975367617445,-0.36655501753557473,0.1721627777442336,-0.16083958554435185,122.44375216955949,-2.7222856905570927,7.675084120236138,-1.4967613308275247,-0.34480473323037586,13.067226054879285,1.5437877,0.71196586,663,0.6532019704433497,445661.99203197035,5696606.5756778745,474.2597536761234,-0.36655501811765134,0.17216277867555618,-0.16083958559539724,122.44375216955882,-2.722285687263456,7.675084122127568,-1.4967613308281784,-0.34480472993672606,13.067226056770693,1.5437877,0.71196586,445662.35858698847,5696606.403515096,474.4205932617188,123.94051350038701,-2.377480957326722,-5.392141934643135,522,frame_000522.png
4000,4000,4000,953,0.23825,681,0.7145855194123819,953,608,0.6379853095487933,445662.22253525676,5696606.538885346,474.2871232783037,-0.32901548489462584,0.23535819351673126,-0.17286817677444333,122.76891800543162,-0.40721716961722176,8.412930604409066,-1.4547794326549024,0.12789339112788412,15.043163051044758,1.482747,0.7074436,608,0.6379853095487933,445662.2225352567,5696606.538885346,474.28712327829203,-0.3290154849528335,0.23535819351673126,-0.17286817678609623,122.76891800542296,-0.40721716990326495,8.412930604905691,-1.4547794326635426,0.12789339084184803,15.043163051541399,1.482747,0.7074436,445662.55155074166,5696606.303527152,474.4599914550781,124.22369743808652,-0.5351105607451163,-6.6302324466357065,523,frame_000523.png
4000,4000,4000,1115,0.27875,776,0.6959641255605381,1115,715,0.6412556053811659,445662.1365099458,5696606.911461421,474.25708110821796,-0.4635676901671104,0.29604271333664656,-0.17288104998516474,122.36212498726755,1.0770857943922905,7.833044625273486,-1.5227544510060227,-0.023939546841944548,13.235092144638031,1.5204027,0.7382501,715,0.6412556053811659,445662.1365099458,5696606.911461421,474.2570811082103,-0.4635676901671104,0.29604271333664656,-0.1728810499928386,122.36212498724446,1.0770857939484038,7.833044625715365,-1.5227544510291295,-0.023939547285834806,13.235092145079904,1.5204027,0.7382501,445662.60007763596,5696606.615418708,474.4299621582031,123.88487943827357,1.10102534123423,-5.4020475193645305,524,frame_000524.png
4000,4000,4000,1052,0.263,682,0.6482889733840305,1052,660,0.6273764258555133,445662.03995236324,5696607.012827948,474.28900587054096,-0.45699090766720474,0.22317763790488243,-0.1408342173496635,123.13986511078295,-8.74421443576699,7.25843745144983,-1.5311240840728146,-0.36507037140731313,12.092511988659709,1.5225112,0.7214589,660,0.6273764258555133,445662.03995236324,5696607.012827949,474.2890058705538,-0.45699090766720474,0.223177638836205,-0.1408342173368169,123.1398651107693,-8.7442144353077,7.258437451141397,-1.531124084086457,-0.3650703709480183,12.092511988351276,1.5225112,0.7214589,445662.4969432709,5696606.78965031,474.4298400878906,124.67098919485576,-8.379144064359682,-4.834074537209878,525,frame_000525.png
4000,4000,4000,1060,0.265,625,0.589622641509434,1060,678,0.6396226415094339,445661.98363931564,5696607.175070269,474.29238795465847,-0.420492731500417,0.2575850896537304,-0.11978245549778421,122.49085197412522,-7.270495894702106,5.59751325285504,-1.7946809899547702,-0.5443159136581244,9.116805399914938,1.4619219,0.72155577,678,0.6396226415094339,445661.98363931593,5696607.17507027,474.2923879546483,-0.4204927312093787,0.25758509058505297,-0.11978245550795918,122.49085197402563,-7.2704958949488345,5.597513251265607,-1.7946809900543599,-0.5443159139048817,9.11680539832551,1.4619219,0.72155577,445662.40413204714,5696606.917485179,474.41217041015625,124.28553296408,-6.726179981043967,-3.519292147059904,526,frame_000526.png
4000,4000,4000,1048,0.262,802,0.7652671755725191,1048,652,0.6221374045801527,445661.9683727995,5696607.128074603,474.281892190256,-0.4229379177559167,0.1896662237122655,-0.14047109099402633,122.52114241000706,-6.4343608203053355,7.0258144201577135,-1.6427738854317795,-0.5318185663118982,11.732401434757321,1.5019788,0.69491255,652,0.6221374045801527,445661.9683727995,5696607.128074602,474.28189218999825,-0.4229379177559167,0.18966622278094292,-0.1404710912517544,122.52114241004637,-6.434360828453632,7.025814425185727,-1.6427738853924438,-0.5318185744601749,11.732401439785349,1.5019788,0.69491255,445662.39131071727,5696606.938408379,474.42236328125,124.16391629543882,-5.902542253993449,-4.706587014599609,527,frame_000527.png
4000,4000,4000,1017,0.25425,698,0.6863323500491643,1017,618,0.6076696165191741,445661.8652191742,5696607.083689033,474.3017914227782,-0.5255559245124459,0.06349554564803839,-0.14327693659680563,144.6555195555581,-2.6192657403165587,8.37682070444912,-2.7941331241175362,-0.2892631634979068,14.358288442521314,1.5653694,0.74103165,618,0.6076696165191741,445661.86521917465,5696607.083689029,474.301791422475,-0.5255559240467846,0.06349554192274809,-0.14327693690000842,144.65551955495124,-2.619265753749155,8.37682071811723,-2.7941331247243966,-0.2892631769305183,14.358288456189399,1.5653694,0.74103165,445662.3907750987,5696607.020193487,474.445068359375,147.44965267967564,-2.3300025768186416,-5.981467738072179,528,frame_000528.png
4000,4000,4000,1203,0.30075,869,0.7223607647547797,1203,804,0.6683291770573566,445661.7658878187,5696606.996130255,474.30078208772096,-0.5068447210942395,-0.2271930342540145,-0.2062369552478458,-178.7486741069546,4.5925513820799875,9.845714860484055,-1.813144345382426,-0.20011590309781013,17.1675295585527,1.4858972,0.69472635,804,0.6683291770573566,445661.7658878187,5696606.996130255,474.30078208772096,-0.5068447210942395,-0.2271930342540145,-0.2062369552478458,-178.7486741069546,4.592551382080047,9.845714860483685,-1.813144345382426,-0.2001159030977533,17.16752955855233,1.4858972,0.69472635,445662.2727325398,5696607.223323289,474.5070190429688,-176.93552976157218,4.792667285177786,-7.321814698068636,529,frame_000529.png
4000,4000,4000,1036,0.259,815,0.7866795366795367,1036,703,0.6785714285714286,445661.53807968815,5696606.828734071,474.29245560218305,-0.4179234147304669,-0.3009811518713832,-0.26449019859825285,-171.69974428848948,8.613814689390761,4.328974486636,-1.9456118078007592,0.9973772359995507,6.23770922998898,1.4429121,0.7363705,703,0.6785714285714286,445661.53807969176,5696606.828734076,474.2924556033143,-0.4179234111215919,-0.3009811472147703,-0.26449019746701197,-171.69974428403228,8.61381466476111,4.328974463324374,-1.945611803343553,0.9973772113698942,6.237709206677351,1.4429121,0.73637056,445661.9560031029,5696607.129715223,474.5569458007813,-169.75413248068872,7.616437453391206,-1.9087347433529713,530,frame_000530.png
4000,4000,4000,1102,0.2755,785,0.7123411978221416,1102,730,0.662431941923775,445661.0844962582,5696606.662164292,474.2983989578544,-0.5371001973981038,-0.3197978502139449,-0.2170124190987508,-171.0876679293654,6.067109290259616,5.634332916433275,-1.7244223821648177,0.15962877780887652,9.217833978589368,1.5229188,0.73874915,730,0.662431941923775,445661.0844962581,5696606.662164292,474.2983989578474,-0.5371001974563114,-0.3197978502139449,-0.21701241910574254,-171.08766792941557,6.067109290755587,5.634332916623975,-1.724422382214982,0.15962877830483535,9.217833978780078,1.5229188,0.73874915,445661.6215964556,5696606.9819621425,474.5154113769531,-169.3632455472006,5.907480512450752,-3.5835010621561048,531,frame_000531.png
4000,4000,4000,1111,0.27775,823,0.7407740774077408,1111,701,0.630963096309631,445660.7954595429,5696606.57088199,474.2710826912242,-0.4262602003291249,-0.30490273609757423,-0.2476551017446127,-171.21869694083694,6.698243084388019,6.856249753814673,-1.6987926875145263,0.12828838571974188,11.404182136192162,1.471049,0.72481954,701,0.630963096309631,445660.7954595429,5696606.57088199,474.27108269122454,-0.4262602003291249,-0.30490273609757423,-0.24765510174427163,-171.21869694084086,6.698243084331756,6.856249753867109,-1.6987926875184485,0.1282883856634669,11.4041821362446,1.471049,0.72481954,445661.2217197432,5696606.875784726,474.5187377929688,-169.5199042533224,6.569954698668286,-4.547932382377494,532,frame_000532.png
4000,4000,4000,1215,0.30375,900,0.7407407407407407,1215,752,0.6189300411522634,445660.5200434263,5696606.52196752,474.2737974099392,-0.47500166337704286,-0.32189010828733444,-0.23279438693577958,-171.2785042363357,6.389752120056318,7.371800633533493,-1.7751220076779077,0.0638729921090544,12.397292652694915,1.5313137,0.7447471,752,0.6189300411522634,445660.5200434263,5696606.52196752,474.2737974099388,-0.47500166337704286,-0.32189010828733444,-0.2327943869361775,-171.27850423633654,6.38975212006729,7.371800633537313,-1.7751220076787604,0.06387299212002517,12.397292652698752,1.5313137,0.7447471,445660.9950450897,5696606.843857628,474.506591796875,-169.50338222865778,6.325879127947264,-5.025492019161435,533,frame_000533.png
4000,4000,4000,1137,0.28425,862,0.7581354441512753,1137,712,0.6262093227792436,445660.18794117443,5696606.5139211835,474.272623764037,-0.56133508781204,-0.3023045277222991,-0.23058058166611772,-171.193184618622,6.143745506977755,8.10338890849574,-1.646196577602467,0.10864789765750515,14.037217672468671,1.4818913,0.72264546,712,0.6262093227792436,445660.18794117443,5696606.5139211835,474.272623764037,-0.56133508781204,-0.3023045277222991,-0.23058058166611772,-171.19318461862247,6.143745506997416,8.103388908468538,-1.6461965776029217,0.10864789767714456,14.037217672441471,1.4818913,0.72264546,445660.74927626224,5696606.816225711,474.5032043457031,-169.54698804101955,6.035097609320262,-5.9338287639729295,534,frame_000534.png
4000,4000,4000,1248,0.312,776,0.6217948717948718,1248,854,0.6842948717948718,445659.86465483153,5696606.455442693,474.278068561744,-0.6156354295089841,-0.32869506534188986,-0.22650907497478556,-171.13074452266764,4.5532811409563845,8.007672162047776,-1.6628147664232529,-0.09062406985660232,13.66248124649573,1.507014,0.7271986,854,0.6842948717948718,445659.86465482926,5696606.455442692,474.2780685616272,-0.6156354317790829,-0.32869506627321243,-0.2265090750915988,-171.1307445232705,4.553281154697781,8.007672163929206,-1.6628147670261058,-0.09062405611518898,13.662481248377162,1.507014,0.7271986,445660.48029026104,5696606.784137758,474.5045776367188,-169.4679297562444,4.643905210812975,-5.654809084447956,535,frame_000535.png
4000,4000,4000,1419,0.35475,970,0.6835799859055673,1419,967,0.6814658210007047,445659.4553794986,5696606.431189324,474.27161260830684,-0.4532312885276042,-0.2791628213599324,-0.22167352450566113,-170.98715831500655,3.3888398598301235,8.026010656045548,-1.65243278743651,0.03910735065480253,13.875325830787034,1.4829245,0.7168995,967,0.6814658210007047,445659.4553794981,5696606.431189324,474.27161260823556,-0.45323128905147314,-0.2791628213599324,-0.22167352457694278,-170.98715831529566,3.3888398632514396,8.026010657453881,-1.6524327877256155,0.039107354076094225,13.875325832195358,1.4829243,0.7168996,445659.9086107871,5696606.710352145,474.4932861328125,-169.33472552757004,3.3497325091753316,-5.849315174741481,536,frame_000536.png
4000,4000,4000,1455,0.36375,898,0.6171821305841925,1455,935,0.6426116838487973,445659.08784594067,5696606.410411478,474.26821152103076,-0.5278545732726343,-0.26475722156465054,-0.2193067895161107,-170.75652860442543,2.6525133841122375,7.861545035846871,-1.5929517359178078,-0.033328174927504506,13.728493417348801,1.4720662,0.7240369,935,0.6426116838487973,445659.08784594067,5696606.410411478,474.268211521022,-0.5278545732726343,-0.26475722156465054,-0.2193067895248646,-170.75652860457924,2.6525133846156526,7.861545038251283,-1.592951736071626,-0.03332817442407077,13.728493419753221,1.4720662,0.7240369,445659.61570051394,5696606.6751687,474.4875183105469,-169.16357686850762,2.6858415590397327,-5.866948381501927,537,frame_000537.png
4000,4000,4000,1180,0.295,848,0.7186440677966102,1180,763,0.6466101694915254,445658.78783104726,5696606.3435615115,474.2720294366855,-0.5367764473776333,-0.2876649294048548,-0.21283384456449994,-170.81767944924096,2.029727169301753,7.963809752005147,-1.6369076081455205,-0.5099546594504716,13.80053023746396,1.4866743,0.7052703,763,0.6466101694915254,444555.8651252203,5696838.773634305,330.3009867056394,-1103.4594822743093,232.1424078643322,-144.1838765756106,-76.73469654284784,76.12144628099234,68.28757411186746,92.44607529824759,73.58176445224012,74.1242945973263,383.3507,195.03749,445659.32460749464,5696606.631226441,474.48486328125,-169.18077184109544,2.5396818287522183,-5.836720485458825,538,frame_000538.png
4000,4000,4000,1249,0.31225,1000,0.800640512409928,1249,848,0.6789431545236189,445657.44154766557,5696606.040305529,474.2616539783159,-0.5469165506656282,-0.3515717964619398,-0.20898811152784447,-170.98847899922876,3.0948596811394298,7.5270025419564375,-1.655846334805858,-0.09894044094608034,12.638662196033891,1.5329463,0.7103979,848,0.6789431545236189,445657.44154766557,5696606.040305529,474.26165397831767,-0.5469165506656282,-0.3515717964619398,-0.20898811152608232,-170.98847899921495,3.0948596810330544,7.527002541937209,-1.6558463347920451,-0.0989404410524628,12.638662196014678,1.5329463,0.7103979,445657.98846421624,5696606.391877325,474.47064208984375,-169.3326326644229,3.193800122085515,-5.111659654077457,539,frame_000539.png
4000,4000,4000,1167,0.29175,845,0.7240788346186804,1167,749,0.6418166238217652,445657.11355332384,5696605.97791747,474.25484108383426,-0.6259885616018437,-0.3655083067715168,-0.21628928725948526,-170.94812546888343,3.2756838398100743,7.696835729224341,-1.6335808507128888,0.030280052216880904,13.036085483864525,1.5526268,0.71926135,749,0.6418166238217652,445657.1135533241,5696605.97791747,474.25484108383586,-0.625988561369013,-0.3655083067715168,-0.21628928725789365,-170.94812546878492,3.2756838387162146,7.696835729839271,-1.6335808506143792,0.030280051123014573,13.036085484479457,1.5526268,0.71926135,445657.73954188544,5696606.343425777,474.47113037109375,-169.31454461817054,3.2454037875932036,-5.3392497546401785,540,frame_000540.png
4000,4000,4000,1016,0.254,772,0.7598425196850394,1016,567,0.5580708661417323,445656.8096377972,5696605.841970002,474.23124922381487,-0.4557564259157516,-0.390880873426795,-0.24070512188825433,-170.88933460389796,3.9464278269079545,7.0303504510850745,-1.752236441748238,0.2300349288794905,11.251325741612959,1.5012611,0.73239934,567,0.5580708661417323,445656.80963779724,5696605.841970002,474.23124922381174,-0.45575642585754395,-0.390880873426795,-0.2407051218913807,-170.8893346038757,3.946427826641094,7.030350451352769,-1.7522364417259837,0.23003492861263908,11.251325741880663,1.5012611,0.73239934,445657.2653942231,5696606.232850876,474.4719543457031,-169.13709816214973,3.7163928980284657,-4.220975290527885,541,frame_000541.png
4000,4000,4000,1197,0.29925,813,0.6791979949874687,1197,760,0.6349206349206349,445656.5430709076,5696605.850857358,474.2450079021624,-0.4849815323250368,-0.32553817331790924,-0.2209649982282258,-170.51533861169597,3.7160482118722995,6.302814242566725,-1.68613453848684,-0.07864348486532435,10.291901291068285,1.5030954,0.7279348,760,0.6349206349206349,445655.4795232743,5696606.495554359,455.98825732193677,-1.5485291656223126,0.3191588269546628,-18.477715578453854,10.227871551855642,9.68057986372649,1.0863433508866402,179.05707562506478,5.885888166988877,5.07543039938821,5.669752,3.837453,445657.0280524399,5696606.176395532,474.4659729003906,-168.82920407320913,3.794691696737624,-3.9890870485015566,542,frame_000542.png
4000,4000,4000,1106,0.2765,847,0.7658227848101266,1106,726,0.6564195298372514,445656.212590325,5696605.754468563,474.23933049405275,-0.583912958856672,-0.3540917532518506,-0.22725275790037358,-170.73338433330807,4.716136569903324,5.352278119671181,-1.6106447950166682,0.20718392333353108,8.402172710981887,1.5601511,0.74962085,726,0.6564195298372514,445655.3044472718,5696606.225711023,456.0280824782666,-1.4920560120372102,0.11715070717036724,-18.438500773686542,10.103977480175834,9.98912377191064,1.3233400969781781,179.22671701846724,5.48017112534086,4.373234688288875,6.4179068,4.1873183,445656.79650328384,5696606.108560316,474.4665832519531,-169.1227395382914,4.508952646569793,-3.0498945913107027,543,frame_000543.png
4000,4000,4000,1107,0.27675,733,0.6621499548328816,1107,664,0.5998193315266486,445655.9268465897,5696605.676532952,474.23027146520474,-0.6399320335476659,-0.3679702952504158,-0.23225294885776293,-170.72569093575973,4.428958473802643,5.307654964883097,-1.668508891231994,0.39674310424877035,8.35334303718895,1.5002848,0.72568214,664,0.5998193315266486,445655.9268465882,5696605.676532953,474.2302714649577,-0.6399320350610651,-0.3679702943190932,-0.23225294910480443,-170.72569093692695,4.4289584821676105,5.307654960282548,-1.6685088923992168,0.3967431126137342,8.353343032588413,1.5002848,0.72568214,445656.56677862327,5696606.044503247,474.4625244140625,-169.05718204452774,4.032215369553884,-3.045688072305861,544,frame_000544.png
4000,4000,4000,997,0.24925,745,0.7472417251755266,997,564,0.5656970912738215,445655.68184247304,5696605.643690068,474.25218892420963,-0.414114348764997,-0.2761948285624385,-0.20160746250917327,-170.6037897853301,3.932988034895777,5.0203525785718215,-1.547477329340154,-0.01233669564601314,8.057361605865026,1.504052,0.7007609,564,0.5656970912738215,445654.5759089742,5696606.456899456,456.1227136728484,-1.5200478475890122,0.5370145589113235,-18.331082713870387,10.27875074084085,10.047910947970953,-1.3250324122841433,179.3350631968308,6.102586217429177,1.7119766150090356,6.7770157,4.706445,445656.0959568218,5696605.919884897,474.4537963867188,-169.05631245598994,3.945324730541789,-3.03700902729319,545,frame_000545.png
4000,4000,4000,1049,0.26225,644,0.6139180171591992,1049,588,0.5605338417540515,445655.02548671723,5696605.435611565,474.25004388682925,-0.5798167856410146,-0.35965401120483875,-0.21299932606137872,-170.91488009759718,3.4373732770067065,5.6623897772041145,-1.5866441007739525,0.13420465783437407,9.001072996667943,1.5596353,0.72141814,588,0.5605338417540515,445655.02548671747,5696605.435611565,474.2500438869026,-0.5798167854081839,-0.35965401120483875,-0.21299932598805071,-170.91488009741587,3.4373732755156605,5.662389776601128,-1.5866441005926504,0.13420465634334278,9.001072996064948,1.5596353,0.72141814,445655.6053035029,5696605.795265576,474.4630432128906,-169.32823599682322,3.303168619172327,-3.338683219463832,546,frame_000546.png
4000,4000,4000,972,0.243,599,0.6162551440329218,972,558,0.5740740740740741,445654.7391615148,5696605.410027149,474.2618246813186,-0.6199238278204575,-0.3317700829356909,-0.1973733167282603,-170.94305040329607,3.3576937892950856,5.720285229576399,-1.59288826216968,0.10182117332436746,9.266654356007564,1.5563291,0.76812387,558,0.5740740740740741,445654.7391615145,5696605.410027149,474.26182468124796,-0.6199238281114958,-0.3317700829356909,-0.19737331679891668,-170.94305040347558,3.357693791037932,5.720285230874416,-1.5928882623491916,0.10182117506721511,9.266654357305583,1.5563291,0.76812387,445655.3590853426,5696605.741797232,474.4591979980469,-169.3501621411264,3.255872615970704,-3.5463691264311596,547,frame_000547.png
4000,4000,4000,859,0.21475,564,0.6565774155995343,859,467,0.5436554132712457,445654.3853159799,5696605.334109653,474.23715924917144,-0.4799979804083705,-0.31006508879363537,-0.21025896371918407,-170.77405698494837,3.2421010617962436,5.319415690143709,-1.6122336875602912,0.31889646252284365,8.437428891722817,1.6144627,0.7832116,467,0.5436554132712457,445654.38531597966,5696605.334109653,474.2371592490347,-0.47999798064120114,-0.31006508879363537,-0.21025896385594933,-170.77405698530066,3.242101063635386,5.319415692886464,-1.6122336879125783,0.31889646436198404,8.437428894465569,1.6144627,0.7832116,445654.8653139603,5696605.644174742,474.4474182128906,-169.16182329738808,2.9232045992734017,-3.118013201579114,548,frame_000548.png
4000,4000,4000,814,0.2035,493,0.6056511056511057,814,508,0.6240786240786241,445653.75414375775,5696605.203733999,474.25954608596237,-0.6056699595064856,-0.3466512756422162,-0.19617290817825506,-170.79175076915712,2.8313897690199363,6.2025875289070695,-1.6145814596399362,0.15854385118262826,10.094588735952499,1.5459161,0.7338972,508,0.6240786240786241,445653.75414375775,5696605.203733999,474.2595460859405,-0.6056699595064856,-0.3466512756422162,-0.19617290820013977,-170.7917507692565,2.831389769315243,6.2025875297207795,-1.6145814597393269,0.15854385147792982,10.094588736766212,1.5459161,0.7338972,445654.35981371725,5696605.550385275,474.4557189941406,-169.17716930951718,2.672845917837322,-3.8920012070454253,549,frame_000549.png
4000,4000,4000,854,0.2135,488,0.5714285714285714,854,476,0.5573770491803278,445653.4703182647,5696605.251361683,474.28582564018984,-0.6291081344825216,-0.25698752235621214,-0.17590531684146526,-170.2139024817569,0.9358000136047447,6.492080434437079,-1.578276640073824,-0.3552058330574255,11.13382178978523,1.521308,0.7139265,476,0.5573770491803278,445653.4703182646,5696605.251361683,474.2858256402001,-0.6291081345407292,-0.25698752235621214,-0.17590531683123345,-170.21390248172392,0.935800013858034,6.49208043383676,-1.5782766400408548,-0.3552058328041312,11.133821789184907,1.521308,0.7139265,445654.09942639916,5696605.508349205,474.4617309570313,-168.63562584168307,1.2910058466621692,-4.6417413553481435,550,frame_000550.png
4000,4000,4000,846,0.2115,602,0.7115839243498818,846,560,0.6619385342789598,445652.9047945872,5696605.110458994,474.2748466608396,-0.45364449790213257,-0.30347352661192417,-0.2120002629885107,-170.41483900771937,3.8901179713167244,7.072033832428206,-1.547577778934624,-0.24933474487227159,11.823724793421349,1.5505122,0.6938484,560,0.6619385342789598,445652.90479458764,5696605.110458993,474.2748466608469,-0.4536444974364713,-0.30347352754324675,-0.21200026298123475,-170.41483900782058,3.890117968904516,7.072033834262755,-1.5475777790358336,-0.24933474728450733,11.823724795255885,1.5505122,0.6938484,445653.3584390851,5696605.413932521,474.4868469238281,-168.86726122878474,4.13945271618901,-4.751690960993132,551,frame_000551.png
4000,4000,4000,942,0.2355,553,0.5870488322717622,942,573,0.60828025477707,445652.1379861097,5696604.989575966,474.26369246288147,-0.39592997200088575,-0.28986965026706457,-0.21598283008734143,-170.49172201984283,5.546319737716157,5.770463540103396,-1.522302072123665,-0.0984096707383344,9.363231972883682,1.5597928,0.7114155,573,0.60828025477707,445652.1379861097,5696604.989575966,474.26369246287635,-0.39592997200088575,-0.28986965026706457,-0.21598283009245733,-170.4917220198619,5.546319737778378,5.770463540243078,-1.522302072142736,-0.09840967067611928,9.363231973023346,1.5597928,0.7114155,445652.5339160817,5696605.2794456165,474.4796752929688,-168.96941994771916,5.644729408454497,-3.592768432780277,552,frame_000552.png
4000,4000,4000,978,0.2445,540,0.5521472392638037,978,467,0.4775051124744376,445651.52207779844,5696604.883956398,474.22816291285915,-0.5995882849092595,-0.30771605484187603,-0.2576769308908524,-170.56422023613325,7.006659819848298,6.143727737090282,-1.4895386748093244,0.5219434668363476,10.13477793731218,1.6817235,0.7860211,467,0.4775051124744376,445651.52207779774,5696604.883956399,474.228162912712,-0.5995882856077515,-0.30771605391055346,-0.25767693103802003,-170.56422023594186,7.006659824081183,6.143727734714125,-1.4895386746179327,0.5219434710692212,10.13477793493604,1.6817235,0.78602105,445652.12166608335,5696605.191672453,474.48583984375,-169.07468156132393,6.484716353011948,-3.9910502002219017,553,frame_000553.png
4000,4000,4000,895,0.22375,527,0.5888268156424581,895,474,0.529608938547486,445651.33468592266,5696604.841521575,474.2706377796923,-0.5761198729160242,-0.31471414770931005,-0.20995304062017794,-170.51739560235583,6.285687219377412,6.590014143505671,-1.5275385982763225,-0.01967246684208135,10.997342562569884,1.4738792,0.714201,474,0.529608938547486,445651.3346859229,5696604.841521575,474.2706377796863,-0.5761198726831935,-0.31471414770931005,-0.20995304062620335,-170.51739560237635,6.2856872178707865,6.590014144279532,-1.527538598296843,-0.019672468348716166,10.99734256334375,1.4738792,0.714201,445651.9108057956,5696605.156235723,474.4805908203125,-168.9898570040795,6.305359686219506,-4.407328419064205,554,frame_000554.png
4000,4000,4000,938,0.2345,519,0.5533049040511727,938,513,0.5469083155650319,445651.03382842144,5696604.782835864,474.2530455839871,-0.4343066278961487,-0.2980979336425662,-0.24494025585664758,-170.99646614941562,6.285014685888437,7.178710434826925,-1.5824217998705024,0.032203909536775654,11.923764013678067,1.5235499,0.6673799,513,0.5469083155650319,445651.0338284215,5696604.782835864,474.25304558399415,-0.43430662783794105,-0.2980979336425662,-0.244940255849599,-170.996466149395,6.2850146858084965,7.17871043466854,-1.5824217998498682,0.032203909456825386,11.923764013519701,1.5235499,0.6673799,445651.46813504933,5696605.080933798,474.49798583984375,-169.41404434954512,6.252810776351674,-4.745053578851154,555,frame_000555.png
4000,4000,4000,958,0.2395,617,0.6440501043841336,958,400,0.4175365344467641,445650.4849830218,5696604.730251711,474.26552864544976,-0.5115466760471463,-0.27982127480208874,-0.2215929365815441,-170.42605824444183,4.992905558300113,6.750253005986804,-1.4798507498629192,-0.3050169418080486,11.380599329351497,1.6304355,0.7553799,400,0.4175365344467641,445650.48498302174,5696604.730251711,474.26552864535665,-0.511546676105354,-0.27982127480208874,-0.22159293667465363,-170.42605824481439,4.992905559549279,6.7502530095599,-1.479850750235471,-0.30501694055888606,11.38059933292459,1.6304355,0.7553799,445650.99652969785,5696605.010072986,474.4871215820313,-168.9462074945789,5.297922500108158,-4.630346323364691,556,frame_000556.png
4000,4000,4000,1005,0.25125,644,0.6407960199004975,1005,390,0.3880597014925373,445649.84079812473,5696604.486733101,474.2243266968606,-0.42567249888088554,-0.39078364986926317,-0.2525714964987742,-170.62216974048522,4.547935240451372,6.91266441596673,-1.603733650051737,0.013465585987660234,10.863192611377826,1.6442332,0.7415519,390,0.3880597014925373,445649.84079812386,5696604.4867331,474.22432669671895,-0.42567249975400046,-0.39078365080058575,-0.252571496640428,-170.62216974124112,4.547935247020993,6.912664420108228,-1.6037336508076407,0.013465592557281525,10.863192615519324,1.6442332,0.7415519,445650.2664706236,5696604.877516751,474.4768981933594,-169.01843609043348,4.534469654463714,-3.950528195411092,557,frame_000557.png
4000,4000,4000,1023,0.25575,628,0.613880742913001,1023,398,0.3890518084066471,445649.4930533462,5696604.424983522,474.2332056218678,-0.5220247567631304,-0.3959968341514468,-0.25144403633532875,-171.07836186900573,4.271771583294917,6.368361567357386,-1.6133528240337682,0.12953635847904366,9.88305262649925,1.6519608,0.7346269,398,0.3890518084066471,445649.49305334646,5696604.424983522,474.23320562185586,-0.5220247564720921,-0.3959968341514468,-0.25144403634726586,-171.07836186907846,4.271771581555742,6.368361569186158,-1.6133528241064994,0.1295363567398624,9.883052628328016,1.6519608,0.7346269,445650.01507810294,5696604.820980356,474.4846496582031,-169.46500904497196,4.142235224815872,-3.51469105914186,558,frame_000558.png
4000,4000,4000,1261,0.31525,800,0.63441712926249,1261,482,0.38223632038065025,445649.26717891125,5696604.399561185,474.27185152340115,-0.4903566161519848,-0.3615934234112501,-0.20083524417697163,-170.90967356331026,1.4627001236059762,5.428457904629436,-1.508951148703062,-0.7584458729879202,8.291796985688364,1.6055048,0.7498528,482,0.38223632038065025,445649.2671789076,5696604.399561186,474.27185152315747,-0.4903566198190674,-0.36159342247992754,-0.20083524442065936,-170.90967356388015,1.4627001457509585,5.428457895905115,-1.5089511492729457,-0.7584458508429179,8.291796976964037,1.6055048,0.7498528,445649.7575355274,5696604.761154609,474.4726867675781,-169.4007224146072,2.221145996593888,-2.8633390810589283,559,frame_000559.png
4000,4000,4000,1212,0.303,757,0.6245874587458746,1212,486,0.400990099009901,445648.7854196443,5696604.287908547,474.22458280517714,-0.699887263122946,-0.4220021590590477,-0.23214326904167137,-170.70141209881803,2.622853344919898,6.529155370990442,-1.565518101848852,0.3099280162292928,10.386052727607876,1.6294252,0.7365066,486,0.400990099009901,445648.7854196443,5696604.287908547,474.22458280513166,-0.699887263122946,-0.4220021590590477,-0.2321432690871461,-170.70141209889243,2.6228533451903724,6.529155372798623,-1.56551810192326,0.3099280164997822,10.386052729416065,1.6294252,0.7365066,445649.48530690745,5696604.709910706,474.4567260742188,-169.13589399696917,2.312925328690592,-3.856897356617432,560,frame_000560.png
4000,4000,4000,1284,0.321,790,0.6152647975077882,1284,475,0.36993769470404986,445648.4593464611,5696604.277253604,474.2274380753128,-0.5185893064481206,-0.32830821070820093,-0.23615445398405654,-170.90692361691035,4.200585623235697,5.9117491712739,-1.5402222342069933,0.4312860724598977,9.460626226662896,1.6380908,0.7718051,475,0.36993769470404986,445648.4593464615,5696604.277253604,474.2274380753365,-0.518589306040667,-0.32830821070820093,-0.23615445396035284,-170.9069236168708,4.200585620877418,5.9117491731411675,-1.5402222341674587,0.4312860701016348,9.460626228530145,1.6380908,0.7718051,445648.97793576756,5696604.605561814,474.4635925292969,-169.36670138270335,3.769299550775789,-3.5488770553889872,561,frame_000561.png
4000,4000,4000,1268,0.317,847,0.667981072555205,1268,498,0.39274447949526814,445648.15662164503,5696604.194667066,474.21823478482423,-0.5758585734874941,-0.3578263958916068,-0.250881426113267,-171.0340364155675,3.9581417497690627,6.4983923249106965,-1.5762462929335186,0.39936623167733387,10.390612601368588,1.7002456,0.72301394,498,0.39274447949526814,445648.1566216451,5696604.194667066,474.2182347848092,-0.5758585734292865,-0.3578263958916068,-0.2508814261282737,-171.03403641561684,3.95814174952196,6.498392325916059,-1.5762462929828587,0.39936623143023553,10.390612602373949,1.7002456,0.72301394,445648.7324802185,5696604.552493462,474.4691162109375,-169.45779012263398,3.558775518091723,-3.892220276457901,562,frame_000562.png
4000,4000,4000,1154,0.2885,757,0.6559792027729636,1154,430,0.37261698440207974,445647.8804394986,5696604.084263891,474.2179205403092,-0.6066359577234834,-0.4202209273353219,-0.24930358078455583,-170.7934759823184,3.1483621966459054,6.2346954782557695,-1.5470154479698408,0.3117070417692389,9.66203908175325,1.6691356,0.7316175,430,0.37261698440207974,445647.8804394994,5696604.084263891,474.2179205404608,-0.6066359569085762,-0.4202209273353219,-0.24930358063295444,-170.7934759821374,3.1483621914669193,6.234695479034467,-1.5470154477888514,0.311707036590235,9.662039082531948,1.6691356,0.7316175,445648.4870754563,5696604.504484818,474.46722412109375,-169.24646053434856,2.8366551548766714,-3.427343603497476,563,frame_000563.png
4000,4000,4000,1132,0.283,686,0.6060070671378092,1132,383,0.338339222614841,445647.12656072405,5696604.011916015,474.19377305823053,-0.6205768881482072,-0.33163049444556236,-0.2689954964569665,-170.99956045077073,4.150294691752441,6.006912368259144,-1.72001902551861,1.124377531100805,9.661625418246047,1.6894156,0.73537177,383,0.338339222614841,445647.12656072434,5696604.011916014,474.19377305826737,-0.6205768878571689,-0.33163049537688494,-0.268995496420132,-170.99956045081598,4.150294689952923,6.006912370117018,-1.7200190255638574,1.1243775293012845,9.661625420103945,1.6894156,0.73537177,445647.7471376122,5696604.34354651,474.4627685546875,-169.27954142525212,3.025917160651633,-3.6547130499869165,564,frame_000564.png
4000,4000,4000,891,0.22275,602,0.675645342312009,891,300,0.3367003367003367,445646.92557047016,5696603.8992791,474.2058080409526,-0.5705236910725944,-0.39344085566699505,-0.2504602695942708,-170.83953827288457,2.439357223248449,5.956156897654208,-1.5757317961886486,0.4196133585231223,9.15812354072088,1.7007706,0.74524707,300,0.3367003367003367,445646.92557047115,5696603.8992791,474.2058080412456,-0.5705236900830641,-0.39344085566699505,-0.25046026930129983,-170.83953827252517,2.4393572168467155,5.95615689896554,-1.575731795829256,0.41961335212138806,9.158123542032229,1.7007706,0.74524707,445647.49609416124,5696604.292719956,474.4562683105469,-169.26380647669592,2.019743864725326,-3.201966643066684,565,frame_000565.png
4000,4000,4000,661,0.16525,368,0.556732223903177,661,149,0.2254160363086233,445645.71420106484,5696603.35165084,474.09387127984667,-0.5416652637068182,-0.7164299953728914,-0.33224566351270823,-171.2435674985158,2.8232847151516074,7.7375484610380525,-1.77758989961481,0.5935819025004037,10.481237091449856,1.7910082,0.7109484,149,0.2254160363086233,445645.71420106274,5696603.351650845,474.09387128004636,-0.541665265802294,-0.716429989784956,-0.3322456633130173,-171.24356749959196,2.8232847232219047,7.737548424874964,-1.7775899006909697,0.5935819105706912,10.481237055286755,1.7910082,0.7109484,445646.25586632855,5696604.068080835,474.4261169433594,-169.465977598901,2.229702812651205,-2.7436886304118038,566,frame_000566.png
4000,4000,4000,646,0.1615,376,0.5820433436532507,646,126,0.19504643962848298,445645.38709685026,5696603.091755577,474.07190756993003,-0.6134369914070703,-0.9237214308232069,-0.35744423671059167,-170.80822167898327,2.311275212127806,8.866263482987861,-1.735993616399611,0.8216118803944426,11.53309459197365,1.8442849,0.75201416,126,0.19504643962848298,445645.3870968506,5696603.091755576,474.07190756981333,-0.6134369910578243,-0.9237214317545295,-0.3574442368272912,-170.80822167871796,2.311275211141808,8.866263491770509,-1.7359936161342944,0.821611879408465,11.5330946007563,1.8442849,0.75201416,445646.00053384167,5696604.015477008,474.4293518066406,-169.07222806258366,1.4896633317333507,-2.66683110898578,567,frame_000567.png
4000,4000,4000,592,0.148,315,0.5320945945945946,592,98,0.16554054054054054,445644.8673437474,5696602.869976953,473.9247751965804,-0.8852921898360364,-1.0913734287023544,-0.5085744127945873,-170.72792469631847,3.948056765804074,9.149523942252413,-1.902088015434515,2.463276218727998,11.301375750983453,2.0580864,0.6625456,98,0.16554054054054054,445644.8673437484,5696602.869976953,473.9247751969036,-0.8852921888465062,-1.0913734287023544,-0.5085744124713756,-170.72792469608552,3.9480567589356634,9.149523943391833,-1.9020880152015707,2.4632762118595792,11.301375752122851,2.0580864,0.6625456,445645.75263593724,5696603.961350381,474.433349609375,-168.82583668088395,1.4847805470760764,-2.1518518087310277,568,frame_000568.png
4000,4000,4000,563,0.14075,237,0.42095914742451157,563,91,0.16163410301953818,445644.7871590358,5696602.868403706,474.0149429469594,-0.49867132114013657,-0.9864701461046934,-0.41929167218120256,-170.43487230562425,3.7068985547967395,9.404559648121715,-1.7313870306247452,1.271529395117966,12.040792056955553,1.8142205,0.7510094,91,0.16163410301953818,445644.78715904296,5696602.8684037095,474.01494294920406,-0.4986713139805943,-0.9864701423794031,-0.41929166993656963,-170.4348723015471,3.7068985044311433,9.404559633459435,-1.7313870265475941,1.2715293447523948,12.040792042293276,1.8142205,0.7510094,445645.28583035694,5696603.854873852,474.4342346191406,-168.7034852749995,2.4353691596787606,-2.636232408833843,569,frame_000569.png
4000,4000,4000,649,0.16225,370,0.5701078582434514,649,91,0.14021571648690292,445644.438668154,5696603.327197773,474.11956945844594,-0.629112888185773,-0.47450937144458294,-0.32012780717906253,-170.60103763920586,4.272897791755649,5.058756260141411,-1.4569757082097397,1.182831254044146,7.062829297020869,1.8329164,0.7313341,91,0.14021571648690292,445644.43866815127,5696603.327197747,474.1195694546527,-0.6291128909215331,-0.47450939752161503,-0.3201278109722807,-170.6010376593727,4.272897835394033,5.058756430185401,-1.456975728376591,1.182831297682526,7.062829467064859,1.8329164,0.7313341,445645.0677810422,5696603.801707145,474.439697265625,-169.14406193099612,3.0900665377115,-2.0040730368794586,570,frame_000570.png
4000,4000,4000,537,0.13425,264,0.49162011173184356,537,100,0.186219739292365,445644.2232582932,5696602.786112407,474.0010455494037,-0.6287649542209692,-0.9628112083300948,-0.43196836661189764,-171.17357376323662,5.125093970743011,7.711934400978231,-1.9002239622264767,1.4762674613490958,8.993401857840666,2.016803,0.7290465,100,0.186219739292365,445644.2232582932,5696602.786112407,474.00104554942817,-0.6287649542209692,-0.9628112083300948,-0.43196836658745497,-171.17357376304773,5.125093970604034,7.711934399664713,-1.900223962037586,1.4762674612101137,8.993401856527157,2.016803,0.7290465,445644.8520232474,5696603.748923616,474.4330139160156,-169.27334980101014,3.648826509393914,-1.281467456862447,571,frame_000571.png
4000,4000,4000,585,0.14625,298,0.5094017094017094,585,109,0.18632478632478633,445644.0451816206,5696602.960781109,474.0646293127235,-0.5805807191645727,-0.7413670923560858,-0.37189412477647465,-170.5770262566815,3.2755881795043527,7.387326907759678,-1.6195745988032968,0.3926221427497012,9.763707772005318,1.7599939,0.7540985,109,0.18632478632478633,457401.3262800394,5660578.913280171,25782.555916537403,11756.700517699646,-36024.7888680296,25308.119393099903,-151.7747668244406,11.38910471965107,55.97783579204588,17.182684833437605,8.50613868289642,58.35421665629153,421.79382,188.43494,445644.62576233974,5696603.702148201,474.4365234375,-168.9574516578782,2.8829660367546386,-2.3763808642456508,572,frame_000572.png
4000,4000,4000,655,0.16375,373,0.5694656488549619,655,148,0.22595419847328244,445643.5604877466,5696603.507132948,474.17454815893075,-0.6028693392290734,-0.10927895363420248,-0.2593202492723776,-170.22371075467103,3.681092496678061,2.9449053089219257,-1.3737560853178081,0.9968546232038591,5.169678239175994,1.8458297,0.67418146,148,0.22595419847328244,445625.8173816184,5696922.422186257,1008.8164742528663,-18.345975467411336,318.8057743553072,534.3826058446632,6.522516645388302,-2.112522565333087,-145.9726028861107,175.37247131474152,-4.796760438807297,-143.74782995585664,388.42645,222.34503,445644.16335708584,5696603.616411902,474.4338684082031,-168.84995466935322,2.6842378734742143,-2.224772930254065,573,frame_000573.png
4000,4000,4000,749,0.18725,415,0.5540720961281709,749,213,0.28437917222963954,445643.3089253578,5696603.240764872,474.1934187753948,-0.38205503911012784,-0.2810522438958287,-0.23370524804272463,-170.09513771737878,1.8041059877096761,3.4288007352841485,-1.5939925456029584,-1.0820166285396056,4.815476352729576,1.6661377,0.7511606,213,0.28437917222963954,428045.0810365791,5739702.672097859,26136.169597920874,-17598.609943817835,43099.150280742906,25661.742473897437,58.414742792555515,37.69799246449023,-126.56036554762471,-133.08411203566868,34.81186984824092,-125.1736899301793,349.85562,139.74548,445643.69098039693,5696603.521817116,474.4271240234375,-168.50114517177582,2.8861226162492954,-1.3866756174454145,574,frame_000574.png
4000,4000,4000,692,0.173,458,0.661849710982659,692,199,0.2875722543352601,445642.7073004088,5696603.25500125,474.2201320310263,-0.746916510455776,-0.22427804861217737,-0.21275981467681504,-169.6369074046204,3.7032266428195886,3.293618606346387,-1.241010966082115,0.7487683414686046,5.277568787112102,1.72927,0.72619593,199,0.2875722543352601,525043.0747948326,5755085.269582695,51718.663323167755,79399.62057791336,58481.79030339699,51244.23043132205,-164.9874734919086,-50.727133260094234,-7.836703523795149,3.4084229466296847,-53.68159156144522,-5.852753343029434,295.76382,117.82449,445643.45421691926,5696603.479279298,474.4328918457031,-168.39589643853827,2.954458301350984,-1.9839501807657032,575,frame_000575.png
4000,4000,4000,773,0.19325,474,0.6131953428201811,773,229,0.296248382923674,445642.5855703176,5696603.101694496,474.19778280495126,-0.39850354532245547,-0.29373538959771395,-0.24163980247061545,-170.51673019631292,2.1156048348952226,4.156511586344497,-1.5647562516369646,-0.3590043441801072,6.218187227972379,1.8531048,0.75134814,229,0.296248382923674,444919.0567139991,5697590.945805871,217.2672703241554,-723.9273598638247,987.5503759849817,-257.1721522832665,34.488077833211875,34.61723374493082,-71.13997200638447,-156.55994822211215,32.1426245658555,-69.0782963647566,399.8529,158.81659,445642.9840738629,5696603.395429886,474.4394226074219,-168.95197394467596,2.4746091790753257,-2.061675641627876,576,frame_000576.png
4000,4000,4000,793,0.19825,456,0.575031525851198,793,240,0.3026481715006305,445642.1762403717,5696603.282771957,474.15894511948136,-0.5700079046655446,-0.06656102742999792,-0.27760883559676586,-170.30579470843068,2.6915625285586424,2.5341010431520448,-1.141976856772203,0.08021395838574108,4.577739737427436,1.7694396,0.74973047,240,0.3026481715006305,447206.45226402814,5697661.345838908,-10245.897254057829,1563.7060157517553,1057.9965059235692,-10720.333808012907,-80.08243282327331,-4.1066304735110934,-178.2769366505691,89.08138502838517,-6.717979043683982,-176.2332979562937,323.71146,163.7821,445642.7462482764,5696603.349332985,474.4365539550781,-169.16381785165848,2.611348570172889,-2.0436386942753875,577,frame_000577.png
4000,4000,4000,826,0.2065,428,0.5181598062953995,826,240,0.29055690072639223,445641.74392157217,5696603.016952414,474.209256018865,-0.761686037236359,-0.2867143964394927,-0.22445980144749456,-170.6611165484379,3.3930176870904076,3.236268696487268,-1.2473338468516317,1.088416233240622,4.7542119272330865,1.7357128,0.7503088,240,0.29055690072639223,-79842.48233587411,5739654.6646149075,-1099490.9494768693,-525484.9879434835,43051.36094809696,-1099965.3831926896,60.20907479628583,19.162521237461643,-11.249885045454658,-130.37714250212792,16.857919783611862,-9.731941814708847,389.4039,144.88092,445642.5056076094,5696603.3036668105,474.4337158203125,-169.41378270158626,2.3046014538497794,-1.5179432307458212,578,frame_000578.png
4000,4000,4000,813,0.20325,447,0.5498154981549815,813,271,0.3333333333333333,445641.69596374355,5696603.070547231,474.17022293254365,-0.5680758289527148,-0.18852289021015167,-0.25632125690947305,-170.93743338058093,1.7103266899701244,3.5249023960513695,-1.4739723797698332,-0.638854756122754,5.613961586715476,1.6224368,0.7522074,271,0.3333333333333333,445748.75744606653,5689317.07524213,3591.3683312277535,106.49340649403166,-7286.183827990666,3116.9417870383004,-86.48824970942269,58.5688070556527,-168.60151155890182,82.9752112913884,56.21962560955981,-166.51245236823772,293.27548,153.50899,445642.2640395725,5696603.259070121,474.4265441894531,-169.4634610008111,2.349181446092878,-2.0890591906641096,579,frame_000579.png
4000,4000,4000,747,0.18675,464,0.6211512717536813,747,267,0.357429718875502,445641.3799517755,5696602.88390933,474.2193121126651,-0.39087622420629486,-0.29838121496140957,-0.20424135413179556,-170.98640457780073,1.6798750267148341,4.619328590652025,-1.5980299673244645,-0.3504886734943682,6.948629464310727,1.4795294,0.7175861,267,0.357429718875502,553790.0085953076,5753339.744296715,132135.82991069168,108148.2377673079,56736.56200616993,131661.40635722489,124.94237142068036,4.151048186518125,-28.278933443630002,-65.66925396884335,2.1206844863089316,-25.9496325699713,252.0876,128.97911,445641.7708279997,5696603.182290545,474.4235534667969,-169.38837461047626,2.0303637002092043,-2.3293008736587018,580,frame_000580.png
4000,4000,4000,656,0.164,387,0.5899390243902439,656,192,0.2926829268292683,445640.9294176293,5696602.901108946,474.1871347339507,-0.38403291726717725,-0.20640041399747133,-0.23495388909617532,-170.49840748425078,2.0710948868694814,3.9825862778344145,-1.4910724464186558,-1.287056921756971,6.273292742867028,1.6162939,0.73602617,192,0.2926829268292683,445640.92941762944,5696602.901108946,474.18713473398697,-0.38403291715076193,-0.20640041399747133,-0.23495388905990922,-170.4984074843827,2.0710948863062653,3.9825862784918726,-1.4910724465505893,-1.2870569223201755,6.273292743524479,1.6162939,0.73602617,445641.3134505466,5696603.10750936,474.4220886230469,-169.00733503783212,3.3581518086264404,-2.2907064650326157,581,frame_000581.png
4000,4000,4000,649,0.16225,406,0.6255778120184899,649,254,0.3913713405238829,445640.50527372834,5696602.597163454,474.24900348394016,-0.577440370048862,-0.47049752343446016,-0.18584148676296763,-170.57919415949067,2.961738825027996,5.590766207287154,-1.7071096337849099,-0.032721139505298424,7.892244460916942,1.5237786,0.7359867,254,0.3913713405238829,445640.5052737283,5696602.597163454,474.24900348396886,-0.5774403701070696,-0.47049752343446016,-0.1858414867342617,-170.57919415959904,2.9617388258288844,5.590766208254208,-1.7071096338932819,-0.032721138704403074,7.89224446188399,1.5237786,0.7359867,445641.0827140984,5696603.067660977,474.4348449707031,-168.87208452570576,2.994459964533282,-2.301478253629786,582,frame_000582.png
4000,4000,4000,751,0.18775,418,0.5565912117177098,751,299,0.3981358189081225,445640.30565494206,5696602.757312651,474.20679225517523,-0.3259367772843689,-0.22835508547723293,-0.21016941474664463,-170.5049738310683,2.5780625799423937,3.310110341793611,-1.4193237146320428,-0.719858543267037,4.7176294946216615,1.6350955,0.68568707,299,0.3981358189081225,-12594881.805048825,-18316014.856586285,3846716.8977365773,-13040522.436640544,-24012617.84225402,3846242.4807749074,-30.23819641953154,-5.558722811248208,110.36250846955126,138.84745369690472,-8.856643934457622,111.7700276223793,281.98584,163.13733,445640.63159171934,5696602.985667736,474.4169616699219,-169.08565011643626,3.2979211232094165,-1.407519152828054,583,frame_000583.png
4000,4000,4000,678,0.1695,472,0.696165191740413,678,285,0.42035398230088494,445639.9947617329,5696602.60359707,474.20809841792374,-0.4086000051465817,-0.3319502165541053,-0.20617770512313882,-170.78136892891087,2.461394658553497,3.903303262354936,-1.6439517977198932,-0.576056417763084,5.240776812983427,1.5523626,0.6862519,285,0.42035398230088494,445639.9947617328,5696602.60359707,474.2080984179561,-0.40860000520478934,-0.3319502165541053,-0.20617770509079492,-170.78136892901068,2.461394658969559,3.9033032634083575,-1.6439517978197102,-0.576056417347047,5.240776814036849,1.5523626,0.6862519,445640.403361738,5696602.935547287,474.4142761230469,-169.13741713119097,3.037451076316593,-1.3374735506284885,584,frame_000584.png
4000,4000,4000,790,0.1975,438,0.5544303797468354,790,319,0.40379746835443037,445639.36425145355,5696602.390460196,474.22211357326114,-0.581970872997772,-0.45004931185394526,-0.18242744236385988,-170.61702323273454,3.2105018769149045,3.895036592832267,-1.625682899384941,-0.029806449039483596,4.694559226822321,1.565119,0.71090335,319,0.40379746835443037,445639.3642514534,5696602.390460196,474.2221135732708,-0.5819708731723949,-0.45004931185394526,-0.1824274423541965,-170.61702323279764,3.210501878045129,3.89503659377242,-1.6256828994480372,-0.0298064479092659,4.694559227762483,1.565119,0.71090335,445639.94622232654,5696602.840509508,474.404541015625,-168.9913403333496,3.240308325954394,-0.79952263399005,585,frame_000585.png
4000,4000,4000,731,0.18275,451,0.6169630642954856,731,279,0.3816689466484268,445639.05842105526,5696602.324235494,474.2291011755382,-0.43773056770442054,-0.4148569330573082,-0.17769814086813085,-170.70034096129353,3.082340991420543,3.666273324054824,-1.6755276426415264,0.09283120214811902,4.347515015381703,1.5656165,0.7389491,279,0.3816689466484268,445639.0584210568,5696602.324235496,474.22910117552294,-0.43773056619102135,-0.41485693119466305,-0.17769814088336489,-170.70034096057717,3.082340979657903,3.666273316124031,-1.6755276419251572,0.09283119038548193,4.347515007450909,1.5656165,0.7389491,445639.49615162297,5696602.739092427,474.4067993164063,-169.024813318652,2.9895097892724265,-0.6812416913268654,586,frame_000586.png
4000,4000,4000,872,0.218,581,0.6662844036697247,872,349,0.40022935779816515,445638.1700001824,5696602.299852184,474.20537242407204,-0.6458748404984362,-0.28393227979540825,-0.21055164819358652,-170.52272514077035,3.6749881638471273,2.7239670387312693,-1.3949313125472997,0.14521043152566904,3.6143290112909767,1.6231716,0.76536125,349,0.40022935779816515,-48704.729103628604,2815691.414953343,3095695.4301192057,-494343.5449786515,-2880911.1688311207,3095221.0141951335,-104.52210921585305,42.87606282684796,-167.75089059673098,64.60568461237,39.34628509452651,-166.86052862417128,368.44473,174.25702,445638.8158750229,5696602.583784464,474.4159240722656,-169.12779382822305,3.529777732321452,-0.890361972559696,587,frame_000587.png
4000,4000,4000,809,0.20225,476,0.588380716934487,809,300,0.37082818294190356,445637.94607280154,5696602.167220042,474.2263136690047,-0.41233058559009805,-0.32947804778814316,-0.2055405790421787,-170.75513034482893,3.849217114117358,3.4465257894137644,-1.5754331888095408,-0.11208687607216916,4.351913350150426,1.5336897,0.7594723,300,0.37082818294190356,-21845967.756362725,-358559.54930665996,203802917.69219372,-22291606.114766113,-6055162.04600475,203802443.26033947,-60.91738169353336,3.459000594213062,-179.02562137334843,108.26231546248601,-0.5023033959764689,-178.12023381261176,296.6003,183.0754,445638.35840338713,5696602.49669809,474.4318542480469,-169.1796971560194,3.9613039901895215,-0.9053875607366685,588,frame_000588.png
4000,4000,4000,716,0.179,568,0.7932960893854749,716,382,0.5335195530726257,445637.67230896757,5696602.188073826,474.2187094391095,-0.4537281558732502,-0.25816300977021456,-0.2177224456561362,-170.66711446358454,3.227270557201627,2.6756984230875442,-1.510321701261148,-0.40641441787002464,3.3233079426028382,1.5246732,0.7380014,382,0.5335195530726257,459511.52647965855,5719035.171679594,9617.19186195666,13873.400442535116,22432.72544275783,9142.755430071895,155.2200536882548,-18.352435662502767,-59.60148643420844,-35.62315354942177,-21.98612063757443,-58.95387691469314,409.48148,159.12415,445638.12603712344,5696602.446236836,474.4364318847656,-169.1567927623234,3.6336849750716516,-0.6476095195152967,589,frame_000589.png
4000,4000,4000,712,0.178,452,0.6348314606741573,712,291,0.40870786516853935,445637.32007383875,5696602.0714593595,474.2255811071463,-0.5633265297510661,-0.3330196160823107,-0.2024279260568278,-170.34430351170613,2.8239630384076158,3.283475908673213,-1.5076968195084817,-0.03013934484982883,4.229631683813693,1.5555528,0.74459827,291,0.40870786516853935,445590.6766553414,5696307.6880685175,1314.461627147111,-47.206745027098805,-294.7164104580879,840.0336181139078,-91.08931168136353,21.04558257043474,-171.38290125187945,77.74729501083414,18.19148018717729,-170.43674547673896,422.08392,156.48802,445637.8834003685,5696602.404478976,474.4280090332031,-168.83660669219765,2.854102383257445,-0.9461557751404691,590,frame_000590.png
4000,4000,4000,709,0.17725,425,0.5994358251057827,709,317,0.44710860366713684,445636.99929369136,5696602.015953502,474.2411657177259,-0.6377995493239723,-0.34278501383960247,-0.19486943852410832,-169.98563212553395,2.6684416090813863,3.6598368192067245,-1.4887583298198592,0.17780153355721495,5.018483222279627,1.5379555,0.7104905,317,0.44710860366713684,445636.9992936913,5696602.015953502,474.24116571771106,-0.63779954938218,-0.34278501383960247,-0.19486943853894445,-169.98563212541833,2.6684416087941307,3.65983681711318,-1.4887583297042397,0.17780153326995674,5.018483220186084,1.5379555,0.7104905,445637.6370932407,5696602.3587385155,474.43603515625,-168.4968737957141,2.4906400755241758,-1.358646403072911,591,frame_000591.png
4000,4000,4000,775,0.19375,510,0.6580645161290323,775,438,0.5651612903225807,445635.75711638137,5696601.791053238,474.2448278128936,-0.63558165775612,-0.33537982404232025,-0.1928247749970069,-170.31345648311992,0.310379507621305,3.0714833458661057,-1.5389138073038282,0.08276692196216118,3.8926920960938958,1.5517514,0.71320426,438,0.5651612903225807,557527.0781163225,5878288.254526202,166488.49685027736,111890.68541828339,181686.12809313927,166014.05919768946,-170.95371192374643,-36.263621196868,-30.04170513747884,-2.179169247930332,-36.49123378252713,-29.220496387251046,462.43048,175.68245,445636.3926980391,5696602.126433062,474.4376525878906,-168.7745426758161,0.2276125856591331,-0.821208750227786,592,frame_000592.png
4000,4000,4000,823,0.20575,596,0.724179829890644,823,489,0.5941676792223572,445635.5347116921,5696601.677105236,474.2304565924951,-0.35519443679368123,-0.36926948837935925,-0.17448115164552291,-170.46024248765332,-4.971741405726178,3.276114116695047,-1.5592834729895344,-0.5080498188292779,3.8643037796903172,1.5494415,0.71036506,489,0.5941676792223572,445635.53471168707,5696601.677105234,474.2304565937858,-0.3551944417995401,-0.3692694902420044,-0.17448115035483625,-170.4602424887372,-4.971741368782466,3.2761141206629554,-1.5592834740734247,-0.5080497818855747,3.8643037836582153,1.5494415,0.710365,445635.88990612887,5696602.046374724,474.4049377441406,-168.90095901466378,-4.463691586896902,-0.5881896629952578,593,frame_000593.png
4000,4000,4000,936,0.234,692,0.7393162393162394,936,600,0.6410256410256411,445635.2479785716,5696601.665740202,474.24530868039307,-0.4144273253623396,-0.34552224539220333,-0.13759537234130903,-170.44373531383783,-8.712568498519353,3.495455403939774,-1.6024967814771571,-0.8529094522953642,4.4606698048146995,1.4952255,0.7169265,600,0.6410256410256411,445635.2479785739,5696601.665740201,474.24530867978183,-0.41442732309224084,-0.3455222463235259,-0.1375953729525463,-170.44373531346162,-8.712568513463818,3.495455410314139,-1.602496781100939,-0.8529094672398116,4.460669811189064,1.4952255,0.7169265,445635.662405897,5696602.011262448,474.3829040527344,-168.84123853236068,-7.859659046223995,-0.9652144008749206,594,frame_000594.png
4000,4000,4000,1060,0.265,724,0.6830188679245283,1060,628,0.5924528301886792,445634.92169988854,5696601.652357323,474.2347134136449,-0.3561272954684682,-0.3054622206836939,-0.15218844182390967,-170.46818716606492,-3.6816446314577,3.0506758963209797,-1.6664648987123485,-0.17206494204387468,3.770945773896784,1.4533142,0.6908035,628,0.5924528301886792,445634.92169988854,5696601.652357323,474.23471341364655,-0.3561272954684682,-0.3054622206836939,-0.1521884418222612,-170.46818716606938,-3.6816446313786697,3.050675896446437,-1.6664648987168107,-0.1720649419648339,3.7709457740222376,1.4533142,0.6908035,445635.277827184,5696601.957819544,474.3869018554688,-168.80172226735257,-3.509579689413835,-0.720269877575801,595,frame_000595.png
4000,4000,4000,849,0.21225,538,0.6336866902237926,849,516,0.607773851590106,445635.00581634045,5696601.680653804,474.22815347461295,-0.26159998297225684,-0.2831715000793338,-0.16872762890267268,-159.6947038373296,-2.1551843186177737,2.3288935516553657,-1.9747622639880262,-0.8379542555815078,2.7327617598283496,1.5837374,0.7476256,516,0.607773851590106,445635.0058163403,5696601.680653803,474.22815347461716,-0.2615999831468798,-0.28317150101065636,-0.16872762889846626,-159.69470383739898,-2.155184317243249,2.3288935526906864,-1.9747622640574036,-0.8379542542069771,2.732761760863667,1.5837374,0.7476256,445635.2674163234,5696601.963825304,474.3968811035156,-157.71994157334157,-1.3172300630362606,-0.4038682081729815,596,frame_000596.png
4000,4000,4000,932,0.233,606,0.6502145922746781,932,499,0.5354077253218884,445635.05726108234,5696601.640278112,474.2022212069614,-0.14253656775690615,-0.3823816943913698,-0.1992375332729921,-155.5709569304798,1.5058474062589433,6.746949722149517,-1.8009376220969386,-1.4860839185334669,9.993910213440017,1.57923,0.7342521,499,0.5354077253218884,445635.05726108234,5696601.640278112,474.2022212069591,-0.14253656775690615,-0.3823816943913698,-0.19923753327526583,-155.57095693047057,1.5058474061048241,6.74694972213467,-1.8009376220877016,-1.4860839186875978,9.993910213425181,1.57923,0.7342521,445635.1997976501,5696602.022659807,474.4014587402344,-153.77001930838287,2.9919313247924157,-3.2469604912905066,597,frame_000597.png
4000,4000,4000,862,0.2155,551,0.6392111368909513,862,487,0.5649651972157773,445635.06774896523,5696601.662955625,474.19379534711993,-0.16854040912585333,-0.34991325438022614,-0.2381504536613761,-155.20676569981435,5.391842256427876,0.2853346500711652,-1.652678510086531,-0.3261715030450887,-1.8763504449502477,1.443379,0.67755276,487,0.5649651972157773,445635.06774896506,5696601.662955625,474.1937953471206,-0.1685404093004763,-0.34991325438022614,-0.23815045366069398,-155.20676569986043,5.391842257731299,0.2853346502243206,-1.6526785101326027,-0.32617150174164067,-1.8763504447970831,1.443379,0.67755276,445635.23628937436,5696602.012868879,474.4319458007813,-153.55408718972782,5.718013759472951,2.1616850950213995,598,frame_000598.png
4000,4000,4000,985,0.24625,605,0.6142131979695431,985,526,0.534010152284264,445635.02137499856,5696601.520880906,474.22898246521106,-0.24014175962656736,-0.45319631695747375,-0.17989204650774582,-155.1531123821431,0.9071587594529775,2.8901097409830445,-1.6605141633912979,0.0779922101637851,3.1221792556548564,1.4974203,0.7044977,526,0.534010152284264,445635.02137499856,5696601.520880906,474.2289824652121,-0.24014175962656736,-0.45319631695747375,-0.17989204650672264,-155.15311238215565,0.9071587596514986,2.890109741067638,-1.6605141634038603,0.07799221036231074,3.122179255739468,1.4974203,0.7044977,445635.2615167582,5696601.974077223,474.4088745117188,-153.4925982187518,0.8291665492891834,-0.23206951467181733,599,frame_000599.png
4000,4000,4000,888,0.222,573,0.6452702702702703,888,542,0.6103603603603603,445635.0681107521,5696601.598016027,474.24285690792004,-0.195202762959525,-0.37069771345704794,-0.19101150028308211,-154.95658988874433,1.0663656563366384,3.1698423329810006,-1.6898955775701268,-0.4258953145646558,3.9724538392656825,1.53028,0.6912423,542,0.6103603603603603,445635.0681107521,5696601.598016027,474.24285690792,-0.195202762959525,-0.37069771345704794,-0.19101150028313896,-154.95658988874445,1.0663656563472477,3.1698423329805787,-1.6898955775702404,-0.4258953145540545,3.972453839265256,1.53028,0.6912423,445635.26331351505,5696601.968713741,474.4338684082031,-153.2666943111742,1.4922609709013013,-0.8026115062846727,600,frame_000600.png
4000,4000,4000,757,0.18925,520,0.6869220607661823,757,460,0.607661822985469,445635.08315292373,5696601.544457364,474.2477926279742,-0.21080864663235843,-0.42744829040020704,-0.19269809468204357,-155.28849216994243,1.4799925912794043,2.1612209130051934,-1.6966083869392037,-0.23650863264620625,1.6485100944825035,1.5263681,0.71705693,460,0.607661822985469,445635.0831529233,5696601.544457364,474.24779262802014,-0.21080864703981206,-0.42744829040020704,-0.1926980946361141,-155.28849217009002,1.4799925941632617,2.16122091311714,-1.6966083870867976,-0.23650862976234066,1.6485100945944566,1.5263681,0.71705693,445635.29396157037,5696601.971905654,474.44049072265625,-153.59188378300323,1.7165012239256123,0.5127108185226917,601,frame_000601.png
4000,4000,4000,782,0.1955,502,0.6419437340153452,782,423,0.540920716112532,445635.18803335296,5696601.633206207,474.24432540927296,-0.126547631341964,-0.3404136775061488,-0.20519851650834653,-155.3393166721687,1.4030516065315752,2.849943939361292,-1.5444452693346307,-0.9014850546088553,3.324244546960898,1.5296406,0.72087675,423,0.540920716112532,445635.1880333531,5696601.633206207,474.24432540925795,-0.12654763122554868,-0.3404136775061488,-0.2051985165233532,-155.33931667213164,1.403051605557062,2.8499439392908728,-1.5444452692975688,-0.9014850555833789,3.324244546890469,1.5296406,0.72087675,445635.3145809843,5696601.973619885,474.4495239257813,-153.79487140283408,2.304536661140432,-0.4743006075996023,602,frame_000602.png
4000,4000,4000,778,0.1945,603,0.7750642673521851,778,457,0.5874035989717223,445635.1655723855,5696601.644640434,474.2506728239322,-0.177268756844569,-0.3393907016143203,-0.20706033036469762,-155.61669560745685,3.3790235583762374,3.117372309929022,-1.6489687798647878,-0.6127379572742768,3.8995157995686327,1.4618368,0.7229325,457,0.5874035989717223,445635.16557238554,5696601.644640434,474.25067282393695,-0.17726875678636134,-0.3393907016143203,-0.20706033035992277,-155.61669560754459,3.379023558566709,3.117372310660624,-1.6489687799525257,-0.6127379570837945,3.899515800300236,1.4618368,0.7229325,445635.3428411423,5696601.984031135,474.4577331542969,-153.96772682759206,3.991761515650506,-0.7821434896396013,603,frame_000603.png
4000,4000,4000,834,0.2085,492,0.5899280575539568,834,502,0.6019184652278178,445635.11779898795,5696601.598546155,474.24263462656745,-0.25054407375864685,-0.3938842425122857,-0.22175135976067395,-155.69474452010184,4.271129580988771,2.8541116870837633,-1.703134341021638,0.1527386119491041,3.2004206493125764,1.5757015,0.7231722,502,0.6019184652278178,445635.11779898795,5696601.598546155,474.2426346265671,-0.25054407375864685,-0.3938842425122857,-0.221751359761015,-155.694744520095,4.271129580979483,2.8541116870346452,-1.7031343410148168,0.15273861193983862,3.2004206492634353,1.5757015,0.7231722,445635.3683430617,5696601.992430397,474.4643859863281,-153.9916101790802,4.118390969039654,-0.3463089622288035,604,frame_000604.png
4000,4000,4000,832,0.208,617,0.7415865384615384,832,508,0.6105769230769231,445635.1731401088,5696601.589208048,474.244382809066,-0.2150143837206997,-0.41159131564199924,-0.2049580112465037,-155.59860277111935,2.658586300211366,2.28463289924587,-1.6488463718811772,-0.10861470215371583,1.9729694852997852,1.5532013,0.71972936,508,0.6105769230769231,445635.17314010864,5696601.589208048,474.2443828090707,-0.21501438389532268,-0.41159131564199924,-0.2049580112417857,-155.59860277121095,2.6585863015613937,2.284632899883615,-1.6488463719727804,-0.10861470080368463,1.97296948593754,1.5532013,0.71972936,445635.38815449254,5696602.0007993635,474.4493408203125,-153.94975639923817,2.767201002365072,0.3116634139460738,605,frame_000605.png
4000,4000,4000,831,0.20775,648,0.779783393501805,831,526,0.6329723225030084,445635.13854573254,5696601.662044981,474.236766047451,-0.2420501181622967,-0.34895591996610165,-0.2130020189553079,-155.43207583263955,1.9117159522537948,3.697536488980796,-1.6024011286269229,-0.26017027746542,5.160700656728693,1.5760565,0.70435596,526,0.6329723225030084,445635.13854573254,5696601.662044981,474.2367660474495,-0.2420501181622967,-0.34895591996610165,-0.21300201895678583,-155.4320758326271,1.911715952203156,3.6975364888403783,-1.6024011286144741,-0.26017027751603905,5.16070065658829,1.5760565,0.70435596,445635.3805958507,5696602.0110009005,474.4497680664063,-153.82967470401263,2.1718862297192083,-1.4631641677479013,606,frame_000606.png
4000,4000,4000,986,0.2465,557,0.5649087221095335,986,571,0.579107505070994,445635.15160360304,5696601.647222255,474.24030464534394,-0.22115121164824814,-0.3753183986991644,-0.22051078434355986,-155.42848515034933,2.1337954270975743,4.474361499257803,-1.6584468540513626,-0.3588711637684412,6.494241759168091,1.5235051,0.70656633,571,0.579107505070994,445635.15160360304,5696601.647222255,474.2403046453447,-0.22115121164824814,-0.3753183986991644,-0.2205107843428209,-155.42848515035513,2.1337954271997406,4.474361499286309,-1.6584468540571606,-0.35887116366629357,6.494241759196598,1.5235051,0.70656633,445635.3727548147,5696602.022540654,474.4608154296875,-153.77003829629797,2.492666590866028,-2.019880259910285,607,frame_000607.png
4000,4000,4000,792,0.198,542,0.6843434343434344,792,487,0.61489898989899,445635.1566332865,5696601.661679763,474.2434340420567,-0.2127085907268338,-0.3777041379362345,-0.2116746005214054,-155.43124417791913,2.56828069646359,4.441256706049005,-1.6271783365120314,-0.2774050934382615,6.390110181983573,1.53036,0.7284434,487,0.61489898989899,445635.1566332865,5696601.661679763,474.24343404205683,-0.2127085907268338,-0.3777041379362345,-0.21167460052129172,-155.4312441779864,2.5682806968539746,4.441256706596057,-1.6271783365793056,-0.2774050930478609,6.390110182530634,1.53036,0.7284434,445635.36934187723,5696602.039383901,474.4551086425781,-153.8040658414071,2.845685789901839,-1.9488534759345746,608,frame_000608.png
4000,4000,4000,891,0.22275,557,0.6251402918069585,891,446,0.500561167227834,445635.09740839613,5696601.682325319,474.25139033950524,-0.2650113729760051,-0.38125716242939234,-0.20603763901038974,-155.4478635763236,2.9745556551616072,4.35561233353331,-1.6956943976944672,0.005478870542503955,6.312258255699788,1.5577781,0.71246386,446,0.500561167227834,445635.09740839613,5696601.682325319,474.25139033950524,-0.2650113729760051,-0.38125716242939234,-0.20603763901038974,-155.44786357632356,2.9745556551600068,4.355612333533218,-1.6956943976944103,0.0054788705409123395,6.312258255699703,1.5577781,0.71246386,445635.3624197691,5696602.063582482,474.4574279785156,-153.75216917862915,2.9690767846190926,-1.956645922166487,609,frame_000609.png
4000,4000,4000,838,0.2095,569,0.6789976133651552,838,413,0.4928400954653938,445635.0800271733,5696601.658032874,474.24050689819876,-0.27315947535680607,-0.4093840466812253,-0.2204000842231153,-155.4764977020186,2.9468516959542312,4.209503266321473,-1.66949831210124,0.14013017006141126,5.956292351108061,1.4715552,0.73213553,413,0.4928400954653938,445635.08002717316,5696601.658032873,474.2405068982265,-0.2731594754732214,-0.4093840476125479,-0.2204000841953757,-155.47649770236222,2.946851698785326,4.209503270249302,-1.6694983124448584,0.14013017289249774,5.956292355035885,1.4715552,0.73213553,445635.35318664863,5696602.06741692,474.4609069824219,-153.80699938991737,2.8067215258928204,-1.7467890847865737,610,frame_000610.png
4000,4000,4000,784,0.196,543,0.6926020408163265,784,496,0.6326530612244898,445635.12419469113,5696601.670496408,474.2355283352354,-0.22093684383435175,-0.4003996569663286,-0.22235740695208506,-155.3234979623413,2.318635857933159,4.186816062113353,-1.6518732986148166,-0.31470221925050623,5.787905396094658,1.5564067,0.72652364,496,0.6326530612244898,445635.12419469113,5696601.670496408,474.2355283352353,-0.22093684383435175,-0.4003996569663286,-0.22235740695219874,-155.32349796233723,2.318635857902286,4.186816062092102,-1.6518732986107523,-0.31470221928140063,5.787905396073398,1.5564067,0.72652364,445635.34513153497,5696602.070896065,474.4578857421875,-153.67162466372648,2.633338077183675,-1.601089333981299,611,frame_000611.png
4000,4000,4000,911,0.22775,510,0.5598243688254665,911,493,0.5411635565312843,445635.13506032835,5696601.641818163,474.23818896683,-0.19812000478850678,-0.4277156786993146,-0.21960522262310178,-155.33345986662968,1.950601920264376,4.178168643831063,-1.7005818008661322,-0.39471102183387075,5.720205772142805,1.503246,0.69804806,493,0.5411635565312843,445635.13506032835,5696601.641818163,474.23818896683053,-0.19812000478850678,-0.4277156786993146,-0.2196052226225902,-155.3334598666222,1.9506019203693399,4.17816864374096,-1.7005818008586573,-0.3947110217289094,5.720205772052708,1.503246,0.69804806,445635.33318033314,5696602.069533842,474.4577941894531,-153.63287806576355,2.345312942098239,-1.5420371283117382,612,frame_000612.png
4000,4000,4000,897,0.22425,558,0.6220735785953178,897,521,0.5808249721293199,445635.1205365675,5696601.712841738,474.241154706872,-0.19952554779592901,-0.3467659568414092,-0.20278450211236532,-155.3822404631822,2.2016347912117236,3.4524624838058147,-1.6155253868404884,-0.482563567153818,4.619229266113081,1.5214459,0.7247076,521,0.5808249721293199,445635.12053656735,5696601.712841738,474.24115470688486,-0.199525547970552,-0.3467659568414092,-0.2027845020995187,-155.3822404632942,2.201634793005109,3.4524624845292142,-1.6155253869524984,-0.48256356536043654,4.6192292668364985,1.5214459,0.7247076,445635.3200621153,5696602.059607695,474.4439392089844,-153.7667150763417,2.684198358365537,-1.1667667823072767,613,frame_000613.png
4000,4000,4000,796,0.199,621,0.7801507537688442,796,456,0.5728643216080402,445635.1095612417,5696601.693825336,474.23816648363504,-0.19580599456094205,-0.3615453168749809,-0.212181416755584,-155.479023331072,1.6746327979644093,4.641680485845265,-1.6667368237328049,-0.5178900804338582,6.860289336537676,1.4910059,0.7664364,456,0.5728643216080402,445635.1095612417,5696601.693825335,474.23816648363993,-0.19580599456094205,-0.3615453178063035,-0.21218141675069546,-155.47902333113007,1.6746327982523839,4.641680486439742,-1.6667368237908704,-0.5178900801458894,6.860289337132144,1.4910059,0.7664364,445635.30536723626,5696602.055370653,474.4503479003906,-153.8122865073392,2.1925228783982718,-2.2186088506924024,614,frame_000614.png
4000,4000,4000,892,0.223,568,0.6367713004484304,892,498,0.5582959641255605,445635.0650133704,5696601.679411749,474.2286222748185,-0.21286386984866112,-0.3727839719504118,-0.21235672908778724,-155.30058097959633,2.2547268786276993,4.297771791953634,-1.636623866561166,-0.4068456859399987,6.131880448202196,1.5459899,0.71412456,498,0.5582959641255605,445635.0650133764,5696601.679411756,474.2286222746433,-0.21286386385327205,-0.3727839654311538,-0.21235672926297866,-155.30058097736074,2.254726822458676,4.297771768780327,-1.6366238643255713,-0.40684574210902724,6.131880425028896,1.5459899,0.71412456,445635.27787724027,5696602.052195721,474.4409790039063,-153.66395711303517,2.6615725645676984,-1.8341086562485576,615,frame_000615.png
4000,4000,4000,714,0.1785,510,0.7142857142857143,714,436,0.6106442577030813,445635.0809966764,5696601.66621512,474.2102630673134,-0.19742989592486992,-0.3825278487056494,-0.22693175690540102,-155.31959424619507,2.116040182188216,4.123761602037723,-1.6266063092643037,-0.44479924870628906,5.715727359952751,1.5605587,0.7207391,436,0.6106442577030813,445635.0809966765,5696601.666215119,474.2102630671991,-0.1974298958084546,-0.38252784963697195,-0.22693175701971313,-155.31959424713037,2.1160401841866103,4.123761608650379,-1.6266063101996053,-0.44479924670790183,5.715727366565403,1.5605587,0.7207391,445635.27842657233,5696602.048742969,474.4371948242188,-153.69298793693076,2.560839430894499,-1.5919657579150213,616,frame_000616.png
4000,4000,4000,930,0.2325,616,0.6623655913978495,930,588,0.632258064516129,445635.014865054,5696601.6394136455,474.2277734197455,-0.2589091377449222,-0.3977608336135745,-0.20688844548885754,-155.60372791157394,1.616667406253741,4.064252626731738,-1.6882010422634437,-0.12776236603707503,5.703562682901662,1.561204,0.71517426,588,0.632258064516129,445635.014865054,5696601.6394136455,474.2277734197455,-0.2589091377449222,-0.3977608336135745,-0.20688844548885754,-155.60372791156334,1.6166674061978394,4.064252626634265,-1.6882010422528424,-0.12776236609298053,5.703562682804204,1.561204,0.71517426,445635.27377419174,5696602.037174479,474.4346618652344,-153.9155268693105,1.7444297722908169,-1.6393100561699263,617,frame_000617.png
4000,4000,4000,892,0.223,614,0.6883408071748879,892,447,0.5011210762331838,445634.96919719205,5696601.569574343,474.224803179067,-0.29677457868820056,-0.451830193400383,-0.21144560022986525,-155.72152554827795,2.6003221570985637,4.01966832697039,-1.7367120109907432,0.44457094176678424,5.393402120309531,1.5126181,0.7378868,447,0.5011210762331838,445634.96919718524,5696601.5695743235,474.2248031785179,-0.2967745854984969,-0.45183021295815706,-0.21144560077897268,-155.7215255626034,2.6003222604159375,4.0196684345703515,-1.7367120253161943,0.44457104508416023,5.39340222790949,1.5126181,0.7378866,445635.26597177074,5696602.021404536,474.4362487792969,-153.9848135372872,2.1557512153317897,-1.373733793339132,618,frame_000618.png
4000,4000,4000,892,0.223,617,0.6917040358744395,892,533,0.5975336322869955,445635.00489600835,5696601.564967855,474.2340853875169,-0.2623268165625632,-0.44542134553194046,-0.1992337042799477,-155.65997831085411,2.180136394047093,3.3256816941037113,-1.738662717084253,0.10599429339762878,3.9142563609655383,1.5561168,0.7212027,533,0.5975336322869955,445635.0048960083,5696601.564967855,474.23408538752307,-0.26232681662077084,-0.44542134553194046,-0.1992337042738086,-155.6599783110028,2.18013639516462,3.325681694993643,-1.738662717232927,0.1059942945151704,3.914256361855479,1.5561168,0.7212027,445635.2672228249,5696602.0103892,474.4333190917969,-153.92131559376986,2.0741421006494543,-0.5885746668618246,619,frame_000619.png
4000,4000,4000,876,0.219,570,0.6506849315068494,876,495,0.565068493150685,445635.10477407824,5696601.60630564,474.214724791689,-0.16222373023629189,-0.38464494701474905,-0.21969293292039538,-155.46411460601732,1.0672178716095782,3.5838944822501975,-1.6540162396273104,-0.7865932372607176,4.577540595822626,1.5582402,0.7461282,495,0.565068493150685,445635.1047740777,5696601.60630564,474.2147247917775,-0.16222373076016083,-0.38464494701474905,-0.21969293283189018,-155.46411460611284,1.0672178754116175,3.5838944815536546,-1.6540162397228357,-0.7865932334586603,4.577540595126095,1.5582402,0.7461282,445635.2669978085,5696601.990950587,474.4344177246094,-153.81009836639,1.8538111088702833,-0.9936461135724404,620,frame_000620.png
4000,4000,4000,846,0.2115,656,0.7754137115839244,846,511,0.6040189125295509,445635.0568576835,5696601.567518701,474.2203419837116,-0.20039104943862185,-0.3938235389068723,-0.21206158074153336,-155.58913681365055,0.4813962985566372,3.0640837548145083,-1.7556055078584336,-0.4229214231680203,3.5579060885265505,1.5049723,0.7402304,511,0.6040189125295509,445635.05685768195,5696601.5675187,474.2203419838712,-0.2003910510102287,-0.39382353983819485,-0.21206158058191704,-155.58913681386517,0.4813963103294454,3.064083754065634,-1.755605508073046,-0.4229214113952082,3.5579060877776953,1.5049723,0.7402304,445635.25724873296,5696601.96134224,474.4324035644531,-153.83353130579212,0.9043177217246503,-0.49382233371205203,621,frame_000621.png
4000,4000,4000,890,0.2225,686,0.7707865168539326,890,564,0.6337078651685393,445635.00363867875,5696601.542028026,474.2171032303447,-0.24975062790326774,-0.40381328854709864,-0.20370365442090588,-155.45756531335425,0.7057878664812337,2.1832849847658298,-1.7498849022546494,-0.21495700281457175,1.9199231993544004,1.5133874,0.718446,564,0.6337078651685393,445635.00363867875,5696601.542028026,474.21710323034466,-0.24975062790326774,-0.40381328854709864,-0.20370365442096272,-155.4575653133514,0.7057878664502163,2.1832849847429365,-1.7498849022518073,-0.21495700284560826,1.9199231993314925,1.5133874,0.718446,445635.25338930666,5696601.945841314,474.4208068847656,-153.7076804110996,0.9207448692958142,0.26336178541143446,622,frame_000622.png
4000,4000,4000,958,0.2395,664,0.6931106471816284,958,540,0.5636743215031316,445635.0174053922,5696601.530970786,474.21707767801206,-0.23076759948162362,-0.4051559856161475,-0.19539790792543954,-155.2338901093878,1.3615708275028056,2.060835862119635,-1.766846630426386,-0.06255957583155691,1.8462186642229312,1.6237408,0.72692627,540,0.5636743215031316,444541.89236508583,5694387.487381595,7642.39499189804,-1093.355807905842,-2214.448745176196,7167.982516312102,-94.27178257991329,23.279547223699527,-6.028515503293544,59.19526089904812,21.85541682036518,-6.243132701190262,459.64288,185.85727,445635.2481729917,5696601.936126771,474.4124755859375,-153.46704347896141,1.4241304033343536,0.2146171978967078,623,frame_000623.png
4000,4000,4000,887,0.22175,571,0.6437429537767756,887,579,0.6527621195039459,445635.0071993209,5696601.541396571,474.2246381281242,-0.22329513466684148,-0.383243010379374,-0.18353447929769118,-154.98193606957796,0.5277332752117653,2.5587887364640465,-1.712273985478305,-0.3244195426346721,2.7787793540232713,1.4890578,0.71596503,579,0.6527621195039459,445635.00719932094,5696601.541396571,474.2246381281229,-0.22329513460863382,-0.383243010379374,-0.18353447929899858,-154.98193606957233,0.5277332748731183,2.558788736428054,-1.7122739854726774,-0.32441954297331677,2.7787793539872894,1.4890578,0.71596503,445635.23049445555,5696601.924639582,474.4081726074219,-153.26966208409965,0.8521528178464244,-0.21999061755923485,624,frame_000624.png
4000,4000,4000,966,0.2415,666,0.6894409937888198,966,547,0.5662525879917184,445634.9520224253,5696601.464483377,474.2319425443518,-0.26317647768883035,-0.45940767880529165,-0.18697225057007927,-154.5820276690887,1.434843656135215,3.1375035799222974,-1.7571057232244698,0.16259725201896913,3.5887270205386415,1.5097265,0.7201353,547,0.5662525879917184,445634.9520224254,5696601.464483377,474.2319425443517,-0.263176477572415,-0.45940767880529165,-0.18697225057019295,-154.58202766919968,1.434843656245401,3.137503581338978,-1.7571057233354566,0.16259725212913168,3.5887270219553216,1.5097265,0.7201353,445635.215198903,5696601.923891055,474.4189147949219,-152.82492194586422,1.2722464041162556,-0.45122344061633174,625,frame_000625.png
4000,4000,4000,891,0.22275,627,0.7037037037037037,891,535,0.6004489337822672,445634.9526031514,5696601.560422847,474.22460532643873,-0.24691629031440243,-0.3614304345101118,-0.2037394001237658,-154.49440613772524,0.613416877785122,2.8599015484810195,-1.5507962429538793,-0.07269201492877642,3.5032275127584285,1.5402321,0.73324096,535,0.6004489337822672,445634.9526031514,5696601.560422847,474.22460532643873,-0.24691629031440243,-0.3614304345101118,-0.2037394001237658,-154.49440613772597,0.6134168778123829,2.8599015484876156,-1.5507962429546183,-0.07269201490152,3.5032275127650223,1.5402321,0.73324096,445635.1995194417,5696601.921853282,474.4283447265625,-152.94360989477136,0.6861088927139064,-0.643325964277397,626,frame_000626.png
4000,4000,4000,900,0.225,585,0.65,900,524,0.5822222222222222,445634.9834663473,5696601.466232417,474.2206019907744,-0.20001926831901073,-0.4311667652800679,-0.19339947406933788,-155.36132188159047,0.636348091674567,2.383523903219144,-1.738414065185367,-0.25246232508212074,2.0545762106658856,1.5228738,0.74757487,524,0.5822222222222222,445634.98346634797,5696601.466232417,474.22060199071257,-0.2000192676205188,-0.4311667652800679,-0.19339947413118352,-155.3613218814365,0.6363480869804844,2.383523903834248,-1.7384140650314066,-0.25246232977622185,2.054576211280988,1.5228738,0.74757487,445635.1834856156,5696601.897399182,474.41400146484375,-153.6229078164051,0.8888104167567003,0.3289476925532589,627,frame_000627.png
4000,4000,4000,876,0.219,567,0.6472602739726028,876,552,0.6301369863013698,445634.9479746059,5696601.475325803,474.2261843325832,-0.23532382812118158,-0.41300320997834206,-0.18595555999490898,-155.47336426519902,0.8640360452262817,1.9861043657492068,-1.6809968325245563,-0.13099361361076944,1.4335786351614956,1.4816365,0.70219076,552,0.6301369863013698,445634.94797460677,5696601.475325803,474.2261843325679,-0.23532382724806666,-0.41300320997834206,-0.18595556001019986,-155.47336426535634,0.8640360409324409,1.9861043704012105,-1.6809968326818705,-0.13099361790460762,1.4335786398135042,1.4816365,0.70219076,445635.183298434,5696601.888329013,474.4121398925781,-153.79236743267447,0.9950296588370434,0.5525257305876996,628,frame_000628.png
4000,4000,4000,777,0.19425,568,0.731016731016731,777,505,0.6499356499356499,445634.9333697682,5696601.514726654,474.2153864581896,-0.2438006196753122,-0.3658242980018258,-0.19721119806041543,-155.26376323019608,0.37959251210433037,2.870208535799787,-1.631096433432873,-0.25639370371339965,3.5064181720016165,1.5169652,0.7515746,505,0.6499356499356499,445634.93336976826,5696601.514726654,474.2153864581874,-0.24380061961710453,-0.3658242980018258,-0.19721119806257548,-155.2637632301907,0.37959251180498615,2.8702085356702716,-1.6310964334275013,-0.2563937040127371,3.506418171872099,1.5169652,0.7515746,445635.1771703879,5696601.880550952,474.41259765625,-153.6326667967632,0.6359862158177341,-0.6362096362018159,629,frame_000629.png
4000,4000,4000,920,0.23,685,0.7445652173913043,920,528,0.5739130434782609,445634.9349822142,5696601.509151674,474.2185666886483,-0.2471864598337561,-0.35481337923556566,-0.19366475666419092,-155.06028984962848,1.1960879082264546,1.7394117301625631,-1.6211698606034872,-0.18237566333147015,1.3179899901965086,1.5649884,0.71300095,528,0.5739130434782609,445634.9349822165,5696601.5091516785,474.2185666886314,-0.24718645750544965,-0.3548133745789528,-0.1936647566810734,-155.06028984694538,1.196087879220044,1.7394117078658977,-1.6211698579203926,-0.182375692337871,1.3179899678998481,1.5649884,0.7130009,445635.182168674,5696601.863965053,474.4122314453125,-153.439119989025,1.3784635715579163,0.4214217399660529,630,frame_000630.png
4000,4000,4000,980,0.245,688,0.7020408163265306,980,628,0.6408163265306123,445634.93942374655,5696601.434515217,474.2231315439387,-0.240049779007677,-0.42806775122880936,-0.19440995996762922,-155.07362160447582,0.6104615797339191,2.9806043294826052,-1.63120861849697,0.07716413179807091,3.284489890646654,1.566268,0.68542725,628,0.6408163265306123,445634.93942374655,5696601.434515217,474.223131543939,-0.240049779007677,-0.42806775122880936,-0.19440995996728816,-155.07362160446147,0.6104615796477508,2.980604329327641,-1.6312086184826171,0.07716413171189629,3.284489890491699,1.566268,0.68542725,445635.17947352555,5696601.862582969,474.4175415039063,-153.44241298597885,0.5332974479358603,-0.30388556116404514,631,frame_000631.png
4000,4000,4000,850,0.2125,572,0.6729411764705883,850,533,0.6270588235294118,445634.9384110393,5696601.453353207,474.21496616651564,-0.2396671993774362,-0.40935006458312273,-0.19995082567186273,-155.02785554197087,0.3854185404711465,2.1375542498733324,-1.6564731031451174,-0.1378260289991431,1.727616015314112,1.5012157,0.73536664,533,0.6270588235294118,445634.93841103936,5696601.453353207,474.21496616651734,-0.23966719931922853,-0.40935006458312273,-0.19995082567015743,-155.02785554193818,0.3854185402078274,2.137554249593001,-1.6564731031124325,-0.1378260292624418,1.7276160150337887,1.5012157,0.73536664,445635.1780782387,5696601.862703271,474.4149169921875,-153.37138243882575,0.5232445694702808,0.40993823455920886,632,frame_000632.png
4000,4000,4000,1014,0.2535,694,0.6844181459566075,1014,624,0.6153846153846154,445634.96923022147,5696601.467906871,474.2234202371512,-0.21061489509884268,-0.401312367990613,-0.1847218526925758,-154.98349622888392,0.5243830223876069,2.5916526767671146,-1.6112378003280696,-0.33285905841296426,2.6292445389549925,1.5621773,0.6945555,624,0.6153846153846154,445634.9692302219,5696601.467906872,474.2234202371231,-0.21061489469138905,-0.4013123670592904,-0.18472185272065644,-154.98349622857094,0.5243830179482282,2.5916526738980963,-1.6112378000150898,-0.3328590628523216,2.629244536085963,1.5621773,0.6945555,445635.17984511657,5696601.869219239,474.40814208984375,-153.37225842855585,0.8572420808005577,-0.03759186218787627,633,frame_000633.png
4000,4000,4000,862,0.2155,594,0.6890951276102089,862,554,0.642691415313225,445634.9631577312,5696601.4798693005,474.2218738042235,-0.21582250611390918,-0.39452603552490473,-0.19249387155781505,-154.89041623074297,0.8711239334296952,3.0324211100920353,-1.5931607245099428,-0.2816945193437732,3.5532764769504297,1.5233308,0.7366204,554,0.642691415313225,445634.96315773553,5696601.479869306,474.2218738040918,-0.21582250180654228,-0.3945260299369693,-0.19249387168952126,-154.8904162273235,0.8711238888055058,3.032421086856218,-1.5931607210904701,-0.2816945639679602,3.553276453714602,1.5233309,0.7366204,445635.17898023734,5696601.874395336,474.4143676757813,-153.29725550623303,1.1528184527734582,-0.5208553668583981,634,frame_000634.png
4000,4000,4000,911,0.22775,733,0.8046103183315039,911,557,0.6114160263446762,445635.0020467837,5696601.474498338,474.21520649431415,-0.18961577641312033,-0.40448244474828243,-0.2014499998264796,-155.34189806445653,0.9449444979975958,2.2099819108043866,-1.6275479489134739,-0.36975307917242617,1.8345610170511577,1.509612,0.6993404,557,0.6114160263446762,445635.0020467837,5696601.474498338,474.21520649431363,-0.18961577641312033,-0.40448244474828243,-0.2014499998269912,-155.34189806445556,0.9449444979405551,2.209981910801004,-1.6275479489125075,-0.36975307922946854,1.834561017047747,1.509612,0.6993404,445635.1916625601,5696601.878980783,474.4166564941406,-153.71435011554306,1.3146975771700151,0.3754208937532429,635,frame_000635.png
4000,4000,4000,970,0.2425,629,0.6484536082474227,970,538,0.554639175257732,445634.94369023043,5696601.559168138,474.20475214404803,-0.2488341802963987,-0.3244375791400671,-0.20955449657697045,-155.30984191074762,0.9255397548797081,2.6793007930518926,-1.5549750562848317,-0.23000768645317748,3.383484833380777,1.5511489,0.72798836,538,0.554639175257732,445634.94369023055,5696601.559168138,474.20475214403945,-0.24883418017998338,-0.3244375791400671,-0.2095544965855538,-155.3098419106802,0.925539753858204,2.679300792429627,-1.5549750562174154,-0.23000768747468214,3.383484832758512,1.5511489,0.72798836,445635.1925244107,5696601.883605717,474.414306640625,-153.7548668544628,1.155547441332882,-0.7041840403288748,636,frame_000636.png
4000,4000,4000,898,0.2245,634,0.7060133630289532,898,577,0.6425389755011136,445634.9674504699,5696601.512303551,474.2104236810837,-0.22091703437035903,-0.3834540769457817,-0.19997670954131763,-155.31882200979254,0.5221034778549208,3.4772321433560496,-1.5900039198544675,-0.23481017599189613,4.42779342615691,1.5681013,0.71744907,577,0.6425389755011136,445634.96745047,5696601.512303551,474.21042368107516,-0.2209170342539437,-0.3834540769457817,-0.19997670954984414,-155.3188220097017,0.5221034766595664,3.4772321428281643,-1.5900039197636318,-0.23481017718725639,4.427793425629034,1.5681013,0.71744907,445635.1883675043,5696601.895757628,474.410400390625,-153.72881808993807,0.7569136538468284,-0.9505612828008627,637,frame_000637.png
4000,4000,4000,950,0.2375,645,0.6789473684210526,950,566,0.5957894736842105,445634.9687118846,5696601.564076918,474.2039695746403,-0.11816764489049092,-0.423588078469038,-0.1454872124690496,-121.96003290598276,-0.29422879646010225,7.140297304251328,-1.5367268010194266,-0.23271892865685118,11.911661842249657,1.5029086,0.7332377,566,0.5957894736842105,445634.9687118845,5696601.564076918,474.20396957464175,-0.11816764494869858,-0.423588078469038,-0.14548721246762852,-121.96003290602982,-0.294228795982438,7.1402973045033065,-1.536726801066493,-0.23271892817919593,11.911661842501644,1.5029086,0.7332377,445635.08687952947,5696601.987664997,474.3494567871094,-120.42330610496333,-0.06150986780324632,-4.771364537998332,638,frame_000638.png
4000,4000,4000,970,0.2425,612,0.6309278350515464,970,535,0.5515463917525774,445635.13131070725,5696601.543159294,474.21114010542885,0.18144617869984359,-0.43223697133362293,-0.2286181953524533,-99.85203879447533,3.76640724102713,8.246222836742493,3.826444053220314,0.07393908423568973,13.495594453822775,1.529106,0.70536834,535,0.5515463917525774,445635.13131070696,5696601.543159294,474.21114010547143,0.18144617840880528,-0.43223697133362293,-0.2286181953098776,-99.85203879455405,3.76640724334206,8.246222834840035,3.826444053141614,0.07393908655060955,13.495594451920311,1.529106,0.70536834,445634.94986452855,5696601.975396265,474.4397583007813,-103.67848284769566,3.6924681567914375,-5.249371617080275,639,frame_000639.png
4000,4000,4000,868,0.217,577,0.6647465437788018,868,461,0.5311059907834101,445635.9528070159,5696601.40178811,474.21713228520395,0.7438383377157152,-0.1841698046773672,-0.20050077143667977,-37.35038022286884,4.033727209712317,0.47733806291148734,0.20036092856213372,0.16469592469729832,-1.4269215097504286,1.4795427,0.7051935,461,0.5311059907834101,445635.95280701615,5696601.40178811,474.21713228515756,0.7438383379485458,-0.1841698046773672,-0.200500771483064,-37.350380222873525,4.0337272089888225,0.4773380661017089,0.20036092855747256,0.1646959239737953,-1.4269215065602054,1.4795427,0.7051935,445635.2089686782,5696601.585957915,474.4176330566406,-37.550741151430984,3.8690312850150175,1.9042595726619256,640,frame_000640.png
4000,4000,4000,732,0.183,563,0.7691256830601093,732,422,0.5765027322404371,445636.8800565955,5696601.133195623,474.22057347245374,0.6787207756424323,0.0030625006183981895,-0.18381495528063851,-28.299174908401344,1.9531572645931519,-1.6494730887368836,-1.402041778220223,-0.5907605546594539,-5.617111945031951,1.5549921,0.7347955,422,0.5765027322404371,445636.8800565936,5696601.133195625,474.22057347238473,0.6787207737797871,0.0030625024810433388,-0.18381495534964643,-28.299174907875663,1.9531572476646624,-1.6494730848157462,-1.402041777694535,-0.5907605715879356,-5.617111941110835,1.5549921,0.7347955,445636.20133581985,5696601.130133122,474.4043884277344,-26.897133130181125,2.543917819252602,3.96763885629508,641,frame_000641.png
4000,4000,4000,798,0.1995,529,0.6629072681704261,798,447,0.5601503759398496,424316.0433838328,5654644.5406649,28725.860619316874,-21320.426794549916,-41956.48217082769,28251.453575859843,-151.90590945547746,55.992099672519174,26.62400065709682,-124.68773198056893,54.8512300248004,22.94258771834498,431.80643,174.90985,447,0.5601503759398496,445637.24315273436,5696600.977068837,474.22799716638224,0.7729743516538292,-0.04576689098030329,-0.17904629064906885,-28.702438516281312,0.6760350089426913,-1.4480772962544377,-1.4842610413727755,-0.46483463877609665,-5.129490235006273,1.5849584,0.72175443,445636.4701783827,5696601.022835728,474.4070434570313,-27.218177474908533,1.1408696477187785,3.681412938751837,642,frame_000642.png
4000,4000,4000,882,0.2205,637,0.7222222222222222,882,502,0.5691609977324263,445637.5618796039,5696600.7360792495,474.23626191281966,0.5693598575890064,-0.05098594445735216,-0.16858427858664982,-28.383593522943766,0.3701363648287378,-0.977957964245811,-1.5360601677990076,-0.17926649530403438,-3.533496460340615,1.5349834,0.7374922,502,0.5691609977324263,445637.5618796039,5696600.7360792495,474.23626191281926,0.5693598575890064,-0.05098594445735216,-0.16858427858704772,-28.383593522933836,0.37013636470957717,-0.977957964075205,-1.53606016778906,-0.17926649542317818,-3.5334964601699994,1.5349834,0.7374922,445636.9925197463,5696600.787065194,474.4048461914063,-26.84753335514477,0.5494028601327685,2.5555384960947993,643,frame_000643.png
4000,4000,4000,937,0.23425,606,0.6467449306296692,937,524,0.5592315901814301,445638.4424917052,5696600.387401609,474.2150878509751,0.745158878271468,-0.053978889249265194,-0.19027713925925127,-28.047764622241854,1.589319732945645,-0.9348891641317884,-1.465382187618843,-0.25272685978563914,-4.294330366048285,1.617581,0.73245525,524,0.5592315901814301,445638.44249170506,5696600.387401609,474.2150878509824,0.7451588781550527,-0.053978889249265194,-0.1902771392519753,-28.04776462225416,1.5893197328302986,-0.9348891650271329,-1.4653821876311497,-0.25272685990100285,-4.294330366943626,1.617581,0.73245525,445637.6973328269,5696600.441380498,474.4053649902344,-26.582382434623003,1.8420465927312983,3.3594412019164963,644,frame_000644.png
4000,4000,4000,1044,0.261,749,0.7174329501915708,1044,548,0.524904214559387,445638.9652253232,5696600.058344891,474.2146963872589,0.5981972310109995,-0.03472226671874523,-0.16976406195988147,-27.797987602113544,1.5057063273400415,-0.30984671085463045,-1.440927515956588,-0.32077872020528275,-2.726715054579614,1.5443546,0.71951276,548,0.524904214559387,445638.9652253232,5696600.058344891,474.2146963872586,0.5981972310109995,-0.03472226671874523,-0.16976406196022253,-27.797987602113043,1.505706327252907,-0.30984671084825205,-1.4409275159561048,-0.3207787202924237,-2.7267150545732477,1.5443546,0.71951276,445638.3670280922,5696600.093067158,474.3844604492188,-26.357060086156945,1.826485047545337,2.4168683437249836,645,frame_000645.png
4000,4000,4000,995,0.24875,714,0.7175879396984924,995,537,0.5396984924623116,445639.57835249003,5696599.823794104,474.2118378484192,0.7582154960837215,-0.025870757177472115,-0.1808013117370706,-28.319241254993567,0.618355118632906,-0.8957673348364754,-1.4561064579471577,-0.28796774495802424,-4.379880842180796,1.5156479,0.688198,537,0.5396984924623116,445639.5783524899,5696599.823794104,474.21183784842617,0.7582154959673062,-0.025870757177472115,-0.18080131173007885,-28.31924125500561,0.6183551180054289,-0.8957673352602062,-1.4561064579592085,-0.28796774558551874,-4.3798808426045355,1.5156479,0.688198,445638.82013699395,5696599.849664861,474.39263916015625,-26.863134797046396,0.9063228635909377,3.4841135073443192,646,frame_000646.png
4000,4000,4000,1059,0.26475,677,0.6392823418319169,1059,569,0.5372993389990557,445642.68590658775,5696596.578524549,472.48942521273705,3.3930492394138128,-3.045407375320792,-1.8908238107004536,-22.435473714966378,28.561329397261947,-14.003167715778044,4.484972490858581,28.049020883267417,-17.191696613343993,35.388042,21.910534,569,0.5372993389990557,445639.9108388557,5696599.677468642,474.213647069269,0.6179815073846839,0.053536717779934406,-0.1666019541685273,-28.39699151528976,0.39031282581234966,-0.4900436083686099,-1.4765453094647967,-0.12199568818218154,-3.6785725059345395,1.5943213,0.7292463,445639.29285734834,5696599.623931924,474.3802490234375,-26.92044620582496,0.512308513994536,3.1885288975659365,647,frame_000647.png
4000,4000,4000,1132,0.283,699,0.6174911660777385,1132,603,0.5326855123674912,445641.28636393213,5696598.007903535,473.8722369911372,1.7600414734333754,-1.494272230193019,-0.5172588584721893,-27.29970428767435,11.566058651169945,-6.602159826095739,-0.32797796599831486,11.025027379871801,-9.884872830861951,15.59796,8.567571,603,0.5326855123674912,445640.18005787197,5696599.512206091,474.224906434615,0.6537354132742621,0.010030325502157211,-0.1645894149943956,-28.47156107089419,0.28672525621396894,-0.8356318379673293,-1.499834749218138,-0.25430601508415407,-4.118344842733535,1.6013548,0.7164317,445639.5263224587,5696599.502175765,474.3894958496094,-26.971726321676044,0.5410312712981321,3.2827130047662116,648,frame_000648.png
4000,4000,4000,1259,0.31475,909,0.7220015885623511,1259,684,0.5432883240667196,445640.5135696585,5696599.312203966,474.2163439858885,0.7480461840168573,-0.08450726140290499,-0.1653698812990001,-28.42511527642883,0.6916865421974885,-1.3417139780581164,-1.491727544492278,0.2599283634829703,-4.970511682794751,1.5320467,0.75113165,684,0.5432883240667196,445640.5135696584,5696599.312203966,474.2163439858964,0.748046183900442,-0.08450726140290499,-0.16536988129109886,-28.42511527643716,0.6916865415113599,-1.341713978241311,-1.4917275445006055,0.25992836279684184,-4.970511682977957,1.5320467,0.75113165,445639.7655234745,5696599.3967112275,474.3817138671875,-26.933387731936556,0.4317581787145216,3.62879770473664,649,frame_000649.png
4000,4000,4000,1274,0.3185,766,0.6012558869701727,1274,720,0.565149136577708,445640.73600509175,5696599.2343310835,474.2204075863486,0.7385256236302666,-0.051690551452338696,-0.16838635896391452,-28.356890240480123,0.3972480881733635,-1.394382277279443,-1.5331579057492775,-0.30863492310427887,-5.193935721041726,1.5957825,0.7213252,720,0.565149136577708,445640.7360050448,5696599.234331051,474.22040758796993,0.7385255766566843,-0.05169058404862881,-0.16838635734256968,-28.35689025532307,0.39724791538780346,-1.3943826107490371,-1.533157920592231,-0.3086350958898265,-5.193936054511312,1.595783,0.7213248,445639.9974794681,5696599.286021635,474.3887939453125,-26.823732334730845,0.705883011277641,3.7995534437622864,650,frame_000650.png
4000,4000,4000,1276,0.319,878,0.6880877742946708,1276,747,0.585423197492163,445641.0018598771,5696599.06278194,474.21519965802554,0.5481847397750244,0.0033042170107364655,-0.17640190447446003,-28.03179482140171,-0.11793525803973696,-1.2012436740925057,-1.5405723029038256,-0.31785878741112583,-4.65345548303938,1.6037307,0.7149554,747,0.585423197492163,445641.0018598771,5696599.06278194,474.21519965802554,0.5481847397750244,0.0033042170107364655,-0.17640190447446003,-28.031794821402688,-0.11793525804193424,-1.2012436740944161,-1.540572302904792,-0.3178587874133143,-4.653455483041284,1.6037307,0.7149554,445640.4536751373,5696599.059477723,474.3916015625,-26.49122251849789,0.1999235293713817,3.4522118089468807,651,frame_000651.png
4000,4000,4000,1239,0.30975,769,0.6206618240516546,1239,698,0.5633575464083939,445641.55479274236,5696598.838206456,474.2175575190208,0.6689212515484542,-0.01607132889330387,-0.18033066457297764,-28.106507667805527,1.7895680985461884,-1.555140210717077,-1.4031946807171494,-0.04472343148003688,-5.708791341796484,1.5003202,0.6901433,698,0.5633575464083939,445641.55479274236,5696598.838206456,474.2175575190209,0.6689212515484542,-0.01607132889330387,-0.18033066457286395,-28.10650766780814,1.7895680984975737,-1.5551402106708587,-1.4031946807197642,-0.044723431528638,-5.7087913417502705,1.5003202,0.6901433,445640.8858714908,5696598.854277785,474.39788818359375,-26.70331298708837,1.834291530026222,4.1536511310794,652,frame_000652.png
4000,4000,4000,1221,0.30525,856,0.7010647010647011,1221,748,0.6126126126126126,445641.83113445016,5696598.731541656,474.21924481859526,0.7322491282247938,-0.022100960835814476,-0.17382158765474287,-28.554727601387878,0.8639666204235171,-1.756583065779591,-1.5119213281651582,-0.24884862290315368,-6.142857992604178,1.579657,0.73758805,748,0.6126126126126126,445641.83113445,5696598.731541657,474.2192448185941,0.7322491280501708,-0.0221009599044919,-0.17382158765587974,-28.55472760137725,0.8639666184938762,-1.756583064967035,-1.5119213281545285,-0.2488486248327888,-6.1428579917916295,1.579657,0.73758805,445641.09888532193,5696598.753642617,474.39306640625,-27.042806273222716,1.112815243326673,4.386274926824587,653,frame_000653.png
4000,4000,4000,1114,0.2785,725,0.6508078994614004,1114,651,0.5843806104129264,445642.36784277094,5696598.438593624,474.2185235544547,0.6254378745798022,-0.012528456747531891,-0.17045349632661555,-28.54585035310239,1.7733485117667374,-2.342577476239018,-1.4302262801589052,-0.10678406515725669,-6.927015348658244,1.6239724,0.71364015,651,0.5843806104129264,445642.3678427706,5696598.438593624,474.21852355442905,0.6254378742305562,-0.012528456747531891,-0.17045349635225193,-28.5458503531424,1.7733485099746478,-2.3425774776753214,-1.4302262801988945,-0.10678406694935916,-6.9270153500945355,1.6239724,0.71364015,445641.74240489636,5696598.451122081,474.3889770507813,-27.11562407294349,1.880132576924002,4.584437872419224,654,frame_000654.png
4000,4000,4000,1264,0.316,829,0.6558544303797469,1264,639,0.5055379746835443,445642.6369043888,5696598.380658542,474.2058922910837,0.6752432431094348,0.03232705965638161,-0.1836951112600218,-28.528769717030592,0.8975975220706636,-2.0757035517741724,-1.4144187225405176,-0.3568081490948032,-6.966974395824167,1.5333687,0.7148583,639,0.5055379746835443,445642.63690438884,5696598.380658543,474.2058922910062,0.6752432431676425,0.03232706058770418,-0.18369511133755623,-28.528769716924057,0.8975975198217957,-2.075703546810231,-1.414418722433993,-0.35680815134367094,-6.96697439086023,1.5333687,0.7148583,445641.9616611457,5696598.348331482,474.38958740234375,-27.114350994490064,1.254405671165473,4.89127084405,655,frame_000655.png
4000,4000,4000,1204,0.301,909,0.7549833887043189,1204,709,0.5888704318936877,445642.9019341291,5696598.215201875,474.2271981092197,0.7150560734444298,-0.032826113514602184,-0.15582801382714706,-28.562056685511006,0.7484807459769848,-1.9433328175726625,-1.4326143708038899,-0.29072990508953467,-6.455096173263854,1.5583317,0.713697,709,0.5888704318936877,445642.9019341291,5696598.215201875,474.22719810921876,0.7150560734444298,-0.032826113514602184,-0.1558280138281134,-28.562056685514122,0.7484807458876821,-1.9433328177576181,-1.4326143708070163,-0.2907299051788357,-6.455096173448823,1.5583317,0.713697,445642.1868780557,5696598.248027989,474.3830261230469,-27.129442314707116,1.0392106510665202,4.511763355691201,656,frame_000656.png
4000,4000,4000,1054,0.2635,765,0.7258064516129032,1054,601,0.5702087286527514,445643.2405396878,5696598.067355801,474.2200608127883,0.6147935397457331,0.03707289043813944,-0.1634230739305167,-28.62070802065331,1.32962202587851,-1.7045304971861985,-1.4360650798008407,0.06791489440161058,-6.115982610155584,1.5719041,0.72098815,601,0.5702087286527514,445643.2405396878,5696598.067355801,474.2200608127882,0.6147935397457331,0.03707289043813944,-0.16342307393063038,-28.620708020653954,1.3296220258770548,-1.7045304971738706,-1.4360650798014944,0.06791489440016107,-6.115982610143249,1.5719041,0.72098815,445642.62574614806,5696598.030282911,474.3834838867188,-27.184642940852463,1.2617071314768948,4.411452112969373,657,frame_000657.png
4000,4000,4000,1117,0.27925,845,0.756490599820949,1117,624,0.55863921217547,445644.26749065565,5696596.572508856,474.10402516192147,1.4252312810858712,-1.350615257397294,-0.2734772794848368,-28.012092830324328,9.605197038038535,-7.797454687522131,-0.8718782286227622,8.682452413723468,-12.704933443983464,10.669237,6.971209,624,0.55863921217547,445643.4792311795,5696597.8705469575,474.2323967569485,0.6369718049536459,-0.05257715564221144,-0.14510568445780336,-28.567716790882418,1.0472655793888237,-2.6738590662180237,-1.4275021891808706,0.1245209550737627,-7.581337822679359,1.5691371,0.69228876,445642.84225937456,5696597.923124113,474.3775024414063,-27.14021460170156,0.9227446243150702,4.9074787564613445,658,frame_000658.png
4000,4000,4000,899,0.22475,605,0.6729699666295884,899,474,0.5272525027808677,445644.8058463764,5696597.239114556,474.25840850203434,0.6709474152303301,-0.06123952381312847,-0.1333456483562827,-28.228807932715018,0.8847521554214532,-3.2353582514033383,-1.4201634543198907,-0.020727102197639624,-8.816969264574453,1.5384612,0.71848214,474,0.5272525027808677,445644.80584637634,5696597.239114556,474.258408502045,0.6709474151721224,-0.06123952381312847,-0.133345648345653,-28.228807932691183,0.8847521548158812,-3.235358251206601,-1.4201634542960733,-0.020727102803192565,-8.816969264377718,1.5384612,0.71848214,445644.1348989612,5696597.30035408,474.3917541503906,-26.80864447839512,0.9054792576190859,5.581611013171119,659,frame_000659.png
4000,4000,4000,782,0.1955,573,0.7327365728900256,782,422,0.5396419437340153,445645.15227633127,5696597.156816326,474.23753748645447,0.803276143327821,-0.024181201122701168,-0.17197789440490396,-27.953921180702398,0.7668567339765533,-1.487413898027687,-1.4482694417841628,0.1366509073858424,-5.973350616979019,1.4988999,0.71228033,422,0.5396419437340153,445645.1522763314,5696597.156816326,474.23753748643173,0.8032761434442364,-0.024181201122701168,-0.17197789442764133,-27.953921180548253,0.7668567336629631,-1.4874138954994818,-1.4482694416300035,0.13665090707223726,-5.973350614450794,1.4988999,0.71228033,445644.34900018794,5696597.180997527,474.4095153808594,-26.505651738918246,0.6302058265907203,4.485936718951318,660,frame_000660.png
4000,4000,4000,834,0.2085,604,0.7242206235011991,834,466,0.5587529976019184,445645.3862968875,5696597.002892046,474.24396257245064,0.6057793556246907,0.05744320806115866,-0.17296857989310865,-28.249501152160747,0.8584898480848677,-2.015084946577615,-1.4720666957232424,0.07350852727500978,-6.864260428009544,1.5278108,0.73041797,466,0.5587529976019184,445645.3862969163,5696597.002892163,474.2439625722615,0.6057793844374828,0.057443324476480484,-0.1729685800822267,-28.249501095783828,0.8584896553688072,-2.01508419193262,-1.472066639346309,0.07350833455893735,-6.864259673364529,1.5278107,0.7304177,445644.78051753185,5696596.945448838,474.41693115234375,-26.77743445643752,0.7849813208098636,4.849175481431916,661,frame_000661.png
4000,4000,4000,988,0.247,719,0.7277327935222672,988,504,0.5101214574898786,445645.52395966084,5696596.728906913,474.2466347471577,0.527206051570829,-0.09318558499217033,-0.17624733292041128,-28.350919576247726,-0.08432044006507342,-2.936089992115943,-1.5355718273677326,-0.5530381126569921,-7.661324057650745,1.5292319,0.76619047,504,0.5101214574898786,445645.5239596617,5696596.728906916,474.2466347468677,0.5272060524439439,-0.09318558126688004,-0.1762473332104264,-28.350919574813332,-0.08432044591179622,-2.936089968678153,-1.5355718259333457,-0.5530381185037072,-7.661324034212953,1.5292319,0.76619047,445644.9967536093,5696596.822092498,474.4228820800781,-26.81534774888,0.468717672591915,4.725234065534802,662,frame_000662.png
4000,4000,4000,823,0.20575,541,0.6573511543134872,823,430,0.5224787363304981,445645.90009871905,5696596.664926124,474.24153571810353,0.6773314377642237,-0.03653164301067591,-0.1773790768183403,-28.504086134363508,0.4175013184526518,-2.2808586892492113,-1.3940209551522855,-0.11296704069511065,-7.051640174010913,1.4774982,0.6754856,430,0.5224787363304981,445645.90009871917,5696596.664926125,474.24153571805437,0.677331437880639,-0.03653164207935333,-0.17737907686750987,-28.504086134135736,0.41750131730213075,-2.2808586852172805,-1.394020954924514,-0.11296704184562145,-7.051640169978981,1.4774982,0.6754856,445645.2227672813,5696596.701457767,474.4189147949219,-27.110065179211226,0.5304683591477604,4.7707814847617085,663,frame_000663.png
4000,4000,4000,888,0.222,645,0.7263513513513513,888,466,0.5247747747747747,445646.14055523305,5696596.4714299785,474.24105554403474,0.6927748640882783,-0.10855423007160425,-0.1737698954183884,-28.494795056416184,-0.36625375943403227,-1.7527473288314566,-1.382650732926038,-0.3853026127386556,-5.900964865520905,1.5015017,0.712847,466,0.5247747747747747,445646.14055523253,5696596.4714299785,474.2410555440637,0.6927748635644093,-0.10855423007160425,-0.17376989538939824,-28.49479505672406,-0.3662537610922845,-1.7527473325507497,-1.382650733233902,-0.38530261439692026,-5.90096486924017,1.5015017,0.712847,445645.44778036897,5696596.579984209,474.4148254394531,-27.112144323490156,0.019048853304635963,4.148217536689434,664,frame_000664.png
4000,4000,4000,902,0.2255,600,0.6651884700665188,902,421,0.46674057649667405,445646.92096366076,5696596.021237945,474.2365914984386,0.6103710964671336,-0.08101512491703033,-0.1469839410145255,-28.396889457998633,0.479710465318954,-1.8993063150785015,-1.4362715109481883,-0.26137702105313565,-6.044054856898185,1.5232086,0.7054237,421,0.46674057649667405,445646.9209636588,5696596.021237945,474.23659149850346,0.6103710944880731,-0.08101512491703033,-0.14698394094966716,-28.396889458221352,0.4797104543501916,-1.8993063211138377,-1.4362715111709008,-0.26137703202189755,-6.044054862933535,1.5232086,0.7054237,445646.3105925643,5696596.10225307,474.3835754394531,-26.96061794705044,0.7410874863721028,4.144748541819686,665,frame_000665.png
4000,4000,4000,892,0.223,579,0.649103139013453,892,514,0.5762331838565022,445647.1557953303,5696595.896845144,474.23617694120264,0.666305152932182,-0.09010844957083464,-0.15450909395360668,-28.374193842081162,2.1503722968362937,-0.6787338339453137,-1.392234761700422,-0.2521820602324567,-3.7098731419580417,1.5617102,0.7457286,514,0.5762331838565022,445647.1557953301,5696595.896845144,474.236176941213,0.666305152757559,-0.09010844957083464,-0.15450909394326118,-28.374193842110497,2.150372296328481,-0.6787338351668573,-1.3922347617297817,-0.2521820607402674,-3.709873143179607,1.5617102,0.7457286,445646.48949017737,5696595.986953594,474.39068603515625,-26.981959080380726,2.4025543570687624,3.031139308012737,666,frame_000666.png
4000,4000,4000,892,0.223,622,0.6973094170403588,892,537,0.602017937219731,445648.30198295147,5696595.192539917,474.24342897194646,0.5315662728971802,-0.012845414690673351,-0.1683447096941677,-28.705671015020407,2.6876838133648437,-0.7799293973565066,-1.519499904191207,-0.1640351482057838,-3.9953289146028794,1.5013529,0.70453584,537,0.602017937219731,445648.30198295147,5696595.192539917,474.24342897194776,0.5315662728971802,-0.012845414690673351,-0.1683447096928603,-28.705671015019593,2.687683813361147,-0.7799293974087665,-1.5194999041903827,-0.16403514820947862,-3.995328914655147,1.5013529,0.70453584,445647.77041667857,5696595.205385332,474.4117736816406,-27.1861711108292,2.8517189615706164,3.2153995172463725,667,frame_000667.png
4000,4000,4000,961,0.24025,620,0.6451612903225806,961,526,0.5473465140478668,445649.0848497195,5696594.732405461,474.24156661227977,0.6773078117985278,-0.11713001970201731,-0.174632118189038,-28.748555533099427,2.149271571677227,-1.9304426425940577,-1.4792039282392295,-0.31191249331294557,-6.041591622837132,1.4630375,0.70677125,526,0.5473465140478668,445649.0848497195,5696594.732405461,474.2415666122789,0.6773078117985278,-0.11713001970201731,-0.17463211818989066,-28.74855553310093,2.149271571692322,-1.9304426425503152,-1.4792039282407359,-0.31191249329785364,-6.041591622793391,1.4630375,0.70677125,445648.4075419077,5696594.849535481,474.4161987304688,-27.269351604860198,2.461184064990166,4.1111489802430885,668,frame_000668.png
4000,4000,4000,1018,0.2545,770,0.756385068762279,1018,608,0.5972495088408645,445649.4115448449,5696594.644636732,474.2372375374088,0.5623847835813649,0.033786840736866,-0.18314210126305852,-28.79272921797455,1.6640745887682638,-0.587514727315538,-1.4729601611601026,-0.2957947594846644,-3.8819773282556014,1.510498,0.7088708,608,0.5972495088408645,445649.4115448343,5696594.644636749,474.2372375336172,0.5623847729875706,0.033786858431994915,-0.1831421050546851,-28.792729209550647,1.6640744782016255,-0.5875146588218516,-1.4729601527361922,-0.29579487005131,-3.881977259761925,1.5104983,0.7088709,445648.84916006133,5696594.610849891,474.4203796386719,-27.319769056814454,1.95986934825293,3.294462600940072,669,frame_000669.png
4000,4000,4000,1046,0.2615,708,0.6768642447418738,1046,622,0.5946462715105163,445649.679524953,5696594.480669627,474.2358675131971,0.6062314535374753,-0.006591529585421085,-0.18048380516228235,-28.80798299755109,1.657663700197634,-0.2331487425411017,-1.4455533771344449,-0.4136001204260822,-3.1029168320628173,1.5406692,0.7169617,622,0.5946462715105163,445649.6795249541,5696594.480669628,474.23586751310506,0.6062314546434209,-0.006591528654098511,-0.18048380525431185,-28.807982998018876,1.657663704502068,-0.23314873675336012,-1.4455533776022378,-0.4136001161216427,-3.1029168262750773,1.5406692,0.7169617,445649.0732934995,5696594.487261157,474.4163513183594,-27.36242962041665,2.071263820623706,2.8697680895217257,670,frame_000670.png
4000,4000,4000,1205,0.30125,800,0.6639004149377593,1205,614,0.5095435684647303,445650.2224979017,5696594.13567709,474.2438966620939,0.7062470493838191,-0.09836442116647959,-0.1808164726717223,-29.108281919497575,1.0185454266931357,-0.18521788376569764,-1.3719046292995642,-0.25412576396956865,-2.7767228503010415,1.4219185,0.7028503,614,0.5095435684647303,445650.22249790176,5696594.13567709,474.2438966620993,0.7062470494420268,-0.09836442116647959,-0.18081647266632217,-29.108281919541334,1.0185454270923933,-0.18521788392444416,-1.3719046293433053,-0.2541257635703005,-2.776722850459805,1.4219185,0.7028503,445649.5162508523,5696594.234041511,474.4247131347656,-27.736377290198014,1.2726711906626982,2.5915049665353487,671,frame_000671.png
4000,4000,4000,1118,0.2795,737,0.6592128801431127,1118,569,0.5089445438282647,445650.4586120312,5696594.0086233355,474.24641752928545,0.49984289129497483,0.04177916422486305,-0.17713593751142298,-29.19644426389298,0.10598762949044675,-0.26215503456331496,-1.3798043439777814,-0.7294548425784058,-3.0299018891448384,1.498662,0.70981586,569,0.5089445438282647,445650.45861203136,5696594.0086233355,474.2464175293519,0.4998428914695978,0.04177916422486305,-0.17713593744497302,-29.196444264103114,0.10598763178993081,-0.2621550366170786,-1.379804344187903,-0.7294548402789189,-3.029901891198591,1.498662,0.70981586,445649.9587691399,5696593.966844171,474.4235534667969,-27.81663991991521,0.8354424720688388,2.7677468545815187,672,frame_000672.png
4000,4000,4000,1354,0.3385,785,0.5797636632200887,1354,737,0.5443131462333826,445650.8210077891,5696593.807987858,474.2461068053418,0.6476512813824229,-0.023549096658825874,-0.18217688606449656,-28.992899403119083,1.5097135407766022,0.9864535365817151,-1.3817226083570517,-0.15856309995032802,-0.6591866379961004,1.5394571,0.7290436,737,0.5443131462333826,445650.82100778917,5696593.807987857,474.24610680550734,0.6476512814406306,-0.02354909759014845,-0.18217688589896852,-28.992899403618626,1.5097135450732024,0.9864535296145438,-1.3817226088566201,-0.15856309565373294,-0.6591866449632846,1.5394571,0.7290436,445650.17335650773,5696593.831536954,474.4282836914063,-27.611176794762017,1.668276640726927,1.6456401745778233,673,frame_000673.png
4000,4000,4000,1348,0.337,830,0.615727002967359,1348,671,0.4977744807121662,445651.2582865147,5696593.361916594,474.27236187977627,0.6630443534813821,-0.21474329195916653,-0.1585158057706053,-29.06426793868109,1.2618591370817558,0.20752668990987083,-1.4139463708080768,-0.18633441229383152,-1.3683585724967031,1.5172943,0.71548235,671,0.4977744807121662,445651.25828651513,5696593.361916595,474.2723618796694,0.6630443538888358,-0.21474329102784395,-0.15851580587747094,-29.064267938527827,1.2618591367532204,0.20752669592813644,-1.4139463706547986,-0.18633441262238648,-1.3683585664784346,1.5172943,0.71548235,445650.59524216125,5696593.576659886,474.4308776855469,-27.650321567873018,1.4481935493756004,1.5758852624065605,674,frame_000674.png
4000,4000,4000,1106,0.2765,723,0.6537070524412296,1106,703,0.635623869801085,445651.78532136866,5696593.085601194,474.25272561689565,0.5670865884167142,-0.114261444658041,-0.17787741044810446,-29.146193352376756,1.4489033115760686,0.08847156097555782,-1.4150894930377547,-0.2661310679369535,-1.5921317096728842,1.5072082,0.7370761,703,0.635623869801085,445651.78532136814,5696593.085601194,474.2527256169016,0.5670865878928453,-0.114261444658041,-0.1778774104421359,-29.146193352204,1.4489033085566485,0.08847156010996242,-1.415089492864979,-0.26613107095639066,-1.5921317105384674,1.5072082,0.7370761,445651.21823478024,5696593.1998626385,474.43060302734375,-27.731103859339008,1.7150343795130323,1.6806032706484426,675,frame_000675.png
4000,4000,4000,1122,0.2805,706,0.6292335115864528,1122,584,0.5204991087344029,445652.1148223072,5696593.032024465,474.2421464148571,0.685567339474801,-0.05300262663513422,-0.17856891717423196,-29.02144797753736,1.4301726402109387,0.8645754822914165,-1.35954249286155,-0.1650244968782033,-0.9255189996520699,1.3956002,0.69052136,584,0.5204991087344029,445652.1148223083,5696593.0320244655,474.2421464146785,0.6855673405807465,-0.053002625703811646,-0.17856891735283398,-29.021447977332805,1.4301726411649942,0.8645754943498234,-1.359542492656999,-0.16502449592414337,-0.925518987593648,1.3956002,0.69052136,445651.4292549677,5696593.085027091,474.4207153320313,-27.66190548467582,1.595197137089143,1.7900944819434736,676,frame_000676.png
4000,4000,4000,1191,0.29775,715,0.600335852225021,1191,679,0.5701091519731318,445652.3488029706,5696592.877286059,474.23544966781014,0.7064831836032681,-0.09165995195508003,-0.1804438868773559,-28.953142647215397,1.625019319161479,0.4780199450043401,-1.3859577715417686,-0.2350884198269796,-1.4988001322490732,1.4920604,0.68632877,679,0.5701091519731318,445652.3488029706,5696592.87728606,474.2354496676523,0.7064831836032681,-0.09165995102375746,-0.18044388703521008,-28.95314264689708,1.625019314771219,0.47801995269634184,-1.3859577712234454,-0.23508842421725262,-1.4988001245570786,1.4920604,0.68632877,445651.642319787,5696592.968946011,474.4158935546875,-27.56718487567362,1.8601077389884644,1.9768200772534117,677,frame_000677.png
4000,4000,4000,1047,0.26175,819,0.7822349570200573,1047,738,0.7048710601719198,445653.2045260998,5696592.445549572,474.23082049387546,0.6912309788749553,-0.05087105371057987,-0.17234723073391933,-28.750134645578807,0.7804433091965959,0.6570218951567703,-1.39983324340389,-0.17628292315544059,-1.2582494678857472,1.489564,0.68963027,738,0.7048710601719198,445653.20452609996,5696592.445549572,474.2308204938549,0.6912309790495783,-0.05087105371057987,-0.17234723075449665,-28.750134645590315,0.7804433095575465,0.6570218967217453,-1.3998332434154008,-0.17628292279448488,-1.2582494663207626,1.489564,0.6896303,445652.5132951209,5696592.496420626,474.4031677246094,-27.350301402174917,0.9567262323520405,1.9152713630425136,678,frame_000678.png
4000,4000,4000,1102,0.2755,752,0.6823956442831216,1102,716,0.6497277676950998,445653.74719271023,5696592.191585731,474.2270759541483,0.5549938991316594,0.025867437943816185,-0.17105637007051655,-28.516387564183322,0.2180609033494592,0.5515748857229879,-1.3981360234832607,-0.23565169344178116,-1.5080169125833436,1.424671,0.7210916,716,0.6497277676950998,445653.747192709,5696592.19158573,474.2270759540826,0.5549938979092985,0.02586743701249361,-0.17105637013622754,-28.516387564235906,0.21806089813483243,0.5515748800372902,-1.3981360235358409,-0.23565169865639746,-1.5080169182690497,1.4246709,0.7210916,445653.1921988111,5696592.165718293,474.3981323242188,-27.118251540700072,0.4537125967912401,2.059591798306345,679,frame_000679.png
4000,4000,4000,1181,0.29525,821,0.6951735817104149,1181,706,0.5977984758679086,445678.43664166715,5696502.326394186,321.05246468875214,25.023405711806845,-89.73081282246858,-153.34456900265417,162.54020138408654,22.197191572282605,-29.208978114352995,-170.25017478255057,21.45296053618648,-31.35721408591141,368.85995,169.97511,706,0.5977984758679086,445654.04394311935,5696591.973843313,474.2339697290805,0.6307071640039794,-0.08336369600147009,-0.16306396232579345,-28.605310484606914,0.7578100689800095,0.01962322663391674,-1.3956866512440342,0.013579032883882292,-2.12861274492451,1.4362093,0.69294244,445653.41323595535,5696592.057207009,474.3970336914063,-27.209623833362876,0.7442310360961223,2.1482359715584205,680,frame_000680.png
4000,4000,4000,1172,0.293,769,0.6561433447098977,1172,701,0.5981228668941979,445654.6171618984,5696591.793006547,474.2281444179404,0.7741599924629554,-0.05156667158007622,-0.1693165195595725,-28.96913075647189,0.9130601885355719,0.46594342472667727,-1.4097296299763116,-0.024366933981582406,-1.8785586411227087,1.5141609,0.7052663,701,0.5981228668941979,445654.61716189625,5696591.793006545,474.22814441799994,0.774159990309272,-0.05156667344272137,-0.16931651950005744,-28.969130756684525,0.913060180042916,0.46594341321522764,-1.4097296301889628,-0.02436694247424498,-1.8785586526341547,1.5141609,0.7052663,445653.84300190595,5696591.844573218,474.3974609375,-27.55940112649557,0.9374271225171533,2.3445020658493863,681,frame_000681.png
4000,4000,4000,1109,0.27725,791,0.7132551848512173,1109,693,0.6248872858431019,445654.75938121934,5696591.64771898,474.21611509555777,0.49589502991875634,0.020899799652397633,-0.1813458419422318,-28.9658489948065,0.39405405261014,0.39664806856734786,-1.4415405601410498,-0.5888179889231253,-1.51224704559354,1.4870598,0.7209337,693,0.6248872858431019,445654.7593812199,5696591.647718979,474.21611509571346,0.49589503050083295,0.020899798721075058,-0.18134584178653768,-28.965848995006596,0.39405405940142135,0.39664806333024316,-1.4415405603411386,-0.5888179821318431,-1.5122470508306378,1.4870598,0.7209337,445654.2634861894,5696591.62681918,474.3974609375,-27.524308434665446,0.9828720415332634,1.908895114160892,682,frame_000682.png
4000,4000,4000,1328,0.332,899,0.6769578313253012,1328,926,0.697289156626506,445655.3183100956,5696591.3644015305,474.2300584730911,0.6536276341066696,-0.0464122099801898,-0.1669447007370195,-28.858393594820484,1.8136637189958522,1.3589336320905927,-1.4140448158455854,-0.2630485825750952,0.10286829232478567,1.4521116,0.69036436,926,0.697289156626506,445655.3183100956,5696591.36440153,474.23005847311305,0.6536276341066696,-0.046412210911512375,-0.16694470071507794,-28.858393594875466,1.8136637201283519,1.3589336300225399,-1.414044815900553,-0.2630485814426038,0.10286829025673683,1.4521116,0.69036436,445654.6646824615,5696591.41081374,474.3970031738281,-27.44434877897491,2.0767123015709505,1.256065339765796,683,frame_000683.png
4000,4000,4000,1361,0.34025,875,0.6429096252755327,1361,919,0.6752387950036738,445654.3748758018,5696591.8961823955,455.3266834113121,-0.47933656570967287,0.5974487084895372,-19.088172545719203,151.1458936827937,-5.960719053591299,1.6362527521726262,178.59582726171595,-8.49809806857246,0.5585379489083095,2.4898481,1.9114764,919,0.6752387950036738,445655.5506440978,5696591.237109974,474.22004311359984,0.6964317302918062,-0.06162371300160885,-0.194812843431464,-28.847178833708824,2.2193242592407803,1.5849858675296646,-1.3972452547865828,-0.318054755740377,0.5072710642653533,1.4696331,0.7281102,445654.8542123675,5696591.298733687,474.4148559570313,-27.449933578922252,2.5373790149811617,1.0777148032643247,684,frame_000684.png
4000,4000,4000,1428,0.357,967,0.677170868347339,1428,854,0.5980392156862745,445655.80937028566,5696591.146459678,474.2166734916434,0.5718376077711582,0.058806722052395344,-0.1860669868722198,-29.171204472187853,2.495080554664614,1.2612164253390639,-1.4134858015117686,-0.2318653358116194,-0.34822894845365227,1.4249153,0.7049945,854,0.5980392156862745,445655.8093702843,5696591.14645968,474.2166734915787,0.571837606432382,0.05880672391504049,-0.1860669869369076,-29.1712044720107,2.495080543931988,1.2612164287239602,-1.413485801334616,-0.23186534654425373,-0.3482289450687688,1.4249153,0.7049945,445655.2375326779,5696591.087652956,474.4027404785156,-27.757718670676077,2.726945890476236,1.6094453737927246,685,frame_000685.png
4000,4000,4000,1242,0.3105,851,0.6851851851851852,1242,850,0.6843800322061192,445656.01471543976,5696591.007228109,474.21847434101323,0.5807199602131732,0.018748890608549118,-0.17578225078364085,-29.23511836947728,2.5423162649965674,0.8851934793660668,-1.3322850881260138,-0.3695502476766137,-0.9045362533356638,1.5019699,0.71779937,850,0.6843800322061192,445656.01471543976,5696591.007228109,474.2184743410115,0.5807199602131732,0.018748890608549118,-0.175782250785403,-29.23511836947413,2.542316264524739,0.885193480005657,-1.332285088122859,-0.3695502481484425,-0.9045362526960901,1.5019699,0.71779937,445655.43399547954,5696590.988479218,474.3942565917969,-27.90283328135128,2.9118665126731695,1.7897297327017405,686,frame_000686.png
4000,4000,4000,1271,0.31775,837,0.6585365853658537,1271,914,0.7191188040912667,445656.52837930364,5696590.671845336,474.22649565080457,0.7069778512814082,-0.09277380537241697,-0.16992768903918432,-29.169634349169858,-3.058796316274879,2.076896342103732,-1.3020315810626926,0.12345291605114994,1.737631683551058,1.4977882,0.7202393,914,0.7191188040912667,445656.5283793041,5696590.671845336,474.22649565081537,0.7069778517470695,-0.09277380537241697,-0.16992768902838407,-29.169634349389106,-3.058796312477331,2.0768963406498635,-1.302031581281966,0.12345291984868823,1.7376316820971738,1.4977882,0.7202393,445655.82140145235,5696590.764619142,474.39642333984375,-27.86760276810715,-3.18224923232603,0.3392646585526854,687,frame_000687.png
4000,4000,4000,1065,0.26625,879,0.8253521126760563,1065,745,0.6995305164319249,445656.68506622245,5696590.588845313,474.21981373858324,0.512949955125805,0.008822578005492687,-0.13129099774488395,-29.09338952422849,-6.676537199520589,0.6518139666704891,-1.4009824701323055,-0.43533083950060814,-1.0560916087646035,1.4976959,0.6989092,745,0.6995305164319249,445656.6850662216,5696590.5888453135,474.21981373835115,0.5129499542526901,0.008822578936815262,-0.13129099797697563,-29.09338952440331,-6.676537205763343,0.6518139670721025,-1.4009824703071274,-0.43533084574335135,-1.0560916083630048,1.4976959,0.6989092,445656.1721162673,5696590.580022735,474.3511047363281,-27.69240705409618,-6.241206360019977,1.7079055754350954,688,frame_000688.png
4000,4000,4000,1115,0.27875,721,0.6466367713004484,1115,773,0.6932735426008969,445656.79966772225,5696590.521658539,474.217064060543,0.5126494966680184,-0.005829847417771816,-0.13950332226949058,-29.055392740661738,-4.599275399855651,2.302645347746601,-1.288369025384469,-0.573590036818473,2.808536982456218,1.3989855,0.70054084,773,0.6932735426008969,445656.79966771015,5696590.521658545,474.2170640590007,0.5126494845608249,-0.005829840898513794,-0.13950332381182307,-29.055392742984868,-4.599275480652991,2.3026453484311418,-1.2883690277076028,-0.5735901176158222,2.8085369831407547,1.3989855,0.7005408,445656.2870182256,5696590.527488386,474.3565673828125,-27.767023715277276,-4.025685363037168,-0.5058916347096031,689,frame_000689.png
4000,4000,4000,1071,0.26775,815,0.7609710550887021,1071,773,0.7217553688141923,445656.920227057,5696590.561356292,474.2107727007783,0.5499465139000677,0.043026371859014034,-0.1517456097685681,-28.977445100151325,-3.634708182511143,-0.0471051900068757,-1.3535031935676045,-0.39932771647747245,-2.600730099391768,1.4696348,0.7072546,773,0.7217553688141923,445656.9202270573,5696590.561356292,474.2107727007595,0.549946514191106,0.043026371859014034,-0.15174560978738327,-28.977445100167095,-3.634708180901679,-0.04710518983413595,-1.3535031935833786,-0.3993277148680079,-2.600730099219021,1.4696348,0.7072546,445656.3702805431,5696590.51832992,474.3625183105469,-27.623941906583717,-3.23538046603367,2.5536249093848915,690,frame_000690.png
4000,4000,4000,1229,0.30725,914,0.7436940602115542,1229,693,0.563873067534581,445657.06546974275,5696590.642973291,474.1910724683669,0.6332559264847077,0.10191208589822054,-0.14941215077374181,-28.671797025214456,-0.018102125837714925,-2.9226545813620444,-1.2714834044286931,0.3734742267575655,-8.478734142380603,1.4548516,0.7541611,693,0.563873067534581,445657.06546974275,5696590.642973291,474.1910724683641,0.6332559264847077,0.10191208589822054,-0.14941215077652714,-28.671797025202988,-0.018102125811666394,-2.922654581125966,-1.2714834044172107,0.37347422678359976,-8.478734142144532,1.4548516,0.7541611,445656.43221381627,5696590.541061205,474.3404846191406,-27.400313620785766,-0.39157635259526974,5.5560795610185565,691,frame_000691.png
4000,4000,4000,1234,0.3085,840,0.6807131280388979,1234,754,0.6110210696920584,445656.97464485554,5696590.652592419,474.18167616387086,0.49723110190825537,0.01872021146118641,-0.16216538886351373,-28.15884189578287,4.005100863164324,-2.716509295008666,-1.237672687768253,0.2534879470604494,-8.158824153301936,1.4124533,0.69997007,754,0.6110210696920584,445656.97464485554,5696590.652592419,474.1816761638732,0.49723110190825537,0.01872021146118641,-0.16216538886118315,-28.158841895780572,4.005100862995883,-2.7165092949241143,-1.2376726877659507,0.25348794689199394,-8.158824153217381,1.4124533,0.69997007,445656.47741375363,5696590.633872207,474.3438415527344,-26.921169208014625,3.75161291610388,5.442314858293277,692,frame_000692.png
4000,4000,4000,1262,0.3155,840,0.6656101426307448,1262,806,0.6386687797147385,445656.9655955264,5696590.745323803,474.1895319149708,0.47204590297769755,0.08441033866256475,-0.16151178620106066,-28.114574425414325,2.699384581845674,-1.2388973310142,-1.2764833900568533,0.25054425466490216,-4.949422002507077,1.4402903,0.6887569,806,0.6386687797147385,445656.9655955262,5696590.745323803,474.1895319150066,0.47204590280307457,0.08441033866256475,-0.1615117861652493,-28.114574425444,2.6993845811775627,-1.238897332014245,-1.2764833900865256,0.25054425399679303,-4.949422003507124,1.4402903,0.6887569,445656.4935496234,5696590.660913465,474.3510437011719,-26.83809103535748,2.4488403271807684,3.7105246714928892,693,frame_000693.png
4000,4000,4000,1226,0.3065,806,0.6574225122349103,1226,821,0.6696574225122349,445656.99987600115,5696590.780682165,474.18915597607605,0.49215129268122837,0.0980074992403388,-0.14830740283025534,-28.403371761580292,0.6907324824087032,-1.9322253387801476,-1.3401471810846033,-0.11315410137513027,-6.448725894976292,1.4143343,0.6914465,821,0.6696574225122349,445656.99987600103,5696590.780682165,474.18915597608503,0.49215129256481305,0.0980074992403388,-0.14830740282127408,-28.40337176157865,0.6907324814539174,-1.9322253386613697,-1.3401471810829833,-0.11315410232990075,-6.4487258948575175,1.4143343,0.6914465,445656.50772470847,5696590.682674666,474.3374633789063,-27.063224580495678,0.8038865837838306,4.516500556196144,694,frame_000694.png
4000,4000,4000,1151,0.28775,858,0.7454387489139879,1151,729,0.6333622936576889,445656.96640423,5696590.749054,474.18547367304046,0.4408589918166399,0.04959126468747854,-0.15003658086584437,-28.734663480318225,1.083926042562507,-2.1304912116462282,-1.3976728455937462,-0.35275124943464675,-6.546410056277665,1.4107794,0.6853072,729,0.6333622936576889,445656.96640423196,5696590.7490540035,474.1854736728462,0.44085899379570037,0.04959126841276884,-0.15003658106013518,-28.734663479631898,1.0839260428098363,-2.1304911881664528,-1.3976728449074187,-0.35275124918732104,-6.546410032797894,1.4107794,0.6853072,445656.52554523817,5696590.699462735,474.3355102539063,-27.336990634724476,1.436677291997153,4.415918844631432,695,frame_000695.png
4000,4000,4000,1167,0.29175,875,0.7497857754927164,1167,763,0.6538131962296486,445657.02227637474,5696590.764783844,474.18890920895956,0.4806000890675932,0.046811675652861595,-0.16405709963419213,-29.078148909224666,0.8759239165462152,-1.6579604357990663,-1.4068081081245793,-0.18011803936883553,-5.7656256471480845,1.42407,0.7002582,763,0.6538131962296486,445657.02227637486,5696590.764783844,474.1889092089505,0.48060008918400854,0.046811675652861595,-0.16405709964323023,-29.07814890919412,0.8759239168787131,-1.6579604350462824,-1.406808108094026,-0.18011803903635837,-5.765625646395307,1.42407,0.7002582,445656.5416762857,5696590.717972169,474.35296630859375,-27.67134080110008,1.0560419559150598,4.107665211349012,696,frame_000696.png
4000,4000,4000,1093,0.27325,926,0.8472095150960659,1093,767,0.7017383348581885,445657.66725321126,5696588.814090761,473.8745125447356,1.1253592074499466,-1.906403155066073,-0.4806815470612946,-28.014087484814898,9.96682945161141,-10.07151698348792,-0.7844804469842472,8.609451097799791,-14.079192525645453,12.108491,7.9782867,767,0.7017383348581885,445656.9788311467,5696590.77736373,474.1810208883161,0.4369371429202147,0.05686981324106455,-0.17417320348079102,-28.709509362702853,0.8804150973171179,-1.6522289073203402,-1.4799023248721994,-0.4769632564945141,-5.659904449477864,1.4474235,0.7170256,445656.5418940038,5696590.720493916,474.3551940917969,-27.229607037830657,1.3573783538116262,4.007675542157524,697,frame_000697.png
4000,4000,4000,1318,0.3295,867,0.657814871016692,1318,827,0.6274658573596358,445657.0618040841,5696590.740387072,474.18531226409283,0.5265027013374493,0.022207066416740417,-0.17516136871967092,-28.16984484120612,1.7921578064259978,-0.8945654893279312,-1.3167713944182253,0.14469475777426055,-4.265952480626595,1.45465,0.71366936,827,0.6274658573596358,445657.061804085,5696590.740387072,474.185312263963,0.5265027022105642,0.022207066416740417,-0.1751613688495013,-28.169844841062822,1.792157810720129,-0.8945654860986553,-1.316771394274923,0.14469476206838294,-4.26595247739732,1.45465,0.71366936,445656.53530138277,5696590.718180005,474.3604736328125,-26.853073446787906,1.647463048651746,3.3713869912986523,698,frame_000698.png
4000,4000,4000,1342,0.3355,990,0.7377049180327869,1342,813,0.6058122205663189,445657.0145269482,5696590.79840043,474.1958918482238,0.48448134487261996,0.07997254654765129,-0.16787768302617678,-28.47893979221124,1.080040386825785,-0.6175507090523397,-1.3659841812721538,-0.19298125531204846,-3.9347755413362506,1.372988,0.682921,813,0.6058122205663189,445657.01452694804,5696590.798400432,474.1958918481628,0.484481344697997,0.07997254841029644,-0.16787768308722661,-28.478939791911095,1.0800403823577804,-0.6175507025618479,-1.3659841809719921,-0.19298125978005487,-3.9347755348457554,1.372988,0.682921,445656.53004560334,5696590.718427883,474.36376953125,-27.112955610939096,1.2730216421378462,3.317224832283909,699,frame_000699.png
4000,4000,4000,1197,0.29925,879,0.7343358395989975,1197,755,0.6307435254803676,445656.9903764174,5696590.833906998,474.1885481271495,0.4730669242562726,0.09943157900124788,-0.1645097341786368,-28.826765792839737,1.090183422145252,-0.9962388431969076,-1.308915339162752,-0.40351073367222057,-4.926123472618315,1.5045828,0.72920996,755,0.6307435254803676,445656.9903764172,5696590.833907,474.18854812721037,0.47306692402344197,0.09943158086389303,-0.1645097341177575,-28.82676579260295,1.0901834179644099,-0.9962388380260073,-1.3089153389259707,-0.40351073785308245,-4.926123467447411,1.5045828,0.72920996,445656.51730949315,5696590.734475419,474.3530578613281,-27.51785045367697,1.4936941558174834,3.929884629421409,700,frame_000700.png
4000,4000,4000,1163,0.29075,828,0.7119518486672399,1163,720,0.6190885640584695,445656.91975628334,5696590.845149744,474.1995271211591,0.4184476208756678,0.1049459045752883,-0.14620652141900337,-28.681941483621973,1.4865534346865261,-0.9193265311684067,-1.3163530198910394,-0.5910444056364952,-4.563704124203014,1.4616563,0.72247756,720,0.6190885640584695,445656.9197562832,5696590.845149744,474.1995271211663,0.41844762075925246,0.1049459045752883,-0.1462065214118411,-28.68194148354172,1.4865534332319645,-0.9193265296982959,-1.3163530198107765,-0.5910444070910614,-4.563704122732901,1.4616563,0.72247756,445656.50130866247,5696590.74020384,474.3457336425781,-27.365588463730944,2.0775978403230253,3.644377593034615,701,frame_000701.png
4000,4000,4000,1233,0.30825,947,0.7680454176804542,1233,782,0.6342254663422546,445656.8628331685,5696590.831224893,474.19101120843413,0.408027233206667,0.07988089229911566,-0.16323683844086645,-28.663870836658315,2.6023014482529443,-0.7143661461026022,-1.4438759241988635,-0.34267929052802515,-3.9054980015137915,1.5059243,0.74309117,782,0.6342254663422546,445656.8628331682,5696590.831224894,474.191011208478,0.4080272329156287,0.07988089323043823,-0.16323683839698333,-28.663870836584017,2.602301443665207,-0.7143661413447625,-1.443875924124569,-0.3426792951157722,-3.905497996755969,1.5059243,0.74309117,445656.45480593527,5696590.751344001,474.354248046875,-27.21999491245944,2.9449807387809708,3.191131855411196,702,frame_000702.png
4000,4000,4000,1293,0.32325,970,0.7501933488012374,1293,849,0.6566125290023201,445656.8707908249,5696590.763777283,474.1831800011802,0.46936508250655606,0.007627123035490513,-0.18370232303863077,-28.62586210587471,3.0591798773631296,-0.9228814006950139,-1.4562473565804055,0.03595360840932926,-4.157224197139328,1.5137799,0.7395608,849,0.6566125290023201,445656.8707908249,5696590.763777283,474.1831800011861,0.46936508250655606,0.007627123035490513,-0.18370232303271905,-28.625862105873217,3.0591798770291123,-0.9228814004658351,-1.4562473565788991,0.035953608075317334,-4.157224196910164,1.5137799,0.7395608,445656.40142574237,5696590.75615016,474.3668823242188,-27.16961474929431,3.0232262689537923,3.2343427964443183,703,frame_000703.png
4000,4000,4000,1217,0.30425,912,0.7493837304847987,1217,751,0.6170912078882498,445655.74251522514,5696591.474682959,455.18091212903533,-0.6415565098868683,0.710643207654357,-19.19021213854279,151.2314466219396,-5.049456428587286,-2.085768785867945,178.54529061468702,-7.9368706008900745,-6.955558862304429,2.4828517,1.8447067,751,0.6170912078882498,445656.8650587679,5696590.89423633,474.18363295042184,0.48098703287541866,0.13019657880067825,-0.18749131715628664,-28.760499021661595,2.5705868273841737,-1.8977181515032335,-1.4466550289141935,-0.3168273449186074,-6.7675082279397145,1.4226481,0.7102404,445656.384071735,5696590.764039751,474.3711242675781,-27.313843992747394,2.8874141723027873,4.869790076436491,704,frame_000704.png
4000,4000,4000,1075,0.26875,757,0.7041860465116279,1075,694,0.6455813953488372,445656.8442405684,5696590.857731155,474.2026867668053,0.4641563694458455,0.08879075571894646,-0.16520263749157493,-28.324627264451593,2.0225413614778787,-1.026292307259144,-1.4325063763944286,-0.29096891843192907,-4.752378470865125,1.4214203,0.7005492,694,0.6455813953488372,445656.8442405685,5696590.857731155,474.2026867667966,0.4641563695622608,0.08879075571894646,-0.16520263750027198,-28.324627264464585,2.022541362487246,-1.0262923076436008,-1.4325063764074173,-0.2909689174225605,-4.752378471249585,1.4214203,0.7005492,445656.38008419896,5696590.768940399,474.3678894042969,-26.89212088805718,2.313510279909804,3.7260861636059825,705,frame_000705.png
4000,4000,4000,1348,0.337,927,0.6876854599406528,1348,818,0.6068249258160238,445656.80551179167,5696590.768271053,474.20797308708563,0.42686239478643984,0.00524820014834404,-0.16424981330499122,-28.568154176193914,0.7523017937316898,-1.1286471799207645,-1.5030896086851442,-0.4006356683389072,-4.446807067887278,1.4345527,0.70925325,818,0.6068249258160238,445656.80551179167,5696590.768271053,474.2079730870856,0.42686239478643984,0.00524820014834404,-0.16424981330504806,-28.56815417619262,0.7523017936259938,-1.1286471798832245,-1.5030896086838652,-0.4006356684446075,-4.446807067849733,1.4345527,0.70925325,445656.3786493969,5696590.763022853,474.3722229003906,-27.065064567508767,1.152937462070611,3.3181598879665004,706,frame_000706.png
4000,4000,4000,1227,0.30675,810,0.6601466992665037,1227,849,0.6919315403422983,445656.81833183346,5696590.809437534,474.19892550101264,0.4405846140580252,0.04011313524097204,-0.1625552118779865,-29.09837062412477,1.9816543190139813,-1.8166517835567237,-1.4569731133261712,-0.3395988880633922,-6.013253048811464,1.4582465,0.6952327,849,0.6919315403422983,445656.8183318334,5696590.809437534,474.1989255010146,0.4405846139998175,0.04011313524097204,-0.16255521187599697,-29.098370624123312,1.981654318563142,-1.8166517837115126,-1.4569731133247217,-0.3395988885142458,-6.013253048966249,1.4582465,0.6952327,445656.3777472194,5696590.769324399,474.3614807128906,-27.6413975107986,2.321253207077379,4.196601265254745,707,frame_000707.png
4000,4000,4000,1227,0.30675,975,0.7946210268948656,1227,804,0.6552567237163814,445656.8147147628,5696590.784189119,474.20640076352294,0.45775495533598587,0.01593142095953226,-0.1729327325708141,-28.644008743828042,3.300360321427792,-0.13256566118913912,-1.5252890313924468,-0.13510638248510531,-2.6661902913242272,1.4500993,0.72575104,804,0.6552567237163814,445656.81471476285,5696590.784189119,474.20640076352277,0.45775495539419353,0.01593142095953226,-0.17293273257098463,-28.644008743825076,3.300360321698228,-0.13256566122578517,-1.525289031389491,-0.13510638221467275,-2.6661902913608913,1.4500993,0.72575104,445656.35695980745,5696590.768257698,474.37933349609375,-27.118719712435585,3.435466703912902,2.533624630135092,708,frame_000708.png
4000,4000,4000,1256,0.314,910,0.7245222929936306,1256,784,0.6242038216560509,445656.8100003957,5696590.800413298,474.2104297498464,0.46521797723835334,0.03219909220933914,-0.17046014273171295,-28.83856294953534,3.18288258038099,-1.3718121197747617,-1.5244810111723268,0.09032409460161261,-5.393772266127115,1.4611398,0.6995804,784,0.6242038216560509,445656.81000039604,5696590.8004132975,474.2104297498703,0.4652179775875993,0.03219909127801657,-0.1704601427078387,-28.838562949621213,3.1828825843605726,-1.3718121230864575,-1.5244810112582172,0.09032409858119195,-5.393772269438813,1.4611398,0.6995804,445656.34478241845,5696590.768214206,474.3808898925781,-27.314081938363007,3.0925584857793904,4.021960146352344,709,frame_000709.png
4000,4000,4000,1334,0.3335,901,0.6754122938530734,1334,864,0.6476761619190404,445656.7785682366,5696590.836709853,474.20008375170016,0.43952211953001097,0.05979773681610823,-0.1725663947842122,-29.027702145271803,2.294940462264158,-1.3480829615533048,-1.5590170251965674,-0.34161833791588947,-5.2722393017410525,1.486537,0.7252385,864,0.6476761619190404,445656.7785682367,5696590.836709853,474.20008375169414,0.43952211958821863,0.05979773681610823,-0.1725663947902376,-29.02770214524703,2.2949404620134786,-1.3480829607747027,-1.559017025171812,-0.34161833816656895,-5.272239300962468,1.486537,0.7252385,445656.3390461171,5696590.776912116,474.3726501464844,-27.46868512007523,2.6365588001800595,3.924156340187761,710,frame_000710.png
4000,4000,4000,1206,0.3015,873,0.7238805970149254,1206,744,0.6169154228855721,445656.8015205969,5696590.813037447,474.21718013989016,0.46480408165371045,0.040840388275682926,-0.15836917651614613,-28.99987519871987,2.4105835248752285,-0.3993618956981304,-1.5554750748269441,-0.1141722785077377,-3.304595765981702,1.4390024,0.7039294,744,0.6169154228855721,445656.8015205966,5696590.813037447,474.2171801399219,0.46480408136267215,0.040840388275682926,-0.1583691764844275,-28.99987519870313,2.4105835226713666,-0.3993618952087017,-1.5554750748102038,-0.11417228071158547,-3.30459576549228,1.4390024,0.7039294,445656.33671651524,5696590.772197058,474.3755493164063,-27.44440012389292,2.524755803382958,2.9052338702835674,711,frame_000711.png
4000,4000,4000,1331,0.33275,765,0.574755822689707,1331,851,0.6393688955672426,445656.8240622989,5696590.81930799,474.2104373303975,0.4916373508167453,0.05443425849080086,-0.16627165397750332,-29.107476099781426,2.2801201437837855,-0.01953108153346356,-1.6444099822523413,-0.07615361696139189,-2.645533505858708,1.4617523,0.7201153,851,0.6393688955672426,445656.8240622993,5696590.819307989,474.21043733035845,0.4916373511659913,0.05443425755947828,-0.16627165401655475,-29.107476099843048,2.2801201470222283,-0.01953108281153721,-1.6444099823139595,-0.07615361372296547,-2.6455335071367756,1.4617523,0.7201153,445656.3324249481,5696590.764873732,474.376708984375,-27.463066117529078,2.3562737607451796,2.626002424325242,712,frame_000712.png
4000,4000,4000,1117,0.27925,825,0.738585496866607,1117,742,0.6642793196060878,445656.7778019264,5696590.881342281,474.21070422489896,0.4428760163136758,0.1191018559038639,-0.16814098994478854,-29.246001923908874,1.8101563157534308,0.07718447968738029,-1.592220817511219,-0.6099712821689138,-2.7763348308438935,1.4509333,0.7336979,742,0.6642793196060878,445656.7778019264,5696590.881342281,474.2107042248965,0.4428760163136758,0.1191018559038639,-0.1681409899472328,-29.246001923903346,1.8101563156590865,0.07718447984884073,-1.5922208175056767,-0.6099712822632455,-2.77633483068243,1.4509333,0.7336979,445656.3349259101,5696590.762240425,474.37884521484375,-27.65378110639766,2.420127597922334,2.8535193105312606,713,frame_000713.png
4000,4000,4000,1239,0.30975,1002,0.8087167070217918,1239,806,0.6505246166263116,445656.80485488917,5696590.833005541,474.2149072324313,0.4746710503241047,0.0741878766566515,-0.17742675194369895,-29.281981413174606,2.309784513821617,-0.32504169816878886,-1.5285482036192946,-0.24011681182477673,-3.404690041665816,1.4721866,0.71204174,806,0.6505246166263116,445656.8048548885,5696590.8330055345,474.21490723310865,0.47467104968382046,0.07418787013739347,-0.17742675126635277,-29.28198141445502,2.3097845269265482,-0.32504172933273096,-1.5285482048996926,-0.24011679871986757,-3.4046900728297373,1.4721866,0.71204174,445656.33018383884,5696590.758817664,474.392333984375,-27.753433209555322,2.5499013256464056,3.0796483434970203,714,frame_000714.png
4000,4000,4000,1171,0.29275,999,0.8531169940222032,1171,842,0.7190435525192144,445656.75836524245,5696590.8040813785,474.21872056126597,0.42662959545850754,0.042901333421468735,-0.16870009303090683,-29.479850228301892,2.597578137338048,-0.825751047721356,-1.6238493198389392,-0.4262542161173428,-4.084449764611122,1.5118208,0.69111794,842,0.7190435525192144,445656.75836524245,5696590.8040813785,474.21872056126756,0.42662959545850754,0.042901333421468735,-0.1687000930293152,-29.479850228304734,2.5975781371515168,-0.8257510477661717,-1.6238493198417814,-0.4262542163038745,-4.084449764655943,1.5118208,0.69111794,445656.331735647,5696590.761180045,474.3874206542969,-27.856000908462963,3.023832353455402,3.2586987168897794,715,frame_000715.png
4000,4000,4000,1255,0.31375,944,0.7521912350597609,1255,835,0.6653386454183267,445656.81415497116,5696590.788810557,474.22133345935424,0.4816710810409859,0.021604998037219048,-0.1707869019738837,-29.513521175375722,2.832933661194748,-1.3097777168798381,-1.6732778856598145,-0.06881370380264684,-5.105453670138161,1.4711443,0.73313236,835,0.6653386454183267,445656.81415497075,5696590.788810556,474.22133345939693,0.48167108063353226,0.021604997105896473,-0.17078690193119428,-29.51352117544351,2.8329336604667823,-1.309777720202563,-1.6732778857276003,-0.06881370453061209,-5.105453673460886,1.4711443,0.73313236,445656.3324838901,5696590.767205559,474.3921203613281,-27.84024328971591,2.901747364997389,3.795675953258327,716,frame_000716.png
4000,4000,4000,1211,0.30275,1000,0.8257638315441783,1211,742,0.6127167630057804,445656.76762420015,5696590.791183881,474.2237964154597,0.43467268586391583,0.023963416926562786,-0.16740841852470112,-29.16862704682835,2.5291916294878876,-1.6714679111164505,-1.6561753811726305,-0.3710616859149809,-5.715963191895099,1.4626516,0.70424575,742,0.6127167630057804,445656.76762420026,5696590.791183881,474.2237964154575,0.43467268598033115,0.023963416926562786,-0.16740841852686117,-29.168627046824536,2.52919163019093,-1.6714679108964925,-1.656175381168822,-0.3710616852119415,-5.715963191675144,1.4626516,0.70424575,445656.3329515143,5696590.767220465,474.3912048339844,-27.512451665655714,2.9002533154028725,4.04449528077864,717,frame_000717.png
4000,4000,4000,1161,0.29025,877,0.7553832902670112,1161,761,0.6554694229112834,445656.7722831723,5696590.890159228,474.2233494796053,0.42923794995294884,0.12116966117173433,-0.1629725418790713,-29.2268238770004,2.408865435596113,-1.3189122675000065,-1.5843311855142872,-0.6141590878728493,-5.4797495371319656,1.5007575,0.7584104,761,0.6554694229112834,445656.77228317177,5696590.890159229,474.2233494796508,0.4292379494290799,0.12116966210305691,-0.16297254183359655,-29.226823876893903,2.408865430946447,-1.318912265139871,-1.584331185407791,-0.6141590925224989,-5.479749534771827,1.5007575,0.7584104,445656.34304522234,5696590.768989567,474.3863220214844,-27.642492691486108,3.0230245234689517,4.160837269631962,718,frame_000718.png
4000,4000,4000,1176,0.294,811,0.689625850340136,1176,740,0.6292517006802721,445656.8473805614,5696590.8099806495,474.21218554554184,0.49222169193672016,0.04569087736308575,-0.17071850719253234,-29.170212563511942,2.430268669466712,-0.9943941927128742,-1.5653506371184278,-0.08781401249649434,-4.616020482438984,1.4651928,0.70345026,740,0.6292517006802721,445656.84738056123,5696590.8099806495,474.2121855455547,0.4922216917620972,0.04569087736308575,-0.17071850717968573,-29.170212563498986,2.430268667959507,-0.9943941921708951,-1.565350637105496,-0.0878140140036976,-4.61602048189701,1.4651928,0.70345026,445656.35515886947,5696590.764289772,474.3829040527344,-27.604861926393504,2.5180826819632074,3.621626289726115,719,frame_000719.png
4000,4000,4000,1207,0.30175,922,0.7638773819386909,1207,716,0.5932062966031483,445656.87220834213,5696590.687005774,474.1970923186822,0.5047596531221643,-0.06601293571293354,-0.17674801334908352,-29.19207102824204,2.1020566593104575,-2.3086461569177765,-1.5672945459203902,0.22726044602836737,-6.635415775142064,1.483922,0.7226505,716,0.5932062966031483,445656.8722083419,5696590.687005775,474.19709231873185,0.5047596528893337,-0.06601293478161097,-0.17674801329945922,-29.192071028254368,2.1020566568239465,-2.3086461554522257,-1.5672945459327252,0.2272604435418657,-6.635415773676499,1.483922,0.7226505,445656.367448689,5696590.75301871,474.3738403320313,-27.624776482321643,1.8747962132820835,4.326769618224284,720,frame_000720.png
4000,4000,4000,1225,0.30625,1026,0.8375510204081633,1225,778,0.6351020408163265,445656.90446537815,5696590.80899638,474.1921523852606,0.5199955047573894,0.06730182282626629,-0.17518770263001215,-29.140120833045504,0.8797205889461283,-1.0968648658050626,-1.5732146850524202,-0.2018419022043929,-4.984567408911545,1.4562967,0.6983257,778,0.6351020408163265,445656.9044653764,5696590.808996378,474.19215238546957,0.5199955030111596,0.06730182096362114,-0.17518770242105575,-29.14012083367766,0.8797205858590533,-1.0968648808561798,-1.573214685684576,-0.20184190529147372,-4.984567423962687,1.4562967,0.6983257,445656.3844698734,5696590.7416945575,474.3673400878906,-27.56690614799308,1.081562491150531,3.887702543106494,721,frame_000721.png
4000,4000,4000,1173,0.29325,916,0.7809036658141517,1173,806,0.6871270247229326,445656.881737576,5696590.73490963,474.2015946294542,0.45498152944492176,0.017503309063613415,-0.14642783148332228,-28.896284537997197,0.42773350035601865,-0.7867963030786458,-1.547240164346448,-0.22809059086026195,-3.939433979558544,1.3776733,0.7147783,806,0.6871270247229326,445656.8817375766,5696590.734909626,474.2015946294429,0.45498153008520603,0.01750330440700054,-0.14642783149457728,-28.896284539268006,0.42773351584529157,-0.7867963232888605,-1.5472401656172394,-0.22809057537099875,-3.9394339997687666,1.3776733,0.7147783,445656.42675604654,5696590.717406321,474.3480224609375,-27.349044373650756,0.6558240912162909,3.1526376764798973,722,frame_000722.png
4000,4000,4000,1240,0.31,981,0.7911290322580645,1240,721,0.5814516129032258,445656.9588979062,5696590.779093083,474.1928712195953,0.5187690781895071,0.07414964959025383,-0.16189562610782104,-28.967109819842054,0.9839236974970986,-0.6087642329928145,-1.570220342878656,-0.133046722561744,-4.1373790745547865,1.4132061,0.7074907,721,0.5814516129032258,445656.95889790804,5696590.779093091,474.19287121911594,0.5187690800521523,0.074149657972157,-0.1618956265871816,-28.967109817721674,0.9839236845645758,-0.6087641861701161,-1.5702203407582829,-0.13304673549424706,-4.137379027732095,1.4132061,0.7074907,445656.440128828,5696590.704943433,474.3547668457031,-27.396889476963384,1.1169704200588357,3.5286148415619683,723,frame_000723.png
4000,4000,4000,1340,0.335,1075,0.8022388059701493,1340,918,0.6850746268656717,445656.92124529864,5696590.690026489,474.19880693652294,0.46696058654924855,-0.008787842467427254,-0.15046674511768288,-28.79617611096284,1.3103220503833706,-0.865360052863117,-1.516747978194644,-0.11738613086180294,-4.021028468210574,1.4788611,0.72492284,918,0.6850746268656717,445656.9212453593,5696590.690026511,474.19880693293146,0.4669606472016312,-0.008787820115685463,-0.15046674870916377,-28.796176102034494,1.3103222946500657,-0.8653597711459433,-1.516747969266305,-0.11738588659508764,-4.021028186493396,1.4788613,0.7249228,445656.4542847121,5696590.698814332,474.3492736816406,-27.2794281327682,1.4277081812451602,3.155668415347464,724,frame_000724.png
4000,4000,4000,1252,0.313,912,0.7284345047923323,1252,843,0.6733226837060703,445656.9953185924,5696590.717704804,474.1908181605379,0.5222629537456669,0.04509570449590683,-0.16065278672772365,-28.95896926187878,0.619484472730785,-0.5060248211888633,-1.5178050658835502,-0.016455817594447808,-3.7410304894009414,1.4349043,0.69538575,843,0.6733226837060703,445656.9953185936,5696590.717704835,474.19081815967235,0.5222629549098201,0.04509573616087437,-0.1606527875932784,-28.958969253036134,0.6194843899468927,-0.5060246561440582,-1.5178050570409027,-0.016455900378332444,-3.7410303243561316,1.4349043,0.6953857,445656.47305563866,5696590.672609099,474.3514709472656,-27.44116419599523,0.6359402903252298,3.2350056682120765,725,frame_000725.png
4000,4000,4000,1287,0.32175,826,0.6418026418026418,1287,868,0.6744366744366744,445656.9495243385,5696590.685104321,474.18292657974786,0.467501055682078,0.014327839016914368,-0.16161687728344987,-29.031742131946444,0.37765233324437747,-0.6184333814146526,-1.5725211679453537,-0.18637501308006676,-3.643761774162641,1.4747386,0.71663225,868,0.6744366744366744,445656.9495243432,5696590.685104328,474.1829265796248,0.46750106039689854,0.014327846467494965,-0.16161687740651587,-29.031742129024067,0.37765233679015847,-0.6184333311325513,-1.5725211650229767,-0.18637500953428798,-3.643761723880516,1.4747386,0.71663225,445656.4820232828,5696590.670776482,474.3445434570313,-27.459220964001087,0.5640273463244334,3.0253283927479746,726,frame_000726.png
4000,4000,4000,1318,0.3295,947,0.7185128983308042,1318,865,0.6562974203338392,445656.9409299907,5696590.6934702415,474.1867325885269,0.45881688338704407,0.02522098459303379,-0.15909260678557757,-28.54422090236102,1.1801483909852468,-1.031026360128312,-1.5536688765700433,-0.15496906354195517,-4.395746791773831,1.4740913,0.70822096,865,0.6562974203338392,445656.9409299947,5696590.693470246,474.1867325881972,0.458816887345165,0.025220989249646664,-0.15909260711532625,-28.54422090067083,1.1801483976752032,-1.0310263239897295,-1.553668874879861,-0.15496905685199636,-4.395746755635258,1.4740913,0.70822096,445656.48211310734,5696590.668249257,474.3458251953125,-26.99055202579097,1.3351174545271878,3.3647204316455297,727,frame_000727.png
4000,4000,4000,1231,0.30775,922,0.7489845653939886,1231,807,0.6555645816409423,445656.93187813443,5696590.7701734165,474.19271015076214,0.4511139448150061,0.09500188753008842,-0.1492393121284863,-28.605631682383553,0.5695030050627733,-0.7951958982737664,-1.5283608044179573,-0.5075218344878181,-4.305007711298117,1.4354951,0.7027797,807,0.6555645816409423,445656.9318781338,5696590.770173417,474.19271015083336,0.45111394417472184,0.095001888461411,-0.1492393120572615,-28.60563168224624,0.5695029999385942,-0.7951958963598795,-1.5283608042806236,-0.5075218396119965,-4.305007709384228,1.4354951,0.7027797,445656.4807641896,5696590.675171529,474.3419494628906,-27.07727087796561,1.077024839550582,3.5098118130243385,728,frame_000728.png
4000,4000,4000,1319,0.32975,920,0.6974981046247157,1319,806,0.6110689916603488,445657.0207637955,5696590.743033952,474.18179783966383,0.5427315381821245,0.06333748158067465,-0.15746607635179544,-28.723175251623775,1.0028748346258352,-0.8320210073772181,-1.5060418088531264,0.09559851685122567,-4.411983757326027,1.4551451,0.7195953,806,0.6110689916603488,445657.0207637955,5696590.743033952,474.18179783966536,0.5427315381821245,0.06333748158067465,-0.15746607635026066,-28.723175251622585,1.0028748344826866,-0.8320210074135437,-1.5060418088519327,0.09559851670809394,-4.41198375736235,1.4551451,0.7195953,445656.4780322573,5696590.6796964705,474.3392639160156,-27.21713344277066,0.9072763177746044,3.5799627499487987,729,frame_000729.png
4000,4000,4000,1324,0.331,1033,0.7802114803625377,1324,870,0.6570996978851964,445656.919679326,5696590.727713086,474.19986074580993,0.43986147991381586,0.04451009724289179,-0.13943368778382137,-28.902632330817976,0.794172497996694,-0.47188189060033986,-1.5970630516778215,-0.31701740817493373,-3.4582985167064066,1.4842411,0.7158422,870,0.6570996978851964,445656.9196793233,5696590.7277131025,474.19986074517436,0.43986147723626345,0.04451011400669813,-0.13943368841938764,-28.902632326514766,0.7941724367629708,-0.47188181001872004,-1.5970630473746326,-0.31701746940865405,-3.458298436124778,1.4842411,0.71584207,445656.4798178461,5696590.6832029885,474.33929443359375,-27.305569279140144,1.1111899061716184,2.986416626106072,730,frame_000730.png
4000,4000,4000,1193,0.29825,969,0.8122380553227159,1193,783,0.6563285834031852,445656.9644101334,5696590.728111137,474.1925712834668,0.4911142400233075,0.04453088343143463,-0.15386426340819526,-28.867956518601833,1.228688321380644,-0.6143472359241543,-1.5495595482310307,-0.15190318146920845,-3.8653139426210146,1.4822875,0.6889434,783,0.6563285834031852,445656.9644101334,5696590.728111137,474.19257128346067,0.4911142400233075,0.04453088343143463,-0.15386426341433435,-28.867956518519712,1.2286883206774437,-0.6143472345487285,-1.5495595481489204,-0.15190318217241838,-3.865313941245603,1.4822875,0.6889434,445656.4732958934,5696590.683580253,474.346435546875,-27.31839697037079,1.3805915028498639,3.2509667066968717,731,frame_000731.png
4000,4000,4000,1326,0.3315,1006,0.7586726998491704,1326,866,0.6530920060331825,445656.8910137712,5696590.707449108,474.19621877517505,0.45872651413083076,0.027857416309416294,-0.15928049240307018,-28.76671049752731,0.42530303415833687,-0.17331074618700526,-1.5764920070128596,-0.2779897764027055,-2.6846436881218665,1.4724084,0.72892565,866,0.6530920060331825,445656.8910137712,5696590.707449108,474.19621877517125,0.45872651413083076,0.027857416309416294,-0.1592804924068787,-28.76671049749691,0.4253030336132072,-0.17331074563661428,-1.5764920069824768,-0.2779897769478339,-2.68464368757148,1.4724084,0.72892565,445656.43228725705,5696590.679591692,474.3554992675781,-27.190218490514436,0.7032928105610402,2.5113329419348553,732,frame_000732.png
4000,4000,4000,1173,0.29325,888,0.7570332480818415,1173,705,0.6010230179028133,445656.9335294562,5696590.791965599,474.18753647771933,0.5079279175261036,0.10135502647608519,-0.17775893243691598,-29.055257480909013,1.6443015491331388,-0.34697411594151134,-1.5906791670926737,-0.1541801576792352,-3.572640693128392,1.4753655,0.7411448,705,0.6010230179028133,445656.93352945615,5696590.791965599,474.18753647771837,0.5079279174678959,0.10135502647608519,-0.17775893243788232,-29.05525748091607,1.644301548619741,-0.3469741160917613,-1.5906791670997222,-0.15418015819261655,-3.572640693278629,1.4753655,0.7411448,445656.4256015387,5696590.690610573,474.36529541015625,-27.464578313816354,1.7984817068123706,3.2256665771868764,733,frame_000733.png
4000,4000,4000,1101,0.27525,880,0.7992733878292462,1101,751,0.6821071752951862,445656.9240600566,5696590.715981685,474.21052666884424,0.5079392840270884,0.03099234774708748,-0.16175726670263657,-29.243040500049705,1.3417432549701473,-0.059757007629776766,-1.5892988223161808,-0.0005548969334370213,-2.6772867396125832,1.4622415,0.6925037,751,0.6821071752951862,445656.9240600566,5696590.715981685,474.2105266688445,0.5079392840270884,0.03099234774708748,-0.16175726670235235,-29.24304050005195,1.3417432549560828,-0.059757007693945055,-1.5892988223184261,-0.0005548969475057675,-2.6772867396767595,1.4622415,0.6925037,445656.4161207726,5696590.684989337,474.3722839355469,-27.653741677733514,1.3422981519035937,2.6175297319828013,734,frame_000734.png
4000,4000,4000,1262,0.3155,878,0.6957210776545166,1262,875,0.6933438985736925,445656.87575198687,5696590.7103194455,474.2110573425102,0.46802003419725224,0.02593247778713703,-0.16745217897420162,-29.29843728639818,1.8280777332329792,0.06804613839223272,-1.6029813398990314,-0.16663000474298428,-2.3232998914701852,1.4905341,0.6901986,875,0.6933438985736925,445656.87575198687,5696590.710319446,474.2110573425056,0.46802003419725224,0.025932478718459606,-0.1674521789787491,-29.298437286384832,1.8280777329993165,0.06804613870712878,-1.6029813398857016,-0.16663000497666758,-2.323299891155301,1.4905341,0.6901986,445656.40773195267,5696590.684386968,474.3785095214844,-27.69545594649914,1.9947077379759752,2.391346029862422,735,frame_000735.png
4000,4000,4000,1278,0.3195,922,0.7214397496087637,1278,801,0.6267605633802817,445656.8226540525,5696590.720106004,474.2064952410387,0.4348132029408589,0.049453468061983585,-0.1747608624769441,-29.060829541243617,0.8162037619450767,0.03866543889074067,-1.5980625210032713,-0.37195756391142254,-2.2998461247649686,1.4701043,0.7108424,801,0.6267605633802817,445656.8226540523,5696590.720106006,474.20649524094495,0.43481320270802826,0.049453469924628735,-0.1747608625706789,-29.060829540891255,0.8162037564971976,0.03866544591975492,-1.598062520650899,-0.3719575693592958,-2.299846117735939,1.4701043,0.7108424,445656.3878408496,5696590.670652536,474.3812561035156,-27.46276702024035,1.1881613258564965,2.3385115636557043,736,frame_000736.png
4000,4000,4000,1193,0.29825,937,0.7854149203688181,1193,737,0.6177703269069572,445655.7472501577,5696591.259319586,455.1424134971932,-0.6355723032611422,0.5946824420243502,-19.240002274291157,150.89924595921747,-6.300738932906734,0.01781310708732157,178.33668006655762,-7.696326951934395,-2.213870507384314,2.416784,1.6026433,737,0.6177703269069572,445656.8872296834,5696590.71521504,474.198490419661,0.504407222440932,0.050577896647155285,-0.18392535182334768,-29.07348181432223,1.2775098882734173,0.4886041686917439,-1.6360477069820547,-0.1180781307542702,-1.7430794457798982,1.468538,0.71119905,445656.38282246096,5696590.664637144,474.3824157714844,-27.43743410734017,1.395588019027675,2.2316836144716405,737,frame_000737.png
4000,4000,4000,1380,0.345,905,0.6557971014492754,1380,911,0.6601449275362319,445656.8734028829,5696590.697416646,474.1968793332831,0.49612273095408455,0.03367607016116381,-0.18523126242001808,-29.066738171543918,2.1083884994150126,-0.14973206774500672,-1.5955362705595064,-0.06098173773386861,-2.819078120673879,1.4708662,0.70931387,911,0.6601449275362319,445656.8734028829,5696590.697416646,474.19687933328294,0.49612273095408455,0.03367607016116381,-0.1852312624201886,-29.066738171543136,2.10838849940134,-0.14973206773101505,-1.5955362705587106,-0.060981737747539455,-2.8190781206598956,1.4708662,0.70931387,445656.37728015194,5696590.663740576,474.3821105957031,-27.47120190098442,2.169370237148888,2.6693460529288755,738,frame_000738.png
4000,4000,4000,1178,0.2945,966,0.8200339558573854,1178,813,0.6901528013582343,445656.84991235373,5696590.740403101,474.1999542624573,0.47263521183049306,0.06859204918146133,-0.17080379418331404,-28.954727665196383,2.230809763312943,0.33101222307113637,-1.5620449855601066,-0.27676584837305995,-2.0231219122142647,1.4580481,0.7381427,813,0.6901528013582343,445656.8499123533,5696590.740403101,474.1999542625006,0.47263521142303944,0.06859204918146133,-0.17080379413999935,-28.95472766506433,2.230809758635411,0.33101222636106387,-1.5620449854280594,-0.2767658530505912,-2.023121908924338,1.4580481,0.7381427,445656.3772771419,5696590.671811052,474.3707580566406,-27.392682679636273,2.507575611686006,2.3541341352853915,739,frame_000739.png
4000,4000,4000,1225,0.30625,949,0.7746938775510204,1225,846,0.6906122448979591,445656.8454295721,5696590.727903468,474.200505004415,0.46988346840953454,0.058439756743609905,-0.17882849167875747,-28.78075957895065,1.9398185354419761,0.3085288111437345,-1.518285909684721,-0.3735544200021934,-1.8569608220923897,1.4479402,0.69614834,846,0.6906122448979591,445656.84542957216,5696590.727903468,474.20050500441283,0.4698834684677422,0.058439756743609905,-0.17882849168091752,-28.780759578944043,1.9398185355958497,0.3085288112683851,-1.5182859096780987,-0.3735544198483183,-1.8569608219677605,1.4479402,0.69614834,445656.3755461037,5696590.669463711,474.37933349609375,-27.262473669265937,2.313372955444179,2.1654896332361355,740,frame_000740.png
4000,4000,4000,1281,0.32025,927,0.7236533957845434,1281,774,0.6042154566744731,445656.8970352061,5696590.709978453,474.2012407622069,0.5174363264814019,0.049879876896739006,-0.17809273388684232,-28.784010476907344,1.192548899313519,-0.07395900556754488,-1.569183557535041,-0.05236583574955489,-2.7868795364765617,1.4629843,0.72719663,774,0.6042154566744731,445656.8970352064,5696590.709978451,474.20124076229064,0.5174363267724402,0.04987987503409386,-0.17809273380311197,-28.784010477228026,1.1925489048979476,-0.0739590123454724,-1.5691835578557232,-0.052365830165143734,-2.7868795432544857,1.4629843,0.72719663,445656.3795988796,5696590.660098576,474.37933349609375,-27.214826919372296,1.2449147350630776,2.712920530909026,741,frame_000741.png
4000,4000,4000,1238,0.3095,889,0.7180936995153473,1238,778,0.6284329563812601,445656.9177854264,5696590.712510237,474.1976168395311,0.5244244193308987,0.04231982119381428,-0.17741367804700303,-28.850118382903265,1.5690646862387279,-0.6711837891493463,-1.5833486975593019,0.05590618375600798,-3.9276173153628235,1.4598974,0.7114632,778,0.6284329563812601,445656.91778542637,5696590.712510237,474.1976168395321,0.524424419272691,0.04231982119381428,-0.1774136780460367,-28.850118382904377,1.5690646860473472,-0.6711837891493556,-1.5833486975604103,0.055906183564616185,-3.9276173153628235,1.4598974,0.7114632,445656.3933610071,5696590.670190415,474.3750305175781,-27.26676968534397,1.513158502482717,3.2564335262134687,742,frame_000742.png
4000,4000,4000,1154,0.2885,849,0.7357019064124783,1154,765,0.6629116117850953,445656.87024365534,5696590.75260381,474.1968909521002,0.4687239113263786,0.06942588649690151,-0.16404044438417031,-29.259617843443998,2.1893863867667376,-0.5188429314000025,-1.4272832342763309,-0.30627702714650695,-3.6142603984933714,1.49846,0.72883046,765,0.6629116117850953,445656.8702436562,5696590.75260381,474.1968909520956,0.4687239121994935,0.06942588649690151,-0.16404044438877463,-29.259617843316192,2.1893863920159,-0.5188429300905992,-1.4272832341485184,-0.30627702189732986,-3.614260397183955,1.49846,0.72883046,445656.401519744,5696590.683177924,474.3609313964844,-27.832334609167678,2.4956634139132343,3.095417467093362,743,frame_000743.png
4000,4000,4000,1253,0.31325,873,0.6967278531524341,1253,789,0.6296887470071828,445656.8711109333,5696590.705616855,474.19424659582745,0.46029952325625345,0.02058531530201435,-0.16656273034442393,-29.80946293467655,0.8304942937429721,-1.2391148283917652,-1.4449085583728163,-0.2543268292473613,-4.869235134926214,1.4518458,0.73065525,789,0.6296887470071828,445656.8711109333,5696590.705616855,474.19424659582677,0.46029952325625345,0.02058531530201435,-0.16656273034510605,-29.80946293467465,0.8304942937190217,-1.2391148283526463,-1.444908558370912,-0.2543268292713208,-4.869235134887106,1.4518458,0.73065525,445656.41081141005,5696590.68503154,474.3608093261719,-28.364554376303722,1.0848211229903408,3.630120306534463,744,frame_000744.png
4000,4000,4000,1207,0.30175,834,0.6909693454846727,1207,795,0.6586578293289147,445656.926318459,5696590.68835186,474.1943245155426,0.5106158261187375,0.019341585226356983,-0.16352460555117432,-29.649082181350714,0.9313337527521756,0.649234371228389,-1.6147480201935025,-0.26495176416904087,-1.2022693487832896,1.4965353,0.7028133,795,0.6586578293289147,445656.9263184589,5696590.688351859,474.19432451558055,0.5106158260605298,0.01934158429503441,-0.16352460551320291,-29.649082181412087,0.9313337533706693,0.6492343694391868,-1.614748020254865,-0.26495176355052763,-1.202269350572493,1.4965353,0.7028133,445656.41570263286,5696590.669010275,474.35784912109375,-28.03433416115722,1.196285516921207,1.8515037200116777,745,frame_000745.png
4000,4000,4000,1189,0.29725,846,0.7115222876366695,1189,788,0.6627417998317914,445656.92848149926,5696590.685050463,474.18888641519,0.4825673914165236,0.044001784175634384,-0.15770171957564116,-28.72660014860455,0.13913871423817747,-1.3607143005967783,-1.506593621397684,-0.19676406932293844,-5.1956219942517805,1.45207,0.7090233,788,0.6627417998317914,445656.92848150054,5696590.685050464,474.1888864151245,0.48256739269709215,0.04400178510695696,-0.15770171964112478,-28.726600147950037,0.13913871633172814,-1.3607142883861136,-1.5065936207431605,-0.19676406722939532,-5.195621982041104,1.45207,0.7090233,445656.44591410784,5696590.641048679,474.3465881347656,-27.220006527206873,0.3359027835611242,3.834907693654994,746,frame_000746.png
4000,4000,4000,1341,0.33525,963,0.7181208053691275,1341,815,0.6077554064131245,445656.99754279555,5696590.699826921,474.17794372244356,0.5385702037601732,0.060090960934758186,-0.16663025216581673,-28.47814886093267,0.4436561345196288,-1.1947859473392899,-1.402965933070135,0.20793067641142216,-4.997656814311199,1.4360893,0.70554173,815,0.6077554064131245,445656.9975427951,5696590.699826927,474.17794372224677,0.5385702032945119,0.060090966522693634,-0.16663025236260864,-28.478148859575175,0.4436561173244192,-1.1947859206615967,-1.4029659317126573,0.20793065921620268,-4.9976567876335025,1.4360893,0.70554173,445656.4589725918,5696590.63973596,474.3445739746094,-27.075182927862528,0.23572545810820836,3.8028708669718982,747,frame_000747.png
4000,4000,4000,1293,0.32325,900,0.6960556844547564,1293,886,0.6852281515854601,445656.96586097195,5696590.715456371,474.176809915639,0.4950949842459522,0.07157771103084087,-0.16571938123598784,-28.42284151813051,0.620462934543436,-1.1944805066637418,-1.4745354845435372,-0.2392498136288168,-4.94579554569242,1.4973412,0.70638746,886,0.6852281515854601,445656.96586097183,5696590.715456371,474.1768099156356,0.4950949841295369,0.07157771103084087,-0.16571938123939844,-28.42284151808797,0.620462933752562,-1.1944805061414876,-1.47453548450099,-0.2392498144196793,-4.945795545170142,1.4973412,0.70638746,445656.4707659877,5696590.64387866,474.342529296875,-26.94830603358697,0.8597127481722429,3.751315039028666,748,frame_000748.png
4000,4000,4000,1238,0.3095,914,0.7382875605815832,1238,769,0.6211631663974152,445656.98720644123,5696590.668204713,474.1663831149028,0.4913512059720233,0.017323242500424385,-0.1618334378315467,-27.994710851931476,1.0872017694408012,-1.3994773757847891,-1.457148359681014,0.022504829544971017,-5.108118606365423,1.4742922,0.7198801,769,0.6211631663974152,445656.98720644135,5696590.668204713,474.1663831148968,0.49135120608843863,0.017323242500424385,-0.1618334378375721,-27.994710851929632,1.0872017699590408,-1.3994773758564167,-1.4571483596791666,0.022504830063212466,-5.108118606437074,1.4742922,0.7198801,445656.49585523526,5696590.65088147,474.3282165527344,-26.537562492250473,1.0646969398958297,3.708641230580647,749,frame_000749.png
4000,4000,4000,1271,0.31775,917,0.7214791502753737,1271,864,0.6797797010228167,445656.98420533363,5696590.709306221,474.1644697594684,0.475235027319286,0.059124345891177654,-0.15804000615662517,-27.714392977944765,0.0356448556433278,-1.2886228966849933,-1.4768518301052325,-0.32286684482613737,-5.003751425253711,1.4677584,0.6855975,864,0.6797797010228167,445656.9842053427,5696590.709306473,474.16446974061336,0.4752350363996811,0.0591245973482728,-0.15804002501164405,-27.714392901695152,0.035644223924789005,-1.2886215667607899,-1.4768517538556125,-0.32286747654470105,-5.003750095329508,1.467759,0.68559813,445656.5089703063,5696590.650181876,474.322509765625,-26.237541147839533,0.3585117004694785,3.715128528568716,750,frame_000750.png
4000,4000,4000,1234,0.3085,897,0.726904376012966,1234,775,0.6280388978930308,445657.04401094106,5696590.750156767,474.1678262753379,0.5242878757999279,0.10386152006685734,-0.15416469145895917,-27.537781467099666,0.435673458927036,-2.6242863312633,-1.4438658211898598,-0.06809647762085547,-8.017933444134002,1.427033,0.7054243,775,0.6280388978930308,445657.04401094106,5696590.750156767,474.16782627533996,0.5242878757999279,0.10386152006685734,-0.1541646914569128,-27.537781467112026,0.4356734590717829,-2.6242863315306306,-1.4438658212022233,-0.0680964774761037,-8.017933444401336,1.427033,0.7054243,445656.51972306526,5696590.646295247,474.3219909667969,-26.09391564590981,0.5037699365478787,5.39364711287071,751,frame_000751.png
4000,4000,4000,1235,0.30875,863,0.6987854251012146,1235,767,0.6210526315789474,445657.029661593,5696590.685006543,474.19576335812906,0.49766854231711477,0.042918264865875244,-0.12409137819906846,-27.684882635964332,0.3379053916154324,-2.7406337938349243,-1.4300412426353546,-0.10982820420971962,-7.90237887375406,1.4133145,0.6885469,767,0.6210526315789474,445657.02966158354,5696590.685006546,474.19576335910045,0.49766853282926604,0.04291826765984297,-0.12409137722767127,-27.684882636363376,0.3379053342625151,-2.7406338032099016,-1.4300412430343954,-0.10982826156265446,-7.902378883129046,1.4133145,0.6885469,445656.5319930507,5696590.642088278,474.3198547363281,-26.254841393328967,0.44773359582516115,5.161745079919138,752,frame_000752.png
4000,4000,4000,1328,0.332,832,0.6265060240963856,1328,879,0.6618975903614458,445657.03477081406,5696590.662224564,474.22737218085524,0.4930020146421157,0.055368020199239254,-0.14292811211356593,-27.937279321295936,-0.32100776837712247,-1.2249427893151428,-1.4433101776677688,-0.16248801377349764,-4.969705842016026,1.4625059,0.7109989,879,0.6618975903614458,445657.03477081406,5696590.662224564,474.2273721808551,0.4930020146421157,0.055368020199239254,-0.14292811211367962,-27.937279321295758,-0.32100776839445183,-1.2249427893074798,-1.4433101776675699,-0.16248801379080646,-4.969705842008352,1.4625059,0.7109989,445656.5417687994,5696590.606856544,474.3703002929688,-26.493969143628174,-0.15851975460363674,3.7447630527008746,753,frame_000753.png
4000,4000,4000,1197,0.29925,872,0.7284878863826232,1197,834,0.6967418546365914,445657.03827019496,5696590.651598285,474.2462740906968,0.4949375055730343,0.0641132639721036,-0.14642610461572758,-28.16350964672298,-0.29202721548687693,0.006130395381457346,-1.4519432126691072,-0.24315298291838872,-2.656307934733178,1.497294,0.7026924,834,0.6967418546365914,445657.03827019496,5696590.651598284,474.24627409070075,0.4949375055730343,0.06411326304078102,-0.14642610461174854,-28.16350964673687,-0.2920272153965411,0.006130395160960117,-1.4519432126830054,-0.24315298282806452,-2.6563079349536736,1.497294,0.7026924,445656.5433326894,5696590.587485021,474.3927001953125,-26.711566434053875,-0.048874232568484534,2.6624383301146475,754,frame_000754.png
4000,4000,4000,1308,0.327,966,0.7385321100917431,1308,850,0.6498470948012233,445657.0222196521,5696590.592138372,474.2600774884683,0.4796525454730727,0.012530555948615074,-0.1390008806723131,-28.38375486610267,0.3207440408085321,-1.1178710154251619,-1.5761151889180383,1.529071528021177,-4.328389756928374,1.4854432,0.72701955,850,0.6498470948012233,445657.02221965214,5696590.592138372,474.26007748845103,0.47965254553128034,0.012530555948615074,-0.1390008806895935,-28.38375486605245,0.3207440409566357,-1.1178710146501305,-1.576115188867817,1.5290715281692826,-4.328389756153342,1.4854432,0.72701955,445656.5425671066,5696590.579607816,474.3990783691406,-26.807639677184625,-1.208327487212643,3.210518741503214,755,frame_000755.png
4000,4000,4000,1146,0.2865,853,0.7443280977312391,1146,769,0.6710296684118674,445656.9450161933,5696590.6340713715,474.2490463631483,0.4036739027360454,0.054874579422175884,-0.1495437247423297,-32.838481708873225,-2.4782685751936087,-0.44282189527987337,-0.5052451738390573,-1.110846319770019,-3.118593001907726,1.4769334,0.7150204,769,0.6710296684118674,445656.9450161932,5696590.6340713715,474.2490463631458,0.4036739026196301,0.054874579422175884,-0.1495437247448308,-32.83848170891166,-2.478268575674954,-0.4428218956163271,-0.5052451738774835,-1.110846320251369,-3.1185930022441823,1.4769334,0.71502036,445656.5413422906,5696590.579196792,474.3985900878906,-32.33323653503416,-1.367422255423594,2.6757711066278476,756,frame_000756.png
4000,4000,4000,1132,0.283,870,0.7685512367491166,1132,710,0.627208480565371,445656.851783145,5696590.735210933,474.2314451688501,0.3617356363683939,-0.18278827890753746,-0.1546937471655383,-75.01521164069372,5.303757907666843,-5.222439225996356,-8.16366289947561,0.3494949408834884,-12.998853051333384,1.4802157,0.6991397,710,0.627208480565371,445656.8517831451,5696590.735210931,474.231445168776,0.3617356364848092,-0.1827882807701826,-0.15469374723960527,-75.01521164121648,5.30375791972604,-5.222439228480607,-8.163662899998371,0.34949495294267763,-12.99885305381764,1.4802157,0.6991397,445656.4900475086,5696590.917999212,474.3861389160156,-66.85154874121811,4.95426296678336,7.776413825337024,757,frame_000757.png
4000,4000,4000,1106,0.2765,871,0.7875226039783002,1106,727,0.6573236889692586,445656.87078374776,5696590.7750183,474.2471488174167,0.3407278440427035,-0.26120534632354975,-0.1523567978176743,-95.30658688190073,9.014675192414842,-1.7025063242337795,-1.31276405642447,-0.6347524862738965,-6.32219199676959,1.444302,0.72965616,727,0.6573236889692586,445656.87078374793,5696590.775018301,474.24714881744944,0.3407278442173265,-0.2612053453922272,-0.1523567977849325,-95.30658688193267,9.01467519053018,-1.7025063231386113,-1.312764056456416,-0.63475248815854,-6.322191995674416,1.444302,0.72965616,445656.5300559037,5696591.036223646,474.3995056152344,-93.99382282547626,9.64942767868873,4.619685672535801,758,frame_000758.png
4000,4000,4000,1142,0.2855,666,0.5831873905429071,1142,712,0.6234676007005254,445656.734215773,5696590.567471058,474.2218275627748,0.1571040236740373,-0.5164661975577474,-0.21384138253768015,-105.19234957785432,13.43984156406009,-0.17465847608097476,-1.5666924690007136,0.3825258797679112,-3.114879212145297,1.4805733,0.6971484,712,0.6234676007005254,445656.73421577306,5696590.567471058,474.2218275628072,0.15710402373224497,-0.5164661975577474,-0.2138413825052794,-105.1923495777028,13.43984156205129,-0.17465847610288016,-1.566692468849169,0.3825258777590932,-3.1148792121671818,1.4805733,0.6971484,445656.5771117493,5696591.083937256,474.4356689453125,-103.62565710885362,13.057315684292188,2.9402207360643104,759,frame_000759.png
4000,4000,4000,1149,0.28725,826,0.7188859878154917,1149,703,0.6118363794604004,445656.6642597712,5696590.48480504,474.23876916671986,0.1571576496353373,-0.3990178257226944,-0.22265661453013763,-107.76971046923505,8.717362992140998,1.95962157244022,-1.7111825957380802,-1.432039653289138,0.8261258081401195,1.466411,0.7196238,703,0.6118363794604004,445656.66425977123,5696590.484805041,474.2387691668422,0.15715764969354495,-0.3990178247913718,-0.2226566144078106,-107.76971046875511,8.717362987862197,1.9596215711306497,-1.7111825952581228,-1.432039657567941,0.8261258068305608,1.466411,0.7196238,445656.50710212154,5696590.883822866,474.46142578125,-106.05852787349698,10.149402645430133,1.1334957643000918,760,frame_000760.png
4000,4000,4000,1205,0.30125,833,0.6912863070539419,1205,779,0.6464730290456432,445656.49999849265,5696590.156310211,474.24436887672385,0.08428136887960136,-0.5346820699051023,-0.1993567092136459,-108.7517271865527,4.889126335470051,2.24892702707821,-1.5025692365649945,-0.2751025634732116,1.8065063583597123,1.4114548,0.7021399,779,0.6464730290456432,445656.4999984913,5696590.156310206,474.2443688764727,0.08428136754082516,-0.5346820745617151,-0.19935670946478012,-108.75172718781303,4.889126360706604,2.2489270278089246,-1.5025692378253268,-0.2751025382366379,1.8065063590904344,1.4114548,0.7021399,445656.4157171238,5696590.690992281,474.4437255859375,-107.2491579499877,5.1642288989432545,0.4424206687184939,761,frame_000761.png
4000,4000,4000,1242,0.3105,772,0.6215780998389694,1242,796,0.6409017713365539,445656.3594056243,5696589.8291181335,474.2412924327958,0.029695941309910268,-0.6357595073059201,-0.19678740118860105,-109.21419431754603,6.2484999168517525,1.5724563976176136,-1.5479815583142624,-0.1107457571652617,0.5292127254501509,1.449644,0.68234235,796,0.6409017713365539,445656.35940562456,5696589.829118133,474.24129243277787,0.029695941600948572,-0.6357595082372427,-0.19678740120650673,-109.21419431765118,6.248499917709509,1.572456399549184,-1.5479815584193943,-0.1107457563074945,0.5292127273817187,1.449644,0.68234235,445656.32970968296,5696590.464877641,474.4380798339844,-107.66621275923177,6.359245674017008,1.043243672167454,762,frame_000762.png
4000,4000,4000,1442,0.3605,965,0.6692094313453537,1442,968,0.6712898751733704,445656.23411395756,5696589.429270539,474.23162203933884,-0.00012739410158246756,-0.7872295593842864,-0.219732941129962,-109.06837925771067,5.599926872812228,1.8503658813343256,-1.5193044614142082,-0.22395284700871798,0.9582986727854745,1.4473113,0.71671253,968,0.6712898751733704,445656.23411395756,5696589.429270539,474.2316220393403,-0.00012739410158246756,-0.7872295593842864,-0.21973294112848407,-109.06837925770502,5.599926872727765,1.850365881297619,-1.5193044614085238,-0.2239528470931873,0.9582986727487537,1.4473113,0.71671253,445656.23424135166,5696590.216500099,474.4513549804688,-107.54907479629648,5.823879719820954,0.8920672085488592,763,frame_000763.png
4000,4000,4000,1527,0.38175,973,0.6371971185330714,1527,1066,0.6981008513425017,445656.1371827295,5696589.113482694,474.24708690803914,0.09462197165703401,-0.5524489935487509,-0.1734758361014883,-108.97481348575198,3.4626608644150236,1.1935567071331163,-1.5128287329097816,-0.23577077219002263,-0.28156351159347537,1.3786198,0.68813163,1066,0.6981008513425017,445656.13718272926,5696589.113482694,474.2470869080249,0.09462197142420337,-0.5524489935487509,-0.17347583611569917,-108.97481348580288,3.462660866146855,1.1935567064232868,-1.5128287329607133,-0.23577077045817418,-0.28156351230330756,1.3786198,0.68813163,445656.04256075784,5696589.665931688,474.4205627441406,-107.46198475284218,3.698431636605035,1.4751202187265895,764,frame_000764.png
4000,4000,4000,1359,0.33975,1046,0.7696835908756439,1359,1007,0.7409860191317145,445656.01191393076,5696588.752829158,474.24018886841515,0.0628128832904622,-0.6208676658570766,-0.17918369017860414,-108.49827942728515,2.7891464202811638,1.0186272969550225,-1.4362840280035414,-0.22583449528593746,-0.5214905273953434,1.4247962,0.70469797,1007,0.7409860191317145,445656.0119139305,5696588.752829158,474.24018886838354,0.06281288299942389,-0.6208676658570766,-0.17918369021020908,-108.49827942731478,2.7891464219684488,1.018627295809345,-1.4362840280331852,-0.22583449359865426,-0.5214905285410225,1.4247962,0.70469797,445655.9491010475,5696589.373696824,474.41937255859375,-107.06199539928161,3.0149809155671083,1.5401178243503613,765,frame_000765.png
4000,4000,4000,1567,0.39175,1054,0.6726228462029356,1567,1157,0.7383535417996171,445655.88532256975,5696588.365922001,474.2496959931859,0.02673223288729787,-0.717999360524118,-0.17104985642345127,-108.25169041622279,2.292450492272652,1.1856518505093157,-1.3833870184541297,-0.15515991855153288,-0.05564351540704138,1.4651642,0.6924329,1157,0.7383535417996171,445655.8853225697,5696588.365922,474.24969599314073,0.026732232829090208,-0.7179993614554405,-0.1710498564686418,-108.2516904164098,2.2924504961900216,1.1856518514352639,-1.3833870186411446,-0.15515991463416867,-0.055643514481090506,1.4651642,0.6924329,445655.85859033687,5696589.083921362,474.4207458496094,-106.86830339776866,2.4476104108241916,1.2412953659163553,766,frame_000766.png
4000,4000,4000,1561,0.39025,1044,0.6688020499679692,1561,1147,0.7347853939782191,445655.8011744693,5696587.987461713,474.24147581844306,0.03619027085369453,-0.8051988407969475,-0.16709351749443613,-108.27018499650238,1.6693706530263572,0.676687930376424,-1.433942120920193,-0.12746137922513867,-1.3457557309784534,1.4515064,0.7128358,1147,0.7347853939782191,445655.8011744691,5696587.987461712,474.2414758183849,0.036190270679071546,-0.80519884172827,-0.16709351755258695,-108.27018499674574,1.6693706578791723,0.6766879310944542,-1.4339421211635681,-0.12746137437233074,-1.3457557302604357,1.4515064,0.71283585,445655.76498419844,5696588.792660554,474.4085693359375,-106.83624287558219,1.7968320322514992,2.0224436613548766,767,frame_000767.png
4000,4000,4000,1345,0.33625,998,0.7420074349442379,1345,906,0.6736059479553903,445655.56981949776,5696587.306271352,474.25019102016097,0.050992768665309995,-0.6405091872438788,-0.15715761265153105,-108.24366861388444,2.25981624545723,0.4083365589373233,-1.4272148364532313,-0.0014562198432770401,-1.5572471182561571,1.4097754,0.70349383,906,0.6736059479553903,445655.56981949863,5696587.306271352,474.25019102021486,0.05099276953842491,-0.6405091872438788,-0.1571576125976435,-108.24366861376994,2.259816242377912,0.4083365632862037,-1.4272148363387487,-0.0014562229225987267,-1.5572471139072945,1.4097754,0.70349383,445655.5188267291,5696587.946780539,474.4073486328125,-106.8164537774312,2.261272465300514,1.9655836771934916,768,frame_000768.png
4000,4000,4000,1416,0.354,1033,0.7295197740112994,1416,933,0.6588983050847458,445655.4325955411,5696586.962700344,474.2360538968752,-0.004915923986118287,-0.7101464215666056,-0.17871050742166972,-108.41970629121685,2.0572676317433625,0.5486529036739346,-1.3885779989647062,0.0686293108572329,-1.1438081766740709,1.4087542,0.7138992,933,0.6588983050847458,445655.43259554106,5696586.962700344,474.2360538968776,-0.004915924044325948,-0.7101464215666056,-0.1787105074192823,-108.41970629121111,2.0572676315179246,0.5486529035534417,-1.388577998958965,0.0686293106317919,-1.1438081767945505,1.4087542,0.7138992,445655.4375114651,5696587.672846765,474.4147644042969,-107.03112829225215,1.9886383208861307,1.6924610803480002,769,frame_000769.png
4000,4000,4000,1451,0.36275,1006,0.6933149552033081,1451,933,0.6430048242591316,445655.2542906895,5696586.317203812,474.24063224521757,0.08565990789793432,-0.5806346070021391,-0.18069343837618135,-109.07517781824743,1.395056336930886,1.3133937252552277,-1.437351225406843,-0.0691934343710443,0.0466177351642898,1.4509968,0.7088303,933,0.6430048242591316,445655.2542906895,5696586.317203812,474.2406322452187,0.08565990789793432,-0.5806346070021391,-0.18069343837504448,-109.07517781824481,1.3950563368684363,1.3133937252753176,-1.4373512254042282,-0.0691934344334868,0.046617735184383946,1.4509968,0.7088303,445655.1686307816,5696586.897838419,474.42132568359375,-107.63782659284058,1.4642497713019211,1.2667759900909479,770,frame_000770.png
4000,4000,4000,1495,0.37375,1056,0.7063545150501672,1495,1059,0.7083612040133779,445655.1234247009,5696586.004208598,474.2488238298594,0.0487418562406674,-0.6481954483315349,-0.1857770002187067,-109.03379007427253,2.162012353449968,1.4592184532790855,-1.3859001183923851,0.07281326672543287,0.4079889037035116,1.4707608,0.7234353,1059,0.7083612040133779,445655.1234247009,5696586.004208598,474.2488238298597,0.0487418562406674,-0.6481954483315349,-0.18577700021842247,-109.03379007427138,2.162012353428859,1.4592184532883168,-1.3859001183912483,0.07281326670431554,0.40798890371274865,1.4707608,0.7234353,445655.0746828447,5696586.652404047,474.4346008300781,-107.64788995588015,2.089199086724547,1.0512295495755781,771,frame_000771.png
4000,4000,4000,1534,0.3835,1065,0.6942633637548892,1534,991,0.6460234680573663,445654.942275284,5696585.437149405,474.2412022782688,0.04275242250878364,-0.7361686956137419,-0.18885143266868454,-108.59088300841469,2.3354821785669526,1.8423394248924807,-1.3782723283741802,-0.04636445445891013,1.0032012527642564,1.4808809,0.72643703,991,0.6460234680573663,445654.942275284,5696585.437149405,474.2412022782713,0.04275242250878364,-0.7361686956137419,-0.18885143266618343,-108.59088300840382,2.3354821783980344,1.84233942492054,-1.3782723283633231,-0.04636445462782035,1.0032012527923087,1.4808809,0.72643703,445654.89952286147,5696586.1733181,474.4300537109375,-107.2126106800405,2.381846633025856,0.8391381721282227,772,frame_000772.png
4000,4000,4000,1281,0.32025,883,0.6893052302888368,1281,825,0.6440281030444965,445654.79931576917,5696585.161379249,474.24348128608085,0.08665580570232123,-0.5498230941593647,-0.19871842095045622,-108.68944586916207,2.5072817044859783,2.2706559542467857,-1.4172082754457733,-0.06108463501118422,2.0426017423137637,1.4638112,0.70763415,825,0.6440281030444965,445654.7993157677,5696585.161379243,474.24348128528806,0.08665580424712971,-0.5498230997473001,-0.19871842174325138,-108.6894458711055,2.5072817362613953,2.2706559565684583,-1.4172082773892214,-0.06108460323576992,2.0426017446354194,1.4638112,0.70763415,445654.71265996346,5696585.711202343,474.4421997070313,-107.27223759371628,2.568366339497176,0.22805421193303485,773,frame_000773.png
4000,4000,4000,1210,0.3025,900,0.743801652892562,1210,676,0.5586776859504132,445654.57988548453,5696584.588491718,474.2561652400988,0.030724689771886915,-0.6730390442535281,-0.1451714298230513,-109.28420632993644,-4.616919940255926,1.3608076309910113,-1.427586814831102,-0.1450493613131698,0.2637459349782034,1.5161241,0.7003906,676,0.5586776859504132,445654.5798854847,5696584.58849172,474.25616524016726,0.030724689946509898,-0.673039042390883,-0.14517142975461184,-109.28420632966319,-4.616919950191843,1.360807628518276,-1.4275868145578556,-0.1450493712490868,0.2637459325054863,1.5161241,0.7003906,445654.54916079476,5696585.261530763,474.4013366699219,-107.85661951510534,-4.471870578942761,1.0970616960127937,774,frame_000774.png
4000,4000,4000,1334,0.3335,888,0.6656671664167916,1334,770,0.5772113943028486,445654.4110634557,5696584.312928637,474.2335544005713,0.06811194174224511,-0.5171068590134382,-0.15221830450684593,-109.94490586539443,-1.9297558646009423,3.111583953698104,-1.6350910674597685,1.242335826468377,3.6770391439188757,1.5025833,0.7026672,770,0.5772113943028486,445654.41106345574,5696584.312928637,474.2335544005025,0.06811194180045277,-0.5171068590134382,-0.15221830457562646,-109.94490586538605,-1.9297558617034538,3.111583955154268,-1.635091067451384,1.2423358293658566,3.6770391453750335,1.5025833,0.7026672,445654.34295151394,5696584.830035496,474.3857727050781,-108.30981479793466,-3.172091691069312,-0.565455190220777,775,frame_000775.png
4000,4000,4000,1461,0.36525,967,0.6618754277891855,1461,944,0.6461327857631759,445654.4176598027,5696584.260451031,474.2300575255782,0.10814146534539759,-0.516118130646646,-0.1867210388749072,-109.75634082281364,1.0242417121525396,2.396565214488781,-1.397759087111666,-0.05854831329301646,2.30431049418425,1.540653,0.7058654,944,0.6461327857631759,445654.4176598027,5696584.260451031,474.2300575255784,0.10814146534539759,-0.516118130646646,-0.18672103887473668,-109.75634082281405,1.0242417121482321,2.3965652144698515,-1.3977590871120924,-0.05854831329730814,2.304310494165321,1.540653,0.7058654,445654.30951833737,5696584.776569162,474.4167785644531,-108.35858173570197,1.0827900254455427,0.09225472030451771,776,frame_000776.png
4000,4000,4000,1277,0.31925,877,0.6867658574784652,1277,798,0.624902114330462,445654.4139660443,5696584.192299258,474.23408168484,0.13153440039604902,-0.541629328392446,-0.1738772995349791,-109.62329456873968,-0.21183001096374102,3.1559609304630674,-1.4522223102997032,0.11522715250620763,3.5059807775701017,1.5430425,0.73565024,798,0.624902114330462,445654.4139660444,5696584.192299258,474.2340816848324,0.13153440045425668,-0.541629328392446,-0.17387729954259612,-109.62329456873351,-0.21183001067189067,3.1559609308594627,-1.4522223102935072,0.11522715279807016,3.5059807779664993,1.5430425,0.73565024,445654.2824316439,5696584.733928586,474.407958984375,-108.17107225843999,-0.3270571634699529,-0.350019847107023,777,frame_000777.png
4000,4000,4000,1353,0.33825,956,0.7065779748706578,1353,855,0.6319290465631929,445654.3593608492,5696584.132943517,474.3239468506337,0.10591742233373225,-0.5649931002408266,-0.08553801264758931,-109.68943486920737,1.1111520423537051,1.7854358628544191,-1.6175969565664445,0.6156548288982719,1.1029882749415378,1.5492507,0.734869,855,0.6319290465631929,445654.3593608492,5696584.132943517,474.3239468506267,0.10591742233373225,-0.5649931002408266,-0.08553801265458105,-109.68943486920747,1.1111520425562407,1.7854358630014489,-1.6175969565665582,0.615654829100805,1.1029882750885633,1.5492507,0.734869,445654.25344342686,5696584.697936617,474.4094848632813,-108.07183791264093,0.49549721345544706,0.6824475879128907,778,frame_000778.png
4000,4000,4000,1472,0.368,1064,0.7228260869565217,1472,854,0.5801630434782609,445654.3154119914,5696584.167556744,474.4586372681801,0.09814674337394536,-0.4881812995299697,-0.16178509510120875,-109.41323698071498,1.942225899249673,2.8413646765366702,-1.440670030853596,-0.007380212268287778,3.2495091934000015,1.5895909,0.75803155,854,0.5801630434782609,445654.3154119938,5696584.167556742,474.458637268097,0.09814674581866711,-0.48818130139261484,-0.16178509518431383,-109.4132369806623,1.942225903389747,2.8413646924303113,-1.4406700308009022,-0.007380208128211052,3.249509209293649,1.5895909,0.75803167,445654.217265248,5696584.655738044,474.6204223632813,-107.97256694986139,1.9496061115179688,-0.40814451686333986,779,frame_000779.png
4000,4000,4000,1394,0.3485,1001,0.7180774748923959,1394,865,0.6205164992826399,445654.29619738803,5696584.107490014,474.55819412811206,0.10077763115987182,-0.5345919262617826,-0.15762618438793652,-109.60702323401311,1.0620771527072537,3.8169838553794473,-1.4185746314153675,0.22124825231387035,5.090511088584094,1.5824279,0.7309077,865,0.6205164992826399,445654.29619738687,5696584.1074900115,474.55819412775776,0.1007776299957186,-0.5345919290557504,-0.15762618474224155,-109.60702323492951,1.062077167613895,3.8169838538016467,-1.4185746323317687,0.22124826722048851,5.090511087006291,1.5824279,0.7309077,445654.19541975687,5696584.642081941,474.7158203125,-108.18844860259775,0.8408289003933958,-1.2735272332046328,780,frame_000780.png
4000,4000,4000,1410,0.3525,1031,0.7312056737588652,1410,882,0.625531914893617,445654.2774808056,5696584.122915874,474.609575020135,0.10107151122065261,-0.49884438421577215,-0.16044451111497438,-109.54609218093921,0.5474202403474381,2.887435723930313,-1.360913945336108,0.03079234353145921,3.32405018816155,1.4766262,0.7120807,882,0.625531914893617,445654.2774808056,5696584.122915874,474.60957502012786,0.10107151122065261,-0.49884438421577215,-0.16044451112213665,-109.54609218094944,0.5474202406759133,2.8874357240528115,-1.36091394534634,0.030792343859928906,3.3240501882840476,1.4766262,0.7120807,445654.17640929436,5696584.621760258,474.77001953125,-108.18517823560312,0.5166278968159811,-0.4366144642312371,781,frame_000781.png
4000,4000,4000,1305,0.32625,1024,0.7846743295019157,1305,797,0.610727969348659,445654.2549275694,5696584.082036262,474.6107356813047,0.08571964147267863,-0.5242388565093279,-0.16428873275782507,-109.3934395295461,1.205492443026664,3.1760030822906185,-1.398109381383506,0.22529281548548852,3.828553593057734,1.5393281,0.7367395,797,0.610727969348659,445654.2549275696,5696584.082036262,474.61073568130274,0.08571964164730161,-0.5242388565093279,-0.16428873275975775,-109.3934395294946,1.2054924425428872,3.176003083036514,-1.3981093813320058,0.2252928150017226,3.8285535938036332,1.5393281,0.7367395,445654.16920792795,5696584.606275119,474.7750244140625,-107.9953301481626,0.9801996275411753,-0.6525505107671112,782,frame_000782.png
4000,4000,4000,1329,0.33225,828,0.6230248306997742,1329,757,0.5696012039127163,445654.25757318095,5696584.086183038,474.5871564756444,0.11552093434147537,-0.4956358661875129,-0.19391041888690097,-108.89642899210173,1.3170036147155977,2.7791225526478742,-1.3770815799885554,0.13458627316219918,3.0725902162868692,1.5379976,0.70429415,757,0.5696012039127163,445654.2575731806,5696584.086183038,474.5871564756065,0.1155209339922294,-0.4956358661875129,-0.19391041892481553,-108.89642899223574,1.3170036163972927,2.7791225510805,-1.3770815801225922,0.1345862748438833,3.072590214719469,1.5379976,0.70429415,445654.1420522466,5696584.581818904,474.7810668945313,-107.51934741211316,1.1824173415534118,-0.2934676636389832,783,frame_000783.png
4000,4000,4000,1411,0.35275,991,0.702338766832034,1411,875,0.6201275690999292,445654.26212760527,5696584.042716316,474.5907219266247,0.11924874817486852,-0.5380673399195075,-0.1886970186877761,-109.24518380898728,1.6338800200523562,2.175943185377998,-1.3647404517765267,0.28156448870564077,1.5744704767017481,1.5291303,0.7241747,875,0.6201275690999292,445654.26212760527,5696584.042716316,474.59072192660733,0.11924874817486852,-0.5380673399195075,-0.1886970187051702,-109.24518380900322,1.633880020597724,2.175943185521032,-1.3647404517924429,0.28156448925099653,1.5744704768447662,1.5291303,0.7241747,445654.1428788571,5696584.580783656,474.7794189453125,-107.88044335721077,1.352315531346717,0.6014727086762542,784,frame_000784.png
4000,4000,4000,1346,0.3365,918,0.6820208023774146,1346,925,0.687221396731055,445654.2560625912,5696584.070532451,474.5974569005545,0.08731521584559232,-0.5043647680431604,-0.17610266975799505,-109.19798062800045,1.5146580382501997,2.105346589460648,-1.3193826179515327,0.17743718659465912,1.9028899800648276,1.5020038,0.7170661,925,0.687221396731055,445654.2560625912,5696584.070532451,474.59745690055064,0.08731521584559232,-0.5043647680431604,-0.1761026697618604,-109.19798062800074,1.514658038387901,2.1053465895536028,-1.3193826179518169,0.1774371867323623,1.9028899801577666,1.5020038,0.7170661,445654.16874737537,5696584.574897219,474.7735595703125,-107.87859801004893,1.3372208516555377,0.2024566093958288,785,frame_000785.png
4000,4000,4000,1344,0.336,972,0.7232142857142857,1344,775,0.5766369047619048,445654.3145456043,5696584.037800772,474.59487104322255,0.13600598106859252,-0.5366987511515617,-0.1731343278711961,-109.2891854273428,1.2552206581818761,1.8324969372176263,-1.3613604892436229,0.23838847788431394,1.0068809220448713,1.5036044,0.7179803,775,0.5766369047619048,445654.31454560376,5696584.037800772,474.5948710431788,0.13600598054472357,-0.5366987511515617,-0.17313432791496552,-109.28918542737786,1.2552206594538269,1.8324969345040454,-1.3613604892786952,0.2383884791562707,1.0068809193312802,1.5036044,0.7179803,445654.1785396232,5696584.574499523,474.76800537109375,-107.92782493809918,1.0168321802975693,0.8256160151727645,786,frame_000786.png
4000,4000,4000,1363,0.34075,851,0.6243580337490829,1363,826,0.6060161408657373,445654.3120380376,5696583.9972678,474.5696382525753,0.13151792821008712,-0.5718857180327177,-0.19110393492468347,-109.09200511503921,1.215596244732771,2.053522193659211,-1.2610883744773105,0.4826026681959661,1.4959608170720458,1.5162613,0.7391027,826,0.6060161408657373,445654.31203803717,5696583.997267799,474.5696382523644,0.1315179278026335,-0.5718857189640403,-0.19110393513557256,-109.09200511543159,1.2155962510977423,2.0535221937461503,-1.2610883748697006,0.48260267456092265,1.4959608171589878,1.5162613,0.7391027,445654.18052010937,5696584.569153518,474.7607421875,-107.8309167405619,0.7329935765368164,0.5575613765871734,787,frame_000787.png
4000,4000,4000,1321,0.33025,912,0.6903860711582135,1321,777,0.5881907645722937,445654.29569842346,5696584.113191156,474.6027722175547,0.1069949496886693,-0.4612569883465767,-0.1678576652578272,-108.67002069444749,0.5909386011207665,2.5322427491076622,-1.3233275262587654,-0.07439493988724166,2.7139595110570838,1.4675356,0.6979301,777,0.5881907645722937,445654.29569842346,5696584.113191156,474.6027722175557,0.1069949496886693,-0.4612569883465767,-0.167857665256804,-108.6700206944462,0.5909386010851854,2.5322427490946544,-1.3233275262574864,-0.07439493992282564,2.7139595110440666,1.4675356,0.6979301,445654.1887034738,5696584.574448144,474.7706298828125,-107.34669316818871,0.6653335410080166,-0.1817167619494241,788,frame_000788.png
4000,4000,4000,1426,0.3565,980,0.6872370266479664,1426,872,0.6115007012622721,445654.33994697174,5696584.097927307,474.57213689032136,0.0954152334597893,-0.4790217084810138,-0.17813776788176483,-108.31078498308831,1.3177181527769766,0.8213744600639464,-1.3726807033616808,0.09241912100878835,-0.6048792746520633,1.4961458,0.7289214,872,0.6115007012622721,445654.3399469716,5696584.097927307,474.57213689025826,0.09541523334337398,-0.4790217084810138,-0.17813776794486103,-108.31078498317342,1.3177181550092125,0.8213744603587482,-1.3726807034468038,0.09241912324100099,-0.6048792743572449,1.4961458,0.7289214,445654.2445317383,5696584.576949015,474.7502746582031,-106.93810427972663,1.2252990317682007,1.426253734715997,789,frame_000789.png
4000,4000,4000,1316,0.329,867,0.6588145896656535,1316,857,0.6512158054711246,445654.43109899195,5696584.096260933,474.5801929350984,0.16236154991202056,-0.47819203417748213,-0.16825066841721537,-108.42570867137172,1.054070402975334,0.44848831136547623,-1.3683856526006082,-0.03866536356409256,-1.6703473096131916,1.5176142,0.73138523,857,0.6512158054711246,445654.4310989919,5696584.096260932,474.5801929350747,0.1623615498538129,-0.4781920351088047,-0.16825066844091907,-108.42570867141805,1.0540704040745483,0.4484883115907088,-1.3683856526469356,-0.038665362464882946,-1.6703473093879495,1.5176142,0.73138523,445654.26873744203,5696584.574452967,474.7484436035156,-107.05732301877111,1.0927357665394222,2.118835620978657,790,frame_000790.png
4000,4000,4000,1478,0.3695,927,0.6271989174560216,1478,883,0.5974289580514208,445654.4198765819,5696584.080824925,474.5917866068304,0.1276227766647935,-0.4949782667681575,-0.15693165488841032,-108.60471285897427,1.6726525788312157,-0.13199996840852452,-1.4414194720986586,0.06185857825519747,-2.6562252826614383,1.4993906,0.7110383,883,0.5974289580514208,445654.4198765819,5696584.080824925,474.5917866068366,0.1276227766647935,-0.4949782667681575,-0.1569316548822144,-108.60471285897056,1.6726525785907564,-0.1319999685596667,-1.4414194720949354,0.06185857801474981,-2.6562252828125565,1.4993906,0.7110383,445654.2922538052,5696584.575803191,474.7487182617188,-107.16329338687561,1.610794000576015,2.5242253142529028,791,frame_000791.png
4000,4000,4000,1364,0.341,867,0.6356304985337243,1364,864,0.6334310850439883,445654.39470542216,5696584.091456726,474.5735980953086,0.06661329430062324,-0.47492270451039076,-0.1780193363319995,-108.72833014671511,1.5110065164204456,-0.6932400397356593,-1.43138180550892,0.11860572840461714,-3.4480868076578304,1.5320508,0.7329115,864,0.6334310850439883,445654.3947054222,5696584.091456726,474.57359809528646,0.0666132943588309,-0.47492270451039076,-0.17801933635416844,-108.72833014673616,1.511006517907209,-0.6932400391915097,-1.4313818055299805,0.11860572989138518,-3.4480868071136968,1.5320508,0.7329115,445654.32809212786,5696584.566379431,474.7516174316406,-107.29694834120617,1.3924007880158222,2.7548467679221775,792,frame_000792.png
4000,4000,4000,1331,0.33275,952,0.7152516904583021,1331,804,0.6040570999248686,445654.4697268555,5696583.994988987,474.5690940275229,0.10920796915888786,-0.5666863499209285,-0.17962423419589868,-109.37277987208114,1.5275362278079447,-0.37238979665849,-1.4106882972860717,0.5282621962981011,-3.2344910252874683,1.5295155,0.73722225,804,0.6040570999248686,445654.4697268555,5696583.994988987,474.5690940275125,0.10920796915888786,-0.5666863499209285,-0.17962423420630103,-109.37277987208302,1.5275362281402394,-0.3723897964821617,-1.4106882972879475,0.5282621966303793,-3.23449102511114,1.5295155,0.73722225,445654.36051888636,5696584.561675337,474.7487182617188,-107.96209157479508,0.9992740315098473,2.862101228628986,793,frame_000793.png
4000,4000,4000,1379,0.34475,828,0.6004350978970269,1379,837,0.6069615663524293,445654.4504435905,5696584.081582575,474.5847154513903,0.08009105047676712,-0.4809589609503746,-0.16601697048469077,-109.76454100416652,0.9584596034285189,-0.33041639957088265,-1.4243640851612156,0.10675970810214608,-2.896156196985629,1.559105,0.70665956,837,0.6069615663524293,445654.45044359047,5696584.081582575,474.5847154513917,0.08009105041855946,-0.4809589609503746,-0.16601697048332653,-109.7645410041656,0.9584596033552131,-0.3304163996262242,-1.4243640851602777,0.10675970802884649,-2.8961561970409946,1.559105,0.70665956,445654.37035254005,5696584.562541536,474.750732421875,-108.3401769190053,0.8516998953263688,2.565739797414757,794,frame_000794.png
4000,4000,4000,1453,0.36325,968,0.666207845836201,1453,890,0.6125258086717137,445654.51088831417,5696584.052450409,474.5930854071839,0.13152192172128707,-0.5185511782765388,-0.16597831351924697,-109.98709269789258,1.4143834157401545,0.07566647118755784,-1.420863257240228,0.278323265601756,-2.397549518723366,1.5037279,0.7196219,890,0.6125258086717137,445654.51088831417,5696584.052450409,474.59308540718234,0.13152192172128707,-0.5185511782765388,-0.16597831352078174,-109.9870926978941,1.4143834157925024,0.07566647122240724,-1.4208632572417628,0.2783232656541088,-2.397549518688521,1.5037279,0.7196219,445654.37936639244,5696584.571001587,474.7590637207031,-108.56622944065234,1.136060150138389,2.4732159899109365,795,frame_000795.png
4000,4000,4000,1340,0.335,1049,0.7828358208955224,1340,763,0.5694029850746268,445654.4628731968,5696584.0462334035,474.6051216253514,0.08331273845396936,-0.528006860986352,-0.15818403871111286,-110.18650834770423,1.5791133074260737,-0.46271874976164534,-1.42468153460959,0.3189362157987716,-3.2549128195611843,1.5069108,0.74022806,763,0.5694029850746268,445654.4628731968,5696584.0462334035,474.605121625351,0.08331273845396936,-0.528006860986352,-0.15818403871151077,-110.18650834770462,1.5791133074344894,-0.4627187497488477,-1.4246815346099595,0.31893621580718445,-3.2549128195483945,1.5069108,0.74022806,445654.37956045836,5696584.5742402645,474.7633056640625,-108.76182681309466,1.2601770916273027,2.7921940697995438,796,frame_000796.png
4000,4000,4000,1302,0.3255,807,0.619815668202765,1302,824,0.6328725038402457,445654.48272491916,5696584.072992301,474.60575992811425,0.10603850259212777,-0.5079280212521553,-0.15684383165137206,-110.15962216639191,1.0159956934658412,0.8329653064314637,-1.3885563204182176,0.1397241666124387,-0.771343522936661,1.4644591,0.7220832,824,0.6328725038402457,445654.48272491904,5696584.072992301,474.60575992810584,0.10603850247571245,-0.5079280212521553,-0.15684383165978488,-110.15962216646082,1.0159956941520696,0.832965305723944,-1.3885563204871119,0.13972416729868087,-0.7713435236441626,1.4644591,0.7220832,445654.37668641657,5696584.580920322,474.7626037597656,-108.7710658459737,0.8762715268533922,1.6043088293681202,797,frame_000797.png
4000,4000,4000,1402,0.3505,940,0.6704707560627675,1402,910,0.6490727532097005,445654.43281883036,5696584.098625331,474.5950497440103,0.0630845109699294,-0.489948526956141,-0.1752139278647178,-110.31734662494178,1.068088549524573,0.29670485967582416,-1.3826061670041838,0.13301073065713354,-1.5946273697591948,1.5502139,0.7228753,910,0.6490727532097005,445654.4328188304,5696584.098625331,474.595049744003,0.06308451102813706,-0.489948526956141,-0.17521392787199375,-110.31734662494684,1.0680885500879922,0.2967048601848448,-1.3826061670092429,0.13301073122053708,-1.594627369250162,1.5502139,0.7228753,445654.3697343194,5696584.588573858,474.770263671875,-108.9347404579376,0.9350778188674411,1.8913322294350192,798,frame_000798.png
4000,4000,4000,1255,0.31375,944,0.7521912350597609,1255,741,0.5904382470119522,445654.5055644242,5696584.085680367,474.5903258983819,0.1397483284235932,-0.5159751074388623,-0.17273562505562268,-110.03142154875756,1.6727986815065872,0.7726312807327527,-1.3502345259619517,0.126658873112234,-1.1589444995504437,1.4873673,0.6887409,741,0.5904382470119522,445654.5055644242,5696584.085680367,474.5903258983822,0.1397483284235932,-0.5159751074388623,-0.17273562505528162,-110.03142154875698,1.6727986814980649,0.7726312807280337,-1.3502345259613548,0.1266588731037075,-1.1589444995551617,1.4873673,0.6887409,445654.3658160958,5696584.601655475,474.7630615234375,-108.68118702279561,1.546139808394346,1.9315757802831997,799,frame_000799.png
4000,4000,4000,1294,0.3235,843,0.651468315301391,1294,802,0.6197836166924265,445654.45385315194,5696584.12479419,474.5928710023626,0.09373781614704058,-0.48302315454930067,-0.17049569685622146,-109.96229446566886,1.3956408377270075,0.7943662543835674,-1.3560620757005495,0.004828519142250798,-0.8071172660023649,1.5582505,0.7230849,802,0.6197836166924265,445654.45385315205,5696584.12479419,474.59287100237725,0.0937378162634559,-0.48302315454930067,-0.17049569684155585,-109.96229446559067,1.3956408367193107,0.7943662546664203,-1.3560620756223898,0.00482851813455909,-0.807117265719512,1.5582505,0.7230849,445654.3601153358,5696584.607817344,474.7633666992188,-108.6062323899683,1.3908123185847494,1.6014835203859237,800,frame_000800.png
4000,4000,4000,1314,0.3285,975,0.7420091324200914,1314,787,0.5989345509893456,445654.44536943437,5696584.124458048,474.5890257080418,0.09355028159916401,-0.49172510765492916,-0.18218400875508678,-110.07982212565943,1.4698605044956066,0.4450456427557318,-1.3908497950585286,0.1609498078450997,-1.5234770104595157,1.4998511,0.7228232,787,0.5989345509893456,445654.44536943437,5696584.124458048,474.5890257080392,0.09355028159916401,-0.49172510765492916,-0.18218400875770158,-110.0798221256661,1.4698605046822757,0.4450456428415201,-1.3908497950652077,0.1609498080317735,-1.5234770103737105,1.4998511,0.7228232,445654.35181915277,5696584.616183155,474.7712097167969,-108.6889723306009,1.308910696650515,1.9685226532152411,801,frame_000801.png
4000,4000,4000,1444,0.361,1083,0.75,1444,860,0.5955678670360111,445654.49111440085,5696584.087080556,474.5819539187579,0.14016369375167415,-0.5402988875284791,-0.18834027069522108,-110.00059018683295,1.775263260808949,1.022288961597379,-1.34765598172649,0.23102868179464053,-0.6959863717596875,1.5097417,0.7203665,860,0.5955678670360111,445654.49111440085,5696584.087080556,474.5819539187562,0.14016369375167415,-0.5402988875284791,-0.18834027069692638,-110.0005901868354,1.7752632608575274,1.022288961627001,-1.3476559817289342,0.23102868184321323,-0.695986371730072,1.5097417,0.7203665,445654.3509507071,5696584.6273794435,474.7702941894531,-108.65293420510646,1.5442345790143135,1.718275333357063,802,frame_000802.png
4000,4000,4000,1353,0.33825,844,0.6237989652623799,1353,876,0.647450110864745,445654.4626607653,5696584.085085048,474.5905743932059,0.11413402133621275,-0.5448754727840424,-0.181825509137866,-110.0024573063335,1.6202023821312876,1.0835597814039348,-1.353602837581434,0.3310364276977964,-0.4613088509782983,1.5369837,0.7271152,876,0.647450110864745,445654.4626607653,5696584.085085048,474.5905743932076,0.11413402133621275,-0.5448754727840424,-0.1818255091361607,-110.00245730633004,1.6202023820762808,1.083559781428359,-1.3536028375779665,0.3310364276428004,-0.4613088509538841,1.5369837,0.7271152,445654.34852674394,5696584.629960521,474.77239990234375,-108.64885446875208,1.2891659544334906,1.5448686323822411,803,frame_000803.png
4000,4000,4000,1297,0.32425,931,0.71781033153431,1297,819,0.6314572089437163,445654.460497613,5696584.088459394,474.59120429378294,0.11728354060323909,-0.5447662994265556,-0.18098198551393807,-109.90961371369157,1.6221207707406369,1.015586501264199,-1.352344539515343,0.33685661092994224,-0.644641990959741,1.5158832,0.6977682,819,0.6314572089437163,445654.46049761306,5696584.088459393,474.59120429374394,0.11728354066144675,-0.5447663003578782,-0.18098198555293266,-109.90961371369521,1.6221207717000927,1.0155865018794736,-1.352344539518981,0.3368566118894023,-0.6446419903444678,1.5158832,0.6977682,445654.3432140724,5696584.633225693,474.7721862792969,-108.55726917417623,1.2852641598106946,1.660228492223944,804,frame_000804.png
4000,4000,4000,1412,0.353,884,0.6260623229461756,1412,865,0.6126062322946175,445654.4456869816,5696584.137939154,474.60666428587655,0.10463052615523338,-0.5024293744936585,-0.16573561646720236,-109.80320711443953,1.4149867555766928,1.0440098013960644,-1.3809524679248284,0.08943568157576465,-0.5420937634561369,1.4739383,0.70457655,865,0.6126062322946175,445654.4456869816,5696584.137939154,474.6066642858763,0.10463052615523338,-0.5024293744936585,-0.16573561646742974,-109.80320711444011,1.4149867555908098,1.044009801396472,-1.3809524679253968,0.08943568158989024,-0.5420937634557106,1.4739383,0.70457655,445654.34105645545,5696584.640368529,474.77239990234375,-108.42225464651472,1.3255510740009282,1.5861035648521888,805,frame_000805.png
4000,4000,4000,1194,0.2985,854,0.7152428810720268,1194,746,0.6247906197654941,445654.4418107766,5696584.130756514,474.60105447397626,0.1188717880868353,-0.5165396817028522,-0.17683859243004463,-109.64686489560624,1.6639728553598623,1.9323300637742187,-1.3483816985003614,0.19988248488357385,1.2607993309748622,1.5274664,0.7248428,746,0.6247906197654941,445654.44181077654,5696584.130756514,474.6010544739713,0.11887178802862763,-0.5165396817028522,-0.17683859243499,-109.6468648956252,1.663972855648154,1.9323300635005256,-1.348381698519347,0.19988248517185525,1.2607993307011611,1.5274664,0.7248428,445654.3229389885,5696584.647296196,474.7778930664063,-108.29848319710587,1.464090370476299,0.6715307327993537,806,frame_000806.png
4000,4000,4000,1496,0.374,1008,0.6737967914438503,1496,913,0.6102941176470589,445654.4405735514,5696584.195094427,474.6079331944956,0.11989232391351834,-0.45776850543916225,-0.17380508675438477,-109.66423590893659,0.9827930541060625,1.5497156143344335,-1.3212003461871973,-0.14670212407887107,0.564326907076719,1.5090094,0.7378513,913,0.6102941176470589,445654.4405735514,5696584.195094427,474.6079331944927,0.11989232391351834,-0.45776850543916225,-0.1738050867572838,-109.66423590894463,0.9827930542327743,1.5497156142658255,-1.3212003461952406,-0.14670212395213866,0.564326907008109,1.5090094,0.7378513,445654.3206812275,5696584.6528629325,474.78173828125,-108.34303556274939,1.129495178184921,0.9853887072577224,807,frame_000807.png
4000,4000,4000,1428,0.357,980,0.6862745098039216,1428,918,0.6428571428571429,445654.40950005257,5696584.171607818,474.60364055521234,0.09079970780294389,-0.4896903317421675,-0.16955280416266305,-109.59788689946264,1.6706641687295474,1.5838605038432336,-1.365924922714953,0.12176931222177245,0.6241324389710314,1.5358456,0.7354649,918,0.6428571428571429,445654.4095000526,5696584.1716078175,474.60364055520796,0.09079970786115155,-0.48969033267349005,-0.16955280416704,-109.59788689946645,1.6706641689341921,1.583860504020972,-1.3659249227187615,0.12176931242640876,0.6241324391487524,1.5358456,0.7354649,445654.31870034477,5696584.66129815,474.773193359375,-108.23196197674767,1.5488948565077811,0.9597280648722161,808,frame_000808.png
4000,4000,4000,1337,0.33425,933,0.6978309648466716,1337,770,0.5759162303664922,445654.40775068174,5696584.152029141,474.6098429602541,0.10509801167063415,-0.515281280502677,-0.18007403193337268,-109.51827299862968,-2.0125305194106313,1.7455998286180745,-1.3126907081940544,0.25067989567986615,0.9375029249687259,1.5289268,0.7241615,770,0.5759162303664922,445654.40775068157,5696584.152029141,474.60984296021616,0.10509801149601117,-0.515281280502677,-0.18007403197134408,-109.51827299875545,-2.012530517493822,1.7455998284522678,-1.312690708319792,0.25067989759665465,0.9375029248029136,1.5289268,0.7241615,445654.30265267007,5696584.667310421,474.7899169921875,-108.20558229043564,-2.2632104150904895,0.8080969036493593,809,frame_000809.png
4000,4000,4000,1003,0.25075,660,0.6580259222333001,1003,580,0.5782652043868395,445654.43773073156,5696584.155763713,474.6148085305395,0.136573402909562,-0.5193759929388762,-0.14529278781986932,-109.54882496607938,-6.629335300194892,1.4371426113190011,-1.2439202838606889,0.20233186139026316,0.2618039301115971,1.5196211,0.7362589,580,0.5782652043868395,445654.4377307313,5696584.155763713,474.61480853054593,0.13657340267673135,-0.5193759929388762,-0.145292787813446,-109.54882496625285,-6.629335299554668,1.437142610369825,-1.243920284034175,0.20233186203049058,0.26180392916239725,1.5196211,0.7362589,445654.30115732865,5696584.675139706,474.7601013183594,-108.30490468221868,-6.831667161585147,1.1753386812074154,810,frame_000810.png
4000,4000,4000,1133,0.28325,809,0.7140335392762577,1133,650,0.5736981465136805,445654.43418440036,5696584.325347603,474.6128500243616,0.12521204457152635,-0.38416916877031326,-0.12765900884153325,-109.49690577782555,-5.718324773472338,1.2284367296324128,-1.3040167960795657,-0.7068166779276908,0.21885354186281347,1.5122595,0.739167,650,0.5736981465136805,445654.4341844004,5696584.325347603,474.6128500243597,0.125212044629734,-0.38416916877031326,-0.12765900884340908,-109.49690577776354,-5.718324773918499,1.2284367300203596,-1.3040167960175495,-0.7068166783738548,0.21885354225074138,1.5122595,0.739167,445654.3089723558,5696584.709516772,474.7405090332031,-108.192888981746,-5.011508095544643,1.0095831877696078,811,frame_000811.png
4000,4000,4000,1383,0.34575,857,0.6196673897324656,1383,863,0.6240057845263919,445654.5823298411,5696584.699831137,474.5993665732314,0.16043877543415874,-0.38604500610381365,-0.13806018458109293,-109.5708752783399,-1.9346928124017988,1.6368370566593438,-1.4130356663474117,-1.688370944575638,0.6706872671182396,1.5304893,0.7163503,863,0.6240057845263919,445654.58232984034,5696584.699831137,474.59936657326546,0.16043877467745915,-0.38604500610381365,-0.13806018454704372,-109.5708752787354,-1.9346928110732784,1.636837052598149,-1.4130356667429282,-1.6883709432471221,0.6706872630570331,1.5304893,0.7163503,445654.42189106566,5696585.085876144,474.7374267578125,-108.15783961199247,-0.2463218678261497,0.9661497895411075,812,frame_000812.png
4000,4000,4000,1061,0.26525,696,0.6559849198868991,1061,658,0.6201696512723845,445654.678752683,5696584.958035658,474.5864354052243,0.19864616094855592,-0.3094762098044157,-0.19637099126009616,-109.43615001872182,11.510751634723643,2.536061144594718,-1.3614768261324457,0.8659185733638992,2.2000763637734906,1.5145009,0.7378311,658,0.6201696512723845,445654.67875268246,5696584.958035656,474.5864354048062,0.19864616042468697,-0.30947621166706085,-0.1963709916781795,-109.43615001860479,11.510751645351563,2.53606114493312,-1.361476826015405,0.8659185839917996,2.200076364111908,1.5145009,0.7378311,445654.48010652204,5696585.267511868,474.7828063964844,-108.07467319258937,10.64483306135975,0.3359847808212208,813,frame_000813.png
4000,4000,4000,1225,0.30625,818,0.6677551020408163,1225,788,0.643265306122449,445654.74848906975,5696585.230622298,474.5943572731488,0.1367017664015293,-0.41780863516032696,-0.1793548850543516,-109.75351059965774,4.341407809230808,1.5177525502664735,-1.3106840242221551,0.10151432626071255,0.5225772643076709,1.4868515,0.6995879,788,0.643265306122449,445654.748489069,5696585.230622297,474.5943572728414,0.13670176564482972,-0.41780863609164953,-0.17935488536170396,-109.75351060009265,4.341407819121841,1.5177525494188842,-1.3106840246570641,0.10151433615175165,0.5225772634600787,1.4868515,0.6995879,445654.61178730335,5696585.648430933,474.7737121582031,-108.44282657543557,4.239893482970096,0.9951752859587969,814,frame_000814.png
4000,4000,4000,1521,0.38025,1093,0.7186061801446417,1521,949,0.6239316239316239,445654.696827702,5696585.272127064,474.59973684748803,0.08763017016462982,-0.4453525599092245,-0.1813605646213432,-109.75448948469042,1.255940421659593,1.9669711575648332,-1.3167027762251564,-0.26555689502637847,1.61896008507793,1.510135,0.7467411,949,0.6239316239316239,445654.69682770205,5696585.272127064,474.59973684748877,0.08763017022283748,-0.4453525599092245,-0.18136056462060424,-109.75448948469533,1.2559404217867076,1.9669711579151363,-1.3167027762300734,-0.2655568948992766,1.6189600854282276,1.510135,0.7467411,445654.6091975318,5696585.717479624,474.7810974121094,-108.43778670846525,1.5214973166859793,0.34801107248690255,815,frame_000815.png
4000,4000,4000,1426,0.3565,1106,0.7755960729312763,1426,901,0.6318373071528752,445654.7112563458,5696585.30776907,474.6047780185587,0.10772588773397729,-0.42344414349645376,-0.1685984462850456,-109.60647056174417,1.143115679541847,2.275032819654307,-1.341837985038353,-0.4103969625228956,2.1696457894206276,1.4639454,0.6944401,901,0.6318373071528752,445654.71125634585,5696585.30776907,474.604778018575,0.10772588779218495,-0.42344414349645376,-0.16859844626873155,-109.6064705617082,1.1431156787885184,2.2750328198985907,-1.3418379850023712,-0.410396963276213,2.169645789664912,1.4639454,0.6944401,445654.60353045806,5696585.731213214,474.77337646484375,-108.26463257670582,1.55351264206473,0.1053870302336843,816,frame_000816.png
4000,4000,4000,1314,0.3285,1000,0.76103500761035,1314,799,0.6080669710806698,445654.74975380825,5696585.304274963,474.5924622254776,0.1527597772073932,-0.4431185061112046,-0.18317254014738182,-109.36971832641972,1.5623632848784375,2.859268553924512,-1.3922391261533278,-0.37196800154356424,2.993502843487704,1.4828444,0.7042721,799,0.6080669710806698,445654.74975380814,5696585.304274963,474.59246222544533,0.15275977709097788,-0.4431185061112046,-0.18317254017966889,-109.36971832650488,1.5623632874894544,2.8592685539252822,-1.3922391262385077,-0.37196799893254706,2.9935028434885,1.4828444,0.7042721,445654.59699403105,5696585.747393469,474.775634765625,-107.97747920026639,1.9343312864220008,-0.13423428956320568,817,frame_000817.png
4000,4000,4000,1522,0.3805,1034,0.6793692509855453,1522,999,0.6563731931668857,445654.6995513933,5696585.282334609,474.59967332003026,0.10976980917621404,-0.47646700125187635,-0.17928786161036214,-109.33492430900631,2.275373061381012,2.6185011430489755,-1.3390718312320473,-0.040851311632877696,2.6911331981132776,1.4016148,0.6977881,999,0.6563731931668857,445654.6995513932,5696585.282334609,474.5996733200334,0.10976980911800638,-0.47646700125187635,-0.17928786160723575,-109.33492430901828,2.275373061153644,2.6185011425027294,-1.3390718312440413,-0.04085131186022295,2.6911331975670407,1.4016148,0.6977881,445654.5897815841,5696585.75880161,474.7789611816406,-107.99585247777425,2.31622437301388,-0.07263205506430821,818,frame_000818.png
4000,4000,4000,1367,0.34175,1037,0.7585954645208486,1367,860,0.6291148500365764,445654.6657644789,5696585.26942408,474.6011194117919,0.07780490757431835,-0.5103121316060424,-0.18489133039560102,-109.4657548781216,2.317472839896823,2.2086014956869042,-1.4293194542583478,0.16362242885287515,2.0400006826313017,1.431212,0.68201417,860,0.6291148500365764,445654.6657644791,5696585.26942408,474.6011194117797,0.07780490774894133,-0.5103121316060424,-0.18489133040782235,-109.46575487813111,2.317472840096129,2.208601496594998,-1.429319454267869,0.16362242905216817,2.040000683539404,1.431212,0.68201417,445654.58795957133,5696585.7797362115,474.7860107421875,-108.03643542386324,2.153850411043958,0.16860081305560792,819,frame_000819.png
4000,4000,4000,1502,0.3755,1037,0.6904127829560586,1502,979,0.651797603195739,445654.67675350135,5696585.277076907,474.59247052577416,0.08483442640863359,-0.5084893982857466,-0.1919227847727143,-109.3298390877905,2.089715763195298,1.789077974015422,-1.3406465566560257,0.09105068304106112,1.3180055844441938,1.5066628,0.74126077,979,0.651797603195739,445654.6767535014,5696585.277076907,474.59247052576734,0.08483442646684125,-0.5084893982857466,-0.1919227847795355,-109.32983908780018,2.0897157636043278,1.7890779743255272,-1.3406465566657175,0.09105068345007794,1.318005584754303,1.5066628,0.74126077,445654.59191907494,5696585.785566306,474.7843933105469,-107.98919253113448,1.9986650801542363,0.47107238957122066,820,frame_000820.png
4000,4000,4000,1401,0.35025,994,0.7094932191291934,1401,902,0.6438258386866524,445654.73151115695,5696585.313520389,474.608530623802,0.13321831892244518,-0.4706427585333586,-0.17580165158864247,-109.37946191530882,1.478102344741592,1.8129947618438957,-1.4163647195878184,-0.15836494181846206,1.064628129510936,1.467033,0.6899206,902,0.6438258386866524,445654.73151115817,5696585.313520384,474.6085306235155,0.13321832014480606,-0.47064276318997145,-0.1758016518751333,-109.37946191621243,1.4781023691040938,1.812994777697113,-1.4163647204914582,-0.15836491745594117,1.0646281453641677,1.467033,0.6899206,445654.598292838,5696585.784163147,474.7843322753906,-107.96309719572099,1.6364672865600487,0.7483666323329482,821,frame_000821.png
4000,4000,4000,1197,0.29925,830,0.6934001670843776,1197,783,0.6541353383458647,445654.78645757254,5696585.355607533,474.62866729439924,0.1806067058350891,-0.42574379220604897,-0.15554291067888926,-109.52368804896386,1.4463600176285485,1.328022451626511,-1.4400580820331754,-0.4464788878065633,-0.028651695211920014,1.4587802,0.7311592,783,0.6541353383458647,445654.78645757254,5696585.355607533,474.62866729439924,0.1806067058350891,-0.42574379220604897,-0.15554291067888926,-109.52368804896321,1.4463600176314664,1.3280224516449484,-1.4400580820325217,-0.44647888780363587,-0.028651695193474325,1.4587802,0.7311592,445654.6058508667,5696585.781351325,474.7842102050781,-108.08362996693069,1.8928389054351122,1.3566741468384287,822,frame_000822.png
4000,4000,4000,1346,0.3365,905,0.6723625557206538,1346,880,0.6537890044576523,445654.7869793435,5696585.293539648,474.6088424680458,0.15736923948861659,-0.46915216371417046,-0.17017974875108166,-109.62815588682746,1.2668361831205972,1.4654445102370288,-1.4902915784917923,-0.2149481258660444,0.1853817814345291,1.4964311,0.70222956,880,0.6537890044576523,445654.7869793435,5696585.293539648,474.6088424680464,0.15736923948861659,-0.46915216371417046,-0.17017974875045638,-109.62815588682408,1.2668361830762749,1.4654445102405182,-1.4902915784884385,-0.21494812591035384,0.18538178143802497,1.4964311,0.70222956,445654.629610104,5696585.762691812,474.7790222167969,-108.13786430833565,1.4817843089866303,1.28006272880249,823,frame_000823.png
4000,4000,4000,1398,0.3495,1058,0.7567954220314735,1398,902,0.6452074391988555,445654.73950131086,5696585.248968833,474.61173937419306,0.10608119948301464,-0.5062412805855274,-0.16362073322881088,-109.55123443550555,1.6781642332437248,1.0821931975172987,-1.472473446067113,-0.009211405179684107,-0.21698420745374847,1.5046734,0.71365637,902,0.6452074391988555,445654.73950130853,5696585.248968806,474.6117393727234,0.1060811971547082,-0.5062413075938821,-0.16362073469849747,-109.55123444022378,1.678164377950534,1.0821932355149726,-1.472473450785344,-0.009211260472881122,-0.216984169456083,1.5046735,0.7136563,445654.6334201114,5696585.755210114,474.7753601074219,-108.07876098943842,1.6873756384234189,1.2991774049710576,824,frame_000824.png
4000,4000,4000,1488,0.372,894,0.6008064516129032,1488,954,0.6411290322580645,445654.7703379391,5696585.248497273,474.6157288025547,0.12864925316534936,-0.48644468653947115,-0.16533809197659366,-109.64688452694386,2.010529578881405,1.0331081854347068,-1.4194968487600477,-0.0321818860251426,-0.4822095773511137,1.4973366,0.6840048,954,0.6411290322580645,445654.77033793565,5696585.248497251,474.6157288007487,0.12864924973109737,-0.48644470795989037,-0.16533809378262276,-109.64688453215892,2.0105296990845725,1.0331082080036469,-1.4194968539750903,-0.032181765821974295,-0.4822095547821732,1.4973366,0.68400484,445654.6416886859,5696585.734941959,474.7810668945313,-108.22738767818382,2.0427114649065445,1.5153177627858165,825,frame_000825.png
4000,4000,4000,1458,0.3645,1011,0.6934156378600823,1458,951,0.6522633744855967,445654.78276846185,5696585.229787822,474.62318903097594,0.14154076616978273,-0.48838470224291086,-0.16175359597718852,-109.28210794842508,1.6217479507138104,1.5487756968551674,-1.3217831181195834,-0.07107969906783751,0.4387285212449399,1.4780143,0.70878905,951,0.6522633744855967,445654.7827684621,5696585.229787822,474.62318903098037,0.14154076640261337,-0.48838470224291086,-0.16175359597275474,-109.28210794838196,1.621747950213804,1.5487756981096121,-1.3217831180764676,-0.07107969956783222,0.4387285224993889,1.4780143,0.70878905,445654.6412276957,5696585.718172524,474.7849426269531,-107.9603248303055,1.692827649781635,1.1100471756102352,826,frame_000826.png
4000,4000,4000,1388,0.347,1069,0.7701729106628242,1388,920,0.6628242074927954,445654.71045482473,5696585.222534101,474.6157430304612,0.07852646225364879,-0.46323220804333687,-0.1720072136794215,-109.31217409424225,1.6143375372984132,0.594748565430026,-1.3358968481725242,-0.06662607056736647,-1.1808816545050718,1.5198175,0.69764274,920,0.6628242074927954,445654.710454822,5696585.222534095,474.61574302990056,0.07852645951788872,-0.4632322145625949,-0.17200721424006815,-109.31217409552202,1.6143375760396153,0.5947485627659469,-1.335896849452297,-0.06662603182616067,-1.1808816571691523,1.5198175,0.6976426,445654.6319283625,5696585.6857663095,474.7877502441406,-107.97627724606971,1.680963607865785,1.7756302199350915,827,frame_000827.png
4000,4000,4000,1337,0.33425,1059,0.7920718025430067,1337,791,0.5916230366492147,445654.7263772314,5696585.169092452,474.6130696034124,0.10218789713690057,-0.5097740115597844,-0.17657273057199063,-109.31988476173686,1.3654746182827175,1.5150094750591656,-1.3731917722913636,0.15792824187559518,0.6004547598451211,1.4657651,0.71232766,791,0.5916230366492147,445654.7263772314,5696585.169092452,474.6130696034136,0.10218789713690057,-0.5097740115597844,-0.17657273057079692,-109.31988476173414,1.365474618220999,1.5150094750361194,-1.373191772288635,0.15792824181389165,0.6004547598220711,1.4657651,0.71232766,445654.6241893343,5696585.678866464,474.7896423339844,-107.9466929894455,1.2075463764071188,0.9145547152140358,828,frame_000828.png
4000,4000,4000,1460,0.365,1107,0.7582191780821917,1460,926,0.6342465753424658,445654.6675583594,5696585.1868445445,474.63056581162664,0.06781317130662501,-0.4643129464238882,-0.1602056727483614,-109.63123562563446,0.8018712078833902,1.252765570895202,-1.3908731575837692,-0.07222024151553796,0.2945688063676357,1.5200733,0.7195621,926,0.6342465753424658,445654.66755835694,5696585.186844538,474.63056581109595,0.06781316886190325,-0.46431295294314623,-0.16020567327905155,-109.63123562691257,0.8018712454839005,1.2527655697563695,-1.3908731588618934,-0.07222020391503747,0.29456880522880624,1.5200733,0.7195621,445654.5997451881,5696585.651157491,474.790771484375,-108.24036246805069,0.8740914493989278,0.9581967645275641,829,frame_000829.png
4000,4000,4000,1370,0.3425,1029,0.7510948905109489,1370,801,0.5846715328467154,445654.72132375144,5696585.176123571,474.64500081093763,0.15341031580464914,-0.4781052889302373,-0.16865885703117556,-109.52042111120117,1.6558296048951893,2.233165863190186,-1.326759464205054,-0.01204790899572572,1.6700964918058787,1.4625547,0.7141088,801,0.5846715328467154,445654.7213237515,5696585.176123571,474.64500081094,0.1534103158628568,-0.4781052889302373,-0.16865885702878813,-109.52042111118676,1.6558296046282257,2.2331658632448423,-1.3267594641906157,-0.012047909262690837,1.6700964918605337,1.4625547,0.7141088,445654.56791343563,5696585.65422886,474.8136596679688,-108.19366164699613,1.6678775138909192,0.563069371384307,830,frame_000830.png
4000,4000,4000,1188,0.297,733,0.617003367003367,1188,781,0.6574074074074074,445654.7022395493,5696585.165689784,474.64414430356743,0.14497943595051765,-0.4882680904120207,-0.1783349444794453,-109.77018860670708,1.8254832311345488,2.5069785923136605,-1.3956496077505562,0.0076137332358143794,2.3247196445873897,1.5301846,0.7574451,781,0.6574074074074074,445654.7022395493,5696585.165689784,474.64414430355095,0.14497943595051765,-0.4882680904120207,-0.1783349444959299,-109.77018860674471,1.8254832321417955,2.506978592575354,-1.3956496077881866,0.00761373424305134,2.3247196448490968,1.5301846,0.7574451,445654.55726011336,5696585.6539578745,474.8224792480469,-108.37453899895652,1.8178694978987429,0.18225894772626747,831,frame_000831.png
4000,4000,4000,1187,0.29675,900,0.7582139848357203,1187,651,0.548441449031171,445654.6780556015,5696585.176871995,474.651817765637,0.12922190531389788,-0.47993343509733677,-0.17206529100360513,-109.57117072735609,1.092212846342756,2.3545157821103055,-1.3578671037527386,-0.1399035365757868,2.1025490079882445,1.479877,0.7228969,651,0.548441449031171,445654.6780555987,5696585.1768719945,474.65181776546984,0.12922190251993015,-0.47993343602865934,-0.17206529117078162,-109.57117072819321,1.0922128548664825,2.354515769009777,-1.3578671045898432,-0.1399035280520593,2.1025489948877123,1.479877,0.7228969,445654.5488336962,5696585.656805431,474.8238830566406,-108.21330362360335,1.232116382918549,0.2519667741220662,832,frame_000832.png
4000,4000,4000,1380,0.345,847,0.613768115942029,1380,779,0.5644927536231884,445654.6595823492,5696585.076963352,474.6330540668895,0.12404540542047471,-0.5789006259292364,-0.18585462451682133,-109.3999864161225,1.9075000302057188,3.3550142948064305,-1.396937731193077,0.4697852667829352,3.932644944510656,1.4724815,0.7467061,779,0.5644927536231884,445654.6595823492,5696585.076963352,474.63305406687874,0.12404540542047471,-0.5789006259292364,-0.18585462452756474,-109.39998641614565,1.9075000306269336,3.355014294879416,-1.3969377312162408,0.46978526720417335,3.932644944583643,1.4724815,0.7467061,445654.53553694376,5696585.655863978,474.8189086914063,-108.00304868492941,1.4377147634227714,-0.5776306497042286,833,frame_000833.png
4000,4000,4000,1444,0.361,1119,0.7749307479224377,1444,869,0.6018005540166205,445654.6874117197,5696585.181057606,474.633073910993,0.15483114565722644,-0.4878010032698512,-0.18153180189761997,-109.74610929493595,1.908571027466656,1.9623737865161377,-1.3288950635816263,-0.013686106941833032,1.2287955001662567,1.4324195,0.7159688,869,0.6018005540166205,445654.68741171964,5696585.181057606,474.63307391097106,0.15483114559901878,-0.4878010032698512,-0.18153180191956153,-109.74610929498282,1.9085710282868937,1.962373786286585,-1.3288950636284653,-0.013686106121582498,1.228795499936723,1.4324195,0.7159688,445654.53258057404,5696585.668858609,474.8146057128906,-108.41721423135434,1.9222571344084767,0.7335782863498695,834,frame_000834.png
4000,4000,4000,1381,0.34525,1058,0.7661115133960897,1381,872,0.6314265025343954,445654.6220581095,5696585.260939106,474.6270894646755,0.08271754760062322,-0.4216846851631999,-0.17988685368385404,-109.96597427928803,2.29660390059664,1.138673448912333,-1.3496714368225184,-0.20373169082193954,0.14031022678926774,1.5158272,0.7422351,872,0.6314265025343954,445654.6220581097,5696585.260939105,474.6270894646709,0.0827175477752462,-0.4216846860945225,-0.17988685368845836,-109.96597427933338,2.2966039027040663,1.1386734507335383,-1.3496714368678795,-0.2037316887144982,0.14031022861047404,1.5158272,0.7422351,445654.5393405619,5696585.6826237915,474.8069763183594,-108.61630284246552,2.5003355914185685,0.9983632221230548,835,frame_000835.png
4000,4000,4000,1325,0.33125,1032,0.7788679245283019,1325,785,0.5924528301886792,445654.5569127911,5696585.297669307,474.6179772886923,0.020089461177121848,-0.39923818688839674,-0.1921423402139908,-109.92971254960469,2.461378263910943,2.351022122522778,-1.4205131141938523,-0.25062168237408855,2.8233024200802106,1.4898298,0.73669827,785,0.5924528301886792,445654.55691279157,5696585.2976693055,474.6179772886348,0.020089461642783135,-0.3992381887510419,-0.19214234027151633,-109.92971254979952,2.4613782725308964,2.351022128271709,-1.420513114388683,-0.25062167375415356,2.8233024258291266,1.4898298,0.73669827,445654.5368233299,5696585.696907494,474.8101196289063,-108.50919943541084,2.711999946285045,-0.47228029755741935,836,frame_000836.png
4000,4000,4000,1243,0.31075,805,0.6476267095736122,1243,831,0.668543845534996,445654.6033870777,5696585.264548212,474.6385024955181,0.07591165078338236,-0.45259322598576546,-0.17707977987254253,-109.77252154677177,3.326576038155702,3.2559329666250085,-1.3977171548103797,-0.019503467527670182,4.212093093822574,1.4817902,0.712903,831,0.668543845534996,445654.6033870777,5696585.264548211,474.63850249551473,0.07591165078338236,-0.45259322691708803,-0.1770797798758963,-109.7725215467795,3.326576038309688,3.255932966632672,-1.3977171548181104,-0.01950346737368136,4.212093093830248,1.4817902,0.712903,445654.5274754269,5696585.717141438,474.8155822753906,-108.37480439196139,3.3460795056833805,-0.9561601271975713,837,frame_000837.png
4000,4000,4000,1375,0.34375,1085,0.7890909090909091,1375,863,0.6276363636363637,445654.61672746664,5696585.31260974,474.6328479116822,0.10522049042629078,-0.43849877174943686,-0.1816357308959482,-109.80514579445196,3.47842246771536,2.8304831756149165,-1.352857024650632,-0.2568044680470223,3.2035954538026203,1.4700383,0.6916048,863,0.6276363636363637,445654.61672746687,5696585.312609739,474.6328479116698,0.10522049065912142,-0.43849877268075943,-0.18163573090834007,-109.80514579450586,3.4784224679882816,2.8304831771170424,-1.3528570247045195,-0.25680446777411703,3.2035954553047645,1.4700383,0.6916048,445654.5115069762,5696585.751108511,474.8144836425781,-108.45228876980134,3.7352269357623875,-0.37311227818771797,838,frame_000838.png
4000,4000,4000,1476,0.369,1174,0.7953929539295393,1476,1021,0.6917344173441734,445654.5988683898,5696585.307599741,474.6266860673832,0.10035850759595633,-0.4564492907375097,-0.18187716503865659,-109.58404515179691,3.0721705000198227,4.1257988729646655,-1.4194457333351238,0.03861658386179556,5.844039097551757,1.4633089,0.7137422,1021,0.6917344173441734,445654.59886838985,5696585.307599741,474.6266860673823,0.10035850765416399,-0.4564492907375097,-0.18187716503956608,-109.5840451517966,3.072170500053322,4.12579887303512,-1.4194457333348396,0.03861658389530476,5.844039097622215,1.4633089,0.7137422,445654.4985098822,5696585.764049032,474.8085632324219,-108.16459941846178,3.0335539161580165,-1.7182402245870816,839,frame_000839.png
4000,4000,4000,1455,0.36375,1088,0.747766323024055,1455,1008,0.6927835051546392,445654.59498726384,5696585.330083258,474.62548033216746,0.12059551465790719,-0.4491689605638385,-0.1855548240825442,-108.7357928936407,3.7939511430636745,2.005274870154789,-1.4046618652395466,0.21228557852231233,1.984860008381105,1.5015719,0.7072341,1008,0.6927835051546392,445654.5949872639,5696585.330083258,474.62548033216797,0.12059551471611485,-0.4491689605638385,-0.1855548240820326,-108.73579289364558,3.7939511430523787,2.0052748704051044,-1.4046618652444067,0.2122855785110005,1.984860008631415,1.5015719,0.7072341,445654.4743917492,5696585.779252219,474.81103515625,-107.33113102840116,3.581665564541366,0.020414861773694584,840,frame_000840.png
4000,4000,4000,1459,0.36475,957,0.6559287183002056,1459,1051,0.7203564084989719,445654.66398259724,5696585.360742638,474.6305439666095,0.13075942621799186,-0.440052037127316,-0.18268845526552013,-108.47951941735296,4.233432066523141,1.1468129488092427,-1.4448938029001965,-0.2505701900144288,-0.05420300080308493,1.4742779,0.70442915,1051,0.7203564084989719,445654.6639825967,5696585.360742637,474.6305439665026,0.1307594256941229,-0.4400520380586386,-0.18268845537238576,-108.47951941760097,4.233432071106297,1.1468129474868476,-1.4448938031482044,-0.25057018543125764,-0.05420300212549023,1.4742779,0.70442915,445654.533223171,5696585.800794675,474.813232421875,-107.03462561445278,4.484002256537563,1.2010159496123258,841,frame_000841.png
4000,4000,4000,1182,0.2955,707,0.5981387478849408,1182,832,0.7038917089678511,445654.68618613575,5696585.350711753,474.63669812438667,0.13806425454095006,-0.4564422285184264,-0.18034899475395605,-108.97324749232723,5.268679315065872,1.6517603826432787,-1.4380493091306903,-0.006480687482905978,0.8914608444628698,1.4630488,0.7087646,832,0.7038917089678511,445654.6861861357,5696585.350711753,474.6366981243715,0.1380642544827424,-0.4564422285184264,-0.18034899476913324,-108.97324749235148,5.268679315587504,1.6517603824038891,-1.4380493091549056,-0.006480686961253923,0.8914608442234737,1.4630488,0.7087646,445654.5481218812,5696585.807153981,474.8170471191406,-107.53519818319656,5.27516000254877,0.7602995381804047,842,frame_000842.png
4000,4000,4000,1402,0.3505,1094,0.7803138373751783,1402,888,0.6333808844507846,445654.7034502583,5696585.334593513,474.6388799076476,0.117339305463247,-0.48578486405313015,-0.18362985797739384,-109.66589375078468,3.9636510525295408,2.0138865390831904,-1.4137714845371647,-0.06463836334040707,1.5410016748523958,1.4826137,0.7140105,888,0.6333808844507846,445654.7034502583,5696585.334593513,474.63887990764175,0.117339305463247,-0.48578486405313015,-0.1836298579832487,-109.66589375083447,3.963651053265517,2.013886539520852,-1.4137714845869596,-0.0646383626044269,1.5410016752900333,1.4826137,0.7140105,445654.58611095283,5696585.820378377,474.822509765625,-108.25212226624751,4.028289415869947,0.4728848642308045,843,frame_000843.png
4000,4000,4000,1310,0.3275,972,0.7419847328244275,1310,839,0.6404580152671756,445654.71662955533,5696585.408954644,474.62455327711297,0.12706217600498348,-0.42459375131875277,-0.20018427171515896,-109.91738821921982,4.18277295174561,1.7698287170928888,-1.447304536116377,-0.22229750669910686,1.0730584070815041,1.5212687,0.7029682,839,0.6404580152671756,445654.7166295554,5696585.408954644,474.6245532771045,0.12706217606319115,-0.42459375131875277,-0.20018427172362863,-109.91738821926485,4.182772952068839,1.769828717649722,-1.4473045361614254,-0.22229750637586676,1.0730584076383423,1.5212687,0.7029682,445654.5895673793,5696585.833548395,474.8247375488281,-108.47008368310344,4.405070458444707,0.6967703100113806,844,frame_000844.png
4000,4000,4000,1177,0.29425,797,0.6771452846219201,1177,814,0.6915887850467289,445654.68071549083,5696585.366495811,474.6345121606296,0.12007646221900359,-0.4693992920219898,-0.18189408937041662,-109.63754052185263,3.669779717815707,2.4011517117406824,-1.4422631127921477,-0.10746636397846032,2.320806697430072,1.484887,0.72743535,814,0.6915887850467289,445654.68071549083,5696585.366495811,474.6345121606315,0.12007646221900359,-0.4693992920219898,-0.18189408936848395,-109.6375405218517,3.669779717720993,2.401151711781912,-1.4422631127912098,-0.10746636407316146,2.320806697471312,1.484887,0.72743535,445654.5606390286,5696585.835895103,474.81640625,-108.1952774090605,3.7772460817941638,0.0803450143106039,845,frame_000845.png
4000,4000,4000,1186,0.2965,888,0.7487352445193929,1186,787,0.663575042158516,445654.6293312195,5696585.279579306,474.61081126090295,0.0743763703503646,-0.5439265947788954,-0.20321461800335783,-109.42734335683967,3.9636190589142712,1.9120520760220308,-1.4314818004222047,0.411494240133095,1.4631121356657957,1.4640437,0.73768437,787,0.663575042158516,445654.6293312195,5696585.279579306,474.6108112608702,0.0743763703503646,-0.5439265947788954,-0.20321461803609964,-109.42734335686708,3.9636190599903545,1.9120520764466054,-1.4314818004496033,0.41149424120916933,1.4631121360903876,1.4640437,0.73768437,445654.5549548491,5696585.823505901,474.8140258789063,-107.99586155641748,3.5521248187811856,0.44893994035623125,846,frame_000846.png
4000,4000,4000,1524,0.381,1000,0.6561679790026247,1524,1053,0.6909448818897638,445654.68836433376,5696585.333126721,474.6350108865323,0.1326164900092408,-0.4763699108734727,-0.17553598846768637,-109.32922869090648,2.630715119753655,1.6260387275437334,-1.4594206360964677,-0.19542766096077457,0.7746321713793805,1.4941357,0.71201354,1053,0.6909448818897638,445654.68836433376,5696585.333126721,474.6350108865279,0.1326164900092408,-0.4763699108734727,-0.17553598847212015,-109.32922869092145,2.630715120074092,1.626038727731769,-1.4594206361114175,-0.19542766064034822,0.7746321715673901,1.4941357,0.71201354,445654.55574784375,5696585.809496632,474.810546875,-107.86980805481002,2.82614278071443,0.8514065561643654,847,frame_000847.png
4000,4000,4000,1299,0.32475,899,0.6920708237105466,1299,822,0.6327944572748267,445654.7199111682,5696585.369718092,474.63378816810433,0.1601233869441785,-0.4236987726762891,-0.17523282798941864,-109.43687764061175,3.033208057790746,1.4432267182560583,-1.4272919769761074,-0.6150553551827613,0.3715721692605598,1.5412672,0.7341066,822,0.6327944572748267,445654.71991116845,5696585.3697180925,474.63378816811485,0.16012338717700914,-0.4236987717449665,-0.1752328279789026,-109.43687764046204,3.0332080546421087,1.4432267183441843,-1.4272919768264103,-0.6150553583314036,0.3715721693486671,1.5412672,0.7341066,445654.55978778127,5696585.793416864,474.80902099609375,-108.00958566363563,3.6482634129735185,1.0716545489955078,848,frame_000848.png
4000,4000,4000,1346,0.3365,859,0.638187221396731,1346,813,0.6040118870728083,445654.7056522141,5696585.332572956,474.6438872382935,0.12613503989996389,-0.44079376850277185,-0.17871408006590173,-109.37410280734332,4.209179340539146,0.8417801287132536,-1.4432254125235033,-0.15362380524939567,-0.6259091593163078,1.4380723,0.70249176,813,0.6040118870728083,445654.7056522142,5696585.332572956,474.6438872382936,0.12613503995817155,-0.44079376850277185,-0.17871408006578804,-109.37410280734171,4.209179340431289,0.8417801289034281,-1.4432254125218833,-0.15362380535722764,-0.6259091591261381,1.4380723,0.70249176,445654.5795171742,5696585.773366724,474.8226013183594,-107.93087739481982,4.362803145788528,1.4676892880295702,849,frame_000849.png
4000,4000,4000,1490,0.3725,1159,0.7778523489932886,1490,950,0.6375838926174496,445654.70411485055,5696585.256080718,474.641505206075,0.11632658244343475,-0.5059264553710818,-0.1804552431437969,-109.45938504327556,3.6416905847465024,1.7593448276726205,-1.4567111514890883,-0.06977292628951659,0.9405671975185044,1.4580847,0.7188342,950,0.6375838926174496,445654.70411485055,5696585.256080718,474.6415052060766,0.11632658244343475,-0.5059264553710818,-0.1804552431422053,-109.45938504327074,3.641690584670123,1.7593448276608197,-1.456711151484285,-0.06977292636588572,0.9405671975067094,1.4580847,0.7188342,445654.5877882681,5696585.762007173,474.8219604492188,-108.00267389178647,3.711463511036017,0.81877763015412,850,frame_000850.png
4000,4000,4000,1299,0.32475,959,0.7382602001539645,1299,846,0.651270207852194,445654.7355982427,5696585.3391131675,474.6501607472329,0.14957357523962855,-0.41571647208184004,-0.17866615706395805,-109.49060653626474,3.9800782828877748,1.0704865717052987,-1.420299407605512,-0.4523829726901738,-0.30736882285376055,1.4801825,0.70616674,846,0.651270207852194,445654.7355982428,5696585.339113167,474.6501607471773,0.14957357529783621,-0.4157164730131626,-0.17866615711955092,-109.4906065363974,3.9800782854288106,1.070486572967635,-1.420299407738156,-0.4523829701491593,-0.3073688215914103,1.4801825,0.70616674,445654.5860246675,5696585.75482964,474.8288269042969,-108.07030712865924,4.4324612555779614,1.3778553945590453,851,frame_000851.png
4000,4000,4000,1183,0.29575,926,0.7827557058326289,1183,711,0.6010143702451395,445654.763198147,5696585.267794308,474.6442422848724,0.18360168911749497,-0.4750344790518284,-0.18516445340890186,-109.593405642814,4.027704462495318,1.7271342894723136,-1.5170424363548136,-0.1448326549745218,0.6447914226391731,1.4622698,0.7084352,711,0.6010143702451395,445654.763198147,5696585.267794308,474.6442422848676,0.18360168911749497,-0.4750344790518284,-0.18516445341373355,-109.59340564287024,4.027704463117784,1.7271342898869808,-1.5170424364110318,-0.14483265435205794,0.6447914230538458,1.4622698,0.7084352,445654.5795964579,5696585.742828787,474.8294067382813,-108.0763632064592,4.172537117469839,1.0823428668331272,852,frame_000852.png
4000,4000,4000,1229,0.30725,772,0.628152969894223,1229,767,0.6240846216436127,445654.769551089,5696585.245011106,474.63560535412194,0.1960403869743459,-0.489332583732903,-0.19477794665937154,-109.77507562608965,3.2543845920891448,1.9571266226808923,-1.4943038154380588,-0.07584854086223913,1.0811707035013285,1.5136387,0.7120342,767,0.6240846216436127,445654.76955108903,5696585.245011106,474.63560535410903,0.19604038703255355,-0.489332583732903,-0.194777946672275,-109.77507562610786,3.254384592382969,1.9571266230687137,-1.4943038154563055,-0.0758485405684155,1.0811707038891711,1.5136387,0.7120342,445654.573510702,5696585.73434369,474.8303833007813,-108.28077181065157,3.330233132951383,0.8759559191795561,853,frame_000853.png
4000,4000,4000,1380,0.345,921,0.6673913043478261,1380,849,0.6152173913043478,445654.6767573103,5696585.309279378,474.6427283100733,0.10952834045747295,-0.41063420195132494,-0.18506099656730157,-109.63178790209547,3.203718495499539,1.8696714157294654,-1.4557337400867425,-0.45827958553283565,1.4610260343498283,1.4794836,0.7064853,849,0.6152173913043478,445654.6767573103,5696585.309279378,474.64272831004155,0.10952834045747295,-0.41063420195132494,-0.18506099659907704,-109.6317879022277,3.2037184982985663,1.8696714167064026,-1.4557337402189887,-0.45827958273380887,1.4610260353267677,1.4794836,0.7064853,445654.5672289698,5696585.7199135795,474.8277893066406,-108.17605416200873,3.661998081032383,0.4086453813796374,854,frame_000854.png
4000,4000,4000,1546,0.3865,1038,0.6714100905562742,1546,1077,0.6966364812419146,445654.6803263957,5696585.176896538,474.6295134763104,0.12146398675395176,-0.4970632642507553,-0.16611030298645346,-109.9529869717179,2.1929173971330216,0.28790259518748784,-1.417563292204818,0.06879715390459751,-1.857977213169704,1.5311351,0.6948795,1077,0.6966364812419146,445654.6803263957,5696585.176896538,474.62951347631093,0.12146398675395176,-0.4970632642507553,-0.16611030298594187,-109.95298697171576,2.192917397118605,0.2879025952725056,-1.4175632922026864,0.0687971538901877,-1.8579772130846948,1.5311351,0.6948795,445654.558862409,5696585.673959802,474.7956237792969,-108.53542367951307,2.1241202432284307,2.145879808357196,855,frame_000855.png
4000,4000,4000,1210,0.3025,907,0.7495867768595041,1210,713,0.5892561983471074,445654.69529676286,5696585.117325447,474.60763062151983,0.17066152341431007,-0.5272276112809777,-0.20993529644897535,-109.189704722921,3.4033291612973287,2.475721364192977,-1.3951854693362122,0.16546965736088737,2.175360591396924,1.5580686,0.76515883,713,0.5892561983471074,445654.6952967629,5696585.117325447,474.6076306215241,0.17066152347251773,-0.5272276112809777,-0.2099352964447121,-109.18970472289365,3.403329160895831,2.4757213644228213,-1.3951854693088706,0.16546965695937388,2.17536059162677,1.5580686,0.76515883,445654.52463523945,5696585.644553058,474.8175659179688,-107.79451925358478,3.237859503936447,0.30036077279606216,856,frame_000856.png
4000,4000,4000,1483,0.37075,911,0.6142953472690492,1483,902,0.6082265677680377,445654.59297763417,5696585.143431743,474.6454834401318,0.07724313990911469,-0.4952599285170436,-0.17702632549321606,-109.03973786779106,2.6838598049408136,2.443843475684152,-1.4795842711496334,-0.12035937687625164,2.5174758736328897,1.4538238,0.71257824,902,0.6082265677680377,445654.592977634,5696585.143431743,474.64548344013303,0.0772431397344917,-0.4952599285170436,-0.1770263254919655,-109.03973786777051,2.6838598044662554,2.4438434743669952,-1.479584271129113,-0.12035937735080893,2.517475872315714,1.4538238,0.71257824,445654.51573449426,5696585.638691671,474.822509765625,-107.56015359664141,2.80421918181706,-0.07363239794872671,857,frame_000857.png
4000,4000,4000,1363,0.34075,957,0.7021276595744681,1363,880,0.6456346294937637,445654.6968480606,5696585.112932193,474.63332148353606,0.16635409626178443,-0.5046026036143303,-0.186746875838935,-109.25172510780408,3.0627784086104546,0.5944391193121167,-1.441057531399224,0.06496775301073399,-1.5418978768006184,1.4744099,0.71274173,880,0.6456346294937637,445654.69684806105,5696585.112932193,474.6333214835667,0.16635409672744572,-0.5046026036143303,-0.1867468758082964,-109.25172510767077,3.0627784064745067,0.5944391214091421,-1.4410575312659262,0.06496775087478568,-1.5418978747035794,1.4744099,0.71274173,445654.5304939643,5696585.617534797,474.820068359375,-107.81066757640485,2.99781065559972,2.1363369961127336,858,frame_000858.png
4000,4000,4000,1402,0.3505,925,0.6597717546362339,1402,930,0.6633380884450785,445654.674145867,5696585.114418797,474.63453096630155,0.13057316379854456,-0.4909323286265135,-0.18050199268282086,-109.44680485394123,2.9337744850543706,-0.10593686107766978,-1.480237554779535,0.009287465853475396,-2.764010519265696,1.4265944,0.7000589,930,0.6633380884450785,445654.674145867,5696585.114418797,474.63453096629087,0.13057316379854456,-0.4909323286265135,-0.18050199269350742,-109.44680485396358,2.9337744855551153,-0.10593686094242413,-1.4802375548019029,0.009287466354209073,-2.764010519130437,1.4265944,0.7000589,445654.5435727032,5696585.605351126,474.8150329589844,-107.96656729916168,2.9244870192009036,2.658073658188021,859,frame_000859.png
4000,4000,4000,1429,0.35725,1004,0.7025892232330301,1429,891,0.6235129461161651,445654.68613064004,5696585.130055251,474.635962480141,0.12405313114868477,-0.449477382004261,-0.17128849642148225,-109.2603593468361,2.6658997686061117,1.0709317427755563,-1.3628954543329996,-0.23618073374782966,-0.16227651045906555,1.4787228,0.7437013,891,0.6235129461161651,445654.68613064004,5696585.130055251,474.6359624801423,0.12405313114868477,-0.449477382004261,-0.17128849642017485,-109.2603593468326,2.6658997685284644,1.0709317427731464,-1.3628954543295038,-0.23618073382547777,-0.1622765104614814,1.4787228,0.7437013,445654.5620775089,5696585.579532633,474.8072509765625,-107.8974638925031,2.9020805023539453,1.2332082532346185,860,frame_000860.png
4000,4000,4000,1526,0.3815,1045,0.6847968545216252,1526,916,0.6002621231979031,445654.61995328765,5696585.042611331,474.6182414187304,0.06331248069182038,-0.5172649044543505,-0.19444168673840068,-109.2106192821757,2.9024514052092507,0.3467467156413543,-1.310927210460676,0.31745671868603154,-1.4358273054470772,1.5031613,0.7409816,916,0.6002621231979031,445654.6199532879,5696585.04261133,474.61824141866157,0.06331248092465103,-0.517264905385673,-0.19444168680723806,-109.21061928226378,2.9024514090952542,0.3467467180733472,-1.3109272105487548,0.3174567225720466,-1.4358273030150883,1.5031613,0.7409816,445654.55664080696,5696585.559876235,474.8126831054688,-107.89969207171502,2.58499468652321,1.7825740210884393,861,frame_000861.png
4000,4000,4000,1432,0.358,981,0.6850558659217877,1432,926,0.6466480446927374,445654.64424694865,5696585.046660679,474.6364796790135,0.10076999588636681,-0.5132835702970624,-0.18166607293960624,-109.91101927814421,3.1756859539548423,2.1779877886094,-1.356602075307535,0.1387415642497558,2.1343879574122298,1.5068187,0.71968687,926,0.6466480446927374,445654.64424694877,5696585.046660679,474.6364796789989,0.10076999600278214,-0.5132835702970624,-0.181666072954215,-109.9110192781785,3.1756859547703096,2.1779877893627266,-1.3566020753418115,0.1387415650652315,2.134387958165547,1.5068187,0.71968687,445654.54347695276,5696585.55994425,474.8181457519531,-108.55441720283669,3.0369443897050896,0.04359983119717244,862,frame_000862.png
4000,4000,4000,1472,0.368,980,0.6657608695652174,1472,981,0.6664402173913043,445654.54639207316,5696585.0843013115,474.6323201264171,0.03755408158758655,-0.4819186441600323,-0.19562176811422205,-109.46161876112133,2.8357683109234064,4.3611497503302905,-1.303782388821503,0.05735356534614766,6.445475411969113,1.4807577,0.72117466,981,0.6664402173913043,445654.5463920726,5696585.08430131,474.63232012613423,0.03755408100550994,-0.4819186460226774,-0.1956217683970749,-109.46161876170682,2.8357683214377385,4.36114975053781,-1.3037823894069902,0.05735357586047485,6.445475412176648,1.4807577,0.72117466,445654.50883799157,5696585.566219956,474.8279418945313,-108.15783637229984,2.7784147455772517,-2.084325661638833,863,frame_000863.png
4000,4000,4000,1358,0.3395,913,0.6723122238586157,1358,773,0.569219440353461,445654.5106279818,5696585.139853185,474.63311504630866,0.06130567064974457,-0.4463978838175535,-0.1827418872850899,-109.8386388779837,2.1906264205392803,2.67901349640314,-1.234818513604523,-0.05250557875984896,3.2607406896438818,1.5043727,0.71107244,773,0.569219440353461,445654.510627982,5696585.139853185,474.63311504631054,0.06130567082436755,-0.4463978838175535,-0.18274188728321406,-109.83863887797055,2.1906264202017645,2.679013497067467,-1.2348185135913639,-0.05250557909735676,3.260740690308211,1.5043727,0.71107244,445654.44932231115,5696585.586251069,474.81585693359375,-108.60382036437919,2.243131999299121,-0.5817271932407506,864,frame_000864.png
4000,4000,4000,1525,0.38125,1030,0.6754098360655738,1525,914,0.599344262295082,445654.488554751,5696585.138881964,474.6357135001586,0.0642357244505547,-0.4574370738118887,-0.17434509359139838,-109.12873918641449,2.8852042356417447,4.109686640643043,-1.1537745554460912,0.09568558640742708,5.354277338749,1.4708909,0.72104615,914,0.599344262295082,445654.4885547499,5696585.138881961,474.63571349989434,0.0642357234028168,-0.4574370766058564,-0.17434509385566344,-109.12873918709352,2.885204249145757,4.109686639060576,-1.1537745561250858,0.09568559991143388,5.354277337166536,1.4708909,0.72104615,445654.4243190265,5696585.5963190375,474.81005859375,-107.97496463096842,2.7895186492343096,-1.2445906981059511,865,frame_000865.png
4000,4000,4000,1372,0.343,1031,0.7514577259475219,1372,836,0.60932944606414,445654.47236634116,5696585.105829499,474.6222635469838,0.0663728067302145,-0.5002829348668456,-0.20512903114121173,-109.61811926950982,3.2442661200530694,3.6397738122746097,-1.3144693765331112,0.1607170721005673,4.943202256710748,1.4965035,0.71000314,836,0.60932944606414,445654.4723663412,5696585.105829499,474.62226354698646,0.06637280678842217,-0.5002829348668456,-0.20512903113854009,-109.61811926948293,3.2442661196003857,3.639773812683839,-1.3144693765062243,0.16071707164789473,4.943202257119992,1.4965035,0.71000314,445654.4059935344,5696585.606112434,474.827392578125,-108.3036498929767,3.083549047952498,-1.3034284444361453,866,frame_000866.png
4000,4000,4000,1346,0.3365,989,0.7347696879643388,1346,804,0.5973254086181278,445654.48561458685,5696585.149891533,474.6287669113092,0.0808642262709327,-0.4725881312042475,-0.18779192658143984,-109.75545679881881,2.769602270839825,1.9154512582211536,-1.2538158960444719,0.02905738549935677,1.6417373322872209,1.4485422,0.7107512,804,0.5973254086181278,445654.48561458697,5696585.149891531,474.6287669109871,0.08086422638734803,-0.4725881330668926,-0.18779192690351465,-109.75545679926456,2.7696022849967696,1.9154512639308683,-1.2538158964902095,0.0290573996562955,1.6417373379969433,1.4485422,0.7107512,445654.4047503606,5696585.622479664,474.8165588378906,-108.50164090277434,2.7405448853404826,0.27371392593393723,867,frame_000867.png
4000,4000,4000,1354,0.3385,1011,0.7466765140324964,1354,927,0.6846381093057607,445654.47407593817,5696585.181763096,474.64409045147005,0.07359553233254701,-0.4631870472803712,-0.18192883563932583,-109.9153309320496,3.4128350272113908,3.5066121686855256,-1.3161155101743418,-0.04010856611225222,4.710355496710804,1.4768993,0.70333326,927,0.6846381093057607,445654.47407593695,5696585.181763088,474.6440904508218,0.07359553111018613,-0.4631870547309518,-0.18192883628756817,-109.91533093463728,3.4128350681499118,3.506612176255309,-1.3161155127620248,-0.04010852517373564,4.710355504280585,1.4768993,0.70333326,445654.40048040583,5696585.644950143,474.8260192871094,-108.59921542187526,3.452943593323651,-1.2037433280252763,868,frame_000868.png
4000,4000,4000,1257,0.31425,906,0.720763723150358,1257,756,0.6014319809069213,445654.4863142046,5696585.154812955,474.64103729453205,0.0924993027583696,-0.49986964650452137,-0.1965786722648204,-110.10248766176456,3.1285489375423823,4.083569403623363,-1.3081431983547418,0.07693126541880702,5.709754493033131,1.4425836,0.6968172,756,0.6014319809069213,445654.4863142046,5696585.154812955,474.6410372945229,0.0924993027583696,-0.49986964650452137,-0.1965786722739722,-110.10248766178668,3.1285489378777123,4.083569403721654,-1.3081431983768539,0.07693126575412634,5.709754493131413,1.4425836,0.6968172,445654.3938149018,5696585.654682602,474.8376159667969,-108.79434446340983,3.0516176721235717,-1.6261850894097725,869,frame_000869.png
4000,4000,4000,1447,0.36175,925,0.6392536281962682,1447,867,0.5991706979958535,445654.46589636704,5696585.249377522,474.6521108264858,0.08016010647406802,-0.41531137470155954,-0.18565772820170423,-109.81256941351899,2.491084503020111,3.946194284579813,-1.430083218325251,-0.31479352615946254,5.9231301600403015,1.4788578,0.75003266,867,0.5991706979958535,445654.46589636715,5696585.24937752,474.6521108263343,0.08016010659048334,-0.4153113765642047,-0.18565772835319194,-109.81256941366686,2.4910845101813366,3.946194287858727,-1.4300832184731291,-0.31479351899824337,5.923130163319229,1.4788578,0.75003266,445654.38573626056,5696585.664688896,474.8377685546875,-108.38248619519374,2.8058780291795857,-1.9769358754604947,870,frame_000870.png
4000,4000,4000,1387,0.34675,906,0.6532083633741889,1387,911,0.6568132660418169,445654.50061951944,5696585.201922069,474.64905368202847,0.1383804093929939,-0.47569420747458935,-0.19109524375284082,-109.10601158642389,2.59668969043988,4.423189979267267,-1.347714464404703,-0.199907257660783,6.200749181949021,1.4437417,0.7293958,911,0.6568132660418169,445654.500619519,5696585.201922078,474.64905368289806,0.1383804089273326,-0.4756941990926862,-0.1910952428832502,-109.10601158402629,2.5966896466546214,4.423189961403215,-1.3477144620071044,-0.1999073014460464,6.200749164084954,1.4437417,0.72939587,445654.36223911005,5696585.677616277,474.8401489257813,-107.7582971220192,2.7965969481006545,-1.7775592026817526,871,frame_000871.png
4000,4000,4000,1479,0.36975,1077,0.7281947261663286,1479,842,0.5693035835023664,445654.45727444056,5696585.25784063,474.64400831659015,0.0726667835842818,-0.43091130908578634,-0.19522508184735443,-109.66853277734009,3.4419310115848876,1.5978358252464147,-1.3235425131664442,-0.12917326191927714,1.109103507536446,1.4670355,0.70524454,842,0.5693035835023664,445654.4572744404,5696585.25784063,474.6440083165665,0.07266678340965882,-0.43091130908578634,-0.1952250818710013,-109.66853277739112,3.441931012770136,1.5978358247247082,-1.3235425132174896,-0.129173260734035,1.109103507014737,1.4670355,0.70524454,445654.384607657,5696585.688751939,474.8392333984375,-108.34499026417363,3.5711042735041607,0.48873231770996034,872,frame_000872.png
4000,4000,4000,1307,0.32675,1036,0.79265493496557,1307,801,0.6128538638102525,445654.57757003437,5696585.212601245,474.6327604775673,0.1643753990647383,-0.48435875587165356,-0.19158034274522606,-109.50515952189994,3.5372886403673927,2.0226627495068077,-1.3502089057550108,-0.108867080607979,1.533769613887216,1.49273,0.7180018,801,0.6128538638102525,445654.57757003454,5696585.212601245,474.632760477567,0.1643753992393613,-0.48435875587165356,-0.19158034274551028,-109.50515952189575,3.537288639872855,2.022662750323318,-1.3502089057508329,-0.10886708110251675,1.533769614703715,1.49273,0.7180018,445654.4131946353,5696585.696960001,474.8243408203125,-108.15495061614493,3.6461557209753823,0.4888931356195892,873,frame_000873.png
4000,4000,4000,1314,0.3285,902,0.6864535768645358,1314,899,0.6841704718417048,445654.5528362631,5696585.250440449,474.6450973047394,0.1224871352314949,-0.45551030710339546,-0.19544834955746637,-109.46982599894139,3.6233957231061367,3.493605040927941,-1.25691841159599,-0.06669286805365005,4.6546633026206905,1.4299061,0.6834099,899,0.6841704718417048,445654.55283626314,5696585.250440449,474.6450973047296,0.12248713528970256,-0.45551030710339546,-0.19544834956730028,-109.46982599894726,3.6233957237269103,3.49360504152467,-1.2569184116018732,-0.06669286743289149,4.654663303217404,1.4299061,0.6834099,445654.43034912786,5696585.705950757,474.8405456542969,-108.2129075873454,3.690088591159793,-1.1610582616927478,874,frame_000874.png
4000,4000,4000,1485,0.37125,997,0.6713804713804714,1485,970,0.6531986531986532,445654.52067584806,5696585.225492883,474.6380709416078,0.08587149617960677,-0.48297840915620327,-0.19853794511101341,-109.72842472762373,3.2162990095511956,3.1740643479563246,-1.3250798242041242,0.021662886286662797,4.01989337830679,1.5283109,0.73115563,970,0.6531986531986532,445654.5206758481,5696585.225492883,474.63807094161126,0.08587149623781443,-0.48297840915620327,-0.19853794510754597,-109.72842472761533,3.216299009411548,3.1740643480719,-1.3250798241957114,0.021662886146998517,4.019893378422353,1.5283109,0.73115563,445654.4348043519,5696585.708471292,474.8366088867188,-108.40334490341961,3.194636123264543,-0.8458290303504614,875,frame_000875.png
4000,4000,4000,1467,0.36675,1062,0.7239263803680982,1467,871,0.5937286980231765,445654.5414462424,5696585.178736063,474.61685091228844,0.10633829637663439,-0.5334935868158937,-0.21164029864905842,-109.58282730652006,3.8091520464942668,3.8346395158455158,-1.2156700805418836,0.33491800871235,4.947165857338717,1.4901767,0.73218775,871,0.5937286980231765,445654.5414462425,5696585.178736063,474.61685091226906,0.10633829643484205,-0.5334935868158937,-0.21164029866844203,-109.58282730653215,3.80915204695138,3.8346395164611797,-1.2156700805539913,0.3349180091694848,4.94716585795436,1.4901767,0.73218775,445654.43510794605,5696585.71222965,474.8284912109375,-108.36715722597818,3.4742340377819043,-1.1125263414931914,876,frame_000876.png
4000,4000,4000,1424,0.356,930,0.6530898876404494,1424,927,0.6509831460674157,445654.5239611459,5696585.239942819,474.6419035687557,0.09219674707856029,-0.47443221881985664,-0.19165356015059842,-109.3750125345762,3.1518404247557634,4.531346900495422,-1.2998334835846492,-0.07801923528674592,6.7285130288638015,1.4843913,0.7001154,927,0.6509831460674157,445654.5239611459,5696585.239942819,474.6419035687576,0.09219674707856029,-0.47443221881985664,-0.1916535601487226,-109.37501253456962,3.1518404246246567,4.531346900626009,-1.2998334835780838,-0.07801923541785527,6.728513028994399,1.4843913,0.7001154,445654.4317643988,5696585.714375038,474.8335571289063,-108.07517905099155,3.229859660042508,-2.197166128368379,877,frame_000877.png
4000,4000,4000,1454,0.3635,932,0.640990371389271,1454,915,0.6292984869325997,445654.5302988349,5696585.245593902,474.6424185979971,0.10917145805433393,-0.4701669365167618,-0.1926644098153929,-109.140497879579,2.884577907776502,4.368935305975597,-1.302222666790044,-0.13595316208991903,6.331095997228374,1.4686595,0.7102866,915,0.6292984869325997,445654.5302988349,5696585.245593902,474.6424185979986,0.10917145805433393,-0.4701669365167618,-0.19266440981391497,-109.14049787957747,2.884577907740294,4.368935305911464,-1.3022226667885093,-0.13595316212609987,6.331095997164255,1.4686595,0.7102866,445654.42112737685,5696585.715760838,474.8350830078125,-107.83827521278896,3.020531069866408,-1.9621606912527796,878,frame_000878.png
4000,4000,4000,1364,0.341,1098,0.8049853372434017,1364,903,0.6620234604105572,445654.5701040086,5696585.220065638,474.62590460412497,0.13694745354587212,-0.48633818980306387,-0.1989855325938379,-109.34797025805851,2.889229002069953,2.4892038082899144,-1.2906698425825596,-0.051195214907124864,2.516733579085752,1.5038681,0.6909811,903,0.6620234604105572,445654.5701040086,5696585.220065638,474.6259046041273,0.13694745354587212,-0.48633818980306387,-0.1989855325915073,-109.34797025804193,2.889229001799863,2.4892038084469155,-1.2906698425659897,-0.05119521517721637,2.5167335792427536,1.5038681,0.6909811,445654.43315655505,5696585.706403828,474.8248901367188,-108.05730041547595,2.9404242169770805,-0.02752977079584644,879,frame_000879.png
4000,4000,4000,1356,0.339,940,0.6932153392330384,1356,909,0.6703539823008849,445654.5688990243,5696585.260627662,474.64111530964766,0.12202919664559886,-0.43852288369089365,-0.17352092082114723,-109.45815334142002,2.8357029103039273,2.3890204604473073,-1.258622311816623,-0.30831831787807573,2.482026252275176,1.4407504,0.69700116,909,0.6703539823008849,445654.5688990243,5696585.260627662,474.6411153096438,0.12202919664559886,-0.43852288369089365,-0.17352092082501258,-109.4581533414266,2.835702910543321,2.389020460513527,-1.2586223118231885,-0.3083183176386797,2.4820262523413987,1.4407504,0.69700116,445654.44686982763,5696585.6991505455,474.8146362304688,-108.1995310296034,3.144021228182004,-0.09300579182786044,880,frame_000880.png
4000,4000,4000,1340,0.335,837,0.6246268656716418,1340,887,0.6619402985074627,445654.603061907,5696585.2803947665,474.6355081523257,0.12587065831758082,-0.4099241914227605,-0.17455044142428733,-109.42895593510738,2.4596639169581995,2.153886793364873,-1.2768966918004026,-0.426706323016532,2.0188683274516563,1.4517763,0.7310964,887,0.6619402985074627,445654.6030619067,5696585.280394766,474.6355081522277,0.12587065802654251,-0.40992419235408306,-0.17455044152228538,-109.42895593533935,2.4596639223426164,2.153886793239072,-1.2768966920323805,-0.4267063176321244,2.018868327325862,1.4517763,0.7310964,445654.4771912487,5696585.690318958,474.81005859375,-108.15205924330697,2.8863702399747364,0.13501846591321304,881,frame_000881.png
4000,4000,4000,1562,0.3905,927,0.5934699103713188,1562,1014,0.649167733674776,445654.5904982613,5696585.2197549855,474.63006551854465,0.10178771708160639,-0.4624792980030179,-0.17657510645534558,-109.25075553881815,3.0506984427261186,2.3164251780604217,-1.336891350866665,-0.09886547472322604,2.363090313955553,1.5015588,0.711395,1014,0.649167733674776,445654.5904982614,5696585.2197549855,474.6300655185479,0.10178771713981405,-0.4624792980030179,-0.1765751064521055,-109.25075553881429,3.050698442597913,2.3164251782133265,-1.3368913508627998,-0.09886547485143637,2.3630903141084616,1.5015588,0.711395,445654.48871054425,5696585.682234284,474.806640625,-107.91386418795149,3.1495639174493477,-0.04666513589512944,882,frame_000882.png
4000,4000,4000,1332,0.333,804,0.6036036036036037,1332,863,0.6478978978978979,445654.6226882092,5696585.221550703,474.62338556682244,0.11834911373443902,-0.45716516859829426,-0.18362126911506493,-109.32836020301434,3.5883062759479016,1.6210084409862542,-1.3171934476039837,-0.05220428270155253,1.0743251713320205,1.442608,0.68731064,863,0.6478978978978979,445654.62268820923,5696585.221550703,474.6233855668269,0.11834911379264668,-0.45716516859829426,-0.1836212691105743,-109.32836020300246,3.5883062756847144,1.6210084410984165,-1.3171934475921034,-0.05220428296473756,1.0743251714441726,1.442608,0.68731064,445654.50433909544,5696585.678715872,474.8070068359375,-108.01116675541034,3.640510558649448,0.5466832696542406,883,frame_000883.png
4000,4000,4000,1385,0.34625,1014,0.7321299638989169,1385,937,0.6765342960288808,445654.66202776483,5696585.169117192,474.61160423399855,0.09822648612316698,-0.48980142921209335,-0.18853614686082665,-109.45818349918453,3.156277058699752,1.0106088070532526,-1.3853666853911193,0.017921671491251345,-0.2779040861631188,1.4860435,0.7036604,937,0.6765342960288808,445654.66202776466,5696585.169117192,474.611604233944,0.098226485948544,-0.48980142921209335,-0.18853614691539633,-109.45818349926343,3.1562770602641423,1.0106088064937289,-1.385366685470018,0.017921673055639076,-0.277904086722657,1.4860435,0.7036604,445654.5638012787,5696585.658918621,474.8001403808594,-108.07281681379341,3.1383553872084966,1.2885128932163834,884,frame_000884.png
4000,4000,4000,1425,0.35625,1090,0.7649122807017544,1425,903,0.6336842105263157,445654.66949100426,5696585.20924004,474.6049005742523,0.09288088162429631,-0.44221110362559557,-0.19365289254454865,-109.53392318842162,3.0993903182704177,0.6610534269021892,-1.3424003800988942,-0.2812266926037239,-0.8538952912466584,1.5197726,0.71284395,903,0.6336842105263157,445654.6694910043,5696585.209240039,474.6049005742504,0.09288088168250397,-0.44221110455691814,-0.19365289254648133,-109.53392318843572,3.0993903185076674,0.6610534272019452,-1.3424003801129913,-0.2812266923664595,-0.8538952909468946,1.5197726,0.71284395,445654.57661012263,5696585.651451143,474.7985534667969,-108.19152280832273,3.3806170108741407,1.5149487181488381,885,frame_000885.png
4000,4000,4000,1413,0.35325,979,0.6928520877565464,1413,935,0.6617126680820948,445654.73195805424,5696585.166208367,474.58604198973,0.1452696407213807,-0.4849607767537236,-0.2054924340981188,-109.70647750403411,4.289451831050133,2.2544967247038947,-1.4046872735405316,0.060508222749319884,1.7728172295765887,1.5090568,0.7258167,935,0.6617126680820948,445654.7319580543,5696585.166208367,474.5860419897377,0.14526964077958837,-0.4849607767537236,-0.20549243409044493,-109.70647750400605,4.289451830633073,2.2544967248282277,-1.4046872735124794,0.06050822233225972,1.7728172297009337,1.5090568,0.7258167,445654.5866884135,5696585.651169144,474.7915344238281,-108.30179023049358,4.228943608300825,0.48167949512729613,886,frame_000886.png
4000,4000,4000,1452,0.363,953,0.65633608815427,1452,979,0.6742424242424242,445654.66897955193,5696585.163352783,474.58685014365705,0.09579297475283965,-0.4887848384678364,-0.20688154579607954,-109.43783299655321,4.678339607558142,3.1366900200946377,-1.3785195069229985,0.06683746875194174,3.85140196432269,1.5296993,0.70818114,979,0.6742424242424242,445654.668979552,5696585.163352783,474.5868501436571,0.09579297481104732,-0.4887848384678364,-0.2068815457960227,-109.43783299655757,4.678339607512848,3.1366900204633557,-1.378519506927347,0.06683746870666596,3.851401964691405,1.5296993,0.70818114,445654.5731865772,5696585.652137621,474.7937316894531,-108.05931348963023,4.61150213880619,-0.7147119442280411,887,frame_000887.png
4000,4000,4000,1276,0.319,910,0.713166144200627,1276,769,0.6026645768025078,445654.6520831456,5696585.1233661035,474.56741676523274,0.07768544694408774,-0.5168200274929404,-0.19271507070476446,-109.43753187357476,3.482626592990042,1.1147935525012362,-1.3951677132097586,0.17812858272242238,-0.0647713557854388,1.4679385,0.7242336,769,0.6026645768025078,445654.65208314563,5696585.123366103,474.56741676522347,0.0776854470022954,-0.516820028424263,-0.19271507071402993,-109.43753187358287,3.4826265932939395,1.1147935529824036,-1.3951677132178588,0.17812858302633572,-0.06477135530428768,1.4679385,0.7242336,445654.5743976986,5696585.640186131,474.7601318359375,-108.042364160365,3.3044980102676056,1.1795649082866853,888,frame_000888.png
4000,4000,4000,1339,0.33475,999,0.7460791635548917,1339,803,0.5997012696041822,445654.83138421195,5696585.093591456,474.5790598493947,0.21804351633181795,-0.5132574290037155,-0.1830861466990541,-109.17455446647666,3.5757746908558112,0.5529182650307062,-1.3333198056319588,-0.06333596663574781,-1.8424789774064436,1.4632308,0.71303666,803,0.5997012696041822,445654.831384212,5696585.093591456,474.5790598493894,0.21804351639002562,-0.5132574290037155,-0.18308614670434054,-109.17455446648867,3.575774691035793,0.5529182654963288,-1.3333198056439528,-0.06333596645575312,-1.8424789769408108,1.4632308,0.71303666,445654.6133406956,5696585.606848885,474.76214599609375,-107.8412346608447,3.6391106574915555,2.3953972424371495,889,frame_000889.png
4000,4000,4000,1445,0.36125,996,0.6892733564013841,1445,903,0.6249134948096886,445654.79377971106,5696585.09547033,474.57317830507833,0.1640881703933701,-0.5052241152152419,-0.19281290585917077,-109.26822776484137,3.7196751445403446,0.8237890143732457,-1.3263763573364145,0.07958110254722328,-0.9588162086924115,1.48822,0.7346108,903,0.6249134948096886,445654.79377971106,5696585.09547033,474.57317830507844,0.1640881703933701,-0.5052241152152419,-0.19281290585905708,-109.26822776484184,3.719675144535332,0.8237890144183198,-1.3263763573368692,0.07958110254222106,-0.9588162086473346,1.48822,0.7346108,445654.6296915407,5696585.600694445,474.7659912109375,-107.94185140750496,3.640094041993122,1.7826052230656524,890,frame_000890.png
4000,4000,4000,1278,0.3195,947,0.741001564945227,1278,819,0.6408450704225352,445654.77450888144,5696585.12762857,474.5836829237528,0.1327033315319568,-0.468599084764719,-0.18655023054407138,-109.28794350326287,3.518034713431156,0.4096159261979131,-1.337629009810314,-0.0540755722784354,-1.616428571963013,1.4415517,0.7007272,819,0.6408450704225352,445654.77450888144,5696585.12762857,474.58368292375684,0.1327033315319568,-0.468599084764719,-0.1865502305400355,-109.28794350325137,3.518034713237068,0.40961592620589143,-1.3376290097988317,-0.054075572472527256,-1.6164285719550264,1.4415517,0.7007272,445654.6418055499,5696585.596227655,474.7702331542969,-107.95031449345255,3.5721102857096017,2.0260444981609225,891,frame_000891.png
4000,4000,4000,1240,0.31,794,0.6403225806451613,1240,742,0.5983870967741935,445654.7349590928,5696585.164867097,474.58688363718704,0.08533220365643501,-0.4134252583608031,-0.17803945851608205,-109.37591773593351,2.7223037730631696,-0.16323007890764274,-1.339133622434872,-0.40236868926328384,-2.4137278722622,1.4871207,0.7020822,742,0.5983870967741935,445654.7349590928,5696585.164867097,474.58688363715623,0.08533220365643501,-0.4134252583608031,-0.17803945854689118,-109.37591773602048,2.7223037748450407,-0.16323007829557573,-1.3391336225218424,-0.4023686874814132,-2.4137278716501385,1.4871207,0.7020822,445654.64962688915,5696585.578292355,474.7649230957031,-108.03678411349864,3.124672462326448,2.2504977933545582,892,frame_000892.png
4000,4000,4000,1342,0.3355,836,0.6229508196721312,1342,799,0.5953800298062594,445654.7681498237,5696585.145111726,474.5871637628908,0.10754340689163655,-0.4065587855875492,-0.16716973320296802,-109.36440770264169,2.005010185996737,-0.6074555247077085,-1.360066460048472,-0.4588476523909719,-3.472838981514002,1.4870969,0.70588416,799,0.5953800298062594,445654.7681498236,5696585.145111726,474.58716376287504,0.10754340677522123,-0.4065587855875492,-0.16716973321871365,-109.36440770265163,2.005010186617187,-0.6074555250681595,-1.3600664600584196,-0.458847651770526,-3.472838981874446,1.4870969,0.70588416,445654.6606064168,5696585.551670511,474.75433349609375,-108.00434124259321,2.463857838387706,2.865383456806291,893,frame_000893.png
4000,4000,4000,1386,0.3465,833,0.601010101010101,1386,915,0.6601731601731602,445654.78480057605,5696585.043948704,474.58213567864544,0.1218626070767641,-0.5017311787232757,-0.17524957526086382,-109.27365266124671,2.915107198148512,0.1941534225149087,-1.3628338350731042,-0.03929608752474678,-2.1068858540243696,1.4979197,0.7043618,915,0.6601731601731602,445654.7848005761,5696585.043948703,474.58213567863675,0.12186260713497177,-0.5017311796545982,-0.17524957526956086,-109.27365266128244,2.915107198844587,0.1941534230255089,-1.3628338351088018,-0.039296086828670695,-2.1068858535137736,1.4979197,0.7043618,445654.66293796897,5696585.545679883,474.7573852539063,-107.91081882617362,2.954403285673254,2.3010392765392713,894,frame_000894.png
4000,4000,4000,1277,0.31925,754,0.5904463586530931,1277,793,0.6209866875489428,445654.76899605885,5696585.07205652,474.5774971437285,0.10406609764322639,-0.4761660462245345,-0.18638835431835332,-109.0691291158196,3.2154276612007333,-0.1735286186126935,-1.277357103679833,0.03529574059814422,-2.670345298342255,1.5148877,0.7267731,793,0.6209866875489428,445654.76899605885,5696585.072056519,474.5774971437119,0.10406609764322639,-0.4761660471558571,-0.1863883543349516,-109.06912911584651,3.2154276622183557,-0.17352861836275477,-1.27735710370672,0.035295741615755105,-2.6703452980923146,1.5148877,0.7267731,445654.6649299612,5696585.548222566,474.7638854980469,-107.79177201213977,3.1801319206026024,2.4968166797295606,895,frame_000895.png
4000,4000,4000,1327,0.33175,882,0.6646571213263,1327,822,0.6194423511680482,445654.7802944504,5696585.080386708,474.5806893130832,0.10833563393680379,-0.4770175227895379,-0.18713295254178774,-109.1888993522123,3.534614868426989,-0.16517141409725747,-1.3102325950532077,-0.00840776470261062,-2.7053992914958656,1.4433463,0.6906142,822,0.6194423511680482,445654.7802944505,5696585.080386708,474.5806893130864,0.10833563405321911,-0.4770175227895379,-0.1871329525386045,-109.18889935221576,3.5346148685958387,-0.1651714135006356,-1.310232595056675,-0.008407764533757245,-2.705399290899237,1.4433463,0.6906142,445654.67195881647,5696585.55740423,474.767822265625,-107.87866675715908,3.543022633129609,2.5402278773986047,896,frame_000896.png
4000,4000,4000,1319,0.32975,962,0.7293404094010614,1319,879,0.6664139499620925,445654.8148198498,5696585.09201476,474.5855305336609,0.13904434524010867,-0.4763258593156934,-0.1826884604797101,-109.23927786534385,3.51031696342614,0.35281527092730747,-1.2371475392677667,-0.11673051679221658,-1.7550600477233331,1.4628768,0.72226757,879,0.6664139499620925,445654.81481984985,5696585.09201476,474.5855305336653,0.13904434529831633,-0.4763258593156934,-0.18268846047533316,-109.23927786532418,3.5103169630868694,0.35281527111570676,-1.2371475392480988,-0.11673051713148652,-1.7550600475349256,1.4628768,0.72226757,445654.67577550455,5696585.568340619,474.7682189941406,-108.00213032607607,3.627047480218356,2.1078753186506396,897,frame_000897.png
4000,4000,4000,1437,0.35925,852,0.592901878914405,1437,873,0.6075156576200418,445654.7351313245,5696585.109836614,474.5926192694254,0.0590003592078574,-0.4677051296457648,-0.17840734190269814,-109.40123848812328,3.9133450804412404,0.07734315400523636,-1.2934832966028864,0.038426603363916456,-2.012495578738907,1.5059896,0.73642516,873,0.6075156576200418,445654.7351313245,5696585.109836614,474.5926192694368,0.0590003592078574,-0.4677051296457648,-0.17840734189132945,-109.40123848810171,3.913345079963324,0.07734315385715847,-1.2934832965813143,0.03842660288600541,-2.012495578886984,1.5059896,0.73642516,445654.6761309653,5696585.577541743,474.7710266113281,-108.1077551915204,3.874918477077317,2.0898387327441355,898,frame_000898.png
4000,4000,4000,1361,0.34025,811,0.5958853783982366,1361,835,0.6135194709772226,445654.751610491,5696585.156372547,474.5979040831618,0.07523406954715028,-0.4326826659962535,-0.18310177621322055,-109.27785561610821,3.6652764797000827,0.026120562875336473,-1.2634392905231664,-0.1705834358127447,-2.1341070345109756,1.489576,0.70603263,835,0.6135194709772226,445654.7516104911,5696585.156372547,474.59790408315587,0.07523406960535794,-0.4326826659962535,-0.18310177621913226,-109.2778556161172,3.6652764799478197,0.02612056303358771,-1.2634392905321477,-0.17058343556499267,-2.1341070343527235,1.489576,0.70603263,445654.67637642147,5696585.589055213,474.781005859375,-108.01441632558505,3.835859915512825,2.1602275973863065,899,frame_000899.png
4000,4000,4000,1272,0.318,889,0.6988993710691824,1272,873,0.6863207547169812,445654.80663690186,5696585.082735637,474.5983632719202,0.13530827447539195,-0.5101144211366773,-0.17739356401727946,-109.24674358044935,3.2753899968274642,0.38388889804208126,-1.2044564624954148,0.13599702533764457,-1.8670976117350904,1.4809444,0.67851365,873,0.6863207547169812,445654.80663690186,5696585.082735637,474.5983632719194,0.13530827447539195,-0.5101144211366773,-0.17739356401807527,-109.24674358045013,3.2753899968498614,0.38388889805865795,-1.2044564624961822,0.13599702536004088,-1.8670976117185205,1.4809444,0.67851365,445654.6713286274,5696585.592850058,474.7757568359375,-108.04228711795393,3.1393929714898237,2.2509865097771784,900,frame_000900.png
4000,4000,4000,1231,0.30775,894,0.7262388302193339,1231,789,0.6409423233143785,445654.7868371686,5696585.148011552,474.6125783330632,0.12270280299708247,-0.4448815817013383,-0.17175394232742747,-109.34281470722917,2.985990683681023,0.5539036207735795,-1.2716069648633095,-0.20581075897075607,-1.3821751202834207,1.5162728,0.70304614,789,0.6409423233143785,445654.7868371686,5696585.148011552,474.6125783330474,0.12270280299708247,-0.4448815817013383,-0.17175394234322994,-109.34281470725422,2.9859906842049093,0.5539036208585364,-1.271606964888349,-0.20581075844688712,-1.3821751201984682,1.5162728,0.70304614,445654.6641343656,5696585.592893134,474.7843322753906,-108.07120774236586,3.191801442651784,1.9360787410570073,901,frame_000901.png
4000,4000,4000,1363,0.34075,985,0.7226705796038151,1363,799,0.5862068965517241,445654.75442952366,5696585.0736813815,474.59156620641994,0.09638467786135152,-0.5242010103538632,-0.18788325647068405,-109.4038331378837,3.3259370080975046,0.5773649769448518,-1.290941125912866,0.16021208594045788,-1.3919294582822204,1.512336,0.7121188,799,0.5862068965517241,445654.75442952366,5696585.0736813815,474.59156620642193,0.09638467786135152,-0.5242010103538632,-0.18788325646869453,-109.40383313787743,3.3259370079917487,0.5773649769410052,-1.2909411259065848,0.1602120858347007,-1.3919294582860857,1.512336,0.7121188,445654.6580448458,5696585.597882392,474.7794494628906,-108.11289201197084,3.165724922157055,1.969294435227083,902,frame_000902.png
4000,4000,4000,1288,0.322,873,0.6777950310559007,1288,880,0.6832298136645962,445654.7704247485,5696585.120755545,474.5967026445672,0.11235685378778726,-0.48696595523506403,-0.17447655465161915,-109.43145385533269,3.504662481514029,-0.29440053641563857,-1.2057479585050714,0.052648112206753694,-3.003133029249824,1.5056217,0.7027725,880,0.6832298136645962,445654.77042474854,5696585.120755544,474.5967026444944,0.11235685384599492,-0.4869659561663866,-0.17447655472437873,-109.4314538553835,3.5046624841160146,-0.2944005351561501,-1.2057479585558895,0.05264811480873277,-3.003133027990316,1.5056217,0.7027725,445654.6580678947,5696585.6077215,474.7711791992188,-108.22570589682762,3.4520143693072787,2.7087324928341774,903,frame_000903.png
4000,4000,4000,1149,0.28725,768,0.6684073107049608,1149,739,0.6431679721496953,445654.74353230774,5696585.155199367,474.59745640751345,0.0850323861814104,-0.4553088890388608,-0.17299036983030192,-109.42493717606847,3.6513370886315655,-0.29781397556731526,-1.2087087800475729,-0.05096193770438617,-2.82672879158622,1.4774618,0.7084029,739,0.6431679721496953,445654.74353230686,5696585.155199366,474.5974564072762,0.08503238530829549,-0.4553088899701834,-0.17299037006756635,-109.42493717617843,3.65133709554451,-0.29781397827706585,-1.208708780157508,-0.05096193079143063,-2.826728794295974,1.4774618,0.7084029,445654.65849992156,5696585.610508256,474.77044677734375,-108.21622839602091,3.7022990263359508,2.5289148160188977,904,frame_000904.png
4000,4000,4000,1431,0.35775,1014,0.7085953878406709,1431,840,0.5870020964360587,445654.7842085476,5696585.074204085,474.58621992114405,0.12652718659956008,-0.5409602541476488,-0.17967973705907525,-109.2944930844699,3.4704664097761944,0.7385007025979052,-1.1150753533588613,0.32506754500869306,-1.133601477138086,1.4991962,0.73775595,840,0.5870020964360587,445654.7842085476,5696585.074204085,474.58621992113564,0.12652718659956008,-0.5409602541476488,-0.17967973706748808,-109.29449308448429,3.4704664101348333,0.7385007027537888,-1.1150753533732427,0.3250675453673182,-1.1336014769822214,1.4991962,0.73775595,445654.657681361,5696585.61516434,474.7658996582031,-108.17941773111104,3.145398864767515,1.8721021797360018,905,frame_000905.png
4000,4000,4000,1384,0.346,979,0.7073699421965318,1384,878,0.634393063583815,445654.72997680143,5696585.068409958,474.59115698953883,0.08318486087955534,-0.5350473010912538,-0.1746816335080439,-110.20892109685303,2.8739971219813287,-0.9896719680968611,-1.0652457897513727,0.45490790726785235,-4.3523667660512615,1.5114595,0.71114814,878,0.634393063583815,445654.72997680126,5696585.068409957,474.5911569894963,0.08318486070493236,-0.5350473020225763,-0.17468163355056276,-110.20892109693555,2.8739971238201156,-0.989671968594741,-1.0652457898339094,0.45490790910662326,-4.352366766549153,1.5114595,0.71114814,445654.64679194055,5696585.603457259,474.7658386230469,-109.14367530710165,2.419089214713487,3.3626947979544135,906,frame_000906.png
4000,4000,4000,1382,0.3455,1015,0.7344428364688856,1382,854,0.61794500723589,445654.618809748,5696585.107112067,474.6498529936513,0.036983172583859414,-0.4835597025230527,-0.17015433056752727,-110.03790688863542,2.1533340474410188,4.671470353983127,-1.1463347581414212,-0.08894365548638916,6.938666494729887,1.467278,0.7151722,854,0.61794500723589,445654.618809748,5696585.107112067,474.64985299365196,0.036983172583859414,-0.4835597025230527,-0.17015433056684515,-110.03790688863438,2.1533340474086935,4.67147035399499,-1.1463347581403696,-0.08894365551870465,6.938666494741739,1.467278,0.7151722,445654.5818265754,5696585.590671769,474.8200073242188,-108.891572130494,2.2422777029273986,-2.2671961407467527,907,frame_000907.png
4000,4000,4000,1361,0.34025,1047,0.769287288758266,1361,791,0.5811903012490816,445654.5956847993,5696585.064327702,474.6597839361186,0.06229288212489337,-0.5234973775222898,-0.177221679115803,-109.86646052047855,1.0827230757784179,5.453910779878571,-1.0923511113922189,0.10905120142817282,8.320722466596521,1.4666414,0.7034983,791,0.5811903012490816,445654.5956847993,5696585.064327702,474.65978393610663,0.06229288212489337,-0.5234973775222898,-0.17722167912774012,-109.8664605205487,1.0827230764930367,5.453910779983887,-1.0923511114623636,0.10905120214280828,8.320722466701824,1.4666414,0.7034983,445654.5333919172,5696585.587825079,474.8370056152344,-108.77410940908634,0.9736718743502336,-2.866811686717949,908,frame_000908.png
4000,4000,4000,1396,0.349,1037,0.7428366762177651,1396,872,0.6246418338108882,445654.5389508741,5696585.051715529,474.65504166308534,0.08674160041846335,-0.5384582849219441,-0.19502547558653305,-109.77959660946736,1.1894600991163256,4.680255645729104,-1.098043938827459,0.23712057350314808,6.76581289571584,1.5140555,0.70210403,872,0.6246418338108882,445654.5389508741,5696585.051715529,474.6550416630883,0.08674160041846335,-0.5384582849219441,-0.1950254755835772,-109.77959660945913,1.1894600989777295,4.680255645733463,-1.0980439388192167,0.2371205733645354,6.765812895720188,1.5140555,0.70210403,445654.4522092737,5696585.5901738135,474.8500671386719,-108.68155267063992,0.952339525613188,-2.0855572499867354,909,frame_000909.png
4000,4000,4000,1557,0.38925,1004,0.6448298008991651,1557,951,0.6107899807321773,445654.5058648917,5696585.133404711,474.6617348353391,0.0765120989526622,-0.4596313973888755,-0.18659280137973155,-109.526406518735,1.789724121807515,3.8709373151698316,-1.1469454150948764,-0.1999728217926986,5.260876092848861,1.4712418,0.71006304,951,0.6107899807321773,445654.50586489175,5696585.133404711,474.6617348353415,0.07651209901086986,-0.4596313973888755,-0.1865928013772873,-109.5264065187222,1.7897241216637656,3.87093731531148,-1.1469454150820866,-0.1999728219364556,5.2608760929905145,1.4712418,0.71006304,445654.42935279274,5696585.593036109,474.8483276367188,-108.37946110364012,1.989696943600211,-1.3899387776790277,910,frame_000910.png
4000,4000,4000,1396,0.349,807,0.578080229226361,1396,911,0.6525787965616046,445654.549720595,5696585.102921191,474.6462699855217,0.12988643947755918,-0.5013180486857891,-0.1961982761970944,-109.22781385195147,3.0506331008219614,2.9579318981214024,-1.147975852204297,0.09817849731388151,3.302144449943796,1.5162232,0.69467187,911,0.6525787965616046,445654.549720595,5696585.102921191,474.64626998552893,0.12988643947755918,-0.5013180486857891,-0.1961982761898753,-109.22781385192158,3.0506331003947658,2.9579318981961675,-1.1479758521744259,0.0981784968866748,3.3021444500185453,1.5162232,0.69467187,445654.41983415553,5696585.604239239,474.8424682617188,-108.07983799974716,2.9524546035080848,-0.34421255182238925,911,frame_000911.png
4000,4000,4000,1389,0.34725,983,0.7077033837293016,1389,865,0.6227501799856011,445654.5455306873,5696585.1464662505,474.64065814813733,0.12975734658539295,-0.47128558717668056,-0.19939922490954132,-109.17019346180186,2.7802339240285283,3.2929483701574584,-1.1875769440742374,-0.09470709438741665,3.981273034836022,1.5120676,0.7019804,865,0.6227501799856011,445654.54553068755,5696585.1464662505,474.64065814815115,0.1297573468182236,-0.47128558717668056,-0.19939922489572837,-109.1701934617287,2.7802339229231103,3.2929483708577862,-1.18757694400108,-0.09470709549285061,3.981273035536333,1.5120676,0.7019804,445654.41577334073,5696585.617751838,474.8400573730469,-107.98261651772764,2.8749410184159525,-0.688324664678555,912,frame_000912.png
4000,4000,4000,1465,0.36625,1033,0.7051194539249147,1465,914,0.6238907849829352,445654.53088038083,5696585.2088167565,474.6588286249436,0.116346147027798,-0.4363756440579891,-0.1881257207595013,-109.44596991850953,3.419058998061499,3.10208722676492,-1.1083368464542218,-0.15241288747387216,3.9201818750476036,1.4829243,0.72062963,914,0.6238907849829352,445654.53088038106,5696585.2088167565,474.65882862495596,0.11634614726062864,-0.4363756440579891,-0.18812572074716627,-109.44596991845002,3.4190589969650014,3.102087227476483,-1.1083368463947068,-0.1524128885703533,3.9201818757591695,1.4829243,0.72062963,445654.4145342338,5696585.645192401,474.8469543457031,-108.33763307205533,3.5714718855353613,-0.8180946482826777,913,frame_000913.png
4000,4000,4000,1325,0.33125,936,0.7064150943396227,1325,765,0.5773584905660377,445654.5011022795,5696585.131930101,474.6389265753919,0.09197963203769177,-0.526905563659966,-0.21162884452996877,-109.41943391550686,3.8263692365298034,3.758285082832122,-1.2708337821078999,0.30898477553236603,4.965074614714808,1.4376004,0.7237992,765,0.5773584905660377,445654.5011022796,5696585.131930101,474.63892657538696,0.09197963209589943,-0.526905563659966,-0.21162884453491415,-109.41943391551396,3.8263692367367823,3.758285083065417,-1.2708337821150053,0.3089847757393329,4.965074614948094,1.4376004,0.7237992,445654.4091226475,5696585.658835664,474.8505554199219,-108.14860013339896,3.51738446099744,-1.2067895318826771,914,frame_000914.png
4000,4000,4000,1383,0.34575,920,0.6652205350686913,1383,958,0.6926970354302241,445654.49132197973,5696585.192437911,474.63614621261104,0.08658611797727644,-0.48144202772527933,-0.2058642854358368,-109.2624078772821,2.3467496886638344,3.7776888066787744,-1.2581563962634732,0.00273954472834248,5.1736643098315085,1.4687334,0.70621836,958,0.6926970354302241,445654.4913219798,5696585.192437911,474.6361462125923,0.0865861180354841,-0.48144202772527933,-0.20586428545459512,-109.26240787732713,2.3467496896946622,3.7776888071197834,-1.2581563963085216,0.0027395457591694594,5.173664310272528,1.4687334,0.70621836,445654.40473586175,5696585.673879939,474.8420104980469,-108.00425148101861,2.344010143935479,-1.395975503152746,915,frame_000915.png
4000,4000,4000,1274,0.3185,963,0.7558869701726845,1274,816,0.640502354788069,445654.528108299,5696585.203884787,474.625280552756,0.12265067221596837,-0.47437954135239124,-0.1970766249783651,-109.29287333133769,3.3291707221828557,2.998582529321845,-1.1969760735160548,-0.003584873708575742,3.510266560964226,1.4599673,0.7031028,816,0.640502354788069,445654.52810829907,5696585.203884787,474.62528055275817,0.12265067227417603,-0.47437954135239124,-0.19707662497620504,-109.2928733313247,3.3291707220587576,2.998582529444354,-1.1969760735030945,-0.0035848738326649254,3.5102665610867234,1.4599673,0.7031028,445654.4054576268,5696585.678264328,474.8223571777344,-108.09589725782162,3.3327555958914266,-0.5116840316423812,916,frame_000916.png
4000,4000,4000,1432,0.358,1004,0.7011173184357542,1432,843,0.5886871508379888,445654.5624100859,5696585.209100611,474.62809272564306,0.15606252005090937,-0.46937828604131937,-0.1910295888100677,-109.2377582341765,3.079200389746574,3.4585772930931302,-1.2617375371496564,-0.11022488685014764,4.241374352031016,1.4750441,0.7118563,843,0.5886871508379888,445654.56241008604,5696585.209100611,474.6280927256434,0.1560625201673247,-0.46937828604131937,-0.19102958880972665,-109.23775823417301,3.0792003896572293,3.4585772937079375,-1.261737537146189,-0.11022488693947707,4.241374352645835,1.4750441,0.7118563,445654.4063475659,5696585.678478897,474.8191223144531,-107.97602069702683,3.189425276596714,-0.7827970589378851,917,frame_000917.png
4000,4000,4000,1487,0.37175,942,0.6334902488231339,1487,919,0.6180228648285138,445654.53415612254,5696585.222512313,474.6180038894652,0.12248939916025847,-0.45873334631323814,-0.1945266281129534,-109.12175221842924,2.427657722485241,3.4854564338838854,-1.2465838969671381,-0.17300527389312492,4.501372442585193,1.4748533,0.7464176,919,0.6180228648285138,445654.53415612265,5696585.222512313,474.6180038894361,0.1224893992766738,-0.45873334631323814,-0.1945266281420004,-109.12175221852334,2.4276577247617097,3.4854564352345094,-1.246583897061214,-0.17300527161665968,4.501372443935821,1.4748533,0.7464176,445654.4116667234,5696585.6812456595,474.8125305175781,-107.87516832146211,2.6006629963783743,-1.015916008701303,918,frame_000918.png
4000,4000,4000,1332,0.333,970,0.7282282282282282,1332,900,0.6756756756756757,445654.5327839761,5696585.265418219,474.6202111053373,0.1128993802703917,-0.4183533899486065,-0.1935095977876813,-109.41030470384491,3.2642607341164145,2.0539502895249164,-1.2138961170133484,-0.2893757821983911,1.8235267659687793,1.5117844,0.7183187,900,0.6756756756756757,445654.5327839761,5696585.265418219,474.6202111053354,0.1128993802703917,-0.4183533899486065,-0.19350959778961396,-109.41030470386941,3.2642607345706884,2.0539502898064046,-1.213896117037848,-0.2893757817441269,1.8235267662502679,1.5117844,0.7183187,445654.41988459585,5696585.683771609,474.813720703125,-108.19640858683157,3.553636516314803,0.23042352355613108,919,frame_000919.png
4000,4000,4000,1381,0.34525,814,0.5894279507603186,1381,946,0.6850108616944244,445654.5656014986,5696585.2105765855,474.6208425898669,0.1131302114808932,-0.480396238155663,-0.19107757614870025,-109.55900473861011,4.085317107367333,1.881710454178167,-1.2492084854918062,-0.05907483003738889,1.2155267943726926,1.4670864,0.7309746,946,0.6850108616944244,445654.56560149806,5696585.210576584,474.6208425896634,0.11313021095702425,-0.48039624001830816,-0.19107757635219969,-109.55900473915524,4.085317117375158,1.881710454452781,-1.2492084860369346,-0.05907482002953657,1.2155267946473032,1.4670864,0.7309746,445654.4524712871,5696585.690972824,474.8119201660156,-108.30979625311831,4.144391937404708,0.6661836598054838,920,frame_000920.png
4000,4000,4000,1330,0.3325,956,0.718796992481203,1330,851,0.6398496240601503,445654.5710981327,5696585.210814187,474.6324348045378,0.11954500863794237,-0.4686304535716772,-0.18314747085281624,-109.0702702280426,2.5856730840200126,3.07375592232728,-1.1680648180557682,-0.07784548089568943,3.828039473358615,1.4622124,0.70849633,851,0.6398496240601503,445654.5710981327,5696585.210814187,474.6324348045384,0.11954500863794237,-0.4686304535716772,-0.1831474708522478,-109.0702702280414,2.5856730839897533,3.0737559223288313,-1.1680648180545745,-0.07784548092595855,3.8280394733601497,1.4622124,0.70849633,445654.45155312406,5696585.679444641,474.8155822753906,-107.90220540998683,2.6635185649157065,-0.7542835510313255,921,frame_000921.png
4000,4000,4000,1272,0.318,869,0.6831761006289309,1272,811,0.6375786163522013,445654.55003801663,5696585.180828515,474.623217754868,0.0939472060999833,-0.4921098416671157,-0.18385011622575576,-109.12094306276671,3.0746008310944952,2.9608553903745776,-1.2288309728171498,0.07152725027279416,3.583318308405069,1.4654461,0.74159914,811,0.6375786163522013,445654.55003801663,5696585.180828515,474.62321775486856,0.0939472060999833,-0.4921098416671157,-0.18385011622518732,-109.1209430627653,3.074600831064323,2.9608553903710577,-1.2288309728157571,0.07152725024263873,3.5833183084015445,1.4654461,0.74159914,445654.45609081053,5696585.672938357,474.80706787109375,-107.89211208994955,3.003073580821694,-0.6224629180304885,922,frame_000922.png
4000,4000,4000,1225,0.30625,850,0.6938775510204082,1225,786,0.6416326530612245,445654.582450527,5696585.108777597,474.60623329043574,0.1175507006701082,-0.5487790061160922,-0.19888145565801096,-109.25577784423035,3.1104218693118932,3.394269560278236,-1.2842031100478266,0.3068839308873521,4.2039293576108605,1.4846822,0.7233901,786,0.6416326530612245,445654.582450527,5696585.108777597,474.60623329042903,0.1175507006701082,-0.5487790061160922,-0.1988814556647185,-109.25577784423875,3.1104218697165793,3.394269560518925,-1.2842031100562394,0.30688393129204883,4.203929357851564,1.4846822,0.7233901,445654.46489982633,5696585.657556603,474.80511474609375,-107.97157473418252,2.8035379384245416,-0.8096597973326245,923,frame_000923.png
4000,4000,4000,1578,0.3945,1170,0.7414448669201521,1578,929,0.5887198986058302,445654.6075448035,5696585.1395202605,474.6098397540502,0.1384096866240725,-0.5081677418202162,-0.1883780193873008,-109.26990369509788,1.9710011250636275,3.4509944276077325,-1.3023751257229037,-0.0627142738810278,4.257339446579181,1.5141388,0.74789196,929,0.5887198986058302,445654.6075448036,5696585.1395202605,474.60983975406424,0.13840968668228015,-0.5081677418202162,-0.18837801937326049,-109.2699036950419,1.9710011241524361,3.450994427671903,-1.302375125666913,-0.0627142747922278,4.257339446643357,1.5141388,0.74789196,445654.4691351169,5696585.647688002,474.7982177734375,-107.96752856937498,2.0337153989446644,-0.806345018971459,924,frame_000924.png
4000,4000,4000,1480,0.37,992,0.6702702702702703,1480,979,0.6614864864864864,445654.5908441208,5696585.1693035355,474.6101878600021,0.10456277371849865,-0.4668408837169409,-0.18037000132602543,-109.40765572772625,3.025163330057134,2.9962654007430314,-1.3403269277473555,-0.12571489567918093,3.598421379560989,1.4937563,0.71660966,979,0.6614864864864864,445654.59084412083,5696585.1693035355,474.61018785999875,0.10456277377670631,-0.4668408837169409,-0.1803700013293792,-109.40765572774536,3.0251633304354297,2.996265401189502,-1.3403269277664833,-0.12571489530088797,3.5984213800074656,1.4937563,0.71660966,445654.48628134705,5696585.636144419,474.7905578613281,-108.06732879997888,3.150878225736325,-0.6021559788179522,925,frame_000925.png
4000,4000,4000,1438,0.3595,996,0.6926286509040334,1438,935,0.6502086230876217,445654.6400437429,5696585.096066951,474.6040195860361,0.13828577584354207,-0.5343605726957321,-0.18919330458891181,-109.29042608499942,2.8971227416374377,1.766758734745289,-1.2766020150879456,0.2660882303036658,1.0590997018087194,1.451946,0.7113806,935,0.6502086230876217,445654.64004374295,5696585.096066951,474.6040195860379,0.13828577590174973,-0.5343605726957321,-0.18919330458709283,-109.29042608499272,2.8971227414794223,1.7667587350723752,-1.276602015081238,0.2660882301456695,1.0590997021357964,1.451946,0.7113806,445654.50175796705,5696585.6304275235,474.793212890625,-108.01382406991148,2.6310345113337616,0.7076590329365733,926,frame_000926.png
4000,4000,4000,1411,0.35275,1058,0.7498228206945429,1411,814,0.5768958185683912,445654.59151206963,5696585.101929943,474.59846175015053,0.08169516862835735,-0.5250401366502047,-0.18956315219321596,-109.00471017377927,2.318863657658175,2.5286192689735345,-1.379927246812997,0.25124530379594034,3.1111415734259538,1.5028996,0.71251494,814,0.5768958185683912,445654.59151206946,5696585.101929943,474.5984617501516,0.08169516845373437,-0.5250401366502047,-0.18956315219213593,-109.0047101738153,2.318863658134194,2.5286192684290847,-1.3799272468490074,0.25124530427194713,3.111141572881479,1.5028996,0.71251494,445654.509816901,5696585.62697008,474.78802490234375,-107.62478292696629,2.067618353862234,-0.5825223044524055,927,frame_000927.png
4000,4000,4000,1421,0.35525,909,0.6396903589021815,1421,900,0.633356790992259,445654.635214605,5696585.118872656,474.60311176449846,0.11889877897920087,-0.5055578472092748,-0.1956553253452853,-108.88863978889836,2.4675993290926943,3.2354750384621376,-1.2894691139241559,-0.08005928725344802,3.920483310049889,1.4795641,0.729294,900,0.633356790992259,445654.635214605,5696585.118872656,474.60311176449284,0.11889877897920087,-0.5055578472092748,-0.1956553253509128,-108.88863978891004,2.467599329384218,3.2354750385780093,-1.2894691139358656,-0.08005928696192655,3.920483310165764,1.4795641,0.729294,445654.51631582604,5696585.624430503,474.79876708984375,-107.59917067497419,2.547658616346147,-0.6850082715877407,928,frame_000928.png
4000,4000,4000,1417,0.35425,932,0.6577275935074101,1417,927,0.6541990119971771,445654.6602465092,5696585.156031904,474.607983843062,0.1253923142212443,-0.469220619648695,-0.1913325631879843,-109.35017412659543,3.0513266829227064,0.5949914806791669,-1.3099552930012237,0.018891341349387858,-1.164379761443314,1.477762,0.68239015,927,0.6541990119971771,445654.66024650924,5696585.156031904,474.6079838430513,0.12539231427945197,-0.469220619648695,-0.1913325631987277,-109.35017412660628,3.0513266835539294,0.5949914811104874,-1.3099552930120808,0.018891341980634024,-1.1643797610119861,1.477762,0.68239015,445654.53485419496,5696585.625252523,474.79931640625,-108.04021883359421,3.032435341573308,1.7593712421224788,929,frame_000929.png
4000,4000,4000,1447,0.36175,995,0.6876295784381479,1447,1005,0.6945404284727021,445654.70150740765,5696585.136266604,474.61787477333144,0.11183882266050205,-0.47671791445463896,-0.16453489463737014,-109.43224915539497,2.6963450432873035,-0.9810729066577849,-1.2535872553241347,0.07590921566171005,-4.290933086928874,1.4945102,0.7022685,1005,0.6945404284727021,445654.70150740765,5696585.136266604,474.61787477333274,0.11183882266050205,-0.47671791445463896,-0.16453489463606275,-109.43224915539508,2.696345043331949,-0.9810729064775282,-1.2535872553242484,0.07590921570636056,-4.290933086748623,1.4945102,0.7022685,445654.589668585,5696585.6129845185,474.7824096679688,-108.17866190007084,2.620435827625583,3.309860180271085,930,frame_000930.png
4000,4000,4000,1443,0.36075,956,0.6625086625086625,1443,963,0.6673596673596673,445654.7280038219,5696585.12062213,474.6370286305386,0.1301314816228114,-0.48122619837522507,-0.17086321516450198,-109.1805869175835,2.1246879181962317,1.4273442858661691,-1.2646457357794816,-0.1502554337885158,0.3898665419449401,1.503923,0.70340574,963,0.6673596673596673,445654.728003822,5696585.120622129,474.6370286305255,0.13013148168101907,-0.48122619930654764,-0.1708632151776328,-109.18058691762279,2.1246879192403565,1.427344286603388,-1.2646457358187604,-0.15025543274438746,0.3898665426821424,1.503923,0.70340574,445654.5978723403,5696585.6018483285,474.8078918457031,-107.91594118180403,2.274943351984735,1.0374777439212386,931,frame_000931.png
4000,4000,4000,1298,0.3245,883,0.6802773497688752,1298,895,0.689522342064715,445654.6970242125,5696585.124893839,474.634638181359,0.10101608996046707,-0.4661543210968375,-0.1815239280160199,-109.00875869309304,2.5855447372309777,0.2843469785101125,-1.2610937630499848,-0.49837021269570414,-1.1461064710052256,1.4646078,0.70380497,895,0.689522342064715,445654.6970242125,5696585.124893839,474.63463818135574,0.10101608996046707,-0.4661543210968375,-0.18152392801925998,-109.00875869308996,2.585544737204318,0.2843469783522953,-1.2610937630469152,-0.4983702127223637,-1.1461064711630229,1.4646078,0.70380497,445654.59600812255,5696585.59104816,474.816162109375,-107.74766493004304,3.0839149499266845,1.4304534495153247,932,frame_000932.png
4000,4000,4000,1406,0.3515,971,0.6906116642958748,1406,962,0.6842105263157895,445654.70795115316,5696585.114069002,474.6245030377693,0.1198070552200079,-0.4669342767447233,-0.19107923762135215,-109.09439961866737,2.172902622344666,1.6388376667970335,-1.2587570754941453,-0.12286980198453534,0.7897126085712216,1.4713702,0.705087,962,0.6842105263157895,445654.70795115316,5696585.114069002,474.62450303776797,0.1198070552200079,-0.4669342767447233,-0.19107923762265955,-109.09439961866843,2.1729026224442283,1.6388376668625755,-1.2587570754951969,-0.1228698018849741,0.7897126086367621,1.4713702,0.705087,445654.58814409794,5696585.5810032785,474.8155822753906,-107.83564254317324,2.295772424329205,0.8491250582258246,933,frame_000933.png
4000,4000,4000,1538,0.3845,955,0.6209362808842653,1538,1042,0.6775032509752926,445654.72203333897,5696585.085582162,474.6184549418514,0.1335849578026682,-0.4918814292177558,-0.1848897847111175,-108.94760646236175,1.9524682874524124,2.3609084440987513,-1.1806863656858582,-0.0312646357189692,2.2680209320259053,1.469668,0.72215134,1042,0.6775032509752926,445654.72203333944,5696585.085582162,474.61845494186844,0.1335849582683295,-0.4918814292177558,-0.18488978469406447,-108.9476064623076,1.952468287712753,2.3609084467323234,-1.1806863656316864,-0.031264635458626344,2.268020934659461,1.469668,0.72215134,445654.58844838117,5696585.5774635915,474.8033447265625,-107.7669200966759,1.9837329231713745,0.09288751207285484,934,frame_000934.png
4000,4000,4000,1351,0.33775,856,0.6336047372316802,1351,866,0.6410066617320503,445654.7242201339,5696585.039091574,474.6130701634547,0.1288171891355887,-0.5367960594594479,-0.1897862818577778,-109.2641371175423,3.201226538323222,1.940655100699816,-1.275311240752842,0.20698393051654307,1.2854627644230163,1.4520518,0.709645,866,0.6410066617320503,445654.7242201339,5696585.039091574,474.6130701634544,0.1288171891355887,-0.5367960594594479,-0.18978628185811885,-109.26413711754275,3.201226538338807,1.9406551007113626,-1.2753112407532967,0.20698393053211817,1.2854627644345555,1.4520518,0.709645,445654.5954029448,5696585.5758876335,474.8028564453125,-107.98882587678946,2.9942426078066893,0.6551923362768088,935,frame_000935.png
4000,4000,4000,1394,0.3485,910,0.6527977044476327,1394,851,0.6104734576757532,445654.7825787781,5696585.115036266,474.6299698429605,0.16047981759766117,-0.4535029772669077,-0.16571497149260495,-109.03940633249208,2.6370282510476644,0.6534209440721498,-1.2876001026089057,-0.28612325935719696,-1.3802481977374157,1.4858029,0.7329147,851,0.6104734576757532,445654.78257877566,5696585.115036263,474.6299698424772,0.1604798151529394,-0.4535029800608754,-0.16571497197594454,-109.03940633332343,2.63702827323759,0.6534209374348935,-1.287600103440269,-0.28612323716725996,-1.3802482043746807,1.4858029,0.73291475,445654.6220989605,5696585.568539243,474.7956848144531,-107.75180622988316,2.9231515104048547,2.0336691418095776,936,frame_000936.png
4000,4000,4000,1419,0.35475,946,0.6666666666666666,1419,864,0.6088794926004228,445654.7958586324,5696585.052753323,474.6178927807574,0.17033303051721305,-0.5074898963794112,-0.17879911377389135,-108.98122004009888,1.76910705876159,1.3563166897904715,-1.189186126620882,0.048196860665683516,0.07459369347347433,1.4842377,0.71909547,864,0.6088794926004228,445654.79585863254,5696585.052753323,474.61789278077225,0.17033303063362837,-0.5074898963794112,-0.17879911375905522,-108.98122004005036,1.769107057970873,1.3563166904856512,-1.1891861265723662,0.04819685987496314,0.07459369416864092,1.4842377,0.71909547,445654.6255256019,5696585.560243219,474.7966918945313,-107.792033913478,1.7209101980959112,1.2817229963170111,937,frame_000937.png
4000,4000,4000,1356,0.339,895,0.6600294985250738,1356,943,0.6954277286135693,445654.755478589,5696585.063928134,474.6339742705911,0.12356057553552091,-0.4892146345227957,-0.16726474308075012,-109.02463865114174,1.6346334150752444,0.6527257938099643,-1.2626719423963664,-0.05770841003715077,-1.1766081211107178,1.4677414,0.7280892,943,0.6954277286135693,445654.75547858886,5696585.063928134,474.6339742705772,0.12356057541910559,-0.4892146345227957,-0.16726474309467676,-109.02463865117286,1.6346334158945428,0.6527257934168392,-1.2626719424275166,-0.057708409217866574,-1.1766081215038469,1.4677414,0.7280892,445654.63191801345,5696585.553142768,474.8012390136719,-107.76196670874536,1.6923418251123978,1.8293339149206862,938,frame_000938.png
4000,4000,4000,1376,0.344,781,0.5675872093023255,1376,916,0.6656976744186046,445654.72582677664,5696584.990153713,474.61526249652945,0.08900711638852954,-0.5552090117707849,-0.18207026714242147,-109.03814856535335,2.3001346004932937,0.5993850460938953,-1.3087486589621733,0.40752780306172554,-1.1827901515878523,1.4853063,0.72461545,916,0.6656976744186046,445654.72582677664,5696584.990153713,474.6152624965297,0.08900711638852954,-0.5552090117707849,-0.1820702671421941,-109.03814856535304,2.3001346004866936,0.5993850460936071,-1.3087486589618607,0.4075278030551317,-1.182790151588165,1.4853063,0.72461545,445654.63681966026,5696585.545362725,474.7973327636719,-107.72939990639118,1.8926067974315552,1.7821751976817586,939,frame_000939.png
4000,4000,4000,1321,0.33025,853,0.6457229371688115,1321,780,0.5904617713853142,445654.78628201195,5696585.050035024,474.61029732216696,0.05362197972135618,-0.4862342160195112,-0.20482718955184964,-130.25232723841867,2.4959899209414664,1.9961432186093693,-1.3143465142116213,-0.2836763382255185,1.3270639925937076,1.4976066,0.71393913,780,0.5904617713853142,445654.78628201195,5696585.050035025,474.61029732222477,0.05362197972135618,-0.48623421508818865,-0.20482718949403989,-130.25232723822566,2.4959899179767473,1.996143216240312,-1.3143465140186095,-0.2836763411902439,1.3270639902246444,1.4976066,0.71393913,445654.7326600322,5696585.53626924,474.8151245117188,-128.93798072420705,2.779666259166979,0.6690792260156561,940,frame_000940.png
4000,4000,4000,1361,0.34025,882,0.6480529022777369,1361,834,0.6127847171197649,445654.836888131,5696585.062578303,474.62623689939016,-0.06228209799155593,-0.4723675949499011,-0.16529752443796042,-152.76635570803936,0.9459699189741693,-0.867481267448757,-0.40609593509745423,-0.26673420622276467,-4.312666992612662,1.4876572,0.71578974,834,0.6127847171197649,445654.83688813105,5696585.062578304,474.62623689940455,-0.06228209793334827,-0.47236759401857853,-0.16529752442357903,-152.7663557080053,0.9459699183159026,-0.8674812680225137,-0.406095935063405,-0.2667342068810399,-4.3126669931864114,1.4876572,0.71578974,445654.899170229,5696585.534945898,474.7915344238281,-152.3602597729419,1.2127041251969384,3.445185725163905,941,frame_000941.png
4000,4000,4000,1436,0.359,965,0.6720055710306406,1436,1003,0.6984679665738162,445654.8181825131,5696585.07309187,474.61517489396056,-0.22857713524717838,-0.4131314102560282,-0.1598190025238182,-174.91957420988825,1.3370202707907484,2.0638647949370643,-4.771796163919532,-0.03809886530825679,0.8152724350314315,1.4389751,0.72108054,1003,0.6984679665738162,445654.8181825125,5696585.073091869,474.61517489380753,-0.22857713588746265,-0.41313141118735075,-0.15981900267684068,-174.9195742102712,1.3370202746870017,2.0638648006411344,-4.771796164302486,-0.03809886141200991,0.8152724407354981,1.4389751,0.72108054,445655.04675964836,5696585.48622328,474.7749938964844,-170.14777804596872,1.3751191360990136,1.248592359905637,942,frame_000942.png
4000,4000,4000,1238,0.3095,883,0.7132471728594507,1238,770,0.6219709208400647,445654.88338267774,5696585.118620578,474.61458602484413,-0.40256795787718147,-0.20977637730538845,-0.2027357524996205,162.80726061299526,1.5028897172360465,5.239643581867876,-1.3468745927060866,-0.246722096699159,7.895210337875483,1.4498345,0.72942376,770,0.6219709208400647,445654.88338267757,5696585.118620579,474.6145860249188,-0.40256795805180445,-0.20977637637406588,-0.20273575242492825,162.80726061316827,1.502889719817847,5.239643577030413,-1.3468745925330836,-0.24672209411733093,7.8952103330380226,1.4498345,0.72942376,445655.2859506356,5696585.3283969555,474.81732177734375,164.15413520570135,1.7496118139351915,-2.655566756007598,943,frame_000943.png
4000,4000,4000,1341,0.33525,861,0.6420581655480985,1341,817,0.6092468307233407,445654.87502532953,5696585.172117002,474.6075831530788,-0.4808276231633499,-0.03751215711236,-0.2101658703587077,139.85518981646436,0.9003541184145493,4.962388745586414,-0.4553216547579666,0.025859357563717822,7.22775882219301,1.5272553,0.7199063,817,0.6092468307233407,445654.87502532953,5696585.172117002,474.6075831530777,-0.4808276231633499,-0.03751215711236,-0.21016587035978773,139.85518981646257,0.9003541182938168,4.9623887456439455,-0.45532165475975717,0.025859357443010822,7.227758822250536,1.5272553,0.7199063,445655.3558529527,5696585.209629159,474.8177490234375,140.31051147122233,0.874494760850819,-2.2653700766065916,944,frame_000944.png
4000,4000,4000,1240,0.31,809,0.6524193548387097,1240,735,0.592741935483871,445654.95801911183,5696585.162733807,474.6205500028158,-0.4137701149447821,0.09311600308865309,-0.17803398155922423,117.41820555450067,-0.5054895840501347,3.12039820422356,-4.863068173772689,-0.564760803464992,3.9413785282517324,1.5261536,0.7591495,735,0.592741935483871,445654.95801911206,5696585.162733807,474.62055000281873,-0.41377011471195146,0.09311600308865309,-0.17803398155626837,117.41820555455948,-0.5054895859288888,3.1203982038638114,-4.863068173713884,-0.5647608053437523,3.9413785278919704,1.5261536,0.7591495,445655.3717892268,5696585.069617804,474.798583984375,122.28127372827336,0.05927121941486608,-0.820980324028171,945,frame_000945.png
4000,4000,4000,1185,0.29625,736,0.6210970464135022,1185,699,0.589873417721519,445654.83708243445,5696585.205868172,474.5773455148,-0.48743806494167075,0.26095839496701956,-0.22065863559060972,105.83141644438427,-2.0803376187751943,2.53113587098771,-1.5568385334732682,-0.07464132567108095,2.217869774221157,1.481732,0.70056236,699,0.589873417721519,445654.83708243445,5696585.2058681715,474.577345514791,-0.48743806494167075,0.260958394035697,-0.22065863559964782,105.8314164443898,-2.080337619600363,2.531135871005577,-1.556838533467726,-0.07464132649624844,2.217869774239034,1.481732,0.70056236,445655.3245204994,5696584.9449097775,474.7980041503906,107.38825497785754,-2.0056962931041182,0.3132660967665466,946,frame_000946.png
4000,4000,4000,1202,0.3005,716,0.5956738768718802,1202,824,0.6855241264559068,445654.93674323085,5696585.252178121,474.60056002219625,-0.31839515949832276,0.3432477358728647,-0.15355985085062684,104.21905610585299,-2.6536624248500336,3.006631393526728,-1.6524375538305378,-0.20940461671119692,3.8587358949752115,1.4577364,0.72267896,824,0.6855241264559068,445654.93674323085,5696585.252178121,474.60056002217766,-0.31839515949832276,0.3432477358728647,-0.15355985086921464,104.21905610581182,-2.6536624263038324,3.0066313941054457,-1.6524375538717209,-0.20940461816499578,3.8587358955539344,1.4577364,0.72267896,445655.25513839035,5696584.9089303855,474.7541198730469,105.87149365968352,-2.444257808138834,-0.8521045014484876,947,frame_000947.png
4000,4000,4000,1361,0.34025,795,0.5841293166789125,1361,814,0.5980896399706098,445654.91475490225,5696585.291429964,474.6075264997678,-0.3274441966204904,0.36484955064952374,-0.1579459123415745,103.67558098074834,-2.06590863718992,5.0200299428133555,-1.6282521133464911,-0.04653078013458867,7.737194532779256,1.4718103,0.7009571,814,0.5980896399706098,445654.91475490225,5696585.291429964,474.60752649974194,-0.3274441966204904,0.36484955064952374,-0.15794591236743827,103.67558098071878,-2.0659086383721514,5.020029943213733,-1.6282521133760497,-0.04653078131681809,7.737194533179633,1.4718103,0.7009571,445655.24219909887,5696584.926580413,474.7654724121094,105.30383309409483,-2.019377857055341,-2.7171645899658867,948,frame_000948.png
4000,4000,4000,1189,0.29725,737,0.6198486122792263,1189,755,0.6349873843566022,445654.85998248024,5696585.298852506,474.6122947676855,-0.34507907793158665,0.33929220866411924,-0.16800918739261306,103.45074264391953,2.1486134026096675,3.2198847795941026,-1.5892165696213283,-0.3099963569387967,4.097445694821715,1.5266235,0.7470924,755,0.6349873843566022,445654.85998247995,5696585.298852503,474.61229476766226,-0.34507907822262496,0.3392922058701515,-0.16800918741586202,103.45074264311437,2.1486133899897824,3.2198847845027188,-1.589216570426487,-0.30999636955866094,4.0974456997303434,1.5266235,0.7470924,445655.20506155817,5696584.959560297,474.7803039550781,105.03995921354085,2.458609759548453,-0.8775609152276135,949,frame_000949.png
4000,4000,4000,1346,0.3365,851,0.6322436849925706,1346,829,0.6158989598811293,445654.8254747201,5696585.3961551525,474.61298583189506,-0.31056765851099044,0.3401515921577811,-0.19157959779244038,103.65668672185738,5.025288485038955,1.773516840659301,-1.5008034037887228,0.15064332834094785,1.4586192765356145,1.5034672,0.7101889,829,0.6158989598811293,445654.82547472016,5696585.3961551525,474.6129858318988,-0.3105676584527828,0.3401515921577811,-0.19157959778868872,103.65668672174507,5.0252884814189995,1.7735168413610294,-1.5008034039010454,0.1506433247209884,1.4586192772373465,1.5034672,0.7101889,445655.1360423786,5696585.05600356,474.8045654296875,105.1574901256461,4.8746451566980165,0.31489756412369213,950,frame_000950.png
4000,4000,4000,1159,0.28975,754,0.6505608283002589,1159,704,0.6074201898188093,445654.7265024889,5696585.5771519,474.6481484920604,-0.35835444083204493,0.41870301589369774,-0.19026093176773884,103.70688188420917,10.919971402198735,1.858541166613593,-1.5335060330360193,0.07256980416792658,1.3545628234838887,1.4456875,0.7286389,704,0.6074201898188093,445654.7265024889,5696585.577151899,474.6481484920562,-0.35835444083204493,0.41870301496237516,-0.19026093177194525,103.70688188417238,10.919971402051292,1.8585411668301133,-1.5335060330728254,0.07256980402047475,1.3545628237004053,1.4456875,0.7286389,445655.0848569297,5696585.158448884,474.8384094238281,105.2403879172452,10.847401598030816,0.5039783431296996,951,frame_000951.png
4000,4000,4000,938,0.2345,557,0.593816631130064,938,534,0.5692963752665245,445654.51408962696,5696586.350022755,474.7332778906588,-0.4401436882908456,0.7516620922833681,-0.22082367184117402,103.59771935499829,17.350037267401895,2.888037006490845,-1.55507412954222,0.3497197475740279,3.185554108768031,1.5093508,0.70843905,534,0.5692963752665245,445654.51408962696,5696586.350022755,474.73327789067207,-0.4401436882908456,0.7516620922833681,-0.2208236718279295,103.5977193549942,17.350037267085188,2.8880370065360377,-1.5550741295463126,0.3497197472573248,3.1855541088132213,1.5093508,0.70843905,445654.95423331525,5696585.598360662,474.9541015625,105.1527934845405,17.000317519827867,-0.2975171022771794,952,frame_000952.png
4000,4000,4000,852,0.213,638,0.7488262910798122,852,582,0.6830985915492958,445654.2356628109,5696587.791564071,474.96222802671844,-0.35990408924408257,0.7097203796729445,-0.2252719732815649,102.83628523387515,20.424184275796808,4.127457815056152,-1.5099835836720672,-0.05231215927844346,5.483470602864713,1.4701574,0.7174743,582,0.6830985915492958,445654.2356628115,5696587.791564071,474.96222802686856,-0.35990408866200596,0.7097203796729445,-0.22527197313144143,102.83628523462438,20.424184275467525,4.127457811978281,-1.509983582922814,-0.052312159607737385,5.483470599786841,1.4701574,0.7174743,445654.59556690016,5696587.081843691,475.1875,104.3462688175472,20.476496435075262,-1.3560127878085546,953,frame_000953.png
4000,4000,4000,827,0.20675,536,0.6481257557436517,827,537,0.6493349455864571,445653.90446677187,5696588.907233575,475.0385417606275,-0.508606877818238,1.0667215017601848,-0.22653392296626862,102.75507293633956,21.023794765915714,4.037771662734351,-1.574415666397499,0.3188848521643024,5.284285452948922,1.5165104,0.70852846,537,0.6493349455864571,445653.90446677106,5696588.9072335735,475.03854176081444,-0.5086068786331452,1.0667214998975396,-0.22653392277931061,102.75507293416547,21.023794758630025,4.037771669182698,-1.5744156685715893,0.31888484487862456,5.2842854593972675,1.5165104,0.70852846,445654.4130736497,5696587.840512074,475.26507568359375,104.32948860273706,20.7049099137514,-1.2465137902145802,954,frame_000954.png
4000,4000,4000,908,0.227,735,0.8094713656387665,908,603,0.6640969162995595,445653.6274234633,5696590.224438837,475.1921997422015,-0.5692699496867135,1.4866649899631739,-0.1719054824078512,102.39821095923658,20.50431781063622,5.156349280334451,-1.4932930630441206,0.3512806091465279,7.865054752599946,1.4468495,0.7120615,603,0.6640969162995595,445653.6274234631,5696590.224438837,475.19219974214616,-0.5692699498613365,1.4866649899631739,-0.17190548246321669,102.39821095898795,20.504317810844352,5.156349281379704,-1.4932930632927537,0.3512806093546601,7.8650547536451825,1.4468495,0.7120615,445654.19669341296,5696588.737773847,475.3641052246094,103.8915040222807,20.153037201489692,-2.7087054722654873,955,frame_000955.png
4000,4000,4000,885,0.22125,654,0.7389830508474576,885,646,0.7299435028248588,445653.2297703465,5696591.734781692,475.33332107939,-0.4215345219708979,0.7936235591769218,-0.24459029756314976,102.74610385733173,19.569054784009552,5.373137684518531,-1.4425557171039145,0.15220163260178765,8.150237675703124,1.4852518,0.7376741,646,0.7299435028248588,445653.2297703464,5696591.734781692,475.33332107940026,-0.4215345220291056,0.7936235591769218,-0.2445902975528611,102.74610385726963,19.569054783594474,5.3731376847949734,-1.442555717166016,0.152201632186717,8.150237675979554,1.4852518,0.7376741,445653.65130486846,5696590.941158133,475.5779113769531,104.18865957443565,19.416853151407757,-2.777099991184585,956,frame_000956.png
4000,4000,4000,1031,0.25775,730,0.7080504364694471,1031,670,0.6498545101842871,445652.7724341229,5696593.3706652485,475.49515872744007,-0.5589101503719576,1.1347192069515586,-0.19029659482555417,103.71068916991568,15.50577357891449,5.609733220399143,-1.5769787438875937,-0.08319552508083916,8.31788994503637,1.4657857,0.6824978,670,0.6498545101842871,445652.7724341225,5696593.370665249,475.49515872707065,-0.5589101507794112,1.1347192078828812,-0.19029659519497955,103.71068916988354,15.505773584798405,5.609733221382631,-1.5769787439197103,-0.08319551919692003,8.317889946019847,1.4657857,0.6824978,445653.3313442733,5696592.2359460415,475.6854553222656,105.28766791380326,15.588969103995328,-2.7081567246372242,957,frame_000957.png
4000,4000,4000,806,0.2015,424,0.5260545905707196,806,270,0.3349875930521092,445652.00697583426,5696597.439090397,475.65399958205444,-0.5727791413082741,2.3258502250537276,-0.2709576933361859,104.49805085302138,11.131373185123733,2.358758221678831,-0.8996887632328026,0.4880473665600107,3.893217055305911,1.7898567,0.74720895,270,0.3349875930521092,445652.00697583397,5696597.439090396,475.65399958226635,-0.5727791415993124,2.325850224122405,-0.27095769312427365,104.49805085270103,11.131373183460278,2.3587582236908924,-0.8996887635531436,0.4880473648965449,3.893217057317969,1.7898567,0.74720895,445652.57975497557,5696595.113240172,475.9249572753906,105.39773961625417,10.643325818563724,-1.5344588336270784,958,frame_000958.png
4000,4000,4000,659,0.16475,258,0.3915022761760243,659,113,0.17147192716236723,445651.9109498376,5696599.78014388,475.6174037995509,0.16613770578987896,1.5359398098662496,-0.5480625090428362,105.48559940510317,7.742769419268436,-0.5784935939682528,-0.07970838385273282,1.9246409682457681,1.087351804298038,1.9767284,0.7061934,113,0.17147192716236723,445651.9109498375,5696599.78014388,475.617403799565,0.16613770567346364,1.5359398098662496,-0.548062509028739,105.48559940501937,7.7427694191734115,-0.5784935934847409,-0.07970838393654844,1.924640968150726,1.087351804781548,1.9767284,0.7061934,445651.7448121318,5696598.24420407,476.16546630859375,105.56530778895592,5.818128451022674,-1.6658453982662786,959,frame_000959.png
4000,4000,4000,679,0.16975,373,0.5493372606774669,679,191,0.2812960235640648,445650.5580342302,5696601.1251731645,476.1746898372494,-0.7550159699167125,1.2791843777522445,-0.1251758854068612,103.997199048654,-0.34896542672798747,4.880976766196305,-1.5571981028640494,-0.7021174599730386,6.554879169493034,1.7124821,0.75063217,191,0.2812960235640648,445650.5580342293,5696601.125173163,476.17468983688457,-0.7550159707898274,1.2791843758895993,-0.12517588577168226,103.99719904915315,-0.3489654345469878,4.880976772858176,-1.5571981023649073,-0.7021174677920499,6.554879176154913,1.7124821,0.75063217,445651.3130502001,5696599.845988787,476.29986572265625,105.55439715151806,0.35315203324506167,-1.673902403296723,960,frame_000960.png
4000,4000,4000,877,0.21925,466,0.5313568985176739,877,274,0.3124287343215507,445650.3466123974,5696602.595663362,476.2819578547607,-0.5410278788767755,1.150309070944786,-0.13744522141115567,104.31216259887896,-5.640352593480802,3.480355802532478,-1.2641934278080953,-4.153472504341437,4.767497875921521,1.7543132,0.6956568,274,0.3124287343215507,445650.3466124048,5696602.595663355,476.2819578532162,-0.5410278714844026,1.1503090634942055,-0.1374452229556482,104.31216259623629,-5.640352641329775,3.4803557747100773,-1.2641934304507458,-4.153472552190408,4.7674978480991115,1.7543133,0.69565684,445650.8876402763,5696601.445354291,476.4194030761719,105.57635602668705,-1.4868800891393594,-1.2871420733890437,961,frame_000961.png
4000,4000,4000,784,0.196,435,0.5548469387755102,784,314,0.4005102040816326,445649.6888369727,5696604.983401825,476.5628476060549,-0.7710822820663452,1.9774637836962938,0.013042918554901917,104.49132414631109,-6.234467526979005,3.3097503602238088,-1.2193459646779274,-1.2596131330420235,4.42987558587248,1.5882257,0.7590556,314,0.4005102040816326,445649.6888369733,5696604.983401824,476.56284760606917,-0.7710822814842686,1.9774637827649713,0.013042918569169615,104.4913241459308,-6.234467534103418,3.309750358811939,-1.21934596505821,-1.2596131401664366,4.4298755844606035,1.5882257,0.7590556,445650.45991925476,5696603.005938041,476.5498046875,105.710670110989,-4.974854393936984,-1.1201252256486627,962,frame_000962.png
4000,4000,4000,914,0.2285,585,0.6400437636761488,914,494,0.5404814004376368,445649.1571253487,5696606.9934670795,476.7229661524656,-0.48824434366542846,1.0050544468685985,-0.0683546483157329,104.36332700130203,-8.78008542638095,3.258884847430648,-1.293115422547089,0.06521712214168929,4.426630519973713,1.5361868,0.70758593,494,0.5404814004376368,445649.15712534863,5696606.99346708,476.72296615246336,-0.4882443437236361,1.005054447799921,-0.0683546483179498,104.36332700130525,-8.780085424610705,3.2588848472101555,-1.2931154225438775,0.06521712391193546,4.426630519753218,1.5361868,0.70758593,445649.64536969236,5696605.988412633,476.7913208007813,105.65644242384913,-8.845302548522653,-1.1677456725430748,963,frame_000963.png
4000,4000,4000,578,0.1445,363,0.6280276816608996,578,368,0.6366782006920415,445648.275300208,5696610.121868447,477.00841301257253,-0.6361609820160083,1.4508549971506,0.03636711413503235,104.34944287575746,-14.915771735378028,2.46962684822997,-1.2824171062833898,-0.8097918976659173,2.802402378259785,1.3777208,0.70729405,368,0.6366782006920415,445648.27530020796,5696610.121868446,477.00841301235425,-0.636160982074216,1.4508549952879548,0.036367113916753624,104.34944287627552,-14.915771745705456,2.4696268510070687,-1.2824171057653189,-0.8097919079933433,2.8024023810368703,1.3777208,0.70729405,445648.91146119003,5696608.67101345,476.9720458984375,105.63185998204084,-14.105979837712109,-0.33277553002980154,964,frame_000964.png
4000,4000,4000,466,0.1165,339,0.7274678111587983,466,295,0.6330472103004292,445647.77005710005,5696611.423726264,477.1121549464493,-0.8173676786245778,1.5641720928251743,0.05624674332432278,104.42887564672381,-18.40682194112974,2.9550671612516552,-1.161038797940762,-0.5800188660599588,3.1298293019243317,1.483231,0.72290254,295,0.6330472103004292,445647.77005710005,5696611.423726264,477.11215494645256,-0.8173676786245778,1.5641720928251743,0.056246743327562854,104.42887564671373,-18.406821941006903,2.9550671611975763,-1.1610387979508516,-0.5800188659371202,3.129829301870245,1.483231,0.72290254,445648.58742477867,5696609.859554172,477.055908203125,105.58991444466459,-17.82680307506978,-0.17476214067266488,965,frame_000965.png
4000,4000,4000,702,0.1755,487,0.6937321937321937,702,426,0.6068376068376068,445647.6026776874,5696612.570141106,477.18309815111536,-0.4457903295988217,0.6833751443773508,0.003685309318484542,104.66112506684358,-19.732814786438972,2.2879673402438057,-1.1995882398067579,-0.7879350472066449,2.5051360167713597,1.4121612,0.7491435,426,0.6068376068376068,445647.60267768736,5696612.570141106,477.18309815113395,-0.44579032965702936,0.6833751443773508,0.00368530933707234,104.66112506689389,-19.732814785587912,2.287967340329747,-1.1995882397564515,-0.7879350463555852,2.505136016857307,1.4121612,0.7491435,445648.048468017,5696611.886765962,477.1794128417969,105.86071330665034,-18.944879739232313,-0.21716867652756297,966,frame_000966.png
4000,4000,4000,672,0.168,426,0.6339285714285714,672,451,0.6711309523809523,445647.34100947,5696613.419522434,477.2433308470529,-0.5064374125213362,0.7287917630746961,0.011488806037277755,104.75090545488762,-20.61248344648965,2.7507733009295663,-1.1721916042314433,-1.0458934938528444,3.2275026798688202,1.452452,0.7452184,451,0.6711309523809523,445647.3410094702,5696613.419522434,477.2433308470419,-0.5064374122885056,0.7287917630746961,0.011488806026250131,104.75090545460871,-20.61248344723085,2.7507733000068066,-1.1721916045103455,-1.0458934945940541,3.2275026789460526,1.452452,0.7452184,445647.8474468825,5696612.6907306705,477.2318420410156,105.92309705911906,-19.566589952636797,-0.47672937893925427,967,frame_000967.png
4000,4000,4000,507,0.12675,315,0.621301775147929,507,360,0.7100591715976331,445647.16184229683,5696614.2536038095,477.3002271165014,-0.5143649477395229,0.8952258108183742,0.028986882126389446,104.62686754577503,-20.867837665015216,3.1488901114746244,-1.0819253766713928,-0.08012932700830788,4.084765913141183,1.4514722,0.7205595,360,0.7100591715976331,445647.16184229695,5696614.2536038095,477.3002271164926,-0.5143649476231076,0.8952258108183742,0.028986882117578716,104.62686754566334,-20.86783766560118,3.148890111176082,-1.08192537678309,-0.08012932759427827,4.0847659128426415,1.4514722,0.7205595,445647.67620724457,5696613.358377999,477.271240234375,105.70879292244642,-20.787708338006894,-0.9358758016665482,968,frame_000968.png
4000,4000,4000,502,0.1255,320,0.6374501992031872,502,333,0.6633466135458167,445647.0976760646,5696614.799525662,477.34535728112303,-0.4536804842064157,0.9106976520270109,0.04314170495115377,104.34032384862368,-21.403632803754835,2.407454096175625,-1.1953034089264634,-0.13134177045660067,3.0096443719440913,1.3819239,0.7021745,333,0.6633466135458167,445647.0976760576,5696614.799525719,477.3453572894338,-0.453680491191335,0.910697708837688,0.043141713261945824,104.34032384659903,-21.403632520003683,2.4074540582184243,-1.1953034109511123,-0.13134148670542345,3.00964433398687,1.3819239,0.7021745,445647.5513565488,5696613.88882801,477.3022155761719,105.53562725755016,-21.272291033298245,-0.602190275768457,969,frame_000969.png
4000,4000,4000,768,0.192,539,0.7018229166666666,768,522,0.6796875,445646.95856771886,5696615.135476836,477.33090067244984,-0.4122223295853473,0.47102841828018427,-0.025422569737656886,101.08314102479868,-17.038583328820433,2.1009349897371075,-3.5226099116727596,0.4382319593123327,2.403626041176011,1.4505495,0.74564767,522,0.6796875,445646.95856771833,5696615.135476834,477.3309006720501,-0.4122223301092163,0.4710284164175391,-0.025422570137379807,101.08314102601801,-17.038583337261112,2.1009349944719165,-3.5226099104534114,0.43823195087165345,2.403626045910812,1.4505495,0.74564767,445647.37079004844,5696614.664448418,477.3563232421875,104.60575093647142,-17.476815288132755,-0.30269105143889286,970,frame_000970.png
4000,4000,4000,976,0.244,733,0.7510245901639344,976,701,0.7182377049180327,445647.0202266228,5696614.926522284,477.30044999682013,-0.3157667256309651,0.28792386688292027,-0.0656388703673656,80.48893256353733,-12.513021845114254,-1.6237501732378437,-0.3400825640297285,-0.8512787063553162,-5.667403808996681,1.4218653,0.7183478,701,0.7182377049180327,445647.0202266228,5696614.926522284,477.30044999681456,-0.3157667256309651,0.28792386688292027,-0.06563887037293625,80.48893256352316,-12.513021845370503,-1.623750173273294,-0.3400825640439109,-0.8512787066115663,-5.667403809032123,1.4218653,0.7183478,445647.33599334845,5696614.638598417,477.3660888671875,80.82901512756708,-11.661743138758949,4.043653635758842,971,frame_000971.png
4000,4000,4000,1235,0.30875,927,0.7506072874493928,1235,797,0.6453441295546559,445647.04513740184,5696614.925276455,477.2929676115873,-0.21736595057882369,0.4360230313614011,-0.06701773997519922,58.56762035550338,-6.0741979286799035,-2.98139603727099,-1.324470794966885,0.2653037786420782,-8.781804165949495,1.4708608,0.7338394,797,0.6453441295546559,445647.0451374018,5696614.925276455,477.29296761156263,-0.21736595063703135,0.4360230313614011,-0.06701773999986926,58.56762035545757,-6.074197930515148,-2.9813960381006823,-1.3244707950126724,0.2653037768068316,-8.781804166779182,1.4708608,0.7338394,445647.2625033524,5696614.489253423,477.3599853515625,59.89209115047025,-6.339501707321976,5.800408128678491,972,frame_000972.png
4000,4000,4000,1307,0.32675,930,0.7115531752104055,1307,952,0.7283856159143076,449946.5805840683,5691353.352450764,-2089.478064940307,4299.678937677003,-5260.619974386878,-2566.8710703114007,67.041137494762,47.20934919349737,-122.68108007792979,73.6057986107549,48.09077239019041,-127.53437472310341,348.12698,163.0747,952,0.7283856159143076,449798.5935455243,5697334.611346873,26381.236829023102,4151.691899132973,720.6389217227697,25903.84382365201,-95.35965415328626,-4.736562492837344,-169.84504303033978,-88.79499303729335,-3.8551392961443014,-174.6983376755134,348.51654,162.97691,445646.9016463913,5696613.972425151,477.39300537109375,-6.564661115992906,-0.881423196693049,4.853294645173615,973,frame_000973.png
4000,4000,4000,1152,0.288,785,0.6814236111111112,1152,790,0.6857638888888888,424541.36396769335,5702313.561604498,32741.29656163396,-21105.482308124425,5699.641770024784,32263.886710559742,47.714845461774914,-17.772118496250236,31.728798882679477,72.21939901327656,-17.571497316257023,27.315741925844094,342.4375,161.35393,790,0.6857638888888888,445647.30575759854,5696613.96618119,477.2885712721794,0.4594817807665095,0.046346716582775116,-0.12127980203939615,-26.226083303783682,-0.15001741673057453,-1.6011867602404306,-1.7215297522820379,0.05060376326264304,-6.0142437170758285,1.4919643,0.69225603,445646.8462758178,5696613.919834473,477.4098510742188,-24.50455355150165,-0.2006211799932278,4.413056956835393,974,frame_000974.png
4000,4000,4000,1171,0.29275,893,0.762596071733561,1171,746,0.637062339880444,445647.33043341764,5696613.828321985,477.28483107314435,0.46546788146952167,0.02153919357806444,-0.1378068663087788,-31.971375027251185,0.325481512850316,-1.7977709372332915,-1.6749803259019984,-0.0701828229379089,-6.369396515066455,1.4424074,0.69921076,746,0.637062339880444,445647.33043342154,5696613.828321983,477.2848310733878,0.46546788536943495,0.021539191715419292,-0.13780686606531845,-31.971375026792995,0.32548153515103145,-1.7977709364883543,-1.674980325443812,-0.07018280063718407,-6.369396514321494,1.4424074,0.69921076,445646.86496553617,5696613.806782791,477.4226379394531,-30.296394701349197,0.3956643357882273,4.571625577833152,975,frame_000975.png
4000,4000,4000,1204,0.301,955,0.7931893687707641,1204,765,0.6353820598006644,445647.4642494279,5696617.908521235,476.5665235448066,0.5555937201133929,4.22091497387737,-0.8660020899590108,-30.67588396508994,-9.4129478073032,16.424823401402413,-0.23529769822124535,-12.153884590987758,10.87163302063476,19.770714,12.623428,765,0.6353820598006644,445647.43485709175,5696613.6704110885,477.26571867156605,0.5262013839674182,-0.017195172607898712,-0.16680696319957633,-32.640014361880816,1.8123891897954132,-1.8094426830668928,-2.199428095012138,-0.9285475938891352,-7.362633063834551,1.5263343,0.7335142,445646.9086557078,5696613.687606261,477.4325256347656,-30.44058626686869,2.7409367836845506,5.553190380767651,976,frame_000976.png
4000,4000,4000,1124,0.281,806,0.7170818505338078,1124,740,0.6583629893238434,445647.4795902667,5696613.524754781,477.2562050730423,0.5055335863726214,-0.04525792691856623,-0.16237402852021887,-31.347797489498415,4.16914848836173,-3.109218689193824,-1.4449886699720764,-0.00048715915403363397,-9.608126952989835,1.5162344,0.74413145,740,0.6583629893238434,445647.4795902667,5696613.524754781,477.2562050730357,0.5055335863726214,-0.04525792691856623,-0.1623740285268127,-31.347797489492315,4.1691484886773384,-3.1092186897348753,-1.4449886699659942,-0.00048715883843897245,-9.60812695353087,1.5162344,0.74413145,445646.97405668034,5696613.570012708,477.4185791015625,-29.90280881952633,4.169635647515776,6.4989082637960065,977,frame_000977.png
4000,4000,4000,1178,0.2945,847,0.7190152801358234,1178,761,0.6460101867572157,445647.6490703601,5696613.250739444,477.2756531383287,0.6077607087790966,-0.17980238981544971,-0.15153192026502893,-32.17800285626929,-1.7115217101165208,0.5555536401080612,-1.726384470754482,-0.26301295837978955,-1.4237657534571326,1.454269,0.7033632,761,0.6460101867572157,445647.6490703601,5696613.250739444,477.27565313833236,0.6077607087790966,-0.17980238981544971,-0.15153192026139095,-32.17800285625847,-1.7115217101074536,0.5555536402997068,-1.7263844707436817,-0.263012958370723,-1.423765753265485,1.4542688,0.7033632,445647.04130965134,5696613.430541834,477.42718505859375,-30.4516183855148,-1.4485087517367259,1.9793193935651883,978,frame_000978.png
4000,4000,4000,1130,0.2825,818,0.7238938053097345,1130,749,0.6628318584070797,445647.8030852279,5696613.126998056,477.2971229189367,0.5955460956902243,-0.051728833466768265,-0.12569812598519547,-32.1486818374783,-4.751870159820663,2.627321626927077,-1.4502467330780178,0.6854374754254309,2.7431841959943597,1.4570476,0.71355,749,0.6628318584070797,445647.80308522814,5696613.126998056,477.2971229189602,0.595546095923055,-0.051728833466768265,-0.1256981259616623,-32.14868183739142,-4.751870158917267,2.6273216272956326,-1.4502467329911326,0.6854374763288149,2.743184196362904,1.4570476,0.71355,445647.2075391322,5696613.178726889,477.4228210449219,-30.698435104400282,-5.4373076352460865,-0.1158625690672759,979,frame_000979.png
4000,4000,4000,1272,0.318,786,0.6179245283018868,1272,877,0.6894654088050315,445647.82975772145,5696613.048151859,477.27980967270304,0.49441528622992337,-0.029181664809584618,-0.15659169448446164,-32.1626043795023,-1.36398988680333,-1.1362879364353682,-1.450535083048294,0.06027235602681458,-4.571002311183889,1.4895574,0.7180929,877,0.6894654088050315,445647.8297576985,5696613.048151862,477.2798096700624,0.49441526329610497,-0.029181662015616894,-0.15659169712512266,-32.16260438560544,-1.3639899887962486,-1.136287982798863,-1.4505350891514297,0.06027225403389025,-4.5710023575474,1.4895574,0.71809286,445647.3353424352,5696613.077333524,477.4364013671875,-30.71206929645401,-1.4242622428301317,3.4347143747485283,980,frame_000980.png
4000,4000,4000,1384,0.346,960,0.6936416184971098,1384,891,0.6437861271676301,445647.8802446267,5696613.047857707,477.2790932518522,0.5047694586100988,-0.02481174748390913,-0.15208960947592232,-32.04082095022998,0.6965085810313876,-2.3483863578130966,-1.5250465452251376,0.12999230558449426,-6.972100924475512,1.453664,0.73818386,891,0.6437861271676301,445647.8802446265,5696613.047857706,477.279093251759,0.5047694583772682,-0.024811748415231705,-0.15208960956914552,-32.040820950399684,0.6965085824796206,-2.3483863623534638,-1.5250465453948436,0.12999230703272247,-6.97210092901588,1.453664,0.73818386,445647.3754751681,5696613.072669455,477.4311828613281,-30.515774405004848,0.5665162754469049,4.62371456666241,981,frame_000981.png
4000,4000,4000,1235,0.30875,874,0.7076923076923077,1235,841,0.6809716599190283,445647.8966613588,5696613.188950594,477.2772485253921,0.4624004575307481,0.07479608431458473,-0.15091309570163958,-31.435486446539127,2.382475946761822,-3.1590430003985426,-1.4314804710007252,-0.18073322404225678,-8.993359851333793,1.5058123,0.72135687,841,0.6809716599190283,445647.89627863705,5696613.1895050565,477.2773069144221,0.46201773575739935,0.07535054720938206,-0.15085470667162326,-31.435595364216418,2.3801687926577624,-3.156406823909489,-1.4315893886780202,-0.18304037814633034,-8.99072367484473,1.5052352,0.7210594,445647.4342609013,5696613.114154509,477.42816162109375,-30.00400597553839,2.56320917080408,5.834316850935249,982,frame_000982.png
4000,4000,4000,1235,0.30875,893,0.7230769230769231,1235,757,0.6129554655870445,445655.21213729493,5696617.786847797,476.75703731702157,7.756976712786127,4.651034593582153,-0.6646850950878047,5.181304962418934,32.80364852853336,12.020476869682009,35.165755660649324,30.997653759443267,5.522536706388337,207.29991,105.01505,757,0.6129554655870445,445647.8226364207,5696613.291419734,477.2878335394024,0.3674758385750465,0.15560653060674667,-0.1338888727069616,-31.31172788401716,1.2537585888499065,-3.906275375146022,-1.3272771857867838,-0.5522361802401861,-10.4042155384397,1.5285544,0.741365,445647.45516058215,5696613.135813204,477.4217224121094,-29.984450698230386,1.805994769090085,6.497940163293685,983,frame_000983.png
4000,4000,4000,1343,0.33575,909,0.676842889054356,1343,927,0.6902457185405808,14111074.528141394,2852992.714676503,14938012.109809352,13665427.050288377,-2843620.4379579453,14937534.691382838,-6.160541862633732,41.34846002584793,176.24350804132362,24.173879840089768,40.48855703158918,169.50811900359986,403.96567,168.23274,927,0.6902457185405808,445647.9484828233,5696613.196105836,477.27337026005085,0.47062980715418234,0.0434713875874877,-0.14505625362102137,-31.732614166950505,0.8455907822466633,-4.357476146336685,-1.3981924642270087,-0.014312212012072223,-11.092865184060429,1.4308642,0.6983912,445647.4778530162,5696613.152634448,477.4184265136719,-30.33442170272351,0.8599029942587452,6.735389037723745,984,frame_000984.png
4000,4000,4000,1349,0.33725,978,0.7249814677538917,1349,926,0.6864343958487769,445647.99633447395,5696613.182425763,477.2509639499085,0.4550915486179292,0.01171095296740532,-0.13990519071649032,-31.63796634490061,0.6384465825310239,-3.4275024612980802,-1.3829325194715523,-0.06995082755733506,-9.207876463341591,1.4638431,0.70606893,926,0.6864343958487769,445647.99633447244,5696613.182425764,477.2509639497943,0.45509154710453004,0.011710953898727894,-0.13990519083068875,-31.637966345230893,0.6384465734529919,-3.427502460406705,-1.3829325198018125,-0.06995083663537116,-9.207876462450201,1.4638431,0.70606893,445647.54124292533,5696613.1707148105,477.390869140625,-30.25503382542907,0.7083974100883613,5.780374002043511,985,frame_000985.png
4000,4000,4000,1321,0.33025,857,0.6487509462528388,1321,908,0.6873580620741863,445647.9810678825,5696613.1986290915,477.25707478424897,0.4276139011490159,0.025378615595400333,-0.1268363485635291,-31.53620607853315,0.230702921960757,-3.4442947850218277,-1.3853751937473362,-0.166032618077935,-9.232868394236618,1.4595705,0.7629871,908,0.6873580620741863,445647.98106788157,5696613.198629093,477.25707478433486,0.4276139002176933,0.025378617458045483,-0.1268363484776387,-31.53620607841457,0.23070291307597715,-3.4442947796752894,-1.3853751936287324,-0.1660326269627035,-9.232868388890097,1.4595705,0.7629871,445647.55345398135,5696613.173250476,477.3839111328125,-30.15083088478583,0.3967355400386939,5.788573609214793,986,frame_000986.png
4000,4000,4000,1289,0.32225,926,0.7183863460046548,1289,849,0.6586501163692785,445648.0325335622,5696613.20946431,477.2412938037952,0.46825738629559055,0.03305765427649021,-0.1367274364391733,-31.69841213341213,0.24622681199730895,-2.2102994558831166,-1.3881469404770428,-0.23091824372230008,-7.0482644368937315,1.4323816,0.68494886,849,0.6586501163692785,445648.03253356216,5696613.20946431,477.2412938037932,0.4682573862373829,0.03305765427649021,-0.1367274364411628,-31.698412133416685,0.24622681192929927,-2.2102994559385034,-1.3881469404815903,-0.23091824379031323,-7.048264436949125,1.4323816,0.68494886,445647.5642761759,5696613.176406655,477.3780212402344,-30.310265192935095,0.4771450557196159,4.837964981010628,987,frame_000987.png
4000,4000,4000,1223,0.30575,976,0.7980376124284546,1223,799,0.6533115290269829,445648.0466448269,5696613.15938815,477.2406782812936,0.4830399063648656,-0.02576424740254879,-0.13612225581579196,-31.604411194264138,1.3566683258724284,-3.143196586677299,-1.337534358875132,0.10789037689696102,-8.655200076423995,1.4576563,0.71107876,799,0.6533115290269829,445648.046644827,5696613.15938815,477.24067828129375,0.4830399064812809,-0.02576424740254879,-0.13612225581562143,-31.60441119424275,1.356668326598652,-3.1431965870533847,-1.3375343588537305,0.10789037762316411,-8.655200076800071,1.4576563,0.71107876,445647.5636049205,5696613.1851523975,477.3768005371094,-30.26687683538901,1.2487779489754813,5.512003489746688,988,frame_000988.png
4000,4000,4000,1182,0.2955,722,0.61082910321489,1182,725,0.6133671742808798,445648.1748761309,5696613.244545142,477.2447128498063,0.6177983252564445,0.01171905267983675,-0.14374540214680565,-31.564750369162205,1.6945290295741893,-3.3648067178698784,-1.288297206398397,0.5493359576504133,-9.505403804665178,1.5147595,0.7584773,725,0.6133671742808798,445648.1748761297,5696613.244545141,477.244712849801,0.6177983240922913,0.011719051748514175,-0.14374540215214893,-31.564750369277316,1.6945290254945218,-3.364806722224537,-1.2882972065135334,0.5493359535707611,-9.50540380901981,1.5147595,0.7584773,445647.5570778056,5696613.2328260895,477.3884582519531,-30.276453162763794,1.1451930719237688,6.140597086795289,989,frame_000989.png
4000,4000,4000,1275,0.31875,1029,0.8070588235294117,1275,883,0.6925490196078431,445648.01244651934,5696613.301312199,477.23336554764415,0.4520070059224963,0.04452444054186344,-0.15207146407465189,-31.727492801859665,1.3371510216855178,-3.3821977162526213,-1.285119086844361,-0.1774361948482408,-9.29307437755051,1.428856,0.70212084,883,0.6925490196078431,445648.012446519,5696613.3013122,477.23336554763875,0.45200700557325035,0.044524441473186016,-0.152071464080052,-31.727492801959794,1.3371510185784328,-3.382197714811156,-1.285119086944519,-0.1774361979553305,-9.293074376109047,1.428856,0.70212084,445647.5604395134,5696613.256787758,477.3854370117188,-30.44237371501529,1.514587216533765,5.910876661297904,990,frame_000990.png
4000,4000,4000,1355,0.33875,972,0.7173431734317344,1355,942,0.6952029520295203,445647.9692388785,5696613.339419637,477.23568394634265,0.41333337675314397,0.06398565787822008,-0.15167567279797822,-31.74680505540893,1.0240473633644438,-2.7355416523900655,-1.3861482529965485,-0.4256283261061071,-8.005364552409134,1.4837396,0.70752853,942,0.6952029520295203,445647.9692388782,5696613.339419639,477.2356839465412,0.41333337646210566,0.06398565974086523,-0.15167567259942416,-31.74680505530382,1.0240473568783355,-2.7355416445359695,-1.3861482528914166,-0.42562833259222543,-8.00536454455505,1.4837396,0.70752853,445647.55590550177,5696613.275433979,477.3873596191406,-30.360656802412393,1.4496756894705563,5.269822900019075,991,frame_000991.png
4000,4000,4000,1332,0.333,944,0.7087087087087087,1332,854,0.6411411411411412,445656.4527838697,5696611.493858187,1624.6954826593671,8.905948399216868,-1.8296856498345733,1147.314104485539,-32.39364502952422,2.9652343797114686,2.357040781695633,-2.283143125364859,1.8451191919281484,-3.628695240147408,366.85492,143.2298,854,0.6411411411411412,445648.00456099864,5696613.403868898,477.23458170838376,0.45772552816197276,0.08032506052404642,-0.14679646544436764,-31.550444728743336,0.7853416518634965,-3.176417032029472,-1.4399428245839943,-0.3347735359198225,-9.162153053872515,1.4224421,0.7124047,445647.5468354705,5696613.323543837,477.3813781738281,-30.11050190415935,1.1201151877833315,5.9857360218430475,992,frame_000992.png
4000,4000,4000,1413,0.35325,834,0.5902335456475584,1413,934,0.6610049539985846,445648.00891067524,5696613.463635766,477.24221242646496,0.4563318987493403,0.12223455775529146,-0.13168894072254034,-31.577059285040924,0.07788682205060708,-2.362885379166869,-1.3990397802862446,-0.46188735624397737,-7.943780714120805,1.4646254,0.7206334,934,0.6610049539985846,445648.0089106718,5696613.463635769,477.242212426085,0.45633189531508833,0.12223456054925919,-0.13168894110248175,-31.577059285523312,0.07788680205816119,-2.36288537870555,-1.3990397807686463,-0.46188737623643306,-7.943780713659493,1.4646254,0.7206334,445647.5525787765,5696613.341401208,477.3739013671875,-30.178019504754673,0.5397741782945954,5.580895334953944,993,frame_000993.png
4000,4000,4000,1349,0.33725,926,0.6864343958487769,1349,943,0.6990363232023721,445648.0122555244,5696613.390025202,477.2443814928916,0.460507124371361,0.038127644918859005,-0.13974326296778372,-31.696259847626884,0.516490689267058,-2.501051351490046,-1.4741002359606057,-0.2898239872197621,-7.691658156674151,1.5068061,0.7369069,943,0.6990363232023721,445648.0122555239,5696613.390025204,477.244381493035,0.46050712384749204,0.038127646781504154,-0.13974326282436778,-31.696259847632902,0.5164906805814979,-2.5010513419449447,-1.4741002359666027,-0.2898239959053228,-7.691658147129033,1.5068061,0.7369068,445647.55174840003,5696613.351897557,477.3841247558594,-30.22215961166629,0.8063146764868306,5.190606805184099,994,frame_000994.png
4000,4000,4000,1381,0.34525,918,0.664735698769008,1381,893,0.6466328747284577,445647.9537376355,5696613.383440765,477.24175598768545,0.40687945659738034,0.011460517533123493,-0.14810607286142385,-31.687616732980857,0.14502435210346823,-2.9749388722199,-1.421600040406048,-0.47590720534540765,-8.41977316948487,1.4544326,0.73873204,893,0.6466328747284577,445647.9537376554,5696613.383440774,477.2417559905517,0.4068794765044004,0.01146052684634924,-0.1481060699951513,-31.68761672692601,0.14502441129102112,-2.9749387838262598,-1.4216000343512007,-0.4759071461578799,-8.419773081091222,1.4544325,0.73873204,445647.5468581789,5696613.371980247,477.3898620605469,-30.26601669257482,0.620931557448887,5.444834297264958,995,frame_000995.png
4000,4000,4000,1386,0.3465,1099,0.7929292929292929,1386,890,0.6421356421356421,445647.9437190069,5696613.465814962,477.2390256548117,0.40633546630851924,0.07741907238960266,-0.14934104440709461,-31.7816360258856,1.1878113205912333,-3.2757491442276345,-1.508270304209617,-0.5824230971149973,-9.333323785126652,1.4419274,0.72119904,890,0.6421356421356421,445647.9437189604,5696613.465814876,477.23902563977157,0.4063354198005982,0.0774189867079258,-0.14934105944723797,-31.781636036870577,1.187811353490598,-3.275749623117745,-1.5082703151945793,-0.5824230642156181,-9.333324264016767,1.4419273,0.7211992,445647.5373835406,5696613.38839589,477.3883666992188,-30.27336572167599,1.770234417706223,6.057574640899016,996,frame_000996.png
4000,4000,4000,1372,0.343,901,0.6567055393586005,1372,884,0.6443148688046647,445647.92654464877,5696613.460059411,477.2299560510595,0.4116979978280142,0.048769825138151646,-0.1530090368311221,-31.64022249125948,2.475951163619034,-2.8178073435461757,-1.488901845948135,-0.3083499609358,-8.283234176771344,1.434388,0.7067259,884,0.6443148688046647,445647.9265446487,5696613.460059411,477.2299560510693,0.41169799776980653,0.048769825138151646,-0.15300903682134503,-31.640222491259888,2.47595116308813,-2.817807343143985,-1.4889018459485328,-0.30834996146671756,-8.283234176369177,1.434388,0.7067259,445647.51484665094,5696613.411289586,477.3829650878906,-30.151320645311344,2.7843011245548404,5.465426833225179,997,frame_000997.png
4000,4000,4000,1236,0.309,920,0.7443365695792881,1236,808,0.6537216828478964,445650.30319116963,5696610.465411729,476.2603038757539,2.8210329575813375,-2.9687848668545485,-1.1176563293242339,-29.44330169784544,21.962131771235473,-8.958433401673323,0.8871296585448363,18.06388542048279,-13.127497882887411,18.406221,12.276405,808,0.6537216828478964,445647.86618581455,5696613.556479573,477.2062675815526,0.38402760250028223,0.12228297721594572,-0.17169262352553005,-31.844569139360424,3.2568845819550836,-1.2746601135609024,-1.5141377829701526,-0.6413617687975943,-5.443724594775006,1.4726757,0.71002716,445647.48215821205,5696613.434196596,477.3779602050781,-30.330431356390264,3.8982463507526854,4.1690644812140984,998,frame_000998.png
4000,4000,4000,1285,0.32125,966,0.7517509727626459,1285,824,0.6412451361867705,445647.8334995979,5696613.590880277,477.21121905314584,0.4198579545482062,0.10913106612861156,-0.15514447224478545,-31.814185946575428,3.8539212359826682,-2.4879236306020536,-1.4920201650283502,-0.4784149640141493,-7.937758176836525,1.4696631,0.7457711,824,0.6412451361867705,445647.8334995984,5696613.5908802785,477.2112190533609,0.41985795501386747,0.10913106799125671,-0.1551444720297468,-31.814185946725072,3.853921233971594,-2.4879236227431085,-1.4920201651779905,-0.4784149660252126,-7.937758168977581,1.4696631,0.7457711,445647.41364164336,5696613.4817492105,477.3663635253906,-30.322165781547074,4.332336199996816,5.4498345462344675,999,frame_000999.png
4000,4000,4000,1371,0.34275,927,0.6761487964989059,1371,896,0.6535375638220278,445647.8058614401,5696613.497529516,477.2205550287786,0.42060204572044313,0.0038248198106884956,-0.14553383840888046,-31.594755430085144,3.218818129526332,-2.2564283614741325,-1.4660112437232158,-0.2530835127039097,-6.970288631603921,1.4736322,0.7024298,896,0.6535375638220278,445647.8058614402,5696613.497529516,477.22055502881415,0.42060204583685845,0.0038248198106884956,-0.14553383837335332,-31.594755430095436,3.218818129369588,-2.256428360038062,-1.4660112437335044,-0.253083512860627,-6.9702886301678575,1.4736322,0.7024298,445647.38525939436,5696613.493704696,477.3660888671875,-30.12874418636192,3.471901642230229,4.713860270129799,1000,frame_001000.png
4000,4000,4000,1254,0.3135,940,0.7496012759170654,1254,870,0.69377990430622,445647.7820560901,5696613.502878994,477.2171786991322,0.4236869570449926,0.008379216305911541,-0.1613308223521699,-31.80062223960732,3.8197714469509148,-2.009488481685568,-1.5142151801754267,-0.17863607914594581,-6.605091802855014,1.4566491,0.712487,870,0.69377990430622,445647.78205609095,5696613.502878994,477.2171786991725,0.4236869579181075,0.008379216305911541,-0.1613308223118679,-31.80062223947536,3.8197714517638444,-2.0094884812969873,-1.514215180043493,-0.17863607433301354,-6.605091802466433,1.4566491,0.712487,445647.358369133,5696613.494499777,477.3785095214844,-30.28640705943188,3.9984075260968486,4.595603321169443,1001,frame_001001.png
4000,4000,4000,1115,0.27875,860,0.7713004484304933,1115,817,0.7327354260089686,445639.846501514,5696619.161607538,471.97164999907267,-7.489494231238496,5.6619784804061055,-5.4092704110835825,-5.735419310661121,-52.15380499847759,22.662302132605866,24.470933479904517,-55.740765399290694,18.168206842558817,98.04102,65.46039,817,0.7327354260089686,445647.81936918915,5696613.47307079,477.2323822733858,0.48337344388710335,-0.026558267883956432,-0.148538136770469,-31.718683580777213,3.7209543973546437,-1.9447437541070838,-1.5123307902115641,0.133993996541534,-6.438839044154122,1.4840837,0.7295726,445647.33599574526,5696613.499629058,477.38092041015625,-30.20635279056564,3.5869604008131124,4.49409529004704,1002,frame_001002.png
4000,4000,4000,1310,0.3275,902,0.6885496183206107,1310,926,0.7068702290076336,445647.73043290037,5696613.507013264,477.2230001750067,0.4271965930238366,0.018047633580863476,-0.167014473430811,-31.70870968788518,3.2971933753848797,-2.1160185860886904,-1.5133368474857036,-0.3117656756585063,-6.7873375491717525,1.5231309,0.7170727,926,0.7068702290076336,445647.73043290037,5696613.507013264,477.22300017504136,0.4271965930238366,0.018047633580863476,-0.1670144733961365,-31.708709687900114,3.2971933748198814,-2.1160185849036512,-1.5133368475006534,-0.3117656762235299,-6.787337547986709,1.5231309,0.7170727,445647.30323630734,5696613.4889656305,477.3900146484375,-30.195372840399465,3.608959051043398,4.671318963083052,1003,frame_001003.png
4000,4000,4000,1235,0.30875,898,0.7271255060728745,1235,797,0.6453441295546559,445771.6965657484,5696652.956149022,969.0096165604086,124.40575528278714,39.473881541751325,491.6157566971273,-35.00095601120591,10.55590312867747,15.752021214133933,-4.724682129423826,7.013495206188793,11.348507391257385,337.35422,150.89104,797,0.6453441295546559,445647.73613131663,5696613.549903273,477.24690732619183,0.4453208509949036,0.06763579230755568,-0.14695253708947575,-31.778121250178895,2.9979776425044946,-1.4973640707684621,-1.5018473683968239,-0.5444302799841978,-5.900877893645003,1.4801373,0.7074999,445647.29081046564,5696613.48226748,477.3938598632813,-30.27627388178208,3.5424079224886826,4.403513822876539,1004,frame_001004.png
4000,4000,4000,1132,0.283,772,0.6819787985865724,1132,803,0.7093639575971732,445647.7865606755,5696613.493749083,477.23439799619086,0.5057455347850919,0.025499247945845127,-0.15879048037163557,-31.738347090420408,2.6257330421744705,-1.351504934405361,-1.5660476911163812,-0.017255243960136113,-5.502359077765647,1.5122955,0.6672009,803,0.7093639575971732,445647.78656067495,5696613.493749083,477.23439799622855,0.5057455342612229,0.025499247945845127,-0.15879048033394838,-31.738347090433596,2.625733039108743,-1.3515049342982597,-1.5660476911295689,-0.017255247025872222,-5.502359077658554,1.5122955,0.6672009,445647.2808151407,5696613.468249835,477.3931884765625,-30.172299399304016,2.642988286134608,4.150854143360296,1005,frame_001005.png
4000,4000,4000,1141,0.28525,765,0.670464504820333,1141,803,0.7037686240140227,445647.0453882657,5696617.558942697,476.7938702482458,-0.22681405645562336,4.108054852113128,-0.6014239412073152,-30.51722833484309,-10.528475519566353,13.936649120134954,-0.26963926612921796,-14.049450339532655,9.532591354401404,15.075663,9.4540825,803,0.7037686240140227,445647.7439962016,5696613.4657114195,477.23265083596146,0.471793879463803,0.01482357457280159,-0.16264335349166004,-31.81484285591639,3.2752064022699914,-1.6478664025685654,-1.5672537872025032,-0.24576841769632551,-6.051924168302122,1.4961421,0.7249433,445647.27220232214,5696613.450887845,477.3952941894531,-30.24758906871387,3.520974819966305,4.404057765733553,1006,frame_001006.png
4000,4000,4000,1134,0.2835,744,0.656084656084656,1134,803,0.7081128747795414,458785.09253600315,5666588.941948879,-387.40395030079503,13137.826964463748,-30024.483597195707,-864.8022962480607,97.9299500030311,85.8502400902045,-161.42907081761174,128.06891418004142,82.42391069958592,-165.904380964144,359.11993,167.72688,803,0.7081128747795414,445647.7322469402,5696613.477253633,477.23724079386017,0.4666754007921554,0.05170755833387375,-0.16110515340545817,-31.6615928049539,3.077825915576284,-1.6422028441038832,-1.5226286279435897,-0.34850347504232104,-6.117512990636129,1.4513711,0.7254482,445647.2655715394,5696613.425546074,477.3983459472656,-30.13896417701032,3.426329390618595,4.475310146532247,1007,frame_001007.png
4000,4000,4000,1309,0.32725,821,0.627196333078686,1309,923,0.7051184110007639,445647.7270679422,5696613.467073165,477.2367621044922,0.45377453381661326,0.061945884488523006,-0.16158384277343885,-31.89709018258935,-0.7781911540435025,0.9884273961824956,-1.9960563784097758,-1.291493010683837,-1.2035685962579805,1.4485149,0.72747743,923,0.7051184110007639,445647.7270679429,5696613.467073165,477.2367621045394,0.4537745345151052,0.061945884488523006,-0.16158384272620196,-31.89709018248073,-0.7781911508226609,0.9884273974120548,-1.996056378301148,-1.2914930074630036,-1.203568595028429,1.4485149,0.72747743,445647.2732934084,5696613.40512728,477.3983459472656,-29.901033804179587,0.5133018566403313,2.1919959924404853,1008,frame_001008.png
4000,4000,4000,1343,0.33575,997,0.742367833209233,1343,853,0.6351451973194341,445647.7962847823,5696613.463462864,477.24866184365936,0.491157895361539,0.07034478895366192,-0.12832179891876194,-32.30554069541596,0.02110286066670633,-2.4532444804602913,-1.5570192580085802,-0.38208934665311745,-7.717584563796521,1.4597766,0.7112023,853,0.6351451973194341,445647.7962842991,5696613.463463758,477.2486618433851,0.49115741217974573,0.07034568302333355,-0.12832179919303144,-32.30554083072273,0.021098539270739028,-2.453242037088646,-1.5570193933153575,-0.3820936680490661,-7.717582120424879,1.4597766,0.7112019,445647.30512688693,5696613.393118075,477.3769836425781,-30.748521437407373,0.4031922073198119,5.2643400833362195,1009,frame_001009.png
4000,4000,4000,1225,0.30625,872,0.7118367346938775,1225,826,0.6742857142857143,445647.6737913853,5696615.990995948,476.90343505165447,0.3645359185175039,2.6111123878508806,-0.46167725303303087,-30.875342011490304,-9.058452099862043,7.643053435654143,-0.09774906958952556,-7.553453930955612,2.123788837975866,14.825939,10.448487,826,0.6742857142857143,445647.69063290034,5696613.401674712,477.23324995987343,0.3813774335430935,0.021791151724755764,-0.131862344814067,-32.35927924879224,-2.1704201858613277,-3.243454315693957,-1.5816863068914415,-0.6654220169548921,-8.762718913372225,1.491884,0.73780817,445647.3092554668,5696613.37988356,477.3651123046875,-30.77759294190079,-1.5049981689064214,5.519264597678265,1010,frame_001010.png
4000,4000,4000,1269,0.31725,919,0.7241922773837668,1269,859,0.6769109535066982,445647.7387634689,5696613.309556239,477.2258028896388,0.4524387395940721,-0.06157656293362379,-0.13436556739247862,-32.277481876611795,-0.7753386341665156,-2.927556870641222,-1.5902162385910685,-0.2616605444835898,-7.919274234045588,1.4586817,0.7345347,859,0.6769109535066982,445647.7387634689,5696613.309556239,477.22580288964184,0.4524387395940721,-0.06157656293362379,-0.13436556738946592,-32.277481876606,-0.7753386342238766,-2.927556870533239,-1.5902162385852705,-0.2616605445409448,-7.9192742339375854,1.4586817,0.7345347,445647.2863247293,5696613.371132802,477.3601684570313,-30.68726563802073,-0.5136780896829333,4.991717363404355,1011,frame_001011.png
4000,4000,4000,1165,0.29125,863,0.7407725321888412,1165,763,0.6549356223175966,445646.7385480397,5696617.559750208,476.69788652882954,-0.5040690731839277,4.192794544622302,-0.6679887153110826,-30.443897700833773,-13.652366995364169,14.283830700303017,0.14449493453918194,-15.409810273407118,10.69912101087516,17.746975,12.182309,763,0.6549356223175966,445647.6397857195,5696613.307868884,477.2110483435791,0.3971686066361144,-0.05908677913248539,-0.15482690056154524,-32.08950418850278,1.4941484979562627,-1.4960073874865811,-1.5011115531298174,-0.2632947800866816,-5.080717076914453,1.4760256,0.73259974,445647.2426171129,5696613.366955663,477.3658752441406,-30.588392635372955,1.7574432780429359,3.5847096894278647,1012,frame_001012.png
4000,4000,4000,1135,0.28375,841,0.7409691629955947,1135,774,0.6819383259911894,445640.3924272285,5696604.868891692,475.65123010701893,-6.684601207496598,-8.470083864405751,-1.7687222855591926,-31.49073414671032,-5.021682281137306,-43.656651269385655,-0.41570071708977707,-8.192413493543341,-46.08750062436732,153.19498,76.85205,774,0.6819383259911894,445647.500590504,5696613.352126206,477.24449430867213,0.4235620679683052,0.013150650076568127,-0.17545808390599404,-32.44855169215127,2.9851083187472884,0.5832818144953711,-1.3735182625307516,-0.18562289365874562,-1.8475675404862955,1.523294,0.7240523,445647.077028436,5696613.338975556,477.4199523925781,-31.075033429620532,3.170731212406047,2.4308493549816603,1013,frame_001013.png
4000,4000,4000,1134,0.2835,762,0.671957671957672,1134,706,0.6225749559082893,445647.56195159414,5696613.125327007,477.2499928391513,0.5309783886186779,-0.10125825461000204,-0.15830183858309965,-31.510542644622227,3.584483015822034,2.3890698159002675,-1.7794167340722424,-0.5995421606402545,2.2462152874246897,1.472723,0.7335217,706,0.6225749559082893,445647.56195159507,5696613.125327008,477.2499928392761,0.5309783895500004,-0.10125825367867947,-0.1583018384582715,-31.510542644551776,3.5844830189331196,2.3890698197075526,-1.779416734001785,-0.5995421575291857,2.2462152912319766,1.472723,0.7335217,445647.0309732055,5696613.2265852615,477.4082946777344,-29.73112591055,4.184025176462301,0.1428545284755647,1014,frame_001014.png
4000,4000,4000,1253,0.31325,761,0.6073423782920989,1253,826,0.659217877094972,445647.6250591161,5696612.994709938,477.25030155614985,0.5205320815439336,-0.0024632560089230537,-0.15161494775645679,-32.41099581368445,2.92308229773994,-1.2313195818320517,-1.4213615691103598,-0.022614479780372676,-5.253271707853202,1.4291079,0.71921307,826,0.659217877094972,445647.6250591162,5696612.994709938,477.25030155614377,0.5205320816603489,-0.0024632560089230537,-0.15161494776253903,-32.41099581365675,2.9230822990197587,-1.2313195825014809,-1.4213615690826487,-0.0226144785005431,-5.253271708522647,1.4291079,0.71921307,445647.10452703456,5696612.997173194,477.4019165039063,-30.9896342445741,2.945696777520305,4.021952126021158,1015,frame_001015.png
4000,4000,4000,1100,0.275,783,0.7118181818181818,1100,743,0.6754545454545454,445647.6320799914,5696612.833822958,477.24861840868203,0.4693370741442777,-0.05168898310512304,-0.15311498975546556,-32.4075945780676,4.694874830268943,-1.5446006791931752,-1.6114716288975046,-0.686770527904514,-5.757379216032376,1.4671931,0.71273136,743,0.6754545454545454,445647.6320799907,5696612.833822958,477.2486184086515,0.4693370734457858,-0.05168898310512304,-0.15311498978599047,-32.40759457808371,4.694874827363543,-1.5446006808728703,-1.6114716289136197,-0.6867705308099232,-5.757379217712071,1.4671931,0.71273136,445647.16274291725,5696612.885511941,477.4017333984375,-30.796122949170087,5.381645358173466,4.212778536839202,1016,frame_001016.png
4000,4000,4000,1109,0.27725,711,0.6411181244364292,1109,769,0.6934174932371506,445647.77524901513,5696612.613882975,477.2390737953167,0.5486338622868061,-0.1661165850237012,-0.1761483726521078,-32.336841605227505,6.823949128102644,-1.6702410993232515,-1.3837251645443303,0.00876608354013797,-5.691065638382582,1.4811082,0.74300784,769,0.6934174932371506,445647.77524901525,5696612.613882975,477.2390737952626,0.5486338624032214,-0.1661165850237012,-0.17614837270622274,-32.33684160514293,6.823949129421026,-1.670241100449532,-1.3837251644597472,0.008766084858535805,-5.6910656395088495,1.4811082,0.74300784,445647.22661515285,5696612.77999956,477.4152221679688,-30.953116440683182,6.815183044562502,4.020824539059322,1017,frame_001017.png
4000,4000,4000,1170,0.2925,780,0.6666666666666666,1170,831,0.7102564102564103,445647.86612801155,5696612.594512808,477.2572802733853,0.5759252299321815,-0.06812317576259375,-0.18263061528659819,-32.63110457375341,6.39219059454045,-1.2525029848831668,-1.4819136271854916,-0.3453607187728096,-5.263145314638734,1.4721872,0.6854814,831,0.7102564102564103,445647.86612801056,5696612.594512809,477.25728027349714,0.5759252289426513,-0.06812317483127117,-0.18263061517473034,-32.63110457405474,6.392190586442769,-1.2525029811098627,-1.4819136274868185,-0.3453607268704957,-5.26314531086544,1.4721872,0.6854814,445647.2902027816,5696612.662635984,477.4399108886719,-31.149190946567924,6.7375513133132685,4.010642329755579,1018,frame_001018.png
4000,4000,4000,1123,0.28075,725,0.6455921638468388,1123,799,0.711487088156723,445648.1423426955,5696612.228152902,477.2545409115953,0.5605249608051963,-0.06677475571632385,-0.18991709621718655,-31.82434082087354,7.724639883315273,-0.9154830505393577,-1.5572291462864314,0.07751766276854255,-4.4314727777396,1.4568864,0.7154218,799,0.711487088156723,445648.1423426952,5696612.228152903,477.2545409115977,0.560524960514158,-0.06677475478500128,-0.18991709621479913,-31.824340820883407,7.72463988206289,-0.9154830511389518,-1.5572291462962937,0.07751766151616835,-4.4314727783391845,1.4568864,0.7154218,445647.5818177347,5696612.294927658,477.4444580078125,-30.267111674587113,7.647122220546717,3.5159897272002447,1019,frame_001019.png
4000,4000,4000,1131,0.28275,735,0.649867374005305,1131,720,0.636604774535809,445648.31736945844,5696612.122479649,477.2521960051199,0.602745973796118,-0.048056114464998245,-0.18835575269258698,-32.228202005213156,7.085817779433028,-1.4964261229329585,-1.6100071996033307,-0.2002747875646662,-5.735144788102787,1.4456842,0.70470643,720,0.636604774535809,445648.3173694583,5696612.12247965,477.2521960051627,0.6027459736797027,-0.04805611353367567,-0.18835575264978388,-32.22820200531048,7.085817777986145,-1.496426121723016,-1.6100071997006467,-0.20027478901153017,-5.735144786892846,1.4456842,0.70470643,445647.71462348464,5696612.170535764,477.4405517578125,-30.618194805609825,7.286092566997689,4.238718665169829,1020,frame_001020.png
4000,4000,4000,1143,0.28575,749,0.6552930883639545,1143,787,0.6885389326334208,445648.7895269647,5696611.69453765,477.2431848912386,0.5340447052731179,-0.07590651977807283,-0.1896459193082478,-32.351043500826684,7.297589065797653,-1.7597822968010908,-1.527130392180709,-0.04971697811561171,-5.816243694311737,1.4725821,0.71591735,787,0.6885389326334208,445648.78952696436,5696611.69453765,477.2431848912487,0.5340447049238719,-0.07590651977807283,-0.18964591929818653,-32.351043500949885,7.297589063681972,-1.7597822964741026,-1.527130392303917,-0.04971698023129534,-5.816243693984745,1.4725821,0.71591735,445648.25548225944,5696611.77044417,477.4328308105469,-30.82391310864598,7.347306043913274,4.0564613975106525,1021,frame_001021.png
4000,4000,4000,1219,0.30475,743,0.6095159967186218,1219,826,0.6776045939294504,445649.1204579577,5696611.508018427,477.25365683514286,0.6480930568068288,-0.10497134923934937,-0.17966225665401225,-32.2822896507337,6.877365736663153,-1.2808731298657139,-1.5651550964646503,0.14056148963601345,-5.109142169273241,1.5387495,0.71721506,826,0.6776045939294504,445649.12045795604,5696611.508018427,477.2536568351818,0.6480930551770143,-0.10497134923934937,-0.1796622566150745,-32.28228965072333,6.87736572937503,-1.2808731331675678,-1.5651550964542764,0.14056148234789134,-5.109142172575105,1.5387495,0.717215,445648.47236490087,5696611.612989776,477.4333190917969,-30.71713455426905,6.736804247027139,3.828269039407527,1022,frame_001022.png
4000,4000,4000,1336,0.334,865,0.6474550898203593,1336,959,0.717814371257485,445649.7384457277,5696611.059485588,477.24307865376613,0.7657537529594265,-0.2079577874392271,-0.17550044779636664,-32.26205948575438,2.4096241973371617,-2.095406135065714,-1.5709172882589542,-0.11719364622467765,-6.544900586501257,1.4927752,0.720397,959,0.717814371257485,445649.7384457277,5696611.059485588,477.2430786537612,0.7657537529594265,-0.2079577874392271,-0.17550044780131202,-32.262059485755444,2.409624197423662,-2.095406135255495,-1.5709172882600058,-0.11719364613819039,-6.544900586691028,1.4927752,0.720397,445648.9726919747,5696611.267443376,477.4185791015625,-30.691142197495434,2.526817843561845,4.4494944514355455,1023,frame_001023.png
4000,4000,4000,1010,0.2525,757,0.7495049504950495,1010,680,0.6732673267326733,450421.4579284375,5706738.6390180215,-42200.08228049004,4771.93919511541,10127.700662418269,-42677.478490206835,84.46440785194109,-14.175856693864995,2.67116991565808,115.27856584484533,-16.259248088847357,-2.6691158649687736,453.32684,194.42932,680,0.6732673267326733,445650.1392041915,5696610.798653291,477.24832886377936,0.6204708694131114,-0.13970231264829636,-0.14788085301751153,-32.382939956472875,2.3626579261182137,-3.1695597346902753,-1.5687819635686253,0.2792665311358462,-8.509845515317124,1.4800075,0.73881125,445649.5187333221,5696610.938355603,477.3962097167969,-30.814157992904242,2.083391394982363,5.3402857806268536,1024,frame_001024.png
4000,4000,4000,1306,0.3265,820,0.6278713629402757,1306,966,0.7396630934150077,445650.42487175803,5696610.702433118,477.25196437509237,0.6418468200718053,-0.0760012548416853,-0.14091892568893627,-32.107762525959295,1.4563674777603688,-2.708865419300745,-1.6043067831080577,-0.3256060403555523,-7.935986367708779,1.4894934,0.73662484,966,0.7396630934150077,445650.4248717579,5696610.702433117,477.2519643750728,0.64184681995539,-0.07600125577300787,-0.1409189257084904,-32.10776252599463,1.456367477640464,-2.7088654201360303,-1.604306783143386,-0.3256060404754635,-7.935986368544093,1.4894934,0.73662484,445649.78302493796,5696610.7784343725,477.3928833007813,-30.503455742851244,1.7819735181159244,5.227120948408048,1025,frame_001025.png
4000,4000,4000,1102,0.2755,836,0.7586206896551724,1102,774,0.7023593466424682,445650.7688024756,5696610.516052677,477.24950845659356,0.7258394038071856,-0.11800002120435238,-0.1455110746564401,-31.984579543008223,2.0794731615846427,-2.673523606786215,-1.6233034950051604,-0.03525262889070291,-7.89068791383454,1.4859098,0.71054685,774,0.7023593466424682,445650.7688024756,5696610.516052677,477.249508456605,0.7258394038071856,-0.11800002120435238,-0.14551107464501456,-31.984579543013826,2.0794731610897705,-2.673523606068217,-1.6233034950107594,-0.03525262938558171,-7.890687913116551,1.4859098,0.71054685,445650.0429630718,5696610.6340526985,477.39501953125,-30.361276048003056,2.1147257904753443,5.2171643070483205,1026,frame_001026.png
4000,4000,4000,1236,0.309,827,0.669093851132686,1236,858,0.6941747572815534,445648.7000083551,5696613.9899919825,476.6093854282227,-1.585151631734334,3.4956528125330806,-0.7899065639647915,-29.95007084826405,-16.28380355994692,5.625918354871221,0.6984593215246662,-19.236035690706416,-0.571366956364983,23.051903,15.120522,858,0.6941747572815534,445651.0260183644,5696610.349050814,477.24994348820195,0.7408583775977604,-0.1452883556485176,-0.14934850398555,-32.23468322847775,2.6924713435154533,-3.7488606099208304,-1.5861530586890353,-0.2597607872440335,-9.94614592115704,1.4773914,0.7004684,445650.2851599868,5696610.49433917,477.3992919921875,-30.648530169788707,2.952232130759492,6.197285311236215,1027,frame_001027.png
4000,4000,4000,1208,0.302,687,0.5687086092715232,1208,784,0.6490066225165563,445651.29488252534,5696610.119175254,477.2321825537027,0.5497772640665062,-0.10517103131860495,-0.172450014656647,-32.317907975316835,3.7880214756154555,-2.9241314303899104,-1.59742054559851,0.09420982644883225,-8.096963982070378,1.4267709,0.7418526,784,0.6490066225165563,445651.29488252563,5696610.119175254,477.2321825537457,0.5497772643575445,-0.10517103131860495,-0.17245001461367337,-32.317907975290346,3.788021475847177,-2.9241314286743703,-1.597420545572021,0.09420982668055444,-8.096963980354843,1.4267709,0.7418526,445650.7451052613,5696610.224346286,477.4046325683594,-30.72048742971832,3.6938116491666104,5.172832551680463,1028,frame_001028.png
4000,4000,4000,1124,0.281,694,0.6174377224199288,1124,691,0.6147686832740213,445651.67975383316,5696610.006035316,477.2492984566954,0.7152638474362902,-0.08010389748960733,-0.16790735385148992,-32.33141339931431,3.838552386967228,-1.7613106766369904,-1.7076481865332198,0.24810309989697998,-6.265189222149303,1.441526,0.72101676,691,0.6147686832740213,445651.679753833,5696610.006035316,477.2492984567034,0.7152638472616673,-0.08010389748960733,-0.167907353843475,-32.331413399321804,3.838552386431217,-1.7613106768695619,-1.7076481865407231,0.24810309936097497,-6.265189222381878,1.441526,0.72101676,445650.9644899857,5696610.086139213,477.4172058105469,-30.62376521278109,3.5904492870702485,4.5038785455123165,1029,frame_001029.png
4000,4000,4000,1041,0.26025,707,0.6791546589817483,1041,632,0.6071085494716618,445651.87929734046,5696609.863326172,477.2600652668065,0.702132556354627,-0.08260697964578867,-0.15500431327160413,-32.239959180169805,3.171157873976763,-1.8827132462127816,-1.6090250662679466,-0.06222466733180454,-6.459271664123463,1.4974245,0.72111154,632,0.6071085494716618,445651.8792973403,5696609.863326173,477.2600652668181,0.702132556180004,-0.0826069787144661,-0.15500431326000808,-32.23995918018148,3.1711578731896917,-1.8827132461249356,-1.609025066279628,-0.06222466811885852,-6.459271664035612,1.4974245,0.72111154,445651.1771647841,5696609.945933152,477.4150695800781,-30.63093411390186,3.233382541308558,4.576558417910681,1030,frame_001030.png
4000,4000,4000,914,0.2285,539,0.5897155361050328,914,593,0.6487964989059081,445649.27988145547,5696614.633919657,476.19717688757396,-2.1159766782657243,4.821940173394978,-1.21078209680104,-30.257938961888037,-21.72844863920272,11.749243293511674,0.6555247364181298,-25.220345106118458,7.342445899512427,23.986967,17.331682,593,0.6487964989059081,445652.0908161938,5696609.585530377,477.2402838218029,0.6949580600485206,-0.2264491068199277,-0.16767516257209536,-32.55938055322398,3.3992182979811787,-2.2037036860940096,-1.6459168549178287,-0.0926781689345546,-6.610501080093229,1.4401385,0.6971199,445651.39585813374,5696609.811979484,477.407958984375,-30.913463698306163,3.4918964669157395,4.406797393999232,1031,frame_001031.png
4000,4000,4000,1068,0.267,731,0.6844569288389513,1068,701,0.6563670411985019,445652.4448026985,5696609.426135902,477.23578301504693,0.6337479309877381,-0.11538659315556288,-0.171596135343691,-32.51356064706755,4.2657168191491195,-1.8871794791359395,-1.652520007750411,0.3698945873916273,-6.189910316786666,1.4944121,0.7344373,701,0.6563670411985019,445652.44480269926,5696609.4261359,477.2357830148386,0.6337479317444377,-0.11538659501820803,-0.17159613555202213,-32.513560646992794,4.2657168270524295,-1.8871794845387346,-1.6525200076756619,0.3698945952949373,-6.189910322189462,1.4944121,0.7344373,445651.8110547675,5696609.541522495,477.4073791503906,-30.86104063931713,3.8958222317574904,4.302730837650739,1032,frame_001032.png
4000,4000,4000,1070,0.2675,693,0.6476635514018692,1070,734,0.685981308411215,445652.6401829673,5696609.336200593,477.2431878536715,0.6242472972371615,-0.06813875678926706,-0.15701966585982063,-32.386208509386535,3.477440199250182,-1.1999187089708168,-1.634521191211519,-0.13120069227949216,-4.963450495388457,1.5051602,0.71301544,734,0.685981308411215,445652.6401829665,5696609.336200594,477.24318785375414,0.6242472964222543,-0.06813875585794449,-0.1570196657771703,-32.38620850947863,3.477440193550839,-1.199918707377589,-1.6345211913036053,-0.1312006979788407,-4.96345049379525,1.5051602,0.71301544,445652.01593567006,5696609.40433935,477.4002075195313,-30.751687318175026,3.6086408915296815,3.76353178641765,1033,frame_001033.png
4000,4000,4000,936,0.234,533,0.5694444444444444,936,576,0.6153846153846154,445652.0745281154,5696611.772038194,477.05957775330273,-0.1520701145636849,2.504250426776707,-0.33220691466607377,-32.56664949262997,-7.42072042834689,6.26043805327375,-1.307705188574431,-10.162643559817923,1.7366913402705961,11.871765,5.722115,576,0.6153846153846154,445652.82537677273,5696609.191447034,477.223541610041,0.5987785427714698,-0.07634073402732611,-0.16824305792778205,-32.83029268303689,2.2634335745316743,-2.039950186426952,-1.5713483789813267,-0.47848955693936546,-6.563696899430113,1.5038671,0.7604766,445652.22659822996,5696609.267787768,477.3917846679688,-31.25894430405555,2.7419231314710397,4.523746713003147,1034,frame_001034.png
4000,4000,4000,1079,0.26975,638,0.5912882298424467,1079,736,0.6821130676552364,445653.2115149407,5696608.945735048,477.229046250734,0.7722717201104388,-0.18426010012626648,-0.14622840746915244,-33.06291081803299,1.9914849501727083,-1.93040867497103,-1.5840831701787295,0.06255689823791499,-6.375245221261963,1.4752601,0.7051887,736,0.6821130676552364,445653.21151493856,5696608.9457350485,477.2290462509089,0.7722717179567553,-0.1842600991949439,-0.14622840729424524,-33.06291081823978,1.991484937768514,-1.930408674218217,-1.5840831703855258,0.06255688583374308,-6.375245220509129,1.4752601,0.7051887,445652.4392432206,5696609.129995148,477.3752746582031,-31.478827647854256,1.9289280519347807,4.44483654629092,1035,frame_001035.png
4000,4000,4000,1119,0.27975,649,0.579982126899017,1119,729,0.6514745308310992,445653.4313007106,5696608.76886176,477.2272296829713,0.5647337063564919,-0.07908536680042744,-0.13641777796618726,-33.02006402822824,1.416464212305435,-1.8804125445510065,-1.559119371183499,-0.20849321162901902,-6.129070926328666,1.4786088,0.71275586,729,0.6514745308310992,445653.4313007102,5696608.768861759,477.22722968295994,0.5647337059490383,-0.07908536773175001,-0.13641777797755594,-33.02006402840088,1.4164642126296947,-1.8804125485551864,-1.5591193713561324,-0.20849321130475573,-6.12907093033283,1.4786088,0.71275586,445652.86656700424,5696608.847947127,477.3636474609375,-31.46094465704475,1.624957423934458,4.248658381777653,1036,frame_001036.png
4000,4000,4000,1053,0.26325,659,0.6258309591642925,1053,685,0.6505223171889839,445653.7350927744,5696608.559623404,477.2261113508999,0.6542126978747547,-0.1383302714675665,-0.14458567058449034,-32.60036023670557,1.6096622103747191,-1.0823984026581328,-1.547660799668904,0.005187825594020978,-4.4929516164141035,1.461488,0.6841585,685,0.6505223171889839,445653.73509277415,5696608.559623405,477.22611135095855,0.654212697641924,-0.13833027053624392,-0.14458567052582794,-32.60036023668585,1.609662208187091,-1.0823984015889663,-1.5476607996491794,0.005187823406373582,-4.492951615344936,1.461488,0.6841585,445653.0808800765,5696608.697953676,477.3706970214844,-31.052699437036665,1.604474384780705,3.4105532137559793,1037,frame_001037.png
4000,4000,4000,961,0.24025,646,0.6722164412070759,961,640,0.6659729448491155,445654.01004794834,5696608.387260835,477.2266715939056,0.7174836638732813,-0.15650003775954247,-0.1520210330475038,-32.63603729841671,0.9385958389980465,-1.3541054391137533,-1.4649820570129464,-0.1512824982000609,-5.26105249053694,1.5157847,0.71099627,640,0.6659729448491155,445654.0100479478,5696608.387260835,477.2266715940008,0.7174836633494124,-0.15650003775954247,-0.15202103295234792,-32.636037298413775,0.9385958358355682,-1.3541054391083105,-1.464982057010019,-0.1512825013625445,-5.261052490531512,1.5157847,0.71099627,445653.29256428446,5696608.543760872,477.3786926269531,-31.171055241403756,1.0898783371981209,3.9069470514231974,1038,frame_001038.png
4000,4000,4000,912,0.228,552,0.6052631578947368,912,574,0.6293859649122807,445654.3107510798,5696608.2405669205,477.2329877635765,0.803018776816316,-0.17183054890483618,-0.14256155282981808,-32.86718840696013,1.4843570948747506,-1.7914212986541536,-1.54667227123997,0.07459085631964513,-6.100398170005178,1.5188956,0.7133859,574,0.6293859649122807,445654.3107510801,5696608.24056692,477.23298776344706,0.8030187771073543,-0.17183054983615875,-0.14256155295925055,-32.86718840704376,1.4843570982000378,-1.7914213013206866,-1.5466722713236152,0.07459085964495671,-6.100398172671703,1.5188956,0.7133859,445653.507732303,5696608.412397469,477.3755493164063,-31.320516135720155,1.409766238555093,4.308976871351019,1039,frame_001039.png
4000,4000,4000,799,0.19975,468,0.5857321652065082,799,531,0.6645807259073843,445654.5187288498,5696608.170569305,477.24035019684453,0.577242121915333,0.0076635731384158134,-0.12668471526484382,-33.17224027616981,0.9043692535505716,-1.3921074773233113,-1.6256675550494037,-0.4006341739121524,-5.5012634324978364,1.5102996,0.7472639,531,0.6645807259073843,445654.5187288498,5696608.170569305,477.2403501968452,0.577242121915333,0.0076635731384158134,-0.1266847152641617,-33.17224027616941,0.904369253456388,-1.39210747724953,-1.6256675550490058,-0.40063417400634194,-5.501263432424054,1.5102996,0.7472639,445653.9414867279,5696608.162905732,477.3670349121094,-31.5465727211204,1.305003427462717,4.10915595517452,1040,frame_001040.png
4000,4000,4000,859,0.21475,556,0.6472642607683353,859,520,0.6053550640279395,445654.753779342,5696607.956986333,477.22200822973167,0.6090504010790028,-0.08298264257609844,-0.14380597925270422,-32.94911457264974,1.7996747670407869,-2.2129066271706925,-1.5214383055941028,-0.2606513200632605,-6.8285489957251,1.5116688,0.73457885,520,0.6053550640279395,445654.75377934106,5696607.956986331,477.2220082295045,0.6090504001476802,-0.08298264443874359,-0.14380597947985052,-32.94911457277232,1.7996747674206623,-2.212906635611125,-1.5214383057166856,-0.2606513196834044,-6.828549004165524,1.5116688,0.73457885,445654.1447289409,5696608.039968976,477.3658142089844,-31.42767626705563,2.0603260871040585,4.6156423685544015,1041,frame_001041.png
4000,4000,4000,791,0.19775,525,0.6637168141592921,791,495,0.6257901390644753,445655.0010764247,5696607.895302517,477.22620093797417,0.6607341849594377,-0.014309837482869625,-0.14879906202583015,-32.26397829720937,1.5770924170926242,-1.7202466581534275,-1.489891165342982,-0.504738294936601,-6.206022973807393,1.5146673,0.69692343,495,0.6257901390644753,445655.00107642415,5696607.895302517,477.2262009379136,0.6607341843773611,-0.014309837482869625,-0.14879906208642524,-32.263978297206016,1.5770924145834253,-1.7202466596694208,-1.4898911653396283,-0.5047382974457832,-6.206022975323378,1.5146673,0.69692343,445654.34034223977,5696607.909612355,477.375,-30.774087131866384,2.0818307120292134,4.485776315653957,1042,frame_001042.png
4000,4000,4000,887,0.22175,517,0.5828635851183765,887,512,0.5772266065388951,445655.16718757857,5696607.5840769885,477.2030796577809,0.6265957155264914,-0.19827571231871843,-0.1724086234690958,-31.88187639026674,1.236089149452011,-2.2579814448956324,-1.5158902563913728,-0.45158728591073327,-6.362878478251986,1.47924,0.6940035,512,0.5772266065388951,445655.1671875788,5696607.5840769885,477.2030796578436,0.626595715759322,-0.19827571231871843,-0.1724086234063975,-31.88187639018381,1.2360891495038764,-2.257981442654336,-1.5158902563084382,-0.45158728585886365,-6.362878476010678,1.47924,0.6940035,445654.54059186304,5696607.782352701,477.37548828125,-30.365986133875378,1.6876764353627416,4.104897033356355,1043,frame_001043.png
4000,4000,4000,917,0.22925,555,0.6052344601962922,917,621,0.6772082878953108,445655.788502196,5696607.354311611,477.23766800616585,0.6361487643443979,-0.06312020216137171,-0.13324263836545924,-31.882761257756908,1.4696792833947954,-2.414049105548556,-1.4469603358273844,-0.09422701897105412,-7.28792763636784,1.511723,0.72709584,621,0.6772082878953108,445655.7885021951,5696607.354311611,477.23766800622843,0.6361487634130754,-0.06312020216137171,-0.13324263830287464,-31.88276125784422,1.4696792800806637,-2.414049108303519,-1.4469603359146959,-0.09422702228516755,-7.287927639122813,1.511723,0.72709584,445655.1523534317,5696607.417431813,477.3709106445313,-30.435800921929534,1.5639063023658404,4.8738785308192885,1044,frame_001044.png
4000,4000,4000,939,0.23475,684,0.7284345047923323,939,587,0.625133120340788,445655.9931553164,5696607.241925498,477.2282638125266,0.6399869901360944,-0.06017311755567789,-0.1383133359108797,-31.72558973581993,1.449185373882957,-2.68876048244249,-1.507557110252037,-0.42877561767147654,-7.822649356687833,1.5196065,0.68075067,587,0.625133120340788,445655.9931553158,5696607.241925499,477.2282638126407,0.6399869895540178,-0.06017311569303274,-0.13831333579679495,-31.7255897360343,1.449185366825779,-2.6887604761070745,-1.507557110466422,-0.42877562472864383,-7.822649350352435,1.5196065,0.6807507,445655.35316832626,5696607.302098615,477.3665771484375,-30.218032625567883,1.8779609915544282,5.1338888742453515,1045,frame_001045.png
4000,4000,4000,877,0.21925,554,0.6316989737742303,877,558,0.636259977194983,445656.30647972407,5696607.0573911825,477.2454053813746,0.7435929202474654,-0.1244423734024167,-0.11406117135976501,-31.034173570863913,0.8360232395941614,-1.5526532334891068,-1.4454306189958572,-0.13358136344731975,-5.579196895039587,1.4521507,0.7081252,558,0.636259977194983,445656.30647972383,5696607.0573911825,477.2454053813848,0.7435929200146347,-0.1244423734024167,-0.11406117134959004,-31.034173570856968,0.8360232382992685,-1.5526532330507576,-1.4454306189889223,-0.13358136474221283,-5.579196894601239,1.4521507,0.7081252,445655.5628868038,5696607.181833556,477.3594665527344,-29.588742951868053,0.9696046030414771,4.02654366155047,1046,frame_001046.png
4000,4000,4000,956,0.239,680,0.7112970711297071,956,619,0.647489539748954,445656.8686784169,5696606.687638457,477.244101104686,0.6771650830633007,-0.09258229937404394,-0.12586349492335103,-32.41309467530168,0.40667544193049265,-2.2976440143201513,-1.420492391603318,-0.030577917046912262,-7.0634538611778055,1.4783219,0.69580036,619,0.647489539748954,445656.8686784161,5696606.687638461,477.2441011047214,0.6771650823066011,-0.09258229564875364,-0.12586349488799442,-32.41309467460681,0.4066754287095159,-2.297644000005135,-1.4204923909084641,-0.03057793026789568,-7.063453846862814,1.4783219,0.69580036,445656.1915133338,5696606.780220756,477.3699645996094,-30.992602283698357,0.4372533589774037,4.765809846857667,1047,frame_001047.png
4000,4000,4000,1118,0.2795,740,0.6618962432915921,1118,681,0.6091234347048301,445659.04419093195,5696603.7468301095,476.65139752843595,2.641134017612785,-2.9011510517448187,-0.7281190731265497,-31.65005657738758,14.457972893523275,-7.632284517849393,-0.08261470485308564,14.407499606728408,-11.392696197060985,14.156964,8.274971,681,0.6091234347048301,445656.9864123956,5696606.510155097,477.2284251268176,0.5833554812707007,-0.13782606460154057,-0.15109147474487372,-33.00991297750555,-0.4954306046122133,-1.6411620717647222,-1.4424711049710481,-0.5459038914070788,-5.4015737509763255,1.4912416,0.71408314,445656.40305691434,5696606.647981161,477.3795166015625,-31.567441872534495,0.05047328679486099,3.7604116792116042,1048,frame_001048.png
4000,4000,4000,1128,0.282,721,0.6391843971631206,1128,704,0.624113475177305,445659.223462438,5696603.929709857,476.74461543560267,2.6167916879057884,-2.5886240443214774,-0.6375867128348318,-32.80391272740427,13.713250840706314,-5.316302125071931,-0.3601525069191496,13.205579656899005,-8.347733923320334,12.606189,7.172861,704,0.624113475177305,445657.36487840116,5696606.35392577,477.26987235945387,0.7582076510880142,-0.16440813150256872,-0.11232978898362944,-33.91044514184637,0.3542703389571572,-0.4687779177735053,-1.4666849213612352,-0.15340084485015382,-3.5002097160219137,1.4169818,0.6674003,445656.6066707501,5696606.518333902,477.3822021484375,-32.443760220485125,0.5076711838073168,3.031431798248403,1049,frame_001049.png
4000,4000,4000,1090,0.2725,755,0.6926605504587156,1090,654,0.6,445657.7308626831,5696605.919544542,477.24546344181545,0.5767702042357996,-0.20208779629319906,-0.13823406795017945,-33.513874415130665,1.3735243656838068,0.08976332543484081,-1.4758259267229903,-0.10533203237787347,-1.7222046276348237,1.524058,0.7153454,654,0.6,445657.7308626818,5696605.919544544,477.2454634419859,0.5767702029552311,-0.2020877944305539,-0.13823406777970604,-33.51387441532869,1.3735243546364473,0.08976333124368184,-1.4758259269210043,-0.1053320434252214,-1.7222046218259948,1.524058,0.7153454,445657.15409247886,5696606.1216323385,477.3836975097656,-32.03804848840767,1.4788563980616682,1.8119679530696624,1050,frame_001050.png
4000,4000,4000,1035,0.25875,701,0.6772946859903382,1035,717,0.6927536231884058,445658.1578929899,5696605.651858692,477.2728000004841,0.7066811798722483,-0.16330823581665754,-0.15514799756277853,-31.891433722977506,2.869457806721187,1.171683306613768,-1.3789124550530687,-0.08820041525305555,-0.2811980144024915,1.4916985,0.70599216,717,0.6927536231884058,445658.15789298975,5696605.651858692,477.27280000047983,0.7066811796976253,-0.16330823581665754,-0.15514799756704178,-31.891433723003473,2.869457806306621,1.1716833058519578,-1.3789124550790461,-0.0882004156676146,-0.281198015164307,1.4916985,0.70599216,445657.45121181005,5696605.815166928,477.4279479980469,-30.512521267924427,2.957658221974235,1.4528813210162528,1051,frame_001051.png
4000,4000,4000,1091,0.27275,681,0.6241979835013749,1091,699,0.6406966086159487,445658.3020481229,5696605.595152512,477.2650697281977,0.5611371828126721,0.015677609480917454,-0.1804869124272841,-31.77278797216018,4.72990709221213,0.7980415907735835,-1.3909216960630317,-0.22497998973634026,-1.0799738426544252,1.5104733,0.7240207,699,0.6406966086159487,445658.3020481222,5696605.595152511,477.2650697282098,0.5611371821141802,0.01567760854959488,-0.18048691241517645,-31.77278797210457,4.729907090140277,0.798041587674553,-1.3909216960074104,-0.2249799918081976,-1.0799738457534716,1.5104733,0.7240207,445657.7409109401,5696605.579474903,477.445556640625,-30.381866276097156,4.9548870819484705,1.8780154334280128,1052,frame_001052.png
4000,4000,4000,1113,0.27825,778,0.6990116801437556,1113,719,0.6460017969451932,445658.49202223413,5696605.429007647,477.28323699697637,0.590478390455246,-0.050648508593440056,-0.1758999659142546,-32.17180270595963,4.697706891619199,0.8033828754537476,-1.4685322197120456,-0.21547871240807126,-0.9922806366656687,1.4884273,0.7096087,719,0.6460017969451932,445658.4920223006,5696605.4290076895,477.2832369991298,0.5904784569283947,-0.050648465752601624,-0.17589996376079853,-32.17180270855189,4.69770704310885,0.8033832015404896,-1.4685322223043045,-0.21547856091842732,-0.9922803105789342,1.4884273,0.7096087,445657.9015438437,5696605.479656155,477.4591369628906,-30.70327048624758,4.913185604027274,1.7956635121194098,1053,frame_001053.png
4000,4000,4000,933,0.23325,618,0.662379421221865,933,611,0.654876741693462,445658.6504028584,5696605.274420313,477.2590653531909,0.5784337453078479,-0.10028518456965685,-0.20016316243408028,-32.12624303610135,4.022305270123033,-0.6937391183055741,-1.4132514057271806,-0.40893037937371446,-3.5416372055270813,1.41982,0.70613146,611,0.654876741693462,445658.6504028584,5696605.274420312,477.25906535312856,0.5784337453078479,-0.10028518550097942,-0.2001631624964375,-32.126243036046645,4.0223052711472596,-0.6937391197733561,-1.4132514056724688,-0.40893037834950974,-3.5416372069948636,1.41982,0.70613146,445658.0719691131,5696605.374705497,477.459228515625,-30.71299163037417,4.431235649496761,2.8478980872215156,1054,frame_001054.png
4000,4000,4000,986,0.2465,694,0.7038539553752535,986,725,0.7352941176470589,445659.25048232335,5696605.079198478,477.26237699242137,0.5837607113644481,0.012476513162255287,-0.17652681617238386,-32.23522620718378,4.536614942097368,-0.9190892680774754,-1.600691346466789,0.09696668986256896,-4.750899610046417,1.5373218,0.7057199,725,0.7352941176470589,445659.2504823234,5696605.079198478,477.26237699241784,0.5837607114226557,0.012476513162255287,-0.17652681617590815,-32.23522620727045,4.536614941731146,-0.9190892667772742,-1.6006913465534751,0.09696668949635523,-4.750899608746209,1.5373218,0.7057199,445658.666721612,5696605.066721965,477.43890380859375,-30.63453486071698,4.439648252234791,3.8318103419689304,1055,frame_001055.png
4000,4000,4000,1143,0.28575,693,0.6062992125984252,1143,799,0.6990376202974629,445659.476423059,5696604.924958101,477.2597835030017,0.591169474995695,-0.034197733737528324,-0.1629459891858005,-32.21137102597364,2.955401709942244,-2.2012520830811395,-1.5502571643717147,-0.39684536957392424,-6.786303824130414,1.4639151,0.7297184,799,0.6990376202974629,445659.47642305924,5696604.924958101,477.2597835030188,0.5911694752285257,-0.034197733737528324,-0.16294598916869063,-32.21137102596401,2.955401710689706,-2.201252082352291,-1.5502571643620797,-0.3968453688264617,-6.786303823401568,1.4639151,0.7297184,445658.885253584,5696604.959155834,477.4227294921875,-30.66111386160194,3.3522470795161627,4.5850517410492815,1056,frame_001056.png
4000,4000,4000,1066,0.2665,714,0.6697936210131332,1066,793,0.7439024390243902,445659.77438836225,5696604.728620807,477.26218826820343,0.6618356350809336,-0.11963191628456116,-0.1528507942965689,-32.11902750141962,3.538105072971752,-1.5676952989822768,-1.5801023389940951,-0.1738196012294111,-5.357149017884183,1.435979,0.72371805,793,0.7439024390243902,445659.77438837104,5696604.7286208095,477.2621882689388,0.6618356438702904,-0.11963191349059343,-0.15285079356118558,-32.11902750162763,3.538105098669383,-1.567695265576886,-1.5801023392021136,-0.1738195755317804,-5.357148984478783,1.435979,0.72371805,445659.11255272717,5696604.848252723,477.4150390625,-30.53892516242552,3.7119246742011733,3.789453718901904,1057,frame_001057.png
4000,4000,4000,1161,0.29025,760,0.6546080964685616,1161,808,0.6959517657192076,445660.37916381843,5696604.469364487,477.25018629335966,0.5705418383004144,0.000727582722902298,-0.15139451718721375,-32.318140929322205,1.2310126568030455,-2.1112440155963714,-1.477417076860263,-0.4178031588784279,-6.707422305897211,1.4763824,0.73200184,808,0.6959517657192076,445660.37916381797,5696604.469364487,477.25018629331856,0.5705418378347531,0.000727582722902298,-0.15139451722831154,-32.31814092936785,1.2310126550207243,-2.1112440167696414,-1.4774170769059083,-0.4178031606607533,-6.7074223070704875,1.4763824,0.73200184,445659.80862198013,5696604.468636904,477.4015808105469,-30.840723852461927,1.6488158156814812,4.596178290300851,1058,frame_001058.png
4000,4000,4000,1101,0.27525,744,0.6757493188010899,1101,780,0.7084468664850136,445660.67690325936,5696604.233009507,477.2631434200134,0.6352113450411707,-0.09887110348790884,-0.14737904092407916,-32.31943488249447,1.366287779127538,-2.042375431171112,-1.4459731889872387,-0.13276342317442413,-6.322527812743999,1.436586,0.70858175,780,0.7084468664850136,445660.67690325965,5696604.233009508,477.26314342004514,0.635211345332209,-0.09887110255658627,-0.14737904089236054,-32.31943488243761,1.3662877785698802,-2.0423754278327153,-1.4459731889303669,-0.1327634237320865,-6.322527809405614,1.436586,0.70858175,445660.0416919143,5696604.33188061,477.4105224609375,-30.873461693507235,1.49905120230196,4.2801523815729015,1059,frame_001059.png
4000,4000,4000,1097,0.27425,832,0.7584320875113947,1097,772,0.7037374658158614,445660.9833835725,5696604.083367885,477.27177766793955,0.6970458442228846,-0.12437870167195797,-0.1306881523729544,-32.613330681393414,0.5897749958048573,-2.078705533007577,-1.5358576342087247,-0.25873916014890597,-6.519292787999774,1.4026585,0.6994758,772,0.7037374658158614,445660.98338357353,5696604.083367885,477.27177766798144,0.6970458452706225,-0.12437870167195797,-0.1306881523310608,-32.6133306812742,0.5897749995309824,-2.0787055304626576,-1.535857634089524,-0.258739156422763,-6.519292785454866,1.4026585,0.6994758,445660.28633772826,5696604.207746587,477.4024658203125,-31.077473047184682,0.848514155953751,4.440587254992206,1060,frame_001060.png
4000,4000,4000,1165,0.29125,791,0.6789699570815451,1165,842,0.7227467811158799,445661.8725122809,5696603.673797045,477.27476721681353,0.6858525710995309,-0.04731839243322611,-0.14314049803022044,-31.84624103703198,2.230492803150807,-2.1900236357751237,-1.4498262211306496,0.06996295294368338,-6.922034111178306,1.4579115,0.72608346,842,0.7227467811158799,445661.87251228106,5696603.673797045,477.27476721681296,0.6858525712741539,-0.04731839243322611,-0.14314049803078888,-31.8462410370288,2.2304928040038683,-2.190023635987969,-1.4498262211274664,0.06996295379676098,-6.922034111391156,1.4579115,0.72608346,445661.1866597098,5696603.721115437,477.41790771484375,-30.396414815901334,2.160529850207112,4.732010475403195,1061,frame_001061.png
4000,4000,4000,1045,0.26125,740,0.7081339712918661,1045,793,0.7588516746411483,445662.05198526,5696603.537815174,477.2585217996039,0.6525833324412815,-0.06219517160207033,-0.16506218477110224,-31.998213698009575,1.5589065882950273,-2.6445178851092073,-1.4725840953867078,-0.2932117587259029,-7.697176682028328,1.4807541,0.69952893,793,0.7588516746411483,445662.05198525835,5696603.537815173,477.25852179952886,0.652583330811467,-0.062195172533392906,-0.16506218484613555,-31.998213698133522,1.558906583109263,-2.64451789022142,-1.4725840955106548,-0.29321176391167114,-7.697176687140541,1.4807541,0.699529,445661.39940192754,5696603.600010346,477.423583984375,-30.525629602622878,1.8521183470209335,5.052658796919117,1062,frame_001062.png
4000,4000,4000,1124,0.281,815,0.7250889679715302,1124,819,0.7286476868327402,445662.93404524116,5696603.109703437,477.25807580817167,0.6511659760726616,-0.012618765234947205,-0.1371573461252069,-32.18085551942677,0.9489389329200569,-2.641291537035921,-1.410980696405403,-0.20302448016329322,-7.895825101415824,1.4389287,0.71973336,819,0.7286476868327402,445662.93404523714,5696603.109703437,477.2580758086028,0.651165972056333,-0.012618765234947205,-0.13715734569404958,-32.18085551951797,0.9489389173008193,-2.641291545690267,-1.4109806964966083,-0.2030244957825289,-7.895825110070177,1.4389287,0.71973336,445662.2828792651,5696603.122322203,477.3952331542969,-30.76987482302137,1.1519634130833396,5.254533564379906,1063,frame_001063.png
4000,4000,4000,1114,0.2785,613,0.5502692998204668,1114,850,0.7630161579892281,445663.22708522284,5696602.942382449,477.2588463016037,0.7213966822018847,-0.05681176297366619,-0.1248512081619424,-32.14461063086952,0.5930522585225004,-2.432971943279366,-1.463822089670657,-0.2201471115418201,-7.5791909908394075,1.3851191,0.7081239,850,0.7630161579892281,445663.2270852226,5696602.942382451,477.2588463016112,0.721396681969054,-0.05681176111102104,-0.12485120815443906,-32.14461063067986,0.5930522539415527,-2.432971938008367,-1.4638220894809706,-0.22014711612274596,-7.579190985568431,1.3851191,0.7081239,445662.50568854064,5696602.999194212,477.3836975097656,-30.680788541198876,0.8131993700643088,5.146219047560054,1064,frame_001064.png
4000,4000,4000,918,0.2295,601,0.6546840958605664,918,623,0.6786492374727668,445663.51633942645,5696602.716500189,477.25552589565433,0.7930859347106889,-0.15460047125816345,-0.12682884067379518,-32.2977277918146,0.6468572134140618,-2.6357751509356473,-1.4049490780408291,0.1501951854272079,-7.702757671295387,1.3975952,0.6828733,623,0.6786492374727668,445663.5163394272,5696602.716500186,477.2555258955602,0.7930859354673885,-0.15460047405213118,-0.1268288407679279,-32.29772779187019,0.6468572222265034,-2.635775158921978,-1.404949078096422,0.15019519423964311,-7.702757679281717,1.3975952,0.68287325,445662.72325349174,5696602.87110066,477.3823547363281,-30.89277871377377,0.4966620279868468,5.06698252035973,1065,frame_001065.png
4000,4000,4000,1025,0.25625,682,0.6653658536585366,1025,762,0.7434146341463415,445663.723686541,5696602.614423691,477.2438044516164,0.5826282575726509,-0.006892469711601734,-0.13247728666488,-32.526100111913074,0.5123324331588769,-2.9184507859523308,-1.4457094817884695,-0.2235455316396724,-8.388606744459565,1.4117572,0.7005453,762,0.7434146341463415,445663.723686541,5696602.614423691,477.24380445161466,0.5826282575726509,-0.006892469711601734,-0.13247728666664216,-32.526100111936856,0.5123324334603695,-2.9184507863309386,-1.44570948181223,-0.2235455313381749,-8.388606744838171,1.4117572,0.7005453,445663.14105828345,5696602.621316161,477.3762817382813,-31.080390630124615,0.735877964798537,5.470155958507231,1066,frame_001066.png
4000,4000,4000,1011,0.25275,707,0.6993076162215628,1011,743,0.734915924826904,445664.0162269858,5696602.442474054,477.2602341182164,0.6741917679319158,-0.05446144938468933,-0.1274306767055009,-32.43415941085848,1.14004208033916,-1.6761809609758165,-1.4408280838642327,-0.19105784584121466,-5.933379841331515,1.4615651,0.7350375,743,0.734915924826904,445664.0162269859,5696602.442474054,477.2602341182196,0.6741917680483311,-0.05446144938468933,-0.12743067670226083,-32.43415941078609,1.140042079788367,-1.6761809595864234,-1.4408280837918426,-0.19105784639199896,-5.93337983994212,1.4615651,0.7350375,445663.34203521785,5696602.496935504,477.3876647949219,-30.993331326994255,1.3310999261803687,4.257198880355699,1067,frame_001067.png
4000,4000,4000,867,0.21675,581,0.6701268742791234,867,673,0.776239907727797,445664.28890159895,5696602.27670921,477.2485877658367,0.7475782987312414,-0.09265789482742548,-0.13993152127267194,-32.318537837008314,2.2820021844426814,-1.8325616871486925,-1.3910391327115406,0.14541296633953493,-6.366392264713198,1.4512808,0.6944972,673,0.776239907727797,445664.28890159907,5696602.276709211,477.248587765843,0.7475782988476567,-0.0926578938961029,-0.13993152126636232,-32.318537836980475,2.282002184245999,-1.8325616861313652,-1.3910391326836873,0.1454129661428567,-6.366392263695872,1.4512808,0.6944972,445663.5413233002,5696602.369367105,477.3885192871094,-30.927498704296784,2.1365892181031443,4.533830577564495,1068,frame_001068.png
4000,4000,4000,1052,0.263,718,0.6825095057034221,1052,780,0.7414448669201521,445664.4677000867,5696602.122790829,477.25144660605537,0.7277401009923778,-0.11588926892727613,-0.13753044472593956,-32.20805204957147,0.2995137908199747,-2.8065917870651194,-1.4308682415785938,-0.131886302792509,-8.082425150714158,1.4336082,0.6973267,780,0.7414448669201521,445664.46770008636,5696602.122790826,477.25144660609425,0.7277401006431319,-0.11588927265256643,-0.13753044468705866,-32.20805205034013,0.2995137967114102,-2.8065917994571237,-1.430868242347259,-0.13188629690105813,-8.082425163106166,1.4336079,0.69732684,445663.7399599857,5696602.238680098,477.3889770507813,-30.777183807992877,0.4314000936124723,5.275833363649047,1069,frame_001069.png
4000,4000,4000,811,0.20275,590,0.7274969173859432,811,625,0.7706535141800247,445664.81528201455,5696601.999620208,477.2310464389429,0.6474877437576652,0.023747518658638,-0.12890839504149199,-32.173430742021765,-0.25493821290830193,-1.8514248476233874,-1.4532230597888827,-0.014867040791131103,-6.58241755005136,1.4205583,0.7248396,625,0.7706535141800247,445664.8152820152,5696601.9996202085,477.23104643891725,0.6474877443979494,0.023747519589960575,-0.12890839506712837,-32.17343074163015,-0.2549382138952708,-1.851424840902489,-1.45322305939726,-0.014867041778103385,-6.58241754333045,1.4205583,0.7248396,445664.1677942708,5696601.975872689,477.3599548339844,-30.720207682232886,-0.24007117211715726,4.730992702427964,1070,frame_001070.png
4000,4000,4000,934,0.2335,631,0.6755888650963597,934,703,0.7526766595289079,445665.07766640605,5696601.766443156,477.2283121663295,0.7038089705165476,-0.07858897373080254,-0.12978109538931903,-32.1549859637025,0.07446234140490766,-2.191172548847557,-1.4261326497710343,0.06688859328733088,-6.956847905474916,1.4398334,0.6933999,703,0.7526766595289079,445665.077666405,5696601.76644316,477.22831216627975,0.7038089694688097,-0.07858896907418966,-0.12978109543905703,-32.154985962563345,0.07446232779074198,-2.1911725356543195,-1.4261326486318637,0.06688857967316153,-6.956847892281701,1.4398334,0.6933999,445664.37385743554,5696601.845032129,477.3580932617188,-30.728853313931474,0.007573748117574637,4.765675356627371,1071,frame_001071.png
4000,4000,4000,936,0.234,657,0.7019230769230769,936,651,0.6955128205128205,445665.2954594364,5696601.715491065,477.2222469702114,0.7045820489292964,-0.013111823238432407,-0.12550083252295963,-31.986627297285516,0.537930970387543,-2.1138019897179183,-1.389296701516713,-0.18433452876678302,-7.065356323403876,1.4664116,0.711119,651,0.6955128205128205,445665.2954594386,5696601.715491063,477.222246970489,0.7045820510829799,-0.013111825101077557,-0.1255008322453932,-31.986627297327935,0.5379309833887508,-2.11380199261556,-1.3892967015591182,-0.18433451576555626,-7.065356326301497,1.4664116,0.711119,445664.5908773875,5696601.728602888,477.3477478027344,-30.597330595768806,0.7222654991543198,4.951554333685944,1072,frame_001072.png
4000,4000,4000,848,0.212,645,0.7606132075471698,848,615,0.7252358490566038,445665.7388625696,5696601.432235625,477.2263642619002,0.5688276670407504,0.03834162373095751,-0.0891569783341879,-32.38311545073952,-8.036838585830749,-3.000212158186798,-1.3831312655701709,-0.44759926513933124,-8.569775534808855,1.4473567,0.72999555,615,0.7252358490566038,445665.7388625697,5696601.432235625,477.22636426192054,0.568827667098958,0.03834162373095751,-0.08915697831383795,-32.38311545084208,-8.036838585016179,-3.000212158815949,-1.3831312656727164,-0.44759926432476504,-8.569775535438026,1.4473567,0.72999555,445665.1700349026,5696601.393894001,477.3155212402344,-30.999984185169357,-7.589239320691419,5.569563376622065,1073,frame_001073.png
4000,4000,4000,853,0.21325,517,0.6060961313012896,853,636,0.7456037514654161,445665.88271683606,5696601.297961508,477.22920628564407,0.5719063557917252,-0.01840111520141363,-0.07923487646530702,-32.766507549761016,-7.565764641434415,-3.9829673818470126,-1.8129478859578398,-1.3389048782910322,-10.582435993095714,1.465502,0.6822533,636,0.7456037514654161,445665.88271683594,5696601.297961508,477.2292062856348,0.5719063556753099,-0.01840111520141363,-0.0792348764745725,-32.76650754989653,-7.565764641329127,-3.9829673828637455,-1.8129478860933546,-1.3389048781857298,-10.582435994112444,1.465502,0.6822533,445665.31081048027,5696601.316362623,477.3084411621094,-30.953559663803166,-6.226859763143395,6.599468611248694,1074,frame_001074.png
4000,4000,4000,844,0.211,600,0.7109004739336493,844,587,0.6954976303317536,445665.90597151686,5696601.403259228,477.2009942883552,0.49620488873915747,0.12978060822933912,-0.11193295773853151,-31.698077568804667,-4.776602701318003,-3.5620920949172707,-1.2123949016304039,-0.6798454333837469,-9.850012232303186,1.4778402,0.72224134,587,0.6954976303317536,445665.9059715171,5696601.403259227,477.20099428837773,0.4962048889719881,0.12978060729801655,-0.11193295771602152,-31.69807756885817,-4.776602700016574,-3.5620920954482727,-1.212394901683922,-0.6798454320823168,-9.850012232834189,1.4778402,0.72224134,445665.4097666281,5696601.27347862,477.31292724609375,-30.485682667174256,-4.096757267934252,6.287920137385914,1075,frame_001075.png
4000,4000,4000,912,0.228,665,0.7291666666666666,912,614,0.6732456140350878,445665.9365035317,5696601.147697163,477.2018342364273,0.4712381506105885,-0.0941304937005043,-0.10770555849455832,-32.33812452689052,-4.326760946563435,-1.8256217295255672,-1.5866026763616219,-0.42242923401173016,-5.641988354009641,1.4763842,0.6879556,614,0.6732456140350878,445665.9365035316,5696601.147697163,477.2018342364179,0.47123815049417317,-0.0941304937005043,-0.10770555850399433,-32.338124526915166,-4.326760946884318,-1.8256217297369568,-1.5866026763862635,-0.42242923433261126,-5.641988354221041,1.4763842,0.6879556,445665.4652653811,5696601.2418276565,477.3095397949219,-30.7515218505289,-3.9043317125516954,3.8163666244840724,1076,frame_001076.png
4000,4000,4000,840,0.21,570,0.6785714285714286,840,626,0.7452380952380953,445665.92048944905,5696601.283792842,477.200844539593,0.4499659395078197,0.04893012158572674,-0.14189838032888247,-32.18207240983297,2.488855634903836,-1.5320259915180097,-1.4787038968002548,-0.3664186804172118,-5.715020671372827,1.4627467,0.7032928,626,0.7452380952380953,445665.92048944905,5696601.283792844,477.2008445396645,0.4499659395078197,0.04893012344837189,-0.14189838025737345,-32.18207240972361,2.4888556295807995,-1.5320259831137473,-1.478703896690888,-0.36641868574025693,-5.715020662968584,1.4627467,0.7032928,445665.47052350955,5696601.234862721,477.3427429199219,-30.703368513032714,2.855274315321056,4.18299467985483,1077,frame_001077.png
4000,4000,4000,904,0.226,511,0.5652654867256637,904,643,0.7112831858407079,445665.9711533715,5696601.277161652,477.207654787187,0.5039171356474981,0.03355349134653807,-0.14000146281301795,-31.351040739976515,0.40440507567813644,-2.8800998678317313,-1.3558138307461434,-0.006009919824322196,-8.19630643679048,1.415973,0.6867548,643,0.7112831858407079,445665.9711533714,5696601.277161652,477.20765478719017,0.5039171355310827,0.03355349134653807,-0.14000146280983472,-31.35104073997484,0.4044050753061785,-2.8800998679683887,-1.3558138307444665,-0.006009920196277108,-8.19630643692713,1.415973,0.6867548,445665.46723623585,5696601.243608161,477.34765625,-29.99522690923037,0.41041499550244587,5.316206568958741,1078,frame_001078.png
4000,4000,4000,988,0.247,764,0.7732793522267206,988,709,0.7176113360323887,445665.98365641775,5696601.258635765,477.2050960525408,0.4666189423878677,0.015088633634150028,-0.13935585175607912,-31.69065945070171,-0.2078896927396195,-3.147377571006559,-1.3940561702461594,-0.10234110366209848,-8.61576093410406,1.4591205,0.716331,709,0.7176113360323887,445665.9836564183,5696601.258635765,477.2050960526067,0.46661894291173667,0.015088633634150028,-0.1393558516901976,-31.69065945066863,-0.20788969082198586,-3.147377569926284,-1.3940561702130765,-0.10234110174445732,-8.615760933023779,1.4591205,0.716331,445665.51703747537,5696601.243547131,477.3444519042969,-30.296603280455557,-0.10554858907751723,5.468383363097491,1079,frame_001079.png
4000,4000,4000,953,0.23825,634,0.6652675760755509,953,657,0.689401888772298,445666.01612312195,5696601.263471392,477.2104649937277,0.47708907787455246,0.02734591905027628,-0.13169809220977413,-31.778550796489807,-0.8568775837829281,-2.932760654171275,-1.3703987794425814,-0.13712416606745137,-8.337488733953364,1.449068,0.69217855,657,0.689401888772298,445666.0161231208,5696601.263471392,477.2104649935491,0.47708907671039924,0.02734591905027628,-0.13169809238837615,-31.77855079642435,-0.8568775875293316,-2.9327606580688483,-1.3703987793771262,-0.137124169813859,-8.337488737850947,1.449068,0.69217855,445665.5390340441,5696601.236125473,477.3421630859375,-30.408152017047225,-0.7197534177154737,5.404728079782088,1080,frame_001080.png
4000,4000,4000,943,0.23575,711,0.7539766702014846,943,608,0.6447507953340403,445665.9514999696,5696601.212916617,477.1957964878677,0.39788412081543356,-0.00848995242267847,-0.15411806291359653,-31.883722373453796,-1.5891961957442748,-2.3811707384562046,-1.435955309113865,-0.4761656179359477,-6.852589464885995,1.4792585,0.7388169,608,0.6447507953340403,445665.95149996894,5696601.212916618,477.1957964877891,0.3978841201751493,-0.008489951491355896,-0.15411806299221098,-31.88372237356649,-1.5891961997737334,-2.381170737322966,-1.4359553092265571,-0.4761656219654071,-6.852589463752764,1.4792585,0.7388169,445665.55361584877,5696601.22140657,477.3499145507813,-30.44776706433992,-1.1130305778083363,4.471418726429788,1081,frame_001081.png
4000,4000,4000,980,0.245,687,0.7010204081632653,980,639,0.6520408163265307,445666.0755744768,5696602.307133835,451.48225586263237,0.5068416688591242,1.0972024165093899,-25.865491940102004,149.7633463947168,-4.797284095741185,1.709783261754484,-179.63422710796067,-2.8403273694523534,-3.0434787131468113,14.221527,8.579012,639,0.6520408163265307,445666.00359727954,5696601.279036999,477.212859916023,0.4348644716083072,0.06910558044910431,-0.13488788671139673,-31.932599041704453,-2.5144647062313763,-2.2523809352860447,-1.3301725443818668,-0.5575079799425282,-7.005642910187362,1.5566734,0.715187,445665.56873280794,5696601.209931418,477.3477478027344,-30.602426497322572,-1.9569567262888383,4.753261974901303,1082,frame_001082.png
4000,4000,4000,1062,0.2655,670,0.6308851224105462,1062,785,0.7391713747645952,445666.01232623315,5696601.190451402,477.2084136655657,0.45895766862668097,0.012968740426003933,-0.1391205141218279,-31.816037804281812,-0.5602169024303686,-1.2405899996691383,-1.3910304626251957,-0.2719977915982099,-4.892769560891082,1.5350271,0.7312538,785,0.7391713747645952,445666.0123262329,5696601.190451404,477.2084136655276,0.4589576683938503,0.012968742288649082,-0.139120514159913,-31.816037803940954,-0.5602169077324041,-1.2405899930083344,-1.3910304622843341,-0.2719977969002514,-4.892769554230284,1.5350271,0.7312538,445665.5533685645,5696601.177482662,477.3475341796875,-30.425007341656606,-0.28821911083215734,3.6521795612219528,1083,frame_001083.png
4000,4000,4000,1028,0.257,714,0.6945525291828794,1028,710,0.6906614785992218,445665.9387841065,5696601.178728461,477.21609434668113,0.40160559286596254,-0.00030082371085882187,-0.1286627333969932,-31.902054480741253,-0.2688224323917899,-1.3394161046664421,-1.4341357100626055,-0.5074262454787402,-5.045831408321874,1.4321247,0.70744,710,0.6906614785992218,445665.9387841066,5696601.178728461,477.216094346684,0.4016055929241702,-0.00030082371085882187,-0.12866273339415102,-31.902054480733334,-0.26882243238308373,-1.3394161044672745,-1.4341357100546759,-0.5074262454700431,-5.0458314081226945,1.4321247,0.70744,445665.53717851365,5696601.179029285,477.3447570800781,-30.46791877067865,0.23860381308696074,3.7064153036554197,1084,frame_001084.png
4000,4000,4000,933,0.23325,638,0.6838156484458735,933,580,0.6216505894962486,445665.87731145916,5696601.194269398,477.21045942490247,0.3674163628020324,0.016735699027776718,-0.14046220595690784,-32.0268294429122,-0.19415867953483518,-1.561897430007876,-1.406602855811542,-0.5278211525095742,-5.382980346656524,1.4274907,0.71820515,580,0.6216505894962486,445665.87731145904,5696601.194269398,477.2104594249265,0.36741636268561706,0.016735699027776718,-0.14046220593286307,-32.02682944300256,-0.1941586788325626,-1.561897432103687,-1.406602855901923,-0.5278211518073022,-5.382980348752341,1.4274907,0.71820515,445665.50989509636,5696601.177533699,477.3509216308594,-30.62022658710065,0.3336624729747279,3.8210829166486446,1085,frame_001085.png
4000,4000,4000,918,0.2295,562,0.6122004357298475,918,647,0.7047930283224401,445665.99356427917,5696601.197646262,477.22514399602125,0.5196296044159681,0.0010570548474788666,-0.1298975078850617,-31.821252601625996,0.7961801677757805,-1.6354454354542327,-1.4604954890798751,0.10868612963531632,-5.766920446176584,1.4415193,0.6802614,647,0.7047930283224401,445665.99356427905,5696601.197646262,477.22514399602863,0.5196296042995527,0.0010570548474788666,-0.12989750787767207,-31.821252601630132,0.7961801672939153,-1.6354454356347614,-1.4604954890839963,0.10868612915342624,-5.766920446357119,1.4415193,0.6802614,445665.47393467475,5696601.196589207,477.3550415039063,-30.360757112546132,0.6874940381404772,4.13147501072236,1086,frame_001086.png
4000,4000,4000,902,0.2255,540,0.5986696230598669,902,688,0.7627494456762749,445665.9986263393,5696601.239244843,477.2149639315056,0.5354688601801172,0.027584781870245934,-0.14441106849437801,-31.58942758674299,1.0756443694697502,-2.3306327782261347,-1.3244877515885207,0.4204507689805723,-7.350999746480397,1.4288656,0.70678973,688,0.7627494456762749,445665.99862633884,5696601.239244844,477.21496393156673,0.5354688597144559,0.027584782801568508,-0.14441106843327134,-31.589427586438077,1.0756443652850713,-2.3306327753624276,-1.3244877512836126,0.4204507647958735,-7.350999743616683,1.4288656,0.70678973,445665.4631574791,5696601.211660061,477.359375,-30.264939835154472,0.6551936004891845,5.0203669682542555,1087,frame_001087.png
4000,4000,4000,1015,0.25375,594,0.5852216748768473,1015,692,0.6817733990147783,445665.9254842331,5696601.213660797,477.2293970727946,0.46593786566518247,-0.02059454657137394,-0.12753652095540247,-31.864368559657084,0.4630228853491559,-3.599871529122805,-1.3964914355797475,0.02483721335363498,-9.318422481933254,1.4328653,0.72361463,692,0.6817733990147783,445665.925484233,5696601.213660797,477.2293970727869,0.46593786554876715,-0.02059454657137394,-0.12753652096307633,-31.86436855962814,0.46302288425431337,-3.5998715284673266,-1.3964914355507858,0.02483721225877389,-9.318422481277793,1.4328653,0.72361463,445665.45954636746,5696601.234255344,477.35693359375,-30.46787712407734,0.43818567199552944,5.718550952810454,1088,frame_001088.png
4000,4000,4000,971,0.24275,691,0.7116374871266735,971,678,0.698249227600412,445665.8834755253,5696601.259373589,477.2201139531144,0.42329001415055245,0.004484330303966999,-0.1359956660262469,-31.696830771153397,0.644164363838758,-3.3446412037791537,-1.4766264352483063,-0.2739330701801066,-8.865934614626724,1.4139986,0.68713796,678,0.698249227600412,445665.88347552606,5696601.2593735885,477.22011395318356,0.42329001490725204,0.0044843293726444244,-0.13599566595706847,-31.69683077112153,0.644164369050018,-3.344641206215257,-1.4766264352164455,-0.27393306496884406,-8.865934617062806,1.4139986,0.68713796,445665.46018551115,5696601.254889259,477.3561096191406,-30.220204335905088,0.9180974340188599,5.521293410847559,1089,frame_001089.png
4000,4000,4000,951,0.23775,578,0.6077812828601472,951,636,0.668769716088328,445666.0037580171,5696601.371162231,477.23872035560777,0.5280289101065136,0.06736663449555635,-0.11812168540785706,-31.855626662094696,-0.30686768834878186,-3.088787893372302,-1.4248049741470936,-0.045439192979984,-8.837374371053613,1.405383,0.7046684,636,0.668769716088328,445666.00375801633,5696601.37116223,477.2387203556079,0.5280289093498141,0.06736663356423378,-0.11812168540774337,-31.85562666222346,-0.30686768957898486,-3.088787897412935,-1.424804974275844,-0.04543919421018927,-8.837374375094242,1.405383,0.7046684,445665.475729107,5696601.303795597,477.3568420410156,-30.430821687947613,-0.2614284953687938,5.748586477681316,1090,frame_001090.png
4000,4000,4000,909,0.22725,544,0.5984598459845984,909,622,0.6842684268426843,445666.07417100953,5696601.361436247,477.23819475249365,0.5902845108648762,0.04605324473232031,-0.11937971039697004,-31.908107870612998,0.7152296819806185,-3.1867372354695216,-1.4939351335876836,0.2765549060238186,-9.099062389652033,1.443941,0.6925351,622,0.6842684268426843,445666.0741710096,5696601.361436247,477.2381947524937,0.5902845109230839,0.04605324473232031,-0.1193797103969132,-31.908107870637643,0.7152296823407739,-3.1867372359388693,-1.4939351336123252,0.2765549063839785,-9.09906239012139,1.443941,0.6925351,445665.48388649867,5696601.315383002,477.3575744628906,-30.414172737025325,0.43867477595679893,5.912325154182522,1091,frame_001091.png
4000,4000,4000,883,0.22075,559,0.6330690826727067,883,606,0.6862967157417894,445665.86407815455,5696601.359990213,477.20885939807755,0.37782109912950546,-0.007520553655922413,-0.1405668714537569,-32.0515252623918,1.4008888037189076,-3.944628581731982,-1.4996720523603244,-0.3675946311245184,-10.007230550901056,1.443982,0.7229938,606,0.6862967157417894,445665.86407815514,5696601.359990213,477.2088593981326,0.37782109971158206,-0.007520553655922413,-0.14056687139873247,-32.051525262369246,1.4008888065702663,-3.9446285815203583,-1.499672052337786,-0.36759462827316725,-10.007230550689428,1.443982,0.7229938,445665.4862570554,5696601.367510767,477.3494262695313,-30.55185321003146,1.7684834348434264,6.062601969169075,1092,frame_001092.png
4000,4000,4000,966,0.2415,582,0.6024844720496895,966,712,0.7370600414078675,445665.94546352664,5696601.45266601,477.2263821401747,0.4634788174298592,0.07372435927391052,-0.11532318209094683,-32.06193792671109,1.4103218994570357,-3.130201190298169,-1.4762658898050631,-0.2897102586949245,-8.919145119919847,1.4368851,0.7174116,712,0.7370600414078675,445665.94546352315,5696601.452666013,477.22638214035845,0.46347881393739954,0.07372436206787825,-0.11532318190717206,-32.061937926146335,1.4103218793645225,-3.130201186933759,-1.4762658892402953,-0.28971027878745303,-8.919145116555455,1.4368851,0.7174116,445665.4819847092,5696601.3789416505,477.3417053222656,-30.585672036906036,1.7000321581519737,5.788943929621684,1093,frame_001093.png
4000,4000,4000,793,0.19825,506,0.6380832282471627,793,585,0.7377049180327869,445665.9486029492,5696601.470481525,477.2194780269269,0.48642273346195,0.0834387643262744,-0.125645264088746,-31.99228634810414,1.0826546931952155,-2.573441225807934,-1.3816193388007036,-0.06336938913568702,-7.704954272522116,1.4709058,0.7113311,585,0.7377049180327869,445665.94860295585,5696601.470481528,477.2194780266478,0.4864227400976233,0.08343876712024212,-0.12564526436784718,-31.992286348403812,1.0826547129422972,-2.5734412027672926,-1.3816193391003821,-0.06336936938859594,-7.70495424948146,1.4709058,0.7113311,445665.46218021575,5696601.387042761,477.3451232910156,-30.610667009303423,1.1460240823309071,5.131513046714178,1094,frame_001094.png
4000,4000,4000,963,0.24075,599,0.6220145379023884,963,702,0.7289719626168224,445665.952097846,5696601.384030784,477.2222456691152,0.48892614571377635,0.001545504666864872,-0.12504436994731805,-32.49898242644909,0.687798317282758,-1.9808303841863097,-1.4448547096222342,-0.08035219360411361,-6.43357129092098,1.5092827,0.70060533,702,0.7289719626168224,445665.9520978478,5696601.384030782,477.22224566926207,0.48892614751821384,0.0015455028042197227,-0.12504436980043465,-32.49898242644579,0.6877983286908931,-1.9808303875162845,-1.4448547096189372,-0.0803521821959805,-6.433571294250953,1.5092827,0.70060533,445665.4631717003,5696601.382485279,477.3472900390625,-31.054127716826855,0.7681505108868855,4.4527409067346735,1095,frame_001095.png
4000,4000,4000,878,0.2195,610,0.6947608200455581,878,536,0.6104783599088838,445666.0910492979,5696601.392444453,477.2109280170668,0.6307183262542821,0.016963830217719078,-0.14048189504256925,-33.18723288955785,0.9539420705115613,-2.1193759056100405,-1.5437266312614497,0.3786149595468089,-7.055040713231222,1.3880879,0.7270118,536,0.6104783599088838,445666.09104929393,5696601.392444451,477.21092801709057,0.6307183222961612,0.01696382835507393,-0.1404818950188087,-33.187232889405834,0.9539420597926968,-2.1193759203866565,-1.5437266311094504,0.3786149488279591,-7.055040728007839,1.3880879,0.7270118,445665.46033097163,5696601.375480623,477.3514099121094,-31.643506258296394,0.5753271109647466,4.935664807621168,1096,frame_001096.png
4000,4000,4000,930,0.2325,663,0.7129032258064516,930,668,0.7182795698924731,445665.9431679014,5696601.3749515405,477.2176886683125,0.48896172805689275,0.006383419968187809,-0.13063896840628786,-32.96464765031223,0.9631554974304369,-0.354431024039974,-1.4312642283375965,0.19578745664415464,-3.782655500134382,1.4796108,0.694757,668,0.7182795698924731,445665.9431679013,5696601.3749515405,477.2176886683013,0.48896172794047743,0.006383419968187809,-0.130638968417486,-32.964647650326626,0.9631554969966365,-0.35443102450734526,-1.4312642283519779,0.1957874562103541,-3.7826555006017486,1.4796108,0.694757,445665.45420617337,5696601.3685681205,477.3483276367188,-31.533383421974637,0.7673680407862845,3.428224476094405,1097,frame_001097.png
4000,4000,4000,813,0.20325,577,0.7097170971709718,813,567,0.6974169741697417,445665.9002705678,5696601.358827275,477.2023141426032,0.4850855930708349,0.012029054574668407,-0.1565115409905502,-32.28182911550453,2.9208556588001238,-1.2556900425267266,-1.5141677782996226,-0.10586949360825315,-5.035063236150762,1.443189,0.6806884,567,0.6974169741697417,445665.9002705665,5696601.358827275,477.20231414251623,0.48508559179026634,0.012029054574668407,-0.15651154107752063,-32.281829115466145,2.9208556537361483,-1.2556900447681323,-1.5141677782612533,-0.10586949867220596,-5.035063238392183,1.443189,0.6806884,445665.4151849747,5696601.346798221,477.35882568359375,-30.767661337204895,3.026725152408368,3.7793731936240422,1098,frame_001098.png
4000,4000,4000,971,0.24275,603,0.6210092687950567,971,700,0.7209062821833162,445665.84310369374,5696601.417900848,477.2015977584871,0.4461256207432598,0.07432423997670412,-0.1547254837004175,-32.07772183923217,1.7025297738379284,-1.322854368928349,-1.5146282756834353,-0.402099621827233,-5.387594013218745,1.4547766,0.71687603,700,0.7209062821833162,445665.8431036935,5696601.417900848,477.20159775847185,0.44612562051042914,0.07432423997670412,-0.15472548371565154,-32.07772183919036,1.7025297725792847,-1.3228543690471795,-1.514628275641627,-0.4020996230858884,-5.387594013337576,1.4547766,0.71687603,445665.396978073,5696601.343576608,477.3563232421875,-30.563093563548723,2.1046293956651647,4.064739644290394,1099,frame_001099.png
4000,4000,4000,977,0.24425,755,0.7727737973387923,977,663,0.6786079836233367,445665.8024023349,5696601.335193404,477.2073265038814,0.4191462863236666,0.00010421872138977051,-0.13907852541547072,-32.237229076701716,0.9647021405792487,-1.6392154126645737,-1.5106465597125407,-0.3319487174683218,-5.8340992786893935,1.4534646,0.7101309,663,0.6786079836233367,445665.8024023353,5696601.335193404,477.2073265038922,0.41914628667291254,0.00010421872138977051,-0.13907852540467047,-32.23722907666933,0.9647021406797831,-1.6392154101823704,-1.5106465596801684,-0.33194871736776577,-5.8340992762071835,1.4534646,0.7101309,445665.3832560486,5696601.335089185,477.3464050292969,-30.72658251698917,1.2966508580475582,4.194883866024814,1100,frame_001100.png
4000,4000,4000,942,0.2355,629,0.667728237791932,942,637,0.6762208067940552,445665.83243328764,5696601.373817183,477.1975115661356,0.45754015701822937,0.04750516638159752,-0.1423016662863006,-31.932051321323346,1.5065210786927534,-0.5892196911665367,-1.5125997102811084,-0.2987028125915572,-3.8307237594094943,1.4858922,0.74977076,637,0.6762208067940552,445665.8324332877,5696601.373817183,477.1975115661241,0.457540157076437,0.04750516638159752,-0.14230166629778296,-31.93205132135727,1.5065210800448585,-0.5892196928806374,-1.5125997103150155,-0.2987028112394512,-3.8307237611236076,1.4858922,0.74977076,445665.3748931306,5696601.326312017,477.3398132324219,-30.419451611042245,1.8052238912843057,3.2415040682429592,1101,frame_001101.png
4000,4000,4000,882,0.2205,501,0.5680272108843537,882,632,0.7165532879818595,445665.9053154086,5696601.314992239,477.19901731373983,0.5427982684341259,-0.00397623423486948,-0.14265749094766988,-32.04432580469701,1.7120395906074746,-1.156461611219726,-1.5751758335310342,0.053815876148831876,-4.932843035630611,1.3577104,0.6782565,632,0.7165532879818595,445665.9053154083,5696601.314992239,477.1990173137853,0.5427982681430876,-0.00397623423486948,-0.14265749090219515,-32.04432580464786,1.7120395890988014,-1.156461611294885,-1.575175833481893,0.05381587464017912,-4.932843035705758,1.3577104,0.6782565,445665.36251714017,5696601.318968473,477.3416748046875,-30.46914997116596,1.6582237144586363,3.7763814244108844,1102,frame_001102.png
4000,4000,4000,869,0.21725,621,0.714614499424626,869,572,0.6582278481012658,445665.79332636466,5696601.320536739,477.18905521068666,0.4370493943570182,0.003289814107120037,-0.14349483814146424,-32.310266526459245,0.8148455131146666,-1.5988111934780074,-1.6695910144725872,-0.26357657411483615,-5.63048138064994,1.4252175,0.7086618,572,0.6582278481012658,445665.7933263648,5696601.320536739,477.1890552106929,0.4370493944734335,0.003289814107120037,-0.14349483813521147,-32.3102665264009,0.8148455126599884,-1.598811192044101,-1.6695910144142374,-0.26357657456949823,-5.630481379216036,1.4252175,0.7086618,445665.3562769703,5696601.317246925,477.3325500488281,-30.64067551198667,1.078422087229496,4.031670187171946,1103,frame_001103.png
4000,4000,4000,882,0.2205,617,0.699546485260771,882,569,0.645124716553288,445665.8255839196,5696601.4115180615,477.17876920943837,0.4798408471397124,0.08595642354339361,-0.1533535932960035,-31.832191925956536,1.957965308170523,-0.8448638045506625,-1.61106112163813,-0.31314679266941425,-4.512265188573679,1.4755012,0.7141456,569,0.645124716553288,445665.82558392064,5696601.4115180615,477.17876920955473,0.4798408481874503,0.08595642354339361,-0.15335359317964503,-31.832191925978957,1.9579653126957912,-0.8448638027595778,-1.6110611216605548,-0.3131467881441381,-4.512265186782599,1.4755012,0.7141456,445665.34574307245,5696601.325561638,477.3321228027344,-30.221130804318406,2.271112100839938,3.6674013840230106,1104,frame_001104.png
4000,4000,4000,873,0.21825,661,0.7571592210767468,873,609,0.697594501718213,445665.7868556101,5696601.398415469,477.194771311101,0.4446260320255533,0.08402160368859768,-0.14903972405522836,-32.03450026518126,0.50131761208355,-0.5579875221851235,-1.551571194387094,-0.4815791841113253,-3.7748117591625885,1.477542,0.6844317,609,0.697594501718213,445665.7868556101,5696601.398415468,477.19477131110153,0.4446260320255533,0.0840216027572751,-0.14903972405471677,-32.03450026517704,0.5013176132624392,-0.5579875239884063,-1.5515711943828592,-0.4815791829324496,-3.7748117609658607,1.477542,0.6844317,445665.34222957806,5696601.314393865,477.34381103515625,-30.482929070794164,0.9828967961948841,3.21682423697746,1105,frame_001105.png
4000,4000,4000,989,0.24725,594,0.6006066734074823,989,736,0.7441860465116279,445665.7831743052,5696601.342736314,477.2049404967609,0.43629180622519925,0.037718950770795345,-0.14088469855158792,-32.40181311016011,0.1974385409699755,-0.8430189889449055,-1.602130759514921,-0.4022046809570554,-4.135303752492945,1.4508842,0.72010934,736,0.7441860465116279,445665.78317430476,5696601.342736315,477.2049404967281,0.43629180575953797,0.03771895170211792,-0.14088469858438657,-32.40181311008484,0.1974385371565196,-0.8430189864841704,-1.6021307594396603,-0.40220468477050986,-4.135303750032222,1.4508842,0.72010934,445665.346882499,5696601.305017363,477.3458251953125,-30.799682350645188,0.5996432219270168,3.292284763548041,1106,frame_001106.png
4000,4000,4000,1047,0.26175,676,0.6456542502387774,1047,729,0.6962750716332379,445665.801991557,5696601.358508498,477.20401474164214,0.45181425125338137,0.06257043778896332,-0.1446485884359845,-32.410531242443625,0.7508018661469446,-0.5451192413498434,-1.6121626727718024,-0.5745734936644737,-3.7342270545834992,1.4693592,0.7163617,729,0.6962750716332379,445665.801991557,5696601.358508498,477.2040147416422,0.45181425125338137,0.06257043778896332,-0.14464858843592765,-32.410531242444044,0.7508018661580049,-0.5451192413670688,-1.6121626727722287,-0.5745734936534177,-3.734227054600751,1.4693592,0.7163617,445665.35017730575,5696601.295938061,477.3486633300781,-30.79836856967183,1.3253753598114193,3.1891078132336683,1107,frame_001107.png
4000,4000,4000,936,0.234,557,0.5950854700854701,936,715,0.7638888888888888,445665.9050700241,5696601.238415603,477.2081317385094,0.5492367152473889,-0.049515554681420326,-0.14282040992810607,-32.0903317337396,1.3645650451579219,-0.17056066803670952,-1.6049006333904856,0.14480499064958963,-2.876593478275538,1.4748065,0.71330273,715,0.7638888888888888,445665.9050700239,5696601.238415603,477.20813173853605,0.549236715072766,-0.049515554681420326,-0.1428204099014465,-32.090331733701866,1.364565044277123,-0.17056066794700808,-1.60490063335277,0.14480498976877243,-2.876593478185839,1.4748065,0.71330273,445665.35583330883,5696601.287931157,477.3509521484375,-30.485431100349107,1.2197600545083436,2.706032810238824,1108,frame_001108.png
4000,4000,4000,891,0.22275,602,0.675645342312009,891,703,0.7890011223344556,445665.8447020204,5696601.2529089525,477.212498282659,0.4747839655028656,0.00022816751152276993,-0.1440385825753765,-31.646591343711805,0.2561951711065086,-0.21542252118122823,-1.502029650094272,-0.11215132792224836,-2.783997958083944,1.4146996,0.6964858,703,0.7890011223344556,445665.84470202075,5696601.252908952,477.2124982826964,0.4747839658521116,0.0002281665802001953,-0.14403858253797353,-31.646591343709037,0.25619517317481694,-0.21542252169509993,-1.5020296500915151,-0.11215132585394372,-2.7839979585978085,1.4146996,0.6964858,445665.3699180549,5696601.252680785,477.3565368652344,-30.144561693617536,0.3683464990287567,2.5685754369027074,1109,frame_001109.png
4000,4000,4000,904,0.226,586,0.6482300884955752,904,582,0.6438053097345132,445665.9517359653,5696601.289903023,477.22241036346173,0.5671201656805351,0.052086830139160156,-0.1307085330226414,-32.668078710420794,-5.432163866260529,-1.3233251303637326,-1.6148860041510886,-0.5367362418215578,-5.889716220984411,1.5625772,0.7125008,582,0.6438053097345132,445665.9517359653,5696601.289903023,477.22241036345616,0.5671201656805351,0.052086830139160156,-0.13070853302821206,-32.668078710356596,-5.432163866594214,-1.3233251298893844,-1.614886004086884,-0.5367362421552286,-5.889716220510053,1.5625772,0.7125008,445665.38461579964,5696601.237816193,477.3531188964844,-31.0531927062697,-4.895427624438973,4.566391090620668,1110,frame_001110.png
4000,4000,4000,987,0.24675,754,0.7639311043566362,987,712,0.7213779128672746,445665.8403893008,5696601.270063969,477.20026014896933,0.4546406843001023,0.03996992111206055,-0.0982628002494721,-32.25471062087385,-3.8484159880515847,-1.372479590182423,-1.8401658883870766,-0.16006914756204083,-5.136429484705502,1.5345819,0.72748023,712,0.7213779128672746,445665.8403892893,5696601.270063972,477.2002601473338,0.4546406728331931,0.03996992390602827,-0.09826280188502778,-32.254710622829585,-3.848416036225613,-1.372479607484738,-1.8401658903428029,-0.16006919573607092,-5.136429502007843,1.5345819,0.72748023,445665.3857486165,5696601.230094048,477.2985229492188,-30.41454473248677,-3.6883468404895527,3.7639498945230905,1111,frame_001111.png
4000,4000,4000,919,0.22975,651,0.7083786724700761,919,713,0.7758433079434167,445666.2542111059,5696600.751694224,477.19195181633006,0.8905862108222209,-0.4661829508841038,-0.13254159187306414,-14.139031829538707,1.6648902716576646,-0.8199489842666305,-2.019684691184068,2.025865787354519,-2.282712978532601,2.3958044,1.3124453,713,0.7758433079434167,449048.316468225,5694312.25307126,185.3949148796379,3382.9528433299274,-2288.9648059150204,-291.92957852856523,58.91174243574034,46.238059119005754,-92.66143804658985,71.031089574095,46.599034634702605,-94.12420204085583,384.2045,135.7608,445665.36362489505,5696601.217877175,477.3244934082031,-12.119347138354652,-0.36097551569686115,1.4627639942659796,1112,frame_001112.png
4000,4000,4000,982,0.2455,668,0.6802443991853361,982,712,0.725050916496945,12011760713.013292,4657042070.012105,3891774461.578791,12011315047.629572,4651345469.009421,3891773984.2145333,105.43623683307202,10.709747898902302,111.07808336588015,90.73617677338575,11.856678650396589,113.495188511621,367.59216,142.3782,712,0.725050916496945,445665.70283853373,5696601.254552448,477.2153489653146,0.31911871035117656,0.25186862517148256,-0.1489088471853961,8.364803929744173,-1.8823247901515416,4.344536175203017,-6.335256129942081,-0.7353940386572617,6.7616413209438235,1.4728518,0.72843367,445665.3837198234,5696601.002683823,477.3642578125,14.700060059686267,-1.146930751494288,-2.4171051457408144,1113,frame_001113.png
4000,4000,4000,858,0.2145,553,0.6445221445221445,858,567,0.6608391608391608,445665.80438842485,5696601.306037446,477.2574684599018,0.37351618433604017,0.3445386542007327,-0.1271140596294913,30.52919116465242,0.30611627587988827,6.897690030749686,-1.911980972561679,0.014427477601344663,11.748790869491557,1.448408,0.6985714,567,0.6608391608391608,445665.8043884248,5696601.306037446,477.25746845992614,0.3735161842778325,0.3445386542007327,-0.1271140596051623,30.529191164582492,0.3061162751325657,6.8976900297146955,-1.9119809726315964,0.014427476854024235,11.748790868456553,1.448408,0.6985714,445665.4308722405,5696600.961498791,477.3845825195313,32.441172137214096,0.29168879827854627,-4.851100838741862,1114,frame_001114.png
4000,4000,4000,851,0.21275,536,0.6298472385428907,851,613,0.7203290246768508,445665.64985666424,5696601.511410143,477.25068561202636,0.1675326459808275,0.5169901009649038,-0.1642924153173908,53.13590672042844,1.1255364512917685,6.93277916230149,-0.9399037046053706,-0.12238942458637325,11.680755321080369,1.4163058,0.7460693,613,0.7203290246768508,445665.64985666465,5696601.511410143,477.25068561205995,0.16753264638828114,0.5169901009649038,-0.16429241528379634,53.13590672038635,1.125536451124024,6.932779160165872,-0.9399037046474632,-0.12238942475411818,11.680755318944733,1.4163058,0.7460693,445665.48232401826,5696600.994420042,477.41497802734375,54.0758104250338,1.2479258758781444,-4.747976158778873,1115,frame_001115.png
4000,4000,4000,1061,0.26525,795,0.7492931196983977,1061,778,0.7332704995287465,445665.4087020969,5696601.843769748,477.23836615990626,-0.116791159263812,0.7180611649528146,-0.16812798071873658,76.03388692418476,0.6037397204749714,4.2415005802534465,-1.7899347656484395,0.1528385613996477,5.953866088231877,1.3872293,0.7062266,778,0.7332704995287465,445665.40870209684,5696601.843769747,477.2383661599291,-0.11679115932201967,0.718061164021492,-0.16812798069588553,76.03388692415521,0.6037397188063018,4.241500580023367,-1.7899347656779696,0.1528385597309807,5.953866088001774,1.3872293,0.7062266,445665.52549325617,5696601.125708583,477.406494140625,77.8238216898332,0.45090115907532896,-1.7123655079784166,1116,frame_001116.png
4000,4000,4000,1048,0.262,626,0.5973282442748091,1048,805,0.7681297709923665,445665.228644011,5696602.092995119,477.25624703907613,-0.292537770816125,0.48671724274754524,-0.1613860175644959,98.81485078078164,1.2416947383670698,3.921522597548297,-1.7367696842093778,0.07342865410254262,5.578453967292262,1.4431189,0.73535377,805,0.7681297709923665,445665.228644016,5696602.092995111,477.25624703913326,-0.29253776581026614,0.48671723436564207,-0.16138601750736825,98.8148507797403,1.2416946994306681,3.921522581910648,-1.7367696852507208,0.07342861516613652,5.578453951654609,1.4431189,0.73535377,445665.52118178183,5696601.6062778765,477.4176330566406,100.55162046499102,1.1682660842645263,-1.6569313697439685,1117,frame_001117.png
4000,4000,4000,973,0.24325,583,0.5991778006166495,973,620,0.6372045220966084,445664.9374077756,5696602.420046457,477.2755148357094,-0.5157069283304736,0.4976459387689829,-0.13390899241562693,115.10093672536148,0.6348461402520453,3.7424049768297816,-1.8420136702634409,0.20091530549018444,5.208151245172928,1.4159195,0.6824819,620,0.6372045220966084,445664.9374077758,5696602.420046457,477.27551483571483,-0.5157069281558506,0.4976459387689829,-0.13390899241016996,115.10093672532543,0.6348461392508997,3.7424049765560445,-1.8420136702994796,0.20091530448905814,5.208151244899199,1.4159195,0.6824819,445665.45311470394,5696601.922400518,477.409423828125,116.9429503956249,0.433930834761853,-1.4657462683431501,1118,frame_001118.png
4000,4000,4000,899,0.22475,540,0.6006674082313682,899,619,0.6885428253615128,445664.84830086556,5696602.617978488,477.25673536893834,-0.46227879828074947,0.41528406366705894,-0.16202683809297014,120.78043604918629,0.5910240847385048,2.1792311190169418,-1.3579436919438876,-0.2700702673257638,2.5153567111229336,1.3768535,0.73146975,619,0.6885428253615128,445664.8483008657,5696602.617978488,477.2567353689449,-0.46227879816433415,0.41528406366705894,-0.16202683808643314,120.78043604912116,0.5910240838148316,2.1792311191017673,-1.3579436920090018,-0.2700702682494409,2.5153567112077724,1.3768535,0.73146975,445665.31057966384,5696602.202694424,477.4187622070313,122.13837974113017,0.8610943520642675,-0.3361255921059965,1119,frame_001119.png
4000,4000,4000,996,0.249,601,0.6034136546184738,996,731,0.7339357429718876,445664.61369810684,5696603.000636109,477.2606346771868,-0.5276165030663833,0.5568902865052223,-0.15766976617260298,122.18874128453457,-0.10101315257616499,0.5451627679570227,-1.351109543485677,0.020190512969008978,-0.510352721303434,1.4461792,0.714367,731,0.7339357429718876,445664.6136981068,5696603.000636109,477.26063467718313,-0.527616503124591,0.5568902865052223,-0.15766976617624096,122.18874128455295,-0.10101315220401245,0.5451627678158151,-1.3511095434673166,0.02019051334116284,-0.5103527214446331,1.4461792,0.714367,445665.1413146099,5696602.443745823,477.4183044433594,123.53985082802025,-0.12120366554518006,1.0555154892604444,1120,frame_001120.png
4000,4000,4000,875,0.21875,514,0.5874285714285714,875,677,0.7737142857142857,445664.11852808826,5696603.526785595,477.27010838536773,-0.4775528035243042,0.38576189894229174,-0.14062769861664037,122.27812901726065,-2.0041716461419683,1.7884449607893398,-1.3937052775195014,-0.21504685810620572,1.757404647357447,1.5012375,0.72385997,677,0.7737142857142857,445664.11852808844,5696603.526785595,477.2701083853671,-0.4775528033496812,0.38576189894229174,-0.14062769861726565,122.2781290172775,-2.004171645448197,1.7884449595206966,-1.3937052775026473,-0.2150468574124318,1.757404646088787,1.5012375,0.72385997,445664.5960808918,5696603.141023696,477.4107360839844,123.67183429478015,-1.7891247880357564,0.031040313431895665,1121,frame_001121.png
4000,4000,4000,968,0.242,586,0.6053719008264463,968,660,0.6818181818181818,445663.83454577095,5696603.82608459,477.2772962167264,-0.5818196232430637,0.45667199697345495,-0.1338976309298232,122.14519085697982,-2.421739660466471,2.1009788299050465,-1.4340199566953231,-0.024694821540379053,2.1407363155248618,1.4158546,0.69813275,660,0.6818181818181818,445663.8345457718,5696603.826084589,477.2772962166832,-0.5818196223699488,0.4566719960421324,-0.1338976309730242,122.1451908567482,-2.421739664326159,2.100978827746905,-1.4340199569269316,-0.024694825400047193,2.1407363133667445,1.4158546,0.69813275,445664.4163653942,5696603.369412593,477.41119384765625,123.57921081367515,-2.3970448389261008,-0.03975748561982816,1122,frame_001122.png
4000,4000,4000,1067,0.26675,763,0.7150890346766635,1067,751,0.703842549203374,445663.7013751998,5696604.078645943,477.2758356563751,-0.542136806587223,0.4831665735691786,-0.13154349401554555,122.47153127843923,-2.7975454967707627,2.121833182771968,-1.4050400514230432,-0.2514282803787182,2.477429606696006,1.414522,0.6892982,751,0.703842549203374,445663.7013751996,5696604.078645943,477.2758356563832,-0.542136806761846,0.4831665735691786,-0.13154349400741694,122.47153127848719,-2.797545495896856,2.1218331831535275,-1.4050400513750674,-0.2514282795048075,2.4774296070775677,1.414522,0.6892982,445664.24351200636,5696603.595479369,477.4073791503906,123.87657132986226,-2.5461172163920494,-0.3555964239240439,1123,frame_001123.png
4000,4000,4000,1087,0.27175,621,0.5712971481140754,1087,681,0.6264949402023919,445663.46566928434,5696604.38522312,477.27408690470907,-0.4390604955260642,0.3527765702456236,-0.1261511324003095,122.66799236411026,-2.377817910193946,1.0929016923349655,-1.4752605751653505,-0.05564485019382914,0.3400371213200799,1.4834366,0.7492586,681,0.6264949402023919,445663.46566928434,5696604.38522312,477.274086904707,-0.4390604955260642,0.3527765702456236,-0.12615113240235587,122.66799236411866,-2.377817909795598,1.092901692230546,-1.475260575156966,-0.055644849795498885,0.34003712121565854,1.4834366,0.7492586,445663.90472977987,5696604.03244655,477.4002380371094,124.14325293927563,-2.3221730600001127,0.7528645710148959,1124,frame_001124.png
4000,4000,4000,1066,0.2665,654,0.6135084427767354,1066,731,0.6857410881801126,445663.18522012496,5696604.660789798,477.26854719490905,-0.5579461857560091,0.4222464310005307,-0.134406906653453,122.89230921713366,-1.990516712008995,1.247888209303786,-1.4392372326590817,0.12113864301016974,0.38943163513295076,1.4244226,0.70048577,731,0.6857410881801126,445663.1852201249,5696604.660789798,477.26854719490626,-0.5579461858142167,0.4222464310005307,-0.13440690665623833,122.89230921717426,-1.9905167111958115,1.247888209231356,-1.439237232618467,0.1211386438233717,0.3894316350605038,1.4244226,0.70048577,445663.7431663107,5696604.238543367,477.4029541015625,124.33154644979273,-2.1116553550191766,0.8584565741708419,1125,frame_001125.png
4000,4000,4000,959,0.23975,622,0.64859228362878,959,667,0.6955161626694474,445662.89100480854,5696605.130578814,477.26164409005605,-0.5583343519247137,0.4782821489498019,-0.13188007986582306,122.07654127402624,-1.9752023584580904,2.302814269560479,-1.5664167555206916,-0.1226060501153654,2.5454906222146576,1.4226984,0.70569575,667,0.6955161626694474,445662.8910048086,5696605.130578814,477.26164409005713,-0.558334351866506,0.4782821489498019,-0.13188007986474304,122.07654127402334,-1.9752023586123653,2.3028142695638585,-1.5664167555235906,-0.12260605026963844,2.54549062221804,1.4226984,0.70569575,445663.44933916046,5696604.652296665,477.3935241699219,123.64295802954693,-1.852596308342734,-0.24267635265416734,1126,frame_001126.png
4000,4000,4000,1059,0.26475,630,0.5949008498583569,1059,715,0.6751652502360718,445662.73793256556,5696605.395882954,477.26364475856457,-0.4307034308440052,0.3386524571105838,-0.13848536838855807,121.7131272503645,-2.026388370705915,2.2444310127877394,-1.6437351872984038,-0.0536981158958838,2.543984369868525,1.4152497,0.7106902,715,0.6751652502360718,445662.73793256294,5696605.3958829455,477.26364475847845,-0.43070343346334994,0.3386524487286806,-0.13848536847467585,121.71312724978429,-2.0263883973654364,2.2444310428021095,-1.6437351878786046,-0.053698142555390405,2.543984399882902,1.4152497,0.7106902,445663.1686359964,5696605.057230497,477.4021301269531,123.3568624376629,-1.9726902548100342,-0.2995533570807811,1127,frame_001127.png
4000,4000,4000,1008,0.252,751,0.7450396825396826,1008,688,0.6825396825396826,445662.48677294236,5696605.744394124,477.25055306875953,-0.5476070892182179,0.4855875875800848,-0.15581900155297035,121.70655988773085,-0.6713045869713229,1.959361436570353,-1.5590444157403454,0.4785089865300449,1.6505385282811744,1.3975881,0.7012558,688,0.6825396825396826,445662.48677294236,5696605.744394124,477.2505530687614,-0.5476070892182179,0.4855875875800848,-0.15581900155109452,121.70655988772675,-0.6713045870634862,1.9593614365992877,-1.559044415744438,0.47850898643790174,1.6505385283101077,1.3975881,0.7012558,445663.0343800316,5696605.258806536,477.4063720703125,123.2656043034712,-1.149813573501374,0.3088229082891926,1128,frame_001128.png
4000,4000,4000,1029,0.25725,626,0.608357628765792,1029,670,0.6511175898931001,445662.345000822,5696605.907667854,477.2711019304465,-0.5583604082930833,0.4499629121273756,-0.13694860666288378,121.5648863322897,-1.0771355528481328,1.7548673058491024,-1.644333624222952,0.11535986680033261,1.2794841147061788,1.3750492,0.689482,670,0.6511175898931001,445662.345000822,5696605.907667854,477.2711019304455,-0.5583604082930833,0.4499629121273756,-0.13694860666385011,121.56488633228909,-1.0771355528407516,1.7548673057356898,-1.644333624223549,0.11535986680769383,1.2794841145927478,1.3750492,0.689482,445662.9033612303,5696605.457704942,477.4080505371094,123.20921995651264,-1.1924954196484538,0.4753831911429315,1129,frame_001129.png
4000,4000,4000,1111,0.27775,723,0.6507650765076508,1111,732,0.6588658865886589,445662.15129520494,5696606.094974277,477.27278645872656,-0.6192664049449377,0.44254961516708136,-0.1391398108047497,121.73893584938956,-1.2001441545219116,2.2957203641086132,-1.5917335805911534,-0.03258304026050496,2.1375389879747217,1.4357104,0.7115032,732,0.6588658865886589,445662.15129520494,5696606.094974277,477.2727864587269,-0.6192664049449377,0.44254961516708136,-0.13913981080440863,121.73893584938712,-1.2001441546251002,2.2957203642142647,-1.5917335805935977,-0.032583040363704185,2.1375389880803652,1.4357104,0.7115032,445662.7705616099,5696605.652424661,477.4119262695313,123.3306694299807,-1.1675611142614026,0.15818137613389235,1130,frame_001130.png
4000,4000,4000,1087,0.27175,670,0.6163753449862005,1087,722,0.6642134314627415,445661.9442053441,5696606.64125832,477.27662712063517,-0.45024839404504746,0.3883356433361769,-0.14372200045858108,122.17382309312818,-3.25636403224002,1.3187110016136614,-1.5607494762822967,0.37355914093197384,0.8030028323161673,1.481025,0.7321781,722,0.6642134314627415,445661.94420534413,5696606.64125832,477.27662712063574,-0.4502483939868398,0.3883356433361769,-0.14372200045801264,122.17382309311778,-3.2563640325037246,1.3187110015107153,-1.560749476292699,0.3735591406682488,0.8030028322132239,1.481025,0.7321781,445662.3944537381,5696606.2529226765,477.42034912109375,123.73457256941046,-3.6299231731719828,0.5157081692974823,1131,frame_001131.png
4000,4000,4000,920,0.23,597,0.6489130434782608,920,632,0.6869565217391305,445661.7783878393,5696606.772880465,477.2758149053604,-0.49852515931706876,0.3242546012625098,-0.12143240909273345,121.81288175347714,-8.889746198886192,3.344068355311485,-1.672490501553142,-0.4033911628265514,4.4199338794061305,1.4383885,0.71792936,632,0.6869565217391305,445661.7783878393,5696606.772880465,477.2758149053586,-0.49852515931706876,0.3242546012625098,-0.12143240909455244,121.81288175347827,-8.889746198945774,3.3440683553504424,-1.6724905015520335,-0.4033911628861233,4.419933879445068,1.4383885,0.71792936,445662.27691299864,5696606.4486258635,477.3972473144531,123.48537225503028,-8.486355036059654,-1.075865524094631,1132,frame_001132.png
4000,4000,4000,894,0.2235,545,0.6096196868008948,894,640,0.7158836689038032,445661.6642876322,5696607.033475501,477.28115479442994,-0.3733139253454283,0.19299010653048754,-0.07831175830443726,122.33465889776745,-9.319967139188822,-0.1051816585818299,-1.857502438941765,-1.095289479525519,-2.4870294549311893,1.4840829,0.7297955,640,0.7158836689038032,445661.66428763303,5696607.0334755005,477.2811547943684,-0.37331392453052104,0.19299010559916496,-0.07831175836599868,122.33465889736591,-9.319967144383899,-0.10518165967106843,-1.8575024393433068,-1.0952894847205812,-2.487029456020423,1.4840829,0.7297955,445662.03760155756,5696606.840485395,477.3594665527344,124.19216133670922,-8.224677659663312,2.381847796349348,1133,frame_001133.png
4000,4000,4000,1080,0.27,674,0.6240740740740741,1080,755,0.6990740740740741,445661.6019054082,5696607.094017979,477.2905242646782,-0.4147689474048093,0.21289173513650894,-0.0828277861031097,122.76972162380231,-6.104124960741308,1.2453226826881685,-1.407220889033681,-0.4237622791465867,0.5175304435937278,1.4838418,0.7471689,755,0.6990740740740741,445661.6019054072,5696607.094017981,477.29052426493723,-0.41476894839433953,0.2128917369991541,-0.08282778584407424,122.76972162412407,-6.104124948172738,1.2453226797834076,-1.4072208887118904,-0.4237622665779952,0.5175304406889722,1.4838418,0.7471689,445662.0166743556,5696606.881126244,477.3733520507813,124.17694251283598,-5.680362681594733,0.7277922390944301,1134,frame_001134.png
4000,4000,4000,884,0.221,626,0.7081447963800905,884,540,0.6108597285067874,445661.6440638717,5696607.102788315,477.2849396815633,-0.38344102655537426,0.2085521351546049,-0.11465748640551965,122.12038964118537,-3.806601507921462,3.1921507875598647,-1.657845276177909,0.0591134624801839,4.114133382289793,1.4739068,0.7465927,540,0.6108597285067874,445661.6440638717,5696607.102788315,477.2849396815648,-0.38344102655537426,0.2085521351546049,-0.11465748640398488,122.12038964118702,-3.8066015078555346,3.192150787558452,-1.6578452761762605,0.05911346254609384,4.114133382288401,1.4739068,0.7465927,445662.02750489826,5696606.89423618,477.3995971679688,123.77823491736326,-3.8657149704016365,-0.9219825947299416,1135,frame_001135.png
4000,4000,4000,941,0.23525,590,0.6269925611052072,941,653,0.69394261424017,445661.67749647563,5696607.085473395,477.2765870954409,-0.37194811628432944,0.19390054792165756,-0.14141217213722257,123.53416374522747,-0.9084957504555207,3.08400550410103,-1.637446717949274,0.10365722361115104,3.793464495179734,1.4900489,0.7116407,653,0.69394261424017,445661.6774964753,5696607.085473395,477.2765870954335,-0.3719481166335754,0.19390054792165756,-0.1414121721446122,123.53416374519313,-0.9084957508581487,3.084005506351777,-1.6374467179836074,0.1036572232085291,3.7934644974304774,1.4900489,0.7116407,445662.0494445919,5696606.891572847,477.4179992675781,125.17161046317675,-1.012152974066683,-0.7094589910786948,1136,frame_001136.png
4000,4000,4000,999,0.24975,646,0.6466466466466466,999,680,0.6806806806806807,445661.6285662592,5696607.073013854,477.3057777227287,-0.41826480388408527,0.25226850993931293,-0.12323839055261487,122.18159333231667,-1.618283443968811,1.6122963346945098,-1.5817741926623512,0.1789621940978634,1.1495556307915251,1.4340537,0.71036637,680,0.6806806806806807,445661.62856625917,5696607.073013854,477.305777722727,-0.41826480394229293,0.25226850993931293,-0.12323839055432018,122.18159333232822,-1.6182834436802858,1.6122963346204322,-1.581774192650812,0.1789621943864006,1.1495556307174581,1.4340537,0.71036637,445662.0468310631,5696606.820745344,477.4290161132813,123.76336752497902,-1.797245638066686,0.4627407039029814,1137,frame_001137.png
4000,4000,4000,1040,0.26,597,0.5740384615384615,1040,639,0.614423076923077,445661.4810055032,5696607.030064947,477.2791914585157,-0.5435034928959794,0.2277487413957715,-0.15650800437492762,121.85477511196822,-1.5246519112553576,3.040033471019385,-1.5622385964408068,0.3590382885195993,3.369412963451026,1.541166,0.7376659,639,0.614423076923077,445661.4810055032,5696607.030064947,477.2791914585157,-0.5435034928959794,0.2277487413957715,-0.15650800437492762,121.85477511196818,-1.5246519112648236,3.040033471025366,-1.5622385964408636,0.35903828851013486,3.3694129634569947,1.541166,0.7376659,445662.0245089961,5696606.802316206,477.4356994628906,123.41701370840904,-1.8836901997749542,-0.3293794924316307,1138,frame_001138.png
4000,4000,4000,946,0.2365,600,0.6342494714587738,946,640,0.6765327695560254,445661.58463333955,5696607.081246487,477.31187399475436,-0.43748586397850886,0.28905653208494186,-0.1296848431362605,121.90978773256204,-1.8880289184858896,1.9939957952472194,-1.5848493806877855,0.19555499232117768,1.6469243943456604,1.4563668,0.73211324,640,0.6765327695560254,445661.58463333955,5696607.081246487,477.3118739947541,-0.43748586397850886,0.28905653208494186,-0.12968484313654471,121.90978773256097,-1.888028918520003,1.9939957952777667,-1.5848493806888655,0.19555499228707163,1.6469243943761853,1.4563668,0.73211324,445662.0221192035,5696606.792189955,477.4415588378906,123.49463711324982,-2.0835839108070684,0.3470714009015693,1139,frame_001139.png
4000,4000,4000,1035,0.25875,673,0.6502415458937199,1035,624,0.6028985507246377,445661.7120574076,5696607.0040779635,477.31322806750285,-0.31269059207988903,0.22254100907593966,-0.12360054577845858,122.22240620967224,-1.5988638252333962,2.131349996075127,-1.5376645592630211,-0.20704240795112128,2.409799534174624,1.5198667,0.73997843,624,0.6028985507246377,445661.71205740736,5696607.0040779635,477.3132280675125,-0.3126905923127197,0.22254100907593966,-0.1236005457687952,122.22240620965965,-1.598863825508786,2.131349997639157,-1.5376645592756404,-0.20704240822649922,2.409799535738671,1.5198667,0.73997843,445662.0247479997,5696606.781536954,477.4368286132813,123.76007076893528,-1.3918214172822747,-0.2784495380995075,1140,frame_001140.png
4000,4000,4000,999,0.24975,634,0.6346346346346347,999,686,0.6866866866866866,445661.6264542837,5696607.031535758,477.3105723701439,-0.4113277461146936,0.2534504011273384,-0.12445570602795897,122.32299804442982,-2.0279237766593137,2.9260055692125473,-1.4394292162164106,0.06938071041977878,3.583803145138546,1.433995,0.7071286,686,0.6866866866866866,445661.6264542837,5696607.031535758,477.31057237014426,-0.4113277461146936,0.2534504011273384,-0.12445570602761791,122.32299804442785,-2.0279237767586764,2.9260055693856617,-1.4394292162184001,0.06938071032041648,3.5838031453116628,1.433995,0.7071286,445662.03778202983,5696606.778085357,477.4350280761719,123.76242726064625,-2.097304487079079,-0.6577975759260122,1141,frame_001141.png
4000,4000,4000,1055,0.26375,618,0.5857819905213271,1055,679,0.6436018957345971,445661.65421658446,5696606.998651626,477.30301505191477,-0.3905042167752981,0.21317850146442652,-0.12880867855403721,122.60899581709285,-2.055518947114573,3.1930761047537852,-1.4384518938140332,-0.09263688813169324,4.20849880574346,1.4534498,0.69810945,679,0.6436018957345971,445661.65421658434,5696606.998651626,477.3030150519083,-0.39050421689171344,0.21317850146442652,-0.12880867856051736,122.60899581709967,-2.0555189468282498,3.193076105208818,-1.438451893807212,-0.09263688784537294,4.208498806198492,1.4534498,0.69810945,445662.04472080123,5696606.785473124,477.4318237304688,124.0474477109069,-1.9628820589828806,-1.015422700989663,1142,frame_001142.png
4000,4000,4000,958,0.2395,626,0.6534446764091858,958,626,0.6534446764091858,445661.64675129845,5696606.946978794,477.2985470803581,-0.40427258086856455,0.14912737905979156,-0.13718290011070167,122.52880792106968,-1.4333413317553987,2.754369981687145,-1.4707812913880787,-0.3193563155708432,3.088972205177839,1.4734323,0.7055475,626,0.6534446764091858,445661.6467512987,5696606.946978794,477.2985470803318,-0.4042725806357339,0.14912737905979156,-0.13718290013702017,122.52880792106947,-1.4333413322707316,2.7543699808777617,-1.4707812913882776,-0.3193563160861572,3.088972204368474,1.4734323,0.7055475,445662.0510238793,5696606.797851415,477.4357299804688,123.99958921245776,-1.1139850161845661,-0.33460222349070406,1143,frame_001143.png
4000,4000,4000,976,0.244,588,0.6024590163934426,976,625,0.6403688524590164,445661.55912934523,5696606.977660313,477.2963281128934,-0.49060285720042884,0.17440049722790718,-0.14025635976287276,121.93048567304866,-1.8912012775496196,3.6739103393371306,-1.5331348106937526,-0.09674708745788507,4.600839899887234,1.5390129,0.70703316,625,0.6403688524590164,445661.55912934523,5696606.977660313,477.2963281128936,-0.49060285720042884,0.17440049722790718,-0.1402563597626454,121.93048567304527,-1.8912012776181057,3.673910339509707,-1.5331348106971632,-0.09674708752635297,4.60083990005981,1.5390129,0.70703316,445662.04973220243,5696606.803259816,477.43658447265625,123.46362048374242,-1.7944541900917417,-0.926929560550095,1144,frame_001144.png
4000,4000,4000,854,0.2135,636,0.7447306791569087,854,563,0.6592505854800936,445661.5329376708,5696607.010746731,477.290104715917,-0.5159995119320229,0.2012413777410984,-0.14608302822364294,121.78917021126729,-1.8098185359504284,3.9847943939484405,-1.4604254257239973,0.08005620152732718,5.214838750926276,1.4966365,0.7252326,563,0.6592505854800936,445661.5329376708,5696607.010746731,477.290104715917,-0.5159995119320229,0.2012413777410984,-0.14608302822364294,121.78917021126766,-1.809818535981025,3.984794393972669,-1.4604254257236562,0.080056201496717,5.214838750950491,1.4966365,0.7252326,445662.04893718276,5696606.809505354,477.4361877441406,123.2495956369913,-1.889874737477755,-1.2300443569778345,1145,frame_001145.png
4000,4000,4000,1047,0.26175,676,0.6456542502387774,1047,686,0.6552053486150907,445661.66537981585,5696607.163478766,477.2880472563699,-0.36820317537058145,0.31742576137185097,-0.14847618113009275,121.7194171003326,-2.603047918140701,2.705934277851407,-1.4107951762295556,0.1923584689988047,3.591947325149704,1.5587672,0.72774756,686,0.6552053486150907,445661.66537981585,5696607.163478766,477.2880472563717,-0.36820317537058145,0.31742576137185097,-0.14847618112827377,121.71941710031784,-2.6030479184191586,2.70593427780447,-1.410795176244335,0.19235846872035722,3.591947325102751,1.5587672,0.72774756,445662.0335829912,5696606.846053004,477.4365234375,123.13021227656218,-2.7954063871395087,-0.8860130472982951,1146,frame_001146.png
4000,4000,4000,1063,0.26575,650,0.6114769520225776,1063,680,0.6396989651928504,445661.57119686634,5696607.097757061,477.30846015881065,-0.4542075579520315,0.241547379642725,-0.1312676243924784,121.45620282244663,-2.734840275870532,3.60356573279298,-1.4403944728580882,0.14992091691306086,4.81341393524869,1.4740832,0.716882,680,0.6396989651928504,445661.5711968664,5696607.097757061,477.3084601588129,-0.45420755789382383,0.241547379642725,-0.13126762439020467,121.45620282243304,-2.734840276348122,3.6035657327700017,-1.4403944728716738,0.14992091643549088,4.813413935225697,1.4740832,0.716882,445662.0254044243,5696606.856209681,477.4397277832031,122.8965972953047,-2.8847611927836,-1.2098482024557051,1147,frame_001147.png
4000,4000,4000,1096,0.274,602,0.5492700729927007,1096,768,0.7007299270072993,445661.64729774004,5696607.072339885,477.3129688530423,-0.354684078018181,0.20862074103206396,-0.10689198680142908,122.08478816147914,-2.2307212048823413,2.2976582698820573,-1.5014215207064296,-0.2963811043670148,2.541530220872744,1.4890634,0.740439,768,0.7007299270072993,445661.64729774004,5696607.072339885,477.3129688530452,-0.354684078018181,0.20862074103206396,-0.10689198679853007,122.0847881614717,-2.230721205178563,2.2976582700757717,-1.5014215207138477,-0.2963811046632543,2.5415302210664663,1.4890634,0.740439,445662.00198181806,5696606.863719144,477.41986083984375,123.58620968218557,-1.9343401005153202,-0.24387195099069642,1148,frame_001148.png
4000,4000,4000,1004,0.251,698,0.6952191235059761,1004,657,0.6543824701195219,445661.5513586177,5696607.052495486,477.30573709960703,-0.41495293570915237,0.21708535589277744,-0.132342734377346,122.20538124027209,-2.0309160677131386,1.1193405922406805,-1.4791874752933722,-0.08641801074838895,0.0011597790669952701,1.4820303,0.7168044,657,0.6543824701195219,445661.5513586176,5696607.052495486,477.30573709961294,-0.4149529358255677,0.21708535589277744,-0.1323427343714343,122.20538124026497,-2.0309160676726483,1.1193405927768552,-1.479187475300506,-0.08641801070788802,0.0011597796031708185,1.4820303,0.7168044,445661.96631155343,5696606.83541013,477.4380798339844,123.68456871556548,-1.944498056964759,1.1181808131736914,1149,frame_001149.png
4000,4000,4000,1125,0.28125,694,0.6168888888888889,1125,767,0.6817777777777778,445661.59856531175,5696607.053856811,477.31262400824033,-0.3522700151661411,0.2322822781279683,-0.1251201323846658,122.1992818063926,-2.330487230864131,1.3985371878638202,-1.4010721952203937,-0.07681795857951101,0.858813504361791,1.537372,0.71894014,767,0.6817777777777778,445661.59856531187,5696607.053856811,477.3126240082409,-0.35227001504972577,0.2322822781279683,-0.12512013238409736,122.19928180638416,-2.3304872310447564,1.3985371876452737,-1.401072195228835,-0.07681795876013098,0.8588135041432281,1.537372,0.71894014,445661.9508353269,5696606.821574532,477.437744140625,123.600354001613,-2.2536692722846308,0.5397236835020344,1150,frame_001150.png
4000,4000,4000,965,0.24125,586,0.6072538860103627,965,612,0.6341968911917099,445661.6172221957,5696607.080466137,477.3120016650041,-0.3284289552248083,0.2646629810333252,-0.12192777835525703,122.15340078639753,-2.760903207249406,1.1770050975063304,-1.3918352860183631,-0.09691581312847575,0.4523973103094363,1.5022926,0.7597646,612,0.6341968911917099,445661.6172221956,5696607.080466136,477.3120016650091,-0.3284289553412236,0.2646629801020026,-0.12192777835025481,122.15340078640044,-2.760903207415431,1.1770050981653575,-1.3918352860154641,-0.09691581329451537,0.4523973109684789,1.5022926,0.7597646,445661.94565115095,5696606.815803156,477.4339294433594,123.5452360724159,-2.6639873941209267,0.7246077871968818,1151,frame_001151.png
4000,4000,4000,1042,0.2605,673,0.6458733205374281,1042,702,0.6737044145873321,445661.545864994,5696607.023527243,477.29343887664635,-0.40664664458017796,0.2057250402867794,-0.1352720608536515,122.34113805333698,-2.1625399621177426,2.4022539319862206,-1.4723773124719912,-0.10855517684316851,2.5481764051901905,1.5421495,0.7165131,702,0.6737044145873321,445661.54586499406,5696607.023527242,477.29343887665476,-0.4066466445219703,0.20572503935545683,-0.13527206084523868,122.34113805332396,-2.162539962849986,2.4022539320255922,-1.4723773124850084,-0.10855517757539701,2.5481764052295546,1.5421495,0.7165131,445661.9525116386,5696606.817802203,477.4287109375,123.81351536580897,-2.053984785274588,-0.14592247320395993,1152,frame_001152.png
4000,4000,4000,1079,0.26975,684,0.633920296570899,1079,718,0.6654309545875811,445661.54934716085,5696607.00811744,477.28211966073957,-0.41256895911647007,0.20357418805360794,-0.14262399160418227,122.43479991020324,-1.970353782742516,1.8713008024234885,-1.3832046480091265,-0.05983119955703842,1.4081684778620058,1.4822252,0.7313493,718,0.6654309545875811,445661.54934716056,5696607.008117439,477.28211966076935,-0.4125689594075084,0.20357418712228537,-0.1426239915743963,122.43479991014026,-1.9703537838146714,1.8713008043909598,-1.383204648072109,-0.05983120062919056,1.4081684798294702,1.4822252,0.7313493,445661.96191611997,5696606.804543252,477.42474365234375,123.81800455821237,-1.9105225831854753,0.46313232456149545,1153,frame_001153.png
4000,4000,4000,1079,0.26975,647,0.5996292863762743,1079,734,0.680259499536608,445661.5861220896,5696607.028142708,477.29166807732156,-0.3819231876404956,0.24233532696962357,-0.1343267957253147,122.2898330602846,-1.8219452673567387,2.427073678488086,-1.4313862106376405,0.010009317130027284,2.7105127437652072,1.4799918,0.7346705,734,0.680259499536608,445661.58612208965,5696607.028142708,477.2916680773236,-0.38192318758228794,0.24233532696962357,-0.13432679572326833,122.28983306028002,-1.8219452674891203,2.4270736784601756,-1.431386210642188,0.010009316997638962,2.710512743737297,1.4799918,0.7346705,445661.96804527723,5696606.785807381,477.4259948730469,123.72121927092222,-1.8319545844867717,-0.28343906527711554,1154,frame_001154.png
4000,4000,4000,1080,0.27,615,0.5694444444444444,1080,718,0.6648148148148149,445661.58699541097,5696606.959897394,477.2879462850978,-0.3752540312707424,0.19522822182625532,-0.13563769927719704,122.13031680796281,-1.5776285882156946,0.9468112164885877,-1.363965639937902,-0.25529237994010145,-0.32263448566959596,1.4240474,0.7112692,718,0.6648148148148149,445661.586995411,5696606.959897394,477.28794628510286,-0.37525403121253476,0.19522822182625532,-0.13563769927213798,122.13031680794337,-1.5776285889145523,0.9468112166409887,-1.3639656399573425,-0.25529238063896287,-0.32263448551719875,1.4240474,0.7112692,445661.96224944224,5696606.7646691725,477.423583984375,123.49428244790072,-1.322336208275588,1.2694457021581784,1155,frame_001155.png
4000,4000,4000,1015,0.25375,626,0.6167487684729064,1015,710,0.6995073891625616,445661.51047365373,5696606.984608383,477.2851520800284,-0.44538823602488264,0.2265955600887537,-0.14007985356533936,121.88531774863803,-1.77532857636712,1.7680895509941041,-1.3824272492618377,0.03857702878039504,1.1806235785844876,1.4947721,0.75122046,710,0.6995073891625616,445661.5104736539,5696606.984608384,477.2851520800699,-0.44538823585025966,0.22659556102007627,-0.14007985352384367,121.8853177487113,-1.7753285728748023,1.7680895478048726,-1.3824272491885665,0.038577032272712586,1.1806235753952592,1.4947721,0.75122046,445661.95586188976,5696606.758012823,477.42523193359375,123.26774499789987,-1.8139056051475129,0.5874659724096181,1156,frame_001156.png
4000,4000,4000,983,0.24575,724,0.7365208545269583,983,566,0.5757884028484231,445661.5633982697,5696607.024935618,477.29834748592424,-0.37902459455654025,0.268018682487309,-0.1296615472788858,121.93749593055291,-2.2626247695840425,1.5333399203976321,-1.4486893161283092,0.09988329716475164,0.9651690395498349,1.4741341,0.73073256,566,0.5757884028484231,445661.56339826965,5696607.024935622,477.29834748600894,-0.3790245946147479,0.2680186862125993,-0.1296615471941891,121.93749593084527,-2.262624754160639,1.533339911081317,-1.448689315835935,0.09988331258816174,0.9651690302335112,1.4741341,0.73073256,445661.94242286426,5696606.756916936,477.4280090332031,123.38618524668121,-2.3625080667487928,0.5681708808478056,1157,frame_001157.png
4000,4000,4000,1003,0.25075,668,0.6660019940179461,1003,700,0.6979062811565304,445661.50260246877,5696606.952443674,477.3183402671791,-0.4332207404077053,0.19165329169481993,-0.12114337539901499,123.06784088704762,-2.1484626449398037,2.0344379711844587,-1.335428920907873,-0.03769105916151716,1.7541397210533205,1.4258133,0.69391847,700,0.6979062811565304,445661.50260246865,5696606.952443675,477.3183402671909,-0.43322074052412063,0.1916532926261425,-0.1211433753872484,123.06784088711373,-2.148462643587314,2.034437970911694,-1.335428920841764,-0.037691057809041695,1.7541397207805574,1.4258133,0.69391847,445661.9358232092,5696606.7607903825,477.4394836425781,124.40326980795548,-2.1107715857782745,0.2802982501311388,1158,frame_001158.png
4000,4000,4000,1120,0.28,705,0.6294642857142857,1120,654,0.5839285714285715,445661.5663500147,5696606.987979237,477.29891228196914,-0.3693712603417225,0.2312461407855153,-0.13587165357773756,122.40617393035102,-0.4171449159632344,0.31434928924955097,-1.4006793703575227,0.05371681413419083,-1.496659611364322,1.4482756,0.7523984,654,0.5839285714285715,445661.56635001465,5696606.987979237,477.2989122819644,-0.3693712603999302,0.2312461407855153,-0.13587165358245556,122.40617393036585,-0.4171449155326015,0.31434928904029025,-1.4006793703426865,0.053716814564808146,-1.496659611573591,1.4482756,0.7523984,445661.93572127505,5696606.756733096,477.4347839355469,123.80685330070853,-0.4708617300974223,1.811008900613882,1159,frame_001159.png
4000,4000,4000,978,0.2445,665,0.679959100204499,978,654,0.6687116564417178,445661.5029880466,5696606.905322562,477.2743098408262,-0.43896911398041993,0.15663207415491343,-0.1381962626894051,122.14084880113111,-2.6933291209241643,0.7989626387262565,-1.380112793257183,-0.1864937812243852,-0.903972215490171,1.5294578,0.74546653,654,0.6687116564417178,445661.50298804656,5696606.905322563,477.27430984083895,-0.4389691140386276,0.156632075086236,-0.13819626267667218,122.1408488011444,-2.693329119416663,0.7989626380881499,-1.3801127932438817,-0.1864937797168693,-0.9039722161282668,1.5294578,0.74546653,445661.9419571606,5696606.748690488,477.4125061035156,123.52096159438828,-2.5068353396997867,1.7029348542164218,1160,frame_001160.png
4000,4000,4000,925,0.23125,545,0.5891891891891892,925,619,0.6691891891891892,445661.5121803843,5696606.980423974,477.26480406249954,-0.4442772142938338,0.22610194887965918,-0.14403993164108897,121.91929285149135,-1.1766200859217075,2.50841382778487,-1.360525209560251,0.056237506687693894,2.6379141612802073,1.4887443,0.70696783,619,0.6691891891891892,445661.5121803843,5696606.980423974,477.2648040625036,-0.4442772142938338,0.22610194887965918,-0.1440399316370531,121.91929285150374,-1.176620085720806,2.508413827646831,-1.360525209547859,0.05623750688860696,2.637914161142163,1.4887443,0.70696783,445661.9564575986,5696606.754322025,477.4088439941406,123.27981806105161,-1.232857592609415,-0.12950033349534115,1161,frame_001161.png
4000,4000,4000,1046,0.2615,690,0.6596558317399618,1046,671,0.641491395793499,445661.540998682,5696607.035880004,477.27851477710186,-0.431717086059507,0.2745572477579117,-0.14229210766376355,121.39146087992478,-0.560727799808289,3.047984237870013,-1.3800189278346124,0.24136641653720403,3.7678875836216434,1.4720871,0.7195964,671,0.641491395793499,445661.5409986819,5696607.035880004,477.27851477710664,-0.43171708611771464,0.2745572477579117,-0.1422921076589887,121.39146087990373,-0.5607277999811117,3.047984238300053,-1.3800189278556445,0.24136641636437162,3.7678875840516923,1.4720871,0.7195964,445661.97271576803,5696606.761322756,477.4208068847656,122.77147980775938,-0.8020942163454946,-0.7199033457516428,1162,frame_001162.png
4000,4000,4000,1007,0.25175,727,0.7219463753723933,1007,646,0.6415094339622641,445661.53397476027,5696607.000044324,477.2546931440846,-0.4565487493528053,0.22723512537777424,-0.1606205766184985,121.34770539079271,-1.9613769799336906,2.9487655485755644,-1.32513046102099,0.11666052628027046,3.3511214249675163,1.5143663,0.7321189,646,0.6415094339622641,445661.5339747605,5696607.000044324,477.2546931441132,-0.4565487491199747,0.22723512537777424,-0.16062057658990625,121.34770539079678,-1.961376978747061,2.948765546560546,-1.3251304610169257,0.11666052746690525,3.351121422952474,1.5143663,0.7321189,445661.9905235096,5696606.772809199,477.4153137207031,122.6728358518137,-2.078037506213953,-0.40235587639194137,1163,frame_001163.png
4000,4000,4000,1022,0.2555,700,0.684931506849315,1022,691,0.6761252446183953,445661.5995220686,5696606.97189256,477.27378600813023,-0.41326273122103885,0.1683099763467908,-0.13127380632289487,121.1172985821027,-3.5534690794473227,3.0472119780402394,-1.371838628921978,-0.3147162789952347,3.6300348662684883,1.4695071,0.71037054,691,0.6761252446183953,445661.59952206834,5696606.971892559,477.27378600809453,-0.4132627314538695,0.16830997541546822,-0.13127380635859254,121.11729858210441,-3.553469081946037,3.0472119806456344,-1.3718386289202726,-0.3147162814939577,3.630034868873878,1.4695071,0.71037054,445662.0127847998,5696606.803582584,477.4050598144531,122.4891372110247,-3.238752800452081,-0.5828228882282521,1164,frame_001164.png
4000,4000,4000,1009,0.25225,646,0.6402378592666006,1009,617,0.6114965312190287,445661.68374549015,5696607.000678479,477.26126976283626,-0.36332235229201615,0.17453802097588778,-0.1434238406793611,120.85144617274092,-1.0761716296834627,2.484644001135523,-1.293428906639491,-0.38738297213214423,2.6489177152997456,1.4621446,0.7015893,617,0.6114965312190287,445661.6837454901,5696607.000678479,477.2612697628409,-0.3633223523502238,0.17453802097588778,-0.14342384067469993,120.85144617273092,-1.0761716298148036,2.484644001480255,-1.2934289066494955,-0.38738297226348095,2.6489177156444725,1.4621446,0.7015893,445662.04706784245,5696606.826140458,477.4046936035156,122.14487507938041,-0.6887886575513179,-0.16427371416422668,1165,frame_001165.png
4000,4000,4000,1069,0.26725,681,0.637043966323667,1069,639,0.5977549111318989,445661.6711516741,5696606.960153939,477.23679512595476,-0.39601657143794,0.11791071854531765,-0.1674712314671183,120.88732544408599,-1.9063009965832498,2.735072013358664,-1.279369943577933,-0.5795809129271561,2.8512686299172856,1.5166409,0.74722636,639,0.5977549111318989,445661.67115167365,5696606.960153941,477.23679512600216,-0.3960165719036013,0.1179107204079628,-0.16747123141971088,120.88732544423695,-1.9063009864328022,2.7350720095336123,-1.2793699434269854,-0.579580902776712,2.851268626092235,1.5166409,0.74722636,445662.06716824556,5696606.842243221,477.4042663574219,122.16669538766394,-1.32672008365608,-0.1161966165586096,1166,frame_001166.png
4000,4000,4000,1039,0.25975,660,0.6352261790182868,1039,718,0.6910490856592878,445661.7562659303,5696607.181089737,477.2602385137577,-0.3535043563460931,0.288595212623477,-0.137069835851662,120.83076981263633,-2.804148348980127,3.8538159615396927,-1.2965408641078398,0.09027330891797192,5.771178616976954,1.5169908,0.71855867,718,0.6910490856592878,445661.7562659304,5696607.181089737,477.2602385137584,-0.3535043562296778,0.288595212623477,-0.13706983585097987,120.83076981259875,-2.804148349930086,3.8538159614182486,-1.2965408641454417,0.0902733079680047,5.771178616855508,1.5169908,0.71855867,445662.10977028665,5696606.892494525,477.3973083496094,122.12731067674419,-2.8944216578981012,-1.9173626554372574,1167,frame_001167.png
4000,4000,4000,1051,0.26275,613,0.5832540437678402,1051,713,0.6784015223596574,445661.76668104576,5696607.16541494,477.26958376537965,-0.3633333941688761,0.24531881045550108,-0.12775510180784977,121.40437209629108,-4.267917028170375,5.0504764018753905,-1.2833449978529359,-0.24689790997805972,7.898724175711436,1.4737797,0.73407835,713,0.6784015223596574,445661.766681046,5696607.16541494,477.26958376537226,-0.36333339393604547,0.24531881045550108,-0.1277551018152394,121.4043720962373,-4.267917029487848,5.050476401640155,-1.2833449979067382,-0.24689791129554806,7.89872417547619,1.4737797,0.73407835,445662.1300144399,5696606.920096129,477.3973388671875,122.68771709414402,-4.021019118192303,-2.848247773836034,1168,frame_001168.png
4000,4000,4000,939,0.23475,556,0.5921192758253461,939,562,0.5985090521831736,445661.7082921205,5696607.188145382,477.2712271227246,-0.43983854656107724,0.24633636139333248,-0.12870573860351442,122.44506969333742,-2.874637407527189,4.4031270521069725,-1.9215291911295935,0.8178503705086655,5.744188129994598,1.4861909,0.7360517,562,0.5985090521831736,445661.70829212014,5696607.188145382,477.2712271227233,-0.4398385469103232,0.24633636139333248,-0.12870573860482182,122.4450696933233,-2.8746374075536174,4.403127054185686,-1.9215291911437191,0.8178503704822333,5.744188132073305,1.4861909,0.7360517,445662.14813066705,5696606.941809021,477.3999328613281,124.36659888446702,-3.6924877780358423,-1.3410610778876149,1169,frame_001169.png
4000,4000,4000,965,0.24125,600,0.6217616580310881,965,572,0.5927461139896373,445661.8346951363,5696607.259942897,477.2636844821969,-0.32799768284894526,0.30537899769842625,-0.1331050685844275,141.07555240802603,-5.452200738587651,4.160690993983583,2.7258587555939187,0.23279217955428066,5.352614532723464,1.4989941,0.73920405,572,0.5927461139896373,445661.8346951363,5696607.259942897,477.26368448219097,-0.32799768284894526,0.30537899769842625,-0.13310506859033922,141.07555240804166,-5.452200738968092,4.1606909943743675,2.7258587556095506,0.23279217917382766,5.3526145331142345,1.4989941,0.73920405,445662.16269281914,5696606.954563899,477.3967895507813,138.3496936524321,-5.6849929181419325,-1.1919235387398806,1170,frame_001170.png
4000,4000,4000,868,0.217,624,0.7188940092165899,868,536,0.6175115207373272,445661.57999243645,5696606.985538925,477.213468931645,-0.4796705078915693,-0.23981676157563925,-0.2258926406206001,-172.95219696049946,11.335279166191613,2.1524649471596784,-0.9078449012942826,1.1365506029947596,2.8361623556202744,1.4437392,0.7327035,536,0.6175115207373272,445661.5799924403,5696606.9855389325,477.213468932515,-0.47967050404986367,-0.23981675412505865,-0.22589263975061158,-172.95219695345648,11.33527914440359,2.1524649137118788,-0.9078448942512978,1.136550581206734,2.83616232217247,1.4437392,0.7327035,445662.05966294435,5696607.225355687,477.4393615722656,-172.04435205920518,10.19872856319686,-0.6836974084605939,1171,frame_001171.png
4000,4000,4000,1021,0.25525,799,0.7825661116552399,1021,616,0.6033300685602351,445661.4796048947,5696606.832873312,477.2191665114754,-0.5019227394950576,-0.3221867745742202,-0.2434189377433995,-170.66360565500156,11.610515066339408,0.4817048660018477,-1.223706039414651,1.021681513908561,-1.0246520955227538,1.3851146,0.71502036,616,0.6033300685602351,445661.4796049037,5696606.832873322,477.2191665135026,-0.5019227304728702,-0.32218676432967186,-0.24341893571619266,-170.66360564501122,11.610515019123364,0.48170482968942796,-1.2237060294243065,1.0216814666925131,-1.0246521318351824,1.3851146,0.71502024,445661.9815276342,5696607.155060086,477.4625854492188,-169.4398996155869,10.58883355243086,1.5063569615245995,1172,frame_001172.png
4000,4000,4000,1103,0.27575,703,0.6373526745240253,1103,807,0.7316409791477788,445661.2626778463,5696606.708216285,477.24660755945405,-0.4370189920300618,-0.3028134908527136,-0.17038462804595156,-170.10917011362247,2.6030787883759086,2.355236291048424,-1.4931027363178089,0.1746594661525478,2.628923811412051,1.4820168,0.7073192,807,0.7316409791477788,445659.7099955682,5696607.474998865,452.4280575830612,-1.9897012701258063,0.4639690890908241,-24.988934604438782,10.380587835799167,9.02938709838718,-2.4114975590587653,178.99665521310385,6.600967776163799,-2.137810038695136,2.5132031,1.6848191,445661.69969683833,5696607.011029776,477.4169921875,-168.61606737730466,2.428419322223375,-0.27368752036363164,1173,frame_001173.png
4000,4000,4000,1012,0.253,631,0.6235177865612648,1012,723,0.7144268774703557,445661.138530888,5696606.620484501,477.24892461907797,-0.36982988892123103,-0.3308071494102478,-0.17432367193765685,-169.60378685424627,2.7693547619804213,3.133176585927328,-1.3292748142817743,-0.4948285322239485,4.03299170529084,1.4385735,0.705634,723,0.7144268774703557,440101.3091405996,5696749.930811229,-136950.09566780407,-5560.19922017731,142.97951957862824,-137427.51891609508,-96.36377909073015,-5.821448189497623,-176.5318834405833,71.91073294923433,-9.085631483702002,-175.63206832121978,333.701,127.35096,445661.50836077693,5696606.9512916505,477.4232482910156,-168.2745120399645,3.2641832942043645,-0.8998151193635253,1174,frame_001174.png
4000,4000,4000,964,0.241,610,0.6327800829875518,964,645,0.6690871369294605,445660.76701628225,5696606.51209768,477.2661849458629,-0.5492251775576733,-0.3797611193731427,-0.18086705609022147,-169.72418916724178,4.469124630328588,2.935210877554027,-1.4195862368035819,0.11751066201327376,3.518150188694875,1.3789667,0.6841971,645,0.6690871369294605,415069.405385726,3981694.003790249,-1768018.4946654192,-30591.91085573379,-1714912.8880685503,-1768495.9417174212,-84.50585164492998,-47.41149896401229,-172.9240748909815,83.79875128550822,-51.7631129323276,-172.34113557984065,344.07205,149.08405,445661.3162414598,5696606.891858799,477.4470520019531,-168.3046029304382,4.3516139683153,-0.5829393111408446,1175,frame_001175.png
4000,4000,4000,1151,0.28775,708,0.6151172893136403,1151,764,0.6637706342311034,445660.2892267179,5696606.4067571405,477.2699599000107,-0.41387035383377224,-0.3454617317765951,-0.17645123280180997,-170.016573008719,4.508050751885589,3.886252464365432,-1.4423915157103124,-0.19420880411578878,5.339946126844694,1.3622818,0.70563453,764,0.6637706342311034,445660.2892267183,5696606.4067571405,477.2699599000077,-0.4138703534263186,-0.3454617317765951,-0.17645123280482267,-170.01657300883926,4.508050750393634,3.8862524661601294,-1.4423915158305647,-0.19420880560772957,5.339946128639383,1.3622818,0.70563453,445660.70309707173,5696606.752218872,477.4464111328125,-168.5741814930087,4.70225955600137,-1.4536936624792576,1176,frame_001176.png
4000,4000,4000,1127,0.28175,760,0.6743566992014197,1127,780,0.6921029281277729,445659.9649860638,5696606.402787558,477.26777914203956,-0.5197353241965175,-0.3173228520900011,-0.18784829936674896,-170.03167768897094,4.873852642846601,4.460708723198824,-1.4624640641897884,-0.06716293816421626,6.640237158541083,1.4634784,0.70240176,780,0.6921029281277729,445658.44262147584,5696606.923811352,452.5749737566794,-2.0420999121270142,0.20370094198733568,-24.880653684726894,10.537961057331573,11.382535839915116,0.7703083515442386,179.1071746821127,6.441520258904291,2.949836786886493,2.6252525,1.5879136,445660.48472138797,5696606.72011041,477.4556274414063,-168.56921362478116,4.941015581010819,-2.1795284353422666,1177,frame_001177.png
4000,4000,4000,1264,0.316,793,0.627373417721519,1264,876,0.6930379746835443,445659.6067795996,5696606.356531259,477.25692690180233,-0.6449965974316001,-0.3302091071382165,-0.19339048101016942,-169.98861370702528,5.554461922701889,4.117094425515924,-1.5519568879750523,0.46301527657291786,6.276609061697457,1.4713728,0.72849965,876,0.6930379746835443,445657.9882025523,5696607.321598959,452.6178219467995,-2.2635736447409727,0.6348585933446884,-24.832495436013005,10.902876234771455,12.115367356525894,-1.7119163743032655,179.3395330538217,7.023920710396908,0.44759826187825524,2.341164,1.4864973,445660.25177619705,5696606.686740366,477.4503173828125,-168.43665681905023,5.09144664612898,-2.1595146361815263,1178,frame_001178.png
4000,4000,4000,1189,0.29725,805,0.6770395290159799,1189,846,0.7115222876366695,445659.33672563336,5696606.337138406,477.25194986958695,-0.6761752206948586,-0.3124375818297267,-0.19360677103804846,-169.96212368705184,5.1021153588042,3.7350895811413283,-1.5733410118338895,-0.016704538196052,5.3280022255936785,1.394933,0.69548714,846,0.7115222876366695,449623.3002102999,5705148.341461693,6291.568308377363,3963.287309445848,8541.691885705106,5814.122751736738,-124.07735670841198,-56.72344714425637,-5.898103357102004,44.311425966805984,-61.84226704125663,-4.305190712649647,364.0902,143.82234,445660.01290085405,5696606.649575988,477.445556640625,-168.38878267521795,5.118819897000264,-1.5929126444523618,1179,frame_001179.png
4000,4000,4000,1147,0.28675,816,0.7114210985178727,1147,839,0.7314734088927637,445658.7329933256,5696606.110584524,477.24201923468365,-0.5302576420363039,-0.40631368942558765,-0.19514507195697206,-170.47236393391248,4.430464514130963,3.86227168728444,-1.4618363789377895,-0.08425882568707266,4.969844264000386,1.442723,0.71774316,839,0.7314734088927637,445658.7329933256,5696606.110584524,477.24201923468365,-0.5302576420363039,-0.40631368942558765,-0.19514507195697206,-170.47236393391228,4.430464514131456,3.8622716872824765,-1.4618363789375906,-0.08425882568658949,4.969844263998425,1.442723,0.71774316,445659.26325096766,5696606.516898214,477.4371643066406,-169.0105275549747,4.514723339818045,-1.107572576715938,1180,frame_001180.png
4000,4000,4000,1171,0.29275,839,0.7164816396242528,1171,757,0.6464560204953032,445658.24146657594,5696606.090958411,477.2256015662018,-0.5118809317937121,-0.32708011008799076,-0.20307885372005785,-170.70760680100372,3.5055582087958843,5.191991958461268,-1.569406411688476,-0.8153767455943353,7.9848465537047275,1.4580498,0.73734784,757,0.6464560204953032,445658.24146657594,5696606.090958411,477.2256015661985,-0.5118809317937121,-0.32708011008799076,-0.20307885372335477,-170.70760680100926,3.5055582086981865,5.191991958634878,-1.5694064116940183,-0.8153767456920207,7.984846553878327,1.4580498,0.73734784,445658.75334750774,5696606.418038521,477.4286804199219,-169.13820038931524,4.320934954390205,-2.792854595243452,1181,frame_001181.png
4000,4000,4000,1052,0.263,695,0.6606463878326996,1052,677,0.6435361216730038,445657.8721008518,5696606.040953897,477.2225393373582,-0.3631598611245863,-0.3356285486370325,-0.200007049360579,-170.3024058742985,3.1712131246536486,6.2464146945554795,-1.660341447879972,-0.5989738270049827,9.943453538261679,1.4135122,0.72266096,677,0.6435361216730038,445656.3116617979,5696606.757403097,452.93618853276075,-1.9235989149892703,0.38082065153867006,-24.486357853958054,10.241086590888806,9.839727084855836,1.6188514615409493,178.88315101730734,6.069540133197194,5.315890305247166,3.3759694,2.320841,445658.2352607129,5696606.376582446,477.4225463867188,-168.64206442641853,3.770186951658643,-3.697038843706204,1182,frame_001182.png
4000,4000,4000,1251,0.31275,772,0.6171063149480416,1251,872,0.6970423661071143,445657.4711222778,5696606.085515423,477.2522016743888,-0.5165624317596667,-0.2861682949587703,-0.18886888225182474,-170.37386841449182,5.00061044403504,7.348020545261148,-1.6753333338715208,-0.24120893483944883,12.44022572797968,1.4279883,0.71414995,872,0.6970423661071143,445655.8155019135,5696606.777503355,452.93919300610094,-2.1721827960573137,0.40581963770091534,-24.50187755053969,10.352967523772913,12.059094005964317,2.6859429188115262,179.05150260439325,6.81727462708983,7.778148101530064,4.1252317,2.2115695,445657.98768470954,5696606.371683718,477.4410705566406,-168.6985350806203,5.241819378874482,-5.092205182718524,1183,frame_001183.png
4000,4000,4000,1120,0.28,714,0.6375,1120,689,0.6151785714285715,445657.23630135343,5696606.084281885,477.2817839221647,-0.515111148764845,-0.27191667910665274,-0.19841016963215452,-170.33846800352487,5.227915935596825,7.103701060849631,-1.6087462606933798,-0.5450592963347844,11.903444513359318,1.4416698,0.729331,689,0.6151785714285715,445655.72254779504,5696607.152308007,452.92049964387985,-2.0288647071574815,0.7961094425991178,-24.559694447917025,10.551662815173271,11.360286775632678,0.8640404499426858,179.2813845580048,5.587311543701048,5.663783902452394,3.6657867,2.660745,445657.7514125022,5696606.356198564,477.4801940917969,-168.7297217428315,5.772975231931617,-4.799743452509698,1184,frame_001184.png
4000,4000,4000,1194,0.2985,723,0.6055276381909548,1194,792,0.6633165829145728,445656.8309828306,5696606.007455186,477.2725845015006,-0.6856923115556128,-0.3268350511789322,-0.21777194381189702,-170.03378873952948,5.1356656475766,5.557339691160926,-1.6148347523489406,0.057786659694045284,8.827241972714575,1.393339,0.7239077,792,0.6633165829145728,445658.05011319014,5696602.9196689455,442.835159566874,0.5334380479762331,-3.414621291682124,-34.65519687843852,35.53489556532455,3.666132516359998,12.155621586153526,-156.04615044749494,-1.411746471522548,15.42552386770717,214.84698,90.89648,445657.51667514216,5696606.334290237,477.4903564453125,-168.41895398718054,5.077878987882554,-3.269902281553654,1185,frame_001185.png
4000,4000,4000,958,0.2395,685,0.7150313152400835,958,692,0.7223382045929019,445656.6823883961,5696606.003621336,477.2771424114457,-0.36099936394020915,-0.26717268116772175,-0.20137321355429094,-170.1830647461815,5.107958297565032,4.665109832257926,-1.5483878083913396,-0.571393883971183,7.1155277397887176,1.4995636,0.7192789,692,0.7223382045929019,445653.1075294051,5696608.303632012,453.94637483795213,-3.9358583549619652,2.0328379943966866,-23.532140787047865,12.08296132518597,20.235145350410196,-9.56971814138609,-179.28236173702385,14.555793168873976,-7.119300233855284,13.768608,7.404117,445657.04338776006,5696606.270794017,477.478515625,-168.63467693779015,5.6793521815362284,-2.4504179075307992,1186,frame_001186.png
4000,4000,4000,956,0.239,582,0.608786610878661,956,609,0.6370292887029289,445656.29960600194,5696605.863900212,477.2530534649956,-0.5056723748566583,-0.3586812159046531,-0.22134228695750835,-170.28755860588075,5.710737801680435,4.267016365580802,-1.5938140634690114,0.10009751133378586,6.148183774203716,1.3896047,0.7033533,609,0.6370292887029289,-7204088.175726017,6776138.434186572,4696857.978202368,-7649744.981004394,1079532.2116051447,4696380.503806616,-140.7191752708821,51.6504407282721,141.31610102491527,27.974569271529646,46.039800437925464,143.19726843353817,326.75986,143.79318,445656.8052783768,5696606.222581428,477.4743957519531,-168.69374454241174,5.610640290346635,-1.8811674086229013,1187,frame_001187.png
4000,4000,4000,960,0.24,649,0.6760416666666667,960,633,0.659375,445655.98990082915,5696605.850415542,477.265365474046,-0.5712602934800088,-0.3322000652551651,-0.19337476032899303,-169.99430806653206,4.735270435227003,5.19667828690538,-1.5384188609995704,-0.17675034630363484,8.075682225477834,1.4428618,0.7088594,633,0.659375,445654.55344331183,5696606.693106325,453.0996779976197,-2.0077178108040243,0.5104907182976604,-24.35906223675528,10.755069278825733,10.771284312351751,-0.014170577542046568,179.21095848435823,5.859263530821124,2.8648333610304064,4.5447173,2.9917512,445656.56116112263,5696606.182615607,477.458740234375,-168.4558892055325,4.912020781530632,-2.8790039385724424,1188,frame_001188.png
4000,4000,4000,1033,0.25825,629,0.6089060987415296,1033,581,0.5624394966118103,445655.7495386248,5696605.700109287,477.26179112638914,-0.5656411265372299,-0.44244234170764685,-0.18251429353273352,-170.28910686744686,3.815754906088465,5.736124067312635,-1.521762896439327,-0.4964935177160328,8.752039476962494,1.448206,0.70869416,581,0.5624394966118103,445655.7495386248,5696605.700109287,477.2617911263889,-0.5656411265372299,-0.44244234170764685,-0.1825142935329609,-170.28910686744675,3.8157549060898006,5.736124067325868,-1.5217628964392134,-0.49649351771469696,8.75203947697571,1.448206,0.70869416,445656.3151797513,5696606.142551629,477.4443054199219,-168.76734397100753,4.312248423804486,-3.0159154096498533,1189,frame_001189.png
4000,4000,4000,999,0.24975,649,0.6496496496496497,999,607,0.6076076076076076,445655.41572367854,5696605.809366182,477.26210198093844,-0.38926873926538974,-0.2311925459653139,-0.17475714992093572,-170.48078201161775,3.783344402453232,4.290061788443239,-1.484655545789991,-0.5303008726079383,6.650543856004617,1.4785906,0.73365664,607,0.6076076076076076,445653.94722554955,5696606.773849508,453.2004209417838,-1.8577668682555668,0.7332907794043422,-24.236438189075557,10.191627323425163,9.960171738011928,-1.4583237353331773,179.18775378925295,5.64652646295076,0.902158332228197,4.8697715,3.0874126,445655.8049924178,5696606.040558728,477.4368591308594,-168.99612646582776,4.313645275061162,-2.3604820675613674,1190,frame_001190.png
4000,4000,4000,828,0.207,516,0.6231884057971014,828,575,0.6944444444444444,445655.0394416133,5696605.715966447,477.25250305101906,-0.5072936223587021,-0.2798891933634877,-0.18920837476224506,-170.56054081644342,3.859725235143265,5.15990802146506,-1.4601031508277629,-0.27778411881598686,8.306870362979026,1.4800992,0.71692574,575,0.6944444444444444,445655.0394416133,5696605.715966447,477.2525030510332,-0.5072936223587021,-0.2798891933634877,-0.18920837474809105,-170.56054081631578,3.8597252347536255,5.159908020402918,-1.460103150700121,-0.2777841192056201,8.306870361916879,1.4800992,0.71692574,445655.54673523566,5696605.995855641,477.4417114257813,-169.10043766561566,4.137509353959245,-3.1469623415139636,1191,frame_001191.png
4000,4000,4000,899,0.22475,510,0.5672969966629589,899,543,0.6040044493882091,445654.3729001182,5696605.625992691,477.23880191104024,-0.6630618252675049,-0.28474491089582443,-0.19585995419413393,-170.6441482863965,3.776733175497861,5.193370262669394,-1.5632757861497169,-0.10511062145457117,8.36159740454167,1.4715602,0.7181086,543,0.6040044493882091,445654.37290011847,5696605.625992692,477.2388019110968,-0.6630618249764666,-0.28474490996450186,-0.19585995413757473,-170.64414828609753,3.7767331739960635,5.193370260279672,-1.563275785850749,-0.1051106229563743,8.361597402151943,1.4715602,0.7181086,445655.03596194345,5696605.910737602,477.4346618652344,-169.08087250024678,3.8818437969524453,-3.1682271418722747,1192,frame_001192.png
4000,4000,4000,920,0.23,501,0.5445652173913044,920,597,0.6489130434782608,445654.0991408989,5696605.525898434,477.2434364257238,-0.43134340189862996,-0.303310782648623,-0.1809715332605606,-170.90875466546933,3.586825655923734,5.18190774673599,-1.6248519684205291,-0.19795828615744426,8.07768947916938,1.4941397,0.7127735,597,0.6489130434782608,445654.0991408998,5696605.525898435,477.2434364258802,-0.43134340102551505,-0.3033107817173004,-0.18097153310418435,-170.90875466510937,3.5868256515860226,5.181907744595231,-1.6248519680605682,-0.19795829049516556,8.077689477028628,1.4941397,0.7127735,445654.5304843008,5696605.829209217,477.4244079589844,-169.2839026970488,3.7847839420811877,-2.8957817324334,1193,frame_001193.png
4000,4000,4000,924,0.231,523,0.566017316017316,924,553,0.5984848484848485,445653.7478143876,5696605.4261452565,477.215387471823,-0.5320366540690884,-0.35580170433968306,-0.19919382700510369,-170.81038508140537,3.787087982355246,5.551950572079653,-1.5979402033102303,-0.0811223701913093,8.802195547881865,1.5366737,0.758306,553,0.5984848484848485,445653.7478143876,5696605.4261452565,477.2153874718371,-0.5320366540690884,-0.35580170433968306,-0.19919382699100652,-170.8103850813638,3.787087982244339,5.551950571726595,-1.5979402032686494,-0.08112237030223923,8.802195547528811,1.5366737,0.758306,445654.2798510417,5696605.781946961,477.4145812988281,-169.21244487809514,3.8682103525465665,-3.250244975802228,1194,frame_001194.png
4000,4000,4000,871,0.21775,503,0.5774971297359357,871,557,0.6394948335246843,445653.4630017006,5696605.395114432,477.2252832755963,-0.5745835656998679,-0.3440754599869251,-0.19854484940367456,-170.8354113436777,5.118078056291612,5.771273908651565,-1.6216279088214662,0.0024954443067031207,9.206946593340234,1.4966925,0.73157644,557,0.6394948335246843,445653.4630016983,5696605.39511443,477.22528327480416,-0.5745835679699667,-0.3440754618495703,-0.19854485019584445,-170.835411345426,5.118078068288815,5.771273917667143,-1.6216279105697708,0.002495456303904575,9.206946602355828,1.4966925,0.73157644,445654.0375852663,5696605.739189892,477.423828125,-169.21378343485623,5.115582611984897,-3.4356726846886723,1195,frame_001195.png
4000,4000,4000,777,0.19425,428,0.5508365508365508,777,478,0.6151866151866152,445653.1672163246,5696605.355548057,477.2196198027081,-0.6356470229802653,-0.3510964261367917,-0.20179743362001545,-170.89126231419723,5.184523851561955,6.612349790940173,-1.6573999520632015,-0.012070329955747638,10.835012786737963,1.4664651,0.7220801,478,0.6151866151866152,445653.1672163247,5696605.355548057,477.2196198028166,-0.63564702286385,-0.3510964261367917,-0.20179743351150137,-170.89126231386325,5.1845238505907405,6.612349788456755,-1.657399951729218,-0.012070330926974293,10.835012784254559,1.4664651,0.7220801,445653.8028633476,5696605.706644483,477.4214172363281,-169.23386236213403,5.1965941815177095,-4.2226629957978,1196,frame_001196.png
4000,4000,4000,849,0.21225,538,0.6336866902237926,849,490,0.5771495877502945,445651.31198634417,5696604.941636639,477.25519230956724,-0.5856161498231813,-0.43046725261956453,-0.2011675537140718,-170.74170129630173,4.009304734606708,6.850039789225705,-1.5964041470529935,0.37812063856705436,11.034651823812993,1.5536675,0.72960603,490,0.5771495877502945,445651.3119863443,5696604.941636641,477.25519230982724,-0.585616149706766,-0.4304672507569194,-0.20116755345407,-170.7417012956158,4.009304732476569,6.850039780750031,-1.596404146367064,0.3781206364369041,11.034651815337298,1.5536675,0.72960603,445651.897602494,5696605.372103891,477.4563598632813,-169.14529714924873,3.631184096039657,-4.184612034587276,1197,frame_001197.png
4000,4000,4000,874,0.2185,510,0.5835240274599542,874,475,0.5434782608695652,445651.02120374556,5696604.882875919,477.2403816190844,-0.6217390109668486,-0.44254120253026485,-0.2312980684155832,-170.9925071816158,3.742399975276322,6.574845654414678,-1.6513885789065057,0.1761906563132527,10.454299752848613,1.5160724,0.77095634,475,0.5434782608695652,445651.0212037455,5696604.882875919,477.2403816190859,-0.6217390110250562,-0.44254120253026485,-0.23129806841410527,-170.9925071816113,3.7423999753868498,6.574845654237244,-1.651388578902015,0.17619065642378473,10.454299752671176,1.5160724,0.77095634,445651.64294275653,5696605.325417122,477.4716796875,-169.3411186027093,3.566209318963063,-3.879454098433943,1198,frame_001198.png
4000,4000,4000,975,0.24375,540,0.5538461538461539,975,470,0.48205128205128206,445650.4006023279,5696604.716519457,477.2233568107955,-0.5033182211918756,-0.48098441772162914,-0.23883190990761705,-171.26001352823033,3.9865643550791106,7.432982279419963,-1.6426317668587274,0.2559935559033306,11.805973943348619,1.6114463,0.77244365,470,0.48205128205128206,445650.400602334,5696604.71651946,477.22335681112384,-0.5033182150800712,-0.4809844149276614,-0.23883190957928946,-171.26001352584177,3.9865643242724813,7.432982271120618,-1.642631764470167,0.2559935250966987,11.80597393504928,1.6114463,0.77244365,445650.9039205491,5696605.197503875,477.4621887207031,-169.6173817613716,3.730570799175773,-4.372991663928662,1199,frame_001199.png
4000,4000,4000,1027,0.25675,637,0.620253164556962,1027,557,0.5423563777994158,445650.1336284321,5696604.815195946,477.25279825570107,-0.5243470328277908,-0.3459133468568325,-0.19455892203330905,-171.1488064082574,3.0800377418167146,6.199092314595218,-1.6262379657226518,-0.13945485877661667,10.032303619759176,1.5043814,0.7005518,557,0.5423563777994158,445650.1336284322,5696604.815195946,477.25279825565406,-0.5243470327695832,-0.3459133468568325,-0.19455892208031855,-171.14880640836344,3.0800377419792557,6.199092316100439,-1.6262379658286932,-0.13945485861407292,10.032303621264418,1.5043814,0.7005518,445650.65797546494,5696605.161109293,477.4473571777344,-169.52256844253475,3.219492600593321,-3.833211305163965,1200,frame_001200.png
4000,4000,4000,1074,0.2685,648,0.6033519553072626,1074,465,0.4329608938547486,445649.77804433723,5696604.663546565,477.23548470838875,-0.6274108583456837,-0.45687231607735157,-0.21175039903312154,-170.487999717414,3.1015309743530666,7.264562928233559,-1.6089818381332464,0.15451676535195702,11.736780838405878,1.6076694,0.75520223,465,0.4329608938547486,445648.47092656785,5696606.485724573,453.90029327834344,-1.934528627723921,1.3653056919574738,-23.546941829078435,10.38186025519915,7.788138654533421,-2.624345931723074,179.26087813447987,4.84112444553233,1.8478719784492341,6.4197054,5.026588,445650.4054551956,5696605.120418881,477.4472351074219,-168.87901787928075,2.9470142090011,-4.472217910172315,1201,frame_001201.png
4000,4000,4000,996,0.249,555,0.5572289156626506,996,446,0.44779116465863456,445649.6721741925,5696604.594813899,477.21994552154024,-0.48780838440870866,-0.4830165971070528,-0.2360176132253855,-170.9242667885821,4.643625764236365,5.943798917278897,-1.5680279933930024,-0.5763680192314666,8.906713632853752,1.7056056,0.7329522,446,0.44779116465863456,445649.6721741771,5696604.594813904,477.21994552186845,-0.4878083998337388,-0.48301659245043993,-0.2360176128971716,-170.92426678744135,4.643625833770789,5.943798883007906,-1.5680279922522686,-0.576367949697044,8.90671359858274,1.7056056,0.7329522,445650.1599825769,5696605.077830496,477.4559631347656,-169.35623879518909,5.21999378346782,-2.9629147155748474,1202,frame_001202.png
4000,4000,4000,1072,0.268,652,0.6082089552238806,1072,473,0.4412313432835821,445649.1078910046,5696604.589522235,477.2584906155749,-0.5954720470472239,-0.3604457192122936,-0.2006158297376146,-170.68451739863508,5.267033836012512,4.240212920717211,-1.6986895776075812,0.6380089793180161,6.075630264357358,1.5931169,0.7483375,473,0.4412313432835821,445649.1078909968,5696604.589522241,477.25849061600593,-0.5954720548470505,-0.3604457136243582,-0.20061582930657096,-170.6845173967736,5.2670338689057745,4.240212891253375,-1.6986895757461014,0.6380090122112847,6.075630234893538,1.5931169,0.74833757,445649.70336305164,5696604.949967954,477.4591064453125,-168.9858278210275,4.629024856694483,-1.8354173436401546,1203,frame_001203.png
4000,4000,4000,1083,0.27075,632,0.5835641735918744,1083,443,0.4090489381348107,445649.1026753216,5696604.272444881,477.19858517425877,-0.35653263417771086,-0.6047027390450239,-0.256950714413108,-170.24110919536795,2.5623732370690004,5.089695322832255,-1.7394436535047078,-0.6187547632309816,6.543359735910798,1.6993133,0.7421092,443,0.4090489381348107,445649.10267530684,5696604.272444885,477.19858517418015,-0.35653264896245673,-0.604702734388411,-0.25695071449172247,-170.24110919466213,2.562373303320771,5.089695287904,-1.739443652798883,-0.6187546969792379,6.543359700982563,1.6993133,0.7421092,445649.4592079558,5696604.87714762,477.4555358886719,-168.50166554186325,3.181128000299996,-1.4536644130785548,1204,frame_001204.png
4000,4000,4000,1017,0.25425,542,0.5329400196656834,1017,443,0.43559488692232057,445648.73085421935,5696604.363682059,477.26087111325927,-0.48539230349706486,-0.4355844873934984,-0.19234543947510474,-170.18808908148773,2.278257181480781,3.3802211217480993,-1.8360854008780052,-0.4461835122967557,3.825805888728013,1.6414902,0.7393278,443,0.43559488692232057,445648.7308542123,5696604.3636820605,477.2608711128713,-0.48539231054019183,-0.43558448553085327,-0.19234543986306107,-170.18808908098245,2.2782572135179917,3.380221107841027,-1.836085400372724,-0.4461834802595206,3.8258058748209294,1.6414902,0.7393278,445649.21624652285,5696604.799266546,477.4532165527344,-168.35200368060973,2.724440693777525,-0.44558476697990773,1205,frame_001205.png
4000,4000,4000,1092,0.273,662,0.6062271062271062,1092,503,0.4606227106227106,445648.2051407912,5696604.274791702,477.2545991415691,-0.7692403966211714,-0.43859353475272655,-0.2053312783527872,-169.8178166545133,2.8426030494859287,2.5451486421841563,-1.711307209911837,0.5016469477424153,2.906214262909657,1.6098372,0.7302072,503,0.4606227106227106,445648.20514079125,5696604.274791702,477.2545991415238,-0.7692403965629637,-0.43859353475272655,-0.2053312783980914,-169.81781665459928,2.8426030496778174,2.545148644160487,-1.7113072099978126,0.5016469479342902,2.906214264885989,1.6098372,0.7302072,445648.9743811878,5696604.713385236,477.4599304199219,-168.10650944460147,2.3409561017435205,-0.36106562072551424,1206,frame_001206.png
4000,4000,4000,1030,0.2575,653,0.6339805825242718,1030,425,0.41262135922330095,445647.571345101,5696604.100588688,477.2636042794696,-0.715918130823411,-0.3360423408448696,-0.20883834748354957,-170.40665672120957,4.569314655148492,-0.09417300175582197,-1.7582355878735143,0.9641877263632352,-1.9130502987977422,1.6709392,0.71354175,425,0.41262135922330095,505641.18385278585,5521905.659564382,-93122.58146612563,59992.89658955403,-174698.77706664614,-93600.05390875258,95.16540547362548,60.96298238670617,12.374939086596537,-96.18617339303847,57.35785545792092,10.556061789554605,286.88693,117.71979,445648.2872632318,5696604.436631029,477.4724426269531,-168.64842113333606,3.6051269287852534,1.8188772970419245,1207,frame_001207.png
4000,4000,4000,913,0.22825,572,0.6265060240963856,913,363,0.39759036144578314,445647.4238744971,5696603.9532518005,477.29914788500145,-0.6481347550870851,-0.4029074627906084,-0.16996832593605404,-170.47495314267618,3.7938752735979784,0.8439980726583117,-1.6742069963892448,0.4784951057783928,-0.43424993383584365,1.604863,0.72107613,363,0.39759036144578314,445647.42387449637,5696603.9532518,477.2991478847718,-0.6481347558437847,-0.402907463721931,-0.16996832616570146,-170.47495314283373,3.793875277633219,0.8439980734145822,-1.6742069965467863,0.4784951098136503,-0.4342499330795704,1.604863,0.72107613,445648.0720092522,5696604.356159263,477.4691162109375,-168.80074614628694,3.3153801678195784,1.278248006494157,1208,frame_001208.png
4000,4000,4000,892,0.223,513,0.5751121076233184,892,363,0.4069506726457399,445647.067074136,5696603.939274722,477.2864488059412,-0.5697494263295084,-0.3020461769774556,-0.20735612569944806,-170.70923698107543,5.1289161791661,1.7014028829801267,-1.615104391397466,0.23537071854343594,1.237496757755025,1.6514045,0.67860293,363,0.4069506726457399,445647.06707413483,5696603.939274723,477.28644880577906,-0.5697494274936616,-0.30204617604613304,-0.2073561258615655,-170.7092369805196,5.128916183872703,1.701402877314513,-1.6151043908416227,0.2353707232500426,1.2374967520894131,1.6514045,0.67860293,445647.6368235623,5696604.241320899,477.4938049316406,-169.09413258967797,4.893545460622658,0.4639061252250876,1209,frame_001209.png
4000,4000,4000,910,0.2275,536,0.589010989010989,910,351,0.38571428571428573,445646.88165700686,5696603.894296368,477.3384851668012,-0.5227800702559762,-0.3092562947422266,-0.2003026749956689,-171.0697341260498,7.5526983019429785,1.8622001346330193,-1.8133415168183546,0.3331349124641463,1.434055487043679,1.6312767,0.7362924,351,0.38571428571428573,445646.88165700686,5696603.894296368,477.3384851668156,-0.5227800702559762,-0.3092562947422266,-0.2003026749812875,-171.06973412606558,7.55269830174744,1.8622001347903832,-1.8133415168341287,0.3331349122686049,1.4340554872010216,1.6312767,0.7362924,445647.4044370771,5696604.203552662,477.5387878417969,-169.25639260923145,7.219563389478834,0.4281446475893522,1210,frame_001210.png
4000,4000,4000,861,0.21525,551,0.6399535423925667,861,294,0.34146341463414637,445646.41500619863,5696603.748556321,477.29129152243183,-0.7244304743944667,-0.44690987654030323,-0.255675030302541,-169.8694913363269,1.49650818636185,8.269600967690048,-1.651005558188075,0.6459044923715282,13.74840310198067,1.6323882,0.72697866,294,0.34146341463414637,445646.4150061986,5696603.748556321,477.29129152238085,-0.7244304744526744,-0.44690987654030323,-0.25567503035352956,-169.86949133632092,1.4965081867735865,8.269600968714728,-1.6510055581821064,0.6459044927832736,13.748403103005359,1.6323882,0.72697866,445647.139436673,5696604.195466197,477.5469665527344,-168.2184857781388,0.8506036939903092,-5.4788021342906355,1211,frame_001211.png
4000,4000,4000,766,0.1915,372,0.4856396866840731,766,283,0.36945169712793735,445645.9798923845,5696603.026072494,477.17961626256823,-0.8940930671524256,-1.1503076339140534,-0.3734843233692686,-170.13382018980238,3.8815418345954416,9.452626234644715,-2.144441704713927,1.6103242437556844,12.658324764003112,1.7791127,0.7619034,283,0.36945169712793735,447143.9627093145,5691373.161528431,2514.9855483449865,1497.0887238628347,-5231.014851696789,2037.432447759049,-134.4563991350301,41.975779878709325,61.42117054737839,33.532979350058355,39.70456228786958,64.6268690767368,309.6357,185.84819,445646.87398545165,5696604.176380128,477.5531005859375,-167.98937848508845,2.271217590839753,-3.205698529358407,1212,frame_001212.png
4000,4000,4000,827,0.20675,431,0.5211608222490931,827,260,0.3143893591293833,445645.5171108607,5696603.219534753,477.1519977534793,-0.630139650311321,-0.8218654524534941,-0.3372905765988321,-170.41503614979226,5.280285622744438,4.935327998086688,-2.0175719938606846,1.2907927086867232,5.199356961410672,1.7884129,0.7382338,260,0.3143893591293833,445644.1965632902,5696603.175767551,454.39834575449987,-1.9506872207857668,-0.8656326541677117,-23.090942575578254,9.760314916629975,11.93547271582235,4.0221182952922225,178.15777907256154,7.945979801764622,4.286147258616211,3.501426,2.5075357,445646.147250511,5696604.041400205,477.4892883300781,-168.39746415593157,3.9894929140577213,-0.26402896332399706,1213,frame_001213.png
4000,4000,4000,721,0.18025,347,0.4812760055478502,721,183,0.2538141470180305,445645.1260705314,5696603.029558365,477.0581074384384,-0.7770903165219352,-0.9806730039417744,-0.40606492484289447,-170.22697249257035,4.317063039015337,7.5690937396958295,-2.1389006253913294,1.6891864764212414,9.864784183174493,1.8989241,0.71904904,183,0.2538141470180305,445643.77639663557,5696602.872591829,454.52413264821166,-2.1267642123275436,-1.1376395402476192,-22.940039715069645,9.866806407162251,11.226896703038625,7.167124829452555,177.95487827434124,8.599020140444537,9.462815272931238,3.3511055,2.6757562,445645.9031608479,5696604.010231369,477.4641723632813,-168.08807186717902,2.6278765625940883,-2.295690443478677,1214,frame_001214.png
4000,4000,4000,643,0.16075,317,0.49300155520995337,643,204,0.31726283048211507,445644.87436177157,5696602.6756817,477.02886588361076,-0.7853598167421296,-1.2969785304740071,-0.4467200538892371,-169.98569890708933,6.009643616370547,9.30019486240625,-2.244312359972497,1.6772250384287872,11.644809873941,1.7623858,0.7117991,204,0.31726283048211507,445089.39890349837,5696893.192000485,-551.341751588006,-556.2608180899406,289.21934025455266,-1028.817337525506,35.97551564261947,5.696767967318347,-23.114791528475457,-156.2830978102637,1.3643493893765992,-20.770176516940722,298.38345,152.78372,445645.6597215883,5696603.9726602305,477.4755859375,-167.74138654711683,4.332418577941761,-2.3446150115347435,1215,frame_001215.png
4000,4000,4000,635,0.15875,276,0.4346456692913386,635,206,0.32440944881889766,445644.75430242263,5696602.725203926,477.07865439759445,-0.6733767273835838,-1.2120860079303384,-0.40215004576492674,-170.2222930711699,6.350088603594075,8.188214988944642,-2.2444995140834294,0.9077423376492959,9.762723966318532,1.8348528,0.76825875,206,0.32440944881889766,445644.7543024226,5696602.725203926,477.07865439760826,-0.6733767274417914,-1.2120860079303384,-0.4021500457511138,-170.22229307100736,6.350088603672279,8.188214987410943,-2.2444995139208856,0.907742337727484,9.76272396478484,1.8348528,0.76825875,445645.42767915,5696603.937289934,477.4808044433594,-167.97779355708647,5.4423462659447885,-1.5745089773738967,1216,frame_001216.png
4000,4000,4000,668,0.167,367,0.5494011976047904,668,194,0.2904191616766467,445644.5833395727,5696603.100894509,477.1488096826968,-0.3927595180575736,-0.7480473751202226,-0.35003064933448513,-170.75060334375544,6.454643318719761,6.208893159849969,-1.863109525044564,0.0790799634524717,7.878807246218713,1.9485916,0.722947,194,0.2904191616766467,445644.5833395727,5696603.100894509,477.1488096827064,-0.3927595180575736,-0.7480473751202226,-0.3500306493248786,-170.750603343705,6.454643318574262,6.208893159510991,-1.8631095249941154,0.07907996330698097,7.878807245879727,1.9485916,0.722947,445644.97609909077,5696603.848941884,477.4988403320313,-168.88749381871088,6.37556335526728,-1.6699140863687474,1217,frame_001217.png
4000,4000,4000,685,0.17125,349,0.5094890510948905,685,194,0.2832116788321168,445644.67194851756,5696603.21998621,477.28460311545757,-0.06706563220359385,-0.5893525145947933,-0.21677017555805378,-171.00573097360646,3.3777516936971597,5.7178724009219675,-1.8095813823836124,-1.8683832863925716,7.472483143922659,1.8019567,0.78530514,194,0.2832116788321168,445644.67194851587,5696603.219986206,477.2846031152635,-0.06706563389161602,-0.5893525183200836,-0.2167701757521172,-171.00573097561445,3.37775170423674,5.717872418523971,-1.8095813843916062,-1.868383275853006,7.47248316152465,1.8019567,0.78530514,445644.73901414976,5696603.809338724,477.5013732910156,-169.19614959122285,5.246134980089744,-1.7546107430006848,1218,frame_001218.png
4000,4000,4000,700,0.175,361,0.5157142857142857,700,212,0.3028571428571429,445643.81459115376,5696603.624271812,477.3077839101326,-0.6731568649993278,-0.15504909586161375,-0.17900197853924738,-170.48441977884653,3.6259262238238494,3.1636112376821135,-1.5799352831004683,0.12427566007335145,4.93152413412804,1.7280473,0.75573844,212,0.3028571428571429,445643.81459111057,5696603.624271864,477.3077839093586,-0.6731569081894122,-0.15504904370754957,-0.1790019793132842,-170.48441974544292,3.625926388630128,3.1636109479612124,-1.5799352496968595,0.12427582487961786,4.931523844407138,1.7280473,0.75573856,445644.48774801876,5696603.779320908,477.4867858886719,-168.90448449574606,3.501650563750504,-1.7679128964459223,1219,frame_001219.png
4000,4000,4000,726,0.1815,397,0.546831955922865,726,255,0.3512396694214876,445643.7889461833,5696603.012436729,477.2664824480904,-0.4435733314603567,-0.7391974963247776,-0.2146576886283924,-170.1299621033518,2.065069189776038,6.7817472311830596,-1.6657377152468769,-0.9426361240417691,9.082503101767315,1.7926906,0.73644334,255,0.3512396694214876,445638.31174451986,5696609.35933761,459.596805150197,-5.920774994883686,5.6077033849433064,-17.88433498652182,25.92020512898406,22.42399238545663,-44.552090806719555,-165.61557048291104,19.416287071638834,-42.251334936135294,61.365086,49.444496,445644.23251951474,5696603.751634225,477.4811401367188,-168.46422438810492,3.0077053138177994,-2.3007558705842666,1220,frame_001220.png
4000,4000,4000,751,0.18775,482,0.6418109187749668,751,308,0.41011984021304926,445643.15929646586,5696603.4267953,477.32891553077246,-0.5667144223116338,-0.2562262527644634,-0.14822680321191228,-169.41439367689622,2.4741921298719993,4.704476002771486,-1.5918063980530803,0.2698537660437239,7.52018606352334,1.6683547,0.75121415,308,0.41011984021304926,445498.10294480814,5696857.688550651,66.61164723780831,-145.62306608003564,254.00552909821272,-410.86549509617606,14.883663446259956,21.05272724992086,-28.330500888700573,-177.29374927489687,18.84838888609258,-25.51479082794873,296.38065,117.951096,445643.7260108882,5696603.683021553,477.4771423339844,-167.82258727884314,2.2043383638282705,-2.8157100607518415,1221,frame_001221.png
4000,4000,4000,756,0.189,415,0.548941798941799,756,287,0.37962962962962965,445642.5968781708,5696603.038496461,477.3326149806645,-0.6661279390682466,-0.5515465959906578,-0.14913550761679062,-169.17061231916935,3.921109454521256,3.9769849125458934,-1.6368673275574679,0.5497184202810388,4.760902630754032,1.7582625,0.7629764,287,0.37962962962962965,445641.18669660017,5696603.7686440665,454.5057860392046,-2.0763095096917823,0.17860100977122784,-22.975964449076685,11.436627484043528,10.155641305813385,-1.0108263733995435,178.97037247565538,6.784250271573171,-0.22690865519140857,1.9962213,0.99442923,445643.26300610986,5696603.590043057,477.4817504882813,-167.53374499161188,3.3713910342402245,-0.7839177182081488,1222,frame_001222.png
4000,4000,4000,705,0.17625,416,0.5900709219858156,705,234,0.33191489361702126,445641.9067107617,5696603.257835561,477.2297658447262,-0.46628166595473886,-0.14078395906835794,-0.26086525878940847,-169.58720674984176,5.5078216968206135,2.4808347370199217,-1.4402779710271432,-0.34043133241164014,3.5937489109797127,1.7116582,0.71378726,234,0.33191489361702126,445641.906710761,5696603.257835562,477.2297658446241,-0.4662816666532308,-0.14078395813703537,-0.26086525889149925,-169.58720674927713,5.5078216997375415,2.4808347342783135,-1.4402779704625175,-0.3404313294947201,3.593748908238098,1.7116582,0.71378726,445642.37299242767,5696603.3986195205,477.4906311035156,-168.1469287788146,5.848253029232264,-1.1129141739597859,1223,frame_001223.png
4000,4000,4000,763,0.19075,376,0.4927916120576671,763,325,0.4259501965923984,445641.5734961803,5696603.05573057,477.27603770793996,-0.5575906665762886,-0.3084511309862137,-0.20113514362253682,-170.0176529022144,3.3788388447535413,3.4097859749548824,-1.606686775823448,-0.057535774884456714,4.734339889163152,1.6227381,0.70352197,325,0.4259501965923984,444391.1247271989,5694444.784970368,-4337.752322094278,-1251.0063596479595,-2158.5792113328353,-4815.22949494584,85.62967652084616,30.881157475909394,-1.3793234609164085,-105.95935735276288,27.444782856271388,-0.054769546708143935,304.0091,159.68132,445642.1310868469,5696603.364181701,477.4771728515625,-168.41096612639095,3.436374619638006,-1.3245539142082692,1224,frame_001224.png
4000,4000,4000,696,0.174,387,0.5560344827586207,696,260,0.3735632183908046,445641.44539651176,5696602.979691269,477.2699296138273,-0.423700456507504,-0.35380682721734047,-0.18939045453208792,-170.5498850001698,1.4328459030788179,5.370103972186935,-1.6776136006442357,-1.4167618853596196,8.566526720376544,1.6082017,0.77470917,260,0.3735632183908046,445641.4453965197,5696602.979691412,477.26992960625597,-0.4237004485912621,-0.353806683793664,-0.18939046210340393,-170.54988496243575,1.4328457490772342,5.370103271917906,-1.6776135629101816,-1.4167620393612026,8.566526020107517,1.6082016,0.77470917,445641.86909696826,5696603.333498096,477.4593200683594,-168.87227139952557,2.84960778843843,-3.1964227481896206,1225,frame_001225.png
4000,4000,4000,711,0.17775,412,0.5794655414908579,711,268,0.3769338959212377,445641.17047562636,5696603.174071233,477.20534570041207,-0.16544420539867133,-0.10171293839812279,-0.25156347927543266,-170.78171936122183,1.3518879741459786,4.243009315077185,-1.671893532001917,-1.798107721146664,7.213014273469412,1.6212467,0.7542516,268,0.3769338959212377,419353.6356014825,5723693.243261048,10855.607429446387,-26287.700318349234,27089.967476876453,10378.1505202667,-132.793166555873,-4.918246920697584,-63.158466940439276,36.316659273346914,-8.068242615990243,-60.18846198204706,309.91638,175.0167,445641.33591983176,5696603.275784171,477.4569091796875,-169.10982582921991,3.149995695292645,-2.9700049583922183,1226,frame_001226.png
4000,4000,4000,663,0.16575,386,0.5822021116138764,663,252,0.38009049773755654,445640.56257297937,5696603.264217828,477.12314409614004,-0.5093615768128075,0.01970668602734804,-0.31978803276626877,-170.42109544666135,1.3279138611220098,2.641207071738234,-1.4510449027951893,-0.535800849466483,4.827150018045131,1.6810119,0.74759793,252,0.38009049773755654,445640.5625729794,5696603.264217828,477.12314409615715,-0.5093615767545998,0.01970668602734804,-0.3197880327491589,-170.42109544669387,1.3279138608375467,2.6412070720400638,-1.4510449028277037,-0.5358008497509559,4.82715001834697,1.6810119,0.74759793,445641.0719345562,5696603.244511142,477.4429321289063,-168.97005054386617,1.8637147105884913,-2.1859429463069042,1227,frame_001227.png
4000,4000,4000,666,0.1665,369,0.5540540540540541,666,233,0.34984984984984985,445640.2118046175,5696603.2674123505,477.15630130666614,-0.6045528632821515,0.05756056774407625,-0.28107662302136305,-170.77378112356604,1.8878449694917914,3.093447504933511,-1.5090587374873223,-0.529229373667107,5.829261325609139,1.5561926,0.7711569,233,0.34984984984984985,445640.21180461656,5696603.2674123505,477.1563013065069,-0.6045528642134741,0.05756056774407625,-0.28107662318058146,-170.77378112289196,1.8878449735074596,3.0934475020738397,-1.5090587368132446,-0.5292293696514605,5.82926132274946,1.5561926,0.7711569,445640.81635748077,5696603.209851783,477.4373779296875,-169.26472238607872,2.417074343158907,-2.735813820675621,1228,frame_001228.png
4000,4000,4000,775,0.19375,417,0.5380645161290323,775,317,0.40903225806451615,445640.026208806,5696603.172171319,477.1533615633605,-0.2861691311118193,0.044160823337733746,-0.2669265225770232,-170.9713314281657,0.512934120843032,2.2508383497772764,-1.647638691904234,-1.2375567717317892,3.7967151308485256,1.6641928,0.7203361,317,0.40903225806451615,-66980129.436779,73234120.49063814,-19527821.177225094,-67425769.74915694,67537517.36262764,-19528298.59751318,25.830283362512397,50.8723471315211,120.70206598129106,-164.8460239012261,49.12185623894629,122.2479427623623,323.15298,202.82088,445640.31237793714,5696603.128010496,477.4202880859375,-169.32369273626148,1.750490892574822,-1.5458767810712577,1229,frame_001229.png
4000,4000,4000,687,0.17175,315,0.4585152838427948,687,164,0.23871906841339155,445639.37829357805,5696602.7762220865,477.2310278081643,-0.6852498054504395,-0.3075305577367544,-0.20161989691382587,-170.6681535522567,2.5724970584892124,3.9095640802741176,-1.4604402128869367,0.8644191746416823,5.836077681205495,1.6075871,0.70786446,164,0.23871906841339155,445636.83437545033,5696599.521844929,455.67511213371336,-3.2291679331683554,-3.561907715164125,-21.75753557136477,9.339868612187306,19.00872245217399,18.34281138841064,178.54758195155705,17.300644568326447,20.26932498934204,15.10041,9.8614,445640.0635433835,5696603.083752644,477.4326477050781,-169.20771333936977,1.7080778838475377,-1.9265136009313872,1230,frame_001230.png
4000,4000,4000,774,0.1935,415,0.5361757105943152,774,308,0.3979328165374677,445639.0733795208,5696602.637583604,477.2367767370062,-0.5127130905748345,-0.3459647847339511,-0.17814025518129029,-170.90770524853113,1.3379318851942157,3.1995379334279033,-1.62570909239966,-0.4602077402988698,4.011373812888678,1.4345905,0.72252566,308,0.3979328165374677,545161218.588648,-628444075.9411199,-1054438628.6981397,544715579.0025554,-634140678.9246683,-1054439106.1130567,-116.58522848280691,-20.09015165762472,155.1704009859156,52.69676767332456,-21.88829128311781,155.98223686537636,314.59763,144.00528,445639.58609261137,5696602.983548389,477.4149169921875,-169.28199615613147,1.798139625493091,-0.8118358794607617,1231,frame_001231.png
4000,4000,4000,848,0.212,374,0.4410377358490566,848,235,0.27712264150943394,445638.7403562102,5696602.494520379,477.19999102186364,-0.6111837505595759,-0.4294830933213234,-0.20949384141766814,-170.41592754069774,2.1537268415949717,2.9225733350948127,-1.677775178526531,-0.1658010419569962,3.1131125267902746,1.461077,0.73706734,235,0.27712264150943394,445638.7403562145,5696602.494520381,477.19999102206384,-0.611183746252209,-0.42948309145867825,-0.20949384121746562,-170.4159275397035,2.1537268177645457,2.9225733269217526,-1.6777751775322827,-0.16580106578743425,3.113112518617214,1.461077,0.73706734,445639.3515399608,5696602.924003473,477.4094848632813,-168.7381523621712,2.3195278835519697,-0.1905391916954535,1232,frame_001232.png
4000,4000,4000,852,0.213,464,0.5446009389671361,852,240,0.28169014084507044,445638.4403586747,5696602.462324142,477.2129635285089,-0.44524264853680506,-0.34950482938438654,-0.17277865899109202,-169.98504688674063,2.614780139232171,3.4232972233732237,-1.670160092416296,0.08021608062102814,4.479001926257524,1.4362445,0.7151758,240,0.28169014084507044,445638.4403586945,5696602.462324217,477.2129635272018,-0.4452426286879927,-0.34950475487858057,-0.17277866029820643,-169.98504684826966,2.6147799709517114,3.4232968647811286,-1.6701600539453239,0.08021591234054881,4.479001567665449,1.4362444,0.7151756,445638.8856013232,5696602.811828972,477.3857421875,-168.31488679432434,2.5345640586111555,-1.0557047028843107,1233,frame_001233.png
4000,4000,4000,849,0.21225,463,0.5453474676089517,849,315,0.3710247349823322,445638.171379231,5696602.30377409,477.22856115915664,-0.4744065781706013,-0.4472478777170181,-0.15583825490585923,-170.75633156027203,1.2022782217101788,3.6577337523649907,-1.6990523916655604,-0.2833795569578683,4.531057387268959,1.3862255,0.7290883,315,0.3710247349823322,445638.17148446344,5696602.30345665,477.22858245308805,-0.47430134570458904,-0.44756531715393066,-0.1558169609744482,-170.756463099068,1.2021205932480024,3.659357519231047,-1.6991839304615155,-0.2835371854200446,4.53268115413502,1.3862802,0.7289912,445638.64578580915,5696602.751021967,477.3843994140625,-169.05727916860647,1.4856577786680356,-0.873323634903973,1234,frame_001234.png
4000,4000,4000,825,0.20625,494,0.5987878787878788,825,321,0.3890909090909091,445637.95828614966,5696602.399472257,477.17260688290764,-0.45125535532133654,-0.2639398127794266,-0.21026665224860608,-170.9243501134553,2.4539932225196295,-1.1246115408343025,-1.4474647023576495,-0.6522221619755726,-3.827286748840578,1.4972405,0.7465454,321,0.3890909090909091,24122253.15507045,-33512957.410977505,227825133.807848,23676614.745528944,-39209560.07438958,227824656.42497447,-104.02693081085027,6.553865178637944,-166.2943775217348,65.44995460024737,3.447649794142734,-168.99705272974106,326.62704,136.24983,445638.409541505,5696602.66341207,477.38287353515625,-169.47688541109764,3.106215384495208,2.702675208006269,1235,frame_001235.png
4000,4000,4000,906,0.2265,586,0.6467991169977925,906,440,0.4856512141280353,445637.5871111678,5696602.252203482,477.2010805754923,-0.5900243368814699,-0.3308114390820265,-0.16796849677331238,-171.2144008490119,3.034795820632451,0.7004136435606959,-1.5672432697601835,-0.5107407106507935,-0.4050108366162135,1.4676533,0.7485449,440,0.4856512141280353,733426.4992297571,5627540.255687191,368854.9755828802,287788.32209425245,-69062.32732773013,368377.60653380794,-59.05215255278116,28.86746803445351,-147.87867610148183,110.59500502647052,25.321931503170276,-148.98410058165874,364.52762,149.37917,445638.17713550467,5696602.583014921,477.3690490722656,-169.6471575792517,3.5455365312832474,1.105424480176906,1236,frame_001236.png
4000,4000,4000,895,0.22375,601,0.6715083798882682,895,438,0.4893854748603352,445637.2292643409,5696602.110838194,477.2263198644023,-0.47097628243500367,-0.3255598284304142,-0.16186372934771498,-171.649826021286,3.552192612671806,1.1409606574025368,-1.581390581765021,0.008021497575327885,0.14979471435157166,1.4592692,0.7007618,438,0.4893854748603352,443520.1251095741,5688475.50151743,13221.468962319876,-2117.575131049205,-8126.93488059286,12744.080778726126,151.60810213978317,-6.6276290157250255,37.98225521724355,-38.32346242069582,-10.17180013082151,36.991089274192575,380.23285,124.40757,445637.7002406233,5696602.436398023,477.38818359375,-170.06843543952098,3.544171115096481,0.9911659430509735,1237,frame_001237.png
4000,4000,4000,748,0.187,471,0.6296791443850267,748,429,0.5735294117647058,445636.8972560618,5696601.958304003,477.23997330295356,-0.5520100318826735,-0.4045955576002598,-0.15303206814019177,-172.21370650978508,1.3593156912460582,0.6139995938753916,-1.5978002061700636,0.058391221399119786,-1.3162654513861014,1.3629708,0.6995934,429,0.5735294117647058,445636.8972560604,5696601.958304003,477.2399733027416,-0.5520100332796574,-0.4045955576002598,-0.15303206835216088,-172.21370650955632,1.3593156983858643,0.6139995945751952,-1.5978002059412972,0.05839122853893741,-1.316265450686302,1.3629708,0.6995934,445637.44926609367,5696602.3628995605,477.39300537109375,-170.61590630361502,1.3009244698469402,1.930265045261492,1238,frame_001238.png
4000,4000,4000,801,0.20025,440,0.5493133583021224,801,369,0.4606741573033708,445636.2604530191,5696601.9089656565,477.25592740271406,-0.6749797750962898,-0.3410374512895942,-0.14272372033281044,-172.8470694184816,1.277370873843051,0.9413465044952322,-1.6157224775167833,-0.20926515256789457,-0.43193805502221494,1.3861213,0.70064354,369,0.4606741573033708,445636.2604530192,5696601.908965657,477.2559274026753,-0.6749797750380822,-0.3410374503582716,-0.14272372037157766,-172.84706941824717,1.2773708730639322,0.9413465000454654,-1.615722477282361,-0.20926515334699047,-0.4319380594719746,1.3861213,0.70064354,445636.9354327942,5696602.250003108,477.3986511230469,-171.2313469409648,1.4866360264109353,1.3732845595174368,1239,frame_001239.png
4000,4000,4000,896,0.224,595,0.6640625,896,473,0.5279017857142857,445635.7100933358,5696601.890691469,477.2449726934094,-0.47362676524790004,-0.29262289870530367,-0.17336226752809125,-172.263440233323,1.2227743801258906,4.222106996601001,-1.7188852401747,0.2270291384121208,6.2354134502938905,1.3721443,0.70661074,473,0.5279017857142857,610746.2093542035,5697082.70194678,32567.420865197684,165110.02563410252,480.5186324119568,32090.002530236747,94.02723558731539,16.842466560975204,-74.90738789907273,-95.4282094195363,15.846721319261434,-72.89408144537985,371.37552,142.18384,445636.183720101,5696602.183314368,477.4183349609375,-170.5445549931483,0.9957452417137775,-2.0133064536928797,1240,frame_001240.png
4000,4000,4000,868,0.217,582,0.6705069124423964,868,500,0.576036866359447,445635.37236046593,5696601.850179842,477.2567651345128,-0.5601087514660321,-0.3235898232087493,-0.15421509009655665,-171.37626053302307,-4.812015537017996,4.717570157939806,-1.675839622457886,-0.3624103759886168,6.951515237432687,1.3588264,0.6958435,500,0.576036866359447,445635.37236046616,5696601.850179842,477.25676513446206,-0.5601087512332015,-0.3235898232087493,-0.15421509014731782,-171.37626053306286,-4.8120155385785575,4.717570156818183,-1.6758396224976764,-0.3624103775491676,6.9515152363110815,1.3588264,0.6958435,445635.9324692174,5696602.173769665,477.4109802246094,-169.70042091056519,-4.449605161029383,-2.233945079492891,1241,frame_001241.png
4000,4000,4000,813,0.20325,574,0.7060270602706027,813,490,0.6027060270602707,445635.1782612566,5696601.878326395,477.2248424103046,-0.5115817063488066,-0.2867996087297797,-0.15879406430480003,-170.78657637871817,-8.279430078267714,4.332922436187139,-1.5772397532066975,-0.7142942810146451,6.488727197777422,1.3746452,0.7158875,490,0.6027060270602707,445635.17826125555,5696601.878326395,477.2248424105221,-0.5115817073965445,-0.2867996087297797,-0.15879406408726027,-170.786576378963,-8.279430073339261,4.332922433398809,-1.5772397534515221,-0.714294276086207,6.48872719498911,1.3746452,0.7158875,445635.68984296295,5696602.165126003,477.3836364746094,-169.20933662551147,-7.5651357972530615,-2.155804761590293,1242,frame_001242.png
4000,4000,4000,1020,0.255,740,0.7254901960784313,1020,615,0.6029411764705882,445634.96569885866,5696601.818931632,477.2359404915934,-0.3784107404644601,-0.3166955579072237,-0.12187811192222853,-170.38045221988574,-5.3360570087264225,2.3209563476786794,-1.3040385154257592,-0.31299410207424216,2.7092478129610242,1.3902552,0.70474464,615,0.6029411764705882,445634.9656988593,5696601.818931632,477.2359404915693,-0.37841073982417583,-0.3166955579072237,-0.12187811194633014,-170.38045221988835,-5.336057011291672,2.320956350430674,-1.304038515428374,-0.3129941046395004,2.7092478157130415,1.3902552,0.70474464,445635.34410959913,5696602.13562719,477.3578186035156,-169.07641370445998,-5.023062906652167,-0.388291465282358,1243,frame_001243.png
4000,4000,4000,988,0.247,655,0.6629554655870445,988,635,0.6427125506072875,445634.88309622294,5696601.770680518,477.2393298496569,-0.35804295539855957,-0.34482806362211704,-0.1158032069837418,-170.7519162627341,-6.244513040818243,3.1117466793497273,-1.6277822063880762,-0.6335973461752644,3.6561234009533337,1.4042882,0.69394994,635,0.6427125506072875,445634.8830962214,5696601.770680523,477.23932984930633,-0.35804295691195875,-0.34482805896550417,-0.11580320733429517,-170.7519162636442,-6.2445130375055395,3.1117466543994476,-1.6277822072981678,-0.6335973428625721,3.6561233760030802,1.4042882,0.69394994,445635.24113917834,5696602.1155085815,477.3551330566406,-169.12413405634604,-5.610915694642977,-0.5443767216036192,1244,frame_001244.png
4000,4000,4000,1163,0.29075,730,0.6276870163370594,1163,706,0.6070507308684436,445634.8215981121,5696601.814458228,477.23367600245894,-0.35726167471148074,-0.28971152380108833,-0.11419387058793973,-171.16043993718162,-4.98641521214676,2.4350712882241834,-1.6207479471632666,-0.4718420642989827,2.681593060316203,1.3749555,0.70878744,706,0.6070507308684436,445634.82159811194,5696601.814458227,477.23367600256074,-0.3572616748861037,-0.2897115247324109,-0.11419387048613316,-171.16043993715587,-4.9864152101617325,2.4350712932060357,-1.6207479471375166,-0.47184206231395365,2.6815930652980455,1.3749555,0.70878744,445635.1788597868,5696602.1041697515,477.3478698730469,-169.53969199001835,-4.514573147847767,-0.24652177209200749,1245,frame_001245.png
4000,4000,4000,936,0.234,666,0.7115384615384616,936,565,0.6036324786324786,445634.80908302544,5696601.821699827,477.23474879380484,-0.3536273469799198,-0.2784955110400915,-0.11931614760146658,-163.94555172791155,-2.8176801454846165,2.2910808944575227,1.7521752221604743,0.27351602557968135,2.830620399069062,1.4263467,0.69562274,565,0.6036324786324786,445634.809083025,5696601.821699826,477.2347487938539,-0.3536273474455811,-0.2784955119714141,-0.11931614755241071,-163.94555172793278,-2.817680142923518,2.2910808951245993,1.7521752221392433,0.27351602814079,2.830620399736148,1.4263467,0.69562274,445635.1627103724,5696602.100195338,477.3540649414063,-165.69772695007202,-3.091196171064311,-0.5395395046115399,1246,frame_001246.png
4000,4000,4000,1024,0.256,665,0.6494140625,1024,558,0.544921875,445634.8559661539,5696601.722513089,477.2447458798272,-0.1967263116966933,-0.4518471574410796,-0.14667257720412863,-150.10875793755807,-2.9762409932855203,7.805411120750092,-2.0014499479794665,-1.2514635144438557,12.15779537679137,1.4929099,0.72618407,558,0.544921875,445634.8559661426,5696601.722513114,477.24474587973447,-0.19672632298897952,-0.4518471322953701,-0.14667257729684025,-150.10875793452897,-2.9762410083406157,7.805410980810922,-2.001449944950366,-1.251463529498949,12.157795236852195,1.49291,0.72618395,445635.0526924656,5696602.174360246,477.3914184570313,-148.1073079895786,-1.7247774788416659,-4.3523842560412715,1247,frame_001247.png
4000,4000,4000,882,0.2205,470,0.5328798185941043,882,410,0.46485260770975056,445635.04436474666,5696601.83020943,477.20363935426514,-0.035986214701551944,-0.3407965116202831,-0.20602861448486465,-149.70279476473777,6.034323987069755,0.3548718027804779,-1.5130430143812248,-0.653090059090573,-2.1455980117291915,1.4735988,0.7017731,410,0.46485260770975056,445635.0443647468,5696601.83020943,477.2036393542617,-0.03598621458513662,-0.3407965116202831,-0.20602861448827525,-149.70279476466473,6.034323986172993,0.35487180253935746,-1.513043014308181,-0.6530900599873348,-2.145598011970293,1.4735988,0.7017731,445635.08035096136,5696602.171005942,477.40966796875,-148.18975175035655,6.687414046160318,2.500469814509663,1248,frame_001248.png
4000,4000,4000,962,0.2405,591,0.6143451143451143,962,531,0.5519750519750519,445634.9805546186,5696601.745798702,477.21973539933543,-0.14128134166821837,-0.4043380916118622,-0.18321870222706593,-149.72696392153514,2.3013306722100872,0.2433069566726368,-1.7976126372762167,-1.4579918366972322,-2.731632121858212,1.531126,0.71967906,531,0.5519750519750519,445634.98055461876,5696601.745798702,477.2197353993352,-0.1412813414935954,-0.4043380916118622,-0.1832187022272933,-149.7269639215801,2.301330671374457,0.2433069573699956,-1.7976126373211798,-1.4579918375328873,-2.7316321211608567,1.531126,0.71967906,445635.12183596025,5696602.150136794,477.4029541015625,-147.92935128425893,3.759322508907332,2.974939078530851,1249,frame_001249.png
4000,4000,4000,947,0.23675,549,0.5797254487856388,947,518,0.5469904963041182,445634.8804610139,5696601.740554288,477.25358504339573,-0.22501819307217374,-0.3988376148045063,-0.13823014215114426,-149.8973314433196,-1.6895072065054781,2.864179578130435,-1.5846772921654804,0.052821836209545836,3.7105196937557423,1.4442831,0.70696515,518,0.5469904963041182,445634.8804610126,5696601.740554289,477.253585043577,-0.22501819435274228,-0.3988376138731837,-0.1382301419698706,-149.8973314430478,-1.6895072035109084,2.8641795698685955,-1.5846772918936836,0.052821839204113985,3.7105196854938924,1.4442831,0.70696515,445635.10547920695,5696602.139391903,477.3918151855469,-148.3126541511541,-1.742329042715036,-0.8463401156253062,1250,frame_001250.png
4000,4000,4000,1045,0.26125,636,0.6086124401913876,1045,541,0.5177033492822967,445634.9471313731,5696601.720654931,477.2453553666091,-0.14064806827809662,-0.412541096098721,-0.15653061971903526,-149.69035368271062,0.22184294652402237,3.137848084532874,-1.7155831208453378,-0.358986864047921,3.3462248361305456,1.4715134,0.7097641,541,0.5177033492822967,445634.9471313732,5696601.720654931,477.24535536660085,-0.1406480681616813,-0.412541096098721,-0.15653061972727755,-149.6903536827154,0.22184294598800122,3.137848084924833,-1.7155831208501127,-0.35898686458395446,3.3462248365225093,1.4715134,0.7097641,445635.0877794414,5696602.133196027,477.4018859863281,-147.97477056186528,0.5808298105719502,-0.20837675159767596,1251,frame_001251.png
4000,4000,4000,927,0.23175,583,0.6289104638619202,927,465,0.5016181229773463,445635.046248066,5696601.864868063,477.21764754430455,-0.03363939223345369,-0.26924501545727253,-0.20001602991425216,-149.84236742931742,-0.5756015859800258,2.402289084466916,-1.7076184721263985,-1.2405623920325013,2.7257249838753808,1.535367,0.72204864,465,0.5016181229773463,445635.04624806606,5696601.864868063,477.2176475443037,-0.03363939217524603,-0.26924501545727253,-0.2000160299151048,-149.84236742929033,-0.5756015863022776,2.4022890841473763,-1.7076184720993126,-1.240562392354775,2.7257249835558355,1.535367,0.72204864,445635.07988745824,5696602.134113078,477.4176635742188,-148.13474895719102,0.664960806052485,-0.3234358994084596,1252,frame_001252.png
4000,4000,4000,1011,0.25275,598,0.5914935707220573,1011,557,0.5509396636993076,445634.8340658971,5696601.815059919,477.23084602179324,-0.23938404361251742,-0.32006023172289133,-0.17683830437863435,-149.6467102735186,-0.6750660587380163,2.16438022202196,-1.7021647590889302,-0.3157416034259768,2.4959978678077164,1.4969028,0.72685397,557,0.5509396636993076,445634.83406589716,5696601.815059919,477.2308460217918,-0.23938404355430976,-0.32006023172289133,-0.17683830438005543,-149.64671027351903,-0.6750660590562884,2.1643802221420976,-1.7021647590893565,-0.3157416037442431,2.495997867927855,1.4969028,0.72685397,445635.0734499407,5696602.135120151,477.4076843261719,-147.94454551442968,-0.3593244553120328,-0.331617645785748,1253,frame_001253.png
4000,4000,4000,997,0.24925,573,0.5747241725175527,997,478,0.4794383149448345,445634.8827748045,5696601.688186283,477.2407870145438,-0.17098948766943067,-0.44779762998223305,-0.16219760459682675,-149.71706167037365,0.08195610823946559,2.9801329662424476,-1.8497766604317576,0.049795390048387844,3.4391111765478968,1.447187,0.71193755,478,0.4794383149448345,445634.8827748048,5696601.688186283,477.24078701453135,-0.17098948737839237,-0.44779762998223305,-0.16219760460927546,-149.71706167025536,0.08195610607833771,2.9801329654060016,-1.8497766603134664,0.049795387887286324,3.4391111757114743,1.447187,0.71193755,445635.05376429216,5696602.135983913,477.4029846191406,-147.8672850099419,0.032160718191063906,-0.4589782103054631,1254,frame_001254.png
4000,4000,4000,926,0.2315,629,0.6792656587473002,926,558,0.6025917926565875,445634.90658724034,5696601.770698719,477.22386492602806,-0.1398723783204332,-0.3638419872149825,-0.18214093334694326,-149.63016480508918,-0.7115486800862995,2.2070528774849922,-1.75749954845287,-0.5459728097188759,2.1399487452507344,1.5246209,0.7349136,558,0.6025917926565875,445634.9065872405,5696601.770698719,477.22386492601953,-0.13987237814581022,-0.3638419872149825,-0.18214093335546977,-149.63016480516674,-0.711548680126244,2.2070528790274304,-1.7574995485304328,-0.5459728097588084,2.1399487467931806,1.5246209,0.7349136,445635.04645961866,5696602.134540706,477.406005859375,-147.8726652566363,-0.1655758703674262,0.06710413223424878,1255,frame_001255.png
4000,4000,4000,909,0.22725,569,0.6259625962596259,909,555,0.6105610561056105,445634.8639337565,5696601.816090976,477.22631226563885,-0.17837585654342547,-0.3203397337347269,-0.1628784081892718,-149.48741047404965,-1.330689776767986,1.7893390523400161,-1.7970979557997282,-0.5667968480064189,1.649599375791155,1.4842279,0.7399928,555,0.6105610561056105,445634.86393375654,5696601.816090976,477.226312265635,-0.1783758564852178,-0.3203397337347269,-0.16287840819313715,-149.48741047405184,-1.3306897770098804,1.7893390525659623,-1.7970979558019167,-0.5667968482483161,1.6495993760171075,1.4842279,0.7399928,445635.042309613,5696602.13643071,477.3891906738281,-147.69031251824993,-0.7638929287615766,0.13973967654886493,1256,frame_001256.png
4000,4000,4000,1014,0.2535,705,0.6952662721893491,1014,507,0.5,445634.83325455827,5696601.722019195,477.24028186340036,-0.20377569639822468,-0.41593861673027277,-0.15037365417776982,-149.48656598810868,0.25888926134653567,3.5163899925858915,-1.8369217001894071,-0.20821597110256107,4.677519054859658,1.4103667,0.7059514,507,0.5,445634.8332545582,5696601.722019195,477.2402818634023,-0.20377569645643234,-0.41593861673027277,-0.15037365417583715,-149.48656598810263,0.2588892614410264,3.5163899924046262,-1.8369217001833533,-0.2082159710080589,4.677519054678385,1.4103667,0.7059514,445635.03703025467,5696602.137957811,477.3906555175781,-147.64964428791927,0.46710523244909713,-1.1611290622737551,1257,frame_001257.png
4000,4000,4000,868,0.217,612,0.7050691244239631,868,449,0.5172811059907834,445634.8786713378,5696601.74861285,477.22563741668404,-0.15769699501106516,-0.40171239525079727,-0.18512918487846264,-149.53844495000146,-0.1961572807379506,3.803263724589419,-1.878823423596657,-0.47083191613685926,5.2453596760107075,1.3706169,0.73118484,449,0.5172811059907834,445634.8786713378,5696601.74861285,477.22563741668495,-0.15769699501106516,-0.40171239525079727,-0.18512918487755314,-149.53844495001513,-0.19615728062270077,3.8032637247865617,-1.8788234236103278,-0.47083191602160923,5.245359676207869,1.3706169,0.73118484,445635.0363683328,5696602.150325245,477.4107666015625,-147.6596215264048,0.2746746353988958,-1.442095951421295,1258,frame_001258.png
4000,4000,4000,973,0.24325,643,0.6608427543679343,973,528,0.5426515930113053,445634.9079677938,5696601.796384565,477.2134754223092,-0.13461609574733302,-0.3528253734111786,-0.1883190112845341,-149.3802979350924,-0.18288036559378412,2.4506293621510844,-1.8318083325217742,-0.672521723814441,2.7248872974459744,1.4636201,0.70936185,528,0.5426515930113053,445634.90796779376,5696601.796384565,477.2134754222973,-0.13461609580554068,-0.3528253734111786,-0.18831901129647122,-149.38029793495429,-0.18288036605409813,2.450629360422369,-1.8318083323836731,-0.672521724274759,2.7248872957172523,1.4636201,0.70936185,445635.04258388956,5696602.149209938,477.40179443359375,-147.5484896025706,0.4896413582206531,-0.2742579352948845,1259,frame_001259.png
4000,4000,4000,1074,0.2685,747,0.6955307262569832,1074,559,0.5204841713221602,445634.93870858836,5696601.804369566,477.2230616502365,-0.11093528778292239,-0.3437343342229724,-0.17983141616980447,-149.55000023193102,-0.04490627682143432,2.030181597386031,-1.8055905387589632,-0.7002798927959475,1.8546598607030376,1.4603891,0.71839803,559,0.5204841713221602,445634.93870858836,5696601.804369566,477.22306165023605,-0.11093528778292239,-0.3437343342229724,-0.17983141617025922,-149.55000023194023,-0.04490627678070162,2.030181597572479,-1.8055905387681719,-0.7002798927552192,1.854659860889484,1.4603891,0.71839803,445635.04964387615,5696602.1481039,477.4028930664063,-147.74440969317206,0.6553736159745097,0.17552173668299653,1260,frame_001260.png
4000,4000,4000,972,0.243,554,0.5699588477366255,972,537,0.5524691358024691,445634.88041680213,5696601.716278907,477.2194385841498,-0.19318201503483579,-0.44020205177366734,-0.17677113264704758,-150.00135344814706,0.41586835355123775,3.0871986297281024,-1.896472056071616,-0.17511035244194773,3.7116755035861786,1.5019056,0.7317963,537,0.5524691358024691,445634.8804168025,5696601.716278908,477.2194385841345,-0.19318201468558982,-0.44020205084234476,-0.1767711326623953,-150.00135344802047,0.4158683511303234,3.087198629078034,-1.8964720559450257,-0.1751103548628521,3.711675502936089,1.5019056,0.7317963,445635.07359881717,5696602.156480959,477.3962097167969,-148.10488139207544,0.5909787059931894,-0.6244768738580686,1261,frame_001261.png
4000,4000,4000,948,0.237,607,0.640295358649789,948,487,0.5137130801687764,445634.8053865283,5696601.749479907,477.21056019829547,-0.273207938647829,-0.4157482348382473,-0.17750132514203187,-149.74430405153024,0.8259574436181862,1.8964722303939552,-1.7646696670402093,0.1799970126576511,1.6361855121643032,1.46409,0.707364,487,0.5137130801687764,445634.805386528,5696601.749479906,477.21056019832224,-0.2732079389388673,-0.4157482357695699,-0.17750132511525862,-149.74430405184856,0.8259574474934424,1.8964722338347484,-1.7646696673585325,0.17999701653289435,1.6361855156050922,1.46409,0.707364,445635.07859446696,5696602.1652281415,477.3880615234375,-147.97963438449003,0.6459604309605435,0.260286718229665,1262,frame_001262.png
4000,4000,4000,979,0.24475,535,0.5464759959141982,979,542,0.5536261491317671,445634.87327344227,5696601.8030216405,477.2188523218794,-0.20187967573292553,-0.37178751453757286,-0.16106100819871472,-149.3564014748698,0.3487550138113504,2.266585492047497,-1.8232014801856167,-0.36476916726579134,2.373258785636125,1.4559655,0.72187024,542,0.5536261491317671,445634.8732734425,5696601.803021641,477.2188523218515,-0.2018796755000949,-0.3717875136062503,-0.16106100822662484,-149.35640147457048,0.3487550105328263,2.26658548849945,-1.8232014798862792,-0.3647691705443208,2.3732587820880724,1.4559655,0.72187024,445635.075153118,5696602.174809155,477.3799133300781,-147.5331999946842,0.7135241810771336,-0.1066732935886328,1263,frame_001263.png
4000,4000,4000,972,0.243,610,0.6275720164609053,972,532,0.5473251028806584,445634.88563067187,5696601.828254548,477.20496180934924,-0.18055854842532426,-0.3599829897284508,-0.18035313205706416,-149.35164977513497,-0.3496024270394809,3.470111278361593,-1.8352900938726577,-0.5316771096184993,4.772875100320022,1.4493599,0.70855474,532,0.5473251028806584,445634.8856306722,5696601.82825455,477.20496180926034,-0.1805585480760783,-0.3599829878658056,-0.18035313214596727,-149.35164977471587,-0.3496024315365496,3.47011127432417,-1.8352900934535512,-0.5316771141155812,4.772875096282604,1.4493599,0.70855474,445635.0661892203,5696602.188237538,477.3853149414063,-147.51635968126232,0.18207468257902804,-1.3027638219584354,1264,frame_001264.png
4000,4000,4000,994,0.2485,589,0.5925553319919518,994,482,0.48490945674044267,445634.88099378167,5696601.8374878075,477.2205712556141,-0.1725116323796101,-0.37346211448311806,-0.17212893969838206,-149.64222654311303,0.03454680450190937,3.9942726772577317,-1.7872589160699022,-0.4783263903467798,5.669166430337128,1.4510356,0.70331484,482,0.48490945674044267,445634.88099378167,5696601.8374878075,477.2205712556144,-0.1725116323796101,-0.37346211448311806,-0.17212893969809784,-149.64222654312962,0.0345468045687334,3.994272677417635,-1.7872589160865004,-0.4783263902799604,5.669166430497029,1.4510356,0.70331484,445635.05350541405,5696602.210949922,477.3927001953125,-147.85496762704312,0.5128731948486922,-1.6748937530793917,1265,frame_001265.png
4000,4000,4000,943,0.23575,613,0.6500530222693531,943,502,0.5323435843054083,445634.81098625157,5696601.845309288,477.20251506180665,-0.24002767400816083,-0.3693454610183835,-0.19131428389647454,-149.79485337557517,0.4527670790589007,3.9197463310403475,-1.827433319234558,-0.21887413705161407,5.71656983039685,1.4506028,0.6922939,502,0.5323435843054083,445634.8109862515,5696601.845309288,477.2025150618126,-0.2400276740663685,-0.3693454610183835,-0.19131428389050598,-149.7948533756589,0.4527670803335349,3.9197463321822528,-1.8274333193182883,-0.21887413577695725,5.716569831538777,1.4506028,0.6922939,445635.0510139256,5696602.214654749,477.3938293457031,-147.96742005634061,0.6716412161105053,-1.7968234993565153,1266,frame_001266.png
4000,4000,4000,912,0.228,605,0.6633771929824561,912,476,0.5219298245614035,445634.9420299916,5696601.790559548,477.1858534774775,-0.11081637133611366,-0.42108085099607706,-0.20287943267874198,-149.6725048178014,-0.38178524998232216,3.8236060778066667,-1.7235598971216746,-0.9146678625031086,5.339211259239107,1.4600266,0.75648326,476,0.5219298245614035,445634.94202999014,5696601.790559548,477.1858534777352,-0.11081637279130518,-0.42108085099607706,-0.20287943242107076,-149.67250481805598,-0.38178524261201197,3.8236060750802476,-1.7235598973762478,-0.9146678551328193,5.339211256512698,1.4600266,0.75648326,445635.05284636293,5696602.211640399,477.38873291015625,-147.94894492067974,0.5328826125207988,-1.5156051814324454,1267,frame_001267.png
4000,4000,4000,971,0.24275,695,0.7157569515962925,971,567,0.583934088568486,445634.83719900553,5696601.766568822,477.21634539643486,-0.21924736752407625,-0.437342400662601,-0.1596922012213895,-149.5569797388729,-0.5378121826923435,2.792998962277694,-1.7888182678893259,-0.0919495491571638,3.2584076331145013,1.410325,0.72028625,567,0.583934088568486,445634.83719900594,5696601.766568822,477.21634539638774,-0.21924736711662263,-0.437342400662601,-0.1596922012685127,-149.55697973865634,-0.5378121859359924,2.792998961158121,-1.7888182676727524,-0.09194955240081981,3.2584076319949133,1.410325,0.72028625,445635.05644637306,5696602.2039112225,477.37603759765625,-147.76816147098359,-0.4458626335351699,-0.4654086708367959,1268,frame_001268.png
4000,4000,4000,863,0.21575,507,0.5874855156431055,863,440,0.5098493626882966,445634.904894223,5696601.80432888,477.18827106224813,-0.18287708872230724,-0.37641659658402205,-0.18111370337686594,-149.84717379955427,0.05790861231732093,1.8207252639805318,-1.721596694984072,-0.37276057340136504,1.4876770156519399,1.5231609,0.766286,440,0.5098493626882966,445634.90489422326,5696601.804328881,477.1882710622439,-0.18287708843126893,-0.37641659565269947,-0.18111370338107236,-149.84717379941972,0.057908609607541274,1.8207252627752855,-1.7215966948495236,-0.37276057611114766,1.4876770144466889,1.5231609,0.766286,445635.0877713117,5696602.180745477,477.369384765625,-148.1255771045702,0.4306691857186853,0.33304824832859015,1269,frame_001269.png
4000,4000,4000,944,0.236,539,0.5709745762711864,944,482,0.510593220338983,445634.9875469838,5696601.7588359,477.20922942732983,-0.12041656620567665,-0.41620334703475237,-0.15820221329516926,-149.78773550847967,0.82126324891831,2.1235976521635753,-1.7923348555968062,-0.5003251590952402,1.920797351333988,1.406618,0.6778564,482,0.510593220338983,445634.9875469838,5696601.7588359,477.20922942733006,-0.12041656620567665,-0.41620334703475237,-0.15820221329494188,-149.7877355084755,0.8212632489141835,2.1235976521196864,-1.7923348555926282,-0.5003251590993614,1.9207973512901049,1.406618,0.6778564,445635.10796355,5696602.175039247,477.367431640625,-147.99540065288286,1.321588408013558,0.2028003008295881,1270,frame_001270.png
4000,4000,4000,897,0.22425,524,0.5841694537346711,897,446,0.4972129319955407,445634.9290350907,5696601.77360001,477.20850438040395,-0.188699985970743,-0.3982683978974819,-0.16442042428354853,-149.68686896080408,0.7440534138868667,2.9661309161979474,-1.7736050033264519,-0.2749698194312771,3.645115872288983,1.431832,0.71162224,446,0.4972129319955407,445634.92903509067,5696601.77360001,477.20850438040577,-0.18869998602895066,-0.3982683978974819,-0.16442042428172954,-149.6868689607874,0.7440534140023687,2.966130915951462,-1.7736050033097683,-0.27496981931577125,3.6451158720424814,1.431832,0.71162224,445635.1177350767,5696602.171868408,477.3729248046875,-147.91326395747762,1.0190232333181328,-0.6789849560910242,1271,frame_001271.png
4000,4000,4000,911,0.22775,615,0.6750823271130626,911,471,0.5170142700329309,445634.91749195545,5696601.766031599,477.20703044293765,-0.2060701356967911,-0.40850767865777016,-0.1686714613592244,-149.83453698488918,0.9381895192243541,2.3214570033282307,-1.7302543124266947,-0.14404628887587023,2.379250335160492,1.4468552,0.70896196,471,0.5170142700329309,445634.9174919555,5696601.766031599,477.207030442936,-0.20607013563858345,-0.40850767865777016,-0.16867146136087285,-149.8345369848861,0.9381895191304972,2.3214570033214468,-1.7302543124236252,-0.14404628896971872,2.3792503351536993,1.4468552,0.70896196,445635.12356209115,5696602.174539277,477.3757019042969,-148.1042826724625,1.0822358081002226,-0.05779333183226091,1272,frame_001272.png
4000,4000,4000,903,0.22575,644,0.7131782945736435,903,466,0.5160575858250277,445635.0266068289,5696601.748298283,477.1784532087777,-0.0948992075282149,-0.42594045866280794,-0.18971085372231755,-149.8095827686236,-0.8787759673059484,2.788810161491135,-1.8862129888612174,-0.39415371382253284,3.168947346277548,1.5355505,0.7333682,466,0.5160575858250277,445635.02660682856,5696601.748298282,477.17845320879746,-0.09489920787746087,-0.4259404595941305,-0.18971085370253604,-149.80958276924346,-0.8787759627861308,2.788810165470416,-1.8862129894810664,-0.39415370930271365,3.168947350256815,1.5355505,0.7333682,445635.12150603643,5696602.174238741,477.3681640625,-147.9233697797624,-0.4846222534834178,-0.38013718478641273,1273,frame_001273.png
4000,4000,4000,995,0.24875,616,0.6190954773869347,995,530,0.5326633165829145,445634.92890794453,5696601.818961765,477.2092972332224,-0.17986066092271358,-0.3630724120885134,-0.1588973468557242,-149.24460559549695,-0.5197770687086566,3.7500557158428314,-1.7812153322262816,-0.5681279012042637,5.261946912870258,1.5044099,0.7450746,530,0.5326633165829145,445634.9289079445,5696601.818961765,477.2092972332226,-0.17986066098092124,-0.3630724120885134,-0.15889734685549683,-149.24460559549246,-0.5197770687168974,3.7500557157890757,-1.781215332221791,-0.568127901212506,5.261946912816484,1.5044099,0.7450746,445635.10876860545,5696602.182034177,477.3681945800781,-147.46339026327067,0.04835083249561795,-1.5118911970274151,1274,frame_001274.png
4000,4000,4000,987,0.24675,600,0.60790273556231,987,474,0.48024316109422494,445634.8938442559,5696601.783230162,477.21618971505563,-0.2090297083486803,-0.4074270483106375,-0.16186204275686578,-149.14140749042278,1.066651269239685,3.466587667018639,-1.7959544168013792,-0.17825578303003908,4.616235030037956,1.4309288,0.7322068,474,0.48024316109422494,445634.89384425594,5696601.783230162,477.2161897150727,-0.20902970829047263,-0.4074270483106375,-0.16186204273981275,-149.14140749070359,1.0666512706816011,3.466587670069337,-1.7959544170821857,-0.1782557815881205,4.616235033088657,1.4309288,0.7322068,445635.10287396424,5696602.190657211,477.3780517578125,-147.3454530736214,1.2449070522697336,-1.1496473630193296,1275,frame_001275.png
4000,4000,4000,909,0.22725,545,0.5995599559955995,909,515,0.5665566556655666,445634.9991479326,5696601.8455970595,477.19830672478383,-0.15003659151261672,-0.3592824060469866,-0.1827662732630415,-150.05529364262927,2.1916914869407784,1.6597486091335436,-1.770776817781524,-0.4711726080867322,0.990669918346498,1.4173453,0.7054681,515,0.5665566556655666,445634.99914793257,5696601.845597058,477.19830672479816,-0.15003659157082438,-0.35928240790963173,-0.18276627324871697,-150.05529364320756,2.191691490395215,1.659748614325115,-1.7707768183598205,-0.4711726046323008,0.9906699235380643,1.4173453,0.7054681,445635.14918452414,5696602.2048794655,477.3810729980469,-148.28451682484774,2.6628640950275035,0.6690786907870458,1276,frame_001276.png
4000,4000,4000,975,0.24375,575,0.5897435897435898,975,459,0.4707692307692308,445635.06966923806,5696602.0258252835,477.1659263139363,-0.10181339894188568,-0.18534078635275364,-0.21761860793867527,-150.1468503729432,1.8005091600943377,0.9621484175141873,-1.7155514897066269,-1.1055409456700716,0.3289109295913022,1.5343164,0.73731554,459,0.4707692307692308,445635.0696692388,5696602.025825284,477.16592631387545,-0.10181339818518609,-0.18534078542143106,-0.21761860799955457,-150.14685037280455,1.8005091551363825,0.9621484170405316,-1.7155514895679858,-1.1055409506280398,0.328910929117626,1.5343164,0.73731554,445635.171482637,5696602.21116607,477.383544921875,-148.43129888323656,2.906050105764416,0.633237487922898,1277,frame_001277.png
4000,4000,4000,874,0.2185,562,0.6430205949656751,874,397,0.45423340961098396,445635.1034231202,5696601.891305496,477.20569333454023,-0.09307137242285535,-0.3429595045745373,-0.19365969280352147,-150.18531481986946,0.42814128945035074,4.350830022466968,-1.628154205083348,-0.4517129963885793,6.264899510180442,1.4228623,0.72458476,397,0.45423340961098396,445635.1034231191,5696601.891305497,477.20569333470786,-0.0930713735288009,-0.3429595036432147,-0.19365969263589022,-150.18531481976555,0.4281412938146012,4.350830018453269,-1.6281542049794382,-0.45171299202431214,6.264899506166756,1.4228623,0.72458476,445635.19649449264,5696602.234265001,477.39935302734375,-148.5571606147861,0.8798542858389217,-1.9140694877134872,1278,frame_001278.png
4000,4000,4000,859,0.21475,507,0.590221187427241,859,409,0.47613504074505236,445635.1402152407,5696601.936002013,477.2030717992121,-0.0847546742297709,-0.3153901193290949,-0.18398264414724963,-152.55401178346926,3.0852479411772125,1.258640182760718,-1.5889543814065519,-1.1324432231861579,0.3329046639475166,1.4636143,0.6783405,409,0.47613504074505236,445635.14021524106,5696601.936002013,477.20307179919666,-0.08475467388052493,-0.3153901193290949,-0.18398264416271104,-152.5540117833566,3.0852479389526595,1.258640182133593,-1.5889543812938882,-1.1324432254106966,0.3329046633203916,1.4636143,0.6783405,445635.22496991494,5696602.251392133,477.3870544433594,-150.9650574020627,4.217691164363368,0.9257355188131915,1279,frame_001279.png
4000,4000,4000,911,0.22775,603,0.6619099890230515,911,465,0.5104281009879253,445634.9457748891,5696601.913773154,477.22372626326154,-0.2617794133257121,-0.3314101807773113,-0.18868828751976707,-153.5749460624409,1.46792107235568,2.972470306924863,-1.7820804729961424,-0.38473456672082307,3.8909828124089074,1.4671515,0.7445782,465,0.5104281009879253,445634.9457748892,5696601.913773154,477.22372626325836,-0.26177941320929676,-0.3314101807773113,-0.1886882875229503,-153.57494606245044,1.467921071908579,2.97247030710029,-1.782080473005692,-0.384734567167925,3.890982812584326,1.4671515,0.7445782,445635.2075543024,5696602.245183335,477.4124145507813,-151.79286558944474,1.8526556390764917,-0.9185125054840474,1280,frame_001280.png
4000,4000,4000,987,0.24675,706,0.7152988855116514,987,580,0.5876393110435664,445634.8036409528,5696601.864844108,477.25149624050886,-0.27119830704759806,-0.33446922060102224,-0.15185458956926823,-154.9877985217222,-2.501066430091273,3.5423336775631227,-1.861382749536176,-0.33069834827531963,4.9914285257607105,1.5007538,0.7273989,580,0.5876393110435664,445634.8036409526,5696601.864844109,477.2514962404755,-0.27119830722222105,-0.33446921966969967,-0.15185458960263531,-154.98779852168548,-2.5010664305033163,3.5423336746476215,-1.8613827494994553,-0.33069834868734915,4.9914285228452115,1.5007538,0.7273989,445635.07483925985,5696602.199313329,477.4033508300781,-153.12641577218602,-2.1703680818159556,-1.4490948481975865,1281,frame_001281.png
4000,4000,4000,1032,0.258,659,0.6385658914728682,1032,632,0.6124031007751938,445634.82099801913,5696601.797411555,477.2564368371822,-0.261941370961722,-0.35179074481129646,-0.159090506567793,-157.93064668957666,-1.6255963813528773,2.487458094763586,-7.047688460429782,3.5761747599664773,3.475449632484981,1.5451331,0.7265131,632,0.6124031007751938,445634.82099801913,5696601.797411555,477.2564368371822,-0.261941370961722,-0.35179074481129646,-0.159090506567793,-157.93064668957797,-1.6255963813534717,2.4874580947895897,-7.04768846043109,3.5761747599658804,3.475449632510987,1.5451331,0.7265131,445635.0829393901,5696602.1492023,477.41552734375,-150.88295822914688,-5.201771141319355,-0.9879915377213951,1282,frame_001282.png
4000,4000,4000,871,0.21775,636,0.730195177956372,871,579,0.6647531572904707,445634.8090124083,5696601.725355002,477.2593530321502,-0.1821986529394053,-0.42960717622190714,-0.12333739753728423,-138.3828125699025,-6.581033302571101,5.850741024357616,-1.7599599214217392,-0.5746127722252652,9.45785660148681,1.411791,0.6899816,579,0.6647531572904707,445634.80901240837,5696601.725355002,477.25935303213976,-0.18219865288119763,-0.42960717622190714,-0.12333739754774342,-138.3828125698857,-6.58103330286121,5.850741024585361,-1.7599599214049135,-0.574612772515394,9.457856601714553,1.411791,0.6899816,445634.99121106125,5696602.154962178,477.3826904296875,-136.62285264848077,-6.006420530345824,-3.6071155771291936,1283,frame_001283.png
4000,4000,4000,1044,0.261,710,0.6800766283524904,1044,573,0.5488505747126436,445634.94229983503,5696601.60949968,477.2638902942102,0.03966216742992401,-0.5496731083840132,-0.1488599499303973,-115.6685988905256,-0.5974315843754626,8.532786790619797,-2.695372276122015,-0.4920626408967621,14.301986519925777,1.4009463,0.6980531,573,0.5488505747126436,445634.942299835,5696601.609499678,477.26389029433653,0.03966216737171635,-0.5496731102466583,-0.14885994980409123,-115.66859889130767,-0.597431573838075,8.532786795331484,-2.695372276904095,-0.4920626303593849,14.30198652463747,1.4009463,0.6980532,445634.9026376676,5696602.159172788,477.4127502441406,-112.97322661440359,-0.10536894347869298,-5.769199729305995,1284,frame_001284.png
4000,4000,4000,1256,0.314,841,0.6695859872611465,1256,755,0.6011146496815286,445635.03932056174,5696601.7044893615,477.24818989491433,0.18545510724652559,-0.4050550851970911,-0.18937114024191715,-93.09204213071135,1.663137871717693,6.868263751797456,-2.5115621522075458,-0.6905387825605089,11.209973462080768,1.3481557,0.7216228,755,0.6011146496815286,445635.0393205616,5696601.704489361,477.2481898949835,0.18545510713011026,-0.4050550861284137,-0.1893711401727387,-93.09204213122644,1.6631378776246644,6.868263751692196,-2.511562152722661,-0.6905387766535398,11.209973461975494,1.3481557,0.7216228,445634.8538654545,5696602.109544447,477.43756103515625,-90.58047997850379,2.353676654278202,-4.341709710283307,1285,frame_001285.png
4000,4000,4000,895,0.22375,624,0.6972067039106146,895,494,0.5519553072625698,445635.5900042345,5696601.452867325,477.23106055780397,0.5232756162877195,-0.2593069216236472,-0.19292015508665372,-47.68503347701786,4.270845330119022,2.372892413080209,-2.320696669246331,0.16334577293565644,2.623294231736736,1.5308778,0.75158966,494,0.5519553072625698,445635.59000423446,5696601.452867325,477.2310605578227,0.5232756162295118,-0.2593069216236472,-0.19292015506795224,-47.685033476951254,4.270845328995115,2.372892413704319,-2.320696669179739,0.16334577181174836,2.6232942323608484,1.5308778,0.75158966,445635.0667286182,5696601.712174247,477.4239807128906,-45.36433680777152,4.1074995571833695,-0.25040181865652356,1286,frame_001286.png
4000,4000,4000,1076,0.269,681,0.6328996282527881,1076,601,0.5585501858736059,445635.9219895299,5696601.410665855,477.2359081755413,0.6530970996245742,-0.14255089964717627,-0.18102297680246693,-33.56576844637323,4.834310952908252,1.335889220334419,-1.7991955563429372,0.3545533141095518,0.5647519430132206,1.4737113,0.723292,601,0.5585501858736059,445635.9219895299,5696601.410665855,477.23590817553884,0.6530970996245742,-0.14255089964717627,-0.1810229768049112,-33.565768446378335,4.834310953007451,1.3358892203200172,-1.799195556348053,0.3545533142087436,0.5647519429988108,1.4737113,0.723292,445635.2688924303,5696601.553216754,477.41693115234375,-31.766572890030286,4.479757638798707,0.7711372773212035,1287,frame_001287.png
4000,4000,4000,968,0.242,546,0.5640495867768595,968,552,0.5702479338842975,445636.2188206171,5696601.435490042,477.2319890787911,0.7196883019059896,-0.01803414896130562,-0.1727960774588837,-29.37311797804416,3.925387467218838,-0.46794122585867476,-1.5103264636511824,-0.0034835173059377667,-3.27686349978768,1.4087294,0.6827473,552,0.5702479338842975,445636.2188206172,5696601.435490042,477.2319890787951,0.7196883019641973,-0.01803414896130562,-0.17279607745490466,-29.37311797805486,3.9253874687361137,-0.4679412278588795,-1.5103264636618974,-0.0034835157886732304,-3.2768635017878864,1.4087294,0.6827473,445635.4991323152,5696601.453524191,477.40478515625,-27.86279151439297,3.9288709845247745,2.808922273929004,1288,frame_001288.png
4000,4000,4000,813,0.20325,513,0.6309963099630996,813,449,0.5522755227552275,445636.8551744328,5696601.163403806,477.24397327040083,0.6042173479218036,-0.051180725917220116,-0.17622326280229572,-27.3793225436272,3.2055986333676323,-1.2022492340197948,-1.4066601344837864,-0.061703087284456615,-4.412483859946917,1.3786526,0.7156762,449,0.5522755227552275,445636.8551744328,5696601.163403805,477.2439732703953,0.6042173479218036,-0.05118072684854269,-0.17622326280780953,-27.379322543623495,3.2055986339573597,-1.2022492354241596,-1.4066601344800915,-0.061703086694706144,-4.412483861351291,1.3786526,0.7156762,445636.2509570849,5696601.214584532,477.4201965332031,-25.97266240914341,3.2673017206520796,3.210234625927122,1289,frame_001289.png
4000,4000,4000,829,0.20725,489,0.5898673100120627,829,417,0.503015681544029,445637.5387713279,5696600.930412122,477.2788072263719,0.7677968543721363,-0.08482109382748604,-0.16784804706560408,-27.630079982303712,1.9410294593934354,-2.2027019862668773,-1.6006395636683806,0.14716227438941587,-6.48012600792606,1.4073848,0.69362336,417,0.503015681544029,445637.5387713277,5696600.930412125,477.27880722640026,0.7677968541975133,-0.08482109103351831,-0.1678480470372392,-27.630079981796058,1.9410294525182539,-2.2027019749728938,-1.600639563160712,0.14716226751423278,-6.480125996632097,1.4073848,0.69362336,445636.7709744735,5696601.015233216,477.4466552734375,-26.02944041863534,1.7938671850040315,4.277424021659195,1290,frame_001290.png
4000,4000,4000,913,0.22825,555,0.6078860898138007,913,491,0.5377875136911281,445638.0607959567,5696600.713358719,477.2767887897942,0.5296744576189667,0.031348985619843006,-0.15485183520581813,-28.683908657230003,0.7047027588419058,-1.402617455053496,-1.5578583089227038,-0.49339484871094896,-5.013853629012914,1.4620082,0.72378474,491,0.5377875136911281,445638.0607959558,5696600.713358719,477.276788789732,0.5296744567458518,0.031348985619843006,-0.15485183526800483,-28.683908657049212,0.7047027542380214,-1.40261745574519,-1.5578583087419133,-0.49339485331483957,-5.013853629704613,1.4620082,0.72378474,445637.5311214991,5696600.682009733,477.431640625,-27.126050348307288,1.1980976075528664,3.611236173959426,1291,frame_001291.png
4000,4000,4000,883,0.22075,603,0.6828992072480181,883,480,0.5436013590033975,445638.45433479507,5696600.523309351,477.2677752163079,0.6851421797764488,-0.040042491629719734,-0.1498883579109247,-28.829051982311146,1.5141405789400535,-1.323888808557777,-1.6321152459282473,-0.10935623808268247,-4.9697287813106925,1.4587308,0.68962264,480,0.5436013590033975,445638.454334795,5696600.523309351,477.26777521631516,0.6851421797182411,-0.040042491629719734,-0.14988835790364874,-28.829051982327158,1.5141405791383395,-1.3238888094613102,-1.6321152459442487,-0.1093562378843842,-4.969728782214219,1.4587308,0.68962264,445637.7691926153,5696600.563351843,477.4176635742188,-27.196936736382895,1.6234968170227322,3.6458399727529085,1292,frame_001292.png
4000,4000,4000,912,0.228,580,0.6359649122807017,912,486,0.5328947368421053,445638.9548601664,5696600.266531864,477.25149256695727,0.7061636577127501,-0.05104710999876261,-0.15353672991773237,-28.72588747005516,0.6856608370349617,-2.1381242555563023,-1.6231203722645944,-0.5191784571442497,-6.596323893958555,1.4813153,0.7002509,486,0.5328947368421053,445638.95486016513,5696600.266531851,477.25149256770766,0.7061636564321816,-0.05104712303727865,-0.1535367291673424,-28.725887471410125,0.6856608645134067,-2.138124317829464,-1.6231203736195425,-0.5191784296658,-6.596323956231714,1.4813153,0.7002509,445638.2486965087,5696600.317578974,477.405029296875,-27.102767097790576,1.2048392941792179,4.458199638402244,1293,frame_001293.png
4000,4000,4000,1012,0.253,679,0.6709486166007905,1012,569,0.5622529644268774,445639.23966625525,5696600.11229897,477.2368882829249,0.5364267596742138,0.007097623310983181,-0.1527296369969804,-28.869169918555325,2.178355778242651,-1.543062790685948,-1.5918335769164287,-0.39398348877591616,-5.292585339920407,1.5416647,0.7029542,569,0.5622529644268774,445639.2396662551,5696600.11229897,477.23688828292586,0.5364267594995908,0.007097623310983181,-0.15272963699601405,-28.869169918534663,2.1783557773083704,-1.543062790624257,-1.591833576895766,-0.393983489710223,-5.292585339858704,1.5416647,0.7029542,445638.7032394956,5696600.105201347,477.3896179199219,-27.27733634163889,2.57233926701858,3.7495225492344595,1294,frame_001294.png
4000,4000,4000,942,0.2355,623,0.6613588110403397,942,589,0.6252653927813163,445639.8789330427,5696599.88660185,477.22386453243007,0.7504529568250291,0.0008810684084892273,-0.17237570194492946,-28.1667561959643,3.6388223553141663,-1.9699797231771778,-1.548667872114322,0.13293145046151267,-6.683149179606659,1.4114876,0.688571,589,0.6252653927813163,445639.87893304275,5696599.88660185,477.2238645324298,0.7504529568832368,0.0008810684084892273,-0.17237570194521368,-28.16675619596528,3.6388223553316457,-1.9699797231620373,-1.5486678721153169,0.13293145047899202,-6.683149179591538,1.4114876,0.688571,445639.12848008587,5696599.885720782,477.396240234375,-26.618088323849964,3.505890904852645,4.713169456429489,1295,frame_001295.png
4000,4000,4000,964,0.241,586,0.6078838174273858,964,575,0.5964730290456431,445640.4284413707,5696599.651128288,477.21103624310274,0.6087855179212056,0.07661272026598454,-0.15154310260038528,-28.01748406943021,1.8600525097901355,-3.76222966728593,-1.5394292781864465,0.016673052029943847,-10.131349576132209,1.5277959,0.7337991,575,0.5964730290456431,445640.42844136985,5696599.651128291,477.21103624308716,0.6087855170480907,0.07661272305995226,-0.15154310261596038,-28.01748406885161,1.860052499975233,-3.7622296582355585,-1.5394292776078373,0.016673042215046507,-10.131349567081827,1.5277959,0.7337991,445639.8196558528,5696599.574515568,477.3625793457031,-26.478054791243775,1.8433794577601925,6.369119908846269,1296,frame_001296.png
4000,4000,4000,1028,0.257,626,0.6089494163424124,1028,607,0.5904669260700389,445640.7552631481,5696599.453698438,477.2062432692397,0.7051400243071839,-0.021955985575914383,-0.15023256083844672,-28.398266928773516,2.520740054573154,-3.4212704152761577,-1.639977709325791,0.23006918799472942,-9.296252205437497,1.5171736,0.7329554,607,0.5904669260700389,445640.7552631481,5696599.453698438,477.20624326924417,0.7051400243071839,-0.021955985575914383,-0.15023256083395609,-28.398266928790772,2.5207400546693064,-3.421270415641291,-1.639977709343043,0.23006918809088006,-9.296252205802631,1.5171736,0.7329554,445640.0501231238,5696599.475654423,477.3564758300781,-26.758289219447725,2.2906708665784334,5.8749817901613355,1297,frame_001297.png
4000,4000,4000,1047,0.26175,660,0.6303724928366762,1047,580,0.55396370582617,445640.9969870459,5696599.315124863,477.22661511646555,0.730416756181512,-0.06372156459838152,-0.14655382884694745,-28.307713633183912,3.5744783588769167,-3.029479457758137,-1.6175360492290167,0.08615040156090004,-8.41426301244553,1.4576279,0.72988427,580,0.55396370582617,445640.99698704574,5696599.315124863,477.2266151164967,0.730416756006889,-0.06372156459838152,-0.14655382881579726,-28.30771363316014,3.574478357998263,-3.02947945815758,-1.6175360492052562,0.08615040068224289,-8.41426301284497,1.4576279,0.72988427,445640.26657028974,5696599.378846427,477.3731689453125,-26.690177583954895,3.4883279573160104,5.384783554687396,1298,frame_001298.png
4000,4000,4000,973,0.24325,679,0.697841726618705,973,594,0.6104830421377184,445641.48578089435,5696599.110021106,477.22588988011375,0.577077652211301,0.0059195104986429214,-0.15203980738624523,-28.68820392845058,2.49529541241487,-4.059413075529283,-1.5373330352706773,-0.0970100293345979,-10.47183514954483,1.4785539,0.71066356,594,0.6104830421377184,445641.48578089406,5696599.110021106,477.22588988015235,0.5770776519202627,0.0059195104986429214,-0.15203980734764855,-28.688203928431147,2.4952954102810323,-4.0594130744843975,-1.5373330352512653,-0.097010031468443,-10.471835148499935,1.4785539,0.71066356,445640.90870324214,5696599.1041015955,477.3779296875,-27.150870893179892,2.5923054417494686,6.412422074015546,1299,frame_001299.png
4000,4000,4000,1160,0.29,663,0.571551724137931,1160,740,0.6379310344827587,445642.0350775724,5696598.857089017,477.2087766438897,0.7336679571890272,-0.028001713566482067,-0.18224508462594713,-28.08428820590442,5.017394739061165,-2.3126119872951265,-1.5372523188499372,0.13766808086646165,-6.950350486685579,1.483989,0.7382514,740,0.6379310344827587,445642.03507757257,5696598.857089016,477.20877664385984,0.7336679573636502,-0.02800171449780464,-0.18224508465578992,-28.084288205918973,5.0173947398759315,-2.312611987210065,-1.537252318864489,0.1376680816812268,-6.950350486600513,1.483989,0.7382514,445641.3014096152,5696598.88509073,477.3910217285156,-26.54703588705447,4.879726658194691,4.63773849939044,1300,frame_001300.png
4000,4000,4000,1207,0.30175,736,0.6097763048881525,1207,717,0.5940347970173985,445642.2716927436,5696598.67119897,477.22347731377516,0.7686651077237912,-0.10333804972469807,-0.1588469049748369,-28.309245549558973,3.866778457891788,-3.6225169489301403,-1.5720594688217773,0.1318671976717667,-9.645520032345217,1.4592575,0.70853263,717,0.5940347970173985,445642.2716927436,5696598.67119897,477.2234773137755,0.7686651077237912,-0.10333804972469807,-0.15884690497449583,-28.30924554955841,3.866778457861051,-3.6225169489307687,-1.5720594688212088,0.13186719764104282,-9.645520032345843,1.4592575,0.70853263,445641.50302763586,5696598.774537019,477.38232421875,-26.737186080737196,3.734911260220022,6.023003083415073,1301,frame_001301.png
4000,4000,4000,1059,0.26475,687,0.6487252124645893,1059,689,0.6506137865911237,445642.52477865916,5696598.550118804,477.21912113258844,0.5929274975787848,-0.0036572329699993134,-0.15703853538036583,-28.26239922444752,2.815945047247248,-3.6518132758611634,-1.5427130021566882,0.08270883168978571,-9.657142878675245,1.4849445,0.71464413,689,0.6506137865911237,445642.5247786594,5696598.550118804,477.2191211325736,0.5929274978116155,-0.0036572329699993134,-0.15703853539520196,-28.26239922447763,2.815945048924781,-3.651813276683547,-1.5427130021867868,0.08270883336732027,-9.657142879497627,1.4849445,0.71464413,445641.9318511616,5696598.553776037,477.3761596679688,-26.719686222290832,2.733236215557458,6.005329602814091,1302,frame_001302.png
4000,4000,4000,1007,0.25175,680,0.6752730883813307,1007,630,0.6256206554121152,445643.07015699433,5696598.224563399,477.2355029576968,0.6833457607426681,-0.1074434807524085,-0.13717770636571913,-28.042449358015038,2.235330326468744,-4.23152450317976,-1.4030999635290584,-0.034610753837114316,-10.531426315103602,1.4729663,0.7062026,630,0.6256206554121152,445643.07015699707,5696598.224563407,477.23550295735026,0.6833457634784281,-0.10744347330182791,-0.1371777067122366,-28.042449357286216,2.235330323093144,-4.231524468043953,-1.4030999628002405,-0.0346107572127039,-10.531426279967803,1.4729663,0.7062026,445642.3868112336,5696598.33200688,477.3726806640625,-26.63934939448599,2.269941080305845,6.299901811923841,1303,frame_001303.png
4000,4000,4000,1073,0.26825,737,0.6868592730661697,1073,611,0.5694315004659832,445643.42805702373,5696598.075849901,477.2214571232255,0.8082677894853987,-0.14123102836310863,-0.15433633380581568,-28.452151484149876,1.4418289223250629,-3.4763778863265666,-1.4771817329366854,0.14821272397941243,-9.203780000303965,1.4775562,0.7402075,611,0.5694315004659832,445643.4280570225,5696598.075849901,477.22145712333185,0.8082677882630378,-0.14123102836310863,-0.15433633369946165,-28.452151484338646,1.4418289177078343,-3.4763778898948803,-1.4771817331254624,0.14821271936216363,-9.203780003872282,1.4775562,0.7402075,445642.61978923425,5696598.217080929,477.3757934570313,-26.974969751213195,1.2936161983456607,5.727402113977401,1304,frame_001304.png
4000,4000,4000,894,0.2235,586,0.6554809843400448,894,612,0.6845637583892618,445643.63948842295,5696597.900922584,477.2489596795661,0.564172592421528,-0.08896845765411854,-0.12134061340270819,-29.144709017486875,1.2953756672542247,-4.902433104527241,-1.8526783199813792,0.08892524763621168,-11.69458406531561,1.4946982,0.7220985,612,0.6845637583892618,445643.63948842295,5696597.900922584,477.24895967956604,0.564172592421528,-0.08896845765411854,-0.12134061340276503,-29.14470901748676,1.2953756672575494,-4.902433104523946,-1.8526783199812655,0.08892524763953702,-11.694584065312313,1.4946982,0.7220985,445643.07531583053,5696597.989891042,477.3703002929688,-27.2920306975055,1.2064504196180235,6.7921509607883745,1305,frame_001305.png
4000,4000,4000,988,0.247,693,0.701417004048583,988,599,0.6062753036437247,445644.17938135366,5696597.643823831,477.24980813561,0.6843486586585641,-0.09596957638859749,-0.13919943274936486,-27.896161130372484,2.853793536695926,-2.4591614046475683,-1.4805835696125484,-0.07344758386676631,-7.283980571685333,1.4427516,0.68431246,599,0.6062753036437247,445644.1793813533,5696597.643823831,477.2498081356552,0.6843486583093181,-0.09596957638859749,-0.13919943270417434,-27.896161130333386,2.8537935352145216,-2.459161405456109,-1.4805835695734402,-0.07344758534816265,-7.283980572493874,1.4427516,0.68431246,445643.495032695,5696597.739793408,477.3890075683594,-26.415577560759935,2.9272411205626887,4.824819167037767,1306,frame_001306.png
4000,4000,4000,839,0.20975,506,0.6030989272943981,839,505,0.601907032181168,445644.7482687807,5696597.385129691,477.24189400315885,0.633559879148379,0.02554512955248356,-0.17082572340365232,-28.52385115436626,2.6163892436523684,-1.7131821170982,-1.4532330271689489,0.0960548298973265,-6.101852626614374,1.4439942,0.71622914,505,0.601907032181168,445644.74826878076,5696597.385129691,477.2418940031505,0.6335598792065866,0.02554512955248356,-0.1708257234120083,-28.523851154343767,2.616389243845668,-1.7131821164790846,-1.4532330271464389,0.09605483009062254,-6.101852625995264,1.4439942,0.71622914,445644.11470890156,5696597.359584562,477.4127197265625,-27.07061812719732,2.5203344137550454,4.388670509516175,1307,frame_001307.png
4000,4000,4000,905,0.22625,610,0.6740331491712708,905,540,0.5966850828729282,445645.01268466725,5696597.249572535,477.237623507533,0.6948421084671281,0.012090008705854416,-0.18022317215451267,-28.73517338087714,3.685419820461086,-1.7299795837795546,-1.500560313565586,0.06221224871953268,-6.365146613948809,1.4768963,0.68890303,540,0.5966850828729282,445645.01268466725,5696597.249572535,477.2376235075256,0.6948421084671281,0.012090008705854416,-0.1802231721619023,-28.73517338086619,3.685419820544252,-1.7299795835846155,-1.5005603135546153,0.0622122488026946,-6.365146613753865,1.4768963,0.68890303,445644.3178425588,5696597.237482526,477.4178466796875,-27.234613067311567,3.623207571741567,4.635167030169248,1308,frame_001308.png
4000,4000,4000,769,0.19225,485,0.6306892067620286,769,474,0.6163849154746424,445645.32692555455,5696597.058856697,477.2320354281957,0.799596517230384,-0.044266095384955406,-0.18889352688245253,-28.806282381761033,2.270081664516424,-1.9109935418733164,-1.3925651784854267,-0.15804145587634366,-6.902073915746115,1.4427717,0.7468389,474,0.6163849154746424,445645.3269255547,5696597.058856697,477.23203542816543,0.799596517405007,-0.044266095384955406,-0.18889352691269323,-28.806282381813684,2.270081665855552,-1.9109935425114095,-1.3925651785380637,-0.15804145453719798,-6.902073916384211,1.4427717,0.7468389,445644.5273290373,5696597.103122792,477.4209289550781,-27.413717203275613,2.4281231203927582,4.991080373872787,1309,frame_001309.png
4000,4000,4000,843,0.21075,567,0.6725978647686833,843,450,0.5338078291814946,445645.44487998745,5696596.918701403,477.22986822673204,0.7018779249046929,-0.04870729334652424,-0.17000359943983767,-28.696165394046105,0.8018475039523812,-1.039560554312319,-1.403341707125037,-0.5331284012115134,-4.8049380400374275,1.5202193,0.7610549,450,0.5338078291814946,445645.4448799904,5696596.918701415,477.2298682261616,0.7018779278732836,-0.04870728123933077,-0.17000360001026138,-28.696165390249924,0.8018474894666283,-1.039560496790182,-1.4033417033288629,-0.5331284156972629,-4.804937982515298,1.5202193,0.7610549,445644.74300206255,5696596.967408696,477.3998718261719,-27.292823686921064,1.3349759051638872,3.7653774857251068,1310,frame_001310.png
4000,4000,4000,864,0.216,573,0.6631944444444444,864,496,0.5740740740740741,445646.07452080766,5696596.466356234,477.2327473811364,0.6615455897990614,-0.08760858420282602,-0.1543070622229834,-28.83170991133,0.5775928456397803,-1.9975312376265484,-1.347574899056383,0.005719839904287483,-6.3568704261433595,1.4916362,0.7166552,496,0.5740740740740741,445646.07452080766,5696596.466356234,477.2327473811351,0.6615455897990614,-0.08760858420282602,-0.1543070622242908,-28.83170991132407,0.57759284560569,-1.9975312375582812,-1.3475748990504428,0.005719839870181431,-6.356870426075091,1.4916362,0.7166552,445645.41297521786,5696596.553964818,477.3870544433594,-27.484135012273626,0.5718730057355063,4.359339188516815,1311,frame_001311.png
4000,4000,4000,815,0.20375,588,0.7214723926380369,815,456,0.5595092024539877,445646.27622490056,5696596.300279488,477.2396158281097,0.6246145715122111,-0.12737077102065086,-0.1394735273590868,-29.212920710719743,-0.04978108288144679,-3.0937985751052897,-1.3433656914007486,-0.3535980830246501,-8.218142369616288,1.4527186,0.6931346,456,0.5595092024539877,445646.27622489975,5696596.300279487,477.23961582815207,0.6246145706973039,-0.12737077195197344,-0.13947352731673845,-29.212920711122987,-0.04978108404537238,-3.0937985812962476,-1.3433656918039958,-0.35359808418857597,-8.218142375807247,1.4527186,0.6931346,445645.65161032905,5696596.427650259,477.3790893554688,-27.869555019318994,0.3038170001432101,5.124343794511007,1312,frame_001312.png
4000,4000,4000,842,0.2105,557,0.661520190023753,842,457,0.5427553444180523,445646.694100578,5696596.273130154,477.2285018311943,0.8101968885748647,-0.03255693055689335,-0.14726110825881733,-29.420797978015518,-0.08978664389203997,-1.6582228430319097,-1.37358337400903,-0.25640602740051577,-6.235925617174672,1.5312668,0.7503348,457,0.5427553444180523,445646.6941005778,5696596.273130154,477.22850183120676,0.8101968883420341,-0.03255693055689335,-0.14726110824636862,-29.420797978195168,-0.08978664393589028,-1.6582228453755539,-1.3735833741886836,-0.25640602744434204,-6.235925619518298,1.5312668,0.7503348,445645.88390368945,5696596.305687085,477.3757629394531,-28.047214604006495,0.16661938350846184,4.577702774142754,1313,frame_001313.png
4000,4000,4000,836,0.209,566,0.6770334928229665,836,469,0.5610047846889952,445646.8917851211,5696596.028814407,477.2323393252752,0.5610407142085023,-0.0291533125564456,-0.1357942196466979,-29.423567354851397,-0.16763927698861403,-1.9689019169875965,-1.303650761782734,-0.11699686594562309,-6.29807109157332,1.5269033,0.74945366,469,0.5610047846889952,445646.8917851199,5696596.028814406,477.23233932544304,0.5610407129861414,-0.029153313487768173,-0.1357942194788393,-29.4235673555188,-0.16763927893139632,-1.9689019252965834,-1.3036507624501326,-0.11699686788841746,-6.298071099882293,1.5269033,0.74945366,445646.3307444069,5696596.05796772,477.3681335449219,-28.11991659306866,-0.050642411042983636,4.329169174585718,1314,frame_001314.png
4000,4000,4000,878,0.2195,498,0.5671981776765376,878,498,0.5671981776765376,445647.67144647613,5696595.545305576,477.2393108316125,0.7050208516884595,-0.1257601985707879,-0.13211861174687556,-28.770744418846974,0.05857331669131762,-1.5046175277862204,-1.3151438607123112,-0.21913633874282823,-5.4061820524460416,1.3778064,0.71877843,498,0.5671981776765376,445647.67144647724,5696595.545305574,477.23931083161847,0.7050208527944051,-0.12576020043343306,-0.132118611740907,-28.77074441941985,0.05857332437871543,-1.5046175310577692,-1.3151438612851791,-0.21913633105540953,-5.406182055717579,1.3778064,0.71877843,445646.96642562444,5696595.671065775,477.3714294433594,-27.45560055813466,0.27770965543413395,3.901564524659811,1315,frame_001315.png
4000,4000,4000,830,0.2075,535,0.6445783132530121,830,484,0.5831325301204819,445647.8962603787,5696595.394141948,477.2390630302503,0.5216138327959925,-0.0264911325648427,-0.13105415724970726,-28.73116346414676,-0.18796070497350453,-1.1499748652362871,-1.4191429542555056,-0.4524866327821542,-4.620469315638417,1.4414479,0.7176748,484,0.5831325301204819,445647.89626038074,5696595.394141952,477.23906302993294,0.5216138348332606,-0.026491128839552402,-0.13105415756706407,-28.731163462837344,-0.18796070432094905,-1.1499748460582906,-1.419142952946089,-0.4524866321295917,-4.6204692964604135,1.4414479,0.7176748,445647.3746465459,5696595.42063308,477.3701171875,-27.312020509891248,0.26452592780865164,3.4704944504021293,1316,frame_001316.png
4000,4000,4000,814,0.2035,507,0.6228501228501229,814,426,0.5233415233415234,445648.44842570304,5696595.157941704,477.19036111189416,0.653159121866338,-0.028498449362814426,-0.1746291224808374,-28.44410443085003,0.06830679860800866,-1.5092728840464296,-1.3425180550749474,-0.4092514167087984,-5.5268068809591,1.4768065,0.7671823,426,0.5233415233415234,445648.4484256756,5696595.157941878,477.19036108952207,0.6531590944505297,-0.028498275205492973,-0.17462914485292913,-28.44410436929592,0.06830630041277838,-1.5092722139926895,-1.3425179935208575,-0.4092519149040186,-5.526806210905363,1.4768068,0.7671826,445647.7952665812,5696595.186440153,477.364990234375,-27.101586375775078,0.4775582153167957,4.017533996912676,1317,frame_001317.png
4000,4000,4000,896,0.224,510,0.5691964285714286,896,490,0.546875,445648.75260310667,5696595.012148409,477.20796234416616,0.7388926981948316,-0.06362474802881479,-0.14872710895883756,-28.64685467544121,-0.63979281636339,-1.2370059464281353,-1.3363372798463615,-0.3242056087613605,-5.129584684447934,1.4970583,0.7000736,490,0.546875,445648.7526031072,5696595.012148416,477.2079623433967,0.7388926987187006,-0.06362474150955677,-0.14872710972832692,-28.646854672856783,-0.6397928294910613,-1.237005916471285,-1.3363372772619186,-0.32420562188903546,-5.129584654491083,1.4970582,0.7000736,445648.0137104085,5696595.075773157,477.356689453125,-27.310517395594864,-0.3155872076020356,3.8925787380198007,1318,frame_001318.png
4000,4000,4000,748,0.187,482,0.6443850267379679,748,438,0.5855614973262032,445649.015253468,5696594.984330206,477.197451058921,0.5766587242833339,0.130284633487463,-0.1407142242821351,-29.00913153732632,-0.60790788734922,-0.9450696403236006,-1.3438216522170308,-0.6905333794019839,-5.014269172249868,1.4799765,0.7247445,438,0.5855614973262032,445649.0152534681,5696594.984330205,477.19745105906856,0.5766587243997492,0.13028463255614042,-0.14071422413456958,-29.009131537553042,-0.607907885063622,-0.9450696431938133,-1.3438216524437507,-0.6905333771163953,-5.014269175120091,1.4799765,0.7247445,445648.4385947437,5696594.854045573,477.3381652832031,-27.66530988510928,0.08262549205276744,4.069199531926274,1319,frame_001319.png
4000,4000,4000,915,0.22875,567,0.6196721311475409,915,439,0.47978142076502733,445649.59582657914,5696594.69177082,477.20487542093474,0.741475272749085,0.053674004040658474,-0.14021735250275924,-28.469974187671475,0.7379037727829444,-0.7061901919637039,-1.339296381606772,-0.19277720060784986,-4.504396952724761,1.4667802,0.7838911,439,0.47978142076502733,445649.5958261361,5696594.69177125,477.20487534793176,0.7414748297305778,0.053674434311687946,-0.1402174255057389,-28.469973950065516,0.7379010104514011,-0.7061893654672262,-1.3392961440008264,-0.19277996293939736,-4.5043961262283005,1.4667796,0.78389186,445648.8543513064,5696594.638096816,477.3450927734375,-27.1306778060647,0.930680973390806,3.7982067607610674,1320,frame_001320.png
4000,4000,4000,850,0.2125,567,0.6670588235294118,850,388,0.45647058823529413,445649.91308135295,5696594.540101486,477.22590239041034,0.8578368477756158,0.013095596805214882,-0.1338998556834099,-28.42874556770888,0.8380572761263828,-1.3751200643036088,-1.3669633982594576,0.35808504222524107,-5.761893192219219,1.4382848,0.71675074,388,0.45647058823529413,445649.9130813522,5696594.540101486,477.2259023903444,0.8578368470189162,0.013095596805214882,-0.13389985574934826,-28.42874556739937,0.8380572728023593,-1.375120065063508,-1.3669633979499736,0.35808503890120846,-5.761893192979102,1.4382848,0.71675074,445649.0552445052,5696594.527005889,477.35980224609375,-27.061782169449412,0.4799722339011549,4.386773127915601,1321,frame_001321.png
4000,4000,4000,1033,0.25825,589,0.5701839303000968,1033,519,0.5024201355275896,445650.04695049033,5696594.358479148,477.2357671976466,0.5963292746455409,0.04388227593153715,-0.12476747032218327,-28.57503967381413,0.40173175381243564,-1.1328928693543843,-1.3436263996084108,-0.20755913392696357,-4.931933298485291,1.4627596,0.72336996,519,0.5024201355275896,445650.04695049033,5696594.358479148,477.23576719758864,0.5963292746455409,0.04388227593153715,-0.12476747038016356,-28.575039673715175,0.40173175286153073,-1.1328928676464083,-1.3436263995094464,-0.2075591348778687,-4.931933296777316,1.4627596,0.72336996,445649.4506212157,5696594.314596872,477.3605346679688,-27.231413274205718,0.6092908877394012,3.7990404291308946,1322,frame_001322.png
4000,4000,4000,882,0.2205,574,0.6507936507936508,882,445,0.5045351473922902,445650.4367279684,5696594.0642012805,477.21539828732995,0.7920038982410915,-0.1366990227252245,-0.15499355837317808,-28.680884593751347,2.444000037844352,-0.8873243999026864,-1.4348144122042754,0.8191634916109933,-4.169591036652889,1.4211559,0.73736256,445,0.5045351473922902,445650.43672796706,5696594.064201281,477.2153982873922,0.7920038969023153,-0.13669902179390192,-0.15499355831093453,-28.68088459329849,2.4440000310278767,-0.8873244004601206,-1.434814411751404,0.8191634847945011,-4.169591037210324,1.4211559,0.73736256,445649.64472407015,5696594.200900303,477.3703918457031,-27.24607018154708,1.6248365462333656,3.282266636750206,1323,frame_001323.png
4000,4000,4000,1154,0.2885,751,0.6507798960138648,1154,563,0.4878682842287695,445651.028679749,5696593.6921420265,477.2144404668732,0.548836158006452,-0.0434907590970397,-0.1312016229705364,-28.799435038586225,-0.22143899429646638,-1.1963222471567874,-1.2611732926170873,-0.20823156908534202,-4.580834231169547,1.4043101,0.7045826,563,0.4878682842287695,445651.0286798056,5696593.692142917,477.2144403711518,0.5488362145842984,-0.04348986875265837,-0.13120171869195474,-28.799434732349454,-0.22144073518462737,-1.1963184572058552,-1.2611729863803305,-0.20823330997350809,-4.580830441218637,1.4043102,0.70458186,445650.479843591,5696593.735632786,477.34564208984375,-27.53826174596913,-0.013207425211122796,3.384511984012769,1324,frame_001324.png
4000,4000,4000,996,0.249,537,0.5391566265060241,996,458,0.4598393574297189,445651.3810312515,5696593.605003117,477.21406465820337,0.6805431265383959,-0.007001088932156563,-0.11525052734350538,-28.1484471453177,-0.1561802686718273,-0.5658826355084268,-1.4388528032330328,0.024023056823153865,-3.866455149105974,1.4099993,0.72184205,458,0.4598393574297189,445651.38103124686,5696593.605003119,477.21406465821195,0.680543121881783,-0.007001086138188839,-0.11525052733492203,-28.148447144060206,-0.1561802924026793,-0.5658826364815075,-1.4388528019755427,0.024023033092305468,-3.866455150079048,1.4099993,0.72184205,445650.700488125,5696593.612004206,477.3293151855469,-26.709594342084657,-0.18020332549499482,3.300572513597535,1325,frame_001325.png
4000,4000,4000,1062,0.2655,705,0.6638418079096046,1062,589,0.5546139359698682,445651.6380524349,5696593.52458447,477.1964319071127,0.7220844034454785,0.04606882203370333,-0.1449377217936103,-27.60443125903122,-1.2277598893725723,-0.4121633243318704,-1.288895895444,-0.31368302374795576,-3.7908116550497937,1.5211871,0.7165934,589,0.5546139359698682,445651.6380524349,5696593.52458447,477.19643190711076,0.7220844034454785,0.04606882203370333,-0.14493772179554298,-27.604431259022927,-1.2277598893960253,-0.412163324244359,-1.2888958954357008,-0.3136830237714321,-3.7908116549622832,1.5211871,0.7165934,445650.91596803145,5696593.478515648,477.3413696289063,-26.31553536358723,-0.9140768656246032,3.3786483307179216,1326,frame_001326.png
4000,4000,4000,1089,0.27225,611,0.5610651974288338,1089,582,0.5344352617079889,445651.88017700374,5696593.29240277,477.22819082397234,0.7361653690459207,-0.06555701233446598,-0.1148572717307843,-27.210717004097162,-1.822447380905818,-1.9728064038924844,-1.2776143163776226,-0.37687246606071767,-6.403301885355091,1.4927775,0.7350291,582,0.5344352617079889,445651.8801770037,5696593.292402769,477.22819082399155,0.736165368987713,-0.06555701326578856,-0.11485727171157123,-27.210717004185184,-1.822447380637341,-1.9728064048925555,-1.2776143164656446,-0.3768724657922462,-6.403301886355166,1.4927775,0.7350291,445651.1440116347,5696593.357959783,477.3430480957031,-25.933102687719547,-1.4455749148451085,4.430495481462613,1327,frame_001327.png
