filename,timestamp,imu_orientation_x,imu_orientation_y,imu_orientation_z,imu_orientation_w,roll,pitch,yaw,imu_ang_vel_x,imu_ang_vel_y,imu_ang_vel_z,imu_lin_acc_x,imu_lin_acc_y,imu_lin_acc_z,gps_latitude,gps_longitude,gps_altitude,laser_distance
00001.png,1763499047.797282,0.0429340133942282,-0.0320792854185321,0.7061039314851139,0.7060770693643621,0.0154141633102875,-0.1061317787120366,1.570015619137367,-0.0346304774284362,-0.0006336346268653,0.0209675878286361,1.1713422536849976,-0.0116740046069026,9.808374404907228,51.41850332298987,8.218954377377504,494.30224609375,0
00002.png,1763499048.049484,0.0399292982402662,-0.0346829005668279,0.7060266027926374,0.7062076066564271,0.0074642684010195,-0.1055649091049411,1.5701456393862545,-0.0525051355361938,0.0264504253864288,-0.0361932590603828,1.1241636276245115,-0.0125917019322514,9.778074264526367,51.41850275344853,8.218953284976568,494.30316162109375,0
00003.png,1763499048.301248,0.0356644465088672,-0.0287380668711456,0.7055868487992439,0.7071416898820763,0.0099265535988829,-0.0910984501616005,1.5681426754480243,0.0433126091957092,0.0387041866779327,-0.0734713673591613,1.0712336301803589,-0.1211557388305664,9.79585075378418,51.41850252669114,8.218952832249462,494.3097534179688,0
00004.png,1763499049.297239,0.0259801435597352,-0.0200476599242166,0.7053593705644359,0.708089882591978,0.0085291072466843,-0.0650877123832736,1.5666550466210705,0.0416222885251045,0.1264921426773071,-0.0095805004239082,1.1253925561904907,-0.0538801401853561,9.826056480407717,51.418501619062674,8.218951149779052,494.3046569824219,0
00005.png,1763499049.80124,0.0067889180660636,0.0040125652057381,0.7047232825091332,0.7094384434195221,0.0152888455930498,-0.0038752909208155,1.5640982375955637,-0.0261180698871612,0.1342027187347412,-0.017041228711605,1.296945571899414,0.036382257938385,9.749494552612305,51.41850174088477,8.218950751246151,494.3235473632813,3252
00006.png,1763499050.057382,-0.0152960383455885,0.0290976410416876,0.7044687014897749,0.7089733472550641,0.0193471934334096,0.0628514366739021,1.565030558579937,0.0851031839847564,0.3464479446411133,0.1089683026075363,1.1833717823028564,0.1024094745516777,9.704651832580566,51.41850290767153,8.218950408267059,494.3448486328125,0
00007.png,1763499050.557445,0.0249965460662334,-0.0024498316323398,0.7077157128049623,0.7060507353290527,0.0318595163797914,-0.0388500798707067,1.5725327015342023,-0.0097649693489074,-0.4411633014678955,-0.1119644865393638,1.3407807350158691,0.1551338136196136,9.571807861328123,51.41850606076501,8.21895017482943,494.3571166992188,0
00008.png,1763499050.801444,0.0234295376411734,-0.0048234121590244,0.7072475384091892,0.7065611869294884,0.0263101553139369,-0.0399676772653412,1.5712413740062832,-0.0654749274253845,0.1333407759666443,-0.0098377354443073,0.8602194786071777,0.0137445470318198,9.834356307983398,51.41850842753975,8.218950222243413,494.2994384765625,0
00009.png,1763499051.061302,0.0044512992990849,-0.0021291764997128,0.7067977921680914,0.7073984262975813,0.0032880380020925,-0.0093048235117783,1.5699315940657452,-0.0994969010353088,0.0171438604593276,0.0576294064521789,0.6323333978652954,-0.160158172249794,9.80478572845459,51.418513767671314,8.21895059548684,494.3077697753906,0
00010.png,1763499051.301275,0.0028148892241606,-0.0144091316099123,0.7052712978792028,0.7087854750999689,-0.0163399790089825,-0.0243989082744806,1.5660253420432722,-0.0288213118910789,-0.1554427742958068,-0.0358743891119957,0.8292210698127747,-0.2859323620796203,9.659903526306152,51.4185167222581,8.218951007582776,494.310302734375,0
00011.png,1763499051.809229,0.0012443251899632,-0.0188526183630934,0.7067064361745631,0.7072545818198178,-0.0248990573990307,-0.0284297762574091,1.5703749728131584,-0.0398672670125961,0.078646183013916,-0.0713980868458747,0.8165140151977539,-0.2680508196353912,9.769719123840332,51.41852656079752,8.218952271767588,494.3015441894531,0
00012.png,1763499052.30152,0.0035411240635458,-0.0188224669756612,0.7086534336283122,0.705296736263624,-0.0216946397543759,-0.0315749548322917,1.5758868346324522,-0.0027599725872278,-0.066971480846405,0.0835635587573051,0.6995311975479126,-0.2049459964036941,9.85271167755127,51.41853379650459,8.218952908170293,494.2981872558594,0
00013.png,1763499052.553283,0.0082437443475948,-0.0269952721560885,0.7088734268162553,0.704770714994692,-0.0266887606348473,-0.0497590281548138,1.57726493814209,0.0058763530105352,-0.0968886613845825,-0.010533295571804,0.6942554116249084,-0.1912976056337356,9.850375175476074,51.41853764414017,8.218953111168554,494.2925720214844,3262
00014.png,1763499052.797428,0.0170557210135929,-0.0342102717756933,0.7085697268345643,0.7046046422635396,-0.0245123861118653,-0.0724431147837276,1.577296221688434,0.017922356724739,-0.0268796011805534,0.0393799766898155,0.714806079864502,-0.2543691396713257,9.694409370422363,51.418541621715775,8.218953307876314,494.2905883789063,3257
00015.png,1763499053.057293,0.0191177442029079,-0.0284965006081289,0.7106180187595547,0.7027407009160123,-0.0136619465698816,-0.0672728592552838,1.5824028786797455,-0.0274937823414802,0.036593347787857,-0.0126492232084274,0.584662914276123,-0.1302576512098312,9.729381561279297,51.4185495646756,8.218953472490403,494.2847595214844,3267
00016.png,1763499053.305243,0.0134130491066499,-0.0279438925316132,0.710939796913805,0.7025694514765084,-0.0209228097631062,-0.05836993053288,1.583250369862347,-0.0037403255701065,0.0331270098686218,-0.022720318287611,0.5744617581367493,-0.2475231885910034,9.76426124572754,51.41855351720766,8.218953428592815,494.2870788574219,0
00017.png,1763499053.549264,0.015887439677308,-0.0269424487790771,0.7095091190743844,0.7040017781686192,-0.0158920137528381,-0.0605165614323875,1.579069737241708,0.0031714439392089,-0.0362586081027984,-0.0526664406061172,0.5069929361343384,-0.2097364068031311,9.85684299468994,51.41855733635388,8.218953396755245,494.2866516113281,0
00018.png,1763499054.053289,0.0143511353786904,-0.023833557549056,0.7060414344590449,0.7076238402392281,-0.0133644407537564,-0.054021651202951,1.5689186778283983,-0.0114891231060028,0.0887092053890228,0.0179666131734848,0.5243250727653503,-0.1568315774202346,9.862581253051758,51.41856857349235,8.218953096044244,494.28466796875,0
00019.png,1763499054.301227,0.0091834992682636,-0.0201151826330237,0.7054696118662175,0.7083951365602098,-0.0153840394396442,-0.0414682383026919,1.5669770217994043,-0.0112312845885753,-0.0210891589522361,-0.0583065897226333,0.4731428623199463,-0.2441563010215759,9.84205722808838,51.41857216650745,8.218953032042295,494.2965698242188,3304
00020.png,1763499055.053245,0.011416159748136,-0.0180843528946558,0.7066077191437087,0.7072822341353643,-0.0094165284014359,-0.0417270840332231,1.5700386923869587,0.0159675013273954,-0.0054867351427674,0.0213472694158554,0.4309093952178955,-0.172458678483963,9.865796089172363,51.41858669092368,8.218952734017718,494.297119140625,0
00021.png,1763499055.305242,0.0101108020399024,-0.0200206821579419,0.707287351564227,0.7065702698849579,-0.0140459752420529,-0.0426074127384551,1.5721099701742005,-0.01203353703022,0.0251233112066984,0.0701628774404525,0.5542118549346924,-0.3173536360263824,9.70478343963623,51.41859030085028,8.218952625401249,494.29925537109375,3326
00022.png,1763499055.549422,0.0084592667892224,-0.0183454897945068,0.7076579251083086,0.706266341291295,-0.0140262011820099,-0.0378952075111198,1.5730305245953546,-0.0227383226156234,0.0159751065075397,-0.059967003762722,0.4399119317531585,-0.2358839064836502,9.819570541381836,51.41859388128303,8.218952567898246,494.3028869628906,3300
00023.png,1763499055.80132,0.0108007321721595,-0.0149573019151075,0.7077165936415267,0.7062555106959518,-0.0059188685078946,-0.0364231214525204,1.5729707662934405,0.0253838300704956,0.0176592022180557,-0.0664401054382324,0.4775997400283813,-0.2107720524072647,9.843253135681152,51.41859751809027,8.218952484100614,494.3019714355469,0
00024.png,1763499056.057293,0.0082078920223336,-0.0215790851737164,0.707257897478463,0.7065785448525586,-0.0189428464184493,-0.0421172807378717,1.5721563141778807,-0.0883775651454925,0.0021693436428904,-0.0886645019054412,0.4600298106670379,-0.2971248030662536,9.775214195251465,51.41860466232122,8.218952394914842,494.3042907714844,0
00025.png,1763499056.301252,0.004559286501963,-0.0175187266650608,0.706594793072642,0.7073868146391041,-0.0183168809774438,-0.0312332465484153,1.5699621346101578,0.0294219851493835,-0.0142733454704284,-0.0049424320459365,0.377869039773941,-0.2588362395763397,9.792840957641602,51.418608200259214,8.218952443604444,494.304443359375,0
00026.png,1763499056.557215,0.005608676253415,-0.0151011849332066,0.7050534939801056,0.7089711331152649,-0.013347642475859,-0.0293256450948669,1.5654509533418002,0.014989074319601,0.0441521927714347,-0.0160120911896228,0.4774799942970276,-0.2694597244262695,9.853235244750977,51.41861176783858,8.218952424126815,494.3041076660156,0
00027.png,1763499056.797238,0.0052567873245534,-0.0176138809017562,0.7039348641050504,0.71002663646092,-0.0173431136703549,-0.03241919945424,1.5624609338457398,-0.0369593501091003,0.0031015872955322,-0.0518908500671386,0.5612377524375916,-0.233209490776062,9.74807357788086,51.418615312695096,8.21895238795637,494.300537109375,3390
00028.png,1763499057.297265,0.0095443751602299,-0.0212321577979706,0.7067137688790538,0.7071165033110217,-0.0165285560791971,-0.0435312481376671,1.5705864392554982,0.0489323884248733,0.0345353707671165,0.0056052803993225,0.4465055465698242,-0.2021243721246719,9.823552131652832,51.418626186215405,8.218952295619617,494.3117065429688,0
00029.png,1763499058.049273,0.0061008846317943,-0.0147219263901934,0.7053824584679667,0.708647748444711,-0.012127986532748,-0.0294765023066084,1.5663566792928432,-0.0330800637602806,-0.0457384437322616,0.0382484942674636,0.4482082724571228,-0.1131892129778862,9.837029457092283,51.41864062520171,8.218951985386505,494.31646728515625,3362
00030.png,1763499058.54928,0.0160155485437842,-0.0169475860108529,0.708555910894792,0.7052693121562131,-0.0014276261607959,-0.0466179312558809,1.5754788301191738,0.0287359356880188,0.0031987279653549,0.0701530873775482,0.5250873565673828,-0.2226715683937072,9.7402982711792,51.41864797730729,8.218951790448546,494.3031921386719,3347
00031.png,1763499058.797235,0.0120868245026513,-0.0180332188218126,0.7085315865170385,0.7053450946877104,-0.0085112627188961,-0.0425799441964149,1.575485005871773,-0.034954696893692,0.0949097871780395,-0.033038780093193,0.5108621716499329,-0.260104089975357,9.82276725769043,51.41865164798721,8.218951752944056,494.3024291992188,0
00032.png,1763499059.057221,0.0125852253601895,-0.0196663129004553,0.7069158892794161,0.7069121400314377,-0.010022152948942,-0.0456139181979794,1.571030246862951,0.0388600379228591,-0.0155233852565288,0.0347246825695037,0.5680994391441345,-0.3441807925701141,9.831645965576172,51.4186590506191,8.218951768286324,494.29498291015625,3293
00033.png,1763499059.301222,0.0104299257621748,-0.0246937349596098,0.7049390276425092,0.7087611751561833,-0.0200566401434827,-0.0497293389691621,1.565887865509761,0.0081545710563659,0.0818637311458587,-0.0085289143025875,0.478319376707077,-0.3058872520923614,9.876898765563965,51.418662718132914,8.218951808698575,494.3012390136719,0
00034.png,1763499059.797244,0.0069866036290137,-0.0200615667692868,0.7051513187987547,0.7087385544083724,-0.018404064271835,-0.0382993997091749,1.5660745443560995,-0.0138904154300689,0.0354818105697631,-0.0266119539737701,0.4463776350021362,-0.2773512601852417,9.863889694213867,51.418669986672505,8.218951961168443,494.3071899414063,0
00035.png,1763499060.053228,0.0077120647375156,-0.0201477665913633,0.7042845552252993,0.7095899215955415,-0.0174491873292655,-0.0394665251543382,1.5636360243696372,-0.0552077777683734,-0.047933705151081,-0.1072577536106109,0.4698442816734314,-0.2542155086994171,9.733736991882324,51.41867724879882,8.218952106161755,494.31353759765625,0
00036.png,1763499060.305233,0.0009248460406878,-0.0219314469470404,0.7019690961475359,0.7118690500003647,-0.0294935334188372,-0.0325287995590839,1.557271960763536,-0.0159139931201934,0.0501686409115791,0.0114460363984107,0.4155322909355163,-0.2368293106555938,9.804616928100586,51.41868081944964,8.218952121223666,494.3170471191406,0
00037.png,1763499060.549204,0.0059770619599366,-0.0231590098925801,0.703600617430183,0.7101930062616695,-0.0241225767791221,-0.0413174173762077,1.5619690158210715,0.1196086406707763,-0.0214226245880126,0.0233994424343109,0.4966988861560821,-0.2603660821914673,9.866973876953123,51.418684401389655,8.218952083041628,494.3225708007813,3285
00038.png,1763499060.797222,0.0213242989133597,-0.0087764229914656,0.7084242237668344,0.7054100707075897,0.017666841534217,-0.0426081451540316,1.5746836775364332,0.1484532356262207,0.0193612277507781,0.0902046710252761,0.4286821186542511,-0.0646676272153854,10.11202621459961,51.41868807398881,8.21895198739151,494.3092346191406,0
00039.png,1763499061.305279,0.0084203220610327,-0.0267929962424661,0.7050179560113129,0.7086331316205657,-0.025880304987905,-0.0498664304099997,1.566327122280972,-0.0153001546859741,0.0007349029183387,-0.0616750568151474,0.3877466022968292,-0.222086563706398,9.8677396774292,51.41869907851138,8.218951699779634,494.3114318847656,3302
00040.png,1763499061.553313,0.0150184837096803,-0.016217011652937,0.7052505609365388,0.7086135053601561,-0.0015910656337162,-0.044181147072889,1.5660743918043167,0.135092556476593,0.0679326057434082,0.1043310314416885,0.4785985946655273,-0.0680368989706039,9.743083000183104,51.41870269267186,8.218951582661719,494.3196716308594,3292
00041.png,1763499061.801255,0.0135563766279511,-0.0088246700039343,0.7085279657838206,0.7054973221453671,0.0066262944537659,-0.0316669983636055,1.5749779416561496,-0.0147667825222015,0.059101790189743,-0.0081331431865692,0.4999431073665619,-0.1572179645299911,9.75055980682373,51.4187062802327,8.21895148293142,494.3172912597656,0
00042.png,1763499062.057226,0.0135740666047922,-0.0153910317783913,0.7087319669033094,0.7051793104919992,-0.0026741766237753,-0.0409590757120448,1.575876378834795,-0.0226581990718841,0.0173865556716918,0.011441558599472,0.4677338600158691,-0.0812960341572761,9.837571144104004,51.41871348230344,8.21895127885081,494.32623291015625,0
00043.png,1763499062.805264,0.0085615360192639,-0.0103501321273786,0.7066121837875954,0.7074735306630645,-0.0025138405257477,-0.0267474495539154,1.5696117098145226,0.0345912091434001,0.073992371559143,0.034172847867012,0.4274315237998962,-0.0956693962216377,9.93600368499756,51.41872760799215,8.218950986182042,494.3185729980469,0
00044.png,1763499063.061234,0.0087633572967251,-0.0056177640447083,0.7061450605402697,0.7079906763302796,0.0044757779271967,-0.0203324529749624,1.568140586336186,0.050826221704483,-0.0224381834268569,0.0324479937553405,0.3203519582748413,-0.0049986541271209,9.858917236328123,51.418731075269775,8.218950919931022,494.3268737792969,3291
00045.png,1763499063.305227,0.0167025955922246,-0.0058646539585777,0.7117634676663795,0.7021961230524985,0.015116826334319,-0.0320183397092489,1.584086785929992,0.0094933090731501,-0.0542525276541709,0.100972294807434,0.4746452271938324,-0.1183816567063331,9.718335151672363,51.41873466495628,8.218950802495328,494.325439453125,0
00046.png,1763499063.553242,0.0141712931984693,-0.0061354475783933,0.7139659746217979,0.7000100840805381,0.0110839273133838,-0.0288293860160925,1.5903758265349914,-0.0338154733180999,0.0463542938232421,0.0287350565195083,0.321303516626358,-0.1516495048999786,9.80097198486328,51.41873821986705,8.218950827416544,494.32720947265625,0
00047.png,1763499063.805316,0.0072438531409792,-0.0070022601158708,0.7120126046293025,0.7020943994890845,0.0002003831923522,-0.0201492880938582,1.584821595096342,-0.1457886099815368,-0.0303026586771011,-0.1767697930335998,0.3173878192901611,-0.0717282816767692,9.950003623962402,51.41874181649149,8.21895091800408,494.3222961425781,0
00048.png,1763499064.049248,0.0019900939023738,-0.0154506531595057,0.7073309265186931,0.7067108865960758,-0.0190515503483967,-0.024656097606153,1.5719081895560458,-0.1183441877365112,-0.0448532849550247,-0.1541122198104858,0.4067394435405731,-0.2056749761104583,9.872319221496582,51.4187488615266,8.218951070494137,494.3267517089844,0
00049.png,1763499064.301249,0.004944791075366,-0.0126604559066719,0.7034007022679479,0.710663572969949,-0.0107861484350073,-0.024953578296268,1.5606586672940794,0.1381679773330688,0.0299290940165519,0.0651068687438964,0.382880836725235,-0.0998711511492729,9.81895351409912,51.41875238751989,8.218951122092212,494.3313293457031,0
00050.png,1763499064.553534,0.0091945138463035,-0.0108909715026768,0.7048540638673443,0.709209134391646,-0.0023123600370636,-0.0284133567959737,1.5646695447340395,-0.0453578531742095,-0.0323454141616821,-0.0732271671295166,0.4129124879837036,-0.1645382344722747,9.852581024169922,51.41875596103513,8.21895120029406,494.3313293457031,0
00051.png,1763499064.801587,0.0099022417752002,-0.0127384858370847,0.7062893692720587,0.7077393612338383,-0.0039797527626253,-0.0320242253198364,1.5688091909565849,0.0470878481864929,0.0250229686498641,0.0855258405208587,0.4438506960868835,-0.1756240576505661,9.77450466156006,51.41875963692711,8.218951277841203,494.3301696777344,0
00052.png,1763499065.301312,0.005941415564788,-0.0153721958619052,0.7046736244381362,0.7093401710016785,-0.0132422121107313,-0.0301863339266624,1.5643958099811803,0.076774775981903,0.009231561794877,-0.0335486829280853,0.3925983607769012,-0.1897217780351638,9.83349609375,51.41877048337036,8.218951591814612,494.3313903808594,3267
00053.png,1763499065.553232,0.0057273348132333,-0.0180543335027661,0.7019027443801847,0.7120209098820575,-0.0171994542035996,-0.033756600603982,1.5567747225535635,0.0213294569402933,-0.0073218792676925,-0.0564128644764423,0.4334748685359955,-0.2392811775207519,9.853833198547363,51.41877413477516,8.218951749145557,494.3289184570313,0
00054.png,1763499065.797226,0.0085186548618951,-0.016439584809052,0.7035407923079378,0.7104136303093918,-0.0110354187996694,-0.0353516155404098,1.5612700435272795,0.0312035679817199,-0.0211021639406681,0.1300451755523681,0.4225020706653595,-0.1484701037406921,9.849701881408691,51.41877780294008,8.21895181768414,494.3236389160156,0
00055.png,1763499066.297252,0.0111938579425606,-0.017399863830471,0.7049142988825559,0.7089906723744379,-0.0086653457140242,-0.0404651455825538,1.565205569147904,-0.0667233765125274,-0.0049900412559509,-0.0697366297245025,0.5274776220321655,-0.131986379623413,9.818224906921388,51.41878890272287,8.21895208334391,494.3289794921875,0
00056.png,1763499066.549258,0.0058496218534895,-0.0172271059732824,0.7032556298139881,0.7107042478266803,-0.01592461276813,-0.0327201518861649,1.5605211543238744,-0.0508919060230255,0.012878768146038,-0.0270786546170711,0.5335648059844971,-0.0326505713164806,9.82912254333496,51.418792562176414,8.218952038611423,494.338623046875,0
00057.png,1763499067.301252,0.0210756811233053,-0.0132005016358971,0.7075024034552492,0.7062732555652913,0.0111048859924505,-0.0484875097305646,1.5722658627294153,-0.0975497663021087,-0.0274366736412048,-0.0292730927467346,0.5447981357574463,-0.0463139973580837,9.7916259765625,51.4188073425025,8.218951642209651,494.3326721191406,0
00058.png,1763499067.553699,0.0147937422148319,-0.0160626405325423,0.7075346902747874,0.7063411348832547,-0.0018326392447972,-0.0436394289520593,1.5725246658438556,-0.0270924065262079,-0.0310590714216232,-0.0488860830664634,0.5788877010345459,-0.1222782135009765,9.7373628616333,51.418811007092806,8.218951542279958,494.3446044921875,0
00059.png,1763499067.797253,0.0208167529648835,-0.0160183991541886,0.7071685637827464,0.7065569305314214,0.0067702641750535,-0.0521012971586616,1.5714851950478432,0.0720169842243194,-0.0171838626265525,0.048282042145729,0.6758565902709961,-0.0148722743615508,9.763718605041504,51.41881470256927,8.21895148308754,494.3460083007813,3173
00060.png,1763499068.049209,0.0191715157857971,-0.0188199509783778,0.7074782806766043,0.7062242878848916,0.0004500166032425,-0.0537349306974634,1.572558287241111,-0.0546508878469467,-0.0224974974989891,-0.0491177290678024,0.5444353818893433,-0.1426793783903122,9.877141952514648,51.41882204091772,8.21895138300037,494.3386840820313,3217
00061.png,1763499068.305251,0.0171746528715023,-0.0184995583669956,0.7074439907695274,0.7063184816802222,-0.0019156923449752,-0.0504547741526379,1.5724368827269823,0.0496716946363449,-0.0017669983208179,0.1221539825201034,0.5201404094696045,-0.0589005537331104,9.81674861907959,51.41882571558338,8.218951336928807,494.33544921875,0
00062.png,1763499068.557468,0.0172655158056513,-0.0180632063674199,0.7066053652938534,0.7071665152406699,-0.001109312580108,-0.049967992361225,1.570030213876226,-0.0493846535682678,-0.0503682792186737,-0.069567747414112,0.5439125895500183,-0.0700223371386528,9.727587699890137,51.41882934780661,8.218951367018077,494.33880615234375,0
00063.png,1763499068.809288,0.0166986605299361,-0.0157847366023797,0.7067221585584788,0.7071179444967749,0.0013063775723609,-0.0459421276401054,1.5702064389525685,0.0323955863714218,0.0309102535247802,0.0274458583444356,0.5626682639122009,-0.0997899621725082,9.825028419494627,51.41883662506272,8.218951300342193,494.3294372558594,0
00064.png,1763499069.049227,0.0185582928886094,-0.0141760514381321,0.7075183333226799,0.7063090239710812,0.0061627909741137,-0.0463025541232703,1.572364312803987,0.0378955900669097,0.0075412690639495,-0.0259574204683303,0.4831839799880981,-0.039966732263565,9.894694328308104,51.41884021645826,8.218951316434069,494.3289794921875,0
00065.png,1763499069.557238,0.0151860652757971,-0.016501792932325,0.7063106591068552,0.7075466960445067,-0.0018229154263815,-0.0448187408909835,1.5690887238811473,0.0067014396190643,0.0251419767737388,0.0078505873680114,0.4685487151145935,-0.0705256387591362,9.842991828918455,51.41884734146611,8.218951312283103,494.3245544433594,0
00066.png,1763499069.801245,0.0136250568301406,-0.0147480093132,0.7051218235186351,0.7088018538670932,-0.001484551251828,-0.0401322544722724,1.5656207159144544,0.0252645313739776,0.0792617797851562,0.0578913614153862,0.5111676454544067,0.0110821751877665,9.831066131591797,51.41885089159003,8.218951310516113,494.3301086425781,0
00067.png,1763499070.057249,0.0145046515587372,-0.0128942727660101,0.7054437230132129,0.7085001809980381,0.0023625042072016,-0.0387453133156083,1.5664272511066153,0.0323892682790756,-0.0540233552455902,-0.0540871322154998,0.514427661895752,0.0306500531733036,9.90946102142334,51.418858025124365,8.218951202661597,494.3325500488281,3210
00068.png,1763499070.309264,0.0166425911652903,-0.0147620611589499,0.7068034301082575,0.7070601225474717,0.0026695100880785,-0.0444160130001777,1.5703739247221111,0.0663719400763511,0.0917569994926452,0.0681216791272163,0.4954202175140381,-0.0449371971189975,9.717755317687988,51.41886159703717,8.218951075758289,494.3361206054688,0
00069.png,1763499070.549424,0.0156419532997889,-0.0096490328295496,0.7083608598397021,0.7056111660890716,0.0084097625099972,-0.0357848625243804,1.5745351523078102,0.0473588854074478,0.0157521218061447,0.0273662060499191,0.3836156725883484,-0.0617404989898204,9.844786643981934,51.41886515136017,8.218950989124325,494.3361511230469,0
00070.png,1763499070.801408,0.0222194879707964,-0.0123683443723143,0.7077352591658398,0.706019915685999,0.0138848421758868,-0.0489351531396199,1.5728831724589514,-0.0438472665846347,-0.0294292271137237,-0.0450014397501945,0.491854727268219,-0.0587583556771278,9.73519515991211,51.41886873832341,8.21895087000062,494.3414001464844,0
00071.png,1763499071.061307,0.0218617837252932,-0.0124639084547478,0.706894741843994,0.7068709481593463,0.0133016408191141,-0.0485477775211854,1.570507036066394,-0.0818243250250816,0.0021568834781646,-0.1199761629104614,0.5248373746871948,-0.0159418080002069,9.767643928527832,51.41887579647487,8.218950749142053,494.3267517089844,3165
00072.png,1763499071.301234,0.0114709617997375,-0.0102434457302903,0.7065191953499272,0.7075267595342601,0.0017584727770114,-0.0307087596380228,1.5693442448183996,-0.0888055264949798,-0.016546219587326,-0.0638973712921142,0.4236522316932678,-0.0118962274864315,9.956676483154297,51.41887929700534,8.218950762632323,494.3152465820313,0
00073.png,1763499071.813236,0.0190450119024871,-0.0065268669628922,0.7085144169185259,0.7054091072192675,0.017632758388366,-0.0362034618726283,1.574869565084499,0.056486427783966,0.0166197791695594,-0.0148418992757797,0.558414101600647,0.0121319955214858,9.778560638427734,51.41888978256121,8.218950662891595,494.3079833984375,0
00074.png,1763499072.061219,0.0197067659126721,-0.004284491737816,0.7086429470690419,0.7052789944958767,0.0217394472700857,-0.0339801842389718,1.575185241069884,-0.0511901229619979,-0.0001153368502855,-0.1074479818344116,0.4038310945034027,0.0364561863243579,9.873814582824709,51.41889333063236,8.21895066145235,494.3057861328125,0
00075.png,1763499072.309341,0.0162376105591651,-0.0095083720968071,0.7075851578113866,0.706377501983488,0.0094902353076639,-0.0364200355564894,1.572331674932415,-0.0648728013038635,0.0249550938606262,0.0214532911777496,0.5016096234321594,-0.0077405031770467,9.81897258758545,51.418896911546575,8.218950703419804,494.3169860839844,0
00076.png,1763499072.557384,0.0100560391110899,-0.0143762886196709,0.7057077803589337,0.7082857665828018,-0.0060494690432109,-0.0345651736779309,1.5672545016721395,0.0094577372074127,0.0184419304132461,0.0669339746236801,0.4225435554981231,-0.0998975858092308,9.78611183166504,51.418900443063166,8.21895079547981,494.3131408691406,0
00077.png,1763499072.801231,0.0096699889036982,-0.0126074836091756,0.7065732937789658,0.7074614641024556,-0.0041359981783917,-0.0315089429383414,1.569605271563721,0.0656923353672027,0.0119512975215911,0.0880125015974044,0.4343335330486297,-0.0717759951949119,9.927779197692873,51.41890396458434,8.218950883261307,494.3177795410156,3208
00078.png,1763499073.053246,0.0141220489894277,-0.0096704551248376,0.7079364940869667,0.7060686725594564,0.0062537191475541,-0.0336573927964121,1.5733329608780198,0.0819862782955169,-0.0305328071117401,0.0275371111929416,0.4180527925491333,-0.0261586010456085,9.828468322753906,51.41891106908759,8.218950942968428,494.3219604492188,0
00079.png,1763499073.305252,0.0165591500362206,-0.0074557005911067,0.7087134821719229,0.7052626512630038,0.012796931600376,-0.0339943871444346,1.5754598126013035,-0.0375437289476394,-0.004814825952053,-0.0894771739840507,0.348240464925766,-0.017842698842287,9.763569831848145,51.41891461456266,8.218950934386099,494.3235168457031,0
00080.png,1763499073.55325,0.014964567638312,-0.0067825649621141,0.7088401629961754,0.7051777661352411,0.0114955519789392,-0.0307856638032348,1.5757994780843707,-0.0023115277290344,0.0385097563266754,0.0432083085179328,0.4552581012248993,0.0352711044251918,9.762709617614746,51.41891818587656,8.218950906871855,494.3200988769531,0
00081.png,1763499073.809513,0.0118334097271365,-0.0099539779969761,0.7081462511686981,0.7058964341119627,0.0026098212067964,-0.0308174023328642,1.5739382132320958,-0.0479947924613952,-0.021989494562149,-0.0216184481978416,0.3946410417556762,0.0531641654670238,9.857123374938965,51.41892527520015,8.218950914374618,494.3322143554688,0
00082.png,1763499074.057447,0.0130298160381785,-0.0109864302021478,0.705537905172957,0.7084672092691235,0.0029614207128571,-0.0339596363027819,1.5666027711885284,0.1152017712593078,0.004459723830223,-0.0784999579191207,0.2995950579643249,-0.0636005401611328,9.642500877380373,51.41892884287328,8.218950845708987,494.3293151855469,0
00083.png,1763499074.553337,0.0188928186799943,-0.0035610017048308,0.7059932472640355,0.7079575661625247,0.021735188221286,-0.0317238018890271,1.567673042046213,0.0210404247045516,0.0223833434283733,-0.0021841004490852,0.3700435161590576,0.0662364736199379,9.852561950683594,51.41893590820601,8.21895067325095,494.3200073242188,0
00084.png,1763499075.305274,0.0069422709591393,0.0019183077069611,0.7083064985990992,0.7058682802136357,0.0125188022251312,-0.0071264264669634,1.574199971519137,-0.0022267252206802,0.0211341083049774,0.048193410038948,0.1672881543636322,0.0011221781605854,9.805644989013672,51.41894970359278,8.218950809175366,494.3318176269531,0
00085.png,1763499075.553758,0.0076819290403748,-0.0025663738871185,0.7095108587325254,0.7046479568067481,0.0071851899607745,-0.0145181143776835,1.5776215889362244,-0.0335828512907028,-0.031969528645277,-0.0363687947392463,0.2170353382825851,-0.0759617313742637,9.736653327941896,51.41895314690264,8.218950954175758,494.3317260742188,0
00086.png,1763499075.809222,0.0024602111431188,0.0004904969539416,0.7086521784783791,0.7055535392241449,0.0041668331586657,-0.002794727886549,1.5751726591537871,-0.0044059492647647,0.1259990930557251,0.052598800510168,0.2822155654430389,-0.1279897838830948,9.879179954528809,51.41896002033991,8.218951177247735,494.3373718261719,0
00087.png,1763499076.309216,-0.0026313709392098,-0.0018554852194934,0.7092635283797021,0.7049360824726991,-0.0063419990976484,0.0011166741422831,1.5769127597750532,0.0754404366016388,0.0281446054577827,0.0775636360049247,0.1189022585749626,-0.1100530475378036,9.87617015838623,51.418966910167285,8.218951484383545,494.3448486328125,0
00088.png,1763499076.549206,0.002237636152138,-2.302864328192048e-05,0.7098370755298247,0.7043623489777107,0.0031195412661962,-0.0032091607315864,1.5785337924962235,0.0740282535552978,0.0026513040065765,0.0847706943750381,0.149936556816101,-0.1274907290935516,9.811906814575195,51.41897042998188,8.218951554425738,494.3449401855469,0
00089.png,1763499076.801202,-0.005473898816336,0.0028404996475029,0.7098041733670362,0.7043720632337994,-0.0036791890519268,0.011772601577231,1.5784569985093966,-0.0840983986854553,0.0396930575370788,-0.0749592930078506,0.0145707195624709,-0.0658900886774063,9.792673110961914,51.41897393322646,8.21895168032734,494.3451843261719,0
00090.png,1763499077.557205,0.0017477687176218,0.002954304019509,0.7068758967161415,0.7073292614009553,0.0066492072172853,0.0017084210321657,1.5701608483657172,0.0063037611544132,0.1050395369529724,0.004450038075447,0.1008298471570015,-0.0627322345972061,9.8634033203125,51.41898823982409,8.218951821970862,494.3334655761719,0
00091.png,1763499078.301202,0.003252935528579,0.0019277521015928,0.7081408599534278,0.7060610629730983,0.0073238607795337,-0.0018848528452067,1.5737307237460438,0.0048025101423263,-0.0264213979244232,-0.0298215076327323,0.1094464287161827,-0.0859143510460853,9.853702545166016,51.41900274173717,8.218951902903195,494.32464599609375,0
00092.png,1763499078.809214,-0.0037908793653497,-0.0035456545825312,0.7082807847182571,0.705911742051447,-0.0103748773424555,0.0003641756252394,1.5741448166094203,-0.0856509804725647,-0.033351719379425,0.0255751684308052,0.1182699427008628,-0.1516032814979553,9.86605739593506,51.419013925077415,8.218952174043434,494.3310241699219,0
00093.png,1763499079.049213,-0.0049809319320148,-0.0082077027296453,0.7064023797694813,0.7077453650777262,-0.0186476208160428,-0.0045808588101719,1.5689396833042792,0.0464885383844375,-0.0274502038955688,0.0474015921354293,0.1240029856562614,-0.1443064659833908,9.818018913269045,51.41901764349642,8.218952278426617,494.3341674804688,3161
00094.png,1763499079.549417,0.0028648571061012,-0.0084583105654687,0.7048105986645089,0.7093393190753746,-0.0078597941047032,-0.0160386754384087,1.5644545146419877,-0.0330978333950042,-0.0078784674406051,0.0218014009296894,0.1771048158407211,-0.1449450552463531,9.839720726013184,51.41902515501065,8.218952321749676,494.3120727539063,0
00095.png,1763499079.805423,0.0018194334804044,-0.0065928125794977,0.7044225774074171,0.7097478826476296,-0.0067061007803539,-0.0119220520034716,1.5633049898234752,0.0086151957511901,-0.0835252553224563,-0.0801287293434143,0.1322596669197082,-0.1102877184748649,9.963162422180176,51.41903262657452,8.218952343325212,494.3167724609375,0
00096.png,1763499080.305547,0.0096241999007293,-0.0093107834130947,0.7069344236239582,0.7071523207795949,0.0004474844319476,-0.0267788410483269,1.570482154133467,-0.0484091639518737,0.0387035012245178,-0.0035998672246932,0.169891744852066,-0.1501874327659607,9.70132541656494,51.41904007044187,8.218952273122232,494.30706787109375,0
00097.png,1763499080.557277,-0.0004082198590953,-0.010483739415727,0.7090141102782559,0.7051162428924347,-0.0154440955303714,-0.0142061204433468,1.5764187584787146,0.0361701920628547,0.0929346084594726,0.1056320071220398,0.2141246497631073,-0.2433849573135376,9.888076782226562,51.41904375393629,8.218952317007986,494.31195068359375,0
00098.png,1763499081.053416,0.0063624832582373,0.0001011481550302,0.7090500394320348,0.7051294563108743,0.0091166726606105,-0.0088801096315253,1.576300508903688,0.0565462410449981,-0.0738125443458557,0.0008806958794593,0.1418265551328659,-0.056029375642538,9.917816162109377,51.41905458105917,8.21895217525041,494.32415771484375,0
00099.png,1763499081.309247,0.0065330297213803,-0.0042212221807249,0.7110507661963144,0.703097652319786,0.0031840836972573,-0.0152270828170137,1.5820198851963032,-0.0611402988433837,-0.0354563742876052,-0.0064088851213455,0.2106324583292007,-0.1326684951782226,9.666258811950684,51.41905821721033,8.218952187895109,494.323974609375,0
00100.png,1763499081.809555,-0.0013565205731563,0.0028662342452102,0.7070938536489134,0.7071125983074514,0.0021350073545231,0.0059719109049274,1.570776192769508,0.0046183764934539,-0.0358399301767349,-0.0110682547092437,0.1368720084428787,-0.0527642033994197,9.925442695617676,51.41906901931159,8.218952203151451,494.3424072265625,3123
00101.png,1763499082.053285,0.004165986260453,-0.0079146535130033,0.7034776053257523,0.7106611440225166,-0.0052151409972254,-0.0171114645504061,1.5606814394193147,-0.0877941250801086,-0.1181055903434753,-0.1353481262922287,0.3058054745197296,-0.1407158374786377,9.824804306030272,51.419072676962365,8.218952233161385,494.3361511230469,0
00102.png,1763499082.801484,0.0019429947300762,-0.0083686538269392,0.704922309012729,0.7092324926713146,-0.0090435200499541,-0.0146104828928711,1.5647666389273964,0.0585176646709442,-0.022691011428833,0.0221910402178764,0.3159616887569427,-0.1890341192483902,9.796841621398926,51.41908357873055,8.218952278977081,494.3533020019531,0
00103.png,1763499083.049571,0.0043856237723976,-0.0047310347521005,0.7060611951214535,0.7081214389904927,-0.0004697307317414,-0.0128936890510119,1.567885668636688,0.0339463353157043,0.0235728472471237,0.0164106488227844,0.2045420706272125,-0.0975125283002853,9.779962539672852,51.41909080446242,8.218952152849695,494.3614807128906,0
00104.png,1763499083.301563,0.0057194412631322,-0.0043965926949067,0.7084556069849289,0.70571850683961,0.0018432393682623,-0.0143099425071486,1.5746540855325304,0.0143863633275032,-0.0037387609481811,0.0682273358106613,0.1879896968603134,-0.1344455480575561,9.805458068847656,51.41909443151036,8.21895208856257,494.3636779785156,0
00105.png,1763499083.549568,0.0022164067618894,-0.0047484777760676,0.7096035954194923,0.7045816325079768,-0.0036159776500485,-0.0098370795129462,1.577916352789802,0.0290436968207359,0.0350563526153564,0.0302406027913093,0.2132581025362014,-0.1242109388113021,9.75267219543457,51.41909800828704,8.218952045774321,494.3680114746094,3057
00106.png,1763499083.805562,0.0007510328038593,-0.0039270289894184,0.7097245307635861,0.7044679586932618,-0.0045161742057234,-0.0065990328952593,1.5782452201154211,0.0150659158825874,0.0403163135051727,0.0073404442518949,0.2174734324216842,-0.133044958114624,9.871983528137209,51.41910519921324,8.21895194797585,494.3660278320313,3123
00107.png,1763499084.05727,0.0038534982942989,-0.0089007286168251,0.709605211211732,0.7045327329529399,-0.0072034061626198,-0.0180116081233605,1.578035121667014,-0.0031933709979057,-0.0857644528150558,-0.0349873602390289,0.2626757025718689,-0.1055200845003128,9.854300498962402,51.41910880860196,8.218951920393707,494.3611755371094,0
00108.png,1763499084.309269,0.0057955357774891,-0.0050292833276634,0.7079833196198069,0.7061874660558486,0.0010642969729315,-0.0153101171233554,1.57332797530326,0.0700046718120575,0.049337014555931,0.0371507555246353,0.1857025623321533,-0.1264871209859848,9.864506721496582,51.419112427669255,8.218951924148723,494.3497924804688,0
00109.png,1763499084.55726,0.0056590896815044,-0.0039445008265651,0.7063925211446812,0.7077867063516148,0.0024383523491445,-0.0135792250719621,1.5688080482049591,0.0151506885886192,0.0125546362251043,0.0375685840845108,0.2210520803928375,-0.0131793320178985,9.89243221282959,51.41911599944531,8.218951853194667,494.346435546875,0
00110.png,1763499084.809244,0.0053170030111962,-0.0034533492124056,0.7066195467734143,0.7075652761236455,0.0026440516971956,-0.0124014543740307,1.5694424412776098,-0.0089748352766036,-0.0203802436590194,-0.0025004148483276,0.2918098270893097,-0.0157601442188024,9.855178833007812,51.4191231847832,8.218951764210544,494.3502502441406,0
00111.png,1763499085.04925,0.0079274085190266,-0.0032818514703232,0.7077433095634168,0.7064175772256243,0.0065555758684813,-0.0158585205205888,1.5726192825913463,0.001905471086502,-0.0365024507045745,-0.008602537214756,0.3445102274417877,-0.0399620346724987,9.882020950317385,51.41912681002906,8.218951662439718,494.3532409667969,0
00112.png,1763499085.309275,0.0103682058565516,-0.0017477843887241,0.7086738009494976,0.7054579288694958,0.0121535370058855,-0.0171621708956143,1.575240217660121,-0.0143649578094482,0.0044585242867469,-0.0129291974008083,0.2977392971515655,0.0519792847335338,9.748690605163574,51.4191304832977,8.218951611367656,494.3462829589844,0
00113.png,1763499085.549239,0.0076362754383324,-0.0066102094755407,0.7071577888603999,0.7069836307031369,0.0014488158024776,-0.0201480862404021,1.5710280402573644,-0.0336812287569046,-0.0315311253070831,-0.054966777563095,0.2865103483200073,0.0745798498392105,9.847160339355469,51.41913415689232,8.218951546420325,494.34185791015625,0
00114.png,1763499086.049249,0.0169382887794558,0.0098940937624045,0.713845567231787,0.7000283618721264,0.0378513320559138,-0.0103305359707759,1.590145340385409,0.0102492272853851,0.0798741579055786,0.0851621925830841,0.1402976065874099,0.0647894516587257,9.967181205749512,51.41914520886893,8.218951312612736,494.314453125,0
00115.png,1763499086.30123,0.0010064422451962,-0.0024298889290251,0.7121416822928669,0.7020308448030508,-0.0020477688478194,-0.0048451918599964,1.585100342500339,-0.1322571039199829,-0.0405191183090209,-0.0051951110363006,0.0797743871808052,-0.2067687511444091,9.909759521484377,51.41914881059986,8.218951343604264,494.3201599121094,3185
00116.png,1763499086.55724,0.001527746772439,-0.0156684482086668,0.7077062296687489,0.7063314081991369,-0.0200263758663424,-0.0242990171151965,1.5729841899739154,-0.0007835235446691,-0.0650927424430847,-0.1161979734897613,0.1810546666383743,-0.1498458683490753,9.79293441772461,51.41915249847153,8.218951445731014,494.3245544433594,0
00117.png,1763499086.805232,0.0069447180894263,-0.012742096212591,0.7063814062267062,0.7076826398972554,-0.008175508107106,-0.0278495599016428,1.5690697605774582,0.094425082206726,0.0970436930656433,0.0393724665045738,0.0875361785292625,-0.0193849001079797,9.807364463806152,51.41915966208877,8.218951688526648,494.3231201171875,0
00118.png,1763499087.057279,0.0052106221200961,-0.0055467706193349,0.7061855430313926,0.7079859190451991,-0.0004560570583085,-0.0152139899242932,1.5682536054865024,-0.0156247615814208,0.1080291867256164,0.067254364490509,0.1956376582384109,-0.0726296007633209,9.878432273864746,51.41916318076249,8.218951725610687,494.31683349609375,0
00119.png,1763499087.309261,-0.0025653066090192,-0.0020639931158482,0.705546345760208,0.7086561317866631,-0.0065483744976924,0.0006945627083183,1.566396123700578,-0.0450097769498825,-0.0065115839242935,-0.039050668478012,0.1096945405006408,-0.0488961264491081,9.939760208129885,51.419166699696206,8.218951774092304,494.3219299316406,0
00120.png,1763499087.55754,-0.0017612491939549,-0.0021833487240218,0.7058295468721526,0.7083761583734153,-0.0055774279011961,-0.000606980959299,1.5671965508560275,0.0788531303405761,-0.0309738591313362,0.0843773037195205,0.133590966463089,-0.0938533470034599,9.90910530090332,51.41917021854941,8.218951779584971,494.32171630859375,0
00121.png,1763499088.057236,0.0062486523714944,-0.0023240181027462,0.7084229234373941,0.7057566966255541,0.0055277161962036,-0.0121340575974857,1.5745334896346823,0.0028704106807708,0.003919705748558,0.0095917806029319,0.1477371752262115,-0.0527373366057872,9.81682300567627,51.41918090264673,8.218951745871983,494.3073120117188,0
00122.png,1763499088.30524,0.0027967295774803,-0.0053784433187886,0.7085962780348517,0.7055880989687199,-0.0036758652391786,-0.0115536925764504,1.575071850976955,-0.0421825945377349,-0.0674842745065689,-0.0036139860749244,0.1296478360891342,-0.2396988272666931,9.773120880126951,51.41918445711058,8.218951771116231,494.3135986328125,3190
00123.png,1763499088.553243,0.0029659575934083,-0.0024670748003305,0.706750359217351,0.7074525046839746,0.0007093572500528,-0.0076831352723522,1.569800610665518,0.0570898652076721,0.0455756187438964,-0.0464470908045768,0.140338197350502,-0.1576180309057235,9.730148315429688,51.419187988040896,8.218951767699693,494.3199157714844,0
00124.png,1763499088.809296,0.0013547431471721,0.0010587158210033,0.7062906620087049,0.7079198715611258,0.0034136283089794,-0.0004147129443746,1.5684915647960167,-0.0302884578704834,-0.0057068765163421,0.0167895015329122,0.1633691042661667,-0.0961192399263382,9.834954261779783,51.41919507700349,8.218951718623986,494.31488037109375,0
00125.png,1763499089.305359,0.0049612432329603,0.0019820958120646,0.7084771773582321,0.7057135017301903,0.0098112172348,-0.0042322842860874,1.574684050489675,-0.0120606422424316,-0.0373442769050598,0.0230415016412735,0.2381558716297149,-0.0464433282613754,9.907553672790527,51.41920222805641,8.218951776951165,494.3219299316406,3356
00126.png,1763499089.55342,0.0007780096917628,-0.0085648863245923,0.7064922701014446,0.7076685026974663,-0.0110020896683517,-0.0132219014646412,1.569205557059621,-0.1279369592666626,-0.0112131834030151,-0.060688316822052,0.2691755592823028,-0.0974219888448715,9.767289161682127,51.41920588960341,8.218951820121134,494.3181457519531,0
00127.png,1763499089.805256,-0.0008474044752804,-0.0063171397640016,0.7044533108622666,0.7097217119872044,-0.0101035798713737,-0.0077729869927081,1.5633847819232731,0.0980609655380249,-0.0330528020858764,-0.057704284787178,0.3138389587402344,-0.0748564153909683,9.91934871673584,51.41921320090562,8.218951788697069,494.3341064453125,0
00128.png,1763499090.301219,0.0226751265747528,-0.0127092863030885,0.7110972945200008,0.7026129449439572,0.0138063781774078,-0.0501288526523513,1.582453009890744,-0.1004415452480316,-0.0253873895853757,-0.0278110727667808,0.4492252469062805,-0.044623102992773,9.687810897827148,51.41922087823853,8.218951663907534,494.3084411621094,0
00129.png,1763499090.805203,0.0184614198625583,-0.0045156500147494,0.7118228360352029,0.7021018693753801,0.019506528602335,-0.0326292026739565,1.5842281620182537,0.1622878313064575,0.0821188688278198,-0.0046685338020324,0.3598920106887817,-0.2745398879051208,9.710017204284668,51.41922839600871,8.21895148701186,494.3146667480469,0
00130.png,1763499091.549206,0.048225196061977,0.0149024294525772,0.640784457245508,0.7660597414130145,0.0931907733227822,-0.0389814813357146,1.3913528809806237,0.0363536179065704,0.0090551227331161,-0.4819169044494629,0.404223620891571,-0.0685136169195175,9.865534782409668,51.41924266911525,8.218951955482517,494.2823181152344,0
00131.png,1763499091.801234,0.0543196229661791,0.0209412957714542,0.5979331564627035,0.7994290344331839,0.1121829860968093,-0.0314820476726275,1.2826080967803906,0.1045439839363098,0.0230389144271612,-0.5276479721069336,0.3289742469787597,0.0262630861252546,9.82321548461914,51.41924597166189,8.21895261640852,494.2845764160156,0
00132.png,1763499092.053204,0.0600866568007591,0.0302108983383334,0.5353049580346544,0.8419771357938501,0.1339394742384991,-0.0134560053518697,1.131712593486163,-0.0145079046487808,-0.0454806089401245,-0.6261000633239746,0.1589294523000717,0.1616729497909546,10.0034818649292,51.41925212707098,8.218954913065515,494.2863159179688,0
00133.png,1763499092.305205,0.0758989388865875,0.0232246974212226,0.4696465898540386,0.8792792759664333,0.1559914289968786,-0.0304540725998188,0.9787693849275554,0.1180126667022705,-0.1555360555648803,-0.4848051071166992,0.375119000673294,0.2895334959030151,9.959723472595217,51.41925511279784,8.218956844088037,494.29302978515625,0
00134.png,1763499092.557208,0.0840400241344592,0.0215065176474894,0.4217088962090599,0.9025720751830816,0.1707593285649112,-0.0320639809788541,0.8714350501252626,0.0309117846190929,-0.0143640339374542,-0.5434627532958984,0.4278456568717956,0.3498684167861938,9.903815269470217,51.41925794430768,8.218959307399977,494.2827453613281,3140
00135.png,1763499092.809203,0.0856722948651615,0.0230012831189875,0.352530678805481,0.931586452975978,0.1767861180016115,-0.0175497578740021,0.7219754297517833,0.0405031144618988,-0.061926782131195,-0.6254916191101074,0.2921433746814728,0.3289456069469452,9.84749698638916,51.41926295139585,8.21896596315911,494.2965393066406,0
00136.png,1763499093.301221,0.0844496625201605,0.014692170308786,0.1996139677279657,0.9761181580729597,0.1715739342870506,-0.0050320972151636,0.4030003601247455,-0.0642719864845275,-0.0459034703671932,-0.5937833786010742,0.0358428172767162,0.5286383032798767,9.683268547058104,51.41926678189876,8.218974513258889,494.27728271484375,0
00137.png,1763499094.057213,0.0574541183343009,0.0137489037447703,0.0268852214923269,0.997891365228477,0.1156973976185217,0.024352898327511,0.0552814593526828,-0.1818175315856933,0.0391598045825958,-0.306697130203247,-0.2207106649875641,0.7818076014518738,9.879478454589844,51.41927032925916,8.21899509978196,494.294677734375,0
00138.png,1763499094.309205,0.0494351212136675,0.0203798037854966,0.0034287303251054,0.9985635063412904,0.0991107811903713,0.040373024238538,0.0088699102153676,0.0431964099407196,-0.0275806784629821,-0.1387503147125244,-0.2725617289543152,0.6484424471855164,9.935741424560549,51.41927047084019,8.219000584063624,494.3125,3182
00139.png,1763499094.549208,0.0468875845180179,0.023641064525898,-0.0018052758814326,0.9986187437982224,0.0938030052691122,0.0474038621170883,-0.0013901819556564,-0.1382619142532348,0.0386689007282257,0.0079669803380966,-0.1972954124212265,0.8829910159111023,9.958115577697754,51.41927049362245,8.219006253506121,494.3119201660156,0
00140.png,1763499094.801212,0.038354280439103,0.0252279214118233,-6.996376664781779e-06,0.9989456947723876,0.0768003308101691,0.0504245494693038,0.0019236658016991,-0.0072062462568283,-0.0484728515148162,-0.0211622714996337,-0.3101399838924408,0.7820693254470825,9.671324729919434,51.41927007188206,8.219018132758636,494.3287963867188,0
00141.png,1763499095.305202,0.0396690653760958,0.0179595890137717,0.0006686175902405,0.9990512356056428,0.079421290953012,0.0358397244309398,0.0027626242786105,-0.0387426801025867,-0.1039745211601257,-0.0385233759880065,-0.1618378162384033,0.6837013959884644,9.788037300109863,51.41926970698627,8.219030332846211,494.3197326660156,0
00142.png,1763499095.557205,0.0404398650352758,0.0120943791419097,0.0012314887499055,0.9991080155541538,0.0809491753424337,0.024069903933691,0.0034399739090389,-0.0185560882091522,-0.0649139881134033,0.0203680172562599,-0.2437923848628997,0.7736637592315674,9.797046661376951,51.41926950526357,8.219036592927408,494.3139953613281,0
00143.png,1763499095.809203,0.0344269214743652,0.0136940722604271,0.00152398783307,0.9993122319494588,0.068928398246271,0.0272677543530638,0.0039902628006097,-0.0178087651729583,0.106391966342926,0.0201318934559822,-0.1675415188074112,0.8351511359214783,9.95783519744873,51.41926912172033,8.219049039915143,494.3060302734375,0
00144.png,1763499096.0492,0.0348532759101201,0.0219520432911573,0.0029074158960434,0.9991470882139843,0.0698982591057594,0.0436778607879547,0.0073471466997986,0.068032681941986,0.0207724124193191,0.0361812375485897,-0.3518783748149872,0.7532392144203186,9.896768569946287,51.41926897817667,8.219055270266551,494.3148498535156,0
00145.png,1763499096.805201,0.0732744471171657,0.0135162091295745,-0.0330322114962565,0.9966729857350936,0.1457573212464402,0.0317886686610648,-0.0639396799738467,0.1013508439064025,-0.060333028435707,-0.2781093120574951,-0.3723192811012268,0.703955352306366,9.921815872192385,51.41926865879064,8.21907378492425,494.3031921386719,3211
00146.png,1763499097.3092,0.0966941067999981,-0.0051284493678959,-0.1320490206818159,0.98650240995864,0.1933577954084448,0.0154188798406464,-0.26463420720083,0.0626471638679504,-0.1044951677322387,-0.3623814582824707,-0.2778340578079223,0.7976479530334473,9.890301704406738,51.41926766735931,8.219090960995766,494.2880554199219,0
00147.png,1763499097.549201,0.1005107134618842,-0.0084778122094318,-0.2016128631103434,0.9742576541182392,0.2006665946790961,0.0240116658530789,-0.4057018553780735,-0.0058600902557373,-0.0205075442790985,-0.6124172210693359,-0.4116624593734741,0.805102527141571,9.857421875,51.4192669118883,8.219096339831111,494.2893981933594,3241
00148.png,1763499097.801212,0.1045011188685389,-0.0079137394465826,-0.2618799554130072,0.959393442668896,0.2062803347675355,0.0395590341971791,-0.5288497276165275,0.0081291794776916,-0.0595913082361221,-0.6996850967407227,-0.4589497745037079,0.7980217933654785,9.940844535827637,51.419264617814086,8.219106245925174,494.2966003417969,0
00149.png,1763499098.053254,0.1076674633213747,-0.0061538191277841,-0.329184226209108,0.9380871990743684,0.2079128530125241,0.059374102251451,-0.6687741976042769,0.0507009625434875,-0.116470992565155,-0.5153460502624512,-0.6232128739356995,0.714309573173523,9.828262329101562,51.41926300086737,8.21911075336539,494.29486083984375,0
00150.png,1763499098.557209,0.1182647176686904,-0.0111634201679247,-0.4703127927088902,0.8744682450605418,0.220029125090838,0.0918477901920216,-0.9767463252437408,-0.0238374546170234,-0.0211025923490524,-0.6287274360656738,-0.8597720265388489,0.8323882222175598,9.810972213745115,51.41925882345412,8.21911861737069,494.30572509765625,0
00151.png,1763499099.301201,0.0900689032415988,0.0011366635933388,-0.6397924664305776,0.7632508765559392,0.1374084148105427,0.1172544265485989,-1.3871840595505378,-0.1389132738113403,-0.0640203356742858,-0.4539787769317627,-1.0770305395126345,0.4398839175701141,9.880619049072266,51.41924710076721,8.219128149394065,494.3373718261719,0
00152.png,1763499099.553207,0.0692982690808185,0.0147520785191747,-0.6769414508907384,0.7326188628118363,0.0822073676413344,0.1156949734311889,-1.4870742121415494,-0.1940337419509887,-0.0244667530059814,-0.2923247814178467,-1.0209041833877563,0.4193939566612243,9.76512050628662,51.41924368592762,8.219129215229156,494.3489074707031,0
00153.png,1763499100.057224,0.0529876930849342,0.0253342918922908,-0.7050383112672421,0.7067329465089965,0.0394246991840143,0.110752140965918,-1.5662099043418176,0.063542902469635,-0.0518382787704467,-0.1050877124071121,-1.024128556251526,0.1669714003801345,9.855402946472168,51.41923256631123,8.219129723394278,494.361083984375,0
00154.png,1763499100.801197,0.0556599507211273,0.0418919975921182,-0.705912553199028,0.7048648790083764,0.0195082092947265,0.138076837483671,-1.570932567918723,0.0053638368844985,-0.0030451714992523,0.0360793024301528,-1.0682231187820437,0.2584854662418365,9.853029251098633,51.41922092982729,8.219128776438668,494.3687133789063,0
00155.png,1763499101.305207,0.0412393934998305,0.0231047580987104,-0.70633537898777,0.7062972568028065,0.0257244377842615,0.091020969761901,-1.5696786949843644,0.0219633877277374,0.0139869153499603,-0.0422360524535179,-0.951667845249176,0.3520790338516235,9.681118965148926,51.41920919994711,8.219127828471414,494.3558349609375,0
00156.png,1763499101.557196,0.0434349218519487,0.0281851815327713,-0.7064219788644374,0.7058944615754768,0.0216122151689246,0.1013316187827362,-1.570447370121405,-0.0007357783615589,0.0443217158317565,0.0111654549837112,-1.0477670431137085,0.1555895805358886,9.723082542419434,51.41920531531495,8.219127642682654,494.35198974609375,0
00157.png,1763499101.809199,0.045265156372875,0.0291878892829514,-0.7073238547017962,0.7048348014304753,0.0226458700859404,0.105374430753125,-1.5731271942548326,-0.0366248711943626,0.0028353780508041,-0.0837556719779968,-0.8261812925338745,0.1243398785591125,9.79293441772461,51.41919761419497,8.21912726138767,494.3461608886719,3279
00158.png,1763499102.061287,0.0404584464218905,0.0277418987988526,-0.7075851128622617,0.7049232647741609,0.017864782638711,0.0965171907951751,-1.573702466318609,-0.053620845079422,-0.0304421782493591,-0.0326688215136528,-1.0004703998565674,0.244993194937706,9.980097770690918,51.4191938379388,8.219127125048308,494.3366088867188,0
00159.png,1763499102.553213,0.0511336035250556,0.0289808137891441,-0.7062947670615377,0.7054737195985046,0.0314156175070147,0.1133638555640189,-1.570176720718792,-0.0031795278191566,0.0174162983894348,0.072816863656044,-0.9173212647438048,0.32884281873703,9.75267219543457,51.419186420939226,8.219127012380305,494.3335571289063,0
00160.png,1763499103.057201,0.0558411955779414,0.0193612395613836,-0.7055571214533888,0.7061841485373916,0.051863515835907,0.1063438346631669,-1.567147122194465,-0.0170291438698768,-0.0114244371652603,-0.0193416029214859,-0.9063630700111388,0.4393301606178283,9.695773124694824,51.419175379328166,8.219127464028658,494.3580627441406,0
00161.png,1763499103.313206,0.0538454232497737,0.0155972053300337,-0.7059351249945554,0.7060545282624191,0.0543025800360775,0.0982054841236575,-1.5679579941390571,0.0404358506202697,-0.0292092263698577,-0.0982188507914543,-0.8016340136528015,0.4612751603126526,9.763980865478516,51.419171661569145,8.219127673222753,494.36663818359375,0
00162.png,1763499103.561209,0.061442454301945,0.0074233295547479,-0.7079263022640541,0.7035695200549964,0.0763851207373655,0.0975939656371843,-1.5732374558685962,0.1101617217063903,0.0030943425372242,0.0212891679257154,-0.7801241874694824,0.6643014550209045,9.610350608825684,51.41916794954149,8.219127918891965,494.3716430664063,0
00163.png,1763499103.805195,0.0560246197022021,0.0080527664448564,-0.7074524704061697,0.7044908779083062,0.0678749001229895,0.0907401834386801,-1.5719085928220211,0.0011815726757049,-0.0787529945373535,0.0180048048496246,-0.81460040807724,0.5087108612060547,9.865422248840332,51.419160499074536,8.219128567318098,494.3690490722656,3269
00164.png,1763499104.057201,0.0513921597518314,0.0033287710713709,-0.708034467103427,0.7042974929621452,0.0679331788165296,0.0775414129332041,-1.5734520846530171,-0.020034059882164,-0.0334401279687881,-0.0612697750329971,-0.7285704016685486,0.584668755531311,9.688708305358888,51.419156759497376,8.219128831110208,494.3665161132813,0
00165.png,1763499104.309229,0.0562862567317718,0.0035934852077518,-0.7077472711648787,0.7042107243757755,0.0745249514038264,0.084835756222816,-1.5726411886441458,0.0036908090114593,0.0302306413650512,0.0964256674051284,-0.7354338765144348,0.794312596321106,9.766223907470703,51.419153011458434,8.21912913838064,494.3512878417969,0
00166.png,1763499104.561201,0.05668997408381,0.0051171300508636,-0.7081248373562159,0.7037892273526586,0.0728922494949294,0.087601920646554,-1.573741565435588,0.0400367379188537,-0.0002311691641807,-0.0179062932729721,-0.867059588432312,0.7684568762779236,9.771943092346191,51.41914929085985,8.219129429640487,494.34954833984375,0
00167.png,1763499104.801203,0.0571540979971453,0.0076240435343784,-0.7070996089413966,0.7047591262816274,0.0701297200959062,0.0917019793687592,-1.5708926977247162,0.0113014876842498,-0.0043260604143142,-0.0437202155590057,-0.8039658665657043,0.4378458857536316,9.834954261779783,51.4191456181619,8.219129665191392,494.3451843261719,0
00168.png,1763499105.053228,0.0563402554206267,0.0051156395889093,-0.7067698306361475,0.7051780004745514,0.0725663127161883,0.0869636300306934,-1.5698924374477288,0.0233361665159463,-0.0860340595245361,-0.0088962875306606,-0.7762222290039062,0.6486281752586365,9.924695014953612,51.419138266797525,8.219130065724825,494.3307800292969,0
00169.png,1763499105.305197,0.053097142710477,0.0035879717717828,-0.7061237088068051,0.7060857793182569,0.0701979180193711,0.0801388853630315,-1.5680345911357243,-0.0014750063419342,-0.0257214456796646,0.1186344176530838,-0.6995568871498108,0.5392927527427673,9.662109375,51.41913457846874,8.219130184146596,494.32861328125,3295
00170.png,1763499106.061205,0.0538323833706328,0.003957325638284,-0.7046040857406856,0.7075446957132551,0.0708957360397708,0.0815513686160742,-1.5637379662670052,0.0868260860443115,-0.0735086798667907,-0.0705213323235511,-0.8495147824287415,0.4898354113101959,9.991106986999512,51.41912009878093,8.219130285553218,494.3341369628906,0
00171.png,1763499106.301202,0.0563808114483487,-0.0031475872431399,-0.7057593690914505,0.7061975713174115,0.0844134110166235,0.0752078134481951,-1.5669979693175948,-0.02617147564888,0.0395801067352294,-0.0052990149706602,-0.6770786046981812,0.6781837344169617,9.715250968933104,51.41911652172052,8.219130433404002,494.3184814453125,0
00172.png,1763499106.553212,0.0599320969102851,0.0012809690561661,-0.7056065720567223,0.7060636432706158,0.0832308693051462,0.0864936593229354,-1.566544972253512,-0.0270656198263168,0.0036320090293884,-0.0243596509099006,-0.7806627154350281,0.5712303519248962,9.81635570526123,51.41911295791471,8.21913045072884,494.3238220214844,0
00173.png,1763499106.805205,0.0505275931050517,0.0056236114659928,-0.704914232923666,0.7074682053285009,0.0638085584893454,0.0792753008448834,-1.5646483812640168,-0.1123883128166198,-0.0083171278238296,0.1012165769934654,-0.6014834046363831,0.4447198808193207,9.854637145996094,51.4191057784141,8.219130331379521,494.3287963867188,0
00174.png,1763499107.057207,0.0449563194167559,0.0075922103869636,-0.7051179912057733,0.7076227145618446,0.0530884052159181,0.0742119609159987,-1.5652791595497932,-0.0200157314538955,-0.0216146111488342,0.0088172927498817,-0.6514331698417664,0.4936333894729614,9.820150375366213,51.41910214630022,8.219130088735911,494.3357849121094,3368
00175.png,1763499107.309199,0.0484036493507948,0.0036293255948119,-0.7080574940497139,0.7044845632413044,0.0632736846762754,0.0737255114564428,-1.5735209052280876,0.0488156676292419,-0.0123560279607772,-0.0842645466327667,-0.6976199746131897,0.4601413905620575,9.780747413635254,51.41909852947128,8.219129965200942,494.3367614746094,0
00176.png,1763499107.561204,0.0522542667966617,0.0014619135119752,-0.7104634366955149,0.7017898969985423,0.0715351174667102,0.07637563542546,-1.5803451724348083,-0.0470489114522933,-0.0034110601991415,-0.0551339164376258,-0.6461783647537231,0.4451059997081756,9.80439281463623,51.41909496105888,8.219129812262624,494.3353576660156,0
00177.png,1763499107.801206,0.0487495091676688,0.0043264083525413,-0.7109864365218299,0.7015005735055874,0.0624618347486918,0.0754620350978847,-1.5818689254611369,-0.0814873576164245,-0.0282459557056427,-0.0322620570659637,-0.682027280330658,0.3687397539615631,9.77493381500244,51.419091365026674,8.21912965844614,494.3386535644531,0
00178.png,1763499108.053203,0.0400253440688231,0.0094805788036243,-0.7103797801869152,0.7026155836297044,0.0428941466413195,0.0702465536622273,-1.5802784810791144,-0.0111554265022277,-0.0150052942335605,0.0954795628786087,-0.5666630864143372,0.410543292760849,9.710484504699709,51.4190841985082,8.219129113158727,494.34613037109375,0
00179.png,1763499108.557221,0.0453748148331162,0.0121151579957284,-0.7090497678954877,0.7035927627349176,0.0468427800061514,0.0814844210567944,-1.5766123579885574,0.0732670128345489,-0.0184069164097309,0.0216155014932155,-0.6927834153175354,0.5378119945526123,9.877591133117676,51.4190769695723,8.219128530075915,494.3516845703125,3360
00180.png,1763499108.809198,0.0434522824571166,0.0105550383880234,-0.7082721966423754,0.7045218135567406,0.0464268909488102,0.0764991886486166,-1.574328491157933,-0.0024060606956481,0.0036947280168533,0.0082812532782554,-0.6234570145606995,0.3595643043518066,9.814038276672363,51.41906981255328,8.21912808084448,494.3457336425781,0
00181.png,1763499109.061227,0.040733940512187,0.0089008300281996,-0.7082404219719346,0.7047389772108358,0.0449318055558236,0.0703022662468446,-1.5741721121912222,-0.0182345658540725,0.0187644436955451,0.0207340400665998,-0.5759541988372803,0.3116105198860168,9.81128978729248,51.41906622372667,8.21912790336104,494.341796875,3366
00182.png,1763499109.553205,0.0431185161555486,0.0097109285631582,-0.7086273304400905,0.7041972720653891,0.0471143451628285,0.074856627248488,-1.5753029537473815,-0.0523985624313354,-0.0429355129599571,-0.0112250000238418,-0.6583106517791748,0.4558451473712921,9.767569541931152,51.4190590779383,8.219127554400101,494.3418273925781,0
00183.png,1763499110.053208,0.0496903736036606,0.0165499673643514,-0.7058649704933169,0.7064075373195253,0.0470628277161824,0.0936683420631382,-1.567821799050479,0.0754421651363372,-0.0264081135392189,-0.0087185800075531,-0.7606576085090637,0.466858834028244,9.72111988067627,51.41904841547522,8.219127192932694,494.3570861816406,3383
00184.png,1763499110.557211,0.0415266925755601,0.0151546293034721,-0.7046831053849852,0.7081437650642581,0.0375845664510266,0.080075176560692,-1.5643916442058736,0.0003281831741333,0.0500002577900886,0.0037873834371566,-0.7694241404533386,0.3894534409046173,9.885254859924316,51.419041337872365,8.21912709315018,494.35107421875,0
00185.png,1763499110.809202,0.0435331642281443,0.0146683116512836,-0.7039034087558144,0.7088086451134263,0.0412139118079119,0.0821727831752689,-1.5621574059816374,0.0595838725566864,0.0197101831436157,-0.0014352649450302,-0.7079017162322998,0.357192188501358,9.591920852661133,51.41903422889035,8.219126895319846,494.3482666015625,0
00186.png,1763499111.061199,0.0477435869681064,0.0182376298728645,-0.7036496248734034,0.7087066700515506,0.0422021221467927,0.0931745311634686,-1.5616674143688625,-0.0327429771423339,0.0605108141899108,-0.074540227651596,-0.8540417551994324,0.2104905098676681,9.845571517944336,51.419030740312245,8.219126830006969,494.3374633789063,0
00187.png,1763499111.3012,0.0462220415187581,0.0242523482234678,-0.7030990550476874,0.7091735085820217,0.0316170977219272,0.0995599879664591,-1.56061866736266,-0.0301557704806327,-0.0652069449424743,-0.0168102364987134,-0.8515358567237854,0.2490489333868026,9.906021118164062,51.41902724754467,8.219126668450933,494.3236083984375,0
00188.png,1763499111.805202,0.0440754830353891,0.0231925943859795,-0.7046649585281399,0.707790047671892,0.0298456051293621,0.0950911144266892,-1.5649510867253391,0.005502164363861,0.0144882500171661,-0.0115147940814495,-0.8421127200126648,0.1499280780553817,9.742335319519045,51.41902017987984,8.219126371846942,494.3067321777344,0
00189.png,1763499112.309199,0.0451377574563324,0.0232889322913206,-0.7036785664388913,0.7087007010149283,0.031354023956184,0.0966852761548117,-1.5621677198048216,-0.0146028771996498,0.1393637657165527,0.0836551412940025,-0.9048104286193848,0.0599397495388984,9.82145881652832,51.419009622821086,8.219125966841363,494.29144287109375,0
00190.png,1763499112.561203,0.0512297769615229,0.028541647775932,-0.7044286062491798,0.7073480211271855,0.0324754872096956,0.112792203425519,-1.5648269341789234,-0.0401056557893753,-0.0359590947628021,0.0001575350761413,-0.95278000831604,0.366836667060852,9.996210098266602,51.41900615595562,8.219125846237985,494.30169677734375,0
00191.png,1763499112.801203,0.0415611114789199,0.0302452274774465,-0.7051337515061754,0.7072088041832493,0.0162151768950369,0.1015661981226789,-1.567033690134941,0.0799794793128967,-0.0606127381324768,-0.0863259956240654,-0.850090742111206,0.3563002049922943,9.89589023590088,51.4189992598684,8.219125675357192,494.3132629394531,0
00192.png,1763499113.305214,0.0470981646679212,0.0222305143224916,-0.7068878282509572,0.7054056743381898,0.0351941295300598,0.0981066026428109,-1.5711673056830258,0.030283510684967,0.0086609274148941,-0.0211380738765001,-0.7570114731788635,0.0503707490861415,9.646557807922363,51.41899221066908,8.219125667918101,494.3472290039063,0
00193.png,1763499113.557203,0.0399370789795605,0.0291505706652952,-0.7055079187477769,0.7069751413852177,0.0154112656356527,0.0977247817639309,-1.5679651732116189,-0.0926000475883483,-0.0018417462706565,0.1128921657800674,-0.7668902277946472,0.1347276717424392,9.703568458557127,51.41898867555672,8.219125657878951,494.35540771484375,3367
00194.png,1763499113.809198,0.0388963142287303,0.0259308469570147,-0.7061323276793411,0.7065350689963432,0.0184204364115079,0.0917024675101586,-1.56938092523087,0.0435083508491516,-0.0037891510874032,-0.0875408574938774,-0.7676425576210022,0.1050162762403488,9.71390438079834,51.418981465488365,8.219125469268638,494.37200927734375,0
00195.png,1763499114.061206,0.0414521368383564,0.0231578852399236,-0.7069002771665963,0.7057176707753168,0.0258773125964855,0.091418193170511,-1.5712869545593589,-0.0031588524580001,0.0132188349962234,0.0751826092600822,-0.713926374912262,0.2048531174659729,9.69508171081543,51.418977835564185,8.21912544254412,494.3638610839844,0
00196.png,1763499114.301199,0.0383908664310754,0.027997368107145,-0.7059258783132423,0.7066901322937954,0.0147985056299113,0.0939111172487322,-1.5690188903374531,-0.0568051636219024,-0.0644947290420532,0.0182392746210098,-0.7335635423660278,0.0525330379605293,9.872020721435549,51.41897419455863,8.219125405598712,494.3679809570313,0
00197.png,1763499114.553197,0.0355974270206584,0.0192797409481195,-0.7049224179848937,0.7081281659423053,0.023305822648317,0.0775696706005713,-1.5653545841741496,0.0384129285812377,-0.1287440657615661,-0.053298681974411,-0.6497344970703125,0.1223760545253753,9.770336151123049,51.41897054613479,8.21912534354349,494.3630065917969,0
00198.png,1763499115.05721,0.0400579315596584,0.0174419593298202,-0.7068488599798064,0.7060140432874877,0.0320165943237383,0.0813480334256404,-1.570674991146494,-0.0645300447940826,0.0513267815113067,0.0261790603399276,-0.5866174101829529,0.1084198281168937,9.732409477233888,51.41895953362295,8.219125696146357,494.3618469238281,3420
00199.png,1763499115.309198,0.0392349706099863,0.0150617665430383,-0.7083849308075406,0.7045740202949811,0.0340560014245309,0.0768869143884452,-1.5748805382906836,0.0064421892166137,-0.0730248689651489,-0.0415354967117309,-0.617191731929779,0.2355623543262481,9.890543937683104,51.41895583726601,8.219125724282865,494.3665466308594,3417
00200.png,1763499115.561203,0.0308777968409979,0.0121974203842424,-0.7064290317779655,0.707004814452817,0.0264804750876212,0.0609108717220329,-1.5691748270301709,-0.1119871139526367,-0.1247121691703796,0.0388951897621154,-0.535949170589447,0.1774850785732269,9.8659086227417,51.418952071892505,8.219125689829202,494.3616027832031,3446
00201.png,1763499115.801219,0.0243134298321196,0.0112954381566788,-0.7049420076347577,0.7087580941890713,0.0185639779053708,0.0503118053580236,-1.5649305128655202,0.0192134380340576,-0.0252765119075775,0.0961381122469902,-0.393351286649704,0.0153977684676647,9.69674587249756,51.418944491924016,8.21912561318785,494.3581848144531,3422
00202.png,1763499116.305197,0.0313910009499272,0.0082557218425422,-0.7075883974040073,0.705878961278383,0.0326904449927864,0.0561083317204041,-1.5722976841511846,0.0695353150367736,0.0067642629146575,0.0975727140903472,-0.713310718536377,0.3707552850246429,10.07611846923828,51.41893703993351,8.21912576752897,494.3512573242188,3432
00203.png,1763499116.557212,0.0343049826556692,0.0021309933413974,-0.7089670748733403,0.7044035163014966,0.0453836120648615,0.0516673495457958,-1.5760811124742349,0.1058869957923889,0.0397096276283264,-0.124727725982666,-0.5397810339927673,0.3243473768234253,9.786691665649414,51.41893336073547,8.219125756288332,494.3509826660156,0
00204.png,1763499116.809194,0.0483950542524611,0.017285089487204,-0.710575954853163,0.7017413745745908,0.043559528979769,0.0931707896247129,-1.5812758942425047,-0.1150944828987121,0.0772197842597961,-0.0404808968305587,-0.8606587052345276,0.2889578342437744,9.877778053283691,51.41892628560495,8.219125879841746,494.3623352050781,0
00205.png,1763499117.061319,0.0495223860826062,0.032528523961821,-0.7115483240312347,0.7001345663327098,0.0232122712521461,0.1162857289924698,-1.5856151903292974,-0.0084580183029174,0.0919104814529419,-0.0280174016952514,-1.0366394519805908,-0.0875414758920669,9.631098747253418,51.41892275523847,8.219125786476976,494.3841552734375,0
00206.png,1763499117.301221,0.0459449085883235,0.0189923538086686,-0.7125087369690466,0.6998997468312094,0.0374168009577705,0.0921883092353516,-1.5869243273898657,-0.0045633018016815,-0.1867477893829345,0.0584433078765869,-0.8305505514144897,0.2207341790199279,9.83568286895752,51.41891921695871,8.219125745955294,494.3870239257813,3462
00207.png,1763499117.553213,0.0245596220403234,0.0247592830260711,-0.7052877488334262,0.7080628462324156,-0.0001456805593757,0.069762029753847,-1.566874438729931,-0.200529932975769,-0.160724401473999,0.0496633052825927,-0.7975404858589172,0.0005855858325958,9.73388671875,51.41891562661719,8.219125554757616,494.3748474121094,3276
00208.png,1763499117.80521,0.0244737827995783,0.0301568160245936,-0.7022211965510938,0.7108987209983485,-0.0075794701166558,0.0773259381038019,-1.5588083032490037,0.1001498103141784,0.1855236887931823,0.056839644908905,-0.7555780410766602,0.0436502397060394,9.65455722808838,51.41890848879298,8.219124960414431,494.3865966796875,0
00209.png,1763499118.057215,0.0435282053476044,0.027077498307071,-0.7035336765349045,0.7088106026336852,0.0237269166928307,0.0997983303417035,-1.5621387915638358,0.1479610204696655,-0.0018646419048309,0.0367957651615142,-0.927956998348236,0.1787383258342743,9.895628929138184,51.41890500895576,8.219124913007539,494.38134765625,0
00210.png,1763499118.309205,0.0430182117402389,0.0215171812716889,-0.70403248659541,0.7085370153965685,0.0307952008065818,0.0911902077879884,-1.5630133733346496,-0.076560229063034,-0.0446101129055023,-0.0229708552360534,-0.8000697493553162,0.0277390982955694,9.835552215576172,51.41890152157017,8.219125022996003,494.37493896484375,3502
00211.png,1763499118.561209,0.0408885282764548,0.03120408099145,-0.7040250995163834,0.7083100259320146,0.0140600686262946,0.1019539640628432,-1.56401111154087,0.0182937979698181,0.0714523792266845,-0.0646535828709602,-0.8072521090507507,0.0096550108864903,9.862618446350098,51.418897990190445,8.219125076533054,494.3636169433594,0
00212.png,1763499118.801224,0.0404447917598867,0.0295295093764648,-0.7045800362960347,0.7078553519954223,0.0157238934619825,0.0989598690479313,-1.5653798390353533,0.0106183439493179,-0.0105607211589813,0.0080458112061023,-0.8113164901733398,0.1564599275588989,9.918768882751465,51.41889084984205,8.219125088905383,494.3701477050781,0
00213.png,1763499119.053206,0.0352349870898312,0.0228118460082749,-0.7051967264553495,0.7077681063477876,0.0177634542214349,0.0820783163881287,-1.566427210805308,0.0336856544017791,-0.0841668844223022,-0.0745296627283096,-0.6802176833152771,0.1742942929267883,9.709643363952637,51.41888720873809,8.219125119310743,494.3617248535156,0
00214.png,1763499119.557212,0.0336032893698658,0.0092264814308744,-0.7070320563275044,0.7063224209305772,0.0344927943670055,0.0605880089864233,-1.5707551645351712,-0.0166872292757034,-0.060562640428543,-0.0019496232271194,-0.6136075258255005,0.1959408223628997,10.034398078918455,51.41887993253533,8.219125264973945,494.3472290039063,0
00215.png,1763499119.809202,0.0366942667894602,0.0167759607489705,-0.706644549244121,0.706417425428695,0.0282180613628404,0.0756333575146973,-1.570050097045946,-0.0086721181869506,0.1301411390304565,0.0372132733464241,-0.600043535232544,0.1372963637113571,9.821645736694336,51.41887265040888,8.21912539563494,494.35400390625,0
00216.png,1763499120.061203,0.0412722833517342,0.0170312721830782,-0.7082506055930641,0.7045478082229896,0.0341547141492033,0.0825546704942208,-1.5746273525762329,0.1058215498924255,0.0099558755755424,-0.0083126127719879,-0.5770021080970764,0.2878424525260925,9.670577049255373,51.4188690452256,8.21912551327656,494.37310791015625,0
00217.png,1763499120.301202,0.0368737983259658,0.00909421351819,-0.7091361185708182,0.7040479980909087,0.0391167140189641,0.0651486859593312,-1.576722411915478,0.0036555896513164,-0.03961843252182,-0.0604853630065918,-0.7078935503959656,0.1596039831638336,9.799046516418455,51.41886543408015,8.219125634041342,494.3729248046875,0
00218.png,1763499120.553203,0.0418282242134771,0.013818555713547,-0.7107606078574555,0.7020532782454898,0.0392200871183728,0.0789444070765136,-1.5815732878385675,-0.0042515248060226,0.1731672883033752,-0.0318861454725265,-0.7106903195381165,0.2961230278015136,9.933143615722656,51.41886181812266,8.219125721564621,494.3746948242188,3474
00219.png,1763499121.057204,0.0343973842901422,0.0272541138652248,-0.705728639043344,0.7071217160188528,0.0102172594631114,0.0872048755935244,-1.568378534368513,-0.1020713448524475,-0.0702971220016479,0.0712325572967529,-0.8670373558998108,0.1649758517742157,9.88306713104248,51.41885118857513,8.219125454590008,494.4012756347656,0
00220.png,1763499121.309208,0.0277442964897737,0.0221096349675944,-0.7060604726129556,0.7072623467055608,0.0080435878466189,0.0705113409101523,-1.5688118481646365,0.0962610840797424,-0.0204724371433258,-0.064763069152832,-0.683353841304779,0.1508498340845108,9.651286125183104,51.41884758641243,8.21912534982769,494.3903503417969,3547
00221.png,1763499121.801201,0.0402651399151366,0.0241136075032376,-0.7024808242517536,0.7101534651041078,0.0234090338903804,0.0909450170131408,-1.558868299790973,0.0290232598781585,-0.0068422257900238,0.0542078763246536,-0.7545675039291382,0.2183192521333694,9.862692832946776,51.41883685352335,8.219125255977382,494.37213134765625,3589
00222.png,1763499122.053207,0.0443963578389555,0.0227885713365662,-0.7059033646968529,0.7065480055429605,0.0307065918845062,0.0950244576878103,-1.5684233777380747,0.0926693081855773,-0.0491750240325927,0.0079287961125373,-0.719794511795044,0.2053025960922241,9.769868850708008,51.41883337796565,8.219125434552712,494.36859130859375,0
00223.png,1763499122.305272,0.0424269270735084,0.0146323152745301,-0.7056707186615926,0.7071171671176123,0.0394890414302145,0.0806598367146955,-1.5671550156462744,-0.0279755294322967,-0.0960946083068847,0.0061822086572647,-0.8502017259597778,0.37824347615242,9.863309860229492,51.41882980648632,8.219125489960838,494.35980224609375,0
00224.png,1763499122.557208,0.0396302206844168,0.0188294223414676,-0.7059038450028142,0.7069474238393079,0.029554658035972,0.0826671974702921,-1.5680966753222951,0.0059655010700225,0.0400156080722808,-0.0074586421251297,-0.7872645258903503,0.2283723503351211,9.732222557067873,51.41882620268765,8.219125588172133,494.354736328125,3571
00225.png,1763499122.809203,0.0430723681604869,0.0196829734402423,-0.7057248497794623,0.7069015405707881,0.0332512564804254,0.0887387469238255,-1.56765392330924,0.0349205732345581,0.0321821868419647,0.022168144583702,-0.750278890132904,0.2100839614868164,9.890226364135742,51.41881907706762,8.219125750467114,494.3668823242188,0
00226.png,1763499123.061204,0.0449556374803275,0.0209900653079697,-0.7058697648662968,0.7066019267343554,0.0340535223884547,0.0932640374785024,-1.568170326943275,-0.0146951824426651,-0.0271975081413984,-0.0228046979755163,-0.7325284481048584,0.0932671800255775,9.655641555786133,51.41881553675617,8.21912589476347,494.3656311035156,0
00227.png,1763499123.301203,0.0436547301311117,0.0198302795561709,-0.7067533751595255,0.705833331070815,0.0337380713361796,0.0898207269535233,-1.5705826118452555,0.0200696736574172,-0.0501459389925003,-0.0653864741325378,-0.804144561290741,0.2618094384670257,9.76252269744873,51.418811959578655,8.219126026354191,494.36669921875,0
00228.png,1763499123.553212,0.0484140130584687,0.0179437895141556,-0.7065581352303726,0.7057688752681185,0.0431850772274087,0.0938808098509705,-1.5698850699730855,-0.0356389060616493,0.0258925855159759,0.000203438103199,-0.8060979247093201,0.3722964823246002,9.727344512939451,51.41880835630893,8.219126191091915,494.367431640625,0
00229.png,1763499123.805217,0.0460476498795455,0.0185105639207572,-0.7056410906585046,0.7068292750998523,0.0391449470729902,0.0912805523017819,-1.567325851255692,-0.0268858149647712,-0.0248661898076534,0.0009816139936447,-0.766983687877655,0.3165352940559387,9.96501350402832,51.41880479094629,8.219126362933528,494.3595886230469,3488
00230.png,1763499124.057209,0.0452600245904573,0.0171854948650427,-0.7054681441238374,0.7070861945808186,0.0399238609666134,0.0882768728632195,-1.5667418151888222,0.0343327969312667,0.0050454176962375,-0.0577070713043212,-0.7823777198791504,0.3951153457164764,9.820411682128906,51.41879755555146,8.219126673252415,494.3573303222656,0
00231.png,1763499124.309212,0.049624607297637,0.0122348657272759,-0.7047097344170457,0.7076523840340312,0.0532178924413359,0.0873690621924158,-1.5643025157577026,0.0364243499934673,0.0159347653388977,0.0620600134134292,-0.803255558013916,0.3965923190116882,9.868973731994627,51.41879393963164,8.219126774727393,494.365478515625,0
00232.png,1763499124.561205,0.0445335834339431,0.0121208333218548,-0.704540474532083,0.7081613976292574,0.0461586738514619,0.0800037545812449,-1.5638223532448718,-0.0359677374362945,-0.0306460559368133,-0.081041932106018,-0.7068000435829163,0.2910557389259338,9.920731544494627,51.41879033275659,8.219126943250773,494.3606872558594,0
00233.png,1763499124.801195,0.0434821201321256,0.0172764466297543,-0.7049993682033294,0.7076628579016785,0.0373277577878026,0.0858670130497973,-1.5654216686718911,0.0186680629849433,0.0902766585350036,-0.0306568630039691,-0.7840331196784973,0.245936706662178,9.949049949645996,51.418783216345865,8.219127075855402,494.3646240234375,0
00234.png,1763499125.0532,0.0451591713278911,0.0199995777175823,-0.7063298221341221,0.7061578070800293,0.0356854221219519,0.0921707044628553,-1.5693939752471011,-0.0056490004062652,-0.0422636568546295,0.0239676907658576,-0.8299839496612549,0.2141281515359878,9.765868186950684,51.418779643084974,8.2191270922529,494.3754577636719,0
00235.png,1763499125.30523,0.0434900197112174,0.0150570717651835,-0.7066304588649058,0.7060844831744632,0.0402846248635622,0.0828205231344812,-1.569899895625891,-0.0497637689113616,-0.0433090925216674,0.0943919122219085,-0.8052871227264404,0.4177484810352325,9.83818817138672,51.418776097726834,8.219127075733539,494.3776245117188,0
00236.png,1763499125.557201,0.0373154967308926,0.0192340640031911,-0.705727492155573,0.7072385109009924,0.02571889872384,0.0799604650702012,-1.5676286852765882,-0.0396553426980972,-0.0352905243635177,-0.0543453395366668,-0.7461210489273071,0.1800032407045364,9.737998962402344,51.41877249334648,8.219126981962393,494.3802490234375,0
00237.png,1763499125.809202,0.041290458584677,0.0212298844263752,-0.7064772342531154,0.7062112343478957,0.0284376771775686,0.0884423587539163,-1.569914460950292,0.0334359407424926,0.055877149105072,0.0371239781379699,-0.7195550203323364,0.1114768534898758,9.669492721557615,51.41876541265481,8.219126849192557,494.3885803222656,0
00238.png,1763499126.061209,0.0427494218868252,0.0192443036608624,-0.706871936102736,0.7057862350990701,0.0332714137936505,0.0877138936899979,-1.5708731767829418,-0.0127552449703216,0.0193924382328987,0.0188185907900333,-0.6326844692230225,0.1723132282495498,9.923965454101562,51.41876185339097,8.219126751639923,494.3902587890625,0
00239.png,1763499126.3012,0.0422945631996723,0.0222335461355077,-0.7068351987873557,0.7057625954279729,0.0283909819535607,0.0913005733752726,-1.571017907317267,-0.0659285485744476,0.0401322841644287,0.0003274157643318,-0.7441105246543884,0.2551153600215912,9.741494178771973,51.41875831716337,8.219126603486492,494.3845520019531,0
00240.png,1763499126.553206,0.0404340162258486,0.0261252718508446,-0.7059686032299817,0.7066051880336546,0.0203460343893172,0.0941498292061998,-1.568936485974627,0.0455051064491272,-0.0079197585582733,0.045284267514944,-0.6858784556388855,0.3299079537391662,9.83951473236084,51.41875475311419,8.219126472713246,494.3843688964844,0
00241.png,1763499126.805226,0.0389599895424038,0.0231278109423182,-0.7056318355410017,0.7071286560781631,0.022548779214678,0.0878042726180933,-1.5676867084962742,-0.0305251963436603,-0.0396669581532478,0.0147111788392066,-0.7170292735099792,0.3756575584411621,9.947592735290527,51.418747598792976,8.219126183697764,494.3687133789063,0
00242.png,1763499127.309202,0.0458030293349114,0.0131262687830794,-0.7058906813582988,0.7067164421060942,0.0463855512169772,0.0833133107831889,-1.567693465334087,-0.0213148891925811,-0.0294297933578491,-0.0551842004060745,-0.8336219191551208,0.3176544606685638,9.751176834106444,51.41874043343577,8.21912627642405,494.3589477539063,3470
00243.png,1763499127.801203,0.0465071142800722,0.0280856717718818,-0.7057867502468792,0.7063379832193734,0.0262032181924035,0.1055198721361452,-1.5686317692855496,-0.0129413157701492,0.1044797897338867,0.068492591381073,-1.0043208599090576,0.2243082970380783,9.855347633361816,51.41872982490108,8.219126244060115,494.3562316894531,0
00244.png,1763499128.053203,0.0478173916693672,0.0320389650622479,-0.7062205561066619,0.7056483032673395,0.0223759235337144,0.1129960366091246,-1.5703413636597552,0.0362686961889267,0.0138948857784271,-0.0462043844163417,-0.921903133392334,0.0730858594179153,9.961106300354004,51.41872636562464,8.21912616225793,494.3604736328125,0
00245.png,1763499128.305214,0.0473832122385935,0.0277370995096032,-0.7072761491207435,0.7048020526315728,0.0277160371438197,0.1063245796452568,-1.5728255832737283,0.0256170779466629,-0.0610780417919158,0.0459171719849109,-0.8164392709732056,0.182860791683197,9.659716606140137,51.41872288570312,8.21912603976196,494.3630676269531,0
00246.png,1763499128.809199,0.0422718373385494,0.0300272977501392,-0.7071021923518981,0.705207730196562,0.0172471552069447,0.1023103768005661,-1.5725960367801324,-0.0264006257057189,-0.0055114328861236,0.1254140734672546,-0.8492940068244934,0.0732528492808342,9.806710243225098,51.418712220043176,8.219125603920151,494.3579406738281,0
00247.png,1763499129.061197,0.0448567594730414,0.0291858329676026,-0.7062514482729068,0.7059355141200836,0.0222305778237623,0.1047584385293349,-1.5700782320986575,0.036210685968399,-0.0074162483215332,0.0395079255104064,-0.9243564605712892,0.252124935388565,9.791701316833496,51.4187086469097,8.21912552474567,494.3548889160156,0
00248.png,1763499129.553205,0.0425045654570714,0.0233997675983495,-0.7046175579891548,0.7079264861304801,0.0273263319537871,0.0931642693986061,-1.564837353987596,0.0936290025711059,-0.0020922422409057,-0.0115782022476196,-0.6830325722694397,0.2832781076431274,9.851533889770508,51.418701390539496,8.219125555524704,494.3365478515625,0
00249.png,1763499129.805198,0.0532240795947611,0.0175225105920328,-0.7046374116419054,0.7073515936848086,0.0508780699786481,0.0999629050522397,-1.564406223811329,0.0244468450546264,-0.0618336200714111,0.0265430677682161,-0.8645116090774536,0.3590421080589294,9.89542293548584,51.41869774283758,8.219125765201582,494.3267822265625,0
00250.png,1763499130.057203,0.0439825261365737,0.0113438797529997,-0.7060400972273868,0.7067136866468184,0.0463057211308716,0.0782203440055495,-1.5680304712579582,-0.0041474848985672,-0.1428446769714355,0.015904277563095,-0.9250060319900512,0.1028186306357383,10.021818161010742,51.418690396181255,8.219126159372788,494.3182067871094,3344
00251.png,1763499130.3092,0.0451718765706167,0.0127012622896623,-0.7089807134626575,0.7036650676574185,0.0457314615038985,0.082018774611692,-1.5764452948685082,-0.0105843842029571,0.1195573210716247,0.0279503911733627,-0.8620699644088745,0.2481213361024856,9.787009239196776,51.41868672776783,8.219126352514632,494.3173828125,0
00252.png,1763499130.813203,0.0417346151963424,0.0258593599300943,-0.7085238561293297,0.7039768893181394,0.0222199440588741,0.0956947113518912,-1.5761704629398576,0.0711062252521514,-0.0362302660942077,-0.0111238583922386,-0.7610688209533691,0.2253559231758117,9.81938362121582,51.41867599279125,8.21912616233815,494.35943603515625,0
00253.png,1763499131.05321,0.0427766730087605,0.0251643382840001,-0.706830654141074,0.7056396663251939,0.0249135814369883,0.096133642344225,-1.5712842146389758,-0.0268300622701644,-0.0557337142527103,0.0050532221794128,-0.7710725665092468,0.2577576637268066,9.714465141296388,51.41867242828512,8.219126096724077,494.3511657714844,3322
00254.png,1763499131.809227,0.036766026810702,0.0177513981344248,-0.708161842323348,0.7048687482177298,0.0267715931880858,0.0771739891077089,-1.574423745618179,0.0023785084486007,0.0554071068763732,-0.0181989781558513,-0.7412658333778381,0.1725947856903076,9.63943576812744,51.41865785093785,8.21912577012413,494.3601989746094,3394
00255.png,1763499132.061196,0.0375104444159874,0.0261988024438143,-0.7070480927057741,0.7056837704746739,0.0159588647183769,0.0901415402968122,-1.5720080118262034,-0.0063437521457672,-0.0157183855772018,-0.0473302602767944,-0.8522169589996338,0.0479732789099216,9.663137435913086,51.41865429563131,8.219125656859243,494.3751831054688,0
00256.png,1763499132.8052,0.04419665837588,0.0208037907348547,-0.704485212801051,0.7080356224259651,0.0334207954400112,0.0918605720761725,-1.5642330331357566,0.0092712491750717,-0.052312433719635,0.0266146138310432,-0.6799629926681519,0.3769035041332245,9.897161483764648,51.418643605328825,8.219125481258583,494.3769836425781,0
00257.png,1763499133.057214,0.0443470724451824,0.0161586293839911,-0.7051580843361218,0.7074774285850988,0.0401176345158993,0.0855112987065963,-1.5657960862530624,0.0314546078443527,-0.0026429593563079,-0.0785519704222679,-0.6925427317619324,0.4612225890159607,9.80022430419922,51.41863625214155,8.219125777101349,494.3401184082031,0
00258.png,1763499133.5612,0.045652274722056,0.0105884491902825,-0.704441350993024,0.7082133418452169,0.0499231703362893,0.0793998631063186,-1.5634726526888092,-0.0079896003007888,-0.0509813427925109,-0.0512703657150268,-0.723487377166748,0.3386117219924927,9.827683448791504,51.41862883098498,8.219126281981064,494.3323059082031,0
00259.png,1763499133.813197,0.0487609610759162,0.0023907800974854,-0.7061305991689036,0.706396651862708,0.0657316963516923,0.0723038739383168,-1.568041403115961,-0.0044368356466293,-0.0099750608205795,-0.0328469090163707,-0.7506340146064758,0.5536248087882996,9.881571769714355,51.418621398883445,8.219126944943849,494.3268737792969,0
00260.png,1763499134.05321,0.0470189619041316,0.0038983201461998,-0.705017889746475,0.7076183967781806,0.0612425031892185,0.0718773393228,-1.5649119425922642,-0.014883279800415,-0.0196311436593532,0.0615762770175933,-0.7006503939628601,0.4075665771961212,9.85822582244873,51.418617695080805,8.219127190843611,494.3312072753906,0
00261.png,1763499134.305205,0.0454952691221402,0.0058982498948004,-0.7048353298316453,0.7078859717191736,0.0562739781280781,0.0725475440612204,-1.564434813616423,0.0068348795175552,0.0141529105603694,0.0169500112533569,-0.6709405779838562,0.3238012194633484,9.711773872375488,51.41861397801233,8.219127428719839,494.3430786132813,0
00262.png,1763499134.809185,0.0450540003811034,-0.0005769007842934,-0.7070834063606007,0.7056931774394833,0.0645770922160517,0.06294119189744,-1.5707307496728224,-0.0497971028089523,-0.0344204828143119,-0.0777806192636489,-0.4666164219379425,0.4225207865238189,9.82882308959961,51.41860304167152,8.219127931249973,494.3449096679688,0
00263.png,1763499135.061204,0.0420615742005501,0.0066083623188691,-0.7071164865049231,0.7058140180218634,0.0501694511311053,0.0688678392384914,-1.570911391429615,-0.0088901221752166,0.0170207023620605,0.0240030959248542,-0.6325284838676453,0.387834221124649,9.835365295410156,51.41859939683472,8.219127912528508,494.34674072265625,0
00264.png,1763499135.313206,0.0423167554801319,0.0078633153534048,-0.7081767414708973,0.7047220468503519,0.0486478401811209,0.0710782214842868,-1.5739565694112458,0.0155259072780609,-0.0076829493045806,-0.0636233687400817,-0.6584005951881409,0.3026623129844665,9.763233184814451,51.41859581172013,8.219127859041729,494.3448486328125,0
00265.png,1763499135.553199,0.0433247145228637,0.0063987057433072,-0.70843296518485,0.7044180289542027,0.0521241815311015,0.0704583217800098,-1.5746422979171897,-0.0403761863708496,-0.0184145867824554,-0.0341562703251838,-0.5835951566696167,0.4538958966732025,9.883105278015137,51.41859224169544,8.219127777931833,494.3437805175781,0
00266.png,1763499135.805196,0.040973517182982,0.0076873428345407,-0.7092569431477714,0.703716323703294,0.0468915718213211,0.068995648485433,-1.5770201883251846,0.0094293430447578,-0.0058850497007369,-0.0101749449968338,-0.7090033888816833,0.3508047759532928,9.778934478759766,51.41858504871074,8.219127431384766,494.3515319824219,0
00267.png,1763499136.057208,0.0409531034141861,0.0083631256313659,-0.7098743142966168,0.7030870211804003,0.0458418086772932,0.06996017777806,-1.5787989560939049,-0.028609424829483,-0.0273756086826324,-0.0296627543866634,-0.6374842524528503,0.3254367709159851,9.774429321289062,51.41858151604973,8.219127293265105,494.3465270996094,0
00268.png,1763499136.309199,0.0437584391352863,0.0134547036463427,-0.7099588784300611,0.7027535563001884,0.0425509924703107,0.081133047802803,-1.5792695766674838,-0.0095301866531372,0.0042092986404895,0.066016636788845,-0.7700655460357666,0.3585964143276214,9.69796085357666,51.41857797147235,8.2191271495789,494.3511657714844,0
00269.png,1763499136.813204,0.0451056470520807,0.0170054070630238,-0.7082560961102684,0.7043078865505316,0.039611616138898,0.0879601642264836,-1.574642970468844,0.0068991403095424,-0.0573461055755615,0.0666697472333908,-0.6184253692626953,0.4163787066936493,9.793906211853027,51.418567372756726,8.219126599631014,494.3511657714844,0
00270.png,1763499137.053204,0.0431604288779547,0.0153614255849048,-0.7078021031472792,0.7049236744239469,0.0392485858154999,0.0828500997095685,-1.5732443072974092,0.0282537937164306,0.0001279860734939,-0.0654732063412666,-0.6567066311836243,0.3747802078723907,9.837066650390623,51.41856378132525,8.219126470421813,494.34521484375,0
00271.png,1763499137.305215,0.0421045776232495,0.0130459448461282,-0.7078543292566989,0.7049817419045602,0.0410331586621365,0.0780814367563232,-1.5732597310447298,0.0206005871295928,-0.0357612967491149,-0.0602350458502769,-0.7328310608863831,0.3467211425304413,9.88994598388672,51.41856021756169,8.219126323092517,494.3449401855469,3301
00272.png,1763499137.557207,0.0477538874826287,0.0088484360707643,-0.7090636125328071,0.7034700169810532,0.054842575465381,0.0802564357056445,-1.576513764120647,0.0715736150741577,0.0816031098365783,-0.0092475041747093,-0.6320694088935852,0.4858452379703522,9.869291305541992,51.418556639604645,8.219126345356282,494.3409118652344,3284
00273.png,1763499137.809208,0.0481799879428827,0.0147970410497078,-0.7082721316799485,0.7041380005535413,0.0470946517616823,0.0892056675251977,-1.574547982725533,-0.0314011871814727,0.0061210244894027,0.0181624554097652,-0.7557439208030701,0.4460552036762237,9.8629732131958,51.418549448873165,8.21912641831858,494.3464965820313,0
00274.png,1763499138.061206,0.0474644241421774,0.0108844108567829,-0.7086588050040185,0.7038688486724133,0.051589865859367,0.0826887572256113,-1.575443767311425,0.1162980198860168,-0.0312793552875518,-0.0241331532597541,-0.781231701374054,0.4659014344215393,9.92740535736084,51.4185458684352,8.219126407641763,494.34771728515625,0
00275.png,1763499138.557206,0.0476222472022618,0.0116240472165542,-0.7085855112128608,0.7039201491624761,0.0507718035429132,0.0839522517526329,-1.5752691850592166,-0.0297104269266128,-0.0538775324821472,-0.0322281345725059,-0.6985171437263489,0.3648442327976227,9.75906467437744,51.41853866538411,8.219126623939323,494.346923828125,0
00276.png,1763499139.313203,0.0483761468099602,0.0098708302544807,-0.7064180096024744,0.7060707548391923,0.0545802009070979,0.0823797174062473,-1.5690380381860187,0.0475630015134811,0.039669431746006,-0.0743186026811599,-0.6695363521575928,0.4228911101818084,9.838486671447754,51.41852432110905,8.219127011364726,494.3421630859375,0
00277.png,1763499139.553202,0.0401404108517355,0.0166573580110902,-0.7049750187589862,0.7078993592075863,0.0334586438719031,0.0802655982244307,-1.5653131352764729,-0.2031260728836059,-0.0191576480865478,0.0057888329029083,-0.7019097805023193,0.4774653911590576,9.812317848205566,51.41852073554913,8.219127065434463,494.3402099609375,0
00278.png,1763499139.805228,0.024889838278369,0.0233373494708831,-0.6952545643399121,0.7179533096481063,0.0032963489436154,0.0681725950369489,-1.5385629672860637,-0.136093258857727,-0.0377855896949768,0.2128399610519409,-0.5837341547012329,0.3307336270809173,9.837888717651367,51.4185134949738,8.219127301529738,494.3495178222656,0
00279.png,1763499140.057207,0.0140955081756244,0.0270272484218568,-0.6739057549053629,0.7381882402188803,-0.0156451590762459,0.0589345922497574,-1.480274686082452,-0.0798482298851013,-0.0709171891212463,0.2487111091613769,-0.5355952382087708,0.4461346268653869,9.811476707458496,51.41850978400959,8.219127565752558,494.35552978515625,0
00280.png,1763499140.813192,0.0011509922040388,0.0314580683289236,-0.5579765479511677,0.8292594510106335,-0.0332504495344617,0.0534837490905145,-1.185447286517225,-0.0204227566719055,-0.0296585708856582,0.4379987716674804,-0.3014467358589172,0.517632782459259,9.812729835510254,51.4184949126261,8.219132250414022,494.3581237792969,0
00281.png,1763499141.053205,0.0002595547908692,0.0274877528468453,-0.5127867007503816,0.85807584490433,-0.0277801188499409,0.0474571576722728,-1.077966189300264,0.0238981544971466,-0.0443955063819885,0.4346153736114502,-0.3711265027523041,0.5772159099578857,9.771233558654783,51.41849136532593,8.219134718043197,494.3516845703125,0
00282.png,1763499141.305204,0.0020996466843617,0.0230183815680673,-0.4648524722642604,0.8850863938755316,-0.0177006321505086,0.0427115496688134,-0.9675946567018197,-0.0398512929677963,-0.0310076177120208,0.3744473457336426,-0.3489758670330047,0.8875226378440857,9.67111873626709,51.41848802134796,8.219137715069289,494.3440246582031,0
00283.png,1763499141.557203,0.0015804699216194,0.0204413068922262,-0.4150683757933441,0.9095591781207202,-0.0141049414587997,0.0385066781087872,-0.8564993559986166,0.0068017616868019,-0.0691146850585937,0.4464282989501953,-0.3095263540744781,0.8003489375114441,9.828673362731934,51.41848481434167,8.219141237321109,494.33538818359375,0
00284.png,1763499142.061205,0.0001729680319833,0.0155790504366231,-0.3122012628281162,0.9498882222441136,-0.0094032858658526,0.0297090848837209,-0.6352379433636398,0.0250992402434349,-0.0762144923210144,0.4579777717590332,-0.3071913123130798,0.3615217208862304,9.949143409729004,51.41847648040045,8.219154895002585,494.3065490722656,0
00285.png,1763499142.313202,-0.0060802045209654,0.0028964982405284,-0.2630777084493446,0.9647511392726972,-0.0132562028071582,0.0023896696847203,-0.5324500124997299,-0.0171146094799041,-0.1116051077842712,0.4306416511535644,-0.2937021255493164,0.5318293571472168,9.877347946166992,51.41847412835146,8.219160222128592,494.29534912109375,3252
00286.png,1763499143.309203,0.0161112276947252,0.0067301618218619,-0.1139983312213776,0.9933274957146618,0.030482143775832,0.0170446410077063,-0.2282685845881282,-0.0454985499382019,-0.014493204653263,0.0714576244354248,-0.1054475083947181,0.3966737985610962,9.765625953674316,51.41846667396733,8.219188277655931,494.29931640625,0
00287.png,1763499143.813196,0.0309850546104984,0.0090380100147372,-0.1090478013208565,0.9935123641872028,0.0596505000604394,0.0247189708043962,-0.2179070437784594,0.0590004324913024,-0.0209053754806518,-0.0151804834604263,-0.0656838938593864,0.5714032649993896,9.78637409210205,51.418464917337324,8.219204914473197,494.29833984375,3267
00288.png,1763499144.053218,0.0308547195271108,0.0100463755300432,-0.1090932452512107,0.993501746582346,0.0591720501558686,0.0266974375751001,-0.2179471119377033,-0.0440491959452629,-0.0483520627021789,-0.0732678025960922,-0.1649149954319,0.4081617891788482,9.759943008422852,51.41846444954171,8.219210467253575,494.3016357421875,0
00289.png,1763499144.557201,0.0287372636163763,0.0100420745044906,-0.1078230577799571,0.9937039371112852,0.0549936485600717,0.0261577600928433,-0.2154472555564368,0.0363698564469814,0.0404298305511474,0.0455410480499267,-0.2423142492771148,0.4819783270359039,9.765793800354004,51.41846344322647,8.219221505874952,494.3048400878906,0
00290.png,1763499144.809201,0.0335223953076528,0.0134157100478815,-0.1093655456101544,0.9933455819452472,0.0637441716054918,0.0339918082702299,-0.2182292126444711,0.0669996738433837,0.0585104376077652,-0.0289673209190368,-0.2449930608272552,0.4665101170539856,9.784896850585938,51.41846248673568,8.219232471906391,494.3073425292969,0
00291.png,1763499145.061207,0.0366485510614884,0.0147419625204089,-0.1095537724670431,0.9931956147629628,0.0696731209776473,0.0373219429612458,-0.2184195630380036,-0.0249289944767951,0.0207394286990165,-0.0165502876043319,-0.2637913823127746,0.5909048914909363,9.809720039367676,51.41846200141733,8.219237931400583,494.3047180175781,0
00292.png,1763499145.553203,0.0158349095372235,0.0150125750999506,-0.1064328821213281,0.9940804393167404,0.028306083513846,0.0332242367126959,-0.2128504000227205,-0.1333506107330322,-0.0085761696100234,0.0865121185779571,-0.2806945145130157,0.4037195146083832,9.858338356018066,51.41846089283686,8.219248920720622,494.3134765625,0
00293.png,1763499145.805206,-0.0045874187684567,0.0148195612979354,-0.0809855856121878,0.996594536968285,-0.0115489802666167,0.0287991388585476,-0.1623346200251127,-0.152409553527832,0.0163122601807117,0.2938661575317383,-0.228940412402153,0.5342225432395935,9.846319198608398,51.4184597788256,8.21926023119557,494.32611083984375,0
00294.png,1763499146.0572,-0.0221125364014965,0.0086690342191598,-0.0347461559609327,0.9991139015275176,-0.0448088912374501,0.0157867096450196,-0.0698796825192859,-0.1543132066726684,-0.0942249298095703,0.3419959545135498,-0.2218897193670272,0.5108113288879395,9.918152809143066,51.41845937683247,8.219266161341595,494.3288269042969,0
00295.png,1763499146.309208,-0.033068122191069,-0.0003298715151315,0.027733088728052,0.9990681990080268,-0.0661411744925831,0.0011750343229328,0.0554647824842918,-0.086652934551239,-0.026704728603363,0.6495208740234375,-0.16524238884449,0.5911829471588135,9.91340446472168,51.41845921132041,8.219272224381298,494.3207702636719,0
00296.png,1763499146.561204,-0.0502667987965989,-0.001541473458792,0.1159127602435206,0.9919854357857508,-0.1002567839618353,0.0085949941766296,0.2322123041874608,-0.0807030797004699,-0.0649430751800537,0.7375931739807129,-0.1817985624074936,0.2507937252521515,9.943517684936523,51.41845939087175,8.219278343478301,494.3204956054688,0
00297.png,1763499146.813196,-0.0513407289417742,-0.0069879653605835,0.2116171177249837,0.9759782238234708,-0.1033597262969846,0.0080890383336916,0.4266225779846728,0.0552238821983337,-0.0678534209728241,0.7498970031738281,-0.0006204873207025,0.1793063879013061,9.95009708404541,51.41846107912741,8.219290496194642,494.333740234375,0
00298.png,1763499147.053214,-0.0586588668457169,-0.0149526429069319,0.3019651000026149,0.9513950988894598,-0.120943434287842,0.0069741753681723,0.6142483834368005,-0.1721473932266235,-0.1073304414749145,0.7638511657714844,-0.0867602378129959,0.2609890401363373,10.019668579101562,51.41846276661076,8.219296351730847,494.3359069824219,0
00299.png,1763499147.809236,-0.0477485861138946,-0.0410493730960607,0.5593831954516507,0.8265140423119529,-0.1251942092888203,-0.0144367547058526,1.1908728275780918,0.0097096879035234,-0.0018061529844999,0.6809930801391602,0.2164555937051773,0.0423275791108608,9.910619735717772,51.418474766072045,8.21931410139867,494.338134765625,3276
00300.png,1763499148.061244,-0.0468329722488539,-0.0363202568817126,0.6234825171471425,0.7795877516112265,-0.1185888620810956,0.0017694249689872,1.3490832147184042,0.0947636365890502,-0.0327114462852478,0.5391850471496582,0.1245361492037773,-0.0590185821056366,9.91592788696289,51.41847856416309,8.21931641592768,494.3492736816406,0
00301.png,1763499148.313204,-0.0280499056309665,-0.0270432524581951,0.6697003307838032,0.7416086112220117,-0.0779048836929204,-0.0025409583721402,1.4690804366458905,0.203864574432373,-0.120225965976715,0.3635938167572021,0.2175070196390152,-0.0598518401384353,9.784131050109863,51.41848245133906,8.21931784190259,494.3572387695313,3261
00302.png,1763499148.805203,0.0032516903967188,-0.0141365058124293,0.7059984668894863,0.7080647925597444,-0.0153611444624462,-0.0246129859930646,1.5680628475578526,0.0376369059085845,-0.0773088037967681,0.0214112997055053,0.2017335891723632,-0.0393713749945163,9.8778715133667,51.41849454541512,8.219318531049701,494.3200073242188,3295
00303.png,1763499149.309207,0.0038054472183581,-0.0077141337926914,0.711727019335882,0.7024034885011304,-0.0056355703896028,-0.0162544639347822,1.5840281766149318,0.0201847255229949,0.0908882617950439,0.0076680928468704,0.1271896809339523,-0.270503282546997,9.788167953491213,51.41850234539567,8.219317629851078,494.3105773925781,3269
00304.png,1763499149.561205,-0.000486004630784,0.0019852820180924,0.7126892975937347,0.7014768617354079,0.0021479511306344,0.003478006409267,1.5866570402036235,0.018640212714672,0.0806944668292999,0.0582343898713588,0.0176829043775796,-0.1169478446245193,9.730727195739746,51.41850613946245,8.219317134149295,494.3142395019531,0
00305.png,1763499149.813204,-0.0005463070925626,0.0026654590859704,0.71124787799002,0.7029360233556928,0.0030236019213846,0.0045244293774277,1.5825580155886183,-0.003601960837841,-0.10154390335083,-0.0307787358760833,-0.0758873969316482,0.0366243794560432,9.94407844543457,51.41851361767403,8.21931627871769,494.3118591308594,0
00306.png,1763499150.053227,0.0050881125058127,-0.0057874627239286,0.7091275571285631,0.7050381011741307,-0.0010335946366106,-0.0153776110947563,1.576587817920713,-0.0465008318424224,-0.0886889696121215,-0.0264570415019989,0.0993550792336463,-0.1192565262317657,9.940601348876951,51.4185173060792,8.219315842522416,494.2987976074219,0
00307.png,1763499150.557219,0.0022569699242892,-0.0024717395857174,0.7045628880502551,0.709633661386257,-0.0002797545611303,-0.0066884635891776,1.5636260504017665,-0.0450975894927978,0.0194627344608306,-0.1009758040308952,0.1424971371889114,-0.1157491132616996,9.824225425720217,51.41852457668671,8.21931505335656,494.2973327636719,3314
00308.png,1763499150.809228,0.0013858033339572,0.0053633656573793,0.7031414448104046,0.711028425907067,0.0095133973447391,0.0056782098777591,1.5596692320109558,0.0059520900249481,0.0144335702061653,-0.033763363957405,0.1423122584819793,0.0238130446523427,9.897759437561035,51.4185316821271,8.21931430171675,494.3121337890625,3318
00309.png,1763499151.061227,0.0057210083773472,-0.001582567103193,0.702446084267356,0.7117122060509914,0.0059204348937318,-0.0102902461172314,1.5576612653379562,-0.0303068906068801,-0.0602827668190002,-0.0060020955279469,0.2308870106935501,-0.0390520058572292,9.743494033813477,51.41853524819685,8.219314014474412,494.3117065429688,0
00310.png,1763499151.313205,0.0059186764613107,0.001181373949368,0.701998548650589,0.7121528005400279,0.0100890423389677,-0.0066272155495859,1.556402229569476,0.0664597749710083,0.0613966882228851,0.0458931550383567,0.2221365123987198,0.0162031315267086,9.770392417907717,51.41853886035587,8.219313698469445,494.314697265625,0
00311.png,1763499152.3092,0.0062065470517257,0.0019770231052206,0.7053525826719701,0.7088267096204247,0.0115881940311735,-0.0059529095787307,1.565848567945981,-0.0202971845865249,-0.0220417380332946,-0.033497504889965,0.1943730264902115,0.0932947024703025,9.668782234191896,51.41855701608502,8.219312717609457,494.3200073242188,0
00312.png,1763499152.561205,0.0105380995971819,0.0014767135152271,0.7054585643263531,0.7086712790798528,0.017021828471606,-0.0127757238513354,1.566143863660309,0.0256201326847076,-0.0199354775249958,-0.026340365409851,0.2375656068325042,0.0301271695643663,9.803308486938477,51.41856068874949,8.219312730244239,494.311767578125,0
00313.png,1763499152.813212,0.0119389795779091,0.0016603675214122,0.7059318185498064,0.7081772175841973,0.0192572550837625,-0.0145050508571353,1.5674809504789378,-0.0136987492442131,-0.03013177216053,-0.003133725374937,0.2888296246528625,0.0562251135706901,9.84330940246582,51.418568080564526,8.219312685002532,494.314453125,0
00314.png,1763499153.053199,0.0102205386788233,-0.0034558524729242,0.7065186085760052,0.7076122196575081,0.009583045642911,-0.0193340129104276,1.5691569940366796,-0.0262025445699691,-0.0220698118209838,-0.0054803267121315,0.1893621087074279,-0.0412755161523819,9.87962818145752,51.41857183987954,8.219312777461722,494.3133239746094,0
00315.png,1763499153.305209,0.0132620409061627,-0.0050922192246526,0.7068416406453426,0.7072291584940286,0.0115639710983459,-0.0259539710440079,1.5700981629004538,0.0177523493766784,0.026736170053482,0.047012522816658,0.214579090476036,0.0153293525800108,9.84757137298584,51.418575478241465,8.219312865176603,494.3196105957031,0
00316.png,1763499153.557234,0.0125563570038339,-0.0038588695806853,0.7073620254437458,0.7067293767662931,0.0122922803080378,-0.0232202198171287,1.5715483814311846,-0.0056285299360752,0.0105988383293151,-0.0380822569131851,0.2385767251253128,0.0614612512290477,9.8031587600708,51.41857914131661,8.219312967912824,494.3188781738281,0
00317.png,1763499153.809202,0.0088652027237648,-0.002162731215085,0.7071200374374639,0.7070346408973166,0.0094786844232519,-0.01559640903133,1.5708431819972528,-0.0187862068414688,0.016820840537548,-0.0970180407166481,0.2376815527677536,0.0441924929618835,9.741755485534668,51.41858632304647,8.219313207570965,494.3328247070313,0
00318.png,1763499154.061203,0.006116380819619,-0.0012264512705183,0.7060277227845381,0.7081567201987353,0.0069313236267361,-0.0103738943300234,1.567749457179951,-0.0374900810420513,0.0045191645622253,-0.0793485641479492,0.2258965224027633,0.0066707134246826,9.78695297241211,51.41858987677861,8.219313353476435,494.3296508789063,0
00319.png,1763499154.313254,0.0054742443463581,-0.0024177803718992,0.70572769207666,0.7084579109749997,0.0043442381374829,-0.0111526741172566,1.5669109174358498,-0.0032953470945358,-0.0681561380624771,0.0338083691895008,0.1969823092222213,-0.0218859873712062,9.885329246520996,51.41859343460031,8.219313485440361,494.3293762207031,0
00320.png,1763499154.805312,0.0099456440513544,-0.0013770471409403,0.7074062520895327,0.7067358646695496,0.012111473031705,-0.0160183237756657,1.5716474395957922,0.0211910624057054,0.0123456716537475,0.0361660979688167,0.2604522407054901,0.0159381572157144,9.7833833694458,51.418604254367615,8.219313816194214,494.3202209472656,0
00321.png,1763499155.05721,0.005361294258622,-0.0005112177245715,0.7065587195990914,0.7076339243837897,0.0068655471114519,-0.0082997437115157,1.5692472439909564,-0.0161164999008178,0.0187868624925613,0.0285695940256118,0.167232796549797,-0.0287318211048841,9.858543395996094,51.41860787031261,8.219313915447106,494.330078125,0
00322.png,1763499155.561215,0.0064058336038974,-0.0084571733894892,0.7032128046757112,0.7109002692742628,-0.002787187797364,-0.021035293370493,1.559953260401839,0.0010209828615188,-0.0349455773830413,-0.0563444308936595,0.2916825115680694,-0.0056211128830909,9.798130989074709,51.41861512435602,8.219314132034913,494.3308410644531,0
00323.png,1763499155.813233,0.0098565720673571,-0.0083666212321496,0.7032792077798898,0.7107961758062077,0.0022446325829596,-0.0257606182127898,1.5601358768455291,0.0429539084434509,-0.047255165874958,0.0123287364840507,0.3253041803836822,0.0376634560525417,9.798392295837402,51.4186223983392,8.219314250168578,494.3262634277344,0
00324.png,1763499156.305203,0.0107605815713795,-0.003216616257756,0.7038202335055798,0.7102893369411138,0.0107607128773513,-0.0197177641804352,1.561540930959897,0.0215232372283935,0.0355526655912399,-0.0393241494894027,0.2370174080133438,0.0246951840817928,9.901684761047363,51.41862962577838,8.219314278879374,494.321044921875,0
00325.png,1763499156.5572,0.0120409618707022,-0.0024293091307524,0.7050504473040291,0.709050760136934,0.0136530073244535,-0.0204253982831855,1.5649991546644633,0.0002714544534683,0.0214776210486888,-0.0185486376285552,0.3359527885913849,0.0487932451069355,9.847552299499512,51.41863323477311,8.21931421460781,494.3198547363281,0
00326.png,1763499156.809196,0.0106958163451243,-0.0059452620343718,0.707051491552107,0.7070561799927887,0.0067197847292129,-0.0235344267655604,1.5707106187537965,-0.0292059183120727,-0.0148826837539672,0.0472717881202697,0.4245278239250183,0.023752698674798,9.789588928222656,51.41864041042415,8.219314286020017,494.3248901367188,0
00327.png,1763499157.553197,0.0177562919687971,-0.00603718258845,0.7101831591694485,0.703767111304595,0.0164276572346835,-0.0337243724308776,1.579594577321317,-0.051251471042633,-0.0153107400983572,0.0206749439239501,0.4152671098709106,0.0790904536843299,9.756111145019531,51.41865139917456,8.21931433003138,494.3250427246094,0
00328.png,1763499157.805199,0.0111860357788293,-0.0094354751285567,0.7114771819432337,0.7025568048113746,0.0022923784385693,-0.0291792734509906,1.5833796324789435,0.015842780470848,0.0396261662244796,0.0226490423083305,0.326345682144165,0.0378793738782405,9.856393814086914,51.418658763300726,8.219314439721531,494.3274536132813,0
00329.png,1763499158.058057,0.0116949004220963,-0.0083198350349797,0.7101007538291387,0.703953783327,0.0046513792827114,-0.0283264618960728,1.579424495633453,0.0515784323215484,-0.0185484588146209,-0.0316828936338424,0.4002439677715301,-0.0528106428682804,9.837477684020996,51.41866238379923,8.219314464188692,494.3313293457031,3391
00330.png,1763499158.56122,0.0147237935483248,-0.0101206977195545,0.7074012834213235,0.7065863044208259,0.0064925265299999,-0.0351407856708111,1.5718349768338593,0.0059814155101776,0.0055956244468688,-0.0043002963066101,0.4484851658344269,-0.0070996074937283,9.806299209594728,51.41866972793852,8.219314507241458,494.3207092285156,0
00331.png,1763499159.065211,0.0193770790446221,-0.0096586160841948,0.70660120375172,0.707280693077124,0.0137725302610975,-0.0410579747704226,1.5695523781399603,-0.0556180030107498,0.0763726830482482,-0.0029709637165069,0.4439897239208221,-0.0072080362588167,9.840468406677246,51.418680609589714,8.219314594571749,494.3040771484375,0
00332.png,1763499159.305212,0.0127535232559474,-0.0108924952361983,0.7073958295412404,0.706618596938794,0.0026146070285687,-0.0334434916207534,1.5718519294738804,0.0199117586016654,-0.0103048244491219,0.0380044095218181,0.4396817982196808,-0.0930049791932106,9.784261703491213,51.41868423455547,8.21931466049195,494.3110961914063,0
00333.png,1763499159.557203,0.0155990062700269,-0.0114323025245541,0.7075555619689633,0.7063930210507174,0.0058643995578383,-0.0382350401340274,1.572328588907061,0.0482347011566162,0.0150829553604125,-0.000868834555149,0.445645123720169,-0.0292078834027051,9.792317390441896,51.41868781505488,8.219314730305124,494.3219909667969,0
00334.png,1763499159.813209,0.0167713773118118,-0.0129041460179114,0.7079859205647863,0.7059094419262611,0.0054110331169921,-0.0419784429487447,1.5736199794890815,-0.0085038840770721,-0.014044165611267,0.0681649595499038,0.5051529407501221,-0.0422652773559093,9.804280281066896,51.41869508813634,8.219315011023264,494.3178405761719,0
00335.png,1763499160.061233,0.0135789567370503,-0.0187996113322281,0.7076626975800756,0.7061697338468854,-0.0074373336190218,-0.0457860710756455,1.573078558415695,-0.0002623349428176,-0.0091363713145256,0.0203097872436046,0.4856039881706238,-0.0297293607145547,9.763513565063477,51.41869873907587,8.21931517468064,494.31744384765625,0
00336.png,1763499160.313213,0.0129942602291098,-0.0199197740162716,0.7078596215608756,0.7059526244500639,-0.0098649837273177,-0.0465378543240611,1.5737235827494855,0.0208064317703247,-0.025565531104803,-0.0290706008672714,0.4684412181377411,-0.089915320277214,9.818374633789062,51.41870236131405,8.219315317503343,494.3190307617188,0
00337.png,1763499160.557197,0.0152790266109417,-0.0167044126761694,0.7093575091981931,0.7044852291475683,-0.0021733281933435,-0.0452280264749935,1.5777377073426446,0.0367359519004821,0.0143277570605278,0.0843040943145752,0.5619819164276123,-0.0147163858637213,9.831870079040527,51.41870597454084,8.219315507822126,494.3115234375,0
00338.png,1763499161.305255,0.0152331585364077,-0.0221753115649836,0.7046821026867424,0.7090129340082535,-0.0096657689587827,-0.0529389575396601,1.564925288725546,-0.0586994886398315,-0.107734739780426,0.037113219499588,0.6207706332206726,-0.133336141705513,9.854506492614746,51.41872040479883,8.219315901085146,494.2927551269531,0
00339.png,1763499161.565236,0.0218725977245433,-0.0274592387365624,0.7053335310727494,0.7080057836071931,-0.0077830193872274,-0.069794202996779,1.5672865743643212,0.0926462411880493,-0.0360132157802581,0.0912282764911651,0.7363427877426147,-0.1842083632946014,9.707829475402832,51.41872409771784,8.219316028313505,494.2882995605469,0
00340.png,1763499161.805223,0.025296154155457,-0.0261594744820187,0.7056456261317262,0.7076298727448779,-0.0011209771663063,-0.0727869453881136,1.568029131860821,0.0273938328027725,0.0606387257575988,0.0879521518945694,0.7162675857543945,-0.0265765432268381,9.82876682281494,51.418731472601536,8.219316223430027,494.2782287597656,0
00341.png,1763499162.061297,0.0171695571015658,-0.0274602882692622,0.7054814384446926,0.7079880499606703,-0.0144630979587587,-0.0631506854513683,1.567706417485664,-0.0530755445361137,-0.0446604043245315,0.0271855667233467,0.6151227355003357,-0.2244887799024582,9.84323501586914,51.41873509093157,8.219316295724912,494.2807312011719,0
00342.png,1763499162.309391,0.0215404052960477,-0.0286367707911034,0.7061369290638233,0.7071680024652224,-0.0100029478581912,-0.0709825601599067,1.5696924011188955,0.0021808631718158,-0.0109920389950275,-0.0308348834514617,0.7727466821670532,-0.2129559516906738,9.80147647857666,51.41873871442977,8.21931637883622,494.2822265625,0
00343.png,1763499162.565934,0.0184269908811371,-0.0239000843364302,0.7062054406184343,0.7073634904465321,-0.007701454489845,-0.059874344466845,1.56938848034469,0.0002328231930732,0.0699963569641113,-0.0565015003085136,0.7767817974090576,-0.1523835957050323,9.880356788635254,51.418742307059965,8.21931652824287,494.2739562988281,0
00344.png,1763499162.813429,0.0156062654901812,-0.0279751132748634,0.7060933675853326,0.7073938038792205,-0.01746059668884,-0.0616568627396941,1.569494754625207,-0.0884150117635726,-0.0728126913309097,-0.0444000773131847,0.7701951861381531,-0.2298227250576019,9.812729835510254,51.41874946307254,8.219316665081216,494.27880859375,0
00345.png,1763499163.317412,0.0242209004652757,-0.0262933763621869,0.7079082698352042,0.7053990982692389,-0.0030636154443395,-0.0714477714977245,1.574456593692794,0.0384436845779418,0.0313227474689483,-0.0306641161441802,0.8223342299461365,-0.0839186161756515,9.792186737060549,51.41875667454924,8.219316790895958,494.277587890625,0
00346.png,1763499163.805462,0.0255974941434583,-0.0326144833050391,0.7083808312949677,0.7046117098275982,-0.0101689716608466,-0.0823195838581009,1.5765500558746457,0.0060657858848571,-0.0638490319252014,-0.030101254582405,0.7913054823875427,-0.0739238634705543,9.73435401916504,51.41876765236437,8.219316743365681,494.2840270996094,0
00347.png,1763499164.057338,0.0261350384832321,-0.036015710540326,0.7068215970928954,0.7059908343886655,-0.014065950778379,-0.0879123381796428,1.5725910617099277,-0.0159558355808258,-0.006215039640665,-0.0203123688697814,0.8486292362213135,0.0426419675350189,9.792410850524902,51.418771262863245,8.219316732732928,494.27777099609375,0
00348.png,1763499164.305511,0.0245152344936001,-0.0320810193119704,0.7067295371034432,0.7063307814779005,-0.0107481087171972,-0.0800563900435881,1.57179117408613,-0.0078376680612564,0.0230171754956245,-0.0015411972999572,0.8458920121192932,-0.0325015485286712,9.660651206970217,51.418774887742345,8.219316633769395,494.2787780761719,0
00349.png,1763499164.56532,0.0271420396013759,-0.0253631883563342,0.7080087731323668,0.7052259180789368,0.002374368571472,-0.0742754353548201,1.5746463797743342,0.1443095803260803,0.0445423424243927,0.0466977879405021,0.8106575608253479,-0.0729674994945526,9.755419731140137,51.41877842990928,8.219316423516569,494.2762451171875,0
00350.png,1763499165.057232,0.0313657926224696,-0.0212773823882734,0.7074291558878302,0.7057672771188104,0.0142092895738156,-0.07448075597777,1.572618855800742,0.038968026638031,-0.0046862065792083,0.0176354609429836,0.9857048392295836,-0.0152374161407351,9.686820030212402,51.418789169747264,8.219315671227903,494.2593078613281,0
00351.png,1763499165.305224,0.0339895130259478,-0.0194216613312967,0.7085490647201357,0.7045748611465017,0.0204337060183552,-0.0756065155729174,1.5756481626450491,-0.0281974673271179,-0.0590204000473022,0.0176718309521675,0.813758134841919,0.0761983022093772,9.888768196105955,51.41879276036486,8.219315406422792,494.26263427734375,0
00352.png,1763499165.565245,0.0340552887032739,-0.0310262424066527,0.7077007338886454,0.7050087097667185,0.0041214325979427,-0.0920795108362535,1.574417588441302,-0.0395083986222744,-1.4513731002807615e-05,-0.0743564739823341,0.98589289188385,-0.1320618689060211,9.75624179840088,51.41879641400728,8.21931533145408,494.2623291015625,0
00353.png,1763499165.809299,0.0318464426549677,-0.0259022636676722,0.7080819069829732,0.7049360891814733,0.0082451669985769,-0.0817095518810839,1.5749118979560504,-0.0169362649321556,0.0571358203887939,-0.0404872447252273,0.8719756007194519,-0.1126809194684028,9.893796920776367,51.41880373779586,8.21931512531627,494.2654724121094,0
00354.png,1763499166.057363,0.0261207608441782,-0.0269880298814424,0.7081962351805301,0.7050159179565826,-0.0013984825692748,-0.075121866173147,1.5753497070389408,0.0333857201039791,-0.0866925716400146,0.0128866098821163,0.9245947599411012,-0.2854539752006531,9.905105590820312,51.41880737548675,8.219315164725252,494.2775573730469,0
00355.png,1763499166.809225,0.035288962930819,-0.0352807696521577,0.7075502149945432,0.7048990350746654,-0.0001763989480011,-0.0998419827571477,1.5745591536701715,0.0553474128246307,0.1060420274734497,0.0457655265927314,0.9222548007965088,-0.0896989032626152,9.760540962219238,51.41882211506757,8.219315479277357,494.2903442382813,0
00356.png,1763499167.065211,0.0322756671891804,-0.0290457242110805,0.7093533384381915,0.7035143697602343,0.00422132099723,-0.0867667022434297,1.578878444017368,0.0021452531218528,-0.0165518447756767,0.0817425698041915,0.8325809836387634,-0.1275443881750106,9.765924453735352,51.41882569527524,8.219315520891122,494.2904968261719,0
00357.png,1763499167.309418,0.0290867205624779,-0.0321582993125489,0.7110310506174444,0.7018223789037352,-0.0049221454237895,-0.0866101924789319,1.5840449954689486,-0.0357874035835266,-0.0332608520984649,0.0697604417800903,0.8631553053855896,-0.1714814454317093,9.830972671508787,51.41882924538333,8.21931557250159,494.2904052734375,0
00358.png,1763499167.805249,0.0276446781021875,-0.0377364885413766,0.7066560057664762,0.7060092199960017,-0.0143605037011448,-0.092486970034916,1.5723765873878377,-0.011445939540863,0.0565766096115112,-0.0001612305641174,0.9482635259628296,-0.0870801955461502,9.777626037597656,51.41883982155271,8.219316066648712,494.2836608886719,0
00359.png,1763499168.057227,0.0193609892881161,-0.0330988752997392,0.7045343121034051,0.7086332052738282,-0.0192531536246898,-0.0742591171967979,1.5657105537930167,-0.0381300263106823,0.0635226070880889,-0.0070269852876663,0.7900461554527283,-0.0942702665925026,9.819645881652832,51.41884325830387,8.219316221385638,494.2848815917969,0
00360.png,1763499168.305222,0.0187561256477905,-0.0308444483357271,0.7053877530022522,0.7079017909794992,-0.0170022818909386,-0.0701879773444902,1.5678355567326447,0.0492082834243774,0.0083743557333946,0.0880232825875282,0.7871523499488831,-0.1121386662125587,9.760933876037598,51.41884671744791,8.219316356146837,494.2899475097656,0
00361.png,1763499168.565259,0.022308816716247,-0.0281600260302577,0.7063100790589615,0.7069903831385683,-0.0082563078898259,-0.0713922498997647,1.5701284551388224,0.0501533448696136,0.0152973234653472,0.0628894418478012,0.8623223304748535,-0.1723514944314956,9.735475540161133,51.41885015054942,8.219316428401452,494.2889404296875,0
00362.png,1763499168.805394,0.0212593881143225,-0.0251015697994114,0.7062956500547346,0.7071523204546315,-0.0054026472658289,-0.0655790883393224,1.5697613701172108,0.0324304103851318,0.0320768952369689,-0.0335071757435798,0.7342271208763123,-0.1321940273046493,9.840262413024902,51.41885705980973,8.219316582581719,494.2821960449219,0
00363.png,1763499169.057551,0.0164659943110021,-0.0265062307852418,0.7057766206552911,0.7077468844843521,-0.0141340290712808,-0.0607994835644851,1.5684384049042863,-0.0353594422340393,0.016478095203638,0.0656570047140121,0.6713272929191589,-0.0909927412867546,9.8479642868042,51.41886049153765,8.219316600112847,494.2830200195313,0
00364.png,1763499169.309266,0.01616168667873,-0.0266670561512421,0.7054399195450953,0.7080834611203219,-0.014764006101159,-0.0606042926418953,1.567503499568944,0.0250110924243927,-0.05328169465065,0.0181105881929397,0.7417039275169373,0.0398589745163917,9.944676399230955,51.41886391421375,8.219316616850966,494.2855224609375,0
00365.png,1763499169.561433,0.0219222111969086,-0.0222039753973289,0.7078120846896239,0.7057113098853678,-0.0004919373306865,-0.062413318288251,1.573784076127459,0.1138529777526855,0.0009858906269073,0.0862347483634948,0.7504166960716248,0.0518258064985275,9.770466804504396,51.41886735595545,8.219316602995212,494.2801208496094,0
00366.png,1763499169.809267,0.0232170139360152,-0.018489886994683,0.7099885731450911,0.7035874646028142,0.0064264167922229,-0.0590203939908394,1.5796631815636049,0.0460329055786132,-0.0331844538450241,0.0031434297561645,0.7121564745903015,-0.1835868507623672,9.798317909240724,51.41887428522313,8.219316300900484,494.2892150878906,3335
00367.png,1763499170.069261,0.0245112899392184,-0.0250874086830445,0.710098940332879,0.7032277821084771,-0.0011578928422071,-0.0701527350851728,1.5805602641242746,-0.1052754521369934,-0.0203529894351959,-0.1139475256204605,0.851089596748352,-0.1436703503131866,9.788952827453612,51.41887783229378,8.219316249857734,494.2918395996094,0
00368.png,1763499170.30927,0.0192200260864899,-0.0299946976838492,0.7072134197898078,0.7061020376526995,-0.0153203965360746,-0.0696001340327002,1.5729024335076869,0.022795882076025,0.0373517125844955,0.009503424167633,0.8442681431770325,-0.2759163677692413,9.811495780944824,51.418881340084894,8.219316287408951,494.2985229492188,0
00369.png,1763499170.561261,0.0213076057104373,-0.0316152851498231,0.7060693848654862,0.7071156082561451,-0.0145525698236257,-0.0748705487353357,1.5698607105375832,0.021320641040802,-0.0786097645759582,0.0439750403165817,0.9225631952285768,-0.1973173171281814,9.73123264312744,51.41888490241335,8.219316319188758,494.3045349121094,0
00370.png,1763499170.813528,0.0217632328352707,-0.0351477243381303,0.7058570490084615,0.7071469617664173,-0.0189012911391523,-0.0805196544211121,1.569731950383674,-0.031234972178936,0.0540654435753822,-0.0315157920122146,0.9510720372200012,-0.2218628525733947,9.756335258483888,51.41889217186676,8.21931659506555,494.3107604980469,3296
00371.png,1763499171.065464,0.0219527191371907,-0.0360809194757854,0.7052336916789852,0.7077158225538662,-0.0198867201057006,-0.0821259571871719,1.568100021057131,0.0433577001094818,-0.0532455742359161,-0.0892657414078712,0.7908335328102112,-0.2066726684570312,9.745867729187012,51.41889580265045,8.21931668742613,494.3119201660156,0
00372.png,1763499171.561339,0.0233762448352994,-0.0311674174361653,0.7064895696144817,0.7066502892475912,-0.0110343007953845,-0.0771556036695987,1.5709947568965712,-0.0321901142597198,-0.0195472128689289,-0.0642999485135078,0.8089554309844971,-0.2164602726697921,9.844693183898926,51.41890310471024,8.219316792043186,494.3024597167969,0
00373.png,1763499171.809444,0.0213002314381898,-0.0347242725940827,0.705722691470828,0.7073160593233141,-0.0189400261419698,-0.0792691745402212,1.5692921877259078,-0.0357448458671569,0.041636649519205,-0.0052521955221891,0.9012776613235474,-0.231762021780014,9.90815258026123,51.41891030197854,8.21931694708999,494.30517578125,0
00374.png,1763499172.0573,0.0205335436910391,-0.0386091062080084,0.7057958895017431,0.7070642636025033,-0.0255554223385116,-0.0836808480831279,1.5700707893707284,0.0108245955780148,0.0138343647122383,0.044302649796009,0.8900402188301086,-0.1414135843515396,9.851422309875488,51.41891394893752,8.219317023897233,494.3032531738281,0
00375.png,1763499172.313424,0.0249556276524288,-0.0356944019767354,0.7067663249451918,0.7061051538117139,-0.0152693537715266,-0.0857887883541256,1.5723876364853742,0.0141027867794036,-0.0186448916792869,-0.0031890049576759,0.8469037413597107,-0.2682400941848755,9.731942176818848,51.41891756554645,8.219317017251615,494.3114318847656,0
00376.png,1763499172.565287,0.0218438463213138,-0.0334520429756502,0.706174279869595,0.7069099614868254,-0.016413608730993,-0.0782260469368278,1.570397412322258,-0.0681627839803695,-0.0094657838344573,-0.0272660478949546,0.8926419615745544,-0.2653007507324219,9.67192268371582,51.41892117735357,8.219317051633483,494.30999755859375,0
00377.png,1763499172.81336,0.0196580856540251,-0.0331846987041402,0.7072022297155168,0.7059584560905378,-0.0192358694437868,-0.0747280523392493,1.5732756847090763,-0.0661955997347831,-0.0709396302700042,0.001966280862689,0.8423125147819519,-0.3658115267753601,9.72246551513672,51.41892827244288,8.21931707776357,494.3264770507813,0
00378.png,1763499173.305222,0.009207097686832,-0.0394012951896603,0.706033154786489,0.7070218890754373,-0.0427319830591802,-0.0687703826627164,1.570867049406366,-0.0749596357345581,0.0095677375793457,0.0177401006221771,0.7957063317298889,-0.425604373216629,9.67881965637207,51.41893535342173,8.219317420523058,494.3231201171875,3371
00379.png,1763499173.565302,0.0149451932486203,-0.0353037013028591,0.7054980391662796,0.7076742234994958,-0.0287373089704091,-0.0711145738037892,1.5687387939629005,0.1208011209964752,-0.078667938709259,0.0545099973678588,0.8044284582138062,-0.3600286841392517,9.976994514465332,51.4189388799509,8.219317521671442,494.3227844238281,3365
00380.png,1763499173.809249,0.0166895110834429,-0.037041062068999,0.706204769328998,0.7068410314332162,-0.0288106477101368,-0.0760098797491436,1.5709913228243808,-0.0464579463005065,0.0220966935157775,0.0537490360438823,0.9675630331039428,-0.3800641894340515,9.731513023376465,51.41894602974234,8.219317923629253,494.3033447265625,0
00381.png,1763499174.057237,0.009354272833238,-0.0454071418376846,0.7063627700474178,0.7063301820967531,-0.0511087602020121,-0.0774372589273243,1.5728227437540652,-0.0614039301872253,-0.0279419422149658,-0.031080774962902,0.7932950258255005,-0.3625001311302185,9.83568286895752,51.41894962115175,8.219318141800551,494.3106994628906,0
00382.png,1763499174.813343,0.0272133296207606,-0.0305003198267659,0.704257901139201,0.7087665157613079,-0.0043990607412345,-0.0816563294637747,1.5645945443242972,0.0371343046426773,-0.0757644176483154,0.0539363846182823,0.9525113105773926,-0.2107384651899337,10.005182266235352,51.41896416759936,8.21931798461425,494.3045959472656,0
00383.png,1763499175.057526,0.0287139062572506,-0.0381721794932519,0.7044998136265757,0.7080949151775523,-0.013179626332433,-0.0946582314419504,1.566330525131216,-0.1374567747116089,-0.0620424747467041,0.0307073444128036,1.0345739126205444,-0.1882692128419876,9.772522926330566,51.41896790981188,8.219317890300484,494.3033752441406,3416
00384.png,1763499175.305283,0.0233333469002464,-0.0407856162218086,0.7059110996611238,0.7067401274917556,-0.0247049006482096,-0.0907165744617159,1.570744005885835,0.0401309728622436,0.0009260177612304,0.0132595412433147,0.9372562766075134,-0.3763415515422821,9.665959358215332,51.4189715921533,8.219317805178136,494.31451416015625,0
00385.png,1763499175.557234,0.0251642824590969,-0.0382774038477398,0.7073700057958171,0.7053575505680941,-0.0187293637775438,-0.089719748975347,1.574486145508259,-0.0372029691934585,-0.0660357475280761,0.00082878023386,1.031050443649292,-0.2088067680597305,9.836281776428224,51.41897523963556,8.219317661652822,494.31591796875,0
00386.png,1763499176.813251,0.0267800055643141,-0.0409807843106978,0.7077375081541853,0.704777288347858,-0.0203541603805572,-0.0958176308428641,1.575963662506505,-0.1003698110580444,0.079485535621643,0.0683027803897857,0.8895098567008972,-0.4121280014514923,10.060267448425291,51.41900100734024,8.219316960347205,494.3045654296875,3390
00387.png,1763499177.061252,0.0215070149431711,-0.041341922182435,0.7081248486952353,0.7045477219030986,-0.028360656887791,-0.0888307974859705,1.577121218710813,0.0916513800621032,0.0324229747056961,0.0247460547834634,0.9500907063484192,-0.2348605245351791,9.879834175109863,51.41900458558645,8.219317019432337,494.3180541992188,0
00388.png,1763499177.805219,0.0194874930767236,-0.050720461640135,0.7074468989385737,0.7046747885136744,-0.0445330401328671,-0.0992183027951374,1.5769339104781883,-0.0248411297798156,0.0395809486508369,-0.0571635961532592,1.0103771686553955,-0.4885438978672027,9.675698280334473,51.41901513384462,8.219317075035088,494.3352355957031,0
00389.png,1763499178.561235,0.0225130128364293,-0.0400590915576885,0.7042688926731621,0.7084446063380803,-0.0246253373084305,-0.0885855394826084,1.5659762159113872,-0.0481413304805755,0.0175007618963718,0.0456941276788711,1.0493744611740112,-0.2385186105966568,9.823328018188477,51.41902915176394,8.219317273719676,494.3293762207031,0
00390.png,1763499178.80547,0.0197598975102608,-0.0466368078436867,0.7055510621584777,0.7068466971639458,-0.0380518198153587,-0.0939515362098331,1.5707507119418609,0.0352028608322143,-0.0397846102714538,0.0969411805272102,1.046291470527649,-0.6006808280944824,9.624295234680176,51.41903621722852,8.219317307148934,494.3291320800781,0
00391.png,1763499179.557264,0.0183143390034104,-0.0559532558358583,0.7044292705833026,0.7073282271291818,-0.0532407959612358,-0.1051506092671927,1.5694918496816492,0.1310284733772277,0.0016780388541519,-0.0287766009569168,1.0475672483444214,-0.3941211700439453,9.593864440917969,51.41904698823922,8.219317474511588,494.332763671875,0
00392.png,1763499180.305574,0.0320595413714969,-0.0474184738736369,0.7065176916066959,0.7053767968889325,-0.021915989538087,-0.11243378499053,1.573645842971007,-0.0778778195381164,0.0464693307876586,0.0271664224565029,1.1700642108917236,-0.3578428924083709,9.53307819366455,51.41906135279006,8.219317215747411,494.3166198730469,0
00393.png,1763499180.557403,0.0233477550522469,-0.0453448024720302,0.7067721692842407,0.7056003344302222,-0.0313011935012056,-0.0971464325626517,1.573977431832244,-0.0011789798736572,0.0437361001968383,-0.0081092342734336,1.0311930179595947,-0.3113056123256683,9.845571517944336,51.4190649734605,8.219317121864417,494.2997741699219,0
00394.png,1763499180.809328,0.0253197744389205,-0.0409059793405458,0.7065995360412585,0.7059764199623322,-0.0221569143603489,-0.0936761401200757,1.572717156620148,0.0775143504142761,0.0049139261245727,-0.0322343260049819,1.010097861289978,-0.3124855458736419,10.038397789001465,51.41907212254906,8.219316891795877,494.2843627929688,0
00395.png,1763499181.06127,0.0286647754254518,-0.0417010787390063,0.7061305357229791,0.7062712065498565,-0.018495220243182,-0.0995510393122315,1.571518529461738,-0.0365082025527954,0.0226395856589078,-0.0105606317520141,0.9922376871109008,-0.2561659216880798,9.879908561706545,51.41907568055749,8.219316798780985,494.27490234375,0
00396.png,1763499181.313309,0.0266829633835207,-0.0423695825714371,0.7048867896544642,0.7075503174392752,-0.0220795831414751,-0.0977296564370099,1.5681046149157067,0.0329806506633758,0.0737321674823761,0.0002320706844329,1.006384015083313,-0.2688896358013153,9.779326438903809,51.41907929886342,8.219316705871266,494.2773742675781,0
00397.png,1763499181.565222,0.028850297250743,-0.0397527422561648,0.7049657788124439,0.7075384304297704,-0.0152958767730764,-0.0970825593106077,1.5678967287170693,0.0485702715814113,-0.000261828303337,0.07038514316082,1.121955633163452,-0.2384187281131744,9.747905731201172,51.41908284339793,8.219316572547342,494.2743835449219,0
00398.png,1763499181.809226,0.0283542343319312,-0.0417960196967329,0.7048071038567879,0.7075988104045733,-0.0188835236367356,-0.0992811771609939,1.5677813975646426,-0.0052592754364013,0.0285868793725967,-0.009942676872015,1.0613443851470947,-0.1851651668548584,9.730839729309082,51.41909002422272,8.219316438710024,494.279296875,0
00399.png,1763499182.057259,0.0289043309071545,-0.0395462380840704,0.7051969999291363,0.707317344619198,-0.0149573739651079,-0.096861364958426,1.568519077780447,-0.004015676677227,0.0079446509480476,-0.0239041820168495,1.0032122135162354,-0.200299859046936,9.802355766296388,51.41909357747039,8.219316335674703,494.2789306640625,0
00400.png,1763499182.557239,0.025437562379112,-0.0417917060475927,0.7052424159099392,0.7072761260832665,-0.0230701744369523,-0.0951393082478711,1.5690150943195975,0.0457877665758132,0.0229364037513732,0.0142817199230194,1.0182570219039917,-0.3337249457836151,9.789682388305664,51.41910075081443,8.219316200802774,494.2890930175781,0
00401.png,1763499182.81465,0.027723578247011,-0.0388868929721301,0.7061780208223334,0.7064218397470509,-0.0158239230754137,-0.0942360785499254,1.5711972808877064,0.0655774474143982,0.0405473113059997,0.0990965962409973,0.9499528408050536,-0.2062036097049713,9.812299728393556,51.41910790384961,8.219316161578679,494.2913208007813,0
00402.png,1763499183.065313,0.0272608577220569,-0.0413760303091199,0.7057549695745194,0.7067211562370167,-0.0199664279543247,-0.0971141815848421,1.570398558475535,0.0498712249100208,0.0338114947080612,0.0567097291350364,0.9788191318511964,-0.1338257938623428,9.757699966430664,51.41911144617573,8.219316156383492,494.2986145019531,0
00403.png,1763499183.309259,0.0264821570635301,-0.0367335769284246,0.7062453476566576,0.7065174085587933,-0.0145241767625392,-0.0894307851687458,1.5710610783373893,0.0350891053676605,0.0783460587263107,0.0449504777789115,0.9818671345710754,-0.275443822145462,9.78396224975586,51.4191149943298,8.219316089337244,494.2969970703125,0
00404.png,1763499183.561279,0.0252069674543575,-0.0351813830379464,0.7065657349238604,0.7063226892227074,-0.0141595155945493,-0.085423430668586,1.5717455230128918,0.0250802636146545,0.0423191040754318,0.0353871583938598,0.9239195585250854,-0.106370136141777,9.624425888061523,51.41911855467771,8.219316061375777,494.29443359375,0
00405.png,1763499183.809242,0.025849111408907,-0.0334847216147732,0.7071686259112595,0.7057783868782977,-0.0109098136366405,-0.0839234262120671,1.573222251327514,0.0142519026994705,0.0173004791140556,0.0395761206746101,0.8660864233970642,-0.1039972677826881,9.808972358703612,51.41912558701931,8.219315884191,494.29638671875,0
00406.png,1763499184.313205,0.025919838431219,-0.0271103434747437,0.7077332294891016,0.7054834279622078,-0.0018068307123295,-0.0750107810562373,1.5740480660596456,0.044334590435028,0.0051384270191192,0.0915538221597671,0.8593082427978516,-0.1515750288963318,9.83816909790039,51.419132573614434,8.219315633667245,494.2786865234375,0
00407.png,1763499184.565205,0.0254961549538731,-0.0276808474234252,0.7065287262881667,0.7066830093458523,-0.003087965807213,-0.0752216184654298,1.570694178708031,-0.0308602750301361,0.0204820409417152,0.0398892536759376,0.9104962944984436,-0.1261847615242004,9.798598289489746,51.41913604328197,8.219315521235714,494.27630615234375,0
00408.png,1763499184.805205,0.0210580992407264,-0.0265461297401909,0.7052853989204735,0.7081132434305781,-0.0076395517739225,-0.0673501776172132,1.567052211404984,-0.0249429047107696,0.0906474590301513,-0.0122146606445312,0.7971981763839722,-0.1122370883822441,9.84067440032959,51.41914300773942,8.219315303311575,494.2870788574219,3575
00409.png,1763499185.309201,0.0303887819547134,-0.0285869498573374,0.7062181722368565,0.7067638936954808,0.0025871418427377,-0.0834274120519615,1.5699159055330978,-0.0432399660348892,-0.0614647269248962,0.0315234176814556,0.9084518551826476,-0.0266199149191379,9.80143928527832,51.419150132550925,8.219315121618138,494.2868957519531,0
00410.png,1763499185.813202,0.03109710930633,-0.0267074633105057,0.7070943184636895,0.7059300999338947,0.0061559903756821,-0.0817754945844039,1.5721923199110364,0.042997121810913,0.0340657234191894,0.0058247540146112,1.0197592973709106,0.0726440399885177,9.936245918273926,51.41916091248288,8.219314540341237,494.2838745117188,0
00411.png,1763499186.065208,0.0379206655778359,-0.023958723224263,0.7076959323025757,0.7050918167912499,0.019640638141253,-0.0875706824699762,1.5736222651814438,0.0213399827480316,0.0423215925693511,-0.0315276607871055,1.1260467767715454,-0.077893428504467,9.85216999053955,51.41916458208295,8.219314239733203,494.2755432128906,0
00412.png,1763499186.317199,0.0461950013501911,-0.0260816705383532,0.708700344014811,0.7035123244872638,0.0281805206756837,-0.102352997097865,1.5767001206867404,0.0494876578450202,-0.1124091148376464,0.027678383514285,1.1911686658859253,-0.1055876985192298,9.766036987304688,51.41916829209751,8.219313970264098,494.2691040039063,3539
00413.png,1763499186.557209,0.0447229911686085,-0.0362591872352361,0.7079794997547614,0.7038822013156538,0.0116949171637219,-0.1146211322176136,1.575929433137474,-0.0428751707077026,-5.963444709777832e-05,-0.0290576890110969,1.0701904296875,-0.2075371742248535,9.66338062286377,51.41917209951436,8.219313821836728,494.2649536132813,0
00414.png,1763499186.809406,0.0374282151615082,-0.0365643419567911,0.7069120034375326,0.7053634502885903,0.0011115314107432,-0.1046903406920835,1.5729310796578804,-0.0508651882410049,0.0298588275909423,-0.0319210849702358,0.920802652835846,-0.1380808502435684,10.113110542297363,51.41917962467748,8.219313973346807,494.2674255371094,0
00415.png,1763499187.061228,0.0319321914430498,-0.0397675789734545,0.7072232200779324,0.7051483473673004,-0.0112734184913171,-0.1014242601543523,1.5743066603956664,-0.0524855852127075,0.0114037245512008,-0.0248913913965225,0.980945348739624,-0.2268165200948715,9.685791969299316,51.419183278207534,8.219314200934718,494.2669677734375,0
00416.png,1763499187.317231,0.0256341474405744,-0.0393781363209104,0.7055158542832186,0.7071348048426884,-0.01939341383986,-0.0919915871917206,1.5693969258630356,0.047218881547451,-0.0468242168426513,-0.002212880179286,1.0333391427993774,-0.3527107536792755,9.834467887878418,51.41918693543322,8.21931447036237,494.2682189941406,0
00417.png,1763499187.561217,0.0291586300755906,-0.0478432530638858,0.7056211373362298,0.7063707298385922,-0.0264849433831459,-0.1089554845128941,1.5711789281847344,-0.0487672090530395,-0.0088534355163574,0.1056805551052093,1.2905880212783811,-0.43561452627182,9.54506015777588,51.41919056513837,8.219314804020907,494.2684326171875,0
00418.png,1763499187.81442,0.0273802774105517,-0.0566838459147546,0.7046656701362204,0.7067415053275878,-0.0414899564843962,-0.1189901274624457,1.570326535003524,-0.0528106689453125,-0.0107149332761764,0.0612431168556213,1.1101784706115725,-0.6118276715278625,9.834169387817385,51.419198010653965,8.219315778543908,494.2524108886719,0
00419.png,1763499188.31722,0.0201062992420071,-0.0578736060299836,0.7052042604544169,0.7063521313713268,-0.0535724284917567,-0.1103401470491823,1.572129239505612,0.0108586829155683,0.0325856655836105,0.0683146119117736,1.152151346206665,-0.5844240188598633,9.903815269470217,51.41920540840728,8.219316930029743,494.2554626464844,0
00420.png,1763499188.561233,0.0192253396292801,-0.0624258895323714,0.705754064753302,0.7054392920134397,-0.0614375336602759,-0.1154684925194057,1.574794545041628,-0.0818150043487548,-0.0281103551387786,-0.0233454704284667,1.1558465957641602,-0.2202763706445694,9.684259414672852,51.41920901667957,8.21931747996758,494.26361083984375,0
00421.png,1763499189.309258,0.0245676359447864,-0.0429893582945105,0.7053384324755919,0.7071393370548591,-0.0260203501458143,-0.0956014890427321,1.569491145025962,-0.0056311935186386,-0.0814908072352409,0.001622051000595,1.033018946647644,-0.0565199851989746,9.68861484527588,51.41922330835998,8.219318356736014,494.2886657714844,0
00422.png,1763499189.557358,0.0249330154117444,-0.0428821350500912,0.7080047988592664,0.7044633929653643,-0.0257136191377498,-0.0958699679827377,1.5770444039007272,0.0452340394258499,-0.0029622912406921,0.0068954974412918,1.011357307434082,-0.1192036643624305,9.700072288513184,51.41922679177827,8.219318266251053,494.2845764160156,0
00423.png,1763499189.817526,0.0495066633080134,-0.014133847357026,0.7032847364204581,0.7090415390969714,0.0505494325745204,-0.0897981668366393,1.5603725119542806,0.1917372941970825,0.0533108972012996,-0.147577166557312,0.978418469429016,-0.0760002806782722,9.800691604614258,51.4192337757957,8.219317617537413,494.2691345214844,0
00424.png,1763499190.065231,0.0557716511427922,-0.0079510370471436,0.6918809711820225,0.7198104095210787,0.0696176048608783,-0.0887375795154753,1.5281406049496016,0.0274883210659027,-0.0422379821538925,-0.287432312965393,0.8555137515068054,-0.0694789588451385,9.84886074066162,51.419237149829286,8.219317354995022,494.2555236816406,0
00425.png,1763499190.313277,0.0585603988829157,-0.0045443706885658,0.6645607703400948,0.7449221509008163,0.0815885445098184,-0.0847055501757219,1.4534305687716431,0.0468982905149459,0.0047985315322875,-0.2823431491851806,0.8506515026092529,0.01246630679816,9.884282112121582,51.41924043020782,8.219317305421717,494.251953125,0
00426.png,1763499190.565229,0.0814452331959982,-0.0021837361338062,0.6108291824590469,0.7875592772246162,0.1266271204209171,-0.1031205579860138,1.312823339213381,0.0006699860095977,-0.0579314231872558,-0.5732274055480957,0.899716854095459,0.059966180473566,9.774616241455078,51.41924366743044,8.21931753029852,494.2576293945313,3676
00427.png,1763499190.817217,0.0844390102349689,0.0066062600532562,0.5722734654557852,0.8156773207671486,0.1463719335789595,-0.0859731278696698,1.217281380821752,0.0181392729282379,0.1103145480155944,-0.5753870010375977,0.9200000762939452,0.424551784992218,9.846169471740724,51.41924982590181,8.219318966394127,494.2357177734375,0
00428.png,1763499191.057247,0.0880869691643788,0.0109599090184631,0.51306272973129,0.8537489101711452,0.1627894274220256,-0.071735770745734,1.076385135146318,0.1056973338127136,-0.1168118715286254,-0.5741357803344727,0.8340016007423401,0.4264951646327972,9.585378646850586,51.41925269303742,8.21932030448913,494.2447204589844,0
00429.png,1763499191.809257,0.1395845397711603,0.0079635307667639,0.3120677911296584,0.9397161444681348,0.2713253682635939,-0.0722155130660155,0.6313956948033096,0.1222812533378601,-0.167324423789978,-0.5531792640686035,0.8379397392272949,1.2561607360839844,9.959686279296877,51.41926344936432,8.219331491380274,494.16748046875,0
00430.png,1763499192.309225,0.1367414475389848,-0.0089114138428039,0.1698069149629839,0.9759036708912512,0.2675876876965576,-0.0638760781775563,0.3359493298304001,-0.0596807301044464,-0.1867295503616333,-0.5201373100280762,0.6605163216590881,1.672589659690857,9.94845199584961,51.41926746975668,8.219340411782639,494.15576171875,0
00431.png,1763499192.565249,0.1397296681189983,-0.009379627998774,0.1065492099047525,0.9843957071699532,0.2769447964486764,-0.0482614351853218,0.2089096959083953,0.0182736702263355,-0.0193243473768234,-0.4164624214172363,0.380698561668396,1.6926321983337402,9.352252006530762,51.41926888836088,8.219345571580508,494.1866760253906,3581
00432.png,1763499192.81726,0.1290066397169637,0.001553438058518,0.0569497087279822,0.9900058607982752,0.2584981058835437,-0.0116182169222033,0.1134125061579964,-0.1824890375137329,0.0788937211036682,-0.3725593090057373,0.1073329225182533,1.746138095855713,9.744428634643556,51.41927080070987,8.219356236487856,494.2394104003906,0
00433.png,1763499193.057218,0.1097999779446584,0.0164278614340873,0.0259059394415256,0.9934802325732036,0.2208909060520768,0.0269558323464186,0.055129574179253,-0.0489973723888397,0.0658388882875442,-0.1442583799362182,-0.1512292176485061,1.333827257156372,9.656426429748535,51.41927120818916,8.219361725408103,494.2726135253906,0
00434.png,1763499193.313533,0.1017175077467632,0.0178857071370842,0.0099013479339527,0.9946032442170518,0.2042221939921268,0.0335703889375484,0.0233496811183391,0.0128609240055084,0.0150412581861019,0.0740054249763488,0.0226413626223802,1.7399183511734009,9.674819946289062,51.41927144444144,8.219367385393133,494.2931213378906,0
00435.png,1763499193.565428,0.0997338164437862,0.0141466364828952,0.0040879490941239,0.994905185033218,0.1999713615503167,0.0273371152379495,0.0109603541316455,-0.0441968366503715,-0.1052977442741394,-0.0663366466760635,-0.0865559428930282,1.5422946214675903,9.676876068115234,51.419271418356566,8.219373428396207,494.2897033691406,0
00436.png,1763499193.809321,0.091682076506574,0.0067594690335028,0.0015033780010166,0.995764252361177,0.183654340588514,0.0131863917635438,0.0042338451914908,-0.0746607184410095,0.0549097657203674,0.1926327347755432,-0.1175884157419204,1.6131047010421753,10.053950309753418,51.419270981141,8.219385866344187,494.27386474609375,0
00437.png,1763499194.065353,0.081342581694779,0.0158890977810763,0.0041617060818562,0.9965508522787084,0.1630558408543096,0.0309965032856852,0.0108850674784442,0.002809539437294,0.0649445056915283,0.0853265076875686,-0.2324626892805099,1.3397269248962402,9.829607963562012,51.41927058374647,8.219392062195759,494.2854309082031,0
00438.png,1763499194.317611,0.0785839339325529,0.0167722639503611,0.0061222931215136,0.9967475979487476,0.1575963865224143,0.0324789097749618,0.0148491996713872,-0.023228645324707,-0.0448243618011474,-0.0046413037925958,-0.1478258222341537,1.5022330284118652,9.743083000183104,51.41927018153919,8.219398225359162,494.3043823242188,0
00439.png,1763499194.557292,0.0779702552913997,0.0059230386743284,0.0032095667034784,0.9969329243154889,0.1561439108262659,0.0113094841496893,0.0073236209340629,0.0579863190650939,-0.0303284525871276,0.1174778640270233,-0.0127703072503209,1.2124038934707642,9.666277885437012,51.4192697884802,8.219404523029667,494.3086242675781,0
00440.png,1763499194.813241,0.0717189361710258,-0.0003337082052148,0.0049436566750504,0.9974125741597654,0.1435561416280433,-0.0013747975480988,0.0098140310788655,-0.1248544454574585,-0.0271564126014709,-0.084860473871231,0.2034596800804138,1.428621530532837,9.581920623779297,51.41926894823765,8.219417104476337,494.3121032714844,0
00441.png,1763499195.057294,0.0655764713615679,0.0031121363447929,0.0034296575183261,0.9978367995120464,0.131269425576965,0.0057610305313471,0.0072528267473261,-0.0291714072227478,0.0192752480506896,0.0337521433830261,0.0958293005824089,1.2722954750061035,9.808056831359863,51.41926854818674,8.219423394047082,494.3097839355469,0
00442.png,1763499195.313421,0.0846042350143196,0.0011243593454207,-0.004855274651165,0.9964021705826248,0.1693985708550648,0.0030621865655548,-0.0094855479940548,0.1357866525650024,-0.0907580852508544,-0.0586962699890136,0.0383999347686767,1.4942281246185305,9.667099952697754,51.41926812672537,8.219429670360821,494.3121032714844,0
00443.png,1763499195.813374,0.1084977585382333,-0.0117542082450659,-0.0506054264286002,0.992738216145974,0.2183570046744403,-0.0123568672398215,-0.103217538116249,0.0654444098472595,0.0170166194438934,-0.2224795818328857,-0.1374021023511886,1.3076211214065552,9.638631820678713,51.41926662332889,8.219448112557101,494.28662109375,0
00444.png,1763499196.817228,0.132082141687,-0.0096072151654448,-0.3029943819959349,0.9437459476697326,0.2584849456924366,0.0619463637575965,-0.6132658497165897,-0.0050425827503204,-0.0661426186561584,-0.5207357406616211,-0.7873486280441284,1.698003888130188,9.884207725524902,51.41926113047651,8.219473771914789,494.2544555664063,0
00445.png,1763499197.065225,0.145157908381781,-0.0089234628061948,-0.3760195713872861,0.9151277699750426,0.2771007911386106,0.0929660667023637,-0.7667502128839998,0.2339042425155639,0.0390723049640655,-0.5493068695068359,-0.7340845465660095,1.450101017951965,9.501769065856934,51.41925936073644,8.219478059590942,494.2477111816406,0
00446.png,1763499197.313226,0.1638722266237895,-0.0137918234909535,-0.4326605265771852,0.8864313553164219,0.309478220344754,0.1176221067851432,-0.8897846005321194,0.1499122381210327,-0.1574513912200927,-0.618858814239502,-1.3235373497009275,1.710025191307068,9.828935623168944,51.41925734830403,8.21948207216189,494.236572265625,0
00447.png,1763499197.557245,0.1521551142222721,-0.0247577238050891,-0.502704789343494,0.8506020051111516,0.2895263848195065,0.1110886141660877,-1.0513382561859064,-0.1607810258865356,-0.1619552373886108,-0.6113739013671875,-1.1747301816940308,1.5234227180480957,9.813028335571287,51.41925511699692,8.219485781201685,494.2143249511719,0
00448.png,1763499197.813229,0.1300283130431978,0.0031463305046722,-0.5802564002961907,0.803980875597674,0.2095032688040723,0.1565979563677063,-1.2338242686574874,0.0001314952969551,0.1465705633163452,-0.4250111579895019,-1.5522831678390503,0.7543350458145142,9.889385223388672,51.41924993424309,8.219491122850723,494.2319946289063,0
00449.png,1763499198.065284,0.1423844836765655,0.0156220040817524,-0.6202554315147222,0.7712106142119111,0.2058482434630326,0.2020981405797139,-1.3337236028010055,0.0201988033950328,0.0051888525485992,-0.408383846282959,-1.4473929405212402,0.944583535194397,9.638931274414062,51.419247072698575,8.219492856055206,494.2652893066406,0
00450.png,1763499198.30926,0.1244641158075711,0.022353960348815,-0.6619339259082001,0.7388182875814054,0.1580872865043663,0.1991182408823786,-1.445306667887175,-0.1744885444641113,-0.2468922138214111,-0.2943906784057617,-1.7003170251846311,0.8475942015647888,9.786654472351074,51.41924394953544,8.219493999484465,494.2917785644531,0
00451.png,1763499198.565254,0.106544480530266,0.0220244642124324,-0.6773567190277623,0.7275651667257277,0.127539000058428,0.1773133689524606,-1.4879994847351734,-0.2621564865112304,-0.2292686700820922,-0.3912405967712402,-1.2549294233322144,0.8974819779396057,10.089932441711426,51.419240511438375,8.219494658217059,494.3130798339844,0
00452.png,1763499199.061254,0.0796754493017139,0.0565945349783882,-0.7089376641835021,0.698467085617633,0.0316516073514179,0.1932288951268703,-1.582607516853883,-0.0774831771850586,-0.0310007594525814,0.0148044228553771,-1.6126257181167605,-0.0876582562923431,9.695773124694824,51.41922917292055,8.219494114834783,494.3853759765625,0
00453.png,1763499199.317226,0.0716152278684962,0.0501262045861654,-0.7125467963215477,0.6961578023717234,0.0287074267483519,0.172707198270972,-1.591578114691382,-0.0189820118248462,-0.0418399572372436,-0.0584331303834915,-1.405387282371521,0.3345672488212585,9.219996452331545,51.41922516629503,8.219493485158512,494.4205627441406,0
00454.png,1763499199.561247,0.0664233595023396,0.0452791862224163,-0.7122734266870073,0.6972835135316244,0.0284901150218215,0.1584299836180563,-1.5898027678015691,0.0218691658228635,-0.0490416884422302,0.0142719745635986,-1.340063452720642,0.4873884916305542,9.514479637145996,51.41922103949653,8.21949279481333,494.4358215332031,0
00455.png,1763499200.057215,0.0587240402361881,0.031165080691727,-0.7099492605661629,0.7011078891763916,0.0384133423812805,0.1274269175250353,-1.580876655379307,0.0090146362781524,-0.105541706085205,0.0324921682476997,-1.369236946105957,0.4416199326515198,9.970452308654783,51.41920857073932,8.219491155646734,494.4036254882813,0
00456.png,1763499200.813224,0.0568043582222644,0.0300940056777592,-0.7046456215197533,0.706641467635649,0.0381664587648247,0.1228943417027363,-1.5656194620891375,0.1007856130599975,-0.0485607385635376,0.0349984169006347,-1.0756893157958984,0.7483746409416199,9.658968925476074,51.4191922064131,8.21949010485028,494.4084167480469,0
00457.png,1763499201.069222,0.0630534904154826,0.0149800010092842,-0.7051904504082958,0.70604977556057,0.0683788249799762,0.1103062465524565,-1.5658018957180162,0.1782686710357666,-0.0923300981521606,0.0075048506259918,-1.1737231016159058,0.9341019988059998,9.84592628479004,51.419188199596064,8.219490291295346,494.3758544921875,0
00458.png,1763499201.31742,0.0750073589261124,0.0075338730623719,-0.7044690667041246,0.7057198246617628,0.0960521845595812,0.1165782150417163,-1.5634129958298149,0.0149203836917877,0.0647453069686889,0.0112580992281436,-1.3204835653305054,0.9015451669692992,9.97529411315918,51.41918419447989,8.219490761160012,494.3381652832031,0
00459.png,1763499201.557256,0.0716667162682409,0.0069156128634221,-0.7038144343120692,0.7067257587862726,0.0922594121691709,0.1108820955196929,-1.561544546589117,-0.0589443445205688,0.0622357726097106,-0.0187622159719467,-1.3125324249267578,0.8705946803092957,10.002882957458496,51.41918027499177,8.219491189809116,494.3268432617188,0
00460.png,1763499202.061432,0.076901121108631,0.0186899896562114,-0.7059782791599617,0.703797961927445,0.0827055137117072,0.135301433301988,-1.5682826436260502,-0.0641347765922546,0.1203266382217407,-0.0472154729068279,-1.5119365453720093,0.8507612943649292,9.59160327911377,51.41916911887262,8.219492148415714,494.34710693359375,0
00461.png,1763499202.317487,0.0827207014024163,0.028906984517873,-0.7027197970292262,0.7060499689602562,0.0772172011635728,0.1577317293801032,-1.5599630887973193,0.108606994152069,0.0230551734566688,-0.0645051747560501,-1.405847668647766,0.6183161735534668,9.399860382080078,51.41916561721367,8.219492233112032,494.370849609375,0
00462.png,1763499202.561494,0.0891675945529474,0.0256721911994949,-0.7019962832610603,0.7061099751230786,0.0912018307891726,0.1621551121521861,-1.557537698232261,0.013890154659748,0.0680488795042038,-0.013123869895935,-1.4072471857070925,0.72850501537323,9.759980201721191,51.41916221116146,8.21949236876583,494.3735046386719,0
00463.png,1763499203.057214,0.0743292185865109,0.031753335852087,-0.7022986581690953,0.7072789320066529,0.0612670885946626,0.1498800738497055,-1.5591286174624168,0.0362494885921478,-0.0702099800109863,-0.072337806224823,-1.3083477020263672,0.3773345649242401,9.688446044921877,51.41915200492202,8.219492204191768,494.3523254394531,0
00464.png,1763499203.309307,0.074191063345045,0.024538930486485,-0.7047381649283975,0.7051507965702555,0.0707922653785067,0.1396311262093841,-1.5652584815793131,0.0247921645641326,0.0099296122789382,-0.0617847330868244,-1.2343086004257202,0.6140257716178894,9.75515842437744,51.419148389855366,8.219492010624466,494.3577575683594,0
00465.png,1763499203.561223,0.0691114602588941,0.0295739206256257,-0.7039938782529079,0.7062164035634843,0.0565550707122683,0.1395315832623029,-1.5636912095479227,-0.0841794610023498,0.0296718925237655,-0.0153563246130943,-1.1719918251037598,0.6992180943489075,9.68738079071045,51.41914487610683,8.219491820900013,494.3435974121094,0
00466.png,1763499204.06526,0.0700404308330039,0.0208804646077826,-0.7088114241586115,0.701601531660765,0.0693107770522881,0.1289474947951239,-1.5765433286520607,-0.0045475959777832,-0.0607506185770034,-0.0091316923499107,-1.3727370500564575,0.5789998173713684,9.797420501708984,51.4191340787623,8.21949106989129,494.3298645019531,0
00467.png,1763499204.565248,0.0707382539055956,0.0411290876073014,-0.7031673303156494,0.7063003632759515,0.0426289975134517,0.158240199083232,-1.5629702625621975,0.0096007138490676,0.0039939135313034,0.0097645372152328,-1.2073501348495483,0.4864036738872528,9.62713623046875,51.4191270252115,8.219490517266305,494.3454284667969,0
00468.png,1763499204.821321,0.0702384656456528,0.038198831910365,-0.7026991537695179,0.7069804144925316,0.0461879343108106,0.1533247051329609,-1.5611737989503864,0.1480311155319214,-0.0539285838603973,-0.0693547949194908,-1.2151166200637815,0.5756720900535583,9.899554252624512,51.41911996197019,8.219490081034639,494.3411560058594,0
00469.png,1763499205.065302,0.0783329655739126,0.0225572962167691,-0.7039527200556065,0.7055534585118962,0.0796696967973293,0.1425989527848113,-1.5628319321091502,0.0622966885566711,-0.0922330021858215,0.0386120527982711,-1.2033289670944214,0.7862154245376587,9.67414665222168,51.419116417349024,8.21949013143738,494.3298950195313,0
00470.png,1763499205.31322,0.0732188496847392,0.0222032182545435,-0.702892726484121,0.70716888520756,0.0730699257312285,0.1347401734289726,-1.559798763845506,-0.0494292080402374,-0.0051260441541671,0.0553419813513755,-1.121110916137695,0.5764723420143127,9.716951370239258,51.41911280058687,8.219490244534013,494.3213806152344,0
00471.png,1763499206.069217,0.0623705131572232,0.016467697583091,-0.7025998078918037,0.7086552363280872,0.0657109069235269,0.111211966458712,-1.5585557549098463,0.0206088125705719,-0.0338659062981605,0.1074789315462112,-0.8931944966316223,0.6916583776473999,9.747512817382812,51.41909791948781,8.219490196315158,494.3157043457031,0
00472.png,1763499206.817324,0.0678325915330751,0.0052398935260623,-0.7074051444535416,0.7035262927868482,0.0886203931853488,0.1035278908156591,-1.571700155991251,0.0336742103099823,-0.0018530711531639,0.0436723940074443,-1.1463475227355957,0.6242689490318298,9.539396286010742,51.4190826920694,8.219490521624206,494.34320068359375,0
00473.png,1763499207.309567,0.0603507249897521,0.013564657478179,-0.7079958527094178,0.703502425444984,0.0661165009643146,0.1047330294533661,-1.5736964769609572,-0.0791680812835693,-0.022914420813322,-0.0700836479663848,-1.041496992111206,0.6692571640014648,9.889572143554688,51.41907537502694,8.21949063687098,494.3328552246094,0
00474.png,1763499207.557256,0.0653545929554503,0.0133608214556027,-0.7105668928632332,0.7004605316478218,0.0730903038523135,0.1118280081970102,-1.5810280555850686,0.1015639305114746,-0.0245351716876029,-0.0165313780307769,-1.192618489265442,0.5822820067405701,9.875216484069824,51.41907177936479,8.219490645497652,494.3313903808594,0
00475.png,1763499207.813236,0.06344212000107,0.000977274812749,-0.7139576036853456,0.6973081689494175,0.0875643133531388,0.0920829689721867,-1.5903532537008709,0.0137540437281131,-0.0988349318504333,0.0531267970800399,-0.9289208054542542,0.6411198377609253,9.92792797088623,51.41906460757608,8.219490629953949,494.3439025878906,0
00476.png,1763499208.061214,0.0683480092838087,0.0055648906022632,-0.7159393483850458,0.6947866082859696,0.0876075419400387,0.1057961305023652,-1.5961409688177677,-0.0365645736455917,0.0872208476066589,-0.0186968594789505,-1.0660769939422607,0.3808723390102386,9.557116508483888,51.41906107016059,8.219490458305698,494.3638610839844,0
00477.png,1763499208.321415,0.0662103664063786,0.0176018729769222,-0.7132440287090768,0.6975595436655447,0.0677958186607404,0.1192877065774688,-1.588980284095158,-0.1267586946487426,0.1072360277175903,0.0423610210418701,-0.8828578591346741,0.6083585619926453,9.66939926147461,51.41905759497087,8.219490103905995,494.3965148925781,0
00478.png,1763499208.565356,0.0602563323030654,0.0298740371251083,-0.7110201170282172,0.6999479334239159,0.0422276325071875,0.1278555285394466,-1.5837868527380776,0.0115860700607299,0.0215757489204406,-0.0338763520121574,-1.1552296876907349,0.5127547383308411,9.672314643859863,51.41905411205013,8.219489540021444,494.4228515625,0
00479.png,1763499208.817295,0.0574426076013236,0.0234767386762951,-0.7134832493545549,0.6979189368856179,0.0470076947131079,0.1149916541266235,-1.5901443137716926,0.0021965578198432,-0.0957076549530029,-0.0381853282451629,-1.022615671157837,0.5504857301712036,9.97278881072998,51.41904709178342,8.21948889523493,494.4287109375,3385
00480.png,1763499209.309374,0.047484949519772,0.0076811287678246,-0.7167245970019732,0.6956953585315314,0.0552592756485033,0.0788363520670574,-1.598391824492851,0.0398997068405151,0.0053892061114311,-0.0166598856449127,-0.8794500231742859,0.3502813875675201,9.69723129272461,51.41903984037572,8.219488428846965,494.4196472167969,0
00481.png,1763499210.317432,0.0470823987635104,0.0093927826890186,-0.7079909963347875,0.704587661309014,0.0532426541377754,0.0799891778198944,-1.573483873775804,-0.0275505185127258,-0.0205978453159332,0.1649305820465088,-0.7730737924575806,0.7603608965873718,9.742260932922363,51.41902163539762,8.219487756357761,494.3792419433594,0
00482.png,1763499210.557474,0.04514688979949,0.0067690378169227,-0.7050067849094022,0.7077297306883282,0.0545325604558518,0.0733046595625425,-1.564941342665453,0.0678394436836242,-0.0675337314605712,0.0539280772209167,-0.903096616268158,0.538602888584137,10.135502815246582,51.419017768392926,8.21948792262138,494.3555603027344,3256
00483.png,1763499210.813402,0.0575301778986869,-0.0062815110936919,-0.7041740971894734,0.7076649363199473,0.0906305163411625,0.0721948098426638,-1.5625760544278888,0.0120853185653686,0.1332305073738098,-0.0049128462560474,-0.9020428657531738,0.9000205993652344,9.83301067352295,51.41901025012126,8.219488633902479,494.3120727539063,3362
00484.png,1763499211.065344,0.0573226210815842,0.0077225563777451,-0.7030460830706666,0.7087881801457492,0.0707564754991456,0.0916765652173866,-1.5594151541497938,-0.0601481795310974,-0.0156952589750289,-0.0126105174422264,-0.9904993176460266,0.5814642310142517,9.966004371643066,51.41900662549113,8.219488955255045,494.3186340332031,0
00485.png,1763499211.317249,0.0582575014118792,-0.000585696277815,-0.7039735815224419,0.7078325487059639,0.0836712715279236,0.0812838123085771,-1.5619252140214126,0.1009990572929382,-0.0453470200300216,0.0059737414121627,-0.805125892162323,0.4624545276165008,9.791289329528809,51.41900302998072,8.219489303390583,494.3152770996094,0
00486.png,1763499211.817225,0.0646993370230683,0.0044004863944876,-0.7032195236613334,0.7080091334508295,0.0859388273274775,0.0973806801973414,-1.5598182212589151,-0.0308904498815536,-0.0788840353488922,0.0089765936136245,-0.8556247353553772,0.6699931621551514,9.79209327697754,51.41899255930659,8.219490085479277,494.3185729980469,3391
00487.png,1763499212.321242,0.0598539343794099,-0.0010171641653683,-0.7019191716898933,0.7097365344481994,0.0867940019826649,0.0826755634351665,-1.5561288196131342,0.0964390337467193,0.0530370473861694,-0.0659525096416473,-0.6275774836540222,0.8375706076622009,9.96891975402832,51.41898567161516,8.21949016961234,494.317626953125,0
00488.png,1763499212.557254,0.0621342539762285,0.0001438287489222,-0.7040561989709045,0.7074207959105742,0.0881609740389398,0.0878083027949284,-1.5621532245473204,0.0258252620697021,-0.0252186954021453,0.02297905087471,-0.6967040300369263,0.7303321361541748,9.755008697509766,51.41898215293606,8.219490150540594,494.3315734863281,0
00489.png,1763499213.061255,0.0574688098496064,0.0015102900678305,-0.7111740029563063,0.7006615391453168,0.0787426200279243,0.0839556442610483,-1.582378867861304,-0.1003264188766479,0.034448504447937,-0.0123990178108215,-0.7252584099769592,0.6860998272895813,9.67235279083252,51.41897169070451,8.21949007410296,494.3603820800781,0
00490.png,1763499213.313232,0.0512922886664844,0.0062534597157995,-0.7130425570685937,0.6992140639132043,0.0630640865293922,0.0819839933028536,-1.5877918146554997,-0.0398568511009216,-0.0361402034759521,0.0129719674587249,-0.751783549785614,0.5081173777580261,9.887927055358888,51.418968184920175,8.219489908657664,494.37310791015625,0
00491.png,1763499213.817326,0.0406070424472652,-0.0050153263131489,-0.7164412005798737,0.696446638815443,0.0638747928117237,0.051221697313547,-1.5974607485787016,0.0081201791763305,-0.1359374523162841,-0.0306174103170633,-0.643147885799408,0.3608745038509369,9.8120756149292,51.41895753191854,8.219489125402527,494.3816223144531,0
00492.png,1763499214.061234,0.0433986490619582,0.0033454269429839,-0.7160522396566789,0.6966882771087942,0.0558333568546228,0.0668626475596597,-1.5963401790176746,-0.1557338237762451,0.265378475189209,0.1138972043991088,-0.6586190462112427,0.3213461339473724,9.31858730316162,51.41895398487138,8.219488728900794,494.3717041015625,0
00493.png,1763499214.813257,0.04648394386402,0.0202643926420934,-0.699048002537441,0.713274482581641,0.0381578589993426,0.0940356917202529,-1.5488551467704872,0.1062194108963012,-0.0574384629726409,0.029209092259407,-0.7827901244163513,0.3423746526241302,9.842411994934082,51.418939843943214,8.219487172670634,494.3370666503906,0
00494.png,1763499215.061284,0.0506962473659547,0.0135665684249143,-0.6991857021716118,0.7130113551711307,0.0535669511187046,0.0903613364015624,-1.5487941901947546,0.0099870413541793,-0.0263467878103256,0.0508398003876209,-0.8516047596931458,0.2807669341564178,9.784242630004885,51.41893620575699,8.219487145834096,494.3125305175781,0
00495.png,1763499215.809211,0.0467347884670818,0.0195005535786534,-0.6980919660318666,0.7142150900945923,0.0397139235604014,0.0932405838713648,-1.5461119373001055,0.0885742306709289,0.0092854499816894,0.0859296098351478,-0.7768086791038513,0.4441620409488678,9.82656192779541,51.41892186496027,8.219486646547958,494.3092041015625,0
00496.png,1763499216.065226,0.0509896387256168,0.0144416234984509,-0.7005586316562177,0.7116242687439264,0.0525836370333538,0.0921267457606825,-1.5527005188356324,0.0418866276741027,-0.0445153415203094,0.006839781999588,-0.8846896290779114,0.3731510639190674,9.716147422790527,51.41891832226272,8.21948672411403,494.3187561035156,0
00497.png,1763499216.309254,0.0468736193731317,0.0092011094280665,-0.7036757158804648,0.7089137396554469,0.0537031395028458,0.0790956874510583,-1.56125469826843,-0.0148667097091674,-0.0381172001361846,-0.0629094615578651,-0.8194627165794373,0.3071328997611999,9.798504829406738,51.41891485120428,8.219486898317285,494.3132934570313,3461
00498.png,1763499216.561545,0.0482112637654728,0.0126799811506376,-0.7047629728186984,0.7076892285939544,0.0505728347390226,0.0860079990104095,-1.564476182596944,-0.0381324589252471,0.1468300819396972,-0.0322454869747161,-0.9040685892105104,0.368646889925003,9.82491683959961,51.418911411657,8.21948691360606,494.3215026855469,0
00499.png,1763499216.813286,0.0520349001613915,0.0290396109611382,-0.7062697481971122,0.705430445148214,0.0326145451646105,0.1147236939654486,-1.5701123429876236,-0.0110227614641189,0.0489323139190673,-0.010018266737461,-0.9822514653205872,0.2225766479969024,9.732895851135254,51.4189046033732,8.219486720403664,494.3603210449219,3421
00500.png,1763499217.065497,0.0551101336319505,0.0311591439178572,-0.7062113801515849,0.7051648512693812,0.0339729313396877,0.1220865330620389,-1.570202719770627,0.0239919796586036,0.047429870814085,0.0062482953071594,-1.164124846458435,0.4422204196453094,9.733942985534668,51.41890126035893,8.219486620189361,494.3704833984375,0
00501.png,1763499217.317484,0.0584467797540777,0.028154080894482,-0.7046955897841474,0.7065376475490446,0.0432468570180784,0.122464090819557,-1.5655339438748368,0.0308500826358795,-0.053160011768341,-0.0253852605819702,-1.1919244527816772,0.4187157750129699,9.69121265411377,51.41889784129744,8.21948657463641,494.3768615722656,0
00502.png,1763499217.809233,0.0564877699820673,0.0272085259394081,-0.702312939740462,0.7091017999072966,0.0422002804421949,0.1182064996016264,-1.5586790130271144,0.0164316296577453,0.0506044626235961,-0.0230120606720447,-1.0488429069519043,0.5243525505065918,9.644556999206545,51.41888756704724,8.219486457708625,494.37396240234375,0
00503.png,1763499218.069227,0.0597507769554397,0.0309298321602227,-0.7035456791936112,0.707457890919143,0.0413723798844003,0.1281886946285728,-1.5625953012719846,0.0425814390182495,0.0134224593639373,-0.010378822684288,-1.017017483711243,0.3591186106204986,9.66433334350586,51.41888418410574,8.21948643998656,494.36669921875,0
00504.png,1763499218.561228,0.061775332284513,0.0243261092795845,-0.7059709895563558,0.7051219828038798,0.053190379427257,0.1218300887759934,-1.568754788656593,0.1002523899078369,-0.0224603116512298,-0.0113193914294242,-0.83951336145401,0.5573468804359436,9.749401092529297,51.41887737741752,8.219486530550347,494.38031005859375,0
00505.png,1763499218.809259,0.0566306688820091,0.0233830372274271,-0.7056572833020405,0.7058994258637562,0.0472702030233576,0.1131772948692989,-1.567774927988483,-0.0588098168373107,-0.1261470913887024,0.0170085877180099,-1.061872482299805,0.5361437201499939,9.860262870788574,51.41887030113114,8.2194867857396,494.3691101074219,3362
00506.png,1763499219.317343,0.067202832663419,0.0126512583110491,-0.7106256608584592,0.7002391699088517,0.0767034960941405,0.1134732884688038,-1.581160936341702,-0.0258279144763946,0.0417916774749755,-0.0372949987649917,-0.993416428565979,0.70356285572052,9.80624294281006,51.41886299801078,8.219486977126195,494.36175537109375,3418
00507.png,1763499219.817612,0.0605580784277654,0.0206424132878738,-0.7095425539129852,0.7017520745230666,0.0561010119444686,0.1151631708646148,-1.578601597340759,0.1000527739524841,-0.1856461763381958,0.0062474906444549,-0.8243027329444885,0.4862482845783233,9.650389671325684,51.41885212669229,8.219487279944792,494.38177490234375,0
00508.png,1763499220.069211,0.0543299150973372,0.0049146121563867,-0.7117739857565003,0.7002870126692153,0.0693989653758845,0.0843244160026163,-1.584136842997695,0.0464423447847366,-0.137022852897644,0.0292839258909225,-0.7042509317398071,0.6674720644950867,9.695268630981444,51.418848328787085,8.219487472590153,494.3693237304688,0
00509.png,1763499220.309237,0.0539274560174303,0.0007078036323713,-0.7147707994351719,0.6972761524505993,0.0744888779915285,0.0781581606849755,-1.5926604033669094,0.0690461695194244,-0.0449824333190918,-0.0608564317226409,-0.9474329352378844,0.4955452382564544,9.881497383117676,51.4188445353639,8.219487721191442,494.3612060546875,0
00510.png,1763499220.813342,0.0488600669610018,0.0201988451936735,-0.7089498888274699,0.7032743103803285,0.0402876647240486,0.0978453852550654,-1.5768612490067524,-0.0970268845558166,0.1268079578876495,-0.0002778470516204,-0.9675502181053162,0.2615871727466583,9.618800163269045,51.418833494130496,8.219488009360484,494.36956787109375,0
00511.png,1763499221.309267,0.0516942875508475,0.0339120051996174,-0.6999213195462273,0.7115390523243397,0.0262884929133493,0.1209177430730442,-1.552743291763763,-0.0034618824720382,-0.1047725081443786,-0.0310522243380546,-1.0597649812698364,0.2932032644748688,9.792037010192873,51.418826278161326,8.219487875622635,494.3550415039063,0
00512.png,1763499221.561277,0.0547034899834366,0.0182319748746727,-0.7043581144642783,0.7074989539668083,0.0520209068405255,0.1030421484791078,-1.5636639521227849,0.1871333122253418,-0.0662692189216613,-0.0975019335746765,-1.0190210342407229,0.3133687376976013,9.910021781921388,51.41882266941573,8.21948781487212,494.3425903320313,3447
00513.png,1763499222.561206,0.0557395557536586,0.0104741979812549,-0.6990432855646815,0.7128266816049814,0.065148831239688,0.092995281105595,-1.548239402812806,0.03595532476902,-0.0223120748996734,-0.0182626023888587,-0.8179042339324951,0.3582818508148193,9.908787727355955,51.41880460395537,8.219487917759759,494.283447265625,0
00514.png,1763499223.069356,0.0522670944367551,0.0224689105366444,-0.6968633362131889,0.7149439065690816,0.0436756789926982,0.105167821873818,-1.5428852357305305,0.0329433381557464,0.0259500443935394,-0.0606621354818344,-0.9145863652229308,0.3824415802955627,9.806803703308104,51.41879364200894,8.219487925330503,494.3092651367188,0
00515.png,1763499223.317615,0.0531971319534837,0.0104870850334702,-0.7006409225582535,0.7114509005097569,0.0612828843023901,0.0895860505269633,-1.5527382965886345,0.0316029787063598,-0.1017643809318542,-0.0819879844784736,-0.8438358902931213,0.5225791335105896,9.610332489013672,51.4187899974886,8.219487948872578,494.3177490234375,0
00516.png,1763499223.569463,0.0485620081710125,0.0077670776069811,-0.7035062292598315,0.708985464773756,0.0581471048592568,0.0794243188053994,-1.5607270986104278,-0.0194528102874755,-0.0149934962391853,0.0324653983116149,-0.8212746381759644,0.2538659274578094,9.67104434967041,51.41878639736336,8.219488126894618,494.3094787597656,0
00517.png,1763499223.817399,0.0475608386944341,0.020469312812472,-0.7028275921544443,0.7094732902386485,0.0389025595587035,0.0960466036569525,-1.5595153294181123,-0.0728359520435333,0.0805847644805908,-0.014295756816864,-0.8885506987571716,0.3728496730327606,9.699624061584473,51.418779283540935,8.21948798099879,494.32916259765625,0
00518.png,1763499224.069237,0.0531066850442703,0.0246899229947959,-0.7020257555613294,0.7097393368235021,0.0409761809348983,0.1098320260247215,-1.5576160375030992,0.0857839584350586,0.0053425952792167,-0.0348483473062515,-0.9825960993766784,0.5235598683357239,9.84630012512207,51.418775766263614,8.219487789123065,494.3327941894531,0
00519.png,1763499224.561232,0.05472531930693,0.0218483754746084,-0.7023612497221092,0.7093775178314238,0.0472440638520221,0.1080816859245082,-1.5583004414774964,-0.0733897686004638,-0.0748975276947021,0.0440457612276077,-0.8845541477203369,0.1731047183275222,9.828804969787598,51.41876874702623,8.219487712126615,494.3259887695313,3504
00520.png,1763499224.813263,0.0470120169674476,0.0209882592327247,-0.7022341220731696,0.7100821086544548,0.0374686212157235,0.0959809600859607,-1.5578830729997144,0.0029188692569732,-0.0082951486110687,0.0227851532399654,-0.7079648375511169,0.3340902924537658,9.984509468078612,51.41876157279907,8.21948742016458,494.3250122070313,0
00521.png,1763499225.069293,0.04378056933074,0.0161431573972139,-0.703705611961684,0.7089577363369107,0.0395086532059814,0.0846078050827604,-1.5616879995306048,0.017696626484394,-0.061267614364624,-0.0281858406960964,-0.7770949006080627,0.4652711749076843,9.77242946624756,51.41875787228348,8.219487352872486,494.3268432617188,0
00522.png,1763499225.313235,0.0439594402541949,0.0146090277848953,-0.705130543065054,0.7075627612844674,0.0417606182030117,0.0827623452573225,-1.5656236112969542,0.0491163730621337,-0.0077012032270431,-0.0245342254638671,-0.8051948547363281,0.2088371366262436,9.565340995788574,51.41875421704145,8.219487321449295,494.3224792480469,0
00523.png,1763499225.809233,0.0445453332705187,0.0207090270771222,-0.704644305795851,0.7078582144687031,0.0340297234313624,0.0922260253725448,-1.564675198107402,0.0156767815351486,-0.0249425768852233,-0.0284546762704849,-0.8341301083564758,0.2954758107662201,9.89800262451172,51.41874327583934,8.219487201900051,494.3221740722656,0
00524.png,1763499226.061213,0.0482735175355087,0.0127356792451487,-0.7071371776422016,0.7053116204736279,0.050292478729138,0.0863444914080349,-1.5712082323664844,0.0530472099781036,0.0336403623223304,0.0159146785736084,-0.7665981650352478,0.4909300506114959,9.80745792388916,51.41873966277266,8.219487230526589,494.3167724609375,3541
00525.png,1763499226.817209,0.043416360362018,0.0270071639986865,-0.7056241571525148,0.7067391184789947,0.023372238604992,0.0996099462218037,-1.5680523979244965,0.0275022387504577,-0.061948224902153,-0.0242525432258844,-0.8292794823646545,0.1579602509737014,9.731550216674805,51.41872529554955,8.219486878922012,494.3503112792969,0
00526.png,1763499227.069204,0.0450614935012311,0.0220079533122212,-0.7061967020398646,0.7062374457804289,0.0327172806499048,0.094872494869139,-1.5691853454469138,0.0586015582084655,-0.0591974034905433,-0.0329228825867176,-0.8484143018722534,0.3087699115276336,9.814560890197754,51.41872179085205,8.219486763620106,494.35260009765625,0
00527.png,1763499227.309214,0.0456583104011042,0.0234562179680543,-0.7062135592571847,0.7061356337498134,0.0315073824749661,0.0977712735923177,-1.5693650617463022,-0.0249141603708267,0.0206896066665649,0.0658818483352661,-0.9109203815460204,0.370909184217453,9.758896827697754,51.418718288040125,8.21948672338398,494.3538208007813,0
00528.png,1763499227.561205,0.0475806764132019,0.0261687484185389,-0.7058145502359943,0.7063123222154847,0.0304432539720691,0.1043220075822721,-1.568501815874796,-0.010147426277399,0.059437483549118,0.0489116236567497,-0.9258822202682496,0.2728584706783294,9.818411827087402,51.41871479648062,8.219486676438914,494.3547668457031,0
00529.png,1763499227.813206,0.049820945354878,0.0235827296937434,-0.7061661323099904,0.7058973876155707,0.0372394683785103,0.1038442387785623,-1.5692414532383536,0.0347235798835754,0.0249043181538581,-0.0258793272078037,-0.9545066952705384,0.2598721981048584,9.841383934020996,51.41870777405568,8.21948663917236,494.3551330566406,0
00530.png,1763499228.31721,0.0476856674511073,0.0312481441171809,-0.7076658113932152,0.7042433741215866,0.0230841335361188,0.1117359875786492,-1.574353209122927,-0.0791785717010498,0.0187969058752059,-0.0598744750022888,-0.8421220779418945,0.1373188644647598,9.797402381896973,51.41870076206165,8.219486592714727,494.3543090820313,0
00531.png,1763499228.569204,0.0439552165874901,0.0303263408683871,-0.7077028887659321,0.7044890866554541,0.0191145675555742,0.1051372076913856,-1.5743420444590153,0.0363296866416931,0.0107450634241104,0.0347461402416229,-0.9154683947563172,0.1703870743513107,9.849047660827637,51.418697157322384,8.219486505801513,494.3510437011719,0
00532.png,1763499228.809207,0.0409221515042722,0.030554159506892,-0.7060462524972314,0.7063218177202971,0.0147389390191495,0.1011202451800858,-1.569660257831267,-0.0247980058193206,-0.0292830541729927,0.0238632932305336,-0.9088876247406006,0.1358548998832702,9.840618133544922,51.418689923362,8.219486223576519,494.3401489257813,3547
00533.png,1763499229.061201,0.0403120053103162,0.0272781867828136,-0.7066692746555568,0.7058678197874527,0.0184418840196229,0.0956297895768465,-1.5710486059048334,0.0572158098220825,0.0325089767575264,0.0071126036345958,-0.8995474576950073,0.1641159057617187,9.883572578430176,51.418686319407605,8.219486162124724,494.3436584472656,0
00534.png,1763499229.31323,0.0409189988021739,0.0234116347577527,-0.7068109201923666,0.7058299044329428,0.0247735780299939,0.0910188755314465,-1.5710569687789937,0.0423821508884429,0.0160784125328063,0.0016206335276365,-0.9676238298416138,0.1307635158300399,9.945704460144045,51.41868270069738,8.219486192506938,494.3359069824219,0
00535.png,1763499229.565234,0.0479952129602154,0.0234494643632308,-0.7073608200916001,0.704831364478994,0.034666620356081,0.1011279846544571,-1.572624080302224,-0.0696690380573272,-0.0067702531814575,0.0137141346931457,-0.8534050583839417,0.2215859740972519,9.736092567443848,51.41867909380408,8.219486054748494,494.3485107421875,0
00536.png,1763499230.069205,0.0475238905644836,0.0278355814639096,-0.7060614611211302,0.7060055760046628,0.0279593778123599,0.1066155930983427,-1.5693835172610109,-0.0775503367185592,0.0303778946399688,0.0138070881366729,-0.8767070174217224,0.3977579474449157,9.702540397644045,51.41866837809485,8.21948613932508,494.3580627441406,0
00537.png,1763499230.30922,0.0441258854510943,0.0289931110656029,-0.7034425081434305,0.7087883629693527,0.0218803733297722,0.1033639668899262,-1.5620936944744743,0.0215777549892663,-0.0320358872413635,0.0157907083630561,-0.917324721813202,0.3312371373176574,9.937816619873049,51.41866474092861,8.219486174782284,494.3560791015625,0
00538.png,1763499230.561208,0.0423371143155463,0.02172826238147,-0.7053479223090269,0.7072621578026448,0.0293594796967229,0.0905837755580894,-1.5667553660683518,0.0946059823036193,-0.0478495657444,-0.0537360906600952,-0.7301627397537231,0.2124119848012924,9.727494239807127,51.41866108810584,8.219486270592087,494.35198974609375,0
00539.png,1763499230.813205,0.0499020821493484,0.0172137081147333,-0.7056616661579029,0.7065798492494338,0.0464511265233394,0.0948960546147954,-1.567289941191078,-0.0039857625961303,0.0267672538757324,-0.0334466770291328,-0.8028828501701355,0.3570382595062256,9.660950660705566,51.41865385332909,8.219486728686867,494.35296630859375,0
00540.png,1763499231.3172,0.0410854219196961,0.0207492535714292,-0.7050295398319473,0.7076827004712364,0.0290080160934363,0.0874119221120427,-1.565771488064711,-0.0412309318780899,-0.0283116102218627,0.0270053222775459,-0.8575593829154968,0.1513997912406921,9.855178833007812,51.41864657927044,8.219486981935306,494.3565979003906,0
00541.png,1763499231.569202,0.0442517129047422,0.0163036665101947,-0.7059438739604622,0.7066959906360128,0.0396818271091032,0.0856265186223987,-1.5680313185413308,0.099578320980072,0.0866126418113708,-0.0269096791744232,-0.7405893802642822,0.1894508898258209,9.688446044921877,51.41864299058205,8.219487119243567,494.3511657714844,0
00542.png,1763499231.809212,0.0527761522376126,0.0189806489211553,-0.7067269180808747,0.7052598641503944,0.0478783563326946,0.1015436493215533,-1.5704408994830208,-0.0177072584629058,0.068078875541687,-0.0332646891474723,-0.9674053192138672,0.2504917085170746,9.735512733459473,51.41863578782086,8.219487311371383,494.3559875488281,0
00543.png,1763499232.061195,0.0437391488167484,0.0273833623883267,-0.7038759526407528,0.7084459623846895,0.0235457399327442,0.1005424431468912,-1.5631399973568394,-0.0102234780788421,0.0281927287578582,0.0197513997554779,-0.996032178401947,0.0912593901157379,9.909235954284668,51.418632213973055,8.219487262437209,494.353759765625,3496
00544.png,1763499232.313207,0.0482994098140374,0.0251000768525896,-0.7067024166002288,0.7054139547280068,0.0328484856851447,0.1038651565638476,-1.5709135977577775,0.071289837360382,0.021927535533905,-0.0413729697465896,-1.0316510200500488,0.2357846051454544,9.787663459777832,51.41862864777021,8.219487237996708,494.3586730957031,0
00545.png,1763499233.813206,0.0543378576233974,0.0304415971315457,-0.7088754544203271,0.7025783205546232,0.0334416844540318,0.1201012810797631,-1.577708373755727,-0.0796681642532348,0.0913909077644348,0.0591388642787933,-0.8725830912590027,0.2792236804962158,9.838842391967772,51.418600741365154,8.219487183896343,494.3576965332031,0
00546.png,1763499234.065228,0.0484609442307215,0.0371359900531687,-0.7062836278505666,0.7052913526743968,0.0160191502966748,0.1211337514258209,-1.5712307999628012,0.0135765373706817,-0.0357290506362915,0.0343827530741691,-1.086944341659546,0.034287329763174,9.83050537109375,51.41859713437647,8.219487003547476,494.3601379394531,0
00547.png,1763499234.569207,0.0446657664905372,0.0374498234662897,-0.7036337979904463,0.7081680297441393,0.010631657333141,0.1161592674081867,-1.5637548389829672,-0.0267323851585388,0.017004407942295,0.0332374274730682,-1.1550124883651731,0.2066560238599777,9.672913551330566,51.41858996006968,8.219486717494307,494.3387451171875,0
00548.png,1763499235.061191,0.0525051245589456,0.0332500140763102,-0.7012549274428173,0.7101965750383085,0.0281545483314585,0.121163286447257,-1.5564185003673634,0.112866461277008,-0.0465799421072006,0.048376053571701,-0.9291602969169616,0.3984740674495697,9.76766300201416,51.418579307968734,8.219486503390268,494.3432312011719,0
00549.png,1763499235.313206,0.0529437285723963,0.0236645567714644,-0.7035693738533448,0.7082563706266786,0.041953870830234,0.108231499378151,-1.5618838097061212,0.0537885725498199,-0.0026065707206726,-0.0608002096414566,-1.1261075735092163,0.1690393537282943,9.9526948928833,51.4185756919645,8.21948674425174,494.3313903808594,0
00550.png,1763499235.565215,0.0508245296828813,0.0289882335390839,-0.7040704968299771,0.7077155396007542,0.0313233888455454,0.1128382496336291,-1.5638633458111195,-0.0986495018005371,0.053482174873352,-0.0627010911703109,-1.0127253532409668,0.303501695394516,9.71689510345459,51.41857214705128,8.21948696015897,494.3265686035156,0
00551.png,1763499236.069204,0.0555437022127766,0.0276817720961892,-0.703463200220197,0.7080170496351567,0.0399924422585288,0.1176152152625775,-1.5619888748143775,0.0311876237392425,-0.0504910945892334,-0.0173914283514022,-0.9949737191200256,0.4183466136455536,9.790878295898438,51.418561437544525,8.219487345922902,494.3446350097656,0
00552.png,1763499236.561229,0.0564366239715406,0.0238588943199641,-0.703484151357788,0.7080647635809428,0.0466696309319929,0.1134349397140919,-1.5616558520024455,-0.0370412468910217,0.0061883032321929,0.057390309870243,-0.8677231669425964,0.3834699392318725,9.753251075744627,51.41855411799076,8.21948761891208,494.3499145507813,3440
00553.png,1763499237.317204,0.0540750342681788,0.0163783814454673,-0.7103269606694319,0.7016004904760611,0.0528987915329327,0.0999705064419567,-1.580510264293828,-0.1707068681716919,0.041639506816864,0.0505101904273033,-0.925660252571106,0.4102465510368347,9.544947624206545,51.41853950302593,8.219488377228863,494.3680419921875,0
00554.png,1763499237.569214,0.0439911161688851,0.0250380627282591,-0.7097633665352037,0.7026192714675891,0.026405011369719,0.0977867854144547,-1.5796204786737906,0.0398282557725906,-0.0513850450515747,-0.0143921338021755,-0.7588164210319519,0.1939681321382522,9.752541542053224,51.418535834665406,8.219488427161464,494.3785705566406,0
00555.png,1763499237.809219,0.0399259430459437,0.0169605755488156,-0.7086236020155856,0.7042519780699251,0.0323089101038901,0.08056108205355,-1.5756823338197596,0.0263767540454864,-0.0288829952478408,-0.03419691324234,-0.6507683992385864,0.24909508228302,9.860730171203612,51.41852845864115,8.219488287567842,494.3841552734375,0
00556.png,1763499238.565205,0.0471064981467399,0.0212581195422814,-0.7072454657948722,0.7050765357735792,0.0365369508895598,0.0967598314403954,-1.5720985313968714,0.0594404116272926,-0.0037581324577331,0.0662507861852645,-0.9065383076667786,0.3896876573562622,9.885815620422363,51.41851737930332,8.219488195932525,494.37701416015625,0
00557.png,1763499238.817323,0.0485657199783749,0.0151136267364973,-0.7071730576502848,0.7052086327204162,0.0473317356071492,0.0901272239196586,-1.571443262924985,-0.0307058990001678,-0.0267171710729599,0.1134841963648796,-0.9641050100326538,0.2902893722057342,9.92146110534668,51.418509997086126,8.21948826242931,494.3471374511719,0
00558.png,1763499239.069197,0.0477630638531878,0.0172271836650751,-0.7055810369695169,0.7068078339572557,0.0434049324598661,0.0918832743998589,-1.5670633224085635,-0.0445501320064067,0.0100383460521698,0.1021798476576805,-0.90509432554245,0.2433732748031616,9.822243690490724,51.418506339498855,8.219488277047143,494.3459777832031,3468
00559.png,1763499239.321218,0.0461128437595576,0.0194990455107862,-0.7061239450273543,0.7063160532818016,0.0377744822273705,0.0928008869733676,-1.568770083700408,-0.0068234652280807,0.0345261991024017,-0.037496417760849,-1.0476863384246826,0.1541150957345962,9.806411743164062,51.41850268799559,8.219488264813906,494.35589599609375,0
00560.png,1763499239.561206,0.049979126000183,0.0252579732338873,-0.7074471395511303,0.7045442970412136,0.0348924129527874,0.1065071527687784,-1.5730479283900003,-0.0331146121025085,0.0715507864952087,-0.0277900043874979,-0.9256801009178162,0.3597614467144012,9.583696365356444,51.41849909705325,8.219488147214058,494.36138916015625,0
00561.png,1763499239.813211,0.0484819498133845,0.0286132234407797,-0.7075383108875842,0.704429075644216,0.0279844027715342,0.1091341539545977,-1.5736717933860114,-0.0152152180671691,0.0426674783229827,-0.0309446025639772,-0.8358871340751648,0.3423624038696289,9.583565711975098,51.418491970265634,8.219487895443779,494.3698425292969,0
00562.png,1763499240.065195,0.0469912777217487,0.0338897772693429,-0.7039870308179347,0.7078457199523497,0.0189340865073074,0.1143892666791254,-1.5642459847952084,-0.0476918816566467,-0.0038045793771743,0.0360527336597442,-0.9564261436462402,0.2425125688314438,9.77153205871582,51.41848838337288,8.2194877186119,494.3692626953125,0
00563.png,1763499240.569207,0.0484874979658091,0.0169697694972875,-0.7038386158103396,0.7084999593213891,0.0450261796403922,0.0924324728621047,-1.56211268943205,-0.0051871389150619,-0.0394863113760948,0.0727431625127792,-0.8003933429718018,0.4484167993068695,9.802597999572754,51.41848123047748,8.219487553185573,494.3339538574219,3490
00564.png,1763499240.821201,0.0499029316043594,0.024216180481821,-0.7031306694141088,0.7088938818676811,0.0369079340512948,0.1047011577728019,-1.5606991859324906,-0.0489556193351745,0.0129874646663665,0.0807479098439216,-0.8929643630981445,0.3680352866649627,9.74070930480957,51.41847397755746,8.219487618160793,494.3335266113281,0
00565.png,1763499241.061229,0.0446551744338584,0.0302359954968207,-0.7013693806895024,0.7107550153209063,0.0211846468441295,0.1058176846055357,-1.556381649540756,-0.1035771369934082,-0.0344294756650924,0.0447377860546112,-0.8813449740409851,0.4473560452461242,9.747382164001465,51.41847038427212,8.219487681868973,494.3378601074219,3493
00566.png,1763499241.313215,0.0313906956429129,0.0341398589356146,-0.69635093856581,0.716201413442773,-0.0025936761627072,0.092752847526181,-1.5428127231454014,-0.0228173732757568,-0.0879046916961669,0.0914485454559326,-0.8411255478858948,0.3638821542263031,9.847908020019531,51.4184667274992,8.219487737153177,494.3413391113281,0
00567.png,1763499241.817202,0.0153621824184659,0.0383202265579716,-0.6554593595231094,0.7541011812757245,-0.0271513267612389,0.0780123341771833,-1.4321227057440389,-0.0986234545707702,0.04640793800354,0.3755321502685547,-0.910698413848877,0.3157467246055603,9.820374488830566,51.418455629339896,8.219488897543282,494.3544616699219,3429
00568.png,1763499242.069194,0.0096032858951002,0.0553679883737654,-0.6143849960388473,0.7870026933917094,-0.0532049810765501,0.0991119274301043,-1.3283179065975723,-0.1645159125328064,0.0095650255680084,0.3896017074584961,-1.110481023788452,0.3439371883869171,9.782186508178713,51.41845195587345,8.219489698295522,494.3752746582031,3464
00569.png,1763499242.561221,0.0204761499727315,0.057073300318475,-0.5299620084381774,0.845850835127107,-0.0260394560490186,0.1185315215038564,-1.120961533052553,-0.016089167445898,-0.0689935088157653,0.4051284790039062,-0.8980357646942139,0.5008660554885864,9.873983383178713,51.41844498960885,8.219492700423475,494.3894958496094,0
00570.png,1763499242.813208,0.0110035500993116,0.042305436810106,-0.4763661129948074,0.8781597225401175,-0.0210573770064927,0.084887208605837,-0.9949654368741204,0.0169530510902404,-0.0934760570526123,0.3865535259246826,-0.7220994830131531,0.58980792760849,9.865628242492676,51.418438271828016,8.219497984602055,494.3780822753906,0
00571.png,1763499243.065196,0.011029619100194,0.0380005718132812,-0.4223449548548802,0.90557111435436,-0.0121599707863037,0.0782207894337227,-0.8732678178272165,-0.0088124368339777,0.0650622695684433,0.4488754272460937,-0.6893323659896851,0.8000919222831726,9.78265380859375,51.41843512156859,8.219501441889948,494.3644714355469,0
00572.png,1763499243.317219,0.0114490301438453,0.0385782755634306,-0.3890311553331344,0.9203452594235948,-0.0089709957126029,0.080004043876675,-0.8002031203037528,0.0281576663255691,-0.0063812881708145,0.4258549213409424,-0.6614480018615723,0.8617534041404724,9.857684135437012,51.418432199486354,8.219505400196105,494.354248046875,0
00573.png,1763499243.569195,0.0069413524692239,0.0271327290783461,-0.3346362662502591,0.9419311025487715,-0.0050905806015043,0.0557889144719095,-0.6828591765462466,-0.0774470865726471,-0.0741560459136962,0.4842352867126465,-0.3932689428329468,0.8625875115394592,9.852094650268556,51.41842947741986,8.219509915374857,494.3464050292969,0
00574.png,1763499243.821203,0.0044493153945596,0.0249428832266909,-0.2950572957933643,0.9551435747404504,-0.0062276044642392,0.050294876661384,-0.599385943305996,0.0145033337175846,0.0103588849306106,0.5260381698608398,-0.4183991849422455,0.8897201418876648,9.943387031555176,51.41842474713019,8.219520212417939,494.31927490234375,3506
00575.png,1763499244.313209,0.0214657101660523,0.0121447264453645,-0.1810646327776021,0.983161903077894,0.037838561348854,0.0316591149736286,-0.363650688380679,0.0163138508796691,0.0571000277996063,0.3549935817718506,-0.2678679823875427,0.9760141968727112,9.660408020019531,51.41842112885327,8.219531818549772,494.31646728515625,0
00576.png,1763499244.565375,0.0314711653824318,0.0121501752755247,-0.1475824178161842,0.9884742631661052,0.0586968215639535,0.0333156151221621,-0.2954387839705871,0.123978853225708,-0.0277048647403717,0.2823410034179687,-0.2578996121883392,0.8686308860778809,9.863085746765137,51.41841976958575,8.219537849357197,494.3240661621094,0
00577.png,1763499244.817213,0.04236016836879,-0.0018779778495959,-0.114648567145342,0.9925007785319284,0.0846180734744814,0.0059853119956535,-0.2297568465862398,0.0048171449452638,-0.0394480228424072,0.1059024930000305,-0.0061209052801132,0.7898790836334229,9.884600639343262,51.41841781621285,8.219550458430842,494.287841796875,0
00578.png,1763499245.069206,0.038727974524213,-0.0016804278058306,-0.1087888571639387,0.9933087660484052,0.0773814997120445,0.0050879987898031,-0.2179768687996622,0.0278158038854599,0.0160248987376689,0.0103517081588506,-0.2633734345436096,0.8599367737770081,9.85016918182373,51.41841703428118,8.219556606327426,494.2908935546875,0
00579.png,1763499245.321207,0.0422278242118083,-0.0012156349589901,-0.1070234496461051,0.9933586030834136,0.0842564500683902,0.0066236603800169,-0.2143707898998891,0.0559163391590118,0.0513853430747985,0.006058738566935,-0.1187706068158149,0.7944901585578918,9.741288185119627,51.41841638172288,8.219562587704882,494.2927551269531,0
00580.png,1763499245.5612,0.0465358364312672,0.0021386733164872,-0.1065428064921085,0.9932162264023242,0.0921240558466889,0.0141649209954863,-0.213070803069932,0.047824889421463,0.0173959285020828,0.0383311659097671,-0.2091549038887024,0.8839793801307678,9.750783920288086,51.418415803875234,8.219568458841614,494.2880859375,0
00581.png,1763499245.8132,0.0498271718534715,0.0048244681479103,-0.106514696957565,0.99305014817189,0.0981113117244429,0.0201979031176088,-0.2127115934847068,0.028646282851696,0.0441654622554779,0.0136048356071114,-0.171148344874382,0.8431548476219177,9.836562156677246,51.41841476397363,8.219579989161964,494.2841796875,0
00582.png,1763499246.317233,0.0468185728629524,0.0016267129954269,-0.1079892071075951,0.9930476857574262,0.0927760990394085,0.0133430041922189,-0.2160197857334646,-0.0338853001594543,-0.0228276140987873,-0.0409994423389434,-0.0513050593435764,0.6750049591064453,9.82149600982666,51.41841365028797,8.219591184460405,494.2822265625,0
00583.png,1763499247.061201,0.0285580398997081,0.0102011667025693,-0.1086255727353788,0.993620078049404,0.0545816905347385,0.0264795293044763,-0.2170583618252153,-0.1882436275482177,0.0089129358530044,0.1508727073669433,-0.2685122787952423,0.7183097004890442,9.788859367370604,51.41841098369419,8.21961313555768,494.29339599609375,0
00584.png,1763499247.565203,-0.0023948992846618,0.0104083822397353,-0.0671204516038974,0.997687714173657,-0.0061772845480664,0.0204485617699621,-0.134412739200675,-0.1133577823638916,-0.0373731851577758,0.3112387657165527,-0.2889467477798462,0.9195409417152404,9.87149715423584,51.41840962744062,8.219624192335456,494.3052978515625,0
00585.png,1763499248.321207,-0.0354461150093265,-0.0016295736080299,0.1727776289164217,0.9843214964464714,-0.0704048784476383,0.0090406659002877,0.3472007178291408,-0.0653016567230224,-0.0970023274421691,0.7494359016418457,0.0449388213455677,0.7104707360267639,10.015351295471191,51.41840955729198,8.219647670867595,494.3029174804688,0
00586.png,1763499248.813207,-0.0580775299190037,-0.0290172654575102,0.3613080009042084,0.9301835987085992,-0.1293838681474992,-0.0120153054522319,0.741757625940044,-0.0668860971927642,-0.1946809291839599,0.7432217597961426,0.217227965593338,0.3317161202430725,10.032752990722656,51.41841435678528,8.219664940001365,494.3028564453125,0
00587.png,1763499249.065212,-0.0538846457049688,-0.043984908840657,0.4338128306311151,0.898314088017854,-0.1354573169852334,-0.0322784300233158,0.9019688564408996,0.0724794864654541,-0.2387086153030395,0.7290830612182617,0.36430624127388,0.2745097875595093,10.069519996643066,51.41841716746266,8.219669849443877,494.3045959472656,0
00588.png,1763499249.569204,-0.024841116654683,-0.0499245276251118,0.6000154508230497,0.7980425547791109,-0.0998493972736462,-0.0498943865457016,1.2918731227039182,0.0669396519660949,0.0287869405001401,0.6006393432617188,0.4817417562007904,-0.0273573733866214,9.933778762817385,51.41842429739979,8.219677527768246,494.27740478515625,0
00589.png,1763499249.821214,-0.0181009028045023,-0.0428887678211304,0.6502011940161462,0.7583345687837427,-0.083394158865434,-0.0415215430317175,1.4192893614776825,0.1281245350837707,-0.0279455184936523,0.4422698020935058,0.3641420900821686,-0.0229221899062395,9.871197700500488,51.41843219538413,8.219681608434724,494.2962951660156,0
00590.png,1763499250.061205,-0.0095704004237248,-0.0333226484726169,0.6821763590753808,0.7303652672828557,-0.0595164948772613,-0.0356255436739124,1.5036532850492697,0.1599162817001342,0.0228240936994552,0.282081127166748,0.3675720989704132,-0.0406128615140914,9.763980865478516,51.41843620038768,8.219682473341614,494.3045654296875,0
00591.png,1763499250.313223,-0.0031983755494491,-0.027073825377813,0.699781033706695,0.7138370144771464,-0.0424953430701431,-0.0341829288405094,1.5516369371137726,0.0532169640064239,-0.0445740222930908,0.08648282289505,0.3580233752727508,-0.0913556292653083,9.764037132263184,51.41844017995726,8.219682827752376,494.3112487792969,0
00592.png,1763499250.565206,0.0060718800938322,-0.018150246815823,0.7050838612137005,0.7088656074804518,-0.0169974146401176,-0.0343012667434663,1.5657386957983592,0.1288443803787231,0.0696503818035125,0.0103763490915298,0.4379235804080963,0.0172078274190425,9.719717979431152,51.4184440909735,8.219682667244532,494.3111572265625,3575
00593.png,1763499250.817204,0.01077069379601,-0.0118378161077893,0.7069020347340784,0.7071303780447921,-0.0015045526580162,-0.0319748576709016,1.5704974152038915,0.0018335646018385,-0.0217639505863189,0.0498256981372833,0.3820367753505707,-0.0223944243043661,9.795327186584473,51.41845173168279,8.219681540626658,494.3119201660156,0
00594.png,1763499251.321204,0.0232374027357583,-0.0093628086975694,0.7079409083469465,0.7058271964272057,0.0195686200670541,-0.0461348300219193,1.5733350145354978,-0.008072130382061,-0.0552839040756225,-0.0457321889698505,0.4071086347103119,-0.0081426370888948,9.90910530090332,51.41845954891283,8.219680246415376,494.292236328125,0
00595.png,1763499251.561203,0.0193897765325277,-0.0189782801016815,0.7066276654175958,0.7070652048551669,0.0005993995188569,-0.0542670995029025,1.5701610568711009,-0.0876549482345581,-0.0318982675671577,-0.0298264548182487,0.4460727274417877,-0.1389563083648681,9.889497756958008,51.41846336877947,8.219679667992901,494.2716674804688,3559
00596.png,1763499251.813205,0.0199804204969201,-0.0187217174191676,0.7061399364958081,0.7075426984849318,0.0018364481536509,-0.054738105487346,1.5687615029579045,0.0883500576019287,0.0434080362319946,0.0602142661809921,0.4459459483623504,-0.1220985949039459,9.858206748962402,51.41847079982341,8.219678728201973,494.2705993652344,0
00597.png,1763499252.065212,0.0179028435802936,-0.0139020366513815,0.7061130895704637,0.7077361982447539,0.0057139701104032,-0.0449759751744602,1.5683717963903403,-0.0341330766677856,0.0428030341863632,-0.0024633388966321,0.3398535847663879,-0.0242523085325956,9.74250316619873,51.41847442834241,8.219678309246682,494.2671203613281,0
00598.png,1763499252.317198,0.0075988531602432,-0.0140090031469073,0.7051142137128044,0.7089146287682689,-0.0089863413299239,-0.0305832606533131,1.5655584665655968,0.0020326008088886,0.0614077448844909,-0.0332251191139221,0.3263088762760162,-0.2206064015626907,9.878619194030762,51.418477988856914,8.21967793424268,494.2687683105469,0
00599.png,1763499252.569207,0.0057298671825104,-0.0081292457719498,0.7042782749423334,0.7098543480387376,-0.0033164040460886,-0.0196132603121275,1.5629426819391374,0.0622564852237701,0.0040229111909866,0.0238366834819316,0.3182683885097503,-0.1348214298486709,9.768821716308594,51.41848144112696,8.219677675605672,494.2752990722656,0
00600.png,1763499252.821202,0.0090589874523474,-0.007848567251127,0.703896198131404,0.7102017157080078,0.0018187841520524,-0.0239035817863858,1.5618565693732458,0.0371570587158203,0.0463322363793849,0.0216276086866855,0.2679891884326935,-0.0952878147363662,9.855889320373535,51.41848830805908,8.219677181665961,494.2776184082031,0
00601.png,1763499253.061203,0.0083652286400889,-0.0031576284383705,0.7044561095911176,0.7096912300375365,0.0074256883812967,-0.0162684728696762,1.5633320316660355,0.0447295904159545,0.0140027999877929,0.0525099486112594,0.3126899898052215,-0.1030153557658195,9.841646194458008,51.418491755496426,8.219677010826004,494.2750549316406,0
00602.png,1763499253.313223,0.0069906681448548,-0.0006185678827322,0.705086484123237,0.7090865940344628,0.0090423347007715,-0.010735493845385,1.565090632487782,-0.0021423045545816,0.0106406137347221,-0.0023945793509483,0.2723879516124725,-0.1253708600997924,9.835253715515137,51.418495205568014,8.219676803421564,494.2831726074219,3589
00603.png,1763499254.321197,-0.0016803332287859,-0.0081519750495093,0.7036974141725303,0.7104510335483556,-0.0138616693410535,-0.0092183964635536,1.5613087921711837,-0.0147087126970291,-0.0631483793258667,0.0019832700490951,0.27508544921875,-0.1338014006614685,9.834654808044434,51.41851260013409,8.21967723548241,494.3133239746094,0
00604.png,1763499254.561201,-0.001732954650455,-0.009313983567655,0.7023914377713331,0.7117278375360911,-0.0155524466904862,-0.0108238290933996,1.5576761461511506,-0.0106909424066543,-0.0021853968501091,-0.0630744993686676,0.3769169151782989,-0.1200877428054809,9.790467262268066,51.418516141775534,8.219677336458158,494.32135009765625,0
00605.png,1763499255.065211,0.0091109844613984,-0.0108158574901615,0.7040288666264445,0.7100305360655841,-0.0022921102170149,-0.0281917044940325,1.5623401215323265,0.0064058154821395,-0.0654492080211639,0.0081172734498977,0.3642822802066803,-0.0238254498690366,9.73730754852295,51.41852712235776,8.219677466426468,494.3187255859375,0
00606.png,1763499255.317201,0.0095323441887484,-0.0102453958295331,0.7067271926896923,0.7073477513864803,-0.0009964251481424,-0.0279712963843981,1.569932574858164,0.0400424897670745,0.0444452762603759,0.0039538592100143,0.2759397327899933,-0.1010896414518356,9.804673194885254,51.41853084628509,8.2196774107285,494.32275390625,3604
00607.png,1763499255.56922,0.0101517605508004,-0.0090266632896966,0.7067521989977711,0.7073307502995954,0.0016026666923142,-0.0271225564733618,1.569956320623589,-0.0151624381542205,0.0223547704517841,-0.040696557611227,0.399326890707016,-0.1131654158234596,9.760821342468262,51.41853453094778,8.2196773739806,494.325927734375,0
00608.png,1763499255.821201,0.0075046489571622,-0.0070553683686768,0.7049660217670501,0.7091662782275754,0.0006966457115061,-0.020589358376982,1.5648487712715955,0.0037165880203247,0.0128227025270462,-0.0534687936305999,0.2969849109649658,-0.0944365933537483,9.875478744506836,51.418541901991134,8.219677285507363,494.3240661621094,0
00609.png,1763499256.061206,0.0098959126419292,-0.0087195195827952,0.7037939452442304,0.7102817212407974,0.0017849006581216,-0.0263190359462837,1.5615969058548085,0.0090707056224346,-0.0108207166194915,0.0069690383970737,0.2905898988246918,-0.014633878134191,9.859477996826172,51.41854558550372,8.21967723208216,494.3238220214844,0
00610.png,1763499256.313203,0.0119329794511129,-0.0105502256238299,0.7033671492579088,0.7106482604534455,0.0021200104684454,-0.0317868831234517,1.5604642315258777,0.0265769660472869,0.0112099163234233,0.0054320693016052,0.3936088979244232,-0.085667997598648,9.761420249938965,51.418549294719874,8.219677245729617,494.313720703125,0
00611.png,1763499256.565209,0.0095140377626106,-0.0062865522945156,0.7039547513125188,0.710153272505471,0.0046631323639722,-0.0223255901288758,1.561977640124097,-0.0301810204982757,-0.0185931921005249,0.0170714128762483,0.203077957034111,-0.0164604745805263,9.94062042236328,51.41855296221028,8.219677242265844,494.3177795410156,0
00612.png,1763499256.817211,0.0087230702646812,-0.0096757060435603,0.7039207149912728,0.7101590777874288,-0.0012327425594811,-0.0260262187816521,1.5619892148999808,-0.026384025812149,-0.0449966788291931,0.0471331924200058,0.3151406943798065,-0.1338992416858673,9.82493495941162,51.41856028082699,8.219677242514287,494.31591796875,0
00613.png,1763499257.321209,0.0072411534421162,-0.0081325204187598,0.7046737917682642,0.7094478663040739,-0.0011873873063955,-0.0217462145390033,1.564057263803469,0.024461030960083,0.0440597832202911,0.0101100355386734,0.2668980658054352,-0.0451307781040668,9.86927318572998,51.4185675510035,8.219677342915,494.3045959472656,0
00614.png,1763499257.561208,0.0090996431082878,0.000159656540789,0.70487188688768,0.7092762466630984,0.0131348168398448,-0.0126020175850074,1.5644845885404297,0.1178800463676452,0.0575101226568222,0.0213699601590633,0.2578511238098144,-0.0470474772155284,9.953442573547363,51.41857117329254,8.219677337060984,494.30413818359375,0
00615.png,1763499257.813203,0.0098633783762645,-0.0091789236318951,0.7043759757795015,0.7096991939354599,0.0010696247357532,-0.0269268567355075,1.5632530565932778,-0.1558120250701904,-0.0543421953916549,-0.0304554253816604,0.4846477806568146,-0.0969262942671775,9.776541709899902,51.41857839886034,8.219677540577907,494.3074340820313,0
00616.png,1763499258.569203,0.009580324720799,-0.0155595951738093,0.7092691283850348,0.7047009435896934,-0.0085748692582009,-0.0355272531240325,1.5774101434394403,0.0634226202964782,-0.0013045668601989,0.0700448006391525,0.4330718219280243,-0.046694628894329,9.69033432006836,51.41858944483807,8.219677877883658,494.3323669433594,0
00617.png,1763499258.821281,0.0158647752084888,-0.0136068577933011,0.7115839142918712,0.7022901788076178,0.0029210531275953,-0.0417022490598191,1.5838817038054387,0.0321117043495178,-0.0306263118982315,0.0339135527610778,0.3402396738529205,0.0270891860127449,9.880188941955566,51.41859691663217,8.219677902582212,494.3271179199219,0
00618.png,1763499259.569462,0.0118568569210141,-0.0085366529002208,0.7126212108254101,0.7013968565533655,0.0044678021681304,-0.0288780721012307,1.5866073066610422,0.0340517237782478,-0.014250248670578,-0.0105998367071151,0.3579185307025909,-0.1105115860700607,9.730372428894045,51.41860778411442,8.219677922121365,494.3262634277344,0
00619.png,1763499260.065229,0.0048899377565226,-0.0086945586455014,0.7093045273255266,0.7048315973863605,-0.0054420436682466,-0.0191944879060301,1.5771745606273706,-0.0393414050340652,0.0397882163524627,-0.0544366389513015,0.2256281226873397,-0.101048894226551,9.890543937683104,51.41861833824336,8.219678204049618,494.3281555175781,0
00620.png,1763499260.313232,8.754031946336407e-05,-0.0087594063279443,0.7077980970299914,0.7063604738221112,-0.0122773796074969,-0.0124988439794591,1.572906239881553,-0.0039033591747283,-0.0098858028650283,0.0499149411916732,0.2745941877365112,-0.1183568313717842,9.903273582458496,51.41862182695249,8.219678323965455,494.3323974609375,0
00621.png,1763499261.06523,0.0011725525429608,-0.0090482771966978,0.7068020398864256,0.707352550156351,-0.0111332591669163,-0.014458672724431,1.5700982435868869,-0.0228698849678039,0.0255271233618259,-0.0210508704185485,0.2278364151716232,-0.0519357696175575,9.846823692321776,51.41863588508342,8.21967882861354,494.3394165039063,0
00622.png,1763499261.565263,-0.0014359247130652,-0.0092893914448884,0.7051422970236763,0.709003516405226,-0.0151383557537553,-0.0111475907798167,1.5654198705254303,0.0428141951560974,0.0485528036952018,-0.0215014014393091,0.2732331752777099,-0.1800774335861206,9.771756172180176,51.418642906149614,8.219678955600136,494.3493347167969,0
00623.png,1763499261.821251,0.0004899908700095,-0.0056902110157409,0.7054342519151994,0.7087523528231753,-0.0073339221000213,-0.0087573255104755,1.5661358557714185,-0.0029545985162258,0.0181337166577577,0.0109967440366745,0.1234058663249015,-0.1251967996358871,9.816038131713867,51.41864996389583,8.219678867890892,494.3537902832031,0
00624.png,1763499262.073277,0.0017662454576006,-0.0069617317682044,0.7063249311807245,0.7078513306198667,-0.0073346362325871,-0.0123511426205566,1.5686829122556738,-0.0119902193546295,-0.0150279998779296,-0.0447451621294021,0.2172865122556686,-0.155923843383789,9.860281944274902,51.41865351443396,8.219678813081996,494.3534240722656,0
00625.png,1763499262.317214,0.0032884404214427,-0.0041528282793037,0.7069186664914816,0.7072750095562422,-0.0012198280490703,-0.0105238974137557,1.5702987932567287,0.033265121281147,0.0683764517307281,0.0129628665745258,0.2491856217384338,-0.0246232282370328,9.779719352722168,51.4186571065486,8.219678816295175,494.3520202636719,0
00626.png,1763499262.569217,0.0014274229716913,-0.00091820095798,0.7065749062192589,0.7076362210005266,0.0007226409208954,-0.0033166730975053,1.569294200351583,0.0158946067094802,0.0349645242094993,-0.0041876062750816,0.1786438375711441,-0.1150753572583198,9.832487106323242,51.41866064781776,8.219678761587264,494.3546142578125,0
00627.png,1763499262.821216,0.0038729383075268,-0.0083408510023615,0.7065063874922436,0.7076469140652577,-0.0063053662705141,-0.0172781259210525,1.569237784256697,-0.0501535832881927,-0.0425607562065124,0.0441788285970687,0.3293875157833099,-0.0457678399980068,9.770298957824709,51.418667854131584,8.219678799473444,494.3534851074219,0
00628.png,1763499263.069254,0.005856218585792,-0.0072418134412678,0.7075812982983304,0.7065705677003583,-0.0019730198485379,-0.0185222650362185,1.5722440507588076,0.1045253872871398,0.0148724615573883,0.0555317960679531,0.2781848311424255,-0.0825973972678184,9.74252223968506,51.41867151701614,8.219678842485967,494.354248046875,3791
00629.png,1763499263.313457,0.0067674489368681,-0.0031050972532027,0.708153019844503,0.7060197309502376,0.0051586631983744,-0.0139697530282303,1.573777304367204,0.0111536085605621,0.0587221682071685,0.0182873010635375,0.2543238699436188,0.0261783152818679,9.792523384094238,51.418675137166936,8.219678834391486,494.3581848144531,0
00630.png,1763499263.561272,0.0031433920984675,-0.006748460604826,0.70695455941578,0.7072197878218771,-0.0050960925681377,-0.013990216877016,1.570456875167726,-0.0433965623378753,-0.0352171957492828,-0.0172321647405624,0.3263739943504333,-0.0540289096534252,9.772915840148926,51.41867881442888,8.21967886317175,494.3556213378906,0
00631.png,1763499264.069554,0.001912895563293,-0.0103796222022415,0.7049620544093841,0.709166486881891,-0.0119234482199835,-0.0174196789699956,1.564953876581033,-0.0043210536241531,-0.0139598352834582,-0.0133803114295005,0.2880363762378692,-0.0992292016744613,9.739418983459473,51.41868977769847,8.219679036187602,494.3467102050781,0
00632.png,1763499264.313288,0.0036478245163736,-0.0095675923285578,0.7047158835977555,0.709415729990791,-0.0083107717684183,-0.0187172536140833,1.5642271597186506,0.0246006473898887,-0.0155574679374694,0.0246112681925296,0.3034684062004089,-0.1515001058578491,9.78433609008789,51.41869337050468,8.219679032936677,494.3483581542969,0
00633.png,1763499264.561474,0.0067987871382388,-0.0098563838516259,0.7057694905493701,0.7083403520910699,-0.0042821611845029,-0.0235622820473237,1.567210768028889,0.0049206689000129,0.0352978110313415,0.0124680995941162,0.3100579082965851,-0.0909906923770904,9.825738906860352,51.41869708077773,8.219679022954224,494.3396301269531,0
00634.png,1763499264.817334,0.0022262095740487,-0.0062233689952214,0.7068122187213987,0.7073703422786507,-0.0056484306903893,-0.0119517621080788,1.5700407584702536,-0.0235234349966049,0.0076236724853515,-0.0046635642647743,0.192889928817749,-0.0487600229680538,9.88815212249756,51.41870433869402,8.219678947388015,494.3395690917969,0
00635.png,1763499265.061222,0.002597057808337,-0.0104910306877952,0.7062045592670595,0.7079253590854521,-0.0111427232503531,-0.0185229006399115,1.5684658074079114,-0.0072032175958156,-0.0211538076400756,-0.0267594754695892,0.1666758358478546,-0.0874675437808036,9.866861343383787,51.41870795603887,8.219678899768796,494.341552734375,0
00636.png,1763499265.321239,0.00558205145387,-0.0096656273509701,0.7058209221187667,0.7083023664007431,-0.00573821031959,-0.0215739043566641,1.5673487145863707,0.0173821151256561,0.0328591763973236,-0.0234807133674621,0.2797301113605499,-0.0517888627946376,9.796878814697266,51.41871158449866,8.219678783075478,494.3421630859375,0
00637.png,1763499265.565244,0.0021425453763772,-0.0036074456677983,0.7063038931737082,0.7078963245580012,-0.0020625755399408,-0.0081340610351081,1.5685526570421722,-0.0386539250612258,0.0157081186771392,-0.0017117261886596,0.2030956298112869,-0.031255554407835,9.89549732208252,51.41871515383037,8.219678675382609,494.345947265625,0
00638.png,1763499265.813216,0.0057033276381941,-0.0045723298399363,0.7069438592238806,0.7072318896651454,0.0016025592515215,-0.0145317712937146,1.5703773351327226,0.0599230527877807,-0.0438700914382934,0.054737951606512,0.2651950418949127,-0.0633270964026451,9.755550384521484,51.41872241072058,8.219678361566922,494.3431701660156,0
00639.png,1763499266.069244,0.0106285249243997,-0.0036352257730176,0.7081870216016668,0.7059355225702068,0.0098594358971483,-0.0201878080527556,1.5738811051248485,0.0354888439178466,0.0166503190994262,0.0386590659618377,0.2810368239879608,-0.0898558869957923,9.821832656860352,51.41872603934885,8.219678248758244,494.3370971679688,0
00640.png,1763499266.313241,0.0072996071047826,0.0002170977623152,0.7088845625708304,0.7052867115956742,0.0106051599013834,-0.0100430940748871,1.5758313423563617,-0.0200143605470657,0.0119408667087554,0.000201940536499,0.1885487139225006,-0.1077086552977562,9.851720809936523,51.41872968142763,8.219678182675274,494.33251953125,0
00641.png,1763499266.565243,0.009391141997663,-0.0035361652399452,0.7082381042565138,0.7059023230352165,0.0082510384888563,-0.0182957244071423,1.5740243062121342,-0.0031510144472122,-0.0024642944335937,0.0145821720361709,0.2767937183380127,-0.0327437408268451,9.84250545501709,51.4187332993676,8.219678165334113,494.3339538574219,3648
00642.png,1763499267.321236,0.0061189714809711,-0.0065681698595166,0.703844816961464,0.7102970441788385,-0.0005534590543012,-0.0179452791444265,1.561676066344294,0.0393523871898651,-0.0450560897588729,-0.0280706360936164,0.2984396517276764,-0.0835095047950744,9.825160026550291,51.418747813788045,8.219678657171809,494.33990478515625,0
00643.png,1763499267.56925,0.0044194691778659,-0.0111273181355484,0.7025899216627318,0.7114942396543015,-0.0093494375440229,-0.0220459802931952,1.5583057973233103,0.0066511780023574,-0.0382217168807983,0.0504168570041656,0.2845731079578399,-0.1079590991139411,9.857627868652344,51.41875144037046,8.219678775943665,494.3377075195313,0
00644.png,1763499267.825711,0.0065770615325595,-0.0157607736285834,0.7019646013847157,0.7120070495992457,-0.012767936336306,-0.0316825927767947,1.5567942496957738,0.0171236805617809,-0.0241234004497528,0.0393509268760681,0.3764455318450928,-0.1091727688908577,9.746466636657717,51.41875886296546,8.219679002714278,494.33489990234375,0
00645.png,1763499268.065211,0.0075535361191364,-0.0185323379019421,0.7025523286066104,0.7113506323279781,-0.0153045138564338,-0.0369879226750825,1.558634152498565,0.0104620903730392,0.020635237917304,0.0456050783395767,0.3259359002113342,-0.0588376522064209,9.758971214294434,51.41876255001265,8.219679053345724,494.3348083496094,0
00646.png,1763499268.321265,0.003748004093997,-0.0123725034009676,0.7043960846518867,0.7096893894881031,-0.0121139051423072,-0.0228434142341795,1.5634481893867482,0.0638131499290466,0.0772731304168701,0.029228076338768,0.4163278639316559,-0.0407686047255992,9.771812438964844,51.418766172026615,8.219679056578737,494.3390197753906,0
00647.png,1763499268.561801,0.006208630878881,-0.0051632832316897,0.7068960568827123,0.7072713469189547,0.0014827566188606,-0.01608209116482,1.5702536460521384,0.0501297414302825,-0.000962883234024,0.0257979333400726,0.3008821904659271,-0.0405276529490947,9.871814727783203,51.41876980658671,8.219678955431187,494.3431091308594,0
00648.png,1763499268.813497,0.0171641339798685,-0.0079780967299147,0.7088781784789742,0.7050769252738461,0.0129016010948625,-0.035592418275352,1.575943453307589,0.0355696380138397,-0.0719198286533355,0.0585604459047317,0.3923255801200866,-0.0242500435560941,9.813944816589355,51.41877714330051,8.219678676912935,494.3365478515625,0
00649.png,1763499269.065314,0.0156007343339844,-0.0091035671492502,0.7091570245898957,0.7048191659058411,0.0090853544478982,-0.0349666028547255,1.576773136718192,-0.0019555762410163,0.0823623239994049,0.0061280764639377,0.2961341142654419,-0.0651051700115203,9.782055854797363,51.41878077290689,8.219678574082103,494.3295593261719,0
00650.png,1763499269.573537,0.0086861216905838,-0.0073033472701516,0.7071683006250755,0.7069541760253424,0.0019524890816948,-0.0226132907426769,1.571077087161076,-0.0282716155052185,-0.0667811036109924,-0.0389513112604618,0.3185026347637176,-0.0937245488166809,9.901815414428713,51.41878790249227,8.219678469008345,494.3413696289063,0
00651.png,1763499269.821452,0.0070930516257629,-0.0096426802148176,0.7074247833679023,0.7066872598354845,-0.0036188247988251,-0.0236665287631734,1.571882241916779,-0.015260774642229,0.0547749400138855,-0.0235410779714584,0.294638454914093,-0.1524290144443512,9.799383163452148,51.41879500619884,8.219678433073437,494.339111328125,0
00652.png,1763499270.069228,0.0058399013052073,-0.0066036424670522,0.7077154253202234,0.7064426121226892,-0.0010960589254878,-0.0175970735020749,1.5726060706353386,0.0033083856105804,0.0044093653559684,-0.0149129778146743,0.254129946231842,-0.1113984361290931,9.828094482421877,51.41879855675646,8.21967842532589,494.34326171875,0
00653.png,1763499270.565265,0.0096018640604948,-0.0083303173609395,0.7092390786699951,0.704853416893588,0.0017199943350888,-0.0253660599069394,1.5769772843603758,-0.0119782052934169,0.0078574791550636,-0.0146238803863525,0.3556086122989654,-0.0568368732929229,9.81643009185791,51.41880579159809,8.219678513738112,494.3450317382813,0
00654.png,1763499270.813234,0.0086184431354632,-0.0097423509343451,0.7092866319123518,0.7048001722663133,-0.0016722424475743,-0.0259616305266715,1.5771633946238544,-0.0267641097307205,-0.0122706424444913,-0.0176008734852075,0.3516277968883514,-0.0572848990559577,9.838412284851074,51.41881300849785,8.219678708915792,494.3415832519531,0
00655.png,1763499271.065207,0.0056419489823348,-0.014483018401139,0.7088356741554117,0.7052023806215603,-0.012580143610031,-0.0284291768721502,1.5761140421941238,-0.023911252617836,0.0126702636480331,-0.0275807827711105,0.3147583901882171,-0.1495326310396194,9.776055335998535,51.41881657357701,8.219678768261563,494.3418273925781,0
00656.png,1763499271.321221,0.003734083448013,-0.0132280437607711,0.707736541802213,0.7063427375409977,-0.0134531263292822,-0.023974856597462,1.5729289287725114,0.011040061712265,0.0201785862445831,-0.0660030916333198,0.3664882481098175,-0.1416314542293548,9.762822151184082,51.41882016955432,8.219678844827518,494.3394775390625,0
00657.png,1763499271.573209,0.0069540501011734,-0.0109680988058297,0.706736682094286,0.7073574797640413,-0.0056669677250191,-0.025348812660789,1.5699901417275075,0.0229691192507743,0.0013944506645202,0.050358060747385,0.4628511369228363,-0.0878895744681358,9.71773624420166,51.41882377588507,8.219678848007586,494.3405456542969,0
00658.png,1763499271.813205,0.007989879101113,-0.0109004511455089,0.7071368738905374,0.7069475111923743,-0.0041208536997202,-0.0267151475264594,1.5711191985119948,0.0129839181900024,-0.0221872925758361,-0.0240668579936027,0.3829772174358368,-0.1128501296043396,9.77287769317627,51.41883094759402,8.21967885965089,494.3306884765625,0
00659.png,1763499272.073248,0.0121756985569029,-0.0107365194725639,0.707235242160217,0.7067919013124342,0.0020259453532709,-0.0324048071875238,1.571390560003848,0.0406187176704406,-0.0300414562225341,-0.0301978588104248,0.2606061398983001,-0.0606715865433216,9.945256233215332,51.41883458903413,8.219678834215859,494.3332824707031,3491
00660.png,1763499272.821274,0.0051955163476943,-0.0062172959122094,0.7060460727254683,0.7081195485441449,-0.0014214870211137,-0.0161424264260583,1.5678753652400634,-0.0422438830137252,-0.0232105776667594,-0.0471328571438789,0.2563855350017547,-0.0899659916758537,9.856599807739258,51.418848784623606,8.219678812686556,494.3225402832031,0
00661.png,1763499273.069431,0.0024865921443926,-0.0098187196098678,0.7065636348874612,0.7075770201605962,-0.0103579444022378,-0.017409751362395,1.569453277657933,-0.0457267463207244,-0.0086528398096561,-0.0257586762309074,0.2558545768260956,-0.1774964034557342,9.803719520568848,51.41885221541396,8.219678893812109,494.32818603515625,0
00662.png,1763499273.321523,0.0011928350987087,-0.006498668624657,0.70676795438256,0.7074145906810417,-0.0074989577388832,-0.0108808359558831,1.5699226230362324,-0.0179850310087203,0.0424414277076721,-0.0504747554659843,0.2728205025196075,-0.1459214240312576,9.81428050994873,51.41885574071436,8.219678899858677,494.32806396484375,0
00663.png,1763499273.569454,-9.337979648088345e-05,-0.0047663979371184,0.7075882666166476,0.7066088859315078,-0.0068774646778457,-0.0066038573758072,1.572204105162731,-0.0041765421628952,-8.702278137207031e-06,0.0219856724143028,0.3074045181274414,-0.0618879534304142,9.839739799499512,51.4188591825729,8.21967894078521,494.3302001953125,0
00664.png,1763499274.065231,0.0030666771860211,-0.0062494328799809,0.7084282308382219,0.7057485259149623,-0.0045263513350783,-0.0131664778842581,1.5746158944691857,0.0268988162279129,0.0385039076209068,0.0143978027626872,0.2361330389976501,-0.0787021517753601,9.755961418151855,51.418869723753744,8.21967897755492,494.33441162109375,0
00665.png,1763499274.321245,0.0030369578406235,-0.0025306074764189,0.7085079182322879,0.7056917901711939,0.0007004233371024,-0.0078751565954594,1.5747762090569084,0.0268681645393371,0.0342395007610321,-0.0553119853138923,0.2148527652025222,-0.1364207714796066,10.002415657043455,51.41887327739403,8.219678940748462,494.3298645019531,3514
00666.png,1763499274.573226,0.0050166740467984,0.0005343578516635,0.7111115636676858,0.7030610865787507,0.0078142714443394,-0.0063835007815797,1.5821566856471485,-0.0566226243972778,-0.0073904655873775,-0.0317890644073486,0.2436428517103195,-0.1243665292859077,9.82142162322998,51.41887677438425,8.21967890766615,494.3323974609375,0
00667.png,1763499275.073222,0.0006837603703524,-0.0032908403923503,0.7116198670927476,0.7025566650457231,-0.0037229609117162,-0.005597187855457,1.5836242092828223,-0.0345098376274108,-0.0129158496856689,-0.015701800584793,0.1298043727874755,-0.0723335817456245,9.74117660522461,51.41888757269346,8.219679203474152,494.3448486328125,0
00668.png,1763499275.573501,-0.0034235180641749,-0.0168061027176915,0.7064014672922048,0.7076035623447121,-0.0285977293375946,-0.0189484938112937,1.569367025886312,0.0259584933519363,0.0287572294473648,-0.0250218212604522,0.2257031798362732,-0.1697524338960647,9.763307571411133,51.41889471439031,8.219679421176968,494.353759765625,0
00669.png,1763499276.321246,0.0062770004232881,-0.006373034804423,0.7057611528519654,0.7083933785815141,-0.000102526114212,-0.0178903117475242,1.5670745635154224,0.0127430483698844,-0.0292621999979019,0.0124983936548233,0.258523166179657,-0.0999127700924873,9.793831825256348,51.41890912209288,8.21967923070625,494.3491821289063,0
00670.png,1763499276.565218,0.0069213464237042,-0.0081693792388201,0.7078466192945979,0.7062850131212922,-0.0017888567074568,-0.0213399432202805,1.5730239862560131,-0.0058023184537887,0.0208380408585071,0.0190799534320831,0.4178705513477325,-0.1317997425794601,9.678296089172363,51.4189128044785,8.219679135644254,494.35150146484375,0
00671.png,1763499276.813237,0.0051085052343902,-0.0075936965339799,0.7089476824591007,0.7052016892230832,-0.0035625958204721,-0.0179544657664731,1.5761261724565516,0.0109768994152545,-0.0341906771063804,0.0429539158940315,0.3307085037231445,-0.0100891618058085,9.818766593933104,51.41892016218014,8.219678993599945,494.3495788574219,0
00672.png,1763499277.073257,0.0121322963465259,-0.0089241818844532,0.7092791024361532,0.704766855925006,0.0044433958618183,-0.0297937113544674,1.577112144073613,0.0604067146778106,-0.05340576171875,0.0281865149736404,0.3719652891159057,-0.0593534894287586,9.788710594177246,51.418923865691575,8.219678889422857,494.3450622558594,0
00673.png,1763499277.317221,0.0146171132038158,-0.0081795392992419,0.7101647036622725,0.7038362940419567,0.008963259010767,-0.03228083508265,1.57960265086737,0.0024100393056869,-0.0013505518436431,0.0455706045031547,0.2855450809001922,0.0168304089456796,9.834019660949709,51.418927581030985,8.21967885085984,494.3399963378906,0
00674.png,1763499277.569233,0.0058160556213071,-0.0063763114704003,0.7099707960320171,0.704178233780842,-0.0008630386614538,-0.017239432685221,1.578996014233038,0.0056372657418251,0.0588871240615844,0.0315455943346023,0.3329299390316009,-0.1329357326030731,9.807122230529783,51.41893124618908,8.219678784713757,494.340576171875,0
00675.png,1763499277.813238,0.002021600044557,-0.0044231211563252,0.7086218445011984,0.7055717048098058,-0.0034160212616174,-0.0091068840544275,1.575125484845827,0.0057806596159935,0.0403099805116653,-0.0568386614322662,0.2471201419830322,-0.1041914895176887,9.858375549316406,51.41893854920266,8.21967870479004,494.3462524414063,0
00676.png,1763499278.069241,0.0077033751866506,-0.010484485220857,0.7066313954613503,0.70746222834066,-0.0039189455298942,-0.0257244851692855,1.569671661419235,-0.0028325989842414,-0.0818261504173278,0.0337160304188728,0.3092471659183502,-0.1043052524328231,9.80573844909668,51.41894220279847,8.21967866578059,494.3372802734375,3514
00677.png,1763499278.317569,0.011834897891896,-0.0155166041120308,0.706447396789468,0.7074964634244492,-0.0051809321429055,-0.0386870003281148,1.5694126699018704,0.0123379006981849,-0.0419999435544014,-0.0055632069706916,0.3519987165927887,-0.0545066520571708,9.834412574768066,51.41894585796647,8.2196786548265,494.33349609375,0
00678.png,1763499278.573242,0.0089654919824285,-0.0109219682376809,0.7073195458941383,0.7067527082080678,-0.0027789743518896,-0.0281249043986314,1.5716371181974589,0.0302643626928329,0.098783791065216,0.065020278096199,0.3473730385303497,-0.1460262686014175,9.734447479248049,51.4189495366424,8.21967866313499,494.3307495117188,0
00679.png,1763499278.81735,0.0047938396611205,-0.0069493777327561,0.7073881559312503,0.7067748737035126,-0.0030559102635709,-0.0166062651698774,1.5716890440074398,-0.0140298157930374,0.0323755070567131,-0.0382028296589851,0.2628354728221893,-0.0939484164118766,9.930974960327148,51.41895677716776,8.219678621246423,494.33447265625,0
00680.png,1763499279.077286,0.0063143616647556,-0.0116082875658237,0.7064724521383329,0.7076171640556825,-0.0074680387761857,-0.0253530081511594,1.569271992270045,-0.028128795325756,-0.0848419964313507,-0.0200738254934549,0.3727374970912933,-0.1269858181476593,9.770953178405762,51.41896041579757,8.219678677954635,494.3303527832031,0
00681.png,1763499279.321261,0.008111357057613,-0.0159650618959814,0.705809196511907,0.7081756143814595,-0.0110546844060499,-0.0340688660179939,1.5676374986799126,0.0210626423358917,0.0237359628081321,0.0372605398297309,0.3989092409610748,-0.1426361501216888,9.752522468566896,51.4189640288412,8.219678739669684,494.3234252929688,0
00682.png,1763499279.57339,0.0070944066786768,-0.0130644968539689,0.7051512360181138,0.7089010669042308,-0.0083699316142539,-0.0285320018345343,1.5656120870168055,0.0095826238393783,0.0307647287845611,-0.0636507794260978,0.4258759915828705,-0.1347015351057052,9.795607566833496,51.418967679909485,8.219678827592602,494.3204040527344,0
00683.png,1763499279.821277,0.0078076027047872,-0.0117404531155871,0.7056464833119894,0.7084237740858695,-0.0055091708550674,-0.0276567726239322,1.566944439518571,0.0108933299779891,0.0139475166797637,0.0591934770345687,0.3932414948940277,-0.2006772011518478,9.868375778198242,51.41897499740597,8.21967891078545,494.3111267089844,0
00684.png,1763499280.073405,0.0096268917459922,-0.0144074035617016,0.7071529120065223,0.7068482925767148,-0.0067709333169669,-0.0339896105649728,1.5713422706277442,-0.0312924906611442,-0.0314580798149108,-0.0461596101522445,0.4086682498455047,-0.111648291349411,9.871010780334473,51.41897864016862,8.219678936931613,494.30810546875,0
00685.png,1763499280.317454,0.0090289630045773,-0.0148324139620879,0.7075440915307775,0.7064558272553253,-0.0082368276778925,-0.0337400706134027,1.5724745666674624,0.0093820486217737,-0.0264370366930961,0.0054312516003847,0.395617127418518,-0.1226923540234565,9.832841873168944,51.41898227579768,8.219679035801875,494.3071594238281,0
00686.png,1763499280.569226,0.0096227168833167,-0.0160940054608381,0.706699032388966,0.7072657661222612,-0.0091417739663926,-0.0363742281240483,1.5701609852758207,0.0193666778504848,-0.0340607911348342,-0.0298150833696126,0.4454517960548401,-0.1225623860955238,9.825907707214355,51.41898593868517,8.219679085905163,494.3021240234375,0
00687.png,1763499281.065251,0.0079524121911189,-0.0133727637850406,0.7062199260203263,0.70782154842936,-0.0076339947986109,-0.0301679404256189,1.5686461762209265,0.0208796262741088,-0.0431975796818733,0.001491580158472,0.4097418487071991,-0.1049428209662437,9.796841621398926,51.418996789420966,8.219679143213416,494.3053894042969,0
00688.png,1763499281.321223,0.007869483668124,-0.0147643537398575,0.7065283168117085,0.7074869770028672,-0.009732895166903,-0.0320166716834,1.5695962086548736,-0.0400527566671371,0.0259816646575927,-0.0350170582532882,0.4667957425117492,-0.1381969451904297,9.815271377563477,51.419000371377024,8.21967913637373,494.3035888671875,0
00689.png,1763499281.573244,0.0080364879121786,-0.0147494397765626,0.7066093024109869,0.7074045254552542,-0.0094791518303014,-0.0322305350564934,1.5698243262798923,0.0190468057990074,0.0382548421621322,0.0352527052164077,0.49179807305336,-0.141988068819046,9.81770133972168,51.419004019778406,8.21967913526184,494.30511474609375,0
00690.png,1763499282.317229,0.0177477117833173,-0.0179967766829572,0.7079476611375113,0.7058124707352568,-0.000428987418088,-0.0505551331576242,1.5738277542626906,-0.0423204600811004,-0.0014379990752786,-0.0126883555203676,0.529982328414917,-0.1394669860601425,9.878002166748049,51.41901870386145,8.21967911203978,494.3003540039063,0
00691.png,1763499282.565287,0.012093356575239,-0.0223024264396168,0.7061164281067732,0.7076411113406157,-0.0143982478439313,-0.048662066154868,1.5689898038500554,-0.0567789375782012,0.0290275998413562,-0.0740482211112976,0.6089251637458801,-0.2112776190042495,9.828150749206545,51.419022342958826,8.219679188685394,494.3058166503906,0
00692.png,1763499282.817437,0.013154657528316,-0.0231042002110327,0.7033659091715639,0.7103305911568081,-0.0138317753028357,-0.051350880684424,1.561298476939067,0.0140088163316249,0.0110911577939987,0.0161818712949752,0.5898008942604065,-0.0365659669041633,9.87069320678711,51.41902959712706,8.219679363453753,494.3111267089844,0
00693.png,1763499283.065493,0.0152057975109275,-0.0227914081564756,0.7040390293636999,0.7096325672972745,-0.0105264389202973,-0.053783927280068,1.5631660256999746,0.0183599591255188,-0.0541667565703392,-0.01414455473423,0.6219698786735535,-0.0803545340895652,9.72115707397461,51.41903326589456,8.219679398474891,494.31195068359375,0
00694.png,1763499283.317229,0.0202540390166907,-0.0214501741141382,0.7065530322202104,0.7070448900843637,-0.0016732525686066,-0.0589877799792912,1.5701497968750149,-0.00371387694031,-0.0007328167557716,0.0459393858909606,0.6441023945808411,-0.0462964735925197,9.808935165405272,51.41903696039176,8.21967943602024,494.31292724609375,0
00695.png,1763499283.821672,0.0216537870032145,-0.0276049846861943,0.7058381877860728,0.707503732139815,-0.0083493958480501,-0.0696857855353182,1.568730476394817,-0.080713927745819,-0.0080863237380981,-0.0352293401956558,0.6302603483200073,-0.0373410992324352,9.849814414978027,51.41904801536804,8.2196795696375,494.3025512695313,0
00696.png,1763499284.069232,0.0160542414248158,-0.0287751513517419,0.7065395898748603,0.7069059767298776,-0.0180010376549312,-0.0634110542761572,1.5708488351182364,0.0023109689354896,0.0283414125442504,0.0205044150352478,0.6717011332511902,-0.123541235923767,9.76820468902588,51.4190516036916,8.21967958468501,494.3027648925781,0
00697.png,1763499284.321225,0.0140503872687685,-0.0243151356997335,0.707973090005901,0.7056808518168801,-0.0146207657592394,-0.0542386330815963,1.5744359310466856,-0.0074438452720642,0.0101145207881927,-0.0462418794631958,0.507525622844696,-0.1715737283229828,9.782186508178713,51.4190551852101,8.219679556926506,494.3069763183594,0
00698.png,1763499284.57327,0.0194181114370749,-0.0155601511786597,0.7098733536642831,0.703889650727256,0.0052513968734543,-0.0494942635926873,1.5791312231152372,0.0083826445043087,0.0728800892829895,0.0362322740256786,0.440626323223114,-0.1501923948526382,9.73779296875,51.41905869097877,8.219679521001002,494.31146240234375,0
00699.png,1763499284.821221,0.009432648126866,-0.0238147341994988,0.7086783720321951,0.7050665561478007,-0.0204766962084978,-0.0469686400068178,1.5763868743754723,-0.067072570323944,-0.0194371938705444,0.0098279267549514,0.4649458229541778,-0.3238537907600403,9.797308921813965,51.41906567703249,8.219679530474197,494.3108825683594,0
00700.png,1763499285.06928,0.0059283238469492,-0.0221612918224386,0.7074757024184382,0.7063652473109532,-0.0230021843278894,-0.0397066557989901,1.572823911071937,0.0917797088623046,0.0621766746044158,0.0774048715829849,0.5427396297454834,-0.1997203975915908,9.793327331542969,51.41906908390655,8.219679565631184,494.3203125,3534
00701.png,1763499285.313228,0.0078273475528149,-0.0186659289797507,0.7078199228474392,0.7061028767437897,-0.0153817987035399,-0.0374495904333418,1.5735131552186474,-0.0306175611913204,-0.0275004804134368,-0.0078521501272916,0.5212070345878601,-0.1062753573060035,9.870319366455078,51.41907252546505,8.219679631747951,494.3181457519531,3483
00702.png,1763499285.565214,0.0056812353841012,-0.0185462387286713,0.7073890357607325,0.7065582160579768,-0.0182222609963943,-0.0342523791764577,1.5722836214945837,0.0186095982789993,-0.0113738998770713,0.0050388127565383,0.572360098361969,-0.2056159824132919,9.866674423217772,51.4190760190672,8.219679612718942,494.3214416503906,0
00703.png,1763499285.817302,0.0153500266961741,-0.0227196811827973,0.7056711603401096,0.7080087614087994,-0.0103445265202957,-0.0538616479893461,1.5677678712402945,0.0551452785730361,-0.0782217979431152,-0.0330733694136142,0.6548245549201965,-0.0254511889070272,9.698296546936035,51.41908310523373,8.21967943174755,494.3258361816406,0
00704.png,1763499286.065297,0.0233935898035907,-0.0191428304272378,0.7069286341396172,0.7066386617167438,0.0060073057624939,-0.0601656174898488,1.5710258254995164,0.0443703830242157,0.0378354489803314,0.049675315618515,0.6069753766059875,-0.0162822119891643,9.81680393218994,51.41908668459944,8.219679259136859,494.31634521484375,0
00705.png,1763499286.569238,0.0133538889818916,-0.0161101818427857,0.7071877516226122,0.7067160813544618,-0.0039144383766941,-0.0416701208916481,1.5715450848502055,-0.0116183832287788,-0.0390182808041572,0.0025418475270271,0.5555062890052795,-0.0373413935303688,9.802449226379396,51.41909374831357,8.219678856982434,494.3221740722656,0
00706.png,1763499287.569251,0.0175779453652951,-0.0177884940801387,0.7055232497221894,0.7082453878540521,-0.00020164705966,-0.050021393530482,1.5669504797464502,0.0295940339565277,0.0670961141586303,-0.0507316589355468,0.6410883069038391,-0.0643460974097251,9.800878524780272,51.41911164123208,8.219677728443234,494.3170166015625,0
00707.png,1763499287.821232,0.0197653354385069,-0.007394335909355,0.7062218542750375,0.7076760189915938,0.0175446526097376,-0.0383924430047379,1.5684025278400011,-0.0063022226095199,-0.0626358389854431,0.037261426448822,0.6220200657844543,0.1091397628188133,9.83173942565918,51.4191189217562,8.219677564881174,494.3276062011719,0
00708.png,1763499288.065306,0.0213518425122139,-0.0147834089151186,0.7063089513823461,0.7074271798845113,0.0093387653082698,-0.0511006022335244,1.5689757172186225,-0.0771978497505188,-0.0997544527053833,0.0287922844290733,0.6947203278541565,-0.031730867922306,9.654688835144045,51.41912257151517,8.21967747551294,494.3313903808594,0
00709.png,1763499288.569226,0.0245594090988812,-0.0242217703402618,0.7062288851640062,0.7071427741455769,0.0005230342611007,-0.0690003673045479,1.56948507097741,0.0577497333288192,-0.0396664142608642,0.0311393290758132,0.6113247275352478,0.0353670120239257,9.766036987304688,51.41913009377978,8.219677504923354,494.3265075683594,0
00710.png,1763499289.317415,0.0243700605004678,-0.0162074938562772,0.7073075661389242,0.7062998118198345,0.0115169943782882,-0.0574004715351523,1.5718914826345485,0.0216271877288818,-0.0167326070368289,0.027153443545103,0.6759664416313171,0.1493635326623916,9.913890838623049,51.41914460398649,8.219677274389316,494.301513671875,0
00711.png,1763499289.577223,0.0315030438788921,-0.0127548727155293,0.7080760119124876,0.7053178239648293,0.0264313985762926,-0.0626465464422588,1.5738710139476009,0.0198117494583129,0.0051604509353637,-0.0126532390713691,0.7436326742172241,0.2221858650445938,9.693942070007324,51.41914813086791,8.219677099824297,494.30670166015625,0
00712.png,1763499290.073233,0.0285931475020895,-0.0092962306424727,0.7086533377594676,0.7049159232803098,0.0271783762737573,-0.0536571243902268,1.5753548492205685,0.086337924003601,0.0571647584438324,-0.0095569640398025,0.5900059342384338,0.1561456620693206,9.676745414733888,51.419158786300095,8.219676784158795,494.29248046875,0
00713.png,1763499290.321211,0.0285112455965759,-0.0052774989990947,0.7071364568920178,0.7064823339709563,0.0328650030321139,-0.0477977999728235,1.5709361277846592,0.0038208365440368,0.0372782200574874,-0.0060037598013877,0.5843194723129272,0.2720979452133178,9.781195640563965,51.41916231054719,8.219676667182434,494.2824096679688,0
00714.png,1763499290.813237,0.02263392262988,-0.008106105341217,0.7069483615268556,0.7068564286593679,0.020557543214255,-0.0434754286637196,1.5704794169576997,0.0380171537399292,0.013337418437004,-0.0098977237939834,0.5664008259773254,0.1178414821624755,9.8790864944458,51.41917270702919,8.21967647802441,494.2868957519531,0
00715.png,1763499291.317502,0.0259601149060181,-0.0014003817599537,0.7115967947459159,0.7021069100018398,0.0344934971527842,-0.0389225314950721,1.5835502506627364,-0.0267850570380687,0.0041356980800628,0.0270945131778717,0.5462350845336914,0.1372756361961364,9.73725128173828,51.419179734250775,8.219676419033812,494.29296875,3575
00716.png,1763499291.573293,0.0241487619439495,-0.0052478193603624,0.7125052132510568,0.7012315015589371,0.026415673731342,-0.0417842676956178,1.5861928101838954,-0.0244136750698089,-0.0434841513633728,-0.0294693261384964,0.5583048462867737,0.1715059727430343,9.815290451049805,51.41918330942049,8.219676501258121,494.2994995117188,0
00717.png,1763499292.065449,0.0274584451086832,-0.014581165774384,0.7084697844883624,0.7050560175361152,0.0180918571402838,-0.0595031415457204,1.5750880272098011,0.0048822984099388,-0.0380597114562988,-0.0376545190811157,0.6450708508491516,0.0959689393639564,9.700876235961914,51.41919426667468,8.219676938423556,494.2900085449219,0
00718.png,1763499292.32152,0.0310445670445403,-0.019767847179667,0.7075900453312557,0.7056640807232644,0.0158806982864322,-0.0718944915385848,1.5729507741003073,-0.0231847316026687,0.0242100059986114,-0.016291819512844,0.6957460641860962,0.1308484971523285,9.828486442565918,51.4191979401196,8.219677075778197,494.2773132324219,0
00719.png,1763499293.069452,0.0332887087257473,-0.0147615229115536,0.7055592021263271,0.7077147529955587,0.0263513649278889,-0.0679204141210816,1.5668505994254929,0.0914400219917297,-0.0310691148042678,-0.0342162251472473,0.6139930486679077,0.1360885500907898,9.813532829284668,51.41921234847764,8.219677471751666,494.2667236328125,0
00720.png,1763499293.317272,0.0339892170484257,-0.0116205838730293,0.7067292833675393,0.7065715923993048,0.0316775913666281,-0.0645086302509893,1.5699973006449128,-0.0788760781288147,0.0405476093292236,-0.0625020861625671,0.547905683517456,0.1550680994987487,9.830150604248049,51.419215942448346,8.219677485827116,494.2559509277344,0
00721.png,1763499293.821469,0.0158897355334659,-0.0151355201721986,0.7052547588871192,0.7086142514802146,0.0011717188312757,-0.0438771912308141,1.5660184279549754,0.0633774399757385,0.0051466058939695,-0.0333969742059707,0.5678418874740601,-0.0007154807681217,9.718802452087402,51.41922655897489,8.219677761121595,494.2856140136719,0
00722.png,1763499294.073334,0.0305158496241953,0.0051089658233579,0.705829688897216,0.7077055402221949,0.0504584159354771,-0.0358543799830145,1.5672373344451522,0.2344224452972412,0.0128012299537658,-0.0114693660289049,0.4082079529762268,0.0228991080075502,10.007631301879885,51.41923009624219,8.219677818140166,494.27392578125,0
00723.png,1763499294.313654,0.0492165170979596,0.0087348603066671,0.7008460562633171,0.7115590222042895,0.0825099982641275,-0.0565858592748902,1.553290399674454,-0.0126431435346603,-0.2122119665145874,-0.1586010456085205,0.4979068636894226,0.1702804714441299,9.768485069274902,51.41923364222673,8.219677930229828,494.2673034667969,0
00724.png,1763499294.573543,0.0584926691908554,0.0074967831423506,0.666416842439996,0.7432435657345116,0.0973111975880537,-0.0668669461289347,1.4586464951585578,0.0161857604980468,0.0123793482780456,-0.4691464900970459,0.5106209516525269,0.0216719340533018,9.899497985839844,51.4192372210307,8.219678248287732,494.2495422363281,0
00725.png,1763499294.817324,0.0629333383809064,0.0142438175214766,0.6373254853989118,0.7678884907613154,0.1152583856415245,-0.0583758631097436,1.3821329649944052,0.0460863709449768,0.0112030357122421,-0.455456018447876,0.5268123149871826,0.2418916374444961,9.793214797973633,51.41924389229302,8.219679417299693,494.2319946289063,0
00726.png,1763499295.569269,0.0870869958992949,0.0198574023376655,0.4683247556906305,0.8790298413165206,0.1727486934580356,-0.0466764407755903,0.9750019899844548,-0.0216585379093885,0.0090334936976432,-0.517545223236084,0.5762661099433899,0.5508397221565247,9.852356910705566,51.41925322665074,8.219683825166006,494.20794677734375,3607
00727.png,1763499295.825241,0.0938367574254887,0.0220966457030727,0.3987871983184233,0.9119622643848184,0.1900292140848329,-0.0345460520554414,0.8211669134085027,0.0500005483627319,-0.1083511114120483,-0.5262374877929688,0.4530535936355591,0.5986562371253967,9.904301643371582,51.419258648607695,8.219689190762452,494.2219543457031,3578
00728.png,1763499296.073227,0.1016088390642945,0.019352682141925,0.3506460457625462,0.930778420521775,0.2042659691536332,-0.0352386499836035,0.7169495793078032,0.0211046338081359,-0.0746614933013916,-0.5707597732543945,0.4022329151630401,0.7837784886360168,9.96712589263916,51.4192610444605,8.219692710585335,494.2175598144531,0
00729.png,1763499296.328975,0.1076927580371402,0.014761997633491,0.2637243922727098,0.9584538581552128,0.2159857323992809,-0.0285088888008965,0.5339316071243596,0.0030127028003335,-0.0481046438217163,-0.5577497482299805,0.3504849672317505,0.7366687655448914,9.833626747131348,51.41926316345676,8.219696616547877,494.2200927734375,0
00730.png,1763499296.569566,0.1066505727316084,0.0136906458862745,0.1949740720184243,0.97489657543341,0.2149605225946171,-0.0148948160606374,0.3931736559959404,-0.0564998388290405,-0.0467658340930938,-0.566953182220459,0.2989525198936462,0.8213716149330139,9.679455757141112,51.4192649545228,8.219701061598284,494.2237243652344,0
00731.png,1763499296.817398,0.1004555940611689,0.0113269869593228,0.1475685544984748,0.9838718893796446,0.2023983791977794,-0.0073596319303835,0.2970082383334402,-0.1171206831932067,-0.0680411458015441,-0.5223631858825684,0.1867688745260238,0.8683399558067322,9.854693412780762,51.41926746406661,8.219711005845646,494.2268676757813,0
00732.png,1763499297.074305,0.0811996093497367,0.0126545020211385,0.0694837598153568,0.994192382862577,0.1639640374085106,0.0138783562415892,0.140692731760374,-0.1621321439743042,-0.0378397107124328,-0.4384043216705322,0.0947844460606575,0.9434842467308044,9.947891235351562,51.4192681445064,8.219716425392203,494.23968505859375,0
00733.png,1763499297.325538,0.0667543412162146,0.0092029378490251,0.0277920943786315,0.9973398434604852,0.1340807874645776,0.0146469509887791,0.0567014551910089,-0.1274365186691284,-0.046880155801773,-0.2670602798461914,0.014925867319107,1.0112159252166748,9.843066215515137,51.419268550269386,8.21972209671991,494.2521667480469,0
00734.png,1763499297.825328,0.0593026576269697,0.0142723711381291,0.0025253969158493,0.9981348188450754,0.1187824084906035,0.0281957114380883,0.0067368809301491,-0.0363319516181945,0.0875138640403747,0.0770445317029953,-0.2755740582942962,1.1246881484985352,9.707549095153809,51.41926845482601,8.219740167055072,494.2965698242188,0
00735.png,1763499298.069289,0.0540840072094475,0.0189757568810552,0.0008838616082063,0.9983556779042312,0.1083125818239134,0.0378025065338292,0.0038201249493397,-0.034741386771202,0.0639699399471283,-0.0002259165048599,-0.2825797796249389,1.004659652709961,9.679773330688477,51.41926826140982,8.21974627186467,494.3040161132813,6283
00736.png,1763499298.317209,0.0578198203208173,0.0187071236073246,-0.0004884398252311,0.9981516284267364,0.1157467021690396,0.0374103003220794,0.001189043271659,0.0105047076940536,-0.0066575706005096,0.0151780992746353,-0.4461720287799835,1.121761679649353,9.702484130859377,51.41926809123071,8.219752298509718,494.3150634765625,0
00737.png,1763499298.817214,0.0608053773695484,0.0209155221183276,0.0023771243703281,0.9979276508330616,0.1218640794792433,0.0414671547641901,0.0072942837888077,0.0406190454959869,0.1193832457065582,-0.0323826558887958,-0.5001440644264221,1.3055906295776367,9.71053981781006,51.419267674449465,8.21977035779569,494.3065490722656,0
00738.png,1763499299.317219,0.0639772236377441,0.0283387956421291,0.0034966709990347,0.9975427814430238,0.1283922534533334,0.0561203612773258,0.0106191501176609,-0.0111728459596633,-0.0097531676292419,0.01894436404109,-0.2194471955299377,1.2918519973754885,9.706185340881348,51.41926757205483,8.219782160493388,494.314208984375,0
00739.png,1763499299.569221,0.0699685482522377,0.025649689074234,0.0024827443587839,0.9972162913261688,0.1403155352182857,0.0508310342471453,0.0085521595045007,0.2128163576126098,-0.0591904819011688,-0.0367951244115829,-0.1783785074949264,1.1023757457733154,9.827851295471191,51.41926750507383,8.219788009366901,494.3093566894531,114
00740.png,1763499300.069243,0.1053036186934076,0.013220623714612,-0.0382773892884378,0.9936152195230966,0.2099114637314658,0.0343406702369091,-0.0733907302780254,0.1684805154800415,-0.0488426983356475,-0.3284559249877929,-0.1844376325607299,1.198702692985535,9.780317306518556,51.419267325573664,8.219805888677435,494.28521728515625,0
00741.png,1763499300.565502,0.1232594706707086,-0.0002327981190271,-0.1289172636458513,0.9839651354743616,0.2451946671096635,0.0313275408565024,-0.2566918069822635,0.0495537221431732,-0.10260671377182,-0.5398135185241699,-0.5727403163909912,1.3597904443740845,9.792597770690918,51.419266641624894,8.219817360721104,494.27587890625,0
00742.png,1763499300.821395,0.1341669362950672,0.0006279511837508,-0.2117027415372149,0.9680809822055866,0.262961076032251,0.058055438179567,-0.4229077252452511,0.0408515334129333,0.0227907225489616,-0.4868221282958984,-0.8459632992744446,1.2831275463104248,9.84488010406494,51.41926496433186,8.219828006512392,494.2769470214844,0
00743.png,1763499301.069344,0.1268366959057257,0.0063263474087691,-0.2823445866644082,0.9508701090482792,0.2407941275227665,0.0837522564614115,-0.5671427084043775,-0.0449042916297912,-0.1011719107627868,-0.6235218048095703,-0.8649356961250305,0.9053723812103271,9.761307716369627,51.41926369099479,8.219832733815908,494.2874145507813,0
00744.png,1763499301.325448,0.1221237984869792,0.0060821327663082,-0.3777204619068823,0.917810458733706,0.2225958051616572,0.1036070661816584,-0.7692493012448225,0.0525998473167419,-0.082887053489685,-0.609227180480957,-1.032777190208435,0.8330845236778259,9.96766757965088,51.41926211480435,8.219837080942456,494.2817687988281,0
00745.png,1763499301.565232,0.1264678592573007,0.0073142429596766,-0.4226891331061407,0.8973774452139867,0.2242792360660148,0.1203306298521348,-0.8668368608577203,0.0711554884910583,-0.0090262042358517,-0.5944890975952148,-1.0048173666000366,0.924498975276947,9.962788581848145,51.41926018541289,8.219840999911835,494.2859802246094,0
00746.png,1763499301.825361,0.115975477718455,0.0091171215572557,-0.4912940736930715,0.8631898399636971,0.1941050817133436,0.1300621250376523,-1.0221898785710302,-0.023416444659233,-0.1095805168151855,-0.6457977294921875,-1.355122208595276,0.565844714641571,9.98507022857666,51.419255265754174,8.21984741851581,494.3097534179688,0
00747.png,1763499302.065215,0.1176397100555643,0.0106306675808056,-0.5496903565841132,0.8269754527210946,0.1859592422170477,0.1474471162201045,-1.1595053096626626,-0.114095389842987,-0.0497707724571228,-0.571436882019043,-1.5702999830245972,1.0212312936782837,9.799813270568848,51.41925245010791,8.21984983972543,494.3287353515625,0
00748.png,1763499302.565239,0.0794665541610443,-0.0001041501227055,-0.6571305340817328,0.7495762250098241,0.1202125538500178,0.1044736080400227,-1.4332566325385776,0.0824650526046752,-0.0670716762542724,-0.4739675521850586,-1.152961015701294,0.0704206377267837,9.483057975769045,51.419246202945374,8.219853350652379,494.3857727050781,3695
00749.png,1763499302.817298,0.0852834098453721,0.0078143628386263,-0.6830386279889665,0.7253439931601574,0.1142280673411434,0.1281907305622432,-1.503398381785459,-0.0761504173278808,0.1244471073150634,-0.3531131744384765,-0.7375519275665283,0.5637833476066589,9.532928466796877,51.41923952412796,8.219855056441471,494.4420471191406,0
00750.png,1763499303.065259,0.0745010167651286,0.0582136556607376,-0.7039056739578071,0.7039727061226027,0.0233528627771411,0.187949628849654,-1.5684999391215784,-0.1521648168563842,0.1739670038223266,0.0213128328323364,-1.2760549783706665,0.22775200009346,9.501171112060549,51.41923592573302,8.219855259449433,494.4819946289063,0
00751.png,1763499303.317221,0.0658628511906635,0.0543209630679725,-0.7084306946847049,0.7005977937682581,0.0155468590525034,0.1702541445598792,-1.5805876793199083,0.0351756513118743,-0.2978425025939941,-0.0070912390947341,-1.103819727897644,0.3144417703151703,9.88046932220459,51.41923209987944,8.21985523933009,494.4925842285156,0
00752.png,1763499303.569251,0.0501506630879755,0.0295987928265309,-0.7090762744231764,0.702723031859065,0.0286952446682671,0.1129608774713127,-1.5781739158447623,0.0638969540596008,-0.1774171590805053,0.0337924808263778,-0.7489733695983887,0.1910119652748108,9.501806259155272,51.41922801836135,8.219855140524315,494.4609680175781,0
00753.png,1763499304.069296,0.0442588602238713,0.030857547513606,-0.706505865622389,0.7056475231263044,0.0189684069155689,0.1062874013138469,-1.5710029455802623,0.0132264494895935,-0.021963857114315,0.0749183520674705,-1.189384698867798,0.1876865476369857,9.686333656311035,51.41921525977945,8.219854842219174,494.3980102539063,3668
00754.png,1763499304.569253,0.0583553149312123,0.0230416063246234,-0.707853003147441,0.7035679551631164,0.0498451288971892,0.115291886006871,-1.5739911210104278,0.0068312790244817,0.0650971382856369,0.0154305174946784,-1.448481798171997,0.2302803993225097,9.891236305236816,51.41920704332535,8.219854835524869,494.3638916015625,0
00755.png,1763499304.825468,0.0480402607255429,0.0289305856585295,-0.7073320221365585,0.7046535070678944,0.026939379662908,0.1089483101876938,-1.5731212499970308,-0.169223666191101,0.0711311101913452,0.0381019636988639,-1.2959619760513306,0.1296408027410507,9.616238594055176,51.419199133790826,8.219854644552619,494.3711242675781,0
00756.png,1763499305.325383,0.0515883311760102,0.0361211031419192,-0.7081888149903398,0.7032087259959616,0.0215613197632723,0.1241888870551618,-1.576512645648975,0.0822834372520446,0.1052191853523254,-0.0766860768198967,-1.2006653547286987,0.199149414896965,9.599360466003418,51.4191916458319,8.219854115094849,494.4046936035156,0
00757.png,1763499305.825219,0.0545947105579294,0.045626243018899,-0.703807135514114,0.7068190571330782,0.0130847524744859,0.1418222366505704,-1.565596574564739,-0.06740003824234,-0.1616731882095337,0.098645731806755,-1.0920262336730957,-0.071083553135395,9.638444900512695,51.41918086200193,8.219853459037907,494.4123229980469,0
00758.png,1763499306.069218,0.0449919056465036,0.0315313895259752,-0.7065613353624658,0.7055158249618974,0.0190399383674276,0.1082823494075322,-1.5712452544017748,0.0118425786495208,-0.0414733439683914,0.0277658775448799,-0.9295773506164552,0.2161311209201812,9.662968635559082,51.41917720139504,8.219853353366926,494.39068603515625,0
00759.png,1763499306.565331,0.0414998138495897,0.0224375305029687,-0.7072450117729905,0.7053926679499867,0.0269230317628326,0.09047901149571,-1.5721999676600882,-0.0232482403516769,0.037012368440628,-0.0048907920718193,-0.7745925188064575,0.2794287204742431,9.96677017211914,51.41916985683914,8.219853307988267,494.3637390136719,0
00760.png,1763499306.817445,0.0449210005285602,0.0218957015713545,-0.7056387877442124,0.7068073168799893,0.0327519979329924,0.0944886227635134,-1.5675930735274646,0.1332114934921264,0.0864602923393249,-0.0670607984066009,-0.8704404830932617,0.3555472791194916,9.842692375183104,51.41916238222813,8.219853295347468,494.3583984375,0
00761.png,1763499307.073391,0.0546603866269712,0.0152004970313937,-0.709268508175903,0.7026516706973079,0.0555527344872153,0.0990610273010555,-1.5774145645984192,0.0048706829547882,-0.1070877313613891,-0.0371021926403045,-1.145783305168152,0.3032265603542328,10.015668869018556,51.419158638851336,8.219853456595962,494.3640747070313,0
00762.png,1763499307.321221,0.0426892297041517,0.0066755616250767,-0.7107553799446125,0.7021110000733827,0.0506016408406309,0.0701146036394184,-1.581257767621458,-0.0052039921283721,-0.1344487071037292,0.0600432455539703,-0.859981119632721,0.2037628442049026,9.92789077758789,51.419154979908285,8.219853635956111,494.36181640625,0
00763.png,1763499307.573457,0.019704570068979,0.0144708094211484,-0.7107586997932683,0.7030109503139166,0.0071429666779094,0.0483755299666518,-1.5815838230310575,-0.1682202816009521,0.1854252219200134,0.0634032264351844,-0.6059402823448181,-0.2238493114709854,9.372364044189451,51.41915135049078,8.219853584858607,494.3693542480469,0
00764.png,1763499307.825429,0.0438360882157264,0.0415202276609868,-0.7097743802996136,0.701836731110037,0.0026105941211268,0.1208019044832856,-1.5818845603315104,0.0385055541992187,0.3452577590942383,-0.0249059274792671,-0.904011368751526,0.013556239195168,9.778298377990724,51.41914451367227,8.219853266256253,494.4090576171875,0
00765.png,1763499308.321405,0.0589053576748627,0.0403383010595665,-0.7058143188969405,0.7047901301415,0.0263517197393994,0.140474102396002,-1.5703944305814943,0.0719577074050903,-0.2521240711212158,0.0137535482645034,-1.0282291173934937,0.3984574377536773,9.786766052246094,51.41913772206158,8.219852938770149,494.4126586914063,0
00766.png,1763499308.569471,0.0445175761720577,0.0245054045610576,-0.709643505186433,0.7027259537727185,0.0279241056922856,0.0977801225603222,-1.5792255282492116,-0.0395790934562683,-0.0865120887756347,-0.0065583959221839,-0.8565230965614319,0.4452216327190399,9.692988395690918,51.419134016101786,8.219852778141728,494.397705078125,0
00767.png,1763499308.817557,0.0367984490497798,0.0208559299959178,-0.7114504847214899,0.7014621245092947,0.0220247730579927,0.0817107339859363,-1.5840344045930024,0.0687596201896667,-0.0213810205459594,0.0244431495666503,-0.7659030556678772,0.3494939804077148,9.784878730773926,51.419126421339136,8.21985265193887,494.3775939941406,0
00768.png,1763499309.065218,0.0393813246273041,0.0122864453944298,-0.7125524091122581,0.7004050391012944,0.0377669255771381,0.0733993804054444,-1.5866033289726842,0.0374999493360519,-0.013574369251728,0.0353896170854568,-0.8478745818138123,0.459833562374115,9.97310733795166,51.41912257343807,8.219852586746672,494.3703308105469,0
00769.png,1763499309.321613,0.0371942083363986,0.0153600999963258,-0.7097271677271266,0.7033263862420933,0.0306059697134728,0.0744706225478208,-1.5787155292038433,-0.0239117741584777,-0.0518642663955688,0.047606736421585,-0.7681601047515869,0.2177836149930954,9.747456550598145,51.41911875075714,8.219852590692511,494.362060546875,0
00770.png,1763499309.569248,0.0375910237193345,0.0172631546050231,-0.7076452633517786,0.7053559950015363,0.0286880592845161,0.0776335178402923,-1.5729224025669462,0.0727830529212951,0.0447711832821369,-0.0136941224336624,-0.7359070181846619,0.3293258845806122,9.947423934936523,51.41911495113937,8.21985250772873,494.37054443359375,0
00771.png,1763499309.825384,0.0522089687392318,0.0170855412645413,-0.7096416565026217,0.7024179861158875,0.0493538139951702,0.0982597406984366,-1.578600442332324,0.0131595134735107,0.2382936477661132,0.010836511850357,-0.8618620038032532,0.5973874926567078,9.552854537963867,51.41910749437728,8.21985245876926,494.3766174316406,0
00772.png,1763499310.065262,0.0583390315852823,0.0368451212779482,-0.7065919349603396,0.7042491262903406,0.0303815240126076,0.1347474628894397,-1.5720672991575384,-0.178305983543396,-0.0943763256072998,0.0879092812538147,-1.2798820734024048,0.5314981341362,9.6398286819458,51.4191038385981,8.219852592709062,494.3953857421875,0
00773.png,1763499310.573233,0.059855606930808,0.0091332034408977,-0.7054188921159914,0.7061997433868827,0.0720588466752266,0.0975006901408728,-1.5661728088532678,-0.0505726337432861,0.2132221460342407,-0.0039381459355354,-0.9698890447616576,0.6715831160545349,9.75233554840088,51.419096474928686,8.219852997339897,494.3591613769531,0
00774.png,1763499311.573217,0.0649236090872977,0.0144020959924731,-0.6991038596396152,0.7119208509736854,0.0728200645523105,0.1115139721077007,-1.5485636680802075,-0.0067521780729293,0.103289783000946,-0.0214440375566482,-0.9862877726554872,0.5180562734603882,9.952788352966309,51.419078924601486,8.219854526509543,494.3306579589844,0
00775.png,1763499311.825345,0.0680824266291879,0.0175120151931417,-0.7005041915210997,0.7101774356944373,0.0727584642892761,0.1205490859949142,-1.5526895251000874,-0.0220575891435146,-0.0393721126019954,-0.0365016087889671,-1.0886534452438354,0.5860946178436279,9.807140350341797,51.419072181771256,8.219854898034418,494.3306884765625,0
00776.png,1763499312.5692,0.0705400034665284,0.0172003391134375,-0.7046707300237877,0.705809760837201,0.0759906371125387,0.1240129115504074,-1.5644610099196965,0.1112725734710693,0.0164772272109985,-0.0157756358385086,-0.97568941116333,0.5281499624252319,9.821869850158691,51.41906201797838,8.219854922550155,494.3616943359375,3601
00777.png,1763499312.821224,0.065703627082382,0.0164843150599005,-0.7047273574311143,0.7062369662042507,0.0701001067089803,0.116150942372549,-1.564579158009289,-0.1518547534942627,-0.0898230671882629,0.0398074984550476,-1.1182242631912231,0.4135544598102569,9.74633502960205,51.41905509049086,8.219854793248905,494.3573303222656,3597
00778.png,1763499313.325215,0.0556726829594002,0.0291591282069662,-0.7062494314871025,0.7051680921159552,0.037609453734387,0.1200499268925875,-1.5700681140015915,0.073288083076477,0.0681835412979126,-0.0868227258324623,-1.093326449394226,0.4513935148715973,9.886955261230469,51.419048132050094,8.219854185647854,494.3764343261719,0
00779.png,1763499313.573301,0.066385787799034,0.0285444015362193,-0.7056030642370876,0.7049130868826831,0.0538209930772745,0.1343303007387713,-1.568153448943968,0.0080255642533302,0.0282800197601318,0.0301595516502857,-1.0808110237121582,0.2791506648063659,9.516666412353516,51.41904466268389,8.219853911807293,494.3745422363281,0
00780.png,1763499314.073585,0.0545721727671511,0.0330848638073126,-0.7042498584348816,0.7070780767643506,0.030814876263597,0.123969344769794,-1.5648757988280204,-0.0053558945655822,0.0632486343383789,-0.038011610507965,-1.189029574394226,0.2522966563701629,9.899048805236816,51.41903418613291,8.219853078373037,494.3560485839844,3588
00781.png,1763499314.325517,0.0559880217822366,0.0341626995277047,-0.7047115368866266,0.7064558734675367,0.031214939312014,0.1275250572963962,-1.566330932223921,0.0314944982528686,0.0076521784067153,-0.0013104826211929,-1.1866860389709473,0.3094083666801452,9.885272979736328,51.41903069333044,8.219852775285256,494.3487854003906,0
00782.png,1763499314.573525,0.0558953126859658,0.0324918594378325,-0.7045928142686931,0.7066604270588054,0.0334784211760824,0.1250136671341588,-1.5657705945011795,0.0135747045278549,0.0108767449855804,0.0604071095585823,-1.1239205598831177,0.2295607477426529,9.871684074401855,51.41902717480785,8.21985249348105,494.3425598144531,0
00783.png,1763499314.817282,0.0527133597927066,0.0339535430825876,-0.7041683207975982,0.7072591000450927,0.0269514331006523,0.1225727540769597,-1.5647627569675633,-0.0199188888072967,-0.0154928565025329,-0.01591657102108,-1.1537530422210691,0.2223026901483535,9.769625663757324,51.41902010072546,8.219851858543153,494.33245849609375,3597
00784.png,1763499315.07339,0.0520452047435021,0.0360476104738702,-0.7039556951014521,0.7074165998734852,0.0230642737205542,0.1245985369365278,-1.5644532122518666,0.044205829501152,0.0274898558855056,0.0042175501585006,-1.1069341897964478,0.1355300396680832,9.495600700378418,51.41901657351279,8.219851531108379,494.3331298828125,0
00785.png,1763499315.5732,0.0505066506746031,0.0398205277354625,-0.7042320543705686,0.7070506469875493,0.0154624374756776,0.1277946262035375,-1.565812587465902,-0.0023608701303601,0.1028702855110168,-0.0346362516283988,-1.4120416641235352,0.3386123180389404,9.65788459777832,51.41900947666012,8.219850964053537,494.31927490234375,0
00786.png,1763499316.069217,0.0697440302483138,0.0431770046601118,-0.7054763361102278,0.7039706355394317,0.0377652721993477,0.1598764289364636,-1.5699072169138617,-0.0165149252861738,0.1321884989738464,0.0661338120698928,-1.4704986810684204,0.255005270242691,9.823906898498535,51.41899916756277,8.219850592631065,494.3264465332031,0
00787.png,1763499316.321231,0.0752906833947486,0.0558491511580657,-0.7037285755672694,0.7042572521734779,0.0279264224422554,0.1856981750635811,-1.5674447707938015,0.0700294375419616,0.0714057683944702,-0.0453068614006042,-1.6542388200759888,0.0144781358540058,9.452422142028809,51.41899582310786,8.21985055679479,494.3431701660156,0
00788.png,1763499316.57323,0.072520344295981,0.0519190864880007,-0.7038959142966005,0.7046813109186284,0.0295782835422949,0.1761763175351217,-1.5670687182444671,0.0200165361166,-0.0523968674242496,0.0551589429378509,-1.513125777244568,0.2515974640846252,9.97792911529541,51.41899246352274,8.219850529541223,494.35931396484375,0
00789.png,1763499316.817286,0.081025387012557,0.0511919492588653,-0.7056595764151206,0.7020390539023991,0.0422696182936428,0.1873237936231579,-1.5719689476303689,0.1793644428253173,0.0912513136863708,-0.0276862289756536,-1.4085882902145386,0.3685005605220794,9.439431190490724,51.41898577462637,8.219850744068129,494.3686218261719,0
00790.png,1763499317.069211,0.0800094152601061,0.0334072771990766,-0.7093645447640591,0.6994886631901615,0.0654270728080957,0.1609415991317232,-1.579537608809606,-0.0773544311523437,-0.0924525260925293,-0.087973952293396,-1.4146842956542969,0.3058863878250122,9.390664100646973,51.41898237229536,8.219850930636943,494.3669738769531,3609
00791.png,1763499317.321489,0.0623192255986999,0.0564746757303478,-0.7050661944245948,0.704136766971836,0.008242157459753,0.1682021567010154,-1.5714205919164392,-0.1726596355438232,0.1282982230186462,0.05000701546669,-1.322224259376526,0.0788740813732147,9.744877815246582,51.41897892468795,8.21985092133,494.3509826660156,0
00792.png,1763499318.065243,0.0740438137626789,0.0359938675954305,-0.7041140899099204,0.7052980246174837,0.0544432451000564,0.1556713768411972,-1.5648690379492132,0.0015433728694915,-0.0858053267002105,-0.0384460240602493,-1.3444607257843018,0.3999443352222442,9.703306198120115,51.41896461127253,8.219850926478967,494.3280944824219,0
00793.png,1763499318.825532,0.061183223859932,0.0388429904127028,-0.7050592513396988,0.7054355302323574,0.0318725364418989,0.1415502685822229,-1.5680030376613197,0.1220245957374572,0.0570992827415466,0.0452607870101928,-1.558077692985535,0.2228894531726837,9.867795944213867,51.41894951322058,8.219851406988832,494.3342590332031,0
00794.png,1763499319.069796,0.0676911416035718,0.0354879907059833,-0.7050869531021057,0.7049900002335113,0.0459033133321064,0.1460119021557625,-1.567576073008708,-0.0053023174405097,-0.0543669164180755,-0.0044726803898811,-1.4283270835876465,0.3320832550525665,9.62801456451416,51.41894576597087,8.219851525666003,494.3527221679688,3601
00795.png,1763499319.817204,0.0550630038264358,0.0359103594697088,-0.705639672650944,0.7055148220083224,0.0272447732395278,0.1287351495301356,-1.5692170608987894,0.1003954112529754,0.0100528560578823,0.0475204810500144,-1.2460215091705322,0.0959017276763916,9.802916526794434,51.41893083122787,8.219851026166626,494.3890075683594,0
00796.png,1763499320.3212,0.0547360792347682,0.0449230504048797,-0.706274474219611,0.7043878535566455,0.0137922977040626,0.1410713409085723,-1.5724966454750473,0.0702995657920837,-0.0441451743245124,-0.0598892346024513,-1.2881790399551392,0.0790397748351097,9.5946683883667,51.41892343916285,8.21985067470621,494.40277099609375,0
00797.png,1763499320.573216,0.0568154833766482,0.0363164674473181,-0.7057585013309058,0.7052361681309175,0.0291321078766654,0.1318006561190391,-1.5696139677736731,0.0107956230640411,0.0271864533424377,0.0119102969765663,-1.1802350282669067,-0.009818292222917,9.809739112854004,51.41891979480138,8.21985054019465,494.4095764160156,0
00798.png,1763499320.825204,0.0581890456259164,0.0446541880965801,-0.7048317225995935,0.7055723076140886,0.0193718236056385,0.1455538926942558,-1.5683337921985372,-0.0495025515556335,0.001253992319107,-0.0084738284349441,-1.4598418474197388,0.2298244833946228,9.806336402893066,51.41891242217191,8.21985022095527,494.4184265136719,0
00799.png,1763499321.077204,0.0543753686417292,0.0536164080963267,-0.7016143292193776,0.7084531975381065,0.0018300688674839,0.1528651645973563,-1.56095619501157,-0.1023346781730651,0.0548444986343383,-0.0077055841684341,-1.3262944221496582,0.2971452474594116,9.65878200531006,51.41890877688737,8.219849923796419,494.43115234375,0
00800.png,1763499321.317213,0.0541962059971048,0.0501053332799051,-0.7051253443580855,0.705230795964215,0.0058441961190167,0.1476376405667696,-1.5702145896027144,0.1049631834030151,-0.1315109729766845,-0.0257249921560287,-1.6629539728164673,0.1136690750718116,9.763176918029783,51.41890513137661,8.219849707364991,494.4454040527344,3518
00801.png,1763499321.821202,0.0536963756115032,0.0550982600802076,-0.7042876022900916,0.705733557543352,-0.001841168727333,0.1540129074965198,-1.5688874207693737,-0.0419490933418273,0.0403604507446289,0.0051592197269201,-1.4778375625610352,0.0129542974755167,9.75059700012207,51.41889429909293,8.21984922162064,494.4377746582031,0
00802.png,1763499322.577203,0.0608959475298852,0.0539577705405993,-0.7044134009875113,0.7051113409114432,0.0099916496087743,0.1625998568364788,-1.5689918857725207,-0.1020238399505615,-0.0485014766454696,0.0694570690393447,-1.3464723825454712,-0.0265355817973613,9.609210968017578,51.41888378758551,8.21984908349662,494.4387512207031,0
00803.png,1763499322.817207,0.0547912476193862,0.0587471091282085,-0.7048447946289748,0.7047982064660977,-0.0056545637773201,0.1607396500212914,-1.571317864564032,-0.0173173882067203,-0.0122320316731929,0.0262370258569717,-1.1984877586364746,-0.1969411373138427,9.881571769714355,51.41887671319706,8.21984895258682,494.4488830566406,3566
00804.png,1763499323.06921,0.059205640756136,0.0498931375181326,-0.7073106398213787,0.7026500022961105,0.0127742606395356,0.154482098212294,-1.5764186429992595,0.0397871136665344,-0.0497499108314514,-0.0055165030062198,-1.3071210384368896,0.1489458829164505,9.816692352294922,51.418873167074025,8.21984898637784,494.427490234375,0
00805.png,1763499323.325201,0.0543015987069119,0.0449570909611184,-0.7077338903154645,0.7029530118358731,0.0128345031112536,0.140529695898695,-1.5766710728998965,-0.0195936877280473,-0.0488708019256591,0.014890432357788,-1.254961013793945,-0.0930813550949096,9.778878211975098,51.41886952058558,8.219848957936442,494.4156188964844,0
00806.png,1763499323.574154,0.0528738641908349,0.051957747225233,-0.7053111440392016,0.7050113028050833,0.0012745952448489,0.1483906383775198,-1.5711267933350757,0.0017055422067642,0.100850224494934,0.0469157025218009,-1.5321519374847412,-0.1194885745644569,9.81895351409912,51.41886586123024,8.21984895886906,494.403076171875,0
00807.png,1763499323.817202,0.0574871244799419,0.0506465461735099,-0.7046105103627466,0.7054460904747237,0.0098512930553214,0.1530658813759381,-1.5688557245029218,0.0372987687587738,0.0002732127904891,0.0764916986227035,-1.4688583612442017,0.0536361597478389,9.771831512451172,51.418858573243696,8.219849037349501,494.4083557128906,0
00808.png,1763499324.069206,0.0565119919029229,0.0454637677190539,-0.7039335427927715,0.7065529052570438,0.0160176499784252,0.1443068183076434,-1.565924442202496,-0.030746042728424,0.026341900229454,-0.0092755854129791,-1.3262920379638672,0.2064136117696762,9.911067962646484,51.41885495517341,8.219849118813675,494.40081787109375,0
00809.png,1763499324.3212,0.0615921604365288,0.0470987140988665,-0.7032479036328112,0.7067039712206592,0.0210608586644182,0.1538044904215584,-1.5642710584383488,0.0753886997699737,0.0528241395950317,-0.0209345817565917,-1.3433297872543335,0.3855053186416626,9.62285614013672,51.41885131142467,8.219849228713192,494.41021728515625,0
00810.png,1763499324.573207,0.0678458856952579,0.0442436561666056,-0.7032854996618948,0.7062782317532916,0.0340379381529499,0.1585906678752443,-1.5638450288229333,0.0697779655456543,-0.053278349339962,-0.044859230518341,-1.2153339385986328,0.2449139058589935,9.558667182922363,51.418847725900974,8.219849487227616,494.4134521484375,0
00811.png,1763499324.825219,0.0610857310591536,0.0324730463507879,-0.7031752587436065,0.7076429821686429,0.041156206167318,0.1322517849305658,-1.561736979449503,0.0071856305003166,-0.1005749702453613,-0.052082173526287,-1.1907317638397217,0.3526281118392944,9.656949996948242,51.418840363274434,8.219850111487329,494.39251708984375,0
00812.png,1763499325.077209,0.053972261594205,0.0234680525774346,-0.7063561322341998,0.7054057413586675,0.0432639657225174,0.1095754168546083,-1.5697696392518807,-0.0054877698421478,-0.0213670134544372,-0.0782242715358734,-1.2506290674209597,0.2333493828773498,10.026958465576172,51.41883663540009,8.219850464927653,494.3730773925781,0
00813.png,1763499325.821205,0.0612222530323347,0.0324742398591846,-0.7041444916015319,0.7066666784463755,0.0411667169761847,0.132502936983808,-1.5644890806692129,0.030642807483673,-0.0583621859550476,0.0415040217339992,-1.0581480264663696,0.4191480278968811,9.781364440917969,51.41882185064937,8.219851295167283,494.3754577636719,3626
00814.png,1763499326.073207,0.0646190066567339,0.0259452821925929,-0.7034650100333337,0.7073105442232891,0.0553891888217419,0.127966125735363,-1.5617949626182357,0.0106236934661865,-0.0043611675500869,0.1175008714199066,-1.1448392868041992,0.5652150511741638,9.610332489013672,51.41881811893322,8.21985156589791,494.3668212890625,0
00815.png,1763499326.32523,0.0639027202925267,0.0242201748220948,-0.70150229686617,0.7093830791344617,0.057154107314098,0.1243387087201934,-1.5560662593470769,0.0473298132419586,-0.0471819937229156,0.0269567668437957,-1.1012214422225952,0.5615817904472351,9.738166809082031,51.41881437010549,8.219851877165645,494.35833740234375,0
00816.png,1763499326.577212,0.0648911789442956,0.0104205448182384,-0.7037394653258203,0.7074116991426131,0.077658604776851,0.1062761429149385,-1.5614591572377738,-0.0054688318632543,-0.023632887750864,-0.0343234837055206,-1.004305720329285,0.7771334648132324,9.710334777832031,51.41881056660977,8.219852222706411,494.34661865234375,0
00817.png,1763499326.821214,0.0620091772614358,0.012202142623642,-0.7055108076108688,0.7058756760188096,0.0707719342134101,0.1049150444666515,-1.566561814468034,-0.0703882873058319,0.0398267358541488,-0.0155528206378221,-1.108329176902771,0.575612485408783,9.896525382995604,51.418803044493856,8.219853002784642,494.3311767578125,0
00818.png,1763499327.069233,0.0645068001342455,0.017065269521383,-0.7065143988648519,0.7045459910532738,0.0672806135502146,0.1154528150206499,-1.5696966441375628,0.0216163396835327,0.0961499214172363,0.0607014447450637,-0.8841580748558044,0.3765728771686554,9.542237281799316,51.41879941628508,8.219853229527201,494.3401794433594,0
00819.png,1763499327.321539,0.0676553813614281,0.0221415785045553,-0.7037030329551507,0.7069190486073271,0.0650599272751782,0.1268632229217593,-1.5621027698652763,-0.015384430065751,0.0096280574798583,-0.0292487442493438,-1.1084109544754028,0.5377296209335327,9.764802932739258,51.41879576425259,8.219853411742417,494.3482971191406,0
00820.png,1763499327.82126,0.0577565524121439,0.0102529947963887,-0.703541719514454,0.7082288511871102,0.0677459980101443,0.0959383261206777,-1.560902820330459,0.0021803677082061,-0.080146700143814,0.0728029906749725,-0.793781042098999,0.5610537528991699,9.618107795715332,51.418784753147406,8.219853734986984,494.3458862304688,0
00821.png,1763499328.077292,0.0565077665258838,0.0084158135939151,-0.7036749009484958,0.7082214909044583,0.0685366246182438,0.0915746500342736,-1.561214416591589,0.03984335064888,-0.0371494740247726,0.0275188945233821,-0.9143854379653932,0.5190989375114441,9.709624290466309,51.41878100688214,8.219853819189263,494.33294677734375,0
00822.png,1763499328.321331,0.0583539053400192,0.0103886243580967,-0.7042564941506614,0.7074670936956245,0.0683086787086844,0.0970436994908834,-1.562929498387071,-0.0096949636936187,0.0194028466939926,-0.0066753774881362,-0.8525335192680359,0.5091173648834229,9.887646675109863,51.41877733233032,8.219853907255198,494.3241271972656,0
00823.png,1763499328.577239,0.0559148220713297,0.0123017514977117,-0.705320039329188,0.7065733095040408,0.0619898742831656,0.0964091475476241,-1.5660295550053849,0.0091903954744338,0.0279791578650474,-0.0393832847476005,-0.9215152859687804,0.4760996997356415,9.920974731445312,51.41877366325241,8.219853940203812,494.32122802734375,0
00824.png,1763499328.817224,0.0539950870014521,0.0141176649575286,-0.7059091909489292,0.7061001602107742,0.0566127909402703,0.0963170802122597,-1.567796607562954,-0.0256551317870616,0.0210707634687423,-0.0318648964166641,-0.8035721182823181,0.3929505944252014,9.794411659240724,51.41876636543814,8.21985378589502,494.3193664550781,3676
00825.png,1763499329.329281,0.059285885299247,0.0154941577591428,-0.7065415354028424,0.7050135981881579,0.0620871374869479,0.1058204497926726,-1.5696720580167025,-0.0252787917852401,0.0203204751014709,-0.0179865360260009,-1.0863040685653689,0.6255038380622864,9.75401782989502,51.41875916191885,8.219853536203646,494.3306884765625,0
00826.png,1763499329.573244,0.0619192551252012,0.0190703716507944,-0.7063219257253933,0.7049196152820635,0.0607925540401268,0.1146067360097093,-1.569295162014137,0.0385197699069976,0.0107686221599578,0.0037862062454223,-0.968032717704773,0.5714447498321533,9.693586349487305,51.41875569105035,8.219853532040705,494.3299255371094,0
00827.png,1763499329.825518,0.0634580065053239,0.019208707017769,-0.7063546765844845,0.7047461797358706,0.0627773076295815,0.1169889222277436,-1.5693985792920744,-0.0180691704154014,-0.0181508027017116,0.0956217870116233,-1.0034949779510498,0.4298871755599975,9.875235557556152,51.41874872646779,8.21985338348894,494.34478759765625,0
00828.png,1763499330.07335,0.0621379101957939,0.0219982051758289,-0.7064287572696791,0.7047080033517136,0.0569315219269033,0.1190778478000297,-1.5698405788805203,-0.0203433334827423,-0.0194049999117851,-0.0279015339910984,-0.9857434034347534,0.3960470259189605,9.685885429382324,51.41874527318485,8.219853318023471,494.3492126464844,0
00829.png,1763499330.57723,0.058056580524923,0.0254803664970599,-0.7054403152817623,0.7059278617224968,0.0463574880210474,0.1181602703176188,-1.5673629548623462,0.0185744911432266,-0.0025821104645729,0.0708590373396873,-1.0804827213287354,0.3994483947753906,9.755681037902832,51.418738277059006,8.21985291944104,494.3709106445313,3721
00830.png,1763499330.817417,0.0596640847718779,0.0225134747987585,-0.7056029353413911,0.7057321291243814,0.0528234189213568,0.1162368409959032,-1.5675390591812215,0.054729163646698,0.0067219696938991,-0.0038618594408035,-1.014418125152588,0.44450843334198,9.746373176574709,51.41873123127645,8.219852648456385,494.3612365722656,0
00831.png,1763499331.325235,0.0554757857273058,0.0192997782418108,-0.7026794103473304,0.7090779943219806,0.0518618297643178,0.1055292415382773,-1.5589920568352802,0.0183832645416259,-0.0512898564338684,0.0343822799623012,-0.8597451448440552,0.5855613350868225,9.767401695251465,51.41872404159065,8.219852382865472,494.3413696289063,0
00832.png,1763499331.573211,0.0587062793629424,0.011301861299402,-0.7045337445063229,0.7071478229807605,0.0674834495956915,0.0988662662036169,-1.5637529323413135,0.089419424533844,0.0399145781993866,-0.0753573477268219,-0.8889292478561401,0.5882056355476379,9.860861778259276,51.418720409691886,8.219852314787136,494.3265075683594,0
00833.png,1763499332.073501,0.06002409266039,0.017848333396456,-0.7059539929845304,0.7054838801024895,0.059890423564503,0.110154553353429,-1.5681595489944706,-0.0517988204956054,0.0197294652462005,-0.0018845796585083,-0.9369420409202576,0.7176496386528015,9.68553066253662,51.41870959650358,8.219852526153263,494.3240356445313,0
00834.png,1763499332.321272,0.0586781540209801,0.0160622867361388,-0.704928635590054,0.7066643445870471,0.0606610505596999,0.1056254088725569,-1.5651294708911556,0.023565649986267,0.0020622014999389,-0.0114954710006713,-0.8311603665351868,0.6779524683952332,9.58384609222412,51.41870599078045,8.219852517754918,494.3240661621094,3735
00835.png,1763499332.573424,0.0559333475469096,0.0145585810865632,-0.705144223314392,0.7067044167650897,0.0588504876850953,0.0996240933685747,-1.5656514498847824,0.0689571499824523,0.0213687270879745,-0.0036298930644989,-0.8217606544494629,0.5344099998474121,9.961966514587402,51.41870236198408,8.219852516452862,494.3160705566406,0
00836.png,1763499332.825495,0.0575351755887288,0.00833476607223,-0.7059153088259127,0.7059063762353416,0.0698206614160425,0.0931316226525165,-1.5675540534922323,0.0824201107025146,-0.0422001481056213,0.0517387390136718,-0.8228891491889954,0.5568030476570129,9.875048637390137,51.418695003043446,8.219852582333466,494.31585693359375,0
00837.png,1763499333.069231,0.0571801248848862,0.0048001779984314,-0.705170031533293,0.7067125428607212,0.0744032075658083,0.0875398764706636,-1.5653510793805514,-0.0474022179841995,-0.0568386018276214,0.0013173222541809,-0.8212664723396301,0.6745656728744507,9.747475624084473,51.41869133961986,8.219852644953736,494.3155212402344,0
00838.png,1763499333.32523,0.0546954957849837,0.0065523150245117,-0.704783971587202,0.7072800176043605,0.0684430907691352,0.086473389762909,-1.564298762009131,0.0007223188877105,0.0015038102865219,0.052849031984806,-0.8808788061141968,0.5106506943702698,9.764354705810549,51.41868763339011,8.219852677056167,494.317138671875,3714
00839.png,1763499333.817486,0.0536644006100762,0.0103960957201792,-0.7053342853355336,0.706764175118653,0.061480992087283,0.0905214327585367,-1.5659856779824628,-0.0135757140815258,-0.0012651979923248,-0.049877967685461,-0.8604099154472351,0.5225213170051575,9.79078483581543,51.41867677198359,8.219852713454266,494.326416015625,0
00840.png,1763499334.317258,0.0560974362175015,0.0098853877763907,-0.7065588554596387,0.7053580229428875,0.0655001628979362,0.0933532898538998,-1.5694366803707305,-0.0153321474790573,0.0356656908988952,-0.035110980272293,-0.9641366004943848,0.5576401352882385,9.672950744628906,51.41866959495187,8.219852666602687,494.31927490234375,0
00841.png,1763499334.817227,0.0525152555311174,0.0270767926028269,-0.7060587244071884,0.7056841169583872,0.036119332036806,0.1126108898593428,-1.5692909412740343,-0.069006860256195,0.0191412940621376,-0.0105151385068893,-0.978531777858734,0.4019204080104828,9.80697250366211,51.418659101909135,8.219851994323797,494.3403015136719,0
00842.png,1763499335.077538,0.0520757852792431,0.0246737038797584,-0.7055714551962142,0.7062918961284355,0.0389825578100611,0.108553118152915,-1.5676575868162002,0.0639437437057495,-0.0042765270918607,0.1094188243150711,-0.932466447353363,0.6270739436149597,9.806392669677734,51.41865560522501,8.21985167564484,494.3401184082031,0
00843.png,1763499335.32132,0.0544321171472335,0.0204619278544141,-0.7056415021919042,0.7061788190789239,0.0482893148991499,0.1059166053922564,-1.5674749481907488,0.1174549460411071,-0.0189422667026519,0.0251793377101421,-0.956769585609436,0.5905497670173645,9.847047805786133,51.418652105771,8.219851443534829,494.3391723632813,0
00844.png,1763499335.57323,0.0558995679460168,0.0168156152560359,-0.7064582476593657,0.7053433332080682,0.0554189802016129,0.1028843984666443,-1.5695216271301546,-0.0025117993354797,-0.0090493410825729,0.0002041980624198,-0.8392120003700256,0.4338837563991546,9.831178665161133,51.41864855241012,8.21985129959284,494.3409423828125,0
00845.png,1763499336.073238,0.051274141874678,0.0181457806439109,-0.7057849030627141,0.7063351638058195,0.0470633054051829,0.0981686369549203,-1.5677046338983782,-0.0205791145563125,0.0410516709089279,-0.0383475273847579,-0.9102650284767152,0.3618079423904419,9.618874549865724,51.41863788780852,8.219851053794818,494.3502197265625,0
00846.png,1763499336.321365,0.0538149607160246,0.0213365360618098,-0.7044959233975545,0.7073430540750666,0.0463459211969118,0.106208908082195,-1.5642991784906184,0.0189642291516065,0.0032870769500732,0.0077951792627573,-0.8917821049690247,0.4857587814331054,9.811570167541504,51.41863433659032,8.219850988099012,494.3538513183594,0
00847.png,1763499336.573233,0.0550265229438314,0.0186011614329766,-0.7054002842481336,0.7064251676920269,0.051805204330352,0.1041000239539802,-1.5666449699465324,0.0467986762523651,0.0160120576620101,-0.0535279512405395,-1.0244604349136353,0.4169359505176544,9.79588794708252,51.4186307911123,8.219850957435774,494.3492431640625,0
00848.png,1763499337.073308,0.0594204737292682,0.0234212097960973,-0.7042095784733052,0.707113515512132,0.0514216925788042,0.1170791357562952,-1.5636668256611324,-0.0378580540418624,0.0626450181007385,-0.0707230046391487,-1.1191155910491943,0.4967759847640991,9.77656078338623,51.41862023739837,8.219850860131741,494.347412109375,3745
00849.png,1763499337.325713,0.059341210199292,0.0243821877637893,-0.7045347655250714,0.7067636761028876,0.049893837034814,0.11835691810966,-1.5646809596178868,0.0418053865432739,-0.0255770683288574,-0.0028805881738662,-1.2879220247268677,0.4787492752075195,9.752596855163574,51.41861674698375,8.219850857176153,494.3517761230469,0
00850.png,1763499337.569208,0.0656855121039803,0.0220366471273361,-0.7063348044613724,0.7044792003242808,0.0619336923241591,0.1241593976939805,-1.569575871191884,0.0374583303928375,0.1202537417411804,-0.0435762256383895,-1.0959094762802124,0.5082511305809021,9.731942176818848,51.41861329774154,8.219850888567512,494.354736328125,3718
00851.png,1763499337.821212,0.0684876412369862,0.0286061048108231,-0.7054768584766508,0.7048358219608747,0.0567481086164479,0.1373899275429505,-1.5677999007094316,0.0115796569734811,0.0074936151504516,0.032668225467205,-1.3452714681625366,0.4713087081909179,9.677791595458984,51.41860645724668,8.219851000152444,494.357666015625,0
00852.png,1763499338.073229,0.0671268966645054,0.0296723386908192,-0.7052859159133689,0.7051136850714574,0.0533337011961315,0.1369598343475927,-1.5673816860813945,-0.0117959082126617,0.0198256075382232,0.0224046856164932,-1.2791110277175903,0.6173757314682007,9.626874923706056,51.41860302421785,8.219850978842064,494.3611755371094,0
00853.png,1763499338.325201,0.0709026347506966,0.0304758444365866,-0.7055080741775668,0.7044873288864371,0.0575205217645734,0.1434762016551266,-1.5681095565020846,0.0578959286212921,0.0341357588768005,-0.0118975527584552,-1.1673386096954346,0.4163699448108673,9.672913551330566,51.41859963476119,8.219851039180963,494.3591003417969,0
00854.png,1763499338.577217,0.0732922109450646,0.0246445374087056,-0.7071306400542353,0.7028421988520486,0.0688878053284911,0.1387414597744365,-1.5720909581375977,0.0154731692746281,-0.0580218732357025,0.0371110588312149,-1.2207149267196655,0.4977251887321472,9.708054542541504,51.41859625030709,8.219851113125072,494.3499145507813,0
00855.png,1763499339.069201,0.0631888762605195,0.0293691380009083,-0.7090486034813527,0.7017084134818108,0.0474575746437607,0.1312011984298921,-1.5780839613305275,-0.0548481419682502,0.0130055695772171,-0.0517290458083152,-1.1258646249771118,0.2587261497974396,9.949573516845703,51.418585935033896,8.219851027953503,494.3186950683594,0
00856.png,1763499339.321214,0.0624167650270276,0.0338656700013903,-0.707460554276099,0.7031762424757199,0.0402471064062721,0.1363640935924615,-1.5741218431719342,-0.0240235328674316,0.019153244793415,-0.0206416994333267,-1.2096889019012451,0.4163395464420318,9.918451309204102,51.41858238671151,8.219850851987589,494.3291320800781,0
00857.png,1763499339.825212,0.054226038568375,0.0334700935732028,-0.7054488214961613,0.7058903950522768,0.0295639585149475,0.1240779505003793,-1.5683339680365374,-0.0777389556169509,0.0091056525707244,-0.0647366046905517,-1.1074576377868652,0.3242147862911224,9.73814868927002,51.41857147841725,8.219850261478289,494.3716125488281,0
00858.png,1763499340.077209,0.0545017580585762,0.0350534831567308,-0.7062909037015814,0.7049496230479939,0.0275505406802684,0.1267491772723591,-1.57094872398088,0.0457474887371063,0.0270904805511236,-0.0332707613706588,-1.258267164230347,0.2422812581062317,9.747419357299805,51.41856781242246,8.219850114401025,494.3876953125,0
00859.png,1763499340.569216,0.055330612363521,0.0334482171021719,-0.7072500441241032,0.7040007920411864,0.0308412320696195,0.1256909864751076,-1.5734601604350782,-0.0721674859523773,0.0601951479911804,0.0476151257753372,-1.2794451713562012,0.1116661056876182,9.560256004333496,51.418560519441016,8.219849956043538,494.3992004394531,0
00860.png,1763499340.821206,0.0570947875450287,0.0405996220744735,-0.7070140343795445,0.7037208332236288,0.0231719326295973,0.1383158365241582,-1.573859938487152,0.0203854143619537,0.1037181615829467,0.0281074438244104,-1.295917510986328,0.0652123615145683,9.727325439453123,51.41855330408338,8.219849654604145,494.4158020019531,0
00861.png,1763499341.07322,0.0589442953860681,0.0412969592179213,-0.7078309368856954,0.702705838874498,0.0246286878475844,0.1419607593132099,-1.57631198747189,0.0153572093695402,0.0005354071035981,0.0009023547172546,-1.3049877882003784,0.1086432561278343,9.693755149841309,51.41854978866281,8.219849480158263,494.4195556640625,0
00862.png,1763499341.325192,0.0561256037343043,0.0441644207018981,-0.7076745547001534,0.702919728830729,0.0165629770680676,0.1420021640588895,-1.5763598974937056,-0.0692560076713562,-0.0526445508003234,-0.0471493974328041,-1.4132636785507202,0.0267630256712436,9.800074577331545,51.41854621850675,8.219849305567548,494.41845703125,0
00863.png,1763499341.577217,0.0512180247479549,0.0459442565215209,-0.7067694581266587,0.7040900313830271,0.0072487141298897,0.1375295954557593,-1.5740953665342192,0.0025243833661079,-0.0319378077983856,-0.0223001316189765,-1.2589820623397827,-0.0309637635946273,9.80530834197998,51.4185426890466,8.219849079301676,494.4132080078125,0
00864.png,1763499341.817204,0.0512466342483731,0.0483683868849424,-0.706302179051757,0.7043944303407728,0.0039090965999777,0.1409987908263824,-1.5732249686560082,0.0194763429462909,0.0270756781101226,-0.0099334744736552,-1.1661949157714844,0.0832424163818359,9.863011360168455,51.418535564864406,8.219848607096417,494.4037780761719,4118
00865.png,1763499342.069205,0.0511386132056898,0.0444462412197225,-0.7065015247165528,0.7044607650210357,0.0093330392622119,0.1352926399814212,-1.573056730058887,0.0366164445877075,-0.0535703301429748,0.0549912936985492,-1.2143526077270508,0.192145749926567,9.69807243347168,51.418531931108205,8.219848405952192,494.4122314453125,0
00866.png,1763499342.321206,0.0513219962044821,0.0370989626431973,-0.7071996326133695,0.7041721375543776,0.0199637834206316,0.1251644568209401,-1.5738354125431906,0.1007783412933349,-0.0371788144111633,0.0061185285449028,-1.113208889961243,0.1022476702928543,9.735736846923828,51.41852827777904,8.219848326448924,494.4146728515625,0
00867.png,1763499342.573201,0.0482480770923797,0.0333601482095523,-0.7066979498917152,0.7050795920938084,0.0210279990425623,0.1154933379115478,-1.5718732853804884,-0.0415701568126678,-0.0167791843414306,0.0519585311412811,-1.0092602968215942,0.2187807112932205,9.772653579711914,51.41852462067674,8.21984836869928,494.4074401855469,0
00868.png,1763499342.825205,0.0479793538049175,0.0327731785864392,-0.7080024437235126,0.7038156293059556,0.0212706942563038,0.1143203992497788,-1.5755101968578282,0.0239259600639343,0.0469668805599212,-0.0585990659892559,-1.0760679244995115,0.2409108877182006,9.78614902496338,51.41851720449437,8.219848430732528,494.41009521484375,0
00869.png,1763499343.077201,0.0513809418477371,0.0329037230948734,-0.7086426966224944,0.7029245139735381,0.0257861930120848,0.1193623569825935,-1.5773573093863529,0.0049065500497817,0.0374805182218551,-0.0728747248649597,-1.0408918857574463,0.113760195672512,9.739718437194824,51.41851351594316,8.219848521017033,494.4156799316406,0
00870.png,1763499343.317259,0.0495894432894123,0.0328132678111843,-0.7080200242647972,0.7036844618221106,0.0234875462272203,0.1166654834757277,-1.5755669043405869,-0.021095186471939,-0.1072998046875,0.0048777982592582,-1.065467119216919,0.0126682221889495,9.705025672912598,51.418509799254295,8.219848648638445,494.4109497070313,0
00871.png,1763499343.569207,0.0408680905221722,0.0338821511467742,-0.7060675493181026,0.7061518355217011,0.0099276111070159,0.1057601997687204,-1.570151492536985,-0.0765251219272613,0.0335864201188087,0.0904927253723144,-1.0233213901519775,0.1016338989138603,9.617398262023926,51.41850605273759,8.219848690825456,494.4032897949219,0
00872.png,1763499343.821227,0.0414191163900738,0.035337088213026,-0.703565315221069,0.7085418789401003,0.0090237115334274,0.1085708945240085,-1.5632575926687855,0.0507010221481323,0.1510980129241943,-0.0830039680004119,-0.9639776945114136,0.3337751626968384,9.651548385620115,51.41849860450965,8.219848603834151,494.4071350097656,0
00873.png,1763499344.32521,0.0577792240986731,0.0194561281151542,-0.7028176100564374,0.7087527265103675,0.0549074914678592,0.1090114580725151,-1.559390646218502,0.0903156995773315,-0.0924896001815795,0.1027179583907127,-1.0585616827011108,0.3595006465911865,9.904170989990234,51.4184911803672,8.219849098263698,494.3662109375,3442
00874.png,1763499344.577204,0.0569313636087545,0.0143485596817384,-0.7044341006387795,0.7073369328191065,0.0606683088734624,0.1006773102691587,-1.5636265267115377,-0.0478136539459228,0.0156987905502319,-0.0526005700230598,-0.9870109558105468,0.2625130116939544,9.985481262207031,51.4184874778984,8.21984953499485,494.32720947265625,0
00875.png,1763499344.821202,0.0585471375072663,0.0230625613388777,-0.7052453456928671,0.7061652450614829,0.0505157559797196,0.1154081682358105,-1.5665739854642229,-0.0456632375717163,-0.0064394474029541,-0.0114057473838329,-1.0874944925308228,0.3150729238986969,9.93123722076416,51.41848019752109,8.219850199262877,494.31256103515625,0
00876.png,1763499345.073205,0.0549606554555617,0.0272311423853628,-0.7051135643712526,0.7064365877953594,0.0395273162780843,0.1162427672350548,-1.5666214880420055,-0.0216981768608093,-0.0235289931297302,0.0586997084319591,-0.9692079424858092,0.3324211537837982,9.830580711364746,51.41847656327801,8.219850346255775,494.3192443847656,0
00877.png,1763499345.325212,0.0470865868397688,0.0252405555678208,-0.7049289750336216,0.7072629693773431,0.0311875758161182,0.1022669866660351,-1.565894588068323,-0.006516620516777,-0.0264591872692108,0.0014094058424234,-0.8657873272895813,0.3011704385280609,9.866880416870115,51.41847289479494,8.219850427449726,494.3182373046875,0
00878.png,1763499345.5772,0.0509194726843663,0.0238541640850119,-0.7053586181366817,0.7066168735443998,0.0385343498102257,0.1057414309014438,-1.566974574105602,0.0528756380081176,0.0513376742601394,-0.0120641198009252,-0.966490626335144,0.421166181564331,9.785513877868652,51.41846922997802,8.219850517966776,494.3216857910156,3289
00879.png,1763499346.825228,0.0557661283177331,0.0205957018748553,-0.7070719398274029,0.7046383667566262,0.049775581521976,0.1080967664033151,-1.5715505511530623,0.0043422002345323,0.0166709125041961,0.0142995864152908,-1.068930983543396,0.3445230722427368,9.689193725585938,51.41844403134953,8.219851500394432,494.35888671875,0
00880.png,1763499347.077207,0.0569285922081885,0.0254839238067936,-0.7064510737602052,0.7050082165476202,0.0445815013234496,0.1166315231414278,-1.5702376311064812,-0.0265714675188064,-0.0187504775822162,0.0118347257375717,-1.073616862297058,0.3989559710025787,9.73603630065918,51.41844052395624,8.219851477510979,494.3656921386719,0
00881.png,1763499347.317202,0.0536188934843098,0.0248231658910937,-0.7076527416919284,0.704085521703549,0.04063370723358,0.1110706103191481,-1.5735907343304565,-0.0275446772575378,-0.0448692142963409,0.0642435848712921,-1.0790165662765503,0.3248135149478912,9.837122917175291,51.41843700099623,8.219851461543223,494.36865234375,0
00882.png,1763499347.569206,0.0538910967296265,0.0277783635044786,-0.7077706166779683,0.7038358234571322,0.0367935577771089,0.1156454833466128,-1.5742411095768472,-0.0531514585018157,0.0542530417442321,0.0714156925678253,-1.0118969678878784,0.2240699678659439,9.764840126037598,51.418433478558775,8.219851331657525,494.37255859375,0
00883.png,1763499347.821206,0.0556887253763383,0.0292064098373606,-0.7077159803143043,0.703693003161275,0.0373137524342685,0.120217655029328,-1.5742511146902871,0.0600332915782928,0.0199719555675983,-0.0216395817697048,-1.0734264850616455,0.2833993136882782,9.763513565063477,51.41842655039578,8.219851055571434,494.3850402832031,0
00884.png,1763499348.07321,0.0572350844943031,0.0332547135924613,-0.7064803444796393,0.7046302519696012,0.0339561722721527,0.1280854172180058,-1.5712406729972157,-0.0957635045051574,0.0271388292312622,-0.0182838439941406,-0.9719708561897278,0.5059146285057068,9.695755004882812,51.41842304151599,8.21985092492445,494.38812255859375,3111
00885.png,1763499348.325203,0.0456569748051789,0.041345462545699,-0.7031612359631892,0.7083574448096394,0.0065877563354152,0.1230937811039588,-1.563027811011404,-0.0004225075244903,-0.0485274791717529,0.0750279128551483,-0.920157790184021,0.5161228179931641,9.78943920135498,51.418419462543625,8.219850797508924,494.4013977050781,0
00886.png,1763499348.577213,0.0351864545635684,0.031125720982687,-0.6943951239219439,0.7180588518930617,0.0073370457057446,0.0937038701940613,-1.5369481978926742,-0.0158877521753311,-0.077443242073059,0.171668529510498,-0.8089835047721863,0.649764895439148,9.62545394897461,51.41841579515085,8.219850888492278,494.4033203125,0
00887.png,1763499348.821236,0.0240924417930768,0.0309628151646285,-0.6716407461516329,0.7398375270519911,-0.0059610709206647,0.0782576903994946,-1.4744730724723647,-0.0684788227081298,0.0399387739598751,0.3376195430755615,-0.91118323802948,0.6657301783561707,9.801551818847656,51.41840816093126,8.219851733482662,494.3703308105469,0
00888.png,1763499349.321507,0.0231024015136146,0.04060785902108,-0.5932331525752279,0.8036738813198325,-0.0110942410905909,0.0928143732795376,-1.272265029185812,-0.0036874860525131,0.0091098938137292,0.379514217376709,-0.929469883441925,0.722265362739563,9.93602180480957,51.418400573163865,8.219853749192978,494.3631591796875,0
00889.png,1763499349.821261,0.0225293831977746,0.0338660313167022,-0.5037696185332189,0.8628798817091977,0.0047747108358655,0.081233182940041,-1.0566862556034942,0.0106534659862518,-0.1060499548912048,0.4256794452667236,-0.6687057614326477,0.7328380346298218,9.882880210876465,51.41838991912065,8.219860574654373,494.33544921875,3096
00890.png,1763499350.077477,0.0202019226175793,0.0252816543368598,-0.4569631211547165,0.8888967466365735,0.012835460422007,0.0634511955602396,-0.9492871248237396,-0.0148723423480987,-0.032032698392868,0.428131103515625,-0.4772877991199493,0.9332678914070128,9.807682991027832,51.418386570998,8.21986380996506,494.3280029296875,3094
00891.png,1763499350.321239,0.0177745920535525,0.0250272547874118,-0.4110956934058742,0.9110752061483616,0.0118325352934906,0.0602539916253204,-0.8473800589350641,-0.0442278385162353,-0.0583829581737518,0.4199986457824707,-0.5795144438743591,0.9182511568069458,9.780223846435549,51.41838342218302,8.219867524476227,494.3230895996094,0
00892.png,1763499350.577392,0.0104626433359821,0.0176854324100955,-0.3610850750513985,0.9323064555981676,0.0067424802912943,0.0405434007271942,-0.7388892693098096,-0.0180605947971344,-0.0407342016696929,0.4406754970550537,-0.3772895932197571,0.8162219524383545,9.826692581176758,51.418380397157954,8.219871678672067,494.3240051269531,0
00893.png,1763499351.073278,0.0003616044955093,0.0091247215301687,-0.2617201993761081,0.9651005885076,-0.0040789361312114,0.0178027670209717,-0.5296671196288211,0.0082285106182098,-0.0352551564574241,0.4616525173187256,-0.1495729386806488,0.8574378490447998,9.70908260345459,51.41837274863192,8.219886412528663,494.3229675292969,0
00894.png,1763499351.577262,0.0263718352136286,0.0003397233584255,-0.1538637732385641,0.9877400215544052,0.0520179547792062,0.0087865699201474,-0.3088346504472521,0.1623028516769409,-0.0344897210597991,0.407402753829956,-0.0165407918393611,0.7952401638031006,9.88815212249756,51.41836916439081,8.219897713364572,494.3152160644531,0
00895.png,1763499352.077211,0.0315831148421691,-0.0033005129688862,-0.1087604433174049,0.9935606571520484,0.0635201208696885,0.0003114674795826,-0.2180525372508234,-0.0246825888752937,-0.0247702002525329,0.0334876179695129,0.130041092634201,0.6152372360229492,10.007444381713867,51.41836585431734,8.21991568933185,494.302734375,0
00896.png,1763499352.569224,0.0330056353939794,-0.0192492524111477,-0.1060704206522184,0.9936242550262716,0.0697645784618108,-0.0312562940016981,-0.213787390953839,-0.0619491934776306,-0.024209551513195,-0.0241431966423988,0.2338231205940246,0.7217501997947693,9.65280055999756,51.41836439450242,8.219927738698043,494.2987365722656,0
00897.png,1763499352.82524,0.0363078702355698,-0.0125319031131172,-0.1097856704928074,0.9932128656626258,0.0749554239653278,-0.0169223347007418,-0.2208124857157666,0.0790479183197021,0.0594672262668609,-0.0212041288614273,0.0079874787479639,0.7577463388442993,9.88805866241455,51.418363211830936,8.21993950515221,494.283203125,3073
00898.png,1763499353.069232,0.0466109029382771,-0.0128901683979786,-0.1073849855852443,0.993040649800806,0.0954981419486002,-0.0155909317491967,-0.2161829841843115,0.0727514028549194,-0.0042147301137447,0.0388939976692199,0.2006021440029144,1.0277817249298096,9.763195991516112,51.41836267505672,8.219945218675328,494.2761535644531,0
00899.png,1763499353.329312,0.0500746161686032,-0.0096641613683991,-0.1043190095660207,0.9932354610281376,0.1016670168227758,-0.0087502184797519,-0.2097368339135943,0.002912700176239,0.0348701775074005,-0.0172842349857091,0.1553957909345626,0.8208248615264893,9.853253364562988,51.41836219365288,8.219950918544283,494.2704772949219,0
00900.png,1763499353.573371,0.0544198317376438,-0.0102021051814759,-0.1043870756796727,0.9929943289840878,0.1104358128893208,-0.0088999284812002,-0.2099696297675786,0.0350613296031951,0.0183089822530746,0.0026945220306515,0.2399003505706787,0.9694532752037048,9.780673027038574,51.41836172831113,8.21995658917977,494.2679748535156,0
00901.png,1763499353.825399,0.0524451675635657,-0.0113750502911698,-0.103819860572592,0.9931472948061584,0.1067433556380388,-0.0117047681417651,-0.2089411230120426,-0.0581852793693542,-0.0245962850749492,-0.0583395808935165,0.2463762611150741,0.9900332093238832,9.918357849121094,51.41836068684967,8.219967787486375,494.2698059082031,3044
00902.png,1763499354.077225,0.0491733221748271,-0.0112264486557666,-0.1037992108264882,0.9933185164229388,0.1001950115927737,-0.0120948694585492,-0.2088454794169512,-0.0803142786026001,-0.0046602729707956,0.0222164094448089,0.2222033888101577,1.120240569114685,9.728353500366213,51.418360133562025,8.219973465159313,494.2673950195313,0
00903.png,1763499354.325229,0.0312104659052641,-0.011642660402146,-0.0969032318327089,0.9947362057033576,0.0644027206668131,-0.017114797160552,-0.194770517957852,-0.2144500017166137,-0.0370132029056549,0.0973221063613891,0.2030718177556991,0.8956279754638672,9.757588386535645,51.418359591308,8.219979115931398,494.2785034179688,0
00904.png,1763499354.825273,-0.0087818389787714,-0.0175435245204417,-0.0304500858046054,0.999343732819716,-0.0164949505056539,-0.0356063612871527,-0.0606276153915398,-0.020526111125946,-0.0299555361270904,0.4738686084747314,0.2347603440284729,0.8273308873176575,9.794018745422363,51.41835824684687,8.219996698026554,494.2949523925781,2936
00905.png,1763499355.073238,-0.023200646370323,-0.0222203996910683,0.0367432420375948,0.9988082488696892,-0.0480411347973501,-0.0426958738828855,0.0745669362213336,-0.1120170950889587,-0.0615647733211517,0.5769624710083008,0.404663473367691,0.6694826483726501,9.794692039489746,51.41835821360328,8.220002781069761,494.30084228515625,2953
00906.png,1763499355.573229,-0.0363077511202747,-0.0358291848710656,0.2164559209050752,0.9749588970952564,-0.0865427941233989,-0.0541724019998698,0.4392899093963984,0.0649954080581665,-0.1374021172523498,0.767611026763916,0.5553012490272522,0.5479015707969666,9.929181098937988,51.418359371268096,8.220015121470333,494.2991333007813,2975
00907.png,1763499355.821235,-0.0454704632148078,-0.0543198982868779,0.30796717619971,0.9487560297614508,-0.1203674749229682,-0.0751365189634603,0.6322715758939326,-0.0707646608352661,-0.1989647150039672,0.7960705757141113,0.505301296710968,0.389236718416214,10.07533359527588,51.41836257710986,8.220026733865296,494.3081665039063,2967
00908.png,1763499356.069259,-0.0477051052624779,-0.0656167146609287,0.3918694815936241,0.9164371113636476,-0.1397981389079028,-0.0829740107175864,0.813956000100407,0.1221467852592468,-0.107049286365509,0.8536229133605957,0.6297352313995361,0.2032879441976547,10.025836944580078,51.41836504879304,8.22003188925339,494.3111877441406,3006
00909.png,1763499356.325235,-0.0389218233064143,-0.0641773451763233,0.4774739373059965,0.8754341775542765,-0.1301677952883517,-0.0752688214855941,1.0035387600661216,0.1141674518585205,-0.0838308334350586,0.7170734405517578,0.5318357944488525,0.1288829147815704,10.006584167480469,51.418367963351024,8.220036317469317,494.3216857910156,0
00910.png,1763499356.821233,-0.0303626857590252,-0.0483932734721124,0.6195562590660687,0.7828705130787661,-0.1077917442693673,-0.0381578087281905,1.340997058537992,0.1081160306930542,-0.0675719082355499,0.5680475234985352,0.4902559816837311,-0.1246278584003448,9.9089937210083,51.41837872166381,8.220044733712465,494.3485107421875,2936
00911.png,1763499357.073223,-0.0172596963933737,-0.0409237893193803,0.6663979202636018,0.7442722339416523,-0.0803791337000363,-0.0379223173418187,1.4620258171453555,0.1236648559570312,-0.10035240650177,0.3707530498504638,0.5473220944404602,-0.2504604756832123,9.649866104125977,51.418382633336165,8.220045851778918,494.3571166992188,2973
00912.png,1763499357.321275,-0.0037420326289331,-0.0340044601887854,0.6960387584724957,0.7171887761134722,-0.0527789200209178,-0.0435798280486103,1.5420175474060684,0.0028061121702194,0.0087285852059721,0.1616263389587402,0.5875858664512634,-0.2218949794769287,9.813589096069336,51.418386561433685,8.220046328453945,494.3502197265625,2971
00913.png,1763499357.573285,-0.0039260301989847,-0.032637745472088,0.7030788826725943,0.7103516372876411,-0.0515373502115828,-0.0408593020487471,1.5615587610019854,0.012094646692276,0.0207509696483612,-0.000832200050354,0.556532621383667,-0.3102436661720276,9.800804138183594,51.41839045814183,8.220046360113038,494.3386535644531,2962
00914.png,1763499358.077223,0.0093432114090091,-0.0217786459657149,0.7055346182485224,0.7082791098383309,-0.017513857241823,-0.0440488814667931,1.567299741940995,0.0408006384968757,0.0394513458013534,0.0597760938107967,0.5469062328338623,-0.1813211739063263,9.802224159240724,51.418401933718485,8.220044579320792,494.322509765625,2955
00915.png,1763499358.321243,0.0100033618207043,-0.0204495796305989,0.7048097514772487,0.7090310019087986,-0.0146548807011729,-0.0431130605107414,1.5651409837654762,0.062920331954956,-0.020928468555212,0.0197541862726211,0.4497211575508117,-0.2847086191177368,9.772822380065918,51.41840573919255,8.220043778430862,494.3249816894531,0
00916.png,1763499358.573235,0.0175403329391776,-0.0182716824000501,0.7048022058098169,0.7089515731192583,-0.0008864880218095,-0.0506540655325295,1.56494880060942,0.0138464272022247,-0.0416931957006454,-0.036915086209774,0.4618183970451355,-0.2170449793338775,9.877272605895996,51.41840958616424,8.220042966286243,494.3154296875,2990
00917.png,1763499359.321315,0.0174442412265492,-0.0161485136974961,0.7034940477158732,0.7103034906163199,0.0020629728873052,-0.0475023936990288,1.5611145537453353,-0.0033617913722991,-0.0234101172536611,-0.0038282461464405,0.4487824738025665,-0.1627811789512634,9.790486335754396,51.41842469868812,8.220040301818926,494.3046569824219,0
00918.png,1763499359.829246,0.0132154551672593,-0.0139983684845274,0.7042778231185445,0.7096634028100208,-0.0009611433082506,-0.0384924684377246,1.563197037495918,-0.0025497823953628,0.0146210556849837,0.0136241689324378,0.4799520075321197,-0.2060844451189041,9.79151439666748,51.41843556172162,8.220038875521645,494.318603515625,0
00919.png,1763499360.073255,0.0139715963805055,-0.0138009562717733,0.7048619227727494,0.7090726323344229,0.0003584926049307,-0.0392779519762102,1.5648332854491231,0.0005894005298614,-0.0278163105249404,-0.047979325056076,0.5017071962356567,-0.1357046216726303,9.844412803649902,51.41843916128731,8.220038605443115,494.3152770996094,0
00920.png,1763499360.573512,0.0152017741946305,-0.0145715585405545,0.7063561076461047,0.7075433731822236,0.0009272324872162,-0.0421081940335072,1.56909738225608,0.0182975977659225,0.0105332732200622,0.0479039289057254,0.543707549571991,-0.1297564804553985,9.750335693359377,51.41844644229674,8.220038072134484,494.317626953125,0
00921.png,1763499360.829305,0.0168586667720495,-0.0132387556542828,0.7074536680172268,0.7064345888420007,0.0050921136332394,-0.0425709383853087,1.5721294490902251,0.0496395230293273,0.0179452374577522,0.0387390628457069,0.4121093153953552,-0.1484683603048324,9.839216232299805,51.418453678883694,8.220037803408736,494.3212585449219,0
00922.png,1763499361.069806,0.0155306844374235,-0.0136839815175339,0.7077424883856207,0.7061672016062926,0.0025672439300734,-0.0413215666018071,1.572971547741751,-0.0434337258338928,0.0412910357117652,0.0369901619851589,0.4283725321292877,-0.0846811160445213,9.832767486572266,51.41845729806055,8.220037729146528,494.32318115234375,0
00923.png,1763499361.325221,0.0149625812917924,-0.0142732656602327,0.708832355777914,0.7050738163134492,0.0008654834955759,-0.0413511187474943,1.5760949504403372,-0.0048018209636211,-0.0373830050230026,0.0455929934978485,0.4289882183074951,-0.16292604804039,9.876524925231934,51.41846091703162,8.220037713248162,494.3239440917969,0
00924.png,1763499361.821216,0.0058250110089213,-0.0165394086386786,0.7069662145840669,0.7070299064716454,-0.0151568531437295,-0.0316291584421262,1.5709459628403235,0.0051235780119895,0.061368778347969,-0.0104278922080993,0.3339001834392547,-0.2029941380023956,9.925704002380373,51.41847166972583,8.22003800217083,494.3316040039063,0
00925.png,1763499362.069219,0.0048155204354107,-0.0175822841948297,0.7052774856709032,0.7086969325820152,-0.0179853050185831,-0.0317188964444609,1.5662449587654934,-0.0152925550937652,0.0301899015903472,-0.0046630166471004,0.520774781703949,-0.164712592959404,9.752802848815918,51.41847525665465,8.220038203219321,494.3277587890625,0
00926.png,1763499362.573252,0.0136777613264463,-0.015076713211838,0.7063521508560315,0.7075678416554012,-0.0019446587280158,-0.0406694374191753,1.569116273390324,0.0767610669136047,-0.0238241255283355,0.0547916442155838,0.6450194716453552,-0.1939127296209335,9.802691459655762,51.41848245347787,8.220038450429378,494.32427978515625,0
00927.png,1763499363.069257,0.0141465638798495,-0.0273741894511938,0.7053943608516877,0.7081449880927793,-0.0186167663305956,-0.0587614133109294,1.5674516489446264,-0.0156268179416656,-0.0540077686309814,-0.008020594716072,0.6470679640769958,-0.2318978309631347,9.770821571350098,51.41849353999412,8.220038789397643,494.3101196289063,0
00928.png,1763499363.325278,0.0134818465416405,-0.0262894304565948,0.7049761944025134,0.708615319468783,-0.0179894275838543,-0.0562966803452571,1.5661540933935592,-0.0042914859950542,0.0198842585086822,-0.0289995670318603,0.5492590665817261,-0.1879225224256515,9.86927318572998,51.41849726937687,8.220038905240672,494.2983093261719,0
00929.png,1763499363.829236,0.0223936692742703,-0.0209669207694712,0.7068102881610089,0.7067376658701819,0.0020174228984034,-0.0613308187239602,1.5708371940649135,0.0833169221878051,0.0207891762256622,0.0112023800611495,0.6340916156768799,-0.0967612713575363,9.829327583312988,51.41850839321338,8.220038960486606,494.2992858886719,0
00930.png,1763499364.321198,0.0123315472655919,-0.0244185789492122,0.707419193181263,0.7062646466183257,-0.0171536642786026,-0.0519624853262359,1.572875498403126,0.0056386440992355,0.0565227270126342,-0.0013492107391357,0.5384019613265991,-0.1614011824131012,9.867291450500488,51.41851568384629,8.220039066701117,494.3020935058594,0
00931.png,1763499364.573202,0.0117404264940918,-0.0186789026278546,0.7057927240595526,0.7080747782875423,-0.0097498499776488,-0.0430380199843059,1.5677780688093803,0.0233755409717559,0.02803735435009,-0.0428442135453224,0.485846996307373,0.0292652361094951,9.95776081085205,51.41851924617168,8.220039216748546,494.3021240234375,0
00932.png,1763499364.825205,0.0172520353511572,-0.0145760225717539,0.7039083716601152,0.709931624277321,0.0039792008756436,-0.0449988477793911,1.5621864171649242,0.0364967882633209,0.0083254277706146,-0.0386165827512741,0.5135579109191895,0.0246793031692504,9.92099380493164,51.41852641184008,8.220039226378532,494.3070068359375,0
00933.png,1763499365.077248,0.0219858113749003,-0.0164843071658189,0.703060327621477,0.7105990905146388,0.0080792962971702,-0.0543689525140368,1.5599111412213076,-0.0046915039420127,-0.0074182003736495,-0.010632250458002,0.6011633276939392,0.1731595546007156,9.821682929992676,51.41852999615661,8.220039151507068,494.30609130859375,0
00934.png,1763499365.329212,0.0209668521112743,-0.0210054132851124,0.704741890164147,0.7088427413560295,0.000117820091743,-0.059366372776681,1.56499078509604,-0.0328877866268157,-0.0196468830108642,-0.0021919012069702,0.67104572057724,-0.0879115462303161,9.81091594696045,51.41853360458341,8.220039134214355,494.3073425292969,0
00935.png,1763499365.569208,0.0257143590809954,-0.0151885043246096,0.7071606344383907,0.7064219122975502,0.0148743871038298,-0.0578596272309464,1.5714110626592033,0.0524425506591796,0.0514584481716156,0.0129882991313934,0.6851032972335815,-0.1307310909032821,9.610219955444336,51.41853721706372,8.220039105634072,494.31634521484375,0
00936.png,1763499365.821203,0.0196654661402138,-0.018130086729153,0.7088087148954803,0.7048934494552346,0.0020254849965256,-0.0534631316748756,1.5762811797978538,-0.0763253569602966,-0.0282218381762504,0.0246394388377666,0.5396466851234436,-0.1891299188137054,9.83291721343994,51.418544426672526,8.220039133748173,494.3153991699219,0
00937.png,1763499366.073241,0.0154563511535414,-0.0223386430994296,0.7074295758450775,0.7062616239419699,-0.0097877111647419,-0.0534478561284624,1.5727103006217953,-0.059659406542778,-0.0112592279911041,-0.0571993365883827,0.4893803596496582,-0.1292496025562286,9.816468238830566,51.41854798742667,8.220039271612567,494.3172607421875,0
00938.png,1763499366.325197,0.0105147449063473,-0.0204618738458691,0.7069179010383411,0.7069213768516386,-0.0140775058842675,-0.0438100077314554,1.5710998321939478,0.0142067521810531,0.0074847340583801,0.0055572241544723,0.4743706881999969,-0.1218060925602912,9.858749389648438,51.418551501776456,8.220039395896439,494.3160400390625,0
00939.png,1763499366.577211,0.0125962188172378,-0.0150345868829154,0.7076869768183098,0.7062538065812668,-0.0034899787572347,-0.0390747711745887,1.5728917197080148,0.0708042383193969,0.031557373702526,0.009971410036087,0.475414514541626,-0.1158631965517997,9.865702629089355,51.41855500537825,8.220039567533606,494.32171630859375,0
00940.png,1763499366.829209,0.0134980460714761,-0.0166342469678998,0.708826730702664,0.7050572816597501,-0.0045519527800911,-0.042604633465771,1.576225344610234,-0.0648925900459289,0.0254384763538837,0.0403887778520584,0.4983496069908142,-0.1027063503861427,9.814449310302734,51.41856202446781,8.220039871900221,494.30670166015625,0
00941.png,1763499367.069201,0.0049820069746958,-0.0167131802920444,0.7072129672157387,0.7067854470862712,-0.016605711298811,-0.0306767563160188,1.5716557540438154,0.0018874080851674,0.059002935886383,0.0113818049430847,0.4242667257785797,-0.1711855828762054,9.782877922058104,51.41856552989059,8.220040035044988,494.3136291503906,1691
00942.png,1763499367.825203,0.0057093552807996,-0.0143866227888474,0.7039530597957964,0.7100778252777262,-0.0121520657577435,-0.028473327093897,1.5623065542480663,-0.001789778470993,0.012988269329071,-0.0389710515737533,0.3712906241416931,-0.0531510412693023,9.895609855651855,51.41857939666095,8.220040569237373,494.32855224609375,0
00943.png,1763499368.077205,0.0036252106122051,-0.0110687961019031,0.7038797730301838,0.7102236300770685,-0.0104352354982976,-0.0208275717001912,1.5619327946441168,-0.017289400100708,0.0075247511267662,-0.0013098157942295,0.3342541456222534,-0.0481273271143436,9.787569999694824,51.41858287394257,8.22004058114498,494.3357543945313,0
00944.png,1763499368.329207,0.0037192165387656,-0.0101928436748588,0.7030148428400256,0.7110924019512315,-0.009043910438622,-0.0197267156389235,1.5594614053726223,-0.0030782520771026,-0.0097770765423774,-0.0404219925403595,0.3465377390384674,-0.0705262199044227,9.772822380065918,51.418586351549365,8.220040584579449,494.3362121582031,0
00945.png,1763499368.569197,0.005259896483002,-0.0048859294262803,0.7013374811245657,0.7127932370277363,0.0006451328168133,-0.0143437318518491,1.5545902198454895,0.0576527714729309,0.0162471234798431,-0.0194873437285423,0.4632471799850464,0.0117406314238905,9.925704002380373,51.41858985155078,8.220040458642343,494.3461608886719,0
00946.png,1763499369.829203,0.0241885813940297,-0.0160275109758196,0.7098891451685083,0.7037154488811432,0.0113068035939137,-0.0569307851124343,1.5792090144977242,-0.1742300987243652,-0.1699500083923339,-0.0046764463186264,0.5192122459411621,-0.0039453115314245,9.77450466156006,51.41861594318354,8.220039087700345,494.3501892089844,1266
00947.png,1763499370.069206,0.0255578009273483,-0.0246519987067718,0.7086557022652864,0.7046603248505008,0.0010823066838553,-0.0710256349719226,1.5764117650002811,0.0603851675987243,0.0206137597560882,-0.0045373067259788,0.6588457226753235,-0.0891263112425804,9.646875381469728,51.41861978674915,8.22003923455723,494.3416442871094,1241
00948.png,1763499370.321199,0.0255191225681952,-0.0183201068677142,0.7082293869328832,0.7052831229742972,0.0100662652901364,-0.0620282774891389,1.5746527343968006,0.0089024603366851,0.0413900017738342,-0.0442118346691131,0.5118259787559509,0.0764007717370987,9.807514190673828,51.41862356011202,8.220039418570764,494.3325500488281,1200
00949.png,1763499370.573219,0.0228434215914249,-0.0150805359447285,0.7080852757166589,0.7055962002724216,0.0108957486606929,-0.0536574627086936,1.5740253401489228,-0.0058988751843571,0.0438973903656005,-0.0380559749901294,0.5242795348167419,-0.1547780781984329,9.80738353729248,51.41862726439859,8.22003958082389,494.3244934082031,1167
00950.png,1763499371.077202,-0.0007633531805536,-0.0269287224954834,0.7030901607448272,0.7105902385063392,-0.0389883543967452,-0.0372057456506836,1.5609111853296278,0.0466928333044052,-0.0229020714759826,0.0119962245225906,0.3479962944984436,-0.4218484461307525,9.826318740844728,51.41863809014278,8.220040402111815,494.3369445800781,1087
00951.png,1763499371.329195,0.0196368198880421,-0.023979043432403,0.7068614674683379,0.706672672875681,-0.0061578684656347,-0.061690814668069,1.5712534538229057,0.064535766839981,-0.0236229598522186,0.0986186414957046,0.6056920289993286,-0.1064745485782623,9.636183738708496,51.41864171465796,8.220040670985924,494.3316955566406,1047
00952.png,1763499371.569204,0.0163047797275751,-0.0209244988229198,0.7080023283716352,0.7057117134690255,-0.0066254673080076,-0.0526452864523471,1.5742113279744514,-0.0263547599315643,0.1095882654190063,-0.0330004170536994,0.5605432391166687,-0.1935590505599975,9.864094734191896,51.41864534074926,8.220040892150209,494.32470703125,1002
00953.png,1763499371.821239,0.0113146521756175,-0.020399031401979,0.7079672953427492,0.7058598776592124,-0.0129239222549957,-0.0448335410901636,1.5740672429317026,-0.0350490324199199,-0.0338230431079864,-0.0716763138771057,0.4549619257450104,-0.1956391185522079,9.910264015197754,51.41865240961209,8.220041332081044,494.3331604003906,971
00954.png,1763499372.073201,0.0114409043286489,-0.0266435760317731,0.7076358152061999,0.7059821375940319,-0.0215867001775025,-0.0538377692512026,1.5737172172407838,-0.0139119178056716,0.0446979254484176,-0.0284624062478542,0.6545804142951965,-0.1671346724033355,9.776934623718262,51.418655942883454,8.220041606241855,494.3279113769531,922
00955.png,1763499372.829202,0.0072994740310822,-0.0210803465586943,0.7086388659561127,0.7052186145616616,-0.0195982554354524,-0.0400886244487605,1.5760274002025874,0.0071226619184017,-0.0565637946128845,-0.0155152678489685,0.5059455633163452,-0.2776731252670288,9.763924598693848,51.418670147724406,8.220042234160209,494.33154296875,812
00956.png,1763499373.321207,0.0127559140629717,-0.0303852990937214,0.70943465202543,0.7040003513926397,-0.0252018443263754,-0.0609191703785227,1.579253699637485,-0.0905234515666961,-0.0640209764242172,-0.0669787526130676,0.6863697171211243,-0.2549594044685364,9.750466346740724,51.418677438246334,8.220042490987037,494.3291320800781,722
00957.png,1763499373.825614,0.0086696259044646,-0.0255870141303168,0.7075184015522963,0.7061783441592182,-0.0239923866462674,-0.0484247537051664,1.5732732004923566,-0.0225179344415664,0.0583756864070892,0.026865130290389,0.668542206287384,-0.3007428646087646,9.88951587677002,51.4186882154414,8.220042767608932,494.3197021484375,647
00958.png,1763499374.077347,0.0092197369446662,-0.0296167844131274,0.707987563483689,0.7055433739212119,-0.0289744420930664,-0.0548743055317941,1.5750498299796472,0.0867600440979003,-0.0097357630729675,0.0031361673027276,0.6747490763664246,-0.4784852564334869,9.773083686828612,51.418691839657406,8.220042860281003,494.3223876953125,615
00959.png,1763499374.329234,0.01383980083052,-0.031701831960642,0.7086092589574821,0.7047527026433023,-0.0254766169565052,-0.0643423118160983,1.5770735331181538,-0.0068005323410034,-0.0017435029149055,0.0221947878599166,0.7576014399528503,-0.443468689918518,9.7720365524292,51.41869551317873,8.220043017163778,494.3187255859375,569
00960.png,1763499375.325206,0.0105105713817304,-0.0332667970861549,0.7069698813118699,0.7063826406550056,-0.032255632903924,-0.0618990107243918,1.5726260176546345,-0.0292490124702453,0.0532739758491516,-0.0220387801527977,0.8020884394645691,-0.2987790405750274,9.739699363708496,51.41871381482985,8.220043661912216,494.3371276855469,413
00961.png,1763499375.577205,0.009011670834035,-0.0300135593525044,0.706445438158149,0.7070734183585984,-0.0297116846310305,-0.0552041222954772,1.5707281646382287,0.0354742109775543,-0.0010648518800735,0.0220013558864593,0.6354199051856995,-0.2462392896413803,9.769364356994627,51.41871744913357,8.220043712652837,494.3372802734375,377
00962.png,1763499375.829207,0.0121433770430815,-0.0317251100784419,0.7070489638123376,0.7063482275453092,-0.0277644640467847,-0.0620296455434693,1.572649331266836,0.0087823271751403,0.0057404041290283,-0.0067877396941185,0.6598176956176758,-0.3360147178173065,9.754074096679688,51.41872467418812,8.220043718679605,494.3265075683594,340
00963.png,1763499376.32122,0.0105097483637778,-0.0308036054566287,0.7072175594335731,0.7062464206698842,-0.0287777966133337,-0.0584084342087283,1.5730111825295363,-0.0057251453399658,-0.0057539716362953,-0.0699549987912178,0.5821254849433899,-0.2484227418899536,9.880375862121582,51.41873191045503,8.220043574721771,494.3229675292969,262
00964.png,1763499376.573206,0.0131284603341058,-0.0294494224999667,0.7066020483233516,0.7068761704491942,-0.0231015849861513,-0.0602237816342349,1.5711043315434436,0.0414298027753829,0.0823781341314315,0.01619603484869,0.6830658912658691,-0.300380140542984,9.757363319396973,51.41873549998166,8.22004351212353,494.3236083984375,226
00965.png,1763499376.825205,0.0128030481024587,-0.0277987833356677,0.7060090221600184,0.7075412145119162,-0.021171519690815,-0.0574472974276979,1.5692367769169775,-0.0433597490191459,-0.0418540984392166,-0.0127148702740669,0.6351243853569031,-0.1921115815639495,9.823084831237791,51.41874266162825,8.220043276594968,494.32427978515625,209
00966.png,1763499377.077207,0.0106502153328863,-0.0249317101990783,0.7055206848955131,0.7081705627350507,-0.0201222045801323,-0.0503609860472703,1.5675542646633338,0.0449463203549385,0.0059059411287307,0.0263737477362155,0.5631250739097595,-0.183112546801567,9.929984092712402,51.41874620849674,8.220043124511232,494.3236083984375,195
00967.png,1763499377.329198,0.0129623292746097,-0.0263298451849343,0.7049851914905425,0.708614561698641,-0.0187838620785322,-0.055620597798618,1.566183939684331,-0.0340217947959899,-0.0401670485734939,-0.0577440187335014,0.6470335125923157,-0.1435836106538772,9.838412284851074,51.41874974926151,8.220042982699768,494.3299560546875,187
00968.png,1763499377.821214,0.0149357282572996,-0.0206726279723167,0.7050550829130866,0.7086937960308125,-0.0079911925402181,-0.0503834622741531,1.565850084956814,0.0426043570041656,0.0073614716529846,0.0138970240950584,0.6093790531158447,-0.1276647299528122,9.836749076843262,51.41876036540592,8.22004242751495,494.3292846679688,165
00969.png,1763499378.325216,0.0165050586523351,-0.0228504254528887,0.7054807939539046,0.7081682642265702,-0.0088782307562303,-0.0556806630273645,1.5672413951632669,-0.0506064370274543,-0.0202938616275787,-0.0201199576258659,0.6081307530403137,-0.237667828798294,9.716727256774902,51.41876742645203,8.220042118280773,494.332763671875,140
00970.png,1763499379.081203,0.0076813408736658,-0.0155820732166821,0.7065091952341532,0.7074906027971266,-0.011155073898607,-0.0329081559721182,1.5695917622352715,-0.0053862929344177,-0.0030633397400379,-0.0027037113904953,0.477371335029602,-0.2739268243312835,9.892638206481934,51.41878123288086,8.220041875542577,494.3255310058594,104
00971.png,1763499379.321202,0.0016329058367476,-0.0211147459361346,0.7076309073915921,0.7062648228722231,-0.0275941180491824,-0.0321417278090116,1.573172223365243,-0.0265891551971435,0.0114956069737672,0.0344895422458648,0.4646911323070526,-0.4089235067367553,9.79626178741455,51.4187846665696,8.220041954479273,494.3236083984375,94
00972.png,1763499379.577233,-0.0013111995928569,-0.0203297178236563,0.7073042018498187,0.7066157013359023,-0.0306274676798396,-0.0268789981481373,1.5721818904917355,0.0345891118049621,0.022377997636795,0.0237229242920875,0.5119591355323792,-0.3708601295948028,9.837608337402344,51.41878811483799,8.22004207111051,494.3265380859375,83
00973.png,1763499379.821231,0.0008408763906099,-0.0217856910082888,0.7074898578386709,0.7063871301556989,-0.0296578461334287,-0.0319735340512255,1.5728303983855234,-0.0786694884300232,-0.062481939792633,-0.0285693705081939,0.4163891971111297,-0.374208927154541,9.78600025177002,51.41879518353254,8.220042371703293,494.3171081542969,75
00974.png,1763499380.573226,0.0026670419730028,-0.0216789475073396,0.7057460419548915,0.7081281200369695,-0.0268416177646176,-0.0344742815552989,1.5678895005280813,-0.0181081146001815,-0.0241874232888221,-0.0606380477547645,0.4768228530883789,-0.3253152668476105,9.830711364746094,51.41880591099465,8.220042719618862,494.32470703125,76
00975.png,1763499380.825232,0.0058620577881717,-0.0240536258652628,0.7064611872035548,0.7073186342350709,-0.0257190839380188,-0.0423224216328545,1.570127699901119,-0.0475416481494903,-0.0577582567930221,-0.0103593468666076,0.6075267791748047,-0.1563724428415298,9.706296920776367,51.41881316871262,8.22004280822906,494.3284912109375,76
00976.png,1763499381.077314,0.0062435401168204,-0.0254828689361291,0.7082853124018184,0.7054385570929989,-0.0273202380364207,-0.0448126091599189,1.575435921938288,0.1753593683242797,-0.0404914692044258,0.0156732648611068,0.45387664437294,-0.3862161934375763,9.817140579223633,51.41881675855268,8.22004282505659,494.3297729492188,75
00977.png,1763499381.329244,0.0028275501677728,-0.0237314027116143,0.7076518754701682,0.7061569575023258,-0.0296189354652259,-0.0375268399582941,1.573466922860461,-0.1402579545974731,0.0293242931365966,-0.0100911706686019,0.5132313966751099,-0.2719066441059112,9.74927043914795,51.41882037014282,8.220042807457116,494.3237915039063,71
00978.png,1763499381.581315,-0.0032938576185181,-0.0258664804261764,0.7058682569121815,0.7078630373003734,-0.0412125809059067,-0.0319752401136316,1.568633361329952,0.037231832742691,0.0091146528720855,-0.0147692412137985,0.4452999234199524,-0.3639656901359558,9.733437538146973,51.4188239395454,8.220042773587679,494.3295593261719,73
00979.png,1763499381.821241,0.0088985256944802,-0.0176570533825486,0.7071408705083277,0.7067961756850661,-0.0124022223428705,-0.0375537242901117,1.5715167993871786,0.0054126977920532,-0.0956291854381561,-0.0126638412475585,0.3470520377159118,-0.1749692559242248,9.817177772521973,51.41883104978436,8.220042645629517,494.3294677734375,72
00980.png,1763499382.325553,-0.0036629818647043,-0.0193145100588627,0.7075743046374011,0.7063654406055999,-0.0325213852801679,-0.0221043411171741,1.5728657275713611,0.0354747772216796,0.1049245595932006,-0.0006661191582679,0.4038427770137787,-0.3293825387954712,9.85523509979248,51.41883815386263,8.220042534425483,494.3224182128906,60
00981.png,1763499382.581517,-0.0003743601682199,-0.0156187411736178,0.7072733604885545,0.7067675065549088,-0.0226297956464596,-0.0215497554446545,1.5717556527502603,0.0421274304389953,-0.0417590774595737,-0.0129951685667037,0.422512024641037,-0.2587459981441498,9.81809425354004,51.41884171167282,8.220042473967302,494.331298828125,48
00982.png,1763499382.82555,0.003570142992481,-0.0158058789373564,0.7071121472528343,0.7069157230374189,-0.017312840233885,-0.0273992596934121,1.5713113493272668,0.0121486559510231,-0.024644136428833,-0.0529070794582366,0.3944728076457977,-0.2437885850667953,9.83093547821045,51.41884884784075,8.220042388223963,494.3168640136719,28
00983.png,1763499383.081274,0.0010852365388137,-0.0154154820638708,0.7069984620827189,0.7070462218179684,-0.0202697257070635,-0.0233355556607108,1.570965297749206,-0.0533562451601028,-0.0053106425330042,0.0140724554657936,0.3397688865661621,-0.3258643448352813,9.86680507659912,51.4188525071862,8.220042343502906,494.3143310546875,7
00984.png,1763499383.321272,0.0022211460285986,-0.0170051045211262,0.7057649466862939,0.7082384718154177,-0.0208662579210472,-0.0272259159077447,1.5675817970503565,0.0179342739284038,-0.058717668056488,-0.0303263738751411,0.3605006635189056,-0.2886193394660949,9.79035472869873,51.41885609426751,8.220042292206427,494.3169860839844,9
00985.png,1763499383.577642,0.0088573024118739,-0.0214551534137586,0.7042048346233172,0.7096173444040973,-0.0176642533378179,-0.0429378008693583,1.5635191007371667,0.0098321288824081,-0.041352778673172,-0.001085489988327,0.5314333438873291,-0.1889981925487518,9.852581024169922,51.41885975509338,8.220042264669287,494.3136901855469,9
00986.png,1763499384.08143,0.0050639618436323,-0.0235544306712206,0.7072059307756894,0.7065969972777211,-0.0261837241732923,-0.040460546126154,1.5721875452962315,-0.0446639060974121,0.0074282586574554,-0.0233206301927566,0.4756090342998504,-0.3142309188842773,9.746466636657717,51.41887083545589,8.220042297537542,494.3199157714844,7
00987.png,1763499384.329342,0.0031650986093323,-0.0223473477917503,0.70826271397489,0.7055880570066296,-0.0272100871677774,-0.0360272792619315,1.5750700649981006,0.0360283553600311,-0.0102375149726867,0.0196739360690116,0.4094293415546417,-0.3121461570262909,9.831645965576172,51.41887449139659,8.220042352934309,494.32275390625,20
00988.png,1763499384.573407,0.0068118993815086,-0.0194891484234958,0.7084452340621291,0.7054637633891611,-0.0180163025449587,-0.0371580415061776,1.5753484378824731,0.0256556868553161,-0.0581608116626739,-0.0112568102777004,0.4740132093429565,-0.254141628742218,9.803832054138184,51.418878158861816,8.220042348766214,494.3244018554688,12
00989.png,1763499385.081239,0.0084431689814729,-0.0223914397792656,0.7063865190903527,0.7074216719677004,-0.0197082842605231,-0.0436224947448677,1.5697619244290792,-0.016128247603774,-0.0233372151851654,-0.0927619040012359,0.4550460577011108,-0.2529564499855041,9.828561782836914,51.41888919550126,8.220042104529835,494.3308410644531,2
00990.png,1763499385.321266,0.0123486615388582,-0.022333125024943,0.70522371796702,0.7085254051207988,-0.0140183600787098,-0.0490840177454617,1.5664696240367448,-0.0106179937720298,-0.0007965564727783,-0.0317557007074356,0.5876840353012085,-0.2616628408432007,9.729961395263672,51.418892873734734,8.22004203973351,494.3253479003906,15
00991.png,1763499385.573461,0.0111028055104767,-0.0205476011412215,0.7061360109903447,0.7076909337979267,-0.0133178351676609,-0.0447778458432571,1.5688949596556168,0.0177260525524616,0.0797834992408752,0.0445137023925781,0.5432186126708984,-0.1920000165700912,9.825121879577637,51.41889648914639,8.220041948946443,494.3218078613281,15
00992.png,1763499385.829214,0.0089675878025059,-0.019771840999521,0.7065573488449465,0.7073226770475373,-0.0152671296407302,-0.0406535703256377,1.5700241144901417,0.0128231644630432,0.0540286190807819,0.0295997429639101,0.4516879022121429,-0.2172470837831497,9.836318969726562,51.41890374748688,8.220041865955713,494.3301086425781,7
00993.png,1763499386.333636,0.0116040746211394,-0.0202866511719615,0.7060964434488156,0.707729898891765,-0.012236320317168,-0.0451174359612259,1.5687617262783755,0.0166208073496818,-0.0082013309001922,0.0424430295825004,0.5214686989784241,-0.1467022448778152,9.792803764343262,51.418910974278496,8.22004182791948,494.3274536132813,9
00994.png,1763499386.829483,0.0103953097232278,-0.020644538465691,0.706642825185971,0.7071928012787503,-0.014488121681974,-0.0439049842374112,1.5703364423128252,0.0432250499725341,-0.020260140299797,0.0395496860146522,0.4864620864391327,-0.2866163849830627,9.799626350402832,51.4189218269692,8.220041777954782,494.3149719238281,9
00995.png,1763499387.085224,0.0113974826251985,-0.0189538252356318,0.7069402650575198,0.706927373595866,-0.0106941143164025,-0.0429258160503044,1.5710441267649895,-0.031556736677885,-0.0249664932489395,-0.0449638813734054,0.4707298278808594,-0.2347115725278854,9.874431610107422,51.41892544843381,8.220041759018445,494.3131408691406,12
00996.png,1763499387.329267,0.0104909660581649,-0.0229621115210514,0.70732934461762,0.7064332093754295,-0.0176819143481428,-0.0473011692020216,1.5724823340233316,-0.0463110208511352,0.0086784958839416,0.0160687118768692,0.5778438448905945,-0.2335409820079803,9.771177291870115,51.41892908257161,8.220041766858925,494.3124694824219,8
00997.png,1763499387.577466,0.0074412100351068,-0.0233140758031374,0.7077985394823797,0.7059903043025939,-0.0225196651346537,-0.0434664639459807,1.5738438471935097,-0.0133606251329183,-0.0087575614452362,-0.0289035588502883,0.5418915152549744,-0.2370942234992981,9.841646194458008,51.41893268690748,8.220041805725769,494.3152160644531,14
00998.png,1763499387.829362,0.0087938013281312,-0.0246487602759167,0.7079643948669251,0.7057630787139337,-0.0225152495918825,-0.0472613584965009,1.5744426980061668,0.0326470881700515,-0.0010879039764404,0.0161522068083286,0.5362401008605957,-0.1949600726366043,9.809309005737305,51.418939929966086,8.220041897685707,494.310546875,9
00999.png,1763499388.081518,0.0127021299017171,-0.0242262290805178,0.7081442792283974,0.7055376853978756,-0.0164107560739248,-0.0521986174258813,1.5749124054179613,-0.0071135163307189,-0.0360650420188903,0.0584813058376312,0.56302809715271,-0.1478262543678283,9.754952430725098,51.41894358671963,8.220041913543678,494.3091735839844,7
01000.png,1763499388.329385,0.0146429975810348,-0.0247520497863524,0.7077981014894632,0.7058291338426937,-0.0143908119759756,-0.0556988026234559,1.5739829067367803,0.0384890139102935,0.0154438912868499,-0.0010324455797672,0.6420894861221313,-0.2425753623247146,9.767943382263184,51.418947229444335,8.22004187074826,494.30609130859375,5
01001.png,1763499388.573227,0.0173195344525104,-0.0236968487857748,0.7075588638179472,0.706044578845152,-0.0090925203796166,-0.0580037630054438,1.573202548587887,0.047900378704071,0.0638345181941986,0.0019706971943378,0.6140479445457458,-0.1602936834096908,9.799869537353516,51.418950835438224,8.220041839790797,494.3041076660156,18
01002.png,1763499389.077226,0.0129094471012022,-0.0218580679951233,0.7067203982799369,0.7070373750333918,-0.0126557985191037,-0.0491754984427782,1.5706591539330117,0.0340815484523773,0.0062992945313453,0.0812021344900131,0.543913722038269,-0.0797795727849006,9.78392505645752,51.41896156102171,8.220041593146874,494.2958068847656,17
01003.png,1763499389.325262,0.0152155842053265,-0.0174346871037168,0.7067605198498568,0.7070743138202987,-0.0031305420029128,-0.0461791984948656,1.5704247321061984,0.0857727527618408,-0.008555568754673,0.0079323872923851,0.5042048692703247,-0.0634886026382446,9.804131507873535,51.41896512142766,8.220041483684875,494.3004455566406,12
01004.png,1763499389.577219,0.0162841556385232,-0.0157403182726986,0.7077765534750291,0.7060732391238347,0.000715090063328,-0.0452942078721482,1.5731895981703925,-0.0173261910676956,-0.0139913382008671,0.0057070851325988,0.6318333745002747,-0.0767878293991088,9.714988708496094,51.41896866324496,8.220041359256685,494.2998962402344,7
01005.png,1763499389.82522,0.0140461841020186,-0.0156328770451884,0.7077715248074363,0.706128732271403,-0.0022942046972888,-0.0419729486490978,1.5731682544023533,0.003972128033638,-0.0082660987973213,0.0009170174598693,0.5056634545326233,-0.1248273327946662,9.823701858520508,51.41897578908527,8.220041116680473,494.2911987304688,8
01006.png,1763499390.077225,0.0150150685429436,-0.0162992840687619,0.7069516863800965,0.7069145593208801,-0.0018186559436512,-0.0442887357322367,1.5708891248651289,-0.0127053409814834,-0.0172722339630126,-0.0402522832155227,0.5690807700157166,-0.0577053241431713,9.76123332977295,51.41897934310006,8.220041067267768,494.2935180664063,8
01007.png,1763499390.32524,0.0138654345899624,-0.0162700905641178,0.7060200802470101,0.707869112311501,-0.0033472422044787,-0.04262564652197,1.5682521522069914,-0.0197899788618087,-0.042606770992279,0.0582207590341568,0.5089520812034607,-0.0628654882311821,9.863852500915527,51.418982890379006,8.220040968588796,494.292236328125,14
01008.png,1763499390.829232,0.0174919394367156,-0.0191034491782691,0.7064888234788514,0.7072500495466253,-0.0022534164710406,-0.0517606596513885,1.5697777614128794,-0.0016208887100219,0.0054160580039024,0.0856383293867111,0.6032311320304871,-0.0600701570510864,9.9317045211792,51.4189938055506,8.220040902034091,494.2874145507813,13
01009.png,1763499391.073214,0.0162440890735203,-0.0232956317192,0.7075067981411967,0.7061356623885858,-0.010038430891284,-0.0559144904727123,1.5730169107094654,0.0046429187059402,0.0085839033126831,0.0378627479076385,0.6564800143241882,-0.0711888372898101,9.73898983001709,51.41899746474831,8.220040910913895,494.2895202636719,13
01010.png,1763499391.325234,0.020752028430173,-0.0196642302261968,0.7088373786883262,0.7047923395865671,0.001376507772481,-0.0571691605535111,1.576479865357878,0.0820613801479339,0.002476118505001,0.0170429274439811,0.6517730951309204,-0.1757124066352844,9.82620620727539,51.41900114491126,8.220040905274239,494.28948974609375,9
01011.png,1763499391.581225,0.0202363287891711,-0.0209935591446572,0.7077632565592354,0.705847670631732,-0.0011513658613637,-0.058314614675386,1.573540107874745,-0.0586637258529663,0.0103009417653083,0.0049416571855545,0.6820319890975952,-0.1417553275823593,9.846038818359377,51.419004848684885,8.220040901835509,494.28753662109375,12
01012.png,1763499391.821204,0.0153797478011956,-0.0277091315476369,0.7060416319325544,0.707460869140098,-0.0173996589213649,-0.0609614885940814,1.5693187455247135,0.023594431579113,-0.0202865004539489,0.0188102275133132,0.5543882846832275,-0.1686025708913803,9.89800262451172,51.41901217692497,8.22004103202469,494.291259765625,15
01013.png,1763499392.575699,0.0171651243389035,-0.0243950894518365,0.7084587715654734,0.7051215548464018,-0.0103769260533985,-0.0587583777891558,1.5758229255085556,-0.0466541647911071,0.0052831918001174,0.0087441448122262,0.6808497309684753,-0.0964955687522888,9.874263763427734,51.41902315672381,8.220041342405809,494.2862548828125,7
01014.png,1763499392.825327,0.0173107382608239,-0.0269632764493892,0.7075442737995208,0.7059422219116007,-0.0137420156344,-0.0626061477989096,1.5734934493851342,0.0399379283189773,0.0228185728192329,0.0698428303003311,0.7196017503738403,-0.2199761271476745,9.791831970214844,51.419030440883226,8.22004142964605,494.2969970703125,7
01015.png,1763499393.073207,0.0192539170126611,-0.0254616860093457,0.7068385525121968,0.7066542647629698,-0.008800586464083,-0.0632461962317979,1.5713354783305142,0.0232567898929119,0.02756267786026,-0.0136701874434947,0.6701204776763916,-0.1221348047256469,9.784242630004885,51.41903411719916,8.220041436255592,494.302001953125,7
01016.png,1763499393.329448,0.0193984429729581,-0.0263628568286442,0.7064199977983628,0.7070357041201091,-0.0098364739995097,-0.0647310537275409,1.570243596189484,-0.0090613812208175,0.0344936586916446,-0.0302268676459789,0.6659545302391052,-0.2031124234199524,9.818822860717772,51.41903774341302,8.220041500242036,494.298828125,9
01017.png,1763499393.578148,0.0161002111210197,-0.0256748216435452,0.7061074366840205,0.7074559170683024,-0.0135019674846636,-0.0590989629523586,1.5692875092900909,0.0065978057682514,0.0014405995607376,-0.015801828354597,0.6990779042243958,-0.1893480867147445,9.775924682617188,51.41904132130088,8.220041549771103,494.2927856445313,15
01018.png,1763499393.829226,0.0184079034110902,-0.023669337594721,0.7065453862047038,0.7070321978401558,-0.0074301860287334,-0.0595171376123762,1.570328739476115,0.0409776717424392,0.0060200747102499,0.0165396854281425,0.6428441405296326,-0.1020867452025413,9.867347717285156,51.41904849033155,8.220041626182695,494.2945861816406,12
01019.png,1763499394.325251,0.019678542183065,-0.029618047045542,0.7063335842715556,0.7069854270045844,-0.0140501674271927,-0.0697347913650983,1.5703639979739716,-0.0479502528905868,-0.0269668251276016,0.0054049789905548,0.7493652701377869,-0.2599148452281952,9.76941967010498,51.419055710762855,8.220041718759285,494.3052062988281,14
01020.png,1763499394.581246,0.0187088652507785,-0.0285210205625576,0.7050757216696503,0.7083112002920187,-0.0137466844647897,-0.0668355979114414,1.566677563150641,0.0128207951784133,0.0689908564090728,-0.0381849855184555,0.7391711473464966,-0.1465064287185669,9.775813102722168,51.41905933693719,8.220041798205543,494.3079223632813,20
01021.png,1763499394.821238,0.0174384180401643,-0.0266311531800642,0.7065303297126287,0.7069664606278862,-0.0130002974015846,-0.0623365706043316,1.5705845657379596,0.0211188495159149,-0.0452823936939239,0.0844158381223678,0.743217945098877,-0.3285595178604126,9.808935165405272,51.41906651395848,8.220041898494136,494.3132934570313,19
01022.png,1763499395.077224,0.0241840977842741,-0.0345012386256361,0.7086446066875332,0.7043064782893375,-0.0148839487370634,-0.0829699141506087,1.5775546550201789,-0.0597913563251495,-0.1726510524749755,-0.011155366897583,0.9466022849082948,-0.1857282668352127,9.568480491638184,51.419070187444,8.220042048954857,494.3115539550781,2
01023.png,1763499395.321261,0.0234681338669057,-0.0415376271783622,0.7076699675157332,0.7049305563652901,-0.0258148592429591,-0.0919070058808133,1.575862042896905,-0.0191388800740242,0.0347505211830139,-0.000388067215681,0.9536199569702148,-0.284679114818573,9.776467323303224,51.41907387257568,8.22004219806065,494.3064880371094,13
01024.png,1763499395.573541,0.017855144700443,-0.0337512070261139,0.707278447937765,0.7059031427290524,-0.0225970520907202,-0.0729720287095107,1.5735675992429248,0.0072849914431571,0.0844202637672424,0.048138678073883,0.9145618081092834,-0.2278802245855331,9.868169784545898,51.419077539239865,8.220042310232692,494.3008117675781,13
01025.png,1763499395.82536,0.0209731240030477,-0.0358616080448741,0.7080961423463759,0.7048928474116967,-0.0212896050734989,-0.0803455744721623,1.5761861436671416,0.0095338597893714,-0.0506466031074523,-0.0042479038238525,1.0057239532470703,-0.2636812627315521,9.856823921203612,51.41908491889652,8.220042452240886,494.2946166992188,8
01026.png,1763499396.329227,0.0326981609498474,-0.0444031815941447,0.7080478332984413,0.7040081345383716,-0.0169410284147964,-0.1090400740057455,1.577442601080156,-0.0607073307037353,0.0336183309555053,0.0196887701749801,0.928107738494873,-0.260218858718872,9.751774787902832,51.41909246536753,8.220042498369917,494.28118896484375,18
01027.png,1763499396.58123,0.0238411066680427,-0.0458059904275998,0.706312777710855,0.7060139325226988,-0.0311987214707607,-0.0985171760428487,1.57275769594943,-0.0613763481378555,0.003531664609909,-0.0332442373037338,0.8607603907585144,-0.3739314675331116,9.726801872253418,51.41909615267079,8.220042586235452,494.2838134765625,15
01028.png,1763499397.321229,0.0209967159289291,-0.0347123569062472,0.7052778087346109,0.7077693146108546,-0.0193031963173724,-0.0788353527969155,1.5680312055304246,0.0078433156013488,0.0465290248394012,-0.0480599999427795,0.8549857139587402,-0.0407323874533176,9.80697250366211,51.41911035418608,8.220042505159663,494.28411865234375,14
01029.png,1763499397.577299,0.0341223466900819,-0.0177317797539609,0.7094732889067796,0.7036823869977962,0.0229259384486357,-0.0734388640338824,1.5781497408079272,0.1696996688842773,-0.100022941827774,-0.0101583674550056,0.8333123326301575,0.1514092832803726,9.99062156677246,51.41911387939131,8.220042210020408,494.2770690917969,7
01030.png,1763499398.077216,0.0310039931726139,-0.0292025741501444,0.7060476130168133,0.7068824019761831,0.0026049839925855,-0.0851690911514827,1.569503685372542,-0.0720734596252441,0.0850376486778259,-0.052895113825798,0.9205946922302246,-0.0110811898484826,9.751251220703123,51.4191245662604,8.220041104270765,494.2712097167969,7
01031.png,1763499398.329215,0.0283241170412405,-0.023990465942631,0.7043591415048046,0.7088726272866686,0.006378063652398,-0.0739805363621669,1.56417284656849,0.099133551120758,-0.0618428289890289,0.0030694976449012,0.8426080942153931,-0.0586023926734924,9.764092445373535,51.41912807099502,8.220040797925543,494.3009643554688,5
01032.png,1763499398.57347,0.0378035443486868,-0.0247858539087587,0.7057661940871975,0.7070011547121848,0.0185419257900862,-0.0885237553517957,1.5682267810268833,-0.0458220094442367,-0.0716241598129272,0.0351969599723815,0.8204557299613953,0.0622442029416561,9.518385887145996,51.41913162456466,8.220040438848462,494.3126220703125,8
01033.png,1763499398.829408,0.0424342285837322,-0.024693620454103,0.7089728993815899,0.7035246898978275,0.0248073673281709,-0.0950576710571157,1.5773305663234358,0.0119509696960449,0.0705171227455139,-0.0720852985978126,0.8131728172302246,-0.0482695773243904,9.760634422302246,51.41913882569425,8.220040008689553,494.3155822753906,7
01034.png,1763499399.329244,0.025726071664539,-0.0243052689086796,0.7081594175533816,0.7051649895382237,0.0018629046776329,-0.0707738380537,1.5749677953449115,-0.0749280899763107,-0.0791760683059692,-0.0410559773445129,0.8073771595954895,-0.0294441990554332,9.76211166381836,51.41914581905692,8.220039816916064,494.309326171875,7
01035.png,1763499399.577225,0.0277133955003885,-0.0221880364503469,0.7076946257717159,0.70562594581134,0.0077251929847863,-0.0705967771867776,1.573450926910645,-0.0412650927901268,0.0058884173631668,-0.0177962835878133,0.7622137069702148,-0.0312266759574413,9.884899139404297,51.41914930205311,8.220039934851023,494.30181884765625,14
01036.png,1763499399.825254,0.0240334496165515,-0.0224558733096118,0.708659121000414,0.7047839224020026,0.0020541005663712,-0.0657635160357864,1.5762120921979164,-0.0226516723632812,-0.0082770474255085,0.0337817221879959,0.7969154715538025,-0.0122477253898978,9.938264846801758,51.419156254792775,8.220040102631637,494.2869873046875,12
01037.png,1763499400.821243,0.0296164925721203,-0.0343846908510535,0.7107820173213343,0.7019469212521824,-0.0073316958954534,-0.0904976726018102,1.5836359857879476,-0.0600041151046752,0.1161937713623046,0.0260366201400756,0.888758659362793,0.0022458166349679,9.6099214553833,51.41917422844195,8.220040803274385,494.291259765625,7
01038.png,1763499401.081244,0.0231497434931656,-0.0288284961527146,0.7067346412199442,0.7065119631580844,-0.0080589112821429,-0.0735230280299266,1.5714078495043908,0.0648436546325683,-0.0715321004390716,0.0129376500844955,0.8392166495323181,0.0041494816541671,9.835701942443848,51.41917775706956,8.220040954286686,494.3016357421875,17
01039.png,1763499401.577227,0.0307683464291694,-0.0282694950426308,0.7066794363160656,0.7062990293042014,0.0035206433628801,-0.0835172058549543,1.571187670972644,-0.0118277072906494,0.0426766872406005,-0.0509805232286453,0.9081271290779114,-0.0487915687263011,9.878132820129396,51.41918487974341,8.22004116398006,494.2864379882813,8
01040.png,1763499401.825217,0.0263609884088968,-0.0317275227590005,0.7060244544334147,0.7069851005019004,-0.0075527211629182,-0.0821772372542095,1.569747117807403,-0.049665093421936,-0.0206715762615203,0.0749271661043167,0.79043048620224,-0.1595503836870193,9.89203929901123,51.41919206784011,8.2200414538955,494.28216552734375,4
01041.png,1763499402.081419,0.0219523829488744,-0.0364740106771693,0.7056105258148071,0.7073199596274228,-0.020489581966289,-0.0826713947224746,1.569224091632379,0.0613125264644622,0.05443075299263,0.0285797230899333,0.8890448808670044,-0.2489052414894104,9.71938133239746,51.41919565452011,8.220041675849663,494.2831115722656,7
01042.png,1763499402.32929,0.0224748769146498,-0.0306608217963522,0.7054703272532569,0.7077191613059706,-0.0114814810231457,-0.0751800197277947,1.5680454903398586,-0.0279008969664573,-0.0670299306511879,-0.0240354910492897,0.7674381136894226,-0.0897497162222862,10.041800498962402,51.41919922521301,8.22004186496213,494.2791137695313,5
01043.png,1763499402.833235,0.0229016481665658,-0.0368723900643163,0.7062422676700132,0.7066383804454136,-0.0197873013182247,-0.0845598521956733,1.571072742030577,-0.1299930810928344,0.0076794698834419,-0.0444716177880764,0.8104449510574341,-0.2618085741996765,9.790654182434082,51.4192100184071,8.220042335576577,494.2711791992188,12
01044.png,1763499403.325223,0.0176176451123094,-0.043548697677596,0.70190580280467,0.710718913143877,-0.0362359179378112,-0.0867423582597851,1.559891602503864,-0.0494834780693054,0.0126740559935569,-0.0711325854063034,1.1750012636184692,-0.4990015029907226,9.619491577148438,51.41921721525074,8.220042782390514,494.2878112792969,4
01045.png,1763499403.573217,0.0184065595083566,-0.0490559914220312,0.7015744250376685,0.7106673162638983,-0.0428802586123337,-0.0956981248062898,1.5599729214958185,0.0700277686119079,-0.0628208816051483,0.0440013594925403,1.002105951309204,-0.409598171710968,9.657529830932615,51.41922083480721,8.220043042127388,494.2823486328125,7
01046.png,1763499404.081288,0.0407519020157911,-0.0306272717417907,0.70340676260331,0.7089571066232996,0.0147715471083846,-0.1009284356742693,1.5621906340554623,0.124297022819519,0.1264201402664184,-0.0402269959449768,0.9352948069572448,-0.3301900923252105,9.895273208618164,51.41923186937426,8.22004335848802,494.2879028320313,5
01047.png,1763499404.573413,0.0602791387581804,-0.0042176825122077,0.6621018653283492,0.746973732144256,0.084885712885839,-0.0862296777491374,1.4468127860079618,0.1624326705932617,-0.0282621383666992,-0.371807336807251,0.9108093976974488,0.0296418331563472,9.872693061828612,51.41923882115505,8.220043581346534,494.28912353515625,5
01048.png,1763499404.83359,0.0794989778795569,-0.0052581720608353,0.6294602208919277,0.7729373159948807,0.117230983242143,-0.1084236708774052,1.3605201047859543,0.0942862629890441,-0.1826112270355224,-0.4555118083953857,1.009211182594299,0.2495542019605636,9.569864273071287,51.41924549963653,8.220044401626371,494.2749633789063,9
01049.png,1763499405.325281,0.0865610101498839,0.0061238002768509,0.4980881184864907,0.8627733867097365,0.1565510706456951,-0.0757354982304917,1.041194669672549,-0.0303404927253723,0.0614151358604431,-0.6150779724121094,0.8040803074836731,0.3838575184345245,9.88043212890625,51.41925167911174,8.220046597935102,494.2575378417969,7
01050.png,1763499405.577354,0.0914496035838304,0.0179050578401567,0.4377776314623796,0.8942410884651241,0.1804172711232593,-0.0480648095099651,0.90616037845863,0.1528576612472534,-0.0500691086053848,-0.5534377098083496,0.6959166526794434,0.4746931195259094,9.859945297241213,51.41925445592269,8.220048428963803,494.265869140625,7
01051.png,1763499405.82529,0.1089223521490302,0.0170729336116018,0.3747787247072989,0.9205353570868352,0.2152588655569655,-0.050232204657891,0.7678491594621758,0.050241619348526,-0.1990340948104858,-0.6432971954345703,0.7067451477050781,0.8256766200065613,9.825814247131348,51.41925958820753,8.220053706714273,494.2622680664063,7
01052.png,1763499406.073318,0.1198734353972082,0.004288373196992,0.3016065673648632,0.9458569912327016,0.2319000562357306,-0.0642410322433956,0.6098724983589762,-0.007554568350315,-0.0798181295394897,-0.4887137413024902,0.6204370856285095,0.8961770534515381,9.86344051361084,51.41926184011287,8.220057224521693,494.2519226074219,9
01053.png,1763499406.329225,0.1236150038999967,0.0070318697048408,0.2424995614691903,0.9622181905921902,0.2439732095327,-0.0464374707127202,0.488066449525644,0.0652517080307006,0.0112981870770454,-0.5563230514526367,0.4674376845359802,1.0454468727111816,9.629042625427246,51.419263790666655,8.220061180588768,494.2430114746094,17
01054.png,1763499406.581235,0.1131712251463195,0.0084664794936717,0.1638274034245767,0.9799393728241688,0.2265562444912336,-0.0204892562738171,0.3289674083315562,-0.1270635724067688,-0.0602446645498275,-0.5981612205505371,0.4062493741512298,1.014392375946045,9.769401550292969,51.41926536366446,8.220065553033551,494.2510986328125,15
