filename,timestamp,imu_orientation_x,imu_orientation_y,imu_orientation_z,imu_orientation_w,roll,pitch,yaw,imu_ang_vel_x,imu_ang_vel_y,imu_ang_vel_z,imu_lin_acc_x,imu_lin_acc_y,imu_lin_acc_z,gps_latitude,gps_longitude,gps_altitude,laser_distance
frame_000000.png,1763498206.433225,0.0,0.0,0.0,1.0,0.0,0.0,0.0,0.0,0.0,0.0,0.0,0.0,0.0,0.0,0.0,0.0,0
frame_000001.png,1763498207.429229,-0.033609203225066525,0.007534180512078683,-0.5160668514187866,0.855855514937707,-0.06536758054720151,-0.021794576866541352,-1.084508281902479,0.0028905142098665237,-0.0007823281921446323,0.0024039000272750854,0.3002387583255768,-0.6972706317901611,9.798579216003418,51.41841304754961,8.21874487595559,464.42901611328125,0
frame_000002.png,1763498207.925235,-0.03361389378164287,0.007552745562549517,-0.5160145411253126,0.8558867071794822,-0.06539610152899156,-0.021763644931300785,-1.0843871033536483,0.002801407128572464,0.0007476592436432838,0.001118173822760582,0.3021038770675659,-0.6959832310676575,9.80486011505127,51.418413055978,8.218744923718786,464.4281921386719,0
frame_000003.png,1763498208.677245,-0.03359525739532956,0.007546694950686038,-0.5157096678572202,0.8560712263325164,-0.06536563425043836,-0.021731491700570735,-1.083675337530687,0.003565903753042221,-0.0018457286059856415,0.0018344167619943619,0.3109738230705261,-0.6956794857978821,9.800411224365234,51.41841304331966,8.218744818149434,464.4299621582031,0
frame_000004.png,1763498208.933218,-0.033606652788261394,0.007535277818524473,-0.5154913479781366,0.8562023607981063,-0.06537894509411374,-0.021746146078353512,-1.083165059711182,0.0027702990919351578,0.00021964125335216522,-0.0004393826238811016,0.30858007073402405,-0.6988746523857117,9.802729606628418,51.41841302867159,8.218744827141132,464.43255615234375,0
frame_000005.png,1763498209.430406,-0.033643580490857854,0.007523892281227675,-0.515387472103623,0.8562635424536845,-0.06543319511130806,-0.021795816158237603,-1.082921602180841,0.0033809076994657516,-0.0004934186581522226,0.0018186685629189014,0.3129954934120178,-0.7019798755645752,9.796616554260254,51.418413074742155,8.218744885871628,464.42791748046875,0
frame_000006.png,1763498209.677241,-0.0336346172377692,0.007521328828074983,-0.515322622989672,0.8563029466088348,-0.06541682526826734,-0.021786009622827455,-1.082770248575999,0.00341610424220562,-0.0008988305926322937,0.002721034921705723,0.2999706566333771,-0.7018665671348572,9.799178123474121,51.41841305988338,8.218744884275793,464.428466796875,0
frame_000007.png,1763498210.181527,-0.03361644302073221,0.007544045749200998,-0.5154952934689361,0.8561995237932238,-0.06540467281036118,-0.021741532373829555,-1.0831746232933148,0.0036310330033302307,-0.0004095016047358513,0.0016823383048176765,0.30940428376197815,-0.6990744471549988,9.797924995422363,51.418413075947186,8.218744934432255,464.42584228515625,0
frame_000008.png,1763498210.425366,-0.033613440706969644,0.007536474245696519,-0.5154863463424832,0.8562050951111307,-0.06539194803575285,-0.021750719160496815,-1.083153371204071,0.004152834415435791,-0.0012503087054938078,0.001473037526011467,0.3053668141365051,-0.7023186683654785,9.799009323120117,51.41841304328174,8.218744922706007,464.4212951660156,0
frame_000009.png,1763498210.681321,-0.03362109418919198,0.007557624758680883,-0.5155563521397478,0.8561624566061541,-0.0654250966346066,-0.021727737742130673,-1.0833177949334711,0.002673109993338585,-0.0010438653407618403,0.00041398312896490097,0.3005729019641876,-0.6958033442497253,9.795626640319824,51.418413038758594,8.218744918196998,464.421630859375,0
frame_000010.png,1763498210.925355,-0.03361727208646273,0.007560949703634703,-0.5156722555937212,0.8560927729328918,-0.06541903235548055,-0.02172694961674257,-1.0835885241257672,0.0037434808909893036,-0.0015407707542181015,0.0015777990920469165,0.3027978241443634,-0.6957963109016418,9.800691604614258,51.41841305552612,8.21874494184659,464.420654296875,0
frame_000011.png,1763498211.42555,-0.03359774174041832,0.007596427708336513,-0.5158070546965461,0.8560120141454151,-0.06541870326867316,-0.02165633040867635,-1.0839053031562107,0.002959713339805603,-0.0007979371584951878,0.002452373504638672,0.3078446686267853,-0.7020289301872253,9.797813415527344,51.418413080196935,8.218744867565253,464.42919921875,0
frame_000012.png,1763498211.67344,-0.033636979916572204,0.0075551970056539075,-0.5157569206800329,0.8560410453657863,-0.06544475544336935,-0.02176361091246144,-1.083785591294047,0.00301179476082325,-0.0030390010215342045,0.0013258792459964752,0.3107869029045105,-0.6956421136856079,9.799776077270508,51.41841305007758,8.218744882261662,464.4286193847656,0
frame_000013.png,1763498211.925266,-0.03365184504295206,0.007550698953926347,-0.5157751676519203,0.856029506912084,-0.06546514823698252,-0.02178805366018993,-1.083827762427909,0.0033772215247154236,-0.0011854260228574276,0.0009423568844795227,0.30565303564071655,-0.7011725902557373,9.79250431060791,51.418413059024594,8.218744862322625,464.42425537109375,0
frame_000014.png,1763498212.433232,-0.033654411182499615,0.0076040448156047095,-0.5158569087136607,0.8559796778211428,-0.06552247885961654,-0.021705609704703855,-1.084021414125397,0.003253057599067688,-0.000653357245028019,-3.660563379526138e-05,0.3076822757720947,-0.6987449526786804,9.796112060546875,51.418413070767,8.218744900513071,464.4291687011719,0
frame_000015.png,1763498212.929233,-0.03363901691147819,0.007631389168801051,-0.5160394753895187,0.8558699891223515,-0.06551966698459086,-0.021656860225057518,-1.0844492637975212,0.0033924877643585205,-0.0007332116365432739,0.0013341177254915237,0.29903197288513184,-0.6949528455734253,9.800037384033203,51.418413080494915,8.218744918255647,464.43017578125,0
frame_000016.png,1763498213.177283,-0.033653766584756876,0.0076344997420207455,-0.5160777709728794,0.855846290355933,-0.0655471983355068,-0.021669701010501384,-1.0845386626560949,0.003002334386110306,-0.0018526986241340637,0.002636456862092018,0.305984228849411,-0.7027170062065125,9.795140266418457,51.418413085675404,8.218744921173014,464.4292297363281,0
frame_000017.png,1763498213.685233,-0.03362656784360167,0.0076235920147082956,-0.5162638450333208,0.8557352260432337,-0.06548460953720579,-0.02167450696563335,-1.0849728373443852,0.004300016909837723,0.0005005337297916412,0.002196516841650009,0.30662792921066284,-0.7028677463531494,9.79680347442627,51.4184130872035,8.218744912802496,464.4284362792969,0
frame_000018.png,1763498214.425292,-0.03364999390076427,0.007612704431002812,-0.5163460168181643,0.8556848225589495,-0.06551145339247205,-0.02172363793610684,-1.0851638430731079,0.004448056221008301,-0.0012087663635611534,0.001865258440375328,0.30568748712539673,-0.6979003548622131,9.800280570983887,51.418413073484864,8.218744868612815,464.432373046875,0
frame_000019.png,1763498214.673523,-0.03364392815024998,0.007632915632746625,-0.5163677648798296,0.8556717572121761,-0.06552136536021548,-0.02168443864819259,-1.0852157919795526,0.0031088050454854965,-0.0013077883049845695,0.0006591826677322388,0.3000939190387726,-0.7009459733963013,9.802392959594727,51.41841309392885,8.21874491462043,464.43182373046875,0
frame_000020.png,1763498215.181519,-0.03364442024446917,0.007642420652323372,-0.5163000386627467,0.8557125197575601,-0.06553373106976072,-0.021663495311126338,-1.0850581562952826,0.004577863961458206,-0.0012117642909288406,0.002150723710656166,0.3036494851112366,-0.7002310156822205,9.80059814453125,51.41841309443906,8.218744887813436,464.4324951171875,0
frame_000021.png,1763498215.433275,-0.03365128219821902,0.007632648852347592,-0.5163313850201314,0.8556934233246773,-0.06553461702267471,-0.02168971203028022,-1.085130740594392,0.00428701750934124,0.0007118341745808721,0.0015876665711402893,0.30424121022224426,-0.6995311975479126,9.797607421875,51.41841305119253,8.218744866555824,464.4302978515625,0
frame_000022.png,1763498215.673579,-0.03364712110986542,0.007649223306844592,-0.5163769281562872,0.8556659562537806,-0.0655434395604394,-0.021660527864940677,-1.0852380345490982,0.00244753435254097,-0.0008955849334597588,0.0016955658793449402,0.3074001371860504,-0.7001176476478577,9.795907020568848,51.41841307872192,8.218744872885543,464.4305114746094,0
frame_000023.png,1763498215.929367,-0.03365128326363341,0.007634127886114332,-0.5163411697633511,0.8556875058299866,-0.06553589784221898,-0.021687930400686534,-1.0851536686009087,0.003606704995036125,-0.0008173864334821701,0.0015567047521471977,0.3092938959598541,-0.696850061416626,9.799065589904785,51.41841305630408,8.218744867508734,464.4353942871094,0
frame_000024.png,1763498216.177368,-0.03365512379178443,0.007654378404268116,-0.5164248288055966,0.8556366865246688,-0.0655612687870167,-0.02166364360154449,-1.0853500751763108,0.002898579463362694,0.00010982900857925415,0.001623113639652729,0.30632534623146057,-0.7066996097564697,9.798317909240723,51.41841306568551,8.218744874331756,464.4324951171875,0
frame_000025.png,1763498216.425475,-0.033661907135012686,0.007651607325258177,-0.5163706225639706,0.8556691586508604,-0.06557140640220456,-0.02167124733496251,-1.0852232646482536,0.005491346120834351,0.00014240341261029243,0.001441306434571743,0.3042166531085968,-0.6988220810890198,9.796748161315918,51.4184130773256,8.218744874011623,464.43206787109375,0
frame_000026.png,1763498216.673283,-0.033662032111297556,0.007674455850962432,-0.5163867318075499,0.8556592274583656,-0.06559479774734925,-0.02163350297092711,-1.0852621192649239,0.0023037325590848923,-0.0007693059742450714,-0.000193851999938488,0.30628037452697754,-0.6951911449432373,9.796280860900879,51.41841309355547,8.2187449074556,464.4293518066406,0
frame_000027.png,1763498216.925224,-0.0336532678828728,0.007686251211864009,-0.5162827796569422,0.8557221923806889,-0.06559456797990762,-0.021596292609948997,-1.0850201291286303,0.0020713340491056442,0.00021174456924200058,0.0013037873432040215,0.30917295813560486,-0.6986386775970459,9.793140411376953,51.41841309084931,8.218744897156952,464.4324035644531,0
frame_000028.png,1763498217.185231,-0.03364293991464817,0.007701434158999264,-0.5163295005090439,0.8556942721614275,-0.06559135617936815,-0.021563209538285978,-1.0851301687082673,0.0032465793192386627,0.001583246630616486,0.00197676382958889,0.29968851804733276,-0.6992321610450745,9.797289848327637,51.41841309104937,8.218744891649262,464.4351501464844,0
frame_000029.png,1763498217.4333,-0.03363453205620457,0.007700966994168147,-0.5162487213983965,0.8557433441255828,-0.06557849098951248,-0.021549133579598492,-1.0849416250322157,0.0028594546020030975,-0.0010935040190815926,0.0027593541890382767,0.3117857575416565,-0.7006807923316956,9.80263614654541,51.41841303864216,8.218744828760224,464.4344177246094,0
frame_000030.png,1763498217.685228,-0.033622455896253754,0.007679027692663405,-0.5163147812692722,0.8557041601137996,-0.06553348560322285,-0.021579264783674487,-1.085094823603853,0.0025640688836574554,-0.000467556354124099,0.0027741692028939724,0.3017183542251587,-0.6963792443275452,9.803794860839844,51.41841307346233,8.218744872361642,464.428955078125,0
frame_000031.png,1763498219.177248,-0.03360174462867616,0.007652921662500133,-0.516636877335158,0.855510778731229,-0.06546291634326173,-0.02162717281725992,-1.0858458398333175,0.005232313647866249,-0.0016941418871283531,0.0009259264916181564,0.3075105547904968,-0.6975895762443542,9.801158905029297,51.418413087431595,8.218744870487267,464.4311218261719,0
frame_000032.png,1763498219.425219,-0.033578691227928996,0.007677559339821224,-0.5167725411858295,0.8554295220848664,-0.0654454350046658,-0.021571542304626472,-1.0861643101138876,0.0027334634214639664,-0.0009721091482788324,-0.0007431781850755215,0.3003807067871094,-0.693478524684906,9.800354957580566,51.41841309603659,8.218744868987747,464.4320068359375,0
frame_000033.png,1763498219.681228,-0.033566878367251377,0.007689148431158541,-0.5168146581244168,0.8554044369892079,-0.06543610356772177,-0.02154271241468668,-1.0862634536608047,0.0025444813072681427,-0.0017870236188173294,0.001466226764023304,0.2982539236545563,-0.6982437968254089,9.801289558410645,51.41841309387594,8.21874484833762,464.4263000488281,0
frame_000034.png,1763498220.177254,-0.03361281695424637,0.007690622217121212,-0.5169293583091975,0.8553333101103658,-0.06551346134228533,-0.021596491841288777,-1.0865309266195502,0.002649866044521332,-0.0031036478467285633,0.0017573684453964233,0.30981025099754333,-0.6970311403274536,9.800971984863281,51.418413094585055,8.218744864665503,464.4274597167969,0
frame_000035.png,1763498220.433213,-0.03361688075475709,0.00769316726741759,-0.5168963549022507,0.8553530725931149,-0.06552388628708636,-0.021593815864970684,-1.086453920653382,0.0029624421149492264,-0.0026849876157939434,0.0007239021360874176,0.30459752678871155,-0.699469268321991,9.795701026916504,51.418413051706075,8.218744884726208,464.42852783203125,0
frame_000036.png,1763498220.937208,-0.03360223026941887,0.007683598500198489,-0.5165772112105312,0.8555465138103006,-0.06549693039441432,-0.02157061371650935,-1.0857081452369748,0.004435623064637184,-0.0003259219229221344,0.0005027316510677338,0.306546151638031,-0.6986725330352783,9.796635627746582,51.4184130555459,8.218744887094864,464.4258728027344,0
frame_000037.png,1763498221.425263,-0.03361228430874937,0.007694237200932761,-0.516503235655537,0.855590685208064,-0.06552700872710751,-0.021557141447674257,-1.0855358422159544,0.0037559494376182556,-0.0007042298093438148,0.0018460196442902088,0.3021184802055359,-0.7025149464607239,9.800261497497559,51.41841307496668,8.218744901381376,464.4233093261719,0
frame_000038.png,1763498222.429225,-0.03358609567525117,0.007701203669336397,-0.5164148479360073,0.8556450025977869,-0.06549153005814919,-0.0215113831042492,-1.0853301198502452,0.0031337961554527283,0.00036898290272802114,0.0004695039242506027,0.29974809288978577,-0.7043362259864807,9.797551155090332,51.41841305595039,8.218744854906666,464.430908203125,0
frame_000039.png,1763498222.681234,-0.03360370686452155,0.0076934289829364184,-0.516307832584216,0.8557089598967846,-0.06551638165472212,-0.021534706281661604,-1.0850796002118006,0.00371527299284935,0.0002942923456430435,0.0027652736753225327,0.3072582185268402,-0.6923721432685852,9.801458358764648,51.41841307437419,8.21874485955811,464.4306945800781,0
frame_000040.png,1763498223.425259,-0.03357858784752808,0.007734591778160969,-0.5163835685082142,0.8556638736693946,-0.06551390821470209,-0.02144408398007815,-1.0852589788708091,0.00269455648958683,-0.0017652381211519241,0.0012165289372205734,0.3048036992549896,-0.6961082220077515,9.797813415527344,51.4184130883241,8.218744884817543,464.43121337890625,0
frame_000041.png,1763498223.68124,-0.03360234105195594,0.007759235715475141,-0.5162372375868105,0.8557510102042991,-0.06558371977840587,-0.02141524868562584,-1.0849183586037008,-0.005472540855407715,0.022629335522651672,0.005757540464401245,0.23097901046276093,-1.048250675201416,9.57541561126709,51.418413067174704,8.21874485540174,464.4259338378906,0
frame_000042.png,1763498223.933262,-0.033647703534679475,0.007455938953230302,-0.515946719258987,0.8559271136650924,-0.06535596059235983,-0.02195912863444169,-1.08422316567625,0.009372180327773094,-0.013024106621742249,0.0007328987121582031,0.3498944044113159,-0.7106950283050537,9.7941312789917,51.41841306502783,8.218744824351148,464.4278564453125,0
frame_000043.png,1763498224.17729,-0.033581382263615386,0.007456343464156196,-0.5154316751149366,0.856239967529909,-0.0652557846076863,-0.02185071639745161,-1.0830218636228994,-0.0008222833275794983,-0.013781309127807617,0.040866196155548096,0.3755751848220825,-0.7613819241523743,9.800971984863281,51.41841305257394,8.218744812842445,464.4245910644531,0
frame_000044.png,1763498224.433262,-0.03362409739215135,0.007594753549345975,-0.5164556009179554,0.8556198642350243,-0.06544575463163867,-0.02173597434215947,-1.0854190776193413,-0.023990660905838013,0.04034554958343506,0.012118935585021973,1.0263926982879639,0.36870938539505005,9.926488876342773,51.418413085584575,8.218744884340287,464.42547607421875,0
frame_000045.png,1763498224.681527,-0.03407445887815611,0.0064482621474974185,-0.5146109489969946,0.8567221967124762,-0.06508609409998996,-0.02402375139622079,-1.081048105992907,0.10713410377502441,-0.11629867553710938,-0.14354269206523895,-0.6400987505912781,0.11443018913269043,10.121194839477539,51.418413073953204,8.218744906259094,464.4259948730469,0
frame_000046.png,1763498224.933208,-0.03384649144008775,0.007382725118079417,-0.5144768831243421,0.8568042058239962,-0.06565941742138529,-0.022177192827280704,-1.0807873656455687,-0.10819560289382935,0.048438191413879395,0.027004629373550415,2.2805287837982178,-1.1644974946975708,9.840487480163574,51.41841305940028,8.21874488531002,464.42816162109375,0
frame_000047.png,1763498225.1852,-0.03380177335496413,0.007615434629948583,-0.513974299834535,0.8571055153148042,-0.06583467430706443,-0.02169372507602533,-1.0796286701064846,-0.01614561676979065,-0.021364927291870117,-0.019512802362442017,0.18523672223091125,-0.9431825280189514,10.086661338806152,51.4184130446231,8.218744929582533,464.4247741699219,0
frame_000048.png,1763498225.929217,-0.033697353458041625,0.007935369070678074,-0.514415042514948,0.8568422738882462,-0.06597326316808495,-0.02107169099346743,-1.08067505075736,0.05342361330986023,-0.06718707084655762,-0.13596129417419434,0.2520410418510437,-0.756031334400177,9.639361381530762,51.4184131095831,8.21874490946753,464.43267822265625,40
frame_000049.png,1763498226.181198,-0.03391792446042612,0.007772971562161687,-0.5137074630838256,0.8572594692888325,-0.0662026603979606,-0.021522536474470506,-1.079013928911346,0.004930105060338974,-0.0014089345932006836,0.0032819360494613647,0.40771612524986267,-0.5505616664886475,9.551844596862793,51.41841307759358,8.218744917755721,464.42913818359375,49
frame_000050.png,1763498226.433207,-0.03378133153648543,0.008080963841334497,-0.5135401561020019,0.8573622500050657,-0.0662883969680689,-0.020841022536138044,-1.0786426799226974,-0.003880143165588379,0.022089604288339615,-0.06615251302719116,0.2058762162923813,-0.877753734588623,9.848244667053223,51.418413063015144,8.218744911065585,464.4326477050781,49
frame_000051.png,1763498226.925207,-0.033824750801804596,0.007770854253111947,-0.5139150002359739,0.8571387709057569,-0.06603528491130749,-0.021446336691807195,-1.0794986631505212,-0.010014168918132782,-0.0034423470497131348,-0.00890214741230011,0.3646155297756195,-0.7892459034919739,9.798168182373047,51.418413066445474,8.218744908408885,464.4261169433594,62
frame_000052.png,1763498227.177202,-0.033843578293359114,0.0076866823789274175,-0.5137050855230025,0.8572646103917456,-0.06598642842351639,-0.021593873161646748,-1.0790045339857537,0.014024142175912857,-0.00039273500442504883,-0.031733691692352295,0.0870557352900505,-0.8929929733276367,9.71171760559082,51.41841306930561,8.218744895246209,464.4288330078125,79
frame_000053.png,1763498227.933216,-0.020590003192581172,0.005804984884732859,-0.5056922182843835,0.8624486850158896,-0.04140095884086445,-0.010811616246085242,-1.0604128180897157,0.30036139488220215,0.11756634712219238,0.039748966693878174,0.2451370358467102,0.302437424659729,10.251935958862305,51.41841307810394,8.218744960848216,464.4329528808594,107
frame_000054.png,1763498228.185198,0.007413166417776642,0.00942742622178105,-0.4950766942048345,0.8687665022626666,0.0035470287783472706,0.023722861094987165,-1.0358860919832957,0.26856517791748047,-0.137080579996109,0.032065898180007935,-0.08562053740024567,-0.42076781392097473,10.428313255310059,51.4184131182754,8.218745220060107,464.42938232421875,117
frame_000055.png,1763498229.433227,0.021939801535352178,-0.01107676277894377,-0.49309877536441055,0.8696260967617329,0.04910259151984203,0.002371696800667381,-1.0315804898106973,0.017506912350654602,-0.14195787906646729,0.06041589379310608,-0.06036718189716339,0.27342739701271057,9.957592964172363,51.41841363966511,8.218748232289341,464.7630310058594,210
frame_000056.png,1763498229.925226,0.016455232025260523,-0.007610358599984516,-0.49117861138500357,0.8708701852164156,0.03614485536122054,0.0029096513308579496,-1.0270174384195996,0.0451539009809494,0.13346803188323975,0.009300202131271362,0.0018588334787636995,0.3759595453739166,10.046286582946777,51.418413691002826,8.218748466130382,464.8330993652344,256
frame_000057.png,1763498230.177197,0.02950773607709863,0.00041430879485527535,-0.4916120587816897,0.8703141418592802,0.050999285832579275,0.029738258419331823,-1.02761346048346,0.044944941997528076,-0.0330398753285408,-0.0023658350110054016,-0.19799599051475525,0.3654598891735077,10.027649879455566,51.418413813450265,8.21874854847943,464.8967590332031,285
frame_000058.png,1763498231.425219,0.035669484923881514,-0.006450239279962722,-0.494456477614083,0.8684462412861086,0.06840592685257754,0.02407296864294075,-1.0343433448201516,0.0872420072555542,0.07178649306297302,-0.033860739320516586,-0.12316564470529556,0.4273754358291626,10.012322425842285,51.41841444888011,8.218748507499155,465.3735046386719,455
frame_000059.png,1763498231.677199,0.033901534199379885,-0.004649247488099821,-0.4938596434338902,0.8688680699991648,0.0635673793840454,0.02540876771761461,-1.0329035754974827,-0.10915297269821167,-0.06473654508590698,-0.025777623057365417,-0.15934842824935913,0.6068024635314941,10.071632385253906,51.418414439466915,8.218748362896036,465.4646911621094,504
frame_000060.png,1763498231.929209,0.02305760510913422,-0.0034437090269256337,-0.4941410333174912,0.8690691151494748,0.04350051740485527,0.0168025659381832,-1.0336366033347206,-0.05359026789665222,0.030685260891914368,-0.0244922898709774,0.01498114038258791,0.4068843126296997,10.020585060119629,51.418414432444955,8.218748254395384,465.5653381347656,547
frame_000061.png,1763498232.181192,0.02731799681650826,-0.002951851786217197,-0.49386000277686265,0.8691071920529727,0.05043355247359836,0.02185332009750212,-1.0329244782370177,0.04806855320930481,0.020036399364471436,0.03822064399719238,-0.06605083495378494,0.46029558777809143,10.013276100158691,51.41841430786971,8.21874802553648,465.678466796875,584
frame_000062.png,1763498232.433257,0.027012263737108622,-0.00542303542342543,-0.49175370759447445,0.870298350774998,0.05238268556528406,0.01712828161405339,-1.0281855673284195,-0.04200470447540283,-0.0660090446472168,0.014843598008155823,-0.1175616905093193,0.6013356447219849,10.152120590209961,51.41841422591729,8.2187476970478,465.9188537597656,644
frame_000063.png,1763498232.68524,0.02312523593703395,-0.006030130639161971,-0.4927377249017937,0.8698496395618818,0.04619342088247614,0.012299048431069382,-1.0305056940926467,0.04662474989891052,0.03786678612232208,-0.015834659337997437,-0.1874317228794098,0.4941287338733673,9.857403755187988,51.41841413998883,8.218747695231746,466.064453125,703
frame_000064.png,1763498232.925664,0.0312529775843712,-0.004937044776593745,-0.4931667681856202,0.8693591983399817,0.05925902726717317,0.022243563543258214,-1.0313612213593009,0.006062142550945282,0.02015034854412079,0.03828975558280945,-0.14473608136177063,0.5809309482574463,9.930956840515137,51.41841416168795,8.218747604023894,466.2011413574219,704
frame_000065.png,1763498233.19153,0.03317071344979461,-0.005856689267995928,-0.49315907975943446,0.8692867910021856,0.06350507675340115,0.02253649944335538,-1.0313627573346886,0.025226250290870667,-0.018823280930519104,-0.0165373757481575,-0.11240094155073166,0.6152418851852417,9.832636833190918,51.41841416404953,8.218747638227885,466.3529357910156,734
frame_000066.png,1763498233.685559,0.005172816124785756,0.008694423529045358,-0.4940795178629782,0.8693578543966367,0.00040266588898602284,0.02023007561430697,-1.0336056516924537,-0.5549969673156738,-0.007705897092819214,0.028122756630182266,-0.15530116856098175,0.8650081157684326,9.996583938598633,51.41841435266349,8.218747665050234,466.7972412109375,735
frame_000067.png,1763498233.933617,-0.05209792116170163,0.04225323415531479,-0.49672158820706147,0.8653138936958654,-0.1325563292469951,0.02136992332915017,-1.0436379588389901,-0.15004920959472656,-0.0022657993249595165,-0.011465862393379211,-0.1570512056350708,0.3491966724395752,9.941909790039062,51.41841446703781,8.218747834141112,466.98046875,724
frame_000068.png,1763498235.185417,-0.015251139225660766,0.018168305291292687,-0.4954293441893586,0.8683242944610405,-0.044508800051678656,0.016440978609717185,-1.0373450854783166,0.3565645217895508,0.057627975940704346,0.03900918364524841,-0.11681437492370605,0.21901436150074005,10.042248725891113,51.418421477456455,8.218766049937637,467.96875,729
frame_000069.png,1763498235.677418,0.0032200366021987266,0.008763305233731354,-0.49840725035723465,0.8668927549801082,-0.0031530761517715136,0.018404509808182198,-1.0436003329204897,0.04091104865074158,-0.05331796407699585,-0.030780479311943054,-0.06583430618047714,-0.02442331053316593,9.916638374328613,51.41842857394067,8.218784859843034,468.51263427734375,733
frame_000070.png,1763498235.929433,0.008466801674803723,0.0045951464891427745,-0.4981897098336425,0.8670145390441926,0.010104702521837603,0.016405000389517612,-1.0429898206781316,0.0060322582721710205,0.039072901010513306,0.012208729982376099,-0.04221431538462639,0.06094254553318024,9.850262641906738,51.418431050612455,8.218791393667976,468.72857666015625,722
frame_000071.png,1763498236.17725,0.013599588534890728,0.005291293722558365,-0.4965542449101318,0.8678830193431325,0.01835663191266954,0.02269226224717033,-1.0391625678603869,0.06539368629455566,-0.025888264179229736,0.015753846615552902,-0.09557271748781204,0.047305718064308167,9.819589614868164,51.41843352493934,8.218797989939038,468.9305419921875,726
frame_000072.png,1763498236.681263,0.027729327458299473,-0.008750041054929152,-0.4962663904905766,0.8676832318592437,0.05684017309451114,0.012338051723493046,-1.0387187152202275,0.05837196111679077,0.016663312911987305,-0.006221320480108261,-0.1682804375886917,0.032212771475315094,9.917909622192383,51.41844078703806,8.218817528359114,469.5274353027344,730
frame_000073.png,1763498236.929233,0.03511976074854499,-0.005631675224803584,-0.49643130508038397,0.8673470158911679,0.06658366850088752,0.025102500170035694,-1.0388539490864814,0.031426265835762024,0.06749239563941956,0.0180429145693779,-0.18430094420909882,0.12014929205179214,9.857982635498047,51.41844311440874,8.21882361181404,469.73834228515625,738
frame_000074.png,1763498237.177676,0.13671063645925963,-0.06082204614792288,-0.49230233442434695,0.8574667877542679,0.2989014450391826,0.030304800214230893,-1.037805616478042,0.9648647308349609,-0.06543263792991638,0.08397740125656128,-0.23240427672863007,0.9857760667800903,10.08989429473877,51.41844535545493,8.21882946397549,469.9603576660156,733
frame_000075.png,1763498237.429237,0.1421789211944018,-0.07064608368753851,-0.4845182154938127,0.8602536742625986,0.3184761960860658,0.016230160770642234,-1.0232767262629596,-0.48826122283935547,0.024093158543109894,0.009767651557922363,-0.09220027178525925,0.7445486187934875,9.90654468536377,51.41844903640346,8.218839034330696,470.2864685058594,740
frame_000076.png,1763498237.925282,0.07303599756338212,-0.01627300307215403,-0.4918087361717666,0.8674820456102045,0.14334755659599557,0.0436202388991926,-1.0283767956623042,-0.0406394898891449,-0.009270161390304565,0.02074192464351654,-0.20882517099380493,0.4007813632488251,9.157808303833008,51.418450976352126,8.218843319992576,470.6960754394531,733
frame_000077.png,1763498238.181256,0.0629300503980683,-0.014712732707844125,-0.4923929764741842,0.8679703341543751,0.1241324676005658,0.0364402628589258,-1.0297801802087698,-0.06903547048568726,-0.09143561124801636,-0.011183202266693115,-0.09310975670814514,0.3414932191371918,8.422239303588867,51.4184515602101,8.218844702025512,470.8135070800781,730
frame_000078.png,1763498238.433225,0.0475061431882795,-0.016511597358485022,-0.4926540234103541,0.8687707101011383,0.0989907163899915,0.0181195923194437,-1.030811290853422,-0.1242418885231018,-0.036968499422073364,0.008876249194145203,-0.0385601706802845,0.502072274684906,9.145059585571289,51.41845227329425,8.218846456411615,470.9413146972656,734
frame_000079.png,1763498238.685302,0.04379173630980303,-0.012935080891219012,-0.49305923755903325,0.8687966135816918,0.08898418830405472,0.02070941155925582,-1.0314669603897717,0.02629953622817993,0.02627187967300415,-0.04621326923370361,-0.13953562080860138,0.37861499190330505,9.607995986938477,51.41845250178779,8.218846977931959,470.9492492675781,724
frame_000080.png,1763498238.925246,0.04548869895698511,-0.011650537554476828,-0.49360992335174353,0.8684148126388554,0.09065946100999979,0.024674851433337433,-1.032605914257046,-0.011371567845344543,0.019462570548057556,-0.03235183656215668,-0.15105004608631134,0.49285826086997986,9.757475852966309,51.418452645677505,8.21884729470765,470.94256591796875,723
frame_000081.png,1763498239.185215,0.041116783464253744,-0.006575067732224012,-0.49518043585087945,0.8677917460729869,0.077985793740159,0.02931307222361474,-1.0359309932805347,-0.07317683100700378,-0.03571828082203865,-0.00988006591796875,-0.120847687125206,0.5280617475509644,9.89932918548584,51.41845271227136,8.218847425757385,470.934814453125,733
frame_000082.png,1763498239.677925,0.024991873819887257,-0.011549133370909612,-0.49334341399132675,0.8693988150628769,0.05487930629511469,0.004577562955765364,-1.032163166923195,-0.0297701358795166,0.018509283661842346,0.019194889813661575,0.09971650689840317,0.7715024948120117,9.819794654846191,51.41845256677723,8.218847312656552,470.9334411621094,728
frame_000083.png,1763498239.933689,0.03540141926821287,-0.012767125037180372,-0.49441320030334857,0.8684119571942122,0.07418462918264175,0.012831962056102684,-1.0346495600771568,0.13507485389709473,-0.024092379957437515,0.03924355283379555,0.029685989022254944,0.8453359603881836,9.857721328735352,51.418452530546375,8.218847338872797,470.93206787109375,730
frame_000084.png,1763498240.177286,0.03647915655019027,-0.018691530113396942,-0.4938638169756474,0.8685726383680589,0.08192386251052704,0.0035615752660510223,-1.0338649875173829,-0.06216001510620117,-0.0007956624031066895,-0.03524995595216751,0.04589211568236351,0.8946560025215149,9.841944694519043,51.41845255169536,8.218847486001374,470.93072509765625,730
frame_000085.png,1763498240.43324,0.040530477184887594,-0.015296079076097192,-0.4938661688109334,0.8684581266175553,0.08561879684076308,0.013465661554388178,-1.0335515410320306,0.1616971492767334,0.032279402017593384,0.010275835171341896,-0.0340159647166729,0.9409643411636353,9.708259582519531,51.41845272571928,8.21884789312868,470.9278564453125,713
frame_000086.png,1763498240.685225,0.04830050107054362,-0.018964396718776803,-0.4929716660345197,0.8684966031830966,0.1027874203573799,0.01468105607340405,-1.0317778405297398,0.013924568891525269,-0.0792509913444519,-0.04167155176401138,-0.13137158751487732,0.971238374710083,9.805253028869629,51.418452873415525,8.21884825508363,470.9259948730469,727
frame_000087.png,1763498241.181212,0.04366079117416063,-0.02145970221006031,-0.4945108365273706,0.8678088781823461,0.09715704387905034,0.005935663386135491,-1.0356045475255027,0.02689431607723236,0.05520731210708618,0.04757023602724075,-0.061704784631729126,0.7521036863327026,9.865328788757324,51.41845317168186,8.218849049492034,470.9159240722656,720
frame_000088.png,1763498241.67725,0.05008653506401199,-0.02180608548838849,-0.4930610138418367,0.8682779913542751,0.10870268767338286,0.011524202383883707,-1.0322778434011208,0.058551400899887085,-0.05891421437263489,-0.04694679379463196,0.11410541832447052,0.8348801136016846,9.644426345825195,51.418453505339386,8.218849724878867,470.9231872558594,726
frame_000089.png,1763498241.933241,0.04590645841286766,-0.02632421480153379,-0.49428987017988296,0.8676849411097468,0.10588602768791192,-0.0003000548055317037,-1.03564740925575,-0.01976311206817627,-0.029999934136867523,0.026856064796447754,0.16946329176425934,0.9199042320251465,9.830281257629395,51.41845354657118,8.218849912707537,470.9200439453125,724
frame_000090.png,1763498242.185237,0.04289971203045744,-0.025378590808553547,-0.49469945791310715,0.8676335563916103,0.0997173111633819,-0.0015937061013161324,-1.0364746364466417,-0.029977798461914062,-0.014623455703258514,0.061661913990974426,0.1657104194164276,1.1350072622299194,9.747475624084473,51.41845356666157,8.218850030077997,470.9206848144531,734
frame_000091.png,1763498242.677233,0.052945821049232046,-0.0352702044882033,-0.4934181319081029,0.8674625639260181,0.12700921292700845,-0.008942426984858462,-1.0349027691696846,0.054208219051361084,-0.12535935640335083,-0.003039989620447159,0.16588610410690308,1.1251121759414673,9.716166496276855,51.41845345336056,8.218850438275073,470.9162292480469,728
frame_000092.png,1763498242.933221,0.043840751238593836,-0.035811137250016514,-0.4934294619136463,0.8679417705671884,0.11169498907633424,-0.018900452426717635,-1.0349358973037397,-0.051521480083465576,0.016927413642406464,-0.05614624172449112,0.26510536670684814,0.9630991816520691,9.8753662109375,51.41845339370779,8.218850641159856,470.90887451171875,726
frame_000093.png,1763498243.181442,0.040274372612355745,-0.03298655953602079,-0.4951772108896177,0.8672308756128535,0.10271867686240271,-0.017328890089019198,-1.0385165537818333,0.03089374303817749,-0.009829215705394745,0.07276825606822968,0.19906647503376007,0.7310821413993835,9.943124771118164,51.41845335841075,8.21885082641929,470.9090881347656,721
frame_000094.png,1763498243.681252,0.040078781823075574,-0.0335170173756635,-0.49466185897561066,0.8675136575689231,0.1028960179496199,-0.018503107009101252,-1.0374014495036312,0.07149779796600342,-0.011966809630393982,-0.039611704647541046,0.3241172432899475,1.1867082118988037,9.617398262023926,51.41845315872831,8.218850904701815,470.90594482421875,720
frame_000095.png,1763498244.177299,0.04548123509594915,-0.04147194582017437,-0.49589727183346355,0.8661971084875333,0.12025560283517935,-0.026740905147518486,-1.0415157793955399,-0.0811077207326889,0.031051427125930786,-0.022612376138567924,0.18890619277954102,1.2182650566101074,9.775420188903809,51.418453131843975,8.21885106148926,470.89739990234375,730
frame_000096.png,1763498244.429234,0.045870053665428095,-0.029487154213360862,-0.4961653652019197,0.8665139215772439,0.10897233073121408,-0.0055838244260539805,-1.040361154464193,0.07523790001869202,0.14146572351455688,0.006854505278170109,0.040307655930519104,0.9208961129188538,9.823402404785156,51.41845318656159,8.218851027347375,470.90460205078125,737
frame_000097.png,1763498244.685228,0.053564558628589054,-0.03372104066497433,-0.49567544601666014,0.8661983500859262,0.12656385398438058,-0.005316971648468373,-1.03985576078231,-0.009623289108276367,-0.06063157320022583,-0.027325034141540527,0.1425323188304901,1.2310094833374023,9.532480239868164,51.418453275176404,8.218851014600936,470.90277099609375,735
frame_000098.png,1763498244.929231,0.050541076270248834,-0.03458783092979631,-0.4939637001751187,0.8673229758690371,0.12215085216383911,-0.010066896844275246,-1.0360382411075093,-0.016802065074443817,-0.01954774558544159,-0.0025666728615760803,0.27845585346221924,1.11875581741333,9.750802993774414,51.41845334716851,8.2188510075838,470.8896484375,728
frame_000099.png,1763498245.181206,0.05501351207289869,-0.0344636760147987,-0.4935756399022534,0.8672766895403294,0.12981093782902484,-0.005472454152285488,-1.0351483946314401,0.07180529832839966,0.005325527861714363,0.008332712575793266,0.12252967804670334,1.340551733970642,9.737288475036621,51.41845342533583,8.21885097881289,470.88409423828125,725
frame_000100.png,1763498246.177243,0.052370834493500114,-0.03016562379633781,-0.49589032811997186,0.8662794660572872,0.12094790894873896,-0.0003233403549901587,-1.0398313880366847,-0.12333124876022339,0.02609539031982422,-0.06560853123664856,0.05880333483219147,1.0276941061019897,9.864992141723633,51.418453929958034,8.218851048602996,470.86614990234375,730
frame_000101.png,1763498246.429206,0.047659496367047076,-0.02101164858187036,-0.4961516622291211,0.866672147410537,0.10365186143063329,0.010872469698446241,-1.039311349234741,0.006421327590942383,0.04942789673805237,0.03824217617511749,-0.03696616366505623,1.1129881143569946,9.795607566833496,51.41845399999429,8.21885071360077,470.8790588378906,733
frame_000102.png,1763498246.681214,0.04758178025336752,-0.021113181089098494,-0.4953896971398567,0.867109713784767,0.10362685250737658,0.010528353099284456,-1.0375696140447344,0.06601646542549133,-0.04221599921584129,-0.00820490438491106,0.10429426282644272,1.0650722980499268,9.79246711730957,51.41845401338399,8.218850495278721,470.88275146484375,725
frame_000103.png,1763498246.933214,0.049543980168150106,-0.02245300336076906,-0.4948290253719885,0.8672862804856234,0.108375952665186,0.010085406271010159,-1.0364180423954157,-0.006947726011276245,-0.0202510803937912,0.03949806094169617,0.04857298731803894,0.9349116086959839,9.686857223510742,51.41845401430209,8.218850331696874,470.8826599121094,720
frame_000104.png,1763498247.185205,0.046260838969814345,-0.022060009455786577,-0.4948684126322358,0.8674552120654245,0.10227309684170306,0.007513986241183208,-1.036481372602858,-0.031455278396606445,-0.027974486351013184,0.04543313384056091,-0.0002870977041311562,0.8439691066741943,9.770597457885742,51.418453990845705,8.218850180520821,470.88092041015625,719
frame_000105.png,1763498247.437209,0.04325319710434172,-0.023833747302649384,-0.49528990209561574,0.8673229077522869,0.09879897239226011,0.0015026340573978398,-1.0376560414478417,0.009584680199623108,0.02233956754207611,0.017902709543704987,0.053551461547613144,0.8276217579841614,9.879422187805176,51.41845391959808,8.218849972611604,470.8839111328125,727
frame_000106.png,1763498248.929211,0.04650093719765151,-0.02662380360823613,-0.49438612083121114,0.8675893034441108,0.10721761601999756,-0.00021821854441126951,-1.0359055380650977,0.008671857416629791,-0.029544619843363762,-0.018431611359119415,0.1156904399394989,0.8615045547485352,9.73913860321045,51.41845372428617,8.218849518686898,470.8938903808594,736
frame_000107.png,1763498249.433209,0.0466300294015339,-0.015534457173622021,-0.4961892020163417,0.8668221252371903,0.09642330091081958,0.01934461827695022,-1.038857977939246,-0.009711302816867828,0.0005498528480529785,0.030145268887281418,0.008746914565563202,0.8590582013130188,9.83043098449707,51.41845391570858,8.218849313559083,470.8946533203125,728
frame_000108.png,1763498249.685201,0.041726591590155404,-0.017592227734525206,-0.4971471855196806,0.8664837453798343,0.08992927983039349,0.011001978338478114,-1.0412974000663215,0.018343448638916016,-0.048535048961639404,-0.04934409260749817,0.037385493516922,0.8119613528251648,9.712671279907227,51.4184539562411,8.218849210880332,470.8951110839844,735
frame_000109.png,1763498249.929389,0.043667239598874814,-0.01978418396701443,-0.4971455258440652,0.8663417826607472,0.09548174081520881,0.009138342361039466,-1.041494409406201,0.01764342188835144,0.019438713788986206,-0.0018750913441181183,0.02037174254655838,0.8448943495750427,9.724615097045898,51.41845395660883,8.218849021201109,470.9009094238281,729
frame_000110.png,1763498250.429244,0.041711463922466115,-0.01993161231086633,-0.4970626439014213,0.8664823210232643,0.09223193052393218,0.0069256970482553075,-1.0413274295444788,-0.08776411414146423,-0.12368547916412354,0.06422972679138184,0.07945115119218826,0.879919707775116,10.025351524353027,51.41845385947522,8.21884872064143,470.8979187011719,730
frame_000111.png,1763498250.681255,0.0233534753012465,-0.02780485913752028,-0.48874673844242617,0.8716697371491036,0.06796675716318445,-0.0256482506929616,-1.0229167447102907,-0.12953722476959229,-0.06251519918441772,0.04381066560745239,0.36003220081329346,0.8236684203147888,9.8710298538208,51.418453636923104,8.218848625206153,470.8868713378906,723
frame_000112.png,1763498250.933226,0.03562912075893429,-0.022186630770714814,-0.4921627044205009,0.869490765647622,0.08389614745001062,-0.0035114995107514606,-1.0302897463965348,0.16827917098999023,0.09134191274642944,-0.054333388805389404,0.04963964596390724,0.8156751990318298,9.827832221984863,51.418453485547104,8.218848576421886,470.9002380371094,721
frame_000113.png,1763498251.181231,0.050028661317228704,-0.03141336168151729,-0.49678954569373923,0.8658582338027863,0.11812291673560156,-0.0046916210832635245,-1.0420720263052483,-0.015607193112373352,-0.032524824142456055,-0.037258535623550415,0.08998877555131912,0.8712897896766663,9.733176231384277,51.418453460070175,8.218848714483055,470.91558837890625,729
frame_000114.png,1763498251.433224,0.033539679021958896,-0.022486942175989084,-0.49815241113514347,0.8661487185483338,0.08059300033419083,-0.005538356665954734,-1.0440947020840439,-0.1647273302078247,-0.04082372784614563,-0.0421358086168766,-0.00991954654455185,0.5731369853019714,9.719082832336426,51.41845329333277,8.21884891276606,470.9291687011719,730
frame_000115.png,1763498251.937292,0.03427485596203264,-0.022918660192561655,-0.49661621394440975,0.8669903720983757,0.08228967148447526,-0.005697647881236824,-1.0406004325322016,-0.03459644317626953,0.12146705389022827,0.01693645492196083,0.1350046992301941,0.6371781229972839,9.720465660095215,51.41845307820436,8.218848860129109,470.9328308105469,724
frame_000116.png,1763498252.433208,0.02328902377950475,-0.013629906930865708,-0.49731856580499073,0.867148252096561,0.0539730910951589,-0.00047417215040349866,-1.0414410131362832,-0.021972179412841797,0.09054863452911377,0.0007835328578948975,0.06301940232515335,0.4942455589771271,9.785962104797363,51.4184530651255,8.218848032965754,470.9469909667969,735
frame_000117.png,1763498253.185257,0.028385291451314455,-0.00853473507846253,-0.49891860108639224,0.866141826155718,0.05772499365315819,0.01353973144131059,-1.0448163111483508,0.026753664016723633,0.023140862584114075,-0.04890860617160797,0.07331856340169907,0.48894110321998596,9.803084373474121,51.41845319072712,8.21884726873331,470.945556640625,728
frame_000118.png,1763498253.429408,0.026757833431614232,-0.013297277945479904,-0.4987351791101663,0.8662392405491897,0.05965678845208189,0.0036529059243921515,-1.0446829129235364,0.014352861791849136,-0.0547366738319397,0.04666508734226227,0.09037867933511734,0.3103739321231842,9.715811729431152,51.41845323019561,8.218846967357265,470.92724609375,728
frame_000119.png,1763498253.681236,0.02387251761527625,-0.014197671670011366,-0.49596988825841176,0.8678953848032592,0.0555495210313649,-0.0009640877958663177,-1.0383705512937027,-0.047200143337249756,4.1872262954711914e-05,0.06172412633895874,-0.0221658106893301,0.6609146595001221,9.862842559814453,51.418453196619325,8.218846808896851,470.922607421875,733
frame_000120.png,1763498253.933222,0.024631000134535785,-0.004366624532131433,-0.49302822912860567,0.8696536159327339,0.047170676018164215,0.016693430445715068,-1.0310949981829078,0.09497863054275513,0.06684622168540955,-0.019657090306282043,-0.21465839445590973,0.5119346380233765,9.945237159729004,51.41845317704858,8.21884658961954,470.9172058105469,730
frame_000121.png,1763498254.185219,0.03901415596403164,-0.012495948279154092,-0.4909002816738035,0.8702520671412388,0.08026998975574837,0.016555626937279525,-1.026527754150412,0.057877153158187866,-0.033249497413635254,0.05652330815792084,-0.13989309966564178,0.6511165499687195,9.944059371948242,51.4184532508965,8.218846424157533,470.9141540527344,728
frame_000122.png,1763498254.429316,0.029989177253350787,-0.005516034308841619,-0.4876883186280117,0.872485143992122,0.05775365198734503,0.01962668691842151,-1.0188326005529358,-0.09047842025756836,0.06192201375961304,0.08651785552501678,-0.0051828729920089245,0.5867272019386292,9.819009780883789,51.418453440064084,8.218846315703164,470.9226379394531,730
frame_000123.png,1763498254.67739,0.034852441443341216,-0.00431004218090093,-0.4864199071301704,0.8730191319835516,0.06511532767399687,0.026383404831115797,-1.0158030563347316,0.1212012767791748,0.010148704051971436,-0.04495278000831604,0.1114661917090416,0.731855571269989,9.908394813537598,51.418453526910575,8.21884633081356,470.9358825683594,735
frame_000124.png,1763498254.929219,0.046516110710879605,-0.013095439926130478,-0.489078069790531,0.8709003401925176,0.09399368385223769,0.022692320593803123,-1.0223095855268356,0.07316461205482483,-0.1181572675704956,-0.06393682956695557,0.06866220384836197,0.9128293395042419,9.581042289733887,51.418453642610345,8.21884652262336,470.9347839355469,730
frame_000125.png,1763498255.185224,0.03923619994624552,-0.02168100833599101,-0.49360513416846047,0.8685300374850884,0.0896795605564234,0.0010731657178999548,-1.033554761200537,0.03722885996103287,-0.09932368993759155,-0.021027736365795135,0.030044496059417725,0.8045476078987122,9.870001792907715,51.41845371728771,8.218846843434557,470.93804931640625,723
frame_000126.png,1763498255.681512,0.04500439978406661,-0.016414704830251613,-0.49810874475735667,0.8657902978560468,0.09443435558896635,0.016411522499641007,-1.043377911337893,-0.10146123170852661,0.0623173713684082,0.005351515486836433,-0.05859881639480591,0.7105840444564819,9.73997974395752,51.41845378341377,8.218847853539078,470.9298400878906,728
frame_000127.png,1763498255.93724,0.043925916312097225,-0.013386417582876186,-0.49502070384354074,0.8676668833525255,0.08961751007696381,0.020259959548309954,-1.0360123289475192,-0.03808531165122986,-0.0976724624633789,0.10713660717010498,0.06956285238265991,0.6393067240715027,9.773214340209961,51.41845379195086,8.218847939162458,470.9371337890625,724
frame_000128.png,1763498256.181226,0.031875437643111036,-0.021622718747937256,-0.4926115394625568,0.8693965066052068,0.07680495104497259,-0.006193055056620869,-1.0312550223316146,-0.09132260084152222,-0.13311165571212769,0.03518502414226532,0.37394899129867554,0.702474057674408,9.714166641235352,51.4184537034368,8.218848040774969,470.93438720703125,730
frame_000129.png,1763498256.677475,0.02025955233728853,-0.03187859187663098,-0.49559553887735674,0.8677317372114024,0.06684876375891437,-0.03525034411683506,-1.0390345489204764,0.11572730541229248,-0.0538867712020874,-0.047472089529037476,0.3809170126914978,0.5341547727584839,9.929181098937988,51.41845301688889,8.21884818860865,470.9271240234375,727
frame_000130.png,1763498257.177234,0.019214368050446535,-0.027602052083043227,-0.49878187498797993,0.8660748096814167,0.060879530097763944,-0.028647245099581557,-1.0459094127441506,-0.03090822696685791,0.07001250982284546,0.037313252687454224,0.25828540325164795,0.5659487247467041,9.803345680236816,51.4184526372729,8.218848281096223,470.9250183105469,728
frame_000131.png,1763498257.437223,0.01623850280755697,-0.024319397452546566,-0.4990529119160502,0.8660779809244806,0.05244259436025987,-0.025920147391928324,-1.046183698592369,-0.03652265667915344,-0.003628373146057129,0.012837052345275879,0.22433428466320038,0.5239191055297852,9.70868968963623,51.41845241891694,8.218848162578972,470.9332275390625,734
frame_000132.png,1763498257.681228,0.019159255712646078,-0.023200845167095363,-0.49982233072299265,0.8656051532972209,0.056403651336339476,-0.021014641281053417,-1.047902950658253,0.09325343370437622,0.07641422748565674,0.025943264365196228,0.2461954802274704,0.5866057276725769,9.741007804870605,51.41845240829045,8.218848065107972,470.9390869140625,727
frame_000133.png,1763498257.937255,0.03067063619020354,-0.023402714133355575,-0.49485866285050684,0.8681166562442453,0.07649205888284233,-0.010277492782182896,-1.0365862621031328,0.02961909770965576,0.010253086686134338,0.017626672983169556,0.17944131791591644,0.6881629824638367,9.816692352294922,51.41845243399272,8.21884800079815,470.936279296875,711
frame_000134.png,1763498258.181257,0.02422477124279623,-0.0206026214169895,-0.4946691029729588,0.8684993788212578,0.06250641669553268,-0.01182051135191913,-1.0358537538634565,-0.017384886741638184,-0.07142025232315063,-0.07309973239898682,0.08682792633771896,0.4503508508205414,9.716409683227539,51.41845246242503,8.218847907955679,470.92999267578125,716
frame_000135.png,1763498258.433262,0.02414818468754647,-0.02313245495291496,-0.4984375594681712,0.8662804130393119,0.0649523426589414,-0.016006344250251568,-1.0447546760887945,0.09745627641677856,0.015313118696212769,-0.011542320251464844,0.09944269806146622,0.5152314305305481,9.781457901000977,51.41845269942326,8.218847745111987,470.93145751953125,708
frame_000136.png,1763498258.677262,0.029329506628046766,-0.012988448640672405,-0.49859838975988996,0.8662394160806288,0.0638095320527138,0.0067451283686080455,-1.0443392422922004,-0.05052204430103302,0.16455841064453125,-0.030223801732063293,-0.08249400556087494,0.5607330799102783,9.85263729095459,51.418452892722385,8.218847630995208,470.927490234375,720
frame_000137.png,1763498259.42938,0.031113138918183566,-0.0027115530158821548,-0.4966763671174681,0.8673737409063604,0.05671683379399846,0.026205461075329232,-1.0393456433221113,0.12128055095672607,-0.04505777359008789,-0.014980316162109375,0.027038659900426865,0.5053030252456665,9.71897029876709,51.418453674886315,8.218846935885352,470.95587158203125,777
frame_000138.png,1763498259.677349,0.03584492168442536,-0.015192405567465699,-0.49651918155327757,0.8671522558075799,0.07733301135063364,0.009247256628201994,-1.039678560436963,-0.00816228985786438,-0.08071860671043396,0.011937759816646576,0.0777565985918045,0.6703097224235535,9.857067108154297,51.418453739720995,8.218846979008092,470.94769287109375,791
frame_000139.png,1763498259.933425,0.03145589958279181,-0.014364251647032356,-0.49646015548678074,0.8673704564199196,0.06888623383881501,0.0063149885538370835,-1.0394992218274286,-0.06155514717102051,-0.01235082745552063,-0.029490025714039803,0.06835991889238358,0.6555991172790527,9.868786811828613,51.418453767440155,8.21884707498555,470.943115234375,819
frame_000140.png,1763498260.433562,0.02525418018541559,-0.018250200358677592,-0.4952829216439045,0.8681727847023936,0.06196904195620908,-0.006672775760118905,-1.0370817127505656,-0.020344147458672523,0.04978311061859131,0.026678912341594696,0.3373219668865204,0.4702403247356415,9.751681327819824,51.4184536260135,8.218847305156574,470.94293212890625,836
frame_000141.png,1763498260.68549,0.029539873976834635,-0.017844740429362543,-0.49464190396076035,0.8684113932523659,0.06901391859213332,-0.0017698337075991843,-1.0355851428919982,0.06478500366210938,-0.06872069835662842,-0.03653186187148094,0.1311206966638565,0.5490067601203918,9.830711364746094,51.41845356090308,8.218847475822008,470.9459533691406,771
frame_000142.png,1763498261.185405,0.027418146807734883,-0.025330375076899832,-0.4973031216755827,0.8667734551172027,0.07279874903223119,-0.016641901613364974,-1.0423806199362857,0.012490533292293549,-0.012927010655403137,0.004931747913360596,0.11078991740942001,0.5951982140541077,9.897048950195312,51.41845340740384,8.218847806108755,470.9435119628906,710
frame_000143.png,1763498261.429504,0.025879454884612994,-0.021667135058523485,-0.49750708808267435,0.8668030262872467,0.06647747303538556,-0.011812126679661564,-1.0424919375639026,-0.10160404443740845,0.05023515224456787,0.011381823569536209,0.038295928388834,0.5043719410896301,9.78652286529541,51.41845326613772,8.218848038964468,470.9442138671875,763
frame_000144.png,1763498262.185492,0.026927337921062885,-0.01514395965233186,-0.49412165434064426,0.8688436969157332,0.06179653919503003,0.0002952937448324076,-1.0341822379492978,-0.00932660698890686,0.014613747596740723,0.02808716706931591,0.13635767996311188,0.5926876664161682,9.781943321228027,51.41845327987564,8.218847869956079,470.9539489746094,1045
frame_000145.png,1763498262.429549,0.028534477164846507,-0.013659543921990593,-0.4941225468689419,0.8688164991231017,0.06312396748899059,0.004463797624568176,-1.0340788883690069,0.011050671339035034,-0.024338126182556152,0.019360072910785675,0.09910565614700317,0.5534519553184509,9.777887344360352,51.418453339312876,8.2188478800312,470.9495849609375,1176
frame_000146.png,1763498262.685242,0.030104737186372698,-0.02001410446088555,-0.49374199541771446,0.868856709925464,0.07214048952794862,-0.005050853363588159,-1.0337002799927806,0.01621151715517044,-0.05396971106529236,-0.0037976354360580444,0.23385407030582428,0.591564953327179,9.790915489196777,51.41845336610538,8.218847983851354,470.9420471191406,1292
frame_000147.png,1763498263.177278,0.021203122713218014,-0.02357774249730057,-0.4930563673857359,0.869419309784595,0.06016755164152801,-0.02009057139462958,-1.0323736122216485,0.016043081879615784,-0.03540016710758209,-0.019339948892593384,0.2723800837993622,0.5900059342384338,9.756317138671875,51.418453237463446,8.218848136784649,470.940673828125,0
frame_000148.png,1763498263.429339,0.02245938769205183,-0.027697462014205216,-0.4945957121995699,0.8683913334299634,0.06647638030392704,-0.025890730698411926,-1.0363245166775588,0.039671897888183594,0.020132195204496384,-0.03563594073057175,0.2637139856815338,0.6036913990974426,9.720671653747559,51.41845311779285,8.218848248806133,470.938232421875,0
frame_000149.png,1763498263.685518,0.021776407513371416,-0.019731208089835126,-0.4956278829997505,0.8680377117938557,0.05740027886501272,-0.012669214849864972,-1.0379720494496536,-0.06916308403015137,0.041643381118774414,0.047668345272541046,0.12856091558933258,0.5468571782112122,9.795794486999512,51.41845308347982,8.218848228012064,470.9414978027344,0
frame_000150.png,1763498263.929333,0.0205145847654672,-0.018932504285910645,-0.49684917771674714,0.867387806402394,0.05443249771181875,-0.01245865987997876,-1.0407142583414606,0.05948244035243988,-0.022073864936828613,-0.034838031977415085,0.09164989739656448,0.5647214651107788,9.756597518920898,51.41845306777155,8.218848142115641,470.9477844238281,0
frame_000151.png,1763498264.17731,0.02629531646911887,-0.01702523971389151,-0.4979307662511344,0.866650823322191,0.06257366814550622,-0.0033233879917835317,-1.0430900559981608,-0.015426501631736755,0.06418740749359131,-0.027865290641784668,0.07561387866735458,0.5471959710121155,9.876898765563965,51.418453092593104,8.218848109969732,470.9327087402344,0
frame_000152.png,1763498264.677208,0.021614089316372535,-0.011581761180734939,-0.4989990598679508,0.8662555236198368,0.0490249156521572,0.0015052918739030616,-1.04519625539022,-0.01059911772608757,0.04945477843284607,-0.06475874781608582,0.024485081434249878,0.32543182373046875,9.784972190856934,51.41845330513923,8.218847817887694,470.9269104003906,1630
frame_000153.png,1763498264.929262,0.028197425927020053,-0.007623986235682654,-0.4988437762117672,0.8661995537633073,0.05649188275279764,0.01492498800439043,-1.0445981428990638,0.002593785524368286,0.05378633737564087,0.04939097538590431,-0.1069849282503128,0.5422717928886414,9.886693954467773,51.41845346006459,8.218847666788083,470.9324035644531,1537
frame_000154.png,1763498265.437237,0.027300590432789526,-0.004617840686135568,-0.4963410295154366,0.8676859660781514,0.05199361655993375,0.019088294366548658,-1.0387000155495834,-0.030144989490509033,-0.0325530469417572,0.025993166491389275,0.020834114402532578,0.4267101287841797,9.863665580749512,51.41845390828016,8.218847266145977,470.9330139160156,1475
frame_000155.png,1763498266.177211,0.026899322357392653,-0.008945081114340184,-0.5005880419668115,0.8652213729563116,0.05553552112357418,0.011452257825994268,-1.0487027447874857,0.005674059968441725,-0.007490023970603943,0.035508811473846436,0.08157429844141006,0.4269741475582123,9.814019203186035,51.41845418932696,8.218847161215393,470.9230651855469,1585
frame_000156.png,1763498266.429229,0.02521104081068225,-0.0043030960642510925,-0.4991119152791726,0.8661600214809386,0.04799499445656454,0.017712848376575004,-1.0450990213163105,-0.016330495476722717,0.0237448588013649,0.056236714124679565,0.06890446692705154,0.335460364818573,9.905329704284668,51.41845414566999,8.218847134879814,470.92572021484375,1581
frame_000157.png,1763498266.681225,0.020942364256416678,-0.009982977411049957,-0.49625101926054205,0.8678690473938077,0.046275375356825695,0.0034575119129170513,-1.0387782005274053,0.02731551229953766,-0.08422583341598511,-0.011387646198272705,0.08948758989572525,0.363934725522995,9.857889175415039,51.41845404103901,8.218847124424965,470.92608642578125,1443
frame_000158.png,1763498266.929226,0.013725643835105442,-0.015010970473418195,-0.49341298397496897,0.8695573038688565,0.03869639191802574,-0.012561306594661011,-1.032496446112012,-0.07792723178863525,0.028662271797657013,0.0536419153213501,0.16857220232486725,0.38073185086250305,9.77156925201416,51.418453888054174,8.218847157818526,470.9281921386719,1409
frame_000159.png,1763498267.177302,0.016021708005210716,-0.00847047277745032,-0.49319778817571946,0.8697284045620796,0.036232253639593516,0.0010697205567113954,-1.031690694266888,0.0749812126159668,0.058112144470214844,-0.0017731711268424988,0.03501182794570923,0.4236393868923187,9.775420188903809,51.41845375893178,8.218847193888704,470.9283142089844,1411
frame_000160.png,1763498267.681428,0.018074365474811158,-0.013405489775416952,-0.49302393095415314,0.8697246769311991,0.04467343011584051,-0.005496008765072401,-1.0315339941308357,-0.011279699392616749,0.0017324984073638916,-0.014244534075260162,0.15444031357765198,0.3267516493797302,9.855945587158203,51.41845354899689,8.218847385176485,470.9338073730469,1416
frame_000161.png,1763498268.177357,0.02126450052693673,-0.010969454998267084,-0.4947199988879577,0.8687229793062229,0.04781785271205023,0.001981113395073441,-1.0353039093731236,0.026665210723876953,-0.007091209292411804,-0.028850426897406578,0.07362128049135208,0.3158728778362274,9.728633880615234,51.41845353057083,8.218847571593498,470.9323425292969,1411
frame_000162.png,1763498268.437278,0.023940539849180726,-0.013175674245328482,-0.49418486765502195,0.8689272516964232,0.05465483493933805,0.0007647002859615887,-1.034197758175406,0.0002870112657546997,-0.03760453313589096,0.021011097356677055,0.08459670841693878,0.4217257797718048,9.774765968322754,51.41845355536038,8.21884773138632,470.9315185546875,1422
frame_000163.png,1763498268.677251,0.023805500017946245,-0.015251970965698363,-0.4951343737729119,0.8683562791038386,0.05647711981412161,-0.0029144509519746465,-1.0365171316331245,-0.026038475334644318,-0.0353412926197052,-0.005704969167709351,0.0685349702835083,0.48834121227264404,9.787700653076172,51.41845356247907,8.21884777685128,470.93218994140625,1405
frame_000164.png,1763498268.9293,0.02169265432731793,-0.012639126397134165,-0.4961410202668187,0.8678788908832573,0.0502158776597957,-0.0004132307098148429,-1.0386677748082447,-0.040335580706596375,0.0017485320568084717,-0.0010156482458114624,0.061695393174886703,0.36132779717445374,9.891777992248535,51.418453631447086,8.218847810333811,470.93011474609375,1419
frame_000165.png,1763498269.929325,0.022367858073536348,-0.0065958786854547116,-0.5001579505781099,0.8656201232544642,0.0453403518557728,0.010956092650626612,-1.0476281732418578,0.053406476974487305,0.04227277636528015,-0.023444972932338715,0.00935202557593584,0.36120861768722534,9.869216918945312,51.41845385561766,8.2188474330356,470.9581604003906,1477
frame_000166.png,1763498270.437364,0.02021565600964719,-0.004932543756851245,-0.4989811076473402,0.8663630021389531,0.0399640232325237,0.011627976054621817,-1.0448623399189605,-0.05279409885406494,-0.03146177902817726,-0.007416024804115295,0.0488203726708889,0.290608286857605,9.735363006591797,51.41845382225979,8.218847261372645,470.96929931640625,1448
frame_000167.png,1763498270.68129,0.018369406998163806,-0.006404112013073288,-0.49847076159189113,0.8666882092620505,0.038235932440039186,0.007212550381394714,-1.0437474920939356,-0.042827263474464417,0.017812833189964294,-0.017081044614315033,-0.025637196376919746,0.3870275616645813,9.889852523803711,51.41845381078359,8.218847209474257,470.9678649902344,1422
frame_000168.png,1763498270.93325,0.016082602974580702,-0.002797763194908791,-0.4986173349437006,0.8666684923869729,0.03067332632261038,0.011188896305383198,-1.0439875948670734,-0.03792037442326546,0.008842907845973969,0.006344858556985855,-0.02023761346936226,0.34642383456230164,9.775494575500488,51.418453764959125,8.218847142389974,470.9736328125,1398
frame_000169.png,1763498271.437241,0.019560414230023797,-0.011280597898983814,-0.4951869965682714,0.8684929341888085,0.045163527104823444,-0.00022211359081790655,-1.0363958629948362,0.01570877432823181,-0.030292436480522156,0.028560861945152283,0.15501172840595245,0.44081559777259827,9.750709533691406,51.41845375506493,8.218847159104618,470.9756164550781,1412
frame_000170.png,1763498271.685223,0.023781473810216208,-0.00724948756028181,-0.4944968205778745,0.8688237916124885,0.048515440550121504,0.010922889036324053,-1.0345984673287254,-0.031106844544410706,0.06050151586532593,0.0288219153881073,0.01358422264456749,0.34119123220443726,9.87704849243164,51.418453783952614,8.218847241327486,470.9748229980469,1443
frame_000171.png,1763498271.93321,0.024326521558185214,-0.008570709368816447,-0.49398219642228974,0.8690893814261023,0.050775331914485196,0.00913643920324884,-1.0334738370528431,-0.0008109360933303833,-0.0540103018283844,0.011758595705032349,0.028071319684386253,0.3976130783557892,9.85224437713623,51.41845379087887,8.218847289508961,470.9773864746094,1422
frame_000172.png,1763498272.177216,0.01951682267323984,-0.010643047647738097,-0.4934903326216747,0.8694671418624502,0.04445761045181918,0.0007551662592768444,-1.0324601786258603,-0.064573734998703,0.006165380124002695,0.013056542724370956,0.0853128507733345,0.38902875781059265,9.796037673950195,51.4184537679471,8.218847335515287,470.97247314453125,1354
frame_000173.png,1763498272.685215,0.020638920681960517,-0.0062081250006740035,-0.4944965172824792,0.8689123595234208,0.042020929429168886,0.009623264240222059,-1.0345730979148098,-0.008335319347679615,-0.02089373767375946,-0.006641317158937454,0.006943746469914913,0.3758374750614166,9.835253715515137,51.418453686436166,8.21884737768332,470.9720458984375,1341
frame_000174.png,1763498272.937199,0.018330322099711947,-0.010739386846922966,-0.4947939318123353,0.8687506143327687,0.04248931327238521,-0.0005202335789033926,-1.0354635016052645,-0.007033213973045349,-0.018232643604278564,0.03780527040362358,0.13224893808364868,0.42954662442207336,9.8458890914917,51.41845365949935,8.218847426157438,470.9718017578125,1280
frame_000175.png,1763498273.18921,0.018939930348664275,-0.0088155570078587,-0.49569391445803757,0.8682459951893221,0.041640956685293315,0.003468679249012159,-1.0374442201662373,-0.01206890493631363,0.0570521354675293,-0.024390390142798424,-0.00017071068577934057,0.3342220187187195,9.859086036682129,51.41845358814499,8.218847440198628,470.9631652832031,1184
frame_000176.png,1763498273.429202,0.017053209606998493,-0.010504296612226958,-0.49658276809669427,0.8677582625502376,0.04003936328519874,-0.0012937206528100972,-1.0395702226095649,-0.026037869974970818,0.04041469097137451,-0.013919658958911896,0.11255660653114319,0.31719768047332764,9.808150291442871,51.41845348258568,8.218847510593001,470.9545593261719,1095
frame_000177.png,1763498274.437205,0.01559282868766459,-0.00740428647350553,-0.4964695133976166,0.8678825165320876,0.03442440954361737,0.0026306296206983354,-1.039178963776687,0.007890291512012482,0.014143124222755432,0.026254024356603622,0.0386449433863163,0.2802838683128357,9.864543914794922,51.41845339904882,8.218847402283812,470.95306396484375,821
frame_000178.png,1763498275.181205,0.015781759079095573,-0.004495623250963211,-0.49483504487827773,0.8688319767436438,0.03187894836787475,0.0078069317554765255,-1.0353189136744887,-0.02163855731487274,0.023187488317489624,-0.008478958159685135,-0.0232655368745327,0.3127819895744324,9.850244522094727,51.418453487189474,8.218847266571506,470.9520263671875,836
frame_000179.png,1763498275.433207,0.021350765491821588,0.002564364311634635,-0.5839080431232447,0.8115349444260387,0.031677785787945154,0.029100016754990268,-1.2469404257982073,-0.01325199007987976,-0.07609844207763672,-1.4267988204956055,-0.34679415822029114,0.2912181317806244,10.113615036010742,51.41845405988896,8.2188474158933,470.9572448730469,834
frame_000180.png,1763498275.68521,0.02346422319849724,-0.0072073632759751165,-0.7162378515779589,0.6974244217915577,0.0430786927984543,0.023560927080306403,-1.5969037499057899,0.06415951251983643,-0.04017060995101929,-1.5785093307495117,-0.12248703837394714,0.2217363864183426,9.737923622131348,51.418455228232176,8.21884835357875,470.960693359375,830
frame_000181.png,1763498275.937204,0.022037680281671024,-0.003986732726115592,-0.8377655549422531,0.5455706384715657,0.030747276731411796,0.032580493928509466,-1.9866253151388822,-0.08359664678573608,-0.05876690149307251,-1.585601806640625,-0.3543030917644501,0.19778811931610107,9.800206184387207,51.41845619942527,8.218849974270086,470.96051025390625,834
frame_000182.png,1763498276.681207,-0.015481286671338947,-0.008524463117369518,0.9145071291315916,-0.404183589546947,-0.0030787140201228628,0.035213667315553816,-2.3093366372362736,0.020090259611606598,0.018639594316482544,0.017349429428577423,-0.06945011764764786,0.046248868107795715,9.874151229858398,51.41845708759879,8.218853098038986,470.99017333984375,832
frame_000183.png,1763498276.933204,-0.036845884500478474,-0.01709296524068124,0.9135321894649712,-0.40473343097153985,-0.0014090738380195145,0.08124534331006189,-2.3075441578331355,0.01696234941482544,0.19295775890350342,0.05039101466536522,-0.2663218080997467,0.17840099334716797,9.899067878723145,51.41845707306862,8.218852997053947,470.9866027832031,844
frame_000184.png,1763498277.185236,-0.053201017025199464,-0.020152585154832262,0.9130148428198347,-0.40393987410224086,0.006220993950822575,0.11367214341519273,-2.3081665569498115,0.084099680185318,0.17957186698913574,0.0191689133644104,-0.2151959389448166,0.10848657041788101,9.93349838256836,51.418456937438876,8.218852813392914,471.00433349609375,900
frame_000185.png,1763498277.437202,-0.08220875967571604,-0.02205070255987306,0.911607453761519,-0.40215337446754895,0.026292876045458737,0.16841477654236042,-2.3084374874638955,0.09316951036453247,0.30718016624450684,-0.004448419902473688,-0.24006828665733337,0.2250577211380005,10.005780220031738,51.418456070516704,8.218852134888428,471.0165710449219,827
frame_000186.png,1763498277.929204,-0.14672778947422832,-0.051392646890787604,0.9032468709798221,-0.39996855089709965,0.02577295291282656,0.31117111430925487,-2.303829211116671,-0.016649290919303894,0.2378709316253662,-0.0008434578776359558,-0.38988277316093445,0.0645756646990776,10.428108215332031,51.4184537867119,8.218849439961955,471.0706481933594,832
frame_000187.png,1763498278.685203,-0.18112002615614514,-0.07317643020144272,0.8979877780415029,-0.39428250871203413,0.0123432781739654,0.39303256843582074,-2.311674719490701,-0.05857938528060913,0.054893314838409424,-0.015587136149406433,-0.7243986129760742,0.0941162034869194,10.52807331085205,51.4184411891837,8.218831426161456,471.2619323730469,829
frame_000188.png,1763498278.937212,-0.18563132890940603,-0.0832666617870394,0.8953980352830141,-0.3960682153032341,-0.002254943673670184,0.409756950702525,-2.309133960710431,-0.03044983744621277,-0.00477483868598938,0.00997929461300373,-0.9109752774238586,-0.09493616968393326,10.629664421081543,51.418435910666396,8.218823630466817,471.3230285644531,846
frame_000189.png,1763498279.189225,-0.18713538835266433,-0.08206056212745624,0.895402595989876,-0.39560156933967555,0.0012085477847427347,0.4115709640692531,-2.3092888092256607,0.023671060800552368,-0.03172866255044937,0.003207152709364891,-0.9284371733665466,0.059066902846097946,10.428949356079102,51.41842962991191,8.218814518059018,471.4027099609375,848
frame_000190.png,1763498279.429197,-0.13023253139415533,-0.06139181602619637,0.90410966797861,-0.40231361020885603,-0.0064902192892022596,0.2888880275250936,-2.305188453866377,-0.2701148986816406,-2.456188201904297,0.03300255537033081,-5.011124134063721,0.05658526346087456,9.132798194885254,51.41841455906796,8.218792652594402,471.5547790527344,836
frame_000191.png,1763498280.185209,0.22847676264915975,0.10926038811118623,0.88220282163011,-0.39696185966289615,0.01306137595969297,-0.5119407473794967,-2.299358603863958,0.15342342853546143,0.2736997604370117,-0.021994397044181824,-0.22841118276119232,-0.015593450516462326,10.689833641052246,51.4183920525758,8.218759730641885,471.4490661621094,846
frame_000192.png,1763498280.437205,0.10262155488755248,0.06256762809050842,0.9048692628810175,-0.4083695942167499,0.030281907903577453,-0.2390910340870992,-2.297357527171188,-0.10037153959274292,1.2677984237670898,-0.028016388416290283,-0.8411641120910645,0.1830293834209442,10.360816955566406,51.41838402728839,8.218748386873717,471.4812927246094,840
frame_000193.png,1763498280.689224,0.028331649947730454,0.006648175826585594,0.9142168481818733,-0.40417901215899327,-0.010764184780502718,-0.05720784899213777,-2.3087480275617978,0.005017206072807312,0.2117084264755249,-0.06885325908660889,-0.8181355595588684,-0.2013588696718216,10.362629890441895,51.41838202306189,8.218745384916177,471.53570556640625,846
frame_000194.png,1763498280.929203,0.028796543782338303,0.02005742960101565,0.9151911871694544,-0.4014891648741683,0.013622477641627724,-0.06886879435094169,-2.3152370527494615,0.12851357460021973,-0.047217875719070435,-0.003230936825275421,-0.18699055910110474,0.014914769679307938,12.268486976623535,51.41838047701137,8.218742934089065,471.53790283203125,841
frame_000195.png,1763498281.181201,0.01578691776940191,0.011613983110494117,0.9145012186618052,-0.4041081658290567,0.008489076380646284,-0.03827026307384332,-2.3095781051991837,-0.1257382035255432,0.14029955863952637,0.0344272255897522,-0.28647851943969727,0.06730177253484726,12.68281364440918,51.418379202554476,8.218740870617614,471.5365295410156,834
frame_000196.png,1763498281.689209,0.012391108208719087,0.004172989522940507,0.9143612006435397,-0.4046883261888162,-0.002398649776309129,-0.02604036034507797,-2.308209806543333,0.019072972238063812,-0.0032310858368873596,0.0028427504003047943,-0.18933537602424622,0.03412045165896416,11.952909469604492,51.41837736899711,8.218737174996633,472.2256774902344,841
frame_000197.png,1763498281.937222,0.004454352425053816,0.00296909753381936,0.9145542129407273,-0.40442791050652627,0.0018279751604043132,-0.010549261040582663,-2.3088831919399238,0.054192185401916504,0.09231853485107422,0.027161991223692894,-0.14170929789543152,-0.09439556300640106,11.234145164489746,51.418377098620944,8.218736529659143,472.6598205566406,842
frame_000198.png,1763498282.181205,-0.0005702543036163514,-0.0009688401467377656,0.9143216158441277,-0.4049873071578695,-0.0013097740290045244,0.0018275286141183704,-2.3076633939391944,-0.01470920443534851,0.047092825174331665,0.01626841351389885,-0.1382249891757965,-0.014648810029029846,10.896791458129883,51.41837697908209,8.218736271077686,473.1549072265625,817
frame_000199.png,1763498282.437307,-0.00463057405475346,-0.0036179368437913592,0.9143095713388601,-0.4049734263813706,-0.002865499746040012,0.011398139719767662,-2.3076941555093344,0.035174086689949036,0.03373992443084717,0.00022734981030225754,-0.1269107609987259,-0.004008342511951923,10.475455284118652,51.41837696398093,8.218735986529506,474.33172607421875,849
frame_000200.png,1763498282.685226,-0.011217636623215394,-0.0032973024876989643,0.9146120971223698,-0.404163338543113,0.0030368304325690937,0.023186947504765337,-2.3093691355948693,0.030691994354128838,0.06982135772705078,-0.00914849154651165,-0.07039333134889603,0.062438931316137314,10.049949645996094,51.41837697387528,8.218735966303896,474.9635925292969,823
frame_000201.png,1763498282.930165,-0.01472535831196767,-0.0032665907298003007,0.9143666609021032,-0.40460610800916785,0.005944851501231701,0.029576430427484444,-2.308307923238618,-0.014333322644233704,-0.017981454730033875,-0.0009727850556373596,-0.11330311745405197,0.051587775349617004,9.997742652893066,51.4183769862112,8.218736021175195,475.6077880859375,819
frame_000202.png,1763498283.185231,-0.009115023212256487,-0.001091392354429197,0.9158011511062101,-0.4015270561831536,0.005321706867321397,0.017572448973661805,-2.315141728280893,0.08884584903717041,0.04175621271133423,-0.015404053032398224,-0.08205094188451767,-0.10832636803388596,9.99035930633545,51.41837698376409,8.218735989909863,476.2536315917969,827
frame_000203.png,1763498283.437242,-0.010680573512069972,-0.0014510939372920962,0.9156880389938903,-0.4017452363368635,0.0059255478624095515,0.020727571156234498,-2.314636570233985,-0.08002614974975586,-0.0020368099212646484,0.009841075167059898,-0.18466894328594208,-0.040935296565294266,9.58005142211914,51.418376952720024,8.218736061078753,477.5745849609375,805
frame_000204.png,1763498283.933205,-0.1911592195194919,-0.09397481317042676,0.8944143172226786,-0.3932555357898623,-0.01952561328880857,0.4288918943585927,-2.317368899493122,0.02868439257144928,0.44728922843933105,0.05013391375541687,-0.6044822931289673,-0.23695899546146393,6.905606746673584,51.41837671807431,8.218735722897215,478.9452819824219,820
frame_000205.png,1763498284.18121,-0.20178566637811096,-0.09286440442943042,0.8921776138048512,-0.39329105336860987,-0.007746383842405627,0.44793234037630186,-2.3129673908827892,0.017560124397277832,-0.07784408330917358,0.03438917174935341,-0.18428634107112885,-0.25493836402893066,6.3928751945495605,51.41837605881288,8.218734676749893,479.482177734375,571
frame_000206.png,1763498284.689223,-0.18840574174425698,-0.08416163453369824,0.8948827859698489,-0.3957333636746516,-0.0016535333381866371,0.41568123230532755,-2.3092139998878016,-0.04016989469528198,-0.019836261868476868,0.055887073278427124,-0.5974190831184387,-0.11925302445888519,8.97914981842041,51.418370531506845,8.218726234802213,480.0535888671875,817
frame_000207.png,1763498285.185393,-0.1725379966480223,-0.0730527348996107,0.8984215796921854,-0.3971556404984984,0.006221306690665112,0.37691129165127024,-2.307944383311553,-0.02275264263153076,-0.0435643196105957,-0.01601026952266693,-1.2298178672790527,-0.08863774687051773,10.722899436950684,51.41836305656642,8.218714705874339,480.0135803222656,829
frame_000208.png,1763498285.433277,-0.17639292600606626,-0.08076279442864738,0.8976168468368868,-0.3957864360557338,-0.0057965016045543934,0.3904408899171086,-2.3121668772040183,-0.004994101822376251,0.08203774690628052,0.005989573895931244,-1.442773699760437,-0.26982685923576355,10.07701587677002,51.41835241622911,8.218698646371239,479.9680480957031,837
frame_000209.png,1763498285.685497,-0.1878613793550717,-0.08292048933569535,0.8967422255543018,-0.3920276463504283,-0.001553951518857232,0.41363531670377157,-2.317654009233884,0.10949736833572388,0.08579546213150024,-0.04983183741569519,-1.5102075338363647,-0.49395817518234253,9.814093589782715,51.4183460547801,8.218689073312559,479.9720458984375,837
frame_000210.png,1763498285.93327,-0.1906181515688832,-0.08376016858212955,0.8967662148900603,-0.39046038247600723,-0.0014988591351464049,0.4194847079414301,-2.320603103178428,-0.15760302543640137,-0.06026771292090416,-0.03082823008298874,-1.414864182472229,0.10142248123884201,10.028827667236328,51.418339116988705,8.218678551132378,479.9598083496094,852
frame_000211.png,1763498286.185569,-0.1805400190889606,-0.10307035628464023,0.8951748363357971,-0.394263637118482,-0.04612851664973672,0.41643592336410423,-2.3216028625429663,-0.052595436573028564,0.010295122861862183,0.03378455340862274,-1.5702975988388062,-0.26745152473449707,10.19157886505127,51.41833153075319,8.218666801688673,479.9460754394531,848
frame_000212.png,1763498286.437219,-0.1609407586157381,-0.08304009745695314,0.8987035558468677,-0.39941749227935236,-0.02214069474784505,0.363568144808915,-2.3092256355424734,0.14335143566131592,-0.19534099102020264,0.05209237337112427,-1.7681783437728882,-0.09876745194196701,10.142026901245117,51.41831422534908,8.218640376383728,479.9114990234375,848
frame_000213.png,1763498286.929221,-0.12996748173425957,-0.06395161201719557,0.9039408396595865,-0.4023799242104144,-0.011506702696251222,0.2905002165213234,-2.3056664228473713,-0.04791057109832764,-0.3234827518463135,0.0032648537307977676,-2.3418900966644287,-0.2725493311882019,9.692221641540527,51.418294594975606,8.218611220502476,479.9078369140625,821
frame_000214.png,1763498287.181202,-0.08496377064429904,-0.04545872379399897,0.9101135603408166,-0.402998721328848,-0.014533512866227234,0.19247927921110386,-2.3092943179317853,-0.037318140268325806,-0.33617520332336426,0.00012695789337158203,-2.3793559074401855,-0.43229785561561584,10.010004997253418,51.418284256738644,8.218596015185403,479.9074401855469,806
frame_000215.png,1763498287.44123,-0.06877322215377708,-0.05000128468700612,0.9097727387392586,-0.4063049092628647,-0.03559367062548764,0.16653626870605223,-2.304517134343892,-0.15733540058135986,0.12778502702713013,0.08950379490852356,-2.49273943901062,-0.5880385637283325,9.625734329223633,51.41826364068155,8.218565133172396,479.92401123046875,824
frame_000216.png,1763498287.689588,-0.0625575739656087,-0.053118765377163174,0.9105378513749092,-0.4051984303003986,-0.04663158997947194,0.1576212170826903,-2.307883046353748,0.10514688491821289,-0.2097402811050415,-0.09455464780330658,-2.3754656314849854,-0.39892444014549255,9.707624435424805,51.41825364684198,8.218550019952955,479.961669921875,829
frame_000217.png,1763498287.933547,-0.038560792880256094,-0.023946061919659492,0.9129522886575134,-0.40553393200322213,-0.01249865915168402,0.0899514639871334,-2.3061138406034662,0.09374165534973145,-0.3030731678009033,0.044307559728622437,-1.7476638555526733,0.012777308002114296,9.612201690673828,51.41824382235747,8.218535313515185,479.97796630859375,830
frame_000218.png,1763498288.181501,-0.0016145281611511092,-0.011105510140380824,0.9136701615007018,-0.40630148526263143,-0.018984077436475157,0.011974949138813227,-2.304844856718468,-0.010235905647277832,-0.5051686763763428,-0.037104520946741104,-1.672098994255066,-0.25314071774482727,10.31113338470459,51.41823429590306,8.21852101521766,479.9624328613281,849
frame_000219.png,1763498288.429378,0.23912544490456752,0.08840294096201214,0.8818990128692267,-0.39655777981114326,-0.038749413230209494,-0.5142508551998062,-2.2862543854095523,0.22706282138824463,-0.38536691665649414,-0.20506715774536133,2.1356751918792725,-0.3031523823738098,12.831621170043945,51.41821627698368,8.218493871976822,479.8252258300781,836
frame_000220.png,1763498288.681378,0.18359508316872938,0.09657012821512366,0.8942848540804458,-0.39651186052260506,0.029673022919375718,-0.4169296214468033,-2.313192660914052,0.27013731002807617,0.19881176948547363,-0.09013742208480835,-0.032824933528900146,-0.08914456516504288,10.482613563537598,51.418208860258204,8.218483375353982,479.8448791503906,827
frame_000221.png,1763498289.681232,0.04274504465219718,0.02096606699694834,0.9144831491382222,-0.4018132092584825,0.004013355616650191,-0.09517173857111824,-2.313795201753301,0.0324171781539917,0.4749431610107422,0.012787550687789917,-0.6116109490394592,0.32671016454696655,9.984396934509277,51.41819256034284,8.218459251598333,479.9374084472656,817
frame_000222.png,1763498290.433258,-0.00036907651044727443,0.003963876200307797,0.9131115321524299,-0.4076904233830371,0.007539956169884744,-0.0025580554866457056,-2.301748609377614,-0.023225128650665283,0.10209083557128906,0.029050596058368683,-0.24594604969024658,0.1398582011461258,9.947461128234863,51.41819226210182,8.218458412668888,479.89569091796875,818
frame_000223.png,1763498290.933237,-0.03297599847292076,-0.010053978316400347,0.9137073591802083,-0.4049078448544275,0.008351350437232626,0.06845614885983331,-2.3070237993052753,-0.033305197954177856,0.2465367317199707,-0.00598546676337719,-0.04840430989861488,0.16313515603542328,9.700652122497559,51.41819324043393,8.218459919658349,479.916748046875,830
frame_000224.png,1763498291.181281,-0.04743322292978348,-0.016674217216241332,0.9144777417520723,-0.40150033584388084,0.007630942620301256,0.10031080169610604,-2.3137902762194407,0.10528481006622314,0.0027953200042247772,-0.01827739179134369,-0.3142469823360443,0.0035110325552523136,10.040024757385254,51.41819368358999,8.218460671719532,479.9361572265625,824
frame_000225.png,1763498291.43324,-0.04367894725807246,-0.008131893089446363,0.9158317339809507,-0.39909680143375387,0.020045829973334334,0.08660417577163329,-2.3188003256173624,0.028906211256980896,-0.022204846143722534,-0.004198193550109863,-0.1684536188840866,-0.005953553598374128,9.880599975585938,51.418194345941615,8.218461716445718,479.93853759765625,808
frame_000226.png,1763498291.68134,-0.03988920319754841,-0.008113929654645797,0.9164861656190167,-0.3979901052071224,0.01693290975818273,0.07965855184124995,-2.3215482212292002,-0.015205888077616692,-0.023676365613937378,-0.015926284715533257,-0.25166434049606323,-0.07692509889602661,9.940134048461914,51.41819453134388,8.218461918291297,479.94305419921875,821
frame_000227.png,1763498291.937349,-0.029973173421069796,-0.01712129087674648,0.9153810060653799,-0.4011060757561737,-0.007317472673208955,0.06866259438370084,-2.3158737519015795,-0.07904744148254395,-0.02221803367137909,0.05427749454975128,-0.19225411117076874,-0.12043120712041855,9.78085994720459,51.41819462914901,8.218461863488105,479.94903564453125,798
frame_000228.png,1763498292.693226,-0.04840156124673763,-0.026294474136712497,0.8977700971263685,-0.43700656997860227,-0.0049391164053117125,0.110111035514401,-2.235851216149657,-0.017000287771224976,0.1526024341583252,0.09468275308609009,-0.6358749866485596,-0.015421278774738312,10.138251304626465,51.41819495632062,8.218461086813589,479.94842529296875,826
frame_000229.png,1763498292.929276,-0.04249663587099278,-0.02119811050205704,0.8948254543194475,-0.4438829601964748,-0.00021110488048179876,0.09501600663429445,-2.2206288543304167,0.038593143224716187,-0.03869771957397461,0.10000211000442505,-0.16716496646404266,-0.008929179981350899,9.809682846069336,51.4181952568656,8.218461397590408,479.96807861328125,821
frame_000230.png,1763498293.685223,-0.12869102268508686,-0.0395020511268964,0.8876266886856577,-0.4404509849801327,0.04483399574028835,0.2663963375855388,-2.2143591037340578,0.004256546497344971,0.3331117630004883,-0.035991355776786804,-0.32475918531417847,0.13056227564811707,9.966789245605469,51.41819410591982,8.21846060075622,480.02056884765625,835
frame_000231.png,1763498294.19321,-0.15099315733213692,-0.06612995873495792,0.8810689141332814,-0.44333448269290504,0.018345891033657854,0.3307010127203084,-2.2061575850146538,0.09975022077560425,-0.020553916692733765,-0.014319993555545807,-0.4450627565383911,0.17044900357723236,10.146045684814453,51.41819094518022,8.2184565330995,480.0503845214844,844
frame_000232.png,1763498294.437229,-0.1470783332318709,-0.061640736242290745,0.8815651856042346,-0.4443098097722066,0.023191695681947632,0.3195016223533886,-2.204169053913085,-0.015783045440912247,-0.0899774432182312,-0.06177996098995209,-0.6127558350563049,0.09542844444513321,10.147148132324219,51.41818479950595,8.21844862436462,480.0357971191406,817
frame_000233.png,1763498294.681196,-0.1400679901647466,-0.05136154665085318,0.8841470094573803,-0.44274938207118,0.03474081162343276,0.2975324568148041,-2.2078674666313747,0.03810003399848938,-0.14807260036468506,-0.008184492588043213,-0.8369934558868408,0.17104728519916534,10.07191276550293,51.418180579127785,8.21844332232776,480.02764892578125,821
frame_000234.png,1763498294.93721,-0.1286411584999713,-0.044407636831511804,0.887093154390626,-0.4410727259354345,0.03601170919347368,0.27070141773214296,-2.213859642036179,-0.06332632899284363,-0.12487030029296875,-0.05202325060963631,-1.0453709363937378,0.12354765832424164,10.007818222045898,51.41817570587367,8.218437223427367,480.01483154296875,817
frame_000235.png,1763498295.43323,-0.05993902810998161,-0.02759263804956539,0.8924992564717807,-0.4461961860348152,0.00427350180101613,0.13199750827143752,-2.214110788257279,-0.0029777754098176956,-0.45563817024230957,0.029782287776470184,-1.123497724533081,0.11502059549093246,9.5866117477417,51.41815849768989,8.218414577468195,479.9867858886719,836
frame_000236.png,1763498295.685238,-0.030573492330421205,-0.012154871821366833,0.8943142476287802,-0.4462281335212927,0.005556928184525474,0.06557930656485793,-2.215777888767926,0.05511601269245148,-0.29806017875671387,-0.010100170969963074,-1.1177849769592285,0.08674146980047226,9.742447853088379,51.418152268895554,8.218406346710363,479.9560546875,843
frame_000237.png,1763498296.429214,0.04073141147697268,0.009433556031254831,0.8931642885700667,-0.44778288685793394,-0.019692536933774523,-0.08129757792017679,-2.211346656948525,-0.01816411502659321,-0.2673370838165283,0.03141329064965248,-0.9200666546821594,-0.045092374086380005,9.896544456481934,51.41812908568407,8.21837565113092,479.9214782714844,834
frame_000238.png,1763498296.681229,0.07889484393147399,0.030255136335738717,0.8909093157136515,-0.4462519708650795,-0.01674232409075923,-0.1683735597586103,-2.2114531850756527,0.025322258472442627,-0.3597137928009033,-0.01705821603536606,-0.7066096663475037,-0.17253433167934418,10.003069877624512,51.41812436786114,8.218369335504779,479.9019775390625,836
frame_000239.png,1763498296.933222,0.10991421597049525,0.045344753928945616,0.8872083382724996,-0.44578479440024027,-0.018043966893999532,-0.23769351680175443,-2.2082140641331067,-0.008350787684321404,-0.09516704082489014,0.04617162048816681,-0.49594128131866455,-0.24688591063022614,10.026154518127441,51.41812022499668,8.218363703039403,479.8824157714844,848
frame_000240.png,1763498297.185216,0.10975412523926245,0.0495446279692882,0.8865073205495225,-0.44677078289034905,-0.010531573110795481,-0.24119772911366105,-2.2066833854764893,0.060572534799575806,0.0576663613319397,-0.027496516704559326,-0.3865818679332733,-0.08620437234640121,10.301619529724121,51.418116963796486,8.218359240213639,479.8583984375,848
frame_000241.png,1763498297.437223,0.0908847455856576,0.03574013687398805,0.8900167712015994,-0.44534565521170044,-0.017666797941904917,-0.19484179407308264,-2.211964586060404,-0.05697241425514221,0.305586576461792,-0.026075392961502075,-0.36990100145339966,-0.2904009222984314,10.203934669494629,51.41811312707044,8.218353716778877,479.8465881347656,856
frame_000242.png,1763498297.689245,0.04552976594157803,-0.0018028420069080137,0.8942029762242172,-0.44533675739349804,-0.04393062346123455,-0.0799049632326888,-2.2157012115349755,-0.12003153562545776,0.17985117435455322,-0.02951233834028244,-0.49685192108154297,-0.38650593161582947,9.55240535736084,51.418112485528994,8.21835249277405,479.86859130859375,846
frame_000243.png,1763498297.929217,0.0364019147655422,-0.009990094921309957,0.8954068669616674,-0.44364585110508636,-0.05029051498270298,-0.05635474494345489,-2.220143324072137,0.010833628475666046,0.17545223236083984,0.0025820285081863403,-0.33160603046417236,-0.44490620493888855,8.704246520996094,51.41811236296775,8.218351858641475,479.8732604980469,848
frame_000244.png,1763498298.18121,0.021797095669054786,-0.015445787581216654,0.8966370210307673,-0.4419596890933169,-0.04699790444388136,-0.025438078291544933,-2.225078653344735,-0.02048051357269287,0.11170721054077148,0.05114927887916565,-0.18146531283855438,-0.3277864158153534,7.65920352935791,51.41811255956409,8.218351641553696,479.8429260253906,796
frame_000245.png,1763498298.433223,0.014145580036979884,-0.026051997471312496,0.8965017086784937,-0.4420473756620589,-0.059252178935427516,-0.0023306412308684746,-2.225330423907543,-0.07839292287826538,0.03301197290420532,-0.006734689697623253,-0.15934710204601288,-0.4153284430503845,7.348243236541748,51.41811359232169,8.218352030041212,479.58599853515625,798
frame_000246.png,1763498298.937228,0.011898800842740169,-0.019622755258121533,0.8951337337468913,-0.44520665395177367,-0.04574111492904506,-0.0038296829926956935,-2.2184330257716556,0.08108216524124146,-0.021326959133148193,0.042284101247787476,-0.27534568309783936,-0.3260796070098877,8.529363632202148,51.418114871161436,8.218352962480866,478.9463806152344,843
frame_000247.png,1763498299.189206,0.011777365362186185,-0.018146480456558173,0.8924423508096869,-0.45064248511813126,-0.04301787237307749,-0.004666106094315984,-2.2062861056856047,-0.03935527801513672,0.06558918952941895,0.07886505126953125,0.09767527878284454,-0.4471781849861145,8.635421752929688,51.41811556437757,8.2183536643393,478.4856872558594,810
frame_000248.png,1763498299.429196,0.004578528815796596,-0.025325443204604857,0.8873781860404886,-0.46032337974500626,-0.049187203467199875,0.015190598237549348,-2.1849038346124052,-0.06242886185646057,-0.0492149293422699,0.10344892740249634,-0.18758679926395416,-0.41724321246147156,9.569808006286621,51.41811708375122,8.21835519515345,477.4567565917969,831
frame_000249.png,1763498299.68121,-0.005724792137795989,-0.03809454226036165,0.8839921186428714,-0.4659119732119364,-0.062120628538994624,0.04563458644055404,-2.172898425074696,0.0731278657913208,0.24350690841674805,0.05871785432100296,0.031563807278871536,-0.9755562543869019,9.76854133605957,51.41811787913651,8.218356083823531,476.911865234375,814
frame_000250.png,1763498299.933208,-0.026895506555131395,-0.029692303103913496,0.8865128625817051,-0.4609663147570752,-0.027931790342536764,0.07513139082839926,-2.1836400897217807,0.06787800788879395,-0.08546960353851318,0.07558894157409668,-0.5920427441596985,-0.3476329743862152,11.005803108215332,51.418118618719326,8.218357208088113,476.3892517089844,817
frame_000251.png,1763498300.185207,-0.018912908252801987,-0.022380376524660635,0.889826845934656,-0.4553565689676801,-0.0226400999371504,0.054066867693047464,-2.196220086164057,-0.018638700246810913,0.06005603075027466,-0.037180036306381226,-0.17152203619480133,-0.23107421398162842,11.253528594970703,51.41811929018481,8.218358308028408,475.87005615234375,823
frame_000252.png,1763498300.689204,-0.04286504740230189,-0.029561547207690875,0.890781730768779,-0.45143837981109275,-0.01403912834737075,0.10324053855209044,-2.204189924322741,0.021036453545093536,-0.08777022361755371,0.10381287336349487,-0.7868369221687317,-0.2065632939338684,12.642476081848145,51.418120832300225,8.218361078601527,474.6527404785156,841
frame_000253.png,1763498300.929197,-0.04130916882737806,-0.0191416988915148,0.8929601755150578,-0.4478272801856255,0.0028248995563426595,0.09104496451163145,-2.2117563168907117,0.013412460684776306,-0.016180574893951416,-0.050184398889541626,-0.3488987684249878,-0.23747652769088745,11.987713813781738,51.418121030723896,8.218361658581276,474.407470703125,829
frame_000254.png,1763498301.433217,-0.03061405511594933,-0.024248560630054865,0.8681950257587162,-0.49468392351535956,-0.011851997999304741,0.07722542313722176,-2.106239057514553,0.04685094207525253,0.0050506591796875,1.1725997924804688,-0.3638037443161011,0.08356733620166779,10.543774604797363,51.418121032236726,8.218361384466178,474.1512756347656,812
frame_000255.png,1763498302.189229,0.002657771094640901,0.02319191888527314,-0.44744153059130004,0.8940084719136291,-0.01601800436702659,0.04385999915057502,-0.9284290263294819,0.06453463435173035,-0.103304922580719,1.533646583557129,-0.47719433903694153,0.15472258627414703,9.461974143981934,51.41811828352084,8.218355629423002,474.2480773925781,844
frame_000256.png,1763498302.437234,0.003939932703776999,0.01747886843845884,-0.3277223135154418,0.944604177056447,-0.004015633364195845,0.03561115826100792,-0.6679663708655204,-0.03675755858421326,-0.06146705150604248,0.9011750221252441,-0.4232824742794037,0.21939754486083984,9.645491600036621,51.418115598593225,8.218354897836216,474.2656555175781,830
frame_000257.png,1763498302.68528,0.008351482928076357,0.016390992909955823,-0.27290589988034997,0.9618648334848428,0.007124299573945457,0.03609801643658776,-0.5527920248720789,0.14328217506408691,0.011990882456302643,0.14560580253601074,-0.31565383076667786,0.2889213263988495,9.570219039916992,51.418115021058,8.218355323252691,474.2705993652344,837
frame_000258.png,1763498303.185216,0.04014699845359123,0.018634161978805453,-0.26787784235499,0.9624356851747289,0.06745664349496762,0.05740887684935466,-0.5409873266104872,-0.026543185114860535,0.15952110290527344,-0.006245735101401806,-0.2131798267364502,0.47177425026893616,9.897628784179688,51.418115076508286,8.218356082800366,474.248779296875,853
frame_000259.png,1763498303.437206,0.04031621738501689,0.036988408857253886,-0.26675069065194307,0.9622112705963717,0.058134940457138747,0.09282332493716897,-0.5381695818136577,-0.04659339785575867,0.12095856666564941,-0.006835565902292728,-0.2879475951194763,0.38329848647117615,9.91037654876709,51.4181152657221,8.218357157101934,474.2606201171875,574
frame_000260.png,1763498303.689211,0.04363365189801431,0.06114290665470195,-0.2657793515877885,0.9611030047073165,0.0519114752992648,0.1411917548870204,-0.5359152133326122,-0.007716700434684753,0.25881826877593994,-0.00043937936425209045,-0.27472183108329773,0.38062146306037903,9.83476734161377,51.41811513271965,8.218357887908779,474.2783508300781,829
frame_000261.png,1763498303.941206,0.05391691935660568,0.08991031021101796,-0.2654283408622107,0.9584137404023305,0.05680885855492958,0.2023426232587235,-0.5345793374256231,0.013397105038166046,0.1234123706817627,0.010008290410041809,-0.6002112030982971,0.46192705631256104,10.085931777954102,51.41811481462211,8.218358959062018,474.30145263671875,852
frame_000262.png,1763498304.685201,0.030446551857026473,0.03096949971034953,-0.2694944121187558,0.9620221719921399,0.04202215862882299,0.07607038684895503,-0.5446652238134666,-0.014663424342870712,-0.0456070601940155,-0.003184545785188675,-0.5076342821121216,0.37466686964035034,9.707437515258789,51.418110919961286,8.218368875288208,474.3084411621094,852
frame_000263.png,1763498305.441205,0.004702621437327377,-0.05661769626448295,-0.27291381877074855,0.9603595000546863,0.04017376679658068,-0.10638039812634383,-0.5558981392300415,-0.020014209672808647,0.5735983848571777,0.0018394961953163147,-0.26631978154182434,0.3517656624317169,9.82371997833252,51.418106302326805,8.218380481407738,474.2491455078125,847
frame_000264.png,1763498305.681221,0.018102555016662702,-0.01361106747495648,-0.2711025838033193,0.9622839629751839,0.042237810780213284,-0.01638085759956763,-0.5495671954934875,0.01470533013343811,0.1738748550415039,0.010988503694534302,-0.4367337226867676,0.4284467399120331,10.00396728515625,51.41810583936545,8.218381755152125,474.2757873535156,845
frame_000265.png,1763498305.933202,0.019039226774316378,-0.01925827444601387,-0.26994422707494814,0.9624950602356912,0.04708193195232254,-0.026796135970599013,-0.5475068954754063,0.03179067373275757,-0.05505269765853882,-0.015526758506894112,0.04098370671272278,0.32916876673698425,9.892189025878906,51.41810554949966,8.218382717459296,474.27032470703125,849
frame_000266.png,1763498306.94122,0.021655532765430547,0.002599697372606001,-0.26918902082074136,0.9628403556892424,0.040318541991291354,0.016665821883703462,-0.544898732176742,-0.023867890238761902,-0.053850769996643066,-0.015052273869514465,-0.10271657258272171,0.3223099410533905,9.812636375427246,51.41810500702446,8.218384031777925,474.28497314453125,849
frame_000267.png,1763498307.185202,0.01989492179955577,0.0003198195032243507,-0.26929161736788415,0.9628531116517535,0.03815122819130535,0.011331192223559302,-0.5452093621159012,0.02267223596572876,0.016593851149082184,-0.02148972451686859,-0.08946671336889267,0.33607953786849976,9.839701652526855,51.418104953877815,8.218384183558928,474.281005859375,852
frame_000268.png,1763498307.437201,0.02217009719645072,0.0009292504545765367,-0.269498190600266,0.962745214761972,0.04220395712990317,0.013739297269863112,-0.5455916795410449,-0.01284373365342617,-0.010409347712993622,0.00960182398557663,-0.1031486839056015,0.3287808895111084,9.771140098571777,51.418104882020764,8.218384399380819,474.2823791503906,864
frame_000269.png,1763498307.941214,0.016787485391677535,0.0033694090937688138,-0.2687177668956082,0.9630667625721596,0.030532515038424204,0.0155127451585413,-0.5439681385497616,0.004130709916353226,0.0466972291469574,-0.0073642246425151825,-0.11476884037256241,0.2738678455352783,9.872468948364258,51.41810475578073,8.218384285530911,474.2871398925781,882
frame_000270.png,1763498309.189221,0.021666003556494652,0.006275857154016751,-0.2723161310849715,0.9619434092802887,0.03828516604771008,0.02387631187936654,-0.551285551713588,-0.014866642653942108,0.019897282123565674,0.002130020409822464,-0.11513902992010117,0.27412134408950806,9.796504974365234,51.418104953474455,8.218383490007726,474.29705810546875,831
frame_000271.png,1763498309.441199,0.018196888019939128,0.0074127857424159576,-0.2716762253492994,0.9621881065851332,0.03100391265922728,0.024154661018265057,-0.5500032037255134,-0.046674251556396484,0.007763966917991638,-0.005639210343360901,-0.0203023049980402,0.3236663043498993,9.879422187805176,51.41810508135486,8.218383282172102,474.2921142578125,854
frame_000272.png,1763498310.43721,0.0170220351813412,0.011417463573279425,-0.2703434488831482,0.9625457451413947,0.026611783229479227,0.031188309315538672,-0.547202449426656,0.019171491265296936,0.03158581256866455,0.03524797037243843,-0.1732695996761322,0.18711642920970917,9.778167724609375,51.41810516096115,8.218382516477972,474.3087158203125,869
frame_000273.png,1763498310.689228,0.019045871556366084,0.01557798016222065,-0.2700387754479256,0.9625350077089709,0.028278028209160883,0.04028584627341721,-0.5464667620903947,0.0014014951884746552,-0.021838076412677765,0.011211926117539406,-0.21398095786571503,0.24097514152526855,9.87919807434082,51.418105200289155,8.218382418311517,474.3140563964844,881
frame_000274.png,1763498310.941202,0.016513549898840612,0.014137146682807175,-0.26904273354447,0.9628828855475242,0.024212391351649366,0.03611838684833768,-0.5444926869128547,-0.03685411810874939,-0.0717197060585022,0.008317708969116211,-0.24706903100013733,0.2769593298435211,9.83605670928955,51.41810525074046,8.218382378484604,474.31231689453125,893
frame_000275.png,1763498311.181199,0.01809736363908727,0.010202510518467213,-0.2690835071142179,0.9628927564415197,0.02937789817708152,0.029391482607799398,-0.5445714620194821,0.04412126541137695,0.01647983305156231,-0.0036653168499469757,-0.1396533101797104,0.22074659168720245,9.762410163879395,51.4181052828079,8.218382403477637,474.3124084472656,891
frame_000276.png,1763498311.433225,0.02173980803136672,0.009229035768341713,-0.27022119375849857,0.9625085516966994,0.03688617053868844,0.02951945247073688,-0.5468576171879381,0.03433656692504883,-0.005044750869274139,0.01246611773967743,-0.20653831958770752,0.1861654818058014,9.872992515563965,51.41810536451381,8.218382580551983,474.3060607910156,896
frame_000277.png,1763498311.685208,0.023338224952955833,0.011490921870092277,-0.27017487168520127,0.9624597782143967,0.03874815397746397,0.034736889558348354,-0.5466661508592584,-0.03212881088256836,0.0027528516948223114,0.012239933013916016,-0.27726802229881287,0.31730517745018005,9.791925430297852,51.41810539068588,8.218382636610986,474.3062744140625,906
frame_000278.png,1763498311.937205,0.019006746848700084,0.010396163675168789,-0.2693844420941878,0.9627890141213036,0.031017018277918702,0.030263487544927636,-0.5451694923923855,0.01938757300376892,-0.02837635576725006,0.0025359727442264557,-0.1644033044576645,0.2387484610080719,9.784972190856934,51.4181054283452,8.218382730503452,474.3045959472656,908
frame_000279.png,1763498312.441199,0.020709057518250817,0.009900296209974504,-0.2693943486274453,0.9627563575480844,0.03456405182723364,0.030225554411455604,-0.5451531452504503,-0.004526183009147644,-0.00571189820766449,-0.016772568225860596,-0.16031120717525482,0.29872822761535645,9.849197387695312,51.41810541050178,8.218382933921774,474.2958068847656,914
frame_000280.png,1763498312.681202,0.019743239652764782,0.011233827718048827,-0.2686854880288522,0.9629600791961794,0.03200927812386837,0.03225048952062204,-0.5436838970771817,-0.01006007194519043,0.03179293870925903,-0.008262652903795242,-0.20372633635997772,0.2768165171146393,9.77188777923584,51.418105392149464,8.218382957078243,474.2955322265625,707
frame_000281.png,1763498312.933206,0.024334099800913417,0.01066495895431724,-0.26997705130996524,0.9625001309108265,0.0411194537507984,0.033675710448945954,-0.5462439001250905,0.03793248534202576,0.0058796703815460205,-0.0033279210329055786,-0.2027958184480667,0.29775506258010864,9.840636253356934,51.418105388805664,8.218383053930527,474.2922668457031,911
frame_000282.png,1763498313.185202,0.026860445465864313,0.005243353654406716,-0.27199288998712384,0.961910022563588,0.048856686471538624,0.02470148115361964,-0.5505350408375308,0.0013187676668167114,-0.043933868408203125,-0.004893450066447258,-0.19875001907348633,0.3417864441871643,9.874637603759766,51.41810540433328,8.218383089103968,474.2938537597656,941
frame_000283.png,1763498313.689203,0.020728189465965555,0.01108213440849387,-0.27058778581376924,0.962408322193245,0.0339250624284633,0.032554416384120606,-0.5476101275240199,0.04290895164012909,-0.021631479263305664,0.0004592612385749817,-0.2310347855091095,0.3422076106071472,9.764728546142578,51.41810533806781,8.218383286286967,474.2881774902344,920
frame_000284.png,1763498314.685209,0.034644204187713246,0.006615277236537288,-0.2713554914727425,0.9618327372630182,0.0631269547454895,0.03153259577345992,-0.5489575371378923,0.02297261357307434,-0.016099601984024048,0.007863938808441162,-0.32185375690460205,0.5062995553016663,9.916451454162598,51.41810535206592,8.218383470757045,474.2840881347656,949
frame_000285.png,1763498314.937214,0.030339601841144995,0.006343089748422277,-0.27064660217601594,0.9621796560430601,0.05500108381064875,0.028632916384066277,-0.5476119001774098,-0.05212143063545227,-0.010174911469221115,0.0007233992218971252,-0.24352164566516876,0.3865421414375305,9.776037216186523,51.41810536242486,8.21838353530332,474.2784729003906,961
frame_000286.png,1763498315.441198,0.03296205936065792,0.016066095920938637,-0.27013414275489844,0.9621241750016678,0.054839769948186685,0.04874281260273913,-0.5461052233434402,0.14142799377441406,-0.020943675190210342,-0.002481933683156967,-0.401241660118103,0.39491209387779236,9.583659172058105,51.418105417578275,8.218383630266231,474.28619384765625,964
frame_000287.png,1763498315.681208,0.041053141048625154,0.010761250598158467,-0.2681625644202021,0.962438400179038,0.07338352561779543,0.042744928341305354,-0.5419031965904815,-0.0007985809352248907,0.010668126866221428,0.04430631548166275,-0.19719639420509338,0.6189896464347839,9.784822463989258,51.418105482827215,8.218383628216303,474.27545166015625,959
frame_000288.png,1763498316.1852,0.03947897542915729,0.006427712925279864,-0.267722020353167,0.962665577874078,0.07267316210822987,0.03352053515500289,-0.5412823679975387,0.058503687381744385,0.0017915740609169006,-0.028611518442630768,-0.19683189690113068,0.6302142143249512,9.829888343811035,51.41810556456231,8.218383832096212,474.26318359375,924
frame_000289.png,1763498316.68521,0.03878612714078323,0.0013284633010559768,-0.2679361578693196,0.9626547079991371,0.0740512261019573,0.023344234867001885,-0.5420550271234597,0.013920903205871582,-0.07968050241470337,-0.026915643364191055,-0.13504661619663239,0.6612114310264587,9.774429321289062,51.41810563917836,8.218384259461835,474.25830078125,965
frame_000290.png,1763498316.941199,0.03818264645458497,-0.0034488288526386495,-0.26918643643171963,0.962324713145444,0.07542375458288286,0.01391916404538645,-0.5449824804483443,0.007952619343996048,-0.0031711608171463013,-0.008544515818357468,-0.07916456460952759,0.6211246252059937,9.797102928161621,51.41810564534281,8.21838442298024,474.25311279296875,961
frame_000291.png,1763498317.181202,0.0362575136060501,4.9359227491410285e-05,-0.2692260788912616,0.9623942584593956,0.06983163779581299,0.019619201101492192,-0.5448612454686439,-0.02070176601409912,0.012817233800888062,-0.013798654079437256,-0.18127138912677765,0.6518782377243042,9.770336151123047,51.41810564570479,8.218384585688401,474.254638671875,974
frame_000292.png,1763498317.437502,0.035837114325691415,0.002534773235798666,-0.2670509735595245,0.9630124888506693,0.06774068030984641,0.024025020252083303,-0.540207076164599,0.010872364044189453,-0.004420578479766846,-0.01200946420431137,-0.15579357743263245,0.5060151219367981,9.874861717224121,51.41810551414099,8.21838471061114,474.26239013671875,974
frame_000293.png,1763498317.689475,0.0345616846109246,0.0012613234363073728,-0.26642769281668227,0.963234230870365,0.06597206298120527,0.0208477897490909,-0.5390126727513092,-0.004963710904121399,0.012876089662313461,0.010400662198662758,0.005442735739052296,0.5545898079872131,9.75566291809082,51.41810547663436,8.218384731849982,474.263671875,1005
frame_000294.png,1763498317.93763,0.03474527001760149,-0.00023563776706181136,-0.26824716382271646,0.9627233090495501,0.06708798231192696,0.018187935083147026,-0.5428722393025606,0.02401488646864891,-0.049542903900146484,-0.004556015133857727,0.01625395007431507,0.6454949378967285,9.792186737060547,51.418105442967786,8.218384795974071,474.2655029296875,994
frame_000295.png,1763498318.189397,0.032777956514899655,-0.005389630895529187,-0.269487977439105,0.9624306663138378,0.066047666783558,0.007292302934757568,-0.5457907398737404,0.0001826900988817215,-0.05468997359275818,0.007618866860866547,0.10286793857812881,0.558051347732544,9.773326873779297,51.41810543369562,8.218384866994404,474.2650146484375,989
frame_000296.png,1763498318.44124,0.028545204297089583,-0.007038119828609847,-0.26920970033568736,0.9626327302902624,0.05878049671258493,0.0018190437794097676,-0.5453329834792473,-0.0075137317180633545,0.022751187905669212,0.03473300859332085,0.07277984917163849,0.4959062337875366,9.916619300842285,51.41810526453481,8.218385124757635,474.2527160644531,981
frame_000297.png,1763498318.685232,0.027868107667462574,-0.00778926715921937,-0.27054085533822153,0.9622735273741145,0.057880427303485846,8.811220021721806e-05,-0.5481424868756773,0.013576604425907135,0.013020098209381104,-0.016770966351032257,0.08650854974985123,0.5210002660751343,9.81044864654541,51.41810516884084,8.218385231198296,474.2471618652344,979
frame_000298.png,1763498318.933301,0.027392702185413616,-0.007747389120179616,-0.2704780397808004,0.9623051739573769,0.056942042026628864,-9.24564873317456e-05,-0.5480095419358764,0.0026746541261672974,-0.01570121943950653,-0.01136433333158493,0.08371876925230026,0.4244694113731384,9.806336402893066,51.41810505831008,8.218385242274351,474.2533874511719,979
frame_000299.png,1763498319.441455,0.01842041902287068,-0.006804136002678118,-0.2684421930587404,0.9630956239554269,0.039144482738529995,-0.00321643740475606,-0.5437214556243354,0.005948282778263092,0.07772037386894226,0.033357173204422,-0.07314478605985641,0.4304099678993225,9.902469635009766,51.418104644363304,8.218385206772025,474.26751708984375,982
frame_000300.png,1763498319.685245,0.019641590226178264,-0.005383299201508786,-0.267807445615875,0.9632571827377121,0.040734445544587834,0.00014932496780895924,-0.5423455452231168,0.046720951795578,-0.00837261974811554,-0.014744259417057037,0.07785126566886902,0.390238493680954,9.745737075805664,51.4181045408969,8.218385117791918,474.2749328613281,981
frame_000301.png,1763498319.941224,0.027528947980989874,-0.0015440168824145978,-0.26997882669970025,0.9624714053772092,0.053855190486210375,0.011892602289263556,-0.5466350481294888,0.001525145024061203,0.043877601623535156,-0.015149753540754318,-0.04629034176468849,0.5565834045410156,9.799626350402832,51.41810455730583,8.218385036096448,474.2792053222656,987
frame_000302.png,1763498320.941259,0.02251866951822201,0.0068309736391982,-0.270979179243649,0.9622975276590437,0.03966035625185361,0.025353755456032273,-0.5484733422457605,0.013490468263626099,0.0081348717212677,-0.0009316727519035339,-0.11458484083414078,0.3966340720653534,9.772672653198242,51.41810479955502,8.218384194461782,474.2746276855469,980
frame_000303.png,1763498321.181216,0.028356835341963135,0.010937879397897358,-0.270756801559177,0.9621678684580515,0.0486965701379595,0.03641180967403574,-0.5477313847145494,0.05849155783653259,0.025095343589782715,-0.017598729580640793,-0.1993030458688736,0.4415872097015381,9.83725357055664,51.41810487115105,8.21838388660462,474.27642822265625,981
frame_000304.png,1763498321.43326,0.03030430803222442,0.011220086159751737,-0.27135125139126165,0.9619377614740218,0.052274154184141525,0.03804144756954668,-0.5488933610635195,-0.06607940793037415,0.020372886210680008,-0.005094829946756363,-0.22918222844600677,0.43685346841812134,9.855178833007812,51.41810497268864,8.218383198459652,474.2921447753906,981
frame_000305.png,1763498321.681295,0.02509543203391757,0.011983068792902918,-0.2717498824020312,0.9619660216285281,0.04180943876736356,0.03670221084648453,-0.5498728156185074,-0.046413958072662354,-0.008815847337245941,-0.024055931717157364,-0.23154503107070923,0.33927586674690247,9.826225280761719,51.41810503686799,8.218382965814754,474.29498291015625,982
frame_000306.png,1763498321.933247,0.02408266861068989,0.012627972688719142,-0.27226384636079587,0.9618383218312657,0.03948887727237245,0.03741454459379146,-0.5509603892312837,0.05603010952472687,-0.013151675462722778,-0.007328227162361145,-0.23616662621498108,0.35488253831863403,9.755756378173828,51.418105082556856,8.218382748137635,474.2986145019531,988
frame_000307.png,1763498322.433217,0.02630019173989086,0.01702321690174977,-0.2703863537770538,0.9622420328025122,0.04146627020280634,0.047000638196121415,-0.5468896884322474,0.024076120927929878,-0.04311003535985947,0.03531591594219208,-0.26412200927734375,0.44426777958869934,9.813682556152344,51.418105218357574,8.218382205216766,474.2935485839844,989
frame_000308.png,1763498322.941211,0.033626903346632334,0.017283236225557524,-0.27049346418145714,0.9619791094155853,0.055448543651774575,0.051466657485131705,-0.5467856563275143,0.033690303564071655,-0.003078550100326538,0.006798289716243744,-0.29429617524147034,0.5562703609466553,9.840561866760254,51.41810533624931,8.218382058712583,474.29290771484375,996
frame_000309.png,1763498323.433477,0.035810532395813645,0.0044458285738348665,-0.26875963435598926,0.9625310900530203,0.06662280132597752,0.027810932545217666,-0.5436469856661373,-0.03265690803527832,-0.010924316942691803,-0.00015511363744735718,-0.1423657089471817,0.5603265166282654,9.883703231811523,51.418105429445355,8.218382464693676,474.2848205566406,999
frame_000310.png,1763498323.681613,0.035979042617829145,0.002657495834701744,-0.26844687646746357,0.962618678773197,0.06791385756067919,0.024435665166983832,-0.5430936835700536,0.0029442086815834045,0.04093354940414429,0.029724091291427612,-0.1798943132162094,0.6634743213653564,9.887404441833496,51.41810540408144,8.21838270986344,474.2886047363281,988
frame_000311.png,1763498323.945209,0.03757591039477795,0.0013884317603412417,-0.2680008061969844,0.9626846270160425,0.07168331715378941,0.022815971876250007,-0.542210241871711,0.07057428359985352,-0.03704884648323059,0.01687600463628769,-0.1650134176015854,0.6406373381614685,9.817570686340332,51.418105397520726,8.218382962426183,474.28955078125,992
frame_000312.png,1763498324.433234,0.03844804572274752,0.0002183457038729613,-0.26763567490578605,0.9627527437628934,0.07399886910892878,0.021002107113231364,-0.5415103463046756,-0.03637336194515228,-0.018044527620077133,0.02105042338371277,-0.2212340384721756,0.59178227186203,9.718615531921387,51.41810545928707,8.218383643321452,474.2763671875,993
frame_000313.png,1763498324.689234,0.03645272289612277,0.0014245937426171464,-0.26867447890342905,0.9625399700335036,0.06948210690967967,0.02233214571338821,-0.5436286974129823,0.03556506335735321,0.05083318054676056,-0.016696453094482422,-0.27158039808273315,0.6162413358688354,9.860095024108887,51.41810547706796,8.218383751500905,474.28033447265625,984
frame_000314.png,1763498324.937228,0.03702643526327648,0.005375597517869748,-0.268560124854826,0.9625360280950425,0.06847599834058883,0.030240669683205,-0.5431506999775231,-0.008595526218414307,0.023458391427993774,0.013607531785964966,-0.22604314982891083,0.665938138961792,9.781327247619629,51.4181055040299,8.218383835924387,474.27545166015625,984
frame_000315.png,1763498325.68945,0.035385382775463874,0.006194590618736035,-0.26967629805707344,0.9622807261912361,0.06483684659449322,0.031012039097214044,-0.5454696904989533,-0.027737870812416077,-0.008909082040190697,0.0014697164297103882,-0.08789993822574615,0.5706637501716614,9.79669189453125,51.41810562723885,8.218383948874736,474.2903747558594,988
frame_000316.png,1763498325.94124,0.03573987533514467,0.005160829071692109,-0.27190928444799345,0.9616451363082441,0.06600796146891127,0.029366000714691705,-0.5501522263779441,0.0270673930644989,0.02565896511077881,-0.000928148627281189,-0.09594626724720001,0.4624895751476288,9.773700714111328,51.41810558081796,8.21838386214085,474.2965393066406,982
frame_000317.png,1763498326.181258,0.029448716641728212,0.0018583783398537315,-0.2732916903548902,0.9614785340823101,0.05565234365221584,0.019671029454508483,-0.5533266774219642,0.007597118616104126,-0.058722078800201416,-0.0105950478464365,-0.030696380883455276,0.5474255084991455,9.714838981628418,51.41810557084255,8.218383920398436,474.2995910644531,995
frame_000318.png,1763498326.441541,0.02740477001811714,-0.002728249674774499,-0.2739583804764926,0.9613471490573338,0.05421498983479491,0.00977009816254809,-0.5549642290970831,0.04589401185512543,-0.021560102701187134,-0.009747818112373352,-0.16588346660137177,0.4921649098396301,9.850337982177734,51.41810541163843,8.218383973378003,474.310791015625,970
frame_000319.png,1763498326.689317,0.03105429044477004,-0.003247851937789595,-0.2766100817262133,0.96047485401242,0.06149293295927995,0.010941117692832346,-0.5604738292672086,0.02456533908843994,0.029370233416557312,-0.0165255069732666,-0.17721959948539734,0.5569391846656799,9.753998756408691,51.41810539384576,8.21838393729884,474.3081970214844,996
frame_000320.png,1763498326.941477,0.02869063811317455,0.00626133700930039,-0.2780366639641295,0.9601214800405272,0.051654411617975675,0.027981038024455167,-0.5630260463818804,-0.0638664960861206,0.0447959303855896,-0.0007080100476741791,-0.19461485743522644,0.4988729953765869,9.821365356445312,51.41810539001182,8.218383903445773,474.3064270019531,1024
frame_000321.png,1763498327.181239,0.0261901827614586,0.008953524372889708,-0.2782499751842554,0.9601098166554629,0.04534668628401709,0.03177291431380941,-0.5634447781593523,3.273040056228638e-05,-0.03709195554256439,0.009173410013318062,-0.20858071744441986,0.4525909721851349,9.815364837646484,51.418105398482815,8.218383738121107,474.3157043457031,994
frame_000322.png,1763498327.685496,0.03063753350167142,0.009638327951018634,-0.2768872060331411,0.9603655133908149,0.05356832690039011,0.03548636506568469,-0.560452966361791,0.048704594373703,-0.04310179501771927,0.017294302582740784,-0.25618869066238403,0.5653085112571716,9.746933937072754,51.41810549569181,8.218383367156898,474.3219909667969,979
frame_000323.png,1763498328.185224,0.032011688306308746,0.011024706051461901,-0.2752237237937731,0.9607838516177024,0.0555144080480718,0.03881521711051368,-0.5568954479182577,0.003079734742641449,-0.004221193492412567,0.023173581808805466,-0.28051868081092834,0.3999355733394623,9.824000358581543,51.41810563033279,8.218383239127684,474.3216857910156,967
frame_000324.png,1763498328.946468,0.02233734574895,0.01586987250315414,-0.2694686294535895,0.9626192642327649,0.03448998199201282,0.04260460567994059,-0.5451577274790834,0.02075430005788803,-0.011861354112625122,0.010689564049243927,-0.175171360373497,0.3606145679950714,9.834075927734375,51.41810556197857,8.218382649680889,474.3398132324219,962
frame_000325.png,1763498329.189206,0.02635682444118971,0.012546240468171415,-0.2705915660090677,0.9622515856366523,0.043980598680331384,0.03841859857524179,-0.5474095208785209,0.03977134823799133,0.009310618042945862,-0.01788964495062828,-0.1738480180501938,0.501602053642273,9.815738677978516,51.41810549530598,8.218382543885735,474.3362731933594,968
frame_000326.png,1763498329.433513,0.025205984535186028,0.010748225658101195,-0.27119541982485296,0.9621341789245594,0.04271152814626819,0.034360726640600824,-0.548747254453228,0.0007214269135147333,-0.06713363528251648,-0.026336759328842163,-0.21654585003852844,0.40937328338623047,9.800393104553223,51.418105427961216,8.218382699039173,474.311279296875,951
frame_000327.png,1763498329.685266,0.024950442785281843,0.007589142821769703,-0.2723916297514956,0.9618329794498488,0.043893412849345385,0.028195294859040276,-0.551329266040281,0.004181206226348877,0.026632942259311676,0.0038656722754240036,-0.18448159098625183,0.35811975598335266,9.756073951721191,51.41810536870447,8.218382714781473,474.31060791015625,958
frame_000328.png,1763498330.189267,0.030340525102878813,0.0071427543225993095,-0.27224637240523797,0.9617225932197688,0.05452111932291116,0.030263511625291624,-0.5509034613280989,0.0296705961227417,-0.012172006070613861,0.01609230227768421,-0.10432204604148865,0.45116570591926575,9.882749557495117,51.4181052758223,8.21838286825805,474.30657958984375,960
frame_000329.png,1763498330.437455,0.025878821442316423,0.0031626969448434526,-0.27152854845244584,0.9620771961355802,0.04810562746732884,0.02014055647666353,-0.5496691077232121,-0.07080546021461487,-0.05675676465034485,-0.005179941654205322,-0.14184583723545074,0.40058568120002747,9.815253257751465,51.41810518648037,8.218383133286906,474.3005676269531,960
frame_000330.png,1763498330.933236,0.024631864504270833,0.0026532698537253376,-0.2722733996605566,0.9619009446130145,0.045966061728137504,0.01851862697777143,-0.5512578662732996,-0.01833365112543106,0.004372023046016693,-0.00839364342391491,-0.22545026242733002,0.4463028609752655,9.899422645568848,51.418105038206726,8.218383355185003,474.3003845214844,958
frame_000331.png,1763498331.185249,0.024235171659844897,0.0022681768505336416,-0.2720441130929146,0.9619768772480355,0.04541586422778266,0.01755083994995409,-0.5508022035714247,-0.022131532430648804,0.01163870096206665,0.024193547666072845,-0.16967327892780304,0.3757399022579193,9.839290618896484,51.418104998714426,8.218383427395917,474.3033447265625,963
frame_000332.png,1763498331.433275,0.023876058761697808,0.005779170970822102,-0.27223883003031246,0.9619160849183387,0.04281242742929849,0.02412047443775511,-0.5510923403796748,-0.021092727780342102,0.01790785789489746,0.002908710390329361,-0.16166959702968597,0.4358142912387848,9.753811836242676,51.41810500480892,8.218383601195475,474.2982482910156,960
frame_000333.png,1763498331.681232,0.025459631754556702,0.006218492914302284,-0.27311792275044283,0.9616234906496827,0.04559944930304113,0.025869546567642485,-0.5528705515059186,0.03164595365524292,0.032765984535217285,0.012981591746211052,-0.21113654971122742,0.43830734491348267,9.853235244750977,51.41810502342666,8.218383613373987,474.2988586425781,954
frame_000334.png,1763498331.937299,0.02819387646529726,0.007909691346905653,-0.27159170473763583,0.9619669890543859,0.04999085990247302,0.030536915624136716,-0.5495716636499786,-0.02229982614517212,0.03456848859786987,0.05363897234201431,-0.18712753057479858,0.4051705002784729,9.828935623168945,51.41810508273233,8.218383594373103,474.29876708984375,961
frame_000335.png,1763498332.441246,0.03350085896786101,0.011245683297225226,-0.2711912872133643,0.9618765579819235,0.05842743388876847,0.03981471871011185,-0.5484495281471785,-0.027843236923217773,-0.007555544376373291,0.004808202385902405,-0.2908197343349457,0.4911385774612427,9.979350090026855,51.4181052981943,8.218383599617919,474.3061828613281,960
frame_000336.png,1763498332.933254,0.029551179269784303,0.0038646339517671227,-0.2718741925805583,0.9618712054203793,0.054790004254697156,0.023505130579308902,-0.550287087698675,0.02313973754644394,-0.03922155499458313,-0.0202215313911438,-0.16376368701457977,0.4953530430793762,9.801514625549316,51.41810534819712,8.218383763186093,474.3092041015625,957
frame_000337.png,1763498333.193234,0.026723603823416067,0.0034091226711082624,-0.272117146069271,0.9618869401839374,0.049586164593524794,0.021103849237174448,-0.5508670401984037,-0.04303291440010071,0.03982962667942047,0.007405039854347706,-0.15461933612823486,0.3780337870121002,9.854487419128418,51.418105325524934,8.218383838009618,474.31231689453125,957
frame_000338.png,1763498333.941247,0.02428978785959512,0.006349562642994024,-0.27238421387705286,0.9618609719135913,0.04329529737309717,0.02544984973325682,-0.551367620198498,-0.01845639944076538,0.012024648487567902,-0.03462629392743111,-0.15090693533420563,0.4276786148548126,9.837197303771973,51.41810527999203,8.218383990626794,474.30548095703125,962
frame_000339.png,1763498334.437255,0.02275033548967797,0.005796941276747612,-0.2707938109516741,0.9623510428410259,0.04067048592602839,0.023480842695476165,-0.5481126530295678,0.010548893362283707,-0.007488984614610672,0.009393345564603806,-0.1907961368560791,0.28655415773391724,9.758130073547363,51.418105126333344,8.218384042600002,474.3092956542969,960
frame_000340.png,1763498334.689447,0.021883881551548235,0.005221692541050055,-0.2702667519786817,0.9625225776209814,0.03932450748466177,0.02188271149564621,-0.5470519749798993,-0.022489547729492188,-0.01628696173429489,0.01957174390554428,-0.16158416867256165,0.40298235416412354,9.825907707214355,51.41810508540507,8.218384122239932,474.3036804199219,963
frame_000341.png,1763498335.193231,0.02133354863058069,0.003084673930291125,-0.27062039126011894,0.9624447871560168,0.03941139880753513,0.017485134184470875,-0.5478608718303036,0.041433513164520264,0.03144299238920212,-0.03545180708169937,-0.0879836156964302,0.34551844000816345,9.804205894470215,51.418104955320345,8.21838409022288,474.305908203125,941
frame_000342.png,1763498335.44123,0.021626539205650466,0.0032279617536464973,-0.2718081088604718,0.9621030220421289,0.03987614780269411,0.017968767895371645,-0.5503195307720502,0.0018876465037465096,0.01868344470858574,6.506592035293579e-05,-0.0957803800702095,0.39050135016441345,9.820448875427246,51.41810492445223,8.218384115599953,474.3044738769531,967
frame_000343.png,1763498335.693228,0.021204272226713197,0.004410068239969858,-0.2728102593218525,0.9618240444832921,0.038400490538805385,0.020054249537499333,-0.552373730405151,-0.006683185696601868,0.015208661556243896,-0.00651196762919426,-0.10118324309587479,0.2791857123374939,9.856898307800293,51.418104908586116,8.21838413032088,474.3001403808594,980
frame_000344.png,1763498335.933289,0.020597514821729217,0.004177159063603618,-0.27432728668277884,0.9614066951642216,0.03732900369289437,0.01933402258930344,-0.555545299803055,0.0008100755512714386,-0.02524857223033905,-0.02779066562652588,-0.12717114388942719,0.36478638648986816,9.847515106201172,51.418104887152374,8.218384149369195,474.30230712890625,985
frame_000345.png,1763498336.193256,0.017858369021383266,0.0005998635564817399,-0.2764339813507737,0.9608667820120382,0.033995995972578866,0.011026321456587183,-0.5600674321198986,-0.010160844773054123,-0.024387285113334656,-0.029476098716259003,-0.04152088239789009,0.29571908712387085,9.804990768432617,51.41810484588321,8.218384178433793,474.2996520996094,963
frame_000346.png,1763498336.433236,0.017857837393441527,0.004078758919923697,-0.27745141423534114,0.9605650285681401,0.03205444866175003,0.01774612227136747,-0.5620931847062829,-0.0022104978561401367,0.037755608558654785,-0.007240369915962219,-0.1457856148481369,0.26904937624931335,9.877889633178711,51.41810474547079,8.21838417184017,474.3090515136719,972
frame_000347.png,1763498336.693234,0.017536553808768857,0.004669211672016701,-0.27687114401955365,0.9607356750699838,0.03112089975613286,0.018683574864771384,-0.5608770117987574,0.0018405765295028687,-0.023654118180274963,0.0449831485748291,-0.15194623172283173,0.3118692934513092,9.784523010253906,51.41810470350968,8.21838411349774,474.3116149902344,965
frame_000348.png,1763498336.933249,0.014140145074054925,0.008330931196916353,-0.2755247297092244,0.9611538769631717,0.022599283461364715,0.02380878223955334,-0.5580791961574981,-0.023552417755126953,0.024198085069656372,0.026925329118967056,-0.18275652825832367,0.25970396399497986,9.873740196228027,51.41810464155483,8.218384032653763,474.3110656738281,966
frame_000349.png,1763498337.693611,0.022306836155435706,0.013636431720081584,-0.27556056946312657,0.9609281062326337,0.03538882524432448,0.038510548182920094,-0.5578600721845647,-0.01663510501384735,0.0651555061340332,0.008353471755981445,-0.3221166133880615,0.22896026074886322,9.826523780822754,51.4181047905865,8.218383810448321,474.3089904785156,971
frame_000350.png,1763498337.937487,0.021725814918929495,0.008416468255092865,-0.2747354153410721,0.9612375375450066,0.03716598136557144,0.028121858508284397,-0.5562615266162169,0.023337319493293762,-0.04044324904680252,0.02224726974964142,-0.14499281346797943,0.3038375675678253,9.808448791503906,51.41810482816538,8.218383805894504,474.3091735839844,988
frame_000351.png,1763498338.193466,0.02028013907236728,0.009540403066908095,-0.2733935208027065,0.9616411386019352,0.03380895332070133,0.029442058765311654,-0.5534834319875629,0.004536747932434082,0.02671140432357788,0.01790080964565277,-0.19033993780612946,0.24681785702705383,9.881983757019043,51.41810483097067,8.218383738327729,474.3074035644531,953
frame_000352.png,1763498338.933238,0.021398958883079647,0.0063408353884593935,-0.2696501664803952,0.9626996759542364,0.037801588503628664,0.023751339060243744,-0.5457499902752652,0.059849321842193604,-0.005000646226108074,0.008240286260843277,-0.010834068059921265,0.2526126801967621,9.731942176818848,51.41810486341436,8.218383781451449,474.30072021484375,946
frame_000353.png,1763498340.185311,0.024495881965932626,0.0031111466632505387,-0.27674788117331833,0.9606252561739306,0.045364932118612415,0.01953690180186816,-0.5605487483805025,-0.012650668621063232,-0.021302059292793274,0.022933345288038254,-0.17598183453083038,0.28914564847946167,9.8910493850708,51.41810503739658,8.21838461334648,474.2816162109375,933
frame_000354.png,1763498340.941443,0.02108517608213199,0.006307690595587195,-0.2781563801608234,0.9602836333941984,0.037005414343973385,0.02384655662101567,-0.5634474383270832,0.008029162883758545,-0.018185347318649292,0.01790652424097061,-0.20000019669532776,0.28078505396842957,9.745064735412598,51.41810510170999,8.21838459018762,474.29388427734375,919
frame_000355.png,1763498341.185414,0.020823886434968915,0.0008284114476450027,-0.278893976311051,0.9600957397393386,0.03953751841842873,0.013206405466434432,-0.5651494532404227,0.0448782742023468,0.00516936182975769,0.004043231718242168,-0.10928477346897125,0.34282734990119934,9.810748100280762,51.418105107559185,8.21838461075642,474.29290771484375,921
frame_000356.png,1763498341.437366,0.022000119172823386,0.0012101992841321292,-0.278743164209742,0.9601128988720102,0.04158693743685864,0.014589139075379513,-0.5648078604680669,-0.011376827955245972,-0.0032397955656051636,-0.016318030655384064,-0.16389919817447662,0.45082923769950867,9.887497901916504,51.41810514374879,8.218384584274082,474.28228759765625,626
frame_000357.png,1763498341.93352,0.024034645071030612,0.010341211675910168,-0.2769494441865427,0.9605281883121123,0.04047725407221867,0.033184904229489,-0.5607614786285922,0.0048617348074913025,-0.06203368306159973,0.042706042528152466,-0.17014174163341522,0.3874387741088867,9.859160423278809,51.418105193706396,8.218384450467584,474.2914123535156,891
frame_000358.png,1763498342.18951,0.026734269901517626,0.0012628855199409593,-0.2741342263003074,0.9613189428611755,0.050737088326971914,0.017086459714554605,-0.5551493901301774,0.0687512755393982,-0.047097355127334595,0.007941216230392456,-0.04911000654101372,0.43164247274398804,9.771943092346191,51.41810519163598,8.218384391031302,474.2979431152344,868
frame_000359.png,1763498342.689228,0.014265227838492985,0.006577324275669352,-0.4772621037437633,0.8786205815994558,0.018796293786024997,0.025177110080369918,-0.9949702746342274,0.16751539707183838,-0.24564683437347412,-1.5396366119384766,-0.2963791489601135,0.34231215715408325,9.790915489196777,51.41810624308904,8.218384318352689,474.29534912109375,865
frame_000360.png,1763498342.933276,0.01969791073938614,-0.018128511122402356,-0.6369853413360489,0.7704109450935817,0.05347185685282392,-0.0028382497926911156,-1.3818309185333473,0.07531815767288208,-0.04878866672515869,-1.6344060897827148,-0.18562982976436615,0.12806689739227295,9.635753631591797,51.41810745658805,8.218384877395115,474.29248046875,873
frame_000361.png,1763498343.193275,0.019873393809808158,-0.0005302633036362905,-0.782905151098113,0.6218233603068881,0.025560413862760714,0.030463216012059056,-1.7987518026690597,-0.1481853723526001,0.01505234744399786,-1.5812044143676758,-0.5692671537399292,0.06752783060073853,10.021818161010742,51.418108619337836,8.218386240843525,474.26812744140625,887
frame_000362.png,1763498343.441234,-0.01788639709058823,-0.006134446244305596,0.8863056706639391,-0.4627144946047604,0.005682603952873053,0.03739133699644485,-2.179190178723322,0.04485076665878296,0.12309861183166504,-1.6264467239379883,-0.46014371514320374,-0.07230188697576523,9.737568855285645,51.418110216150126,8.218390205151005,474.3039855957031,876
frame_000363.png,1763498343.941264,-0.011137316061372238,-0.01963244154488451,0.9962069061191061,-0.08403765602713063,-0.037264769181781794,0.02549263216899084,-2.973750962218481,0.03653770685195923,0.12398654222488403,-1.5832996368408203,-0.10268547385931015,-0.3456212282180786,9.760205268859863,51.4181102935915,8.218394550254587,474.3160705566406,877
frame_000364.png,1763498344.689372,0.006742539073000174,-0.011233508926322277,0.9704330483660277,0.24101461591171236,-0.0185568767705836,-0.01850230081765425,2.6548994040502363,-0.16014492511749268,-0.06776225566864014,0.009572409093379974,0.4028562009334564,-0.2548259198665619,9.839720726013184,51.418107511453904,8.218397693052387,474.2696228027344,864
frame_000365.png,1763498344.937436,0.004207097429321987,-0.016821004141211102,0.9699332300482159,0.24275272068328385,-0.030596784961791874,-0.01632862182774798,2.6513623371024995,0.03522461652755737,0.13261950016021729,-0.015325777232646942,0.4921497106552124,-0.2148980349302292,9.88901138305664,51.418107516487034,8.218397127070801,474.2763671875,872
frame_000366.png,1763498345.685441,-0.04245955423993763,0.008372998776394993,0.9698680347012938,0.23975628127305923,-0.004133943559788001,0.08648305235427052,2.6567209796735174,0.03717122972011566,0.19447863101959229,0.0531584769487381,0.19610729813575745,-0.1302909553050995,9.839888572692871,51.41810756394924,8.218393710296258,474.33038330078125,874
frame_000367.png,1763498346.189499,-0.0420536383483733,0.019415129047735,0.9694195228183703,0.24099861627056524,0.01744617030062086,0.09101889588625545,2.6550642293863604,0.03501448035240173,-0.08109033107757568,-0.030162863433361053,0.22723884880542755,-0.11448290944099426,9.893385887145996,51.418108140097,8.218389976451396,474.36572265625,870
frame_000368.png,1763498346.441532,-0.030743153638185246,0.012906426168936936,0.9699073544541316,0.2411804437422575,0.010229168335432422,0.06590928513763931,2.654489326490878,-0.08197939395904541,-0.1967383623123169,0.012715544551610947,-0.08811825513839722,-0.1132962554693222,10.024435043334961,51.41810963954381,8.21838427481684,474.3711242675781,863
frame_000369.png,1763498347.693502,0.06623598724206438,-0.01980373895934168,0.9769718674693703,0.20185781156722796,-0.01206967979321752,-0.13785266704057664,2.7349284518103283,0.20308971405029297,0.0827791690826416,1.0487098693847656,0.5567055344581604,-0.23326236009597778,9.969985008239746,51.418115419272205,8.218366933804594,474.3717346191406,828
frame_000370.png,1763498347.933449,0.04066229246994806,-0.026609242137698125,0.9983851470931019,0.02942149329709606,-0.05093653447817136,-0.08285378753514852,3.0847833490026635,-0.13517093658447266,0.1626969575881958,1.5687294006347656,-0.05728635936975479,-0.2677970230579376,9.889665603637695,51.41811654548071,8.218365454715935,474.37872314453125,825
frame_000371.png,1763498348.19323,0.020502821065883182,-0.03662781648365014,0.9837215502244623,-0.17472821469917527,-0.0793412626567506,-0.027541789720312407,-2.788926858540022,0.15053319931030273,0.03829491138458252,1.5705251693725586,-0.1755332201719284,-0.2769368290901184,10.047408103942871,51.41811788745576,8.218363685740982,474.40179443359375,824
frame_000372.png,1763498348.437244,0.013477340017614732,-0.016606082798510738,0.9334460873467547,-0.35807960195628785,-0.04066847551662417,-0.013268530903516481,-2.408726727926586,0.23651647567749023,-0.02363629639148712,1.5956964492797852,-0.048950012773275375,-0.22505509853363037,9.857291221618652,51.41811899692346,8.218360066066108,474.4150085449219,785
frame_000373.png,1763498348.689234,0.0030458786771227968,0.000584680646765662,-0.8402048350354308,0.5422602843235984,0.0023208555449695774,0.005752453895833721,-1.9953299266149105,0.10686051845550537,0.028530538082122803,1.6109209060668945,-0.2561521828174591,0.001941213384270668,9.84327220916748,51.41811887004696,8.218358398646084,474.4073486328125,787
frame_000374.png,1763498349.189809,0.010518931183446385,0.007874330367414127,-0.5728778312078165,0.8195354400626316,0.00822186904244396,0.024961302583390462,-1.2200433780296014,0.04601007699966431,0.020436223596334457,1.6068649291992188,-0.4556961953639984,0.08957353234291077,9.961069107055664,51.418117409220564,8.218355745314748,474.40533447265625,798
frame_000375.png,1763498349.433247,0.010607578280850087,0.0023352550976966716,-0.3905467908761934,0.9205190003486897,0.017707229459688802,0.0125851369042176,-0.802389584307316,0.008334338665008545,-0.03057807683944702,1.5122051239013672,-0.3239274024963379,0.02881009317934513,9.744690895080566,51.41811494189348,8.218355076107578,474.4112854003906,788
frame_000376.png,1763498349.937273,0.021150483445345675,0.0011026168198236387,-0.2620322757075463,0.9648266827641643,0.04024963799116939,0.013212271270970447,-0.5301108179729599,0.19545888900756836,-0.062048137187957764,0.011450007557868958,-0.09401529282331467,0.32656005024909973,9.788018226623535,51.41811363942568,8.218356268731931,474.42095947265625,755
frame_000377.png,1763498350.193275,0.037877622509699845,0.006774564250628429,-0.2620154596482644,0.9642962666616186,0.06959426114302168,0.03292036529605889,-0.5294764123009061,-0.019159801304340363,0.10443854331970215,-0.0037963977083563805,-0.003110030433163047,0.35511910915374756,9.726166725158691,51.418113724661865,8.21835670309093,474.412109375,779
frame_000378.png,1763498350.44126,0.032422976072265325,0.023257312357606565,-0.26110384788697477,0.9644856809010351,0.05051582603463084,0.0618336119762972,-0.5271996498550027,-0.07349973917007446,0.08891314268112183,0.01537453755736351,-0.14885036647319794,0.23102515935897827,9.866413116455078,51.41811385162,8.218357633028608,474.42559814453125,784
frame_000379.png,1763498350.685222,0.03310052705536042,0.04164370361233817,-0.2607659191800043,0.9639353154918189,0.042309353496370855,0.09770201647683474,-0.5263282020830796,-0.005140982568264008,0.22042882442474365,-0.023298345506191254,-0.05121554061770439,0.3226061165332794,9.790167808532715,51.41811375877406,8.218358260652673,474.42724609375,812
frame_000380.png,1763498350.945219,0.04234490271070158,0.07359358809636006,-0.2607935951123765,0.9616535726309586,0.04365890421946544,0.1643687610861568,-0.5260498953714225,0.014826685190200806,0.2649955749511719,0.001560024917125702,-0.20652225613594055,0.3023950755596161,9.919198989868164,51.418113470324954,8.218359013984866,474.442138671875,796
frame_000381.png,1763498351.189248,0.03835491596380471,0.07921040030440162,-0.26130498246838,0.9612358290462468,0.03283714241584472,0.17318889604983131,-0.5280062416442428,-0.06665855646133423,-0.16811752319335938,-0.016211919486522675,-0.3654738962650299,0.23808109760284424,10.014547348022461,51.41811306386221,8.218360373077742,474.4543762207031,797
frame_000382.png,1763498351.441381,0.029471265261040432,0.04849794179667294,-0.2653726049816434,0.9624742981974409,0.031181422020231837,0.10921476490132909,-0.5363648023160398,0.04265815019607544,-0.24332308769226074,-0.0036291182041168213,-0.2804509401321411,0.21217747032642365,9.917909622192383,51.41811138970149,8.218364890146722,474.4303894042969,785
frame_000383.png,1763498351.685231,0.026354896218571434,0.024763673383156413,-0.26663537396631415,0.9631187659243924,0.037640761933969646,0.06179433215684177,-0.5389993286400441,0.002416413277387619,-0.14125216007232666,-0.013132378458976746,-0.14989741146564484,0.3223712742328644,9.70018482208252,51.41811021914529,8.218367827270248,474.41961669921875,722
frame_000384.png,1763498351.933235,0.02321250264098794,0.01654476432477025,-0.2654509488138408,0.9637028817371107,0.035999233130573655,0.04422645207475471,-0.5367708252439044,-0.018021397292613983,-0.06819701194763184,0.021196871995925903,-0.18051202595233917,0.20346581935882568,9.896077156066895,51.418108921832314,8.218371143591757,474.41143798828125,793
frame_000385.png,1763498352.193305,0.017419337207415748,0.011955285443196713,-0.2637409631977084,0.9643621426480672,0.0273084962314747,0.03225242622556831,-0.5334785145598728,-0.03395640850067139,-0.03862127661705017,0.01067410409450531,-0.1874336153268814,0.25755175948143005,9.8300199508667,51.4181075950463,8.218374531894048,474.3946838378906,791
frame_000386.png,1763498352.437273,0.01588542617799707,0.010072064038672546,-0.2626126256888619,0.9647179979610342,0.02537232175746666,0.027780402987139664,-0.5312015885990022,0.026673048734664917,0.006522250361740589,-0.015032980591058731,-0.29247164726257324,0.23694467544555664,9.889198303222656,51.41810484313279,8.218381430131332,474.396728515625,786
frame_000387.png,1763498352.685224,0.01689540711980013,0.006642052290899323,-0.2622871443592757,0.9648190930239086,0.02912873712160607,0.021681352532285543,-0.5305569210421027,-0.0022177547216415405,0.01241564005613327,0.003516126424074173,-0.29487064480781555,0.26683321595191956,9.848823547363281,51.41810350957782,8.218384867210828,474.3905944824219,772
frame_000388.png,1763498352.941222,0.020297232171880713,0.0095206306747171,-0.26317455374188536,0.9644877055828529,0.03416274486702136,0.02905257931894928,-0.532263391672689,0.019533812999725342,0.03392866253852844,-0.011572823859751225,-0.42114049196243286,0.34923258423805237,9.82022476196289,51.41810220507761,8.218388203033374,474.395263671875,694
frame_000389.png,1763498353.185227,0.021349630314090925,0.011319697480159041,-0.26312790880185866,0.9644582735110785,0.03525117606562906,0.03307614966258751,-0.5321021067753888,-0.035943493247032166,0.03485531732439995,-0.007698684930801392,-0.34533560276031494,0.3679339587688446,9.745288848876953,51.418101028285584,8.218391588520015,474.4002380371094,793
frame_000390.png,1763498353.685214,0.02548051585698513,0.014271897150820443,-0.2650908482048374,0.9637810428003957,0.04159556991122854,0.04103078271654289,-0.5359773390936452,0.043244242668151855,0.020496100187301636,0.02041536569595337,-0.29572638869285583,0.5091173648834229,9.708950996398926,51.418097514812,8.218400965268419,474.40667724609375,791
frame_000391.png,1763498354.185327,0.02328021882440114,0.020665645573303765,-0.26666447260400616,0.9632865729134574,0.03388217724236032,0.052253668408454246,-0.5392438350341656,-0.060498058795928955,0.01724645495414734,0.03689835965633392,-0.34594249725341797,0.3660329282283783,9.697587013244629,51.41809536418679,8.218407075172065,474.3987121582031,795
frame_000392.png,1763498354.437273,0.023213890779114427,0.028640676685078113,-0.266174430974499,0.9632196007190249,0.029545054909988835,0.0675838479769672,-0.5382210766147432,0.05925995111465454,0.021020203828811646,0.011511034332215786,-0.4503660500049591,0.3899516761302948,9.909311294555664,51.41809308771692,8.218412956719439,474.4090881347656,801
frame_000393.png,1763498354.94125,0.025764148776073175,0.018144784259810514,-0.2643998844383142,0.9638981671063678,0.040131261383657996,0.04862268090885041,-0.5344597026819039,-0.02942134439945221,-0.02445712685585022,0.002380321267992258,-0.3414073586463928,0.33725014328956604,9.836710929870605,51.41809083994477,8.21841916587159,474.4083251953125,791
frame_000394.png,1763498355.189227,0.026180153872390324,0.012550013829275206,-0.2655055353122286,0.9636720953803062,0.04383981674775427,0.0380993643779319,-0.5368533863623733,0.06659984588623047,-0.0674331784248352,0.015016786754131317,-0.3181305229663849,0.37527963519096375,9.842374801635742,51.418089717902326,8.218422292482218,474.4133605957031,798
frame_000395.png,1763498355.433252,0.03017749799228985,0.010430883650210773,-0.2667426278070096,0.963238748074335,0.0526303105911784,0.036202019974052674,-0.5393526227755524,0.03814953565597534,0.020658060908317566,0.018710192292928696,-0.35803332924842834,0.45904263854026794,9.801458358764648,51.418087513418065,8.218428842328342,474.4085998535156,791
frame_000396.png,1763498355.69323,0.03066435028039959,0.013932095161555517,-0.2671413253830865,0.9630685887406245,0.05169136189834586,0.043232022375162,-0.5400476099935224,-0.005765639245510101,0.041865527629852295,-0.007708217948675156,-0.44699856638908386,0.4733344316482544,9.847477912902832,51.418086377195145,8.218431930780008,474.4111328125,788
frame_000397.png,1763498355.941222,0.031300706884023866,0.012447967058878464,-0.26787946986254013,0.9628633877611227,0.053677818190116675,0.04075229595568994,-0.5416043751352527,0.012864571064710617,-0.0038792937994003296,0.0380953773856163,-0.3467462658882141,0.36903414130210876,9.75646686553955,51.41808531044231,8.218435105100376,474.4132995605469,790
frame_000398.png,1763498356.185222,0.02747007311485592,0.012856712455298206,-0.26712206340269,0.9631852902071312,0.04610110698853567,0.039452751893228055,-0.5401561520535852,-0.07325679063796997,0.013898076489567757,0.03342795372009277,-0.33955100178718567,0.4345444142818451,9.842972755432129,51.41808418552779,8.218438120042164,474.4095458984375,757
frame_000399.png,1763498356.433781,0.02908216719202839,0.014811410190566619,-0.26742763420314913,0.9630250828218797,0.048157158922845084,0.04409655900862799,-0.5406785814157263,0.02983337640762329,0.018273886293172836,-0.033878907561302185,-0.411726713180542,0.5256639122962952,9.764522552490234,51.418081978529884,8.218444198224637,474.4122619628906,769
frame_000400.png,1763498357.437502,0.029377300718506482,0.017510849603821606,-0.2677285466914561,0.9628872050427961,0.047273168321828325,0.04947240842878097,-0.5412249742006454,-0.022665217518806458,-0.00584624707698822,0.013687051832675934,-0.5310612320899963,0.3302289545536041,9.953835487365723,51.418076611052,8.218459003672523,474.3897705078125,767
frame_000401.png,1763498357.685493,0.029227980105144217,0.01787381219210876,-0.2666101234590919,0.9631953561380071,0.0468495840268763,0.050037774541758444,-0.5389006525847281,0.01773473620414734,0.07857576012611389,-0.012788891792297363,-0.44885608553886414,0.4403891861438751,9.800580024719238,51.41807543436986,8.218461869033789,474.4026794433594,777
frame_000402.png,1763498357.933227,0.031665821361094214,0.02117714716541353,-0.2665698503861811,0.9630624689294827,0.04980540175852227,0.05770415605305872,-0.538628818493753,-0.037808388471603394,0.010227805003523827,0.04027935117483139,-0.440123975276947,0.3719191551208496,9.822524070739746,51.41807439132543,8.218464819852258,474.39727783203125,779
frame_000403.png,1763498358.185239,0.030873174422155928,0.02026973732325933,-0.26554585432353683,0.9633905667492951,0.048815224516611425,0.05548029200107973,-0.5365614524161579,-0.006961844861507416,-0.03709402680397034,-0.007652416825294495,-0.4565203785896301,0.44385477900505066,9.797663688659668,51.41807330172329,8.218467720206108,474.39849853515625,793
frame_000404.png,1763498358.44127,0.030793813133825617,0.01782698832599868,-0.2656504940455865,0.9634125567861567,0.049947797329431214,0.05073203118513376,-0.5368388876027514,0.005329638719558716,-0.01008482277393341,-0.017796963453292847,-0.46190720796585083,0.42246294021606445,9.80822467803955,51.4180711002858,8.218473603965315,474.39306640625,787
frame_000405.png,1763498358.68932,0.034213231481954445,0.01680698325498152,-0.2666143705629626,0.9630491978682835,0.057040082568317926,0.050637018858209565,-0.5387145953493042,-0.041821032762527466,-0.009914621710777283,-0.0023124832659959793,-0.41983380913734436,0.488858163356781,9.836710929870605,51.41807005166917,8.218476577622756,474.38812255859375,788
frame_000406.png,1763498358.933865,0.03390632624767925,0.021773627442243818,-0.26697511818955133,0.9628606111250306,0.053791010256211344,0.06007034762231546,-0.5393395884384594,0.05025738477706909,0.04101794958114624,-0.01882234588265419,-0.42847710847854614,0.4715312421321869,9.793140411376953,51.4180689457112,8.218479443418671,474.394287109375,793
frame_000407.png,1763498359.189204,0.03529165853370791,0.020173794714202855,-0.26574479171603815,0.9631859750435369,0.05738948992316254,0.05765131154173141,-0.5367537170957166,-0.04513610899448395,-0.07522663474082947,0.0006852149963378906,-0.37232568860054016,0.6134801506996155,9.766634941101074,51.41806785895958,8.218482426986874,474.39801025390625,794
frame_000408.png,1763498359.441201,0.03718086069090819,0.015957946547309962,-0.2648666725216393,0.963435816921704,0.06331213004140833,0.05046627514354202,-0.5349831041692936,0.042433202266693115,-0.009255833923816681,0.0014220401644706726,-0.3436877727508545,0.6165608763694763,9.809309005737305,51.418065664480785,8.218488547762862,474.402099609375,791
frame_000409.png,1763498359.696329,0.038784153733696064,0.011776734542097045,-0.26356544870608656,0.9637895787935483,0.06866949460296365,0.043158310627405584,-0.5323997804461668,0.0003213733434677124,-0.03600817918777466,-0.0037188567221164703,-0.29333528876304626,0.5966030359268188,9.873310089111328,51.418064588112465,8.21849175979045,474.3909606933594,793
frame_000410.png,1763498359.933199,0.03676157169468142,0.01018295778813889,-0.2636938852188315,0.9638518709404571,0.06559198487169754,0.039027235638153995,-0.5328169327726339,-0.05694389343261719,-0.05742144584655762,0.024048086255788803,-0.3790799379348755,0.6205165386199951,9.868693351745605,51.4180634802843,8.218494907211488,474.38818359375,790
frame_000411.png,1763498360.185215,0.03529536443197331,0.0071913613064507565,-0.2627802674837457,0.9641831011759879,0.06436112115588541,0.032423109248643674,-0.5311151062354607,0.0773162841796875,0.005052164196968079,0.007140869274735451,-0.316508412361145,0.6070828437805176,9.73469066619873,51.41806242199058,8.21849808129788,474.38897705078125,791
frame_000412.png,1763498360.433402,0.04226397888841672,0.007138145069414305,-0.2629536174464195,0.963855901079269,0.07784774965227616,0.03599499101971985,-0.5312640684762785,-0.0276012122631073,0.035006165504455566,0.010666526854038239,-0.32595255970954895,0.6831756830215454,9.914040565490723,51.41806018507096,8.218504106601346,474.3836669921875,786
frame_000413.png,1763498360.685228,0.03348298652743378,0.01534570257010182,-0.2636618566572192,0.9639117305904632,0.056550371598126446,0.047257766367922824,-0.5326672220204509,-0.08839869499206543,0.010675221681594849,-0.017066411674022675,-0.36015310883522034,0.45788198709487915,9.809196472167969,51.418059159490966,8.21850713249155,474.39288330078125,793
frame_000414.png,1763498361.189263,0.037456378102279336,0.009070365238283688,-0.2657675298639755,0.9632665094790248,0.06743794148816537,0.037392449345824,-0.5371484597645516,0.004943758249282837,-0.008855879306793213,0.012180466204881668,-0.2954839766025543,0.5531446933746338,9.74282169342041,51.418056964593255,8.218512978523801,474.4029235839844,793
frame_000415.png,1763498361.441252,0.03624507867981253,0.011883880182674786,-0.265514109919503,0.9633521293363876,0.06362227161838865,0.042156367487538066,-0.5365337089299828,-0.024828612804412842,0.06187596917152405,0.018280208110809326,-0.37797361612319946,0.6141718029975891,9.809944152832031,51.41805475053268,8.218518865475017,474.40576171875,781
frame_000416.png,1763498361.693262,0.034214925341887005,0.013972176470275863,-0.2650941873829088,0.9635139796517369,0.058618315380510225,0.04508039786721041,-0.5356572534987559,0.0034419596195220947,0.006951950490474701,0.009204506874084473,-0.33261042833328247,0.5413786172866821,9.746260643005371,51.4180536429328,8.218521865875534,474.4107666015625,779
frame_000417.png,1763498361.933289,0.0354710243955063,0.011451828977025777,-0.2649687312663333,0.9635363166443307,0.06237900878633636,0.04087731395721558,-0.5354496398442742,0.01750294864177704,0.013197358697652817,0.037293046712875366,-0.32315343618392944,0.48515889048576355,9.857160568237305,51.41805251837163,8.21852474607444,474.4075012207031,805
frame_000418.png,1763498362.185222,0.03600443116906251,0.010479989937207218,-0.2653813295572982,0.9634140338761467,0.06390479133259767,0.03931307211319874,-0.5363295505679545,0.01444496214389801,0.002025878056883812,-0.018109912052750587,-0.24463820457458496,0.5377383828163147,9.799813270568848,51.41805136027063,8.218527694374202,474.4091796875,774
frame_000419.png,1763498362.441289,0.033452374807755265,0.012705595914791723,-0.26528401030164794,0.9635060458193538,0.05780568058246099,0.042245161621498564,-0.5361280880688372,-0.042861610651016235,0.018295563757419586,0.023926865309476852,-0.36127346754074097,0.44892966747283936,9.895535469055176,51.41804912916699,8.218533675486146,474.3912353515625,797
frame_000420.png,1763498362.685246,0.03122597900821068,0.012552893664681762,-0.26520639849953526,0.9636041351564073,0.05359090088162669,0.040765989681641746,-0.5360550135799294,0.040393903851509094,0.008536696434020996,-0.023129910230636597,-0.2638874650001526,0.4547417163848877,9.912843704223633,51.41804793073016,8.218536551514909,474.4008483886719,793
frame_000421.png,1763498362.937264,0.03480605118123584,0.008052264028592037,-0.26758174112358013,0.9628726352236086,0.06279614236074904,0.03414016855494254,-0.5410471478241831,0.035368114709854126,-0.028631120920181274,0.02986883744597435,-0.2957859933376312,0.5193588733673096,9.808205604553223,51.41804680406877,8.21853946150119,474.40338134765625,781
frame_000422.png,1763498363.189264,0.03371408036062939,0.00855440712277477,-0.2672588218765438,0.9629968354223064,0.060433349738054136,0.03450335029601061,-0.5403873580623358,-0.03453071415424347,0.03318503499031067,0.02339756488800049,-0.15708479285240173,0.5127483010292053,9.745158195495605,51.4180457196593,8.218542500711559,474.3934631347656,805
frame_000423.png,1763498363.445232,0.031007762790887756,0.012309360917386748,-0.26710685512248344,0.9630892618169337,0.05321893470325932,0.04028569462011026,-0.5400154881743463,0.002475697547197342,-0.022598668932914734,-0.01068791188299656,-0.3405212461948395,0.5188109278678894,9.813664436340332,51.418043459767304,8.21854826828683,474.3890075683594,801
frame_000424.png,1763498364.193275,0.03328639430409492,0.01342711087629302,-0.268066189963512,0.9627316585872693,0.05697824771767312,0.043713243473473315,-0.5418833177738417,0.005991810001432896,0.04148077964782715,-0.038456760346889496,-0.3139773905277252,0.4830256700515747,9.773494720458984,51.418040190086025,8.218556906088537,474.4006652832031,597
frame_000425.png,1763498364.693461,0.039643606895652654,0.01975064376840403,-0.26481939563685614,0.9632803248263544,0.06607839422652924,0.05908197183237466,-0.5346194986641706,0.07995468378067017,0.015466481447219849,0.006584275513887405,-0.6338042616844177,0.6595267653465271,9.484759330749512,51.418036902876054,8.21856556841453,474.41680908203125,0
frame_000426.png,1763498364.945269,0.045810660738328186,0.019009882112448657,-0.2626918936818958,0.9636041597765175,0.07852454230607546,0.060741525821585984,-0.529906246198736,0.032682329416275024,-0.01641162484884262,0.029823869466781616,-0.3776908814907074,0.8386640548706055,9.742578506469727,51.418035930444326,8.218568461217155,474.413330078125,442
frame_000427.png,1763498365.445367,0.04796860446796423,0.01700000197400367,-0.2647974514849177,0.9629601874456558,0.0836193158882228,0.05817739100220938,-0.5342658879395412,-0.01026010513305664,-0.03425529599189758,0.01845981553196907,-0.4070361852645874,0.927992045879364,9.833832740783691,51.41803307215955,8.218577150849745,474.3989562988281,839
frame_000428.png,1763498365.685225,0.0463194443168019,0.01772875020425894,-0.26482445189526244,0.9630203581299573,0.08004635896972669,0.058713064681892815,-0.5343687404433299,0.0021840985864400864,-0.02158340811729431,-0.03915636986494064,-0.387673020362854,0.8448254466056824,9.742354393005371,51.41803207857329,8.218580151733129,474.3963928222656,847
frame_000429.png,1763498365.941231,0.051013190330109204,0.012960290953034312,-0.2685194976846577,0.9618352065889124,0.09142477129113442,0.05235131031569014,-0.5420900844621065,0.021262675523757935,-0.032723307609558105,0.014335259795188904,-0.3521564304828644,0.7434095740318298,9.661642074584961,51.4180311141524,8.218583323645705,474.387451171875,845
frame_000430.png,1763498366.193328,0.05043783942855424,0.014900364972291238,-0.2676611471362215,0.9620766673146137,0.08933075493620363,0.05569988367061011,-0.5402094463654655,-0.030552968382835388,-0.0038200169801712036,-0.02076742798089981,-0.48004254698753357,0.5600496530532837,9.845253944396973,51.41803013041243,8.218586332918552,474.38958740234375,839
frame_000431.png,1763498366.689233,0.04132916313415669,0.014674782889026556,-0.26890906773005435,0.9621665470771384,0.0717917686054632,0.050488190635452644,-0.5432447261612116,-0.12580084800720215,0.00958426296710968,-0.03482097387313843,-0.3043881058692932,0.6095922589302063,9.742241859436035,51.41802679109496,8.218595211269486,474.39556884765625,851
frame_000432.png,1763498366.941244,0.030827532828826526,0.014798379300597995,-0.2753097431595011,0.9607472178004018,0.05116172527870978,0.045424863910019944,-0.5569964733251237,0.06629934906959534,-0.1019626259803772,-0.06019192934036255,-0.5513397455215454,0.31484365463256836,9.812280654907227,51.418025637121055,8.218598073368472,474.4101867675781,855
frame_000433.png,1763498367.445231,0.03497725626774422,0.02887298109924533,-0.2674032542157998,0.9625167230449679,0.052058219173480684,0.07435601646869969,-0.5400292848276956,-0.12518084049224854,0.14953064918518066,0.09010744094848633,-0.463559091091156,0.8074367046356201,9.716614723205566,51.418022076105096,8.21860632432329,474.4267883300781,863
frame_000434.png,1763498367.693241,0.03483495417195899,0.01119388130241219,-0.26223840108207475,0.9643092055907908,0.061399736865435504,0.03986941263806141,-0.5298217602475266,0.17174339294433594,-0.3613011837005615,-0.006583072245121002,-0.6129766702651978,0.8267572522163391,9.700764656066895,51.418020981565114,8.21860913902826,474.42279052734375,871
frame_000435.png,1763498367.937331,0.02805531431186758,-0.0403837304788497,-0.26061668908510277,0.9641892941854275,0.07537274476307612,-0.06329400713953674,-0.5303629979103803,0.012895047664642334,-0.39555811882019043,0.014606751501560211,-0.11813442409038544,0.7404013276100159,9.665678977966309,51.418019881799324,8.218611842374985,474.40228271484375,866
frame_000436.png,1763498368.193359,0.038380413005973966,-0.05523441418879788,-0.2599643225108931,0.9632728867813957,0.10322865667755876,-0.08656462162454909,-0.5316674183757492,0.38794445991516113,0.49889183044433594,0.042690426111221313,0.039220523089170456,0.3880970776081085,8.986878395080566,51.418018964694014,8.21861454276125,474.374755859375,871
frame_000437.png,1763498368.437233,0.04710175399695707,-0.04377472900241818,-0.2584780973012094,0.9638746137785359,0.11388096016653194,-0.06007328206534772,-0.5274280666940764,-0.10542863607406616,-0.038179606199264526,0.05994579568505287,-0.42724400758743286,1.115287184715271,10.116456031799316,51.418017864916955,8.218618401910396,474.3366394042969,868
frame_000438.png,1763498368.69323,0.03839203056198503,-0.037952359210933796,-0.2619070049013141,0.9635820625163561,0.09413897164467797,-0.05305502835660418,-0.5332876800833173,0.014344364404678345,0.08142083883285522,-0.05136248469352722,-0.2693835198879242,0.878171980381012,9.890730857849121,51.41801759352366,8.21861938147511,474.3367919921875,860
frame_000439.png,1763498369.185225,0.04705285133363449,0.0182804715675212,-0.25990339661840645,0.9643143045536862,0.08148053331599585,0.059750178062047944,-0.5240951973497526,-0.09873926639556885,0.4354410171508789,-0.026366576552391052,0.17578791081905365,0.8930917382240295,9.330456733703613,51.41801767976646,8.21862004861825,474.35015869140625,860
frame_000440.png,1763498369.437258,0.053396140986392386,0.016009736205717835,-0.2590128088355251,0.9642639189213275,0.09498789757154645,0.0585692707308449,-0.522050714107095,0.09140950441360474,-0.21189916133880615,-0.004230611026287079,-0.3352828025817871,1.0565241575241089,9.901665687561035,51.4180181285531,8.21862021545612,474.3587341308594,874
frame_000441.png,1763498369.941226,0.05230020389039203,0.00047787150923227125,-0.2611230991948297,0.9638875387609963,0.10078410722110542,0.028238564275791883,-0.5276882158549391,-0.024584859609603882,0.033378854393959045,0.02264825999736786,-0.3878330588340759,0.7357867360115051,10.002752304077148,51.418018370728596,8.218620512594104,474.336669921875,886
frame_000442.png,1763498370.185402,0.05073680791873732,0.00473699729761882,-0.26155024001327043,0.9638437680079797,0.09553274259554498,0.03567946888390464,-0.5282553114585037,0.019146621227264404,0.03240782022476196,-0.018439635634422302,-0.31041598320007324,0.8580722212791443,9.772635459899902,51.41801843322411,8.218620603307341,474.3368835449219,892
frame_000443.png,1763498370.445378,0.0570040213670649,0.0067329904027713244,-0.2649963400695833,0.9625394267966093,0.10646891934789417,0.04318667475480588,-0.5350064826329823,0.0977168083190918,-0.0005475431680679321,0.022017449140548706,-0.495282381772995,1.2143058776855469,9.831141471862793,51.41801855717428,8.218620594557374,474.3559875488281,897
frame_000444.png,1763498370.689224,0.0623505088027815,0.004620108714148284,-0.26276270254503187,0.9628327117411075,0.11801421579839706,0.041675623055554355,-0.5303741847758829,-0.029911866411566734,-0.08423155546188354,0.013400256633758545,-0.21307030320167542,1.1717184782028198,9.799476623535156,51.41801866628334,8.218620606946537,474.35662841796875,905
frame_000445.png,1763498370.945504,0.05446503795530179,0.001784579090626064,-0.26075557780400366,0.9638656045124222,0.1043051082924401,0.03184969815884323,-0.5267507867811446,-0.024684805423021317,-0.007287479937076569,-0.014575546607375145,-0.14779412746429443,0.9741391539573669,9.803458213806152,51.41801873584077,8.21862068591669,474.3570556640625,910
frame_000446.png,1763498371.437522,0.05772122051225028,-0.010172086080324154,-0.2586928550579423,0.9641798567224483,0.11684196459755991,0.010248873086132296,-0.5236604754918474,-0.07556736469268799,-0.06793665885925293,-0.014490790665149689,-0.05611664801836014,1.169155240058899,9.699063301086426,51.41801887067841,8.218621144251655,474.3544921875,891
frame_000447.png,1763498371.937305,0.06133815799837854,-0.013232510954216825,-0.26222762886606565,0.9629637592799084,0.1254039289324495,0.006684312251251163,-0.5313133135663757,0.07138627767562866,-0.06146664917469025,-0.0014754682779312134,0.16794776916503906,1.2324020862579346,9.474983215332031,51.41801894048504,8.218621602837318,474.3609924316406,915
frame_000448.png,1763498372.441235,0.0589604275521305,-0.019447291716334282,-0.26371484822356095,0.9626006179377788,0.12408846280006683,-0.006342512164280663,-0.5351936851340138,-0.028678711503744125,-0.05995042622089386,-0.01684793084859848,-0.03206929564476013,0.9643632173538208,9.967741966247559,51.41801912395139,8.218622517028697,474.34503173828125,924
frame_000449.png,1763498372.689247,0.05604214146893575,-0.023572229406283847,-0.2644387765684071,0.9624841618579484,0.12065359229754387,-0.015737013820477784,-0.537210843196403,-0.0831037163734436,0.003395259380340576,-0.00856417790055275,0.1975926160812378,0.9624858498573303,9.797308921813965,51.41801909735565,8.218622635530885,474.3482666015625,925
frame_000450.png,1763498372.942397,0.044484810137864796,-0.01020809771025167,-0.2646928955900089,0.9632520788621807,0.09123138363088425,0.003883693492069491,-0.5361663037797428,-0.0605204701423645,0.03611278533935547,0.042331088334321976,0.004060548730194569,0.6963524222373962,9.737849235534668,51.4180190428086,8.21862263902435,474.3460998535156,937
frame_000451.png,1763498373.189314,0.04078914664409322,-0.014321703128480922,-0.2673466664969754,0.962630195998703,0.08629594670966122,-0.005763354916229891,-0.5420449140182637,-0.046541035175323486,-0.1350575089454651,0.0030969083309173584,0.16785869002342224,0.8933686017990112,9.904918670654297,51.41801894055158,8.218622582951001,474.3516540527344,940
frame_000452.png,1763498373.437531,0.035203211431145215,-0.019310474331393268,-0.2703744272656223,0.961917620467999,0.0782599839425404,-0.018115065524484893,-0.5487263807432968,-0.007553406059741974,0.02140796184539795,-0.03601504862308502,0.33435580134391785,0.8197629451751709,9.581957817077637,51.418018674514556,8.218622371282102,474.33526611328125,938
frame_000453.png,1763498373.685215,0.03756218939167,-0.0124924264313464,-0.2673272487800431,0.9627923780699837,0.07909136749028703,-0.003972442854657086,-0.541828941524481,-0.02208849787712097,-0.014434628188610077,0.054423436522483826,0.2600710988044739,0.7044075131416321,9.844524383544922,51.41801852409757,8.218622302167761,474.32843017578125,936
frame_000454.png,1763498373.937231,0.03268175799879722,-0.011066733693135902,-0.2674622390906387,0.9629503521781875,0.06891673343842705,-0.0038311672431861205,-0.5419795506033309,-0.014919064939022064,0.01317816972732544,-0.01386239193379879,0.21601371467113495,0.6824175119400024,9.867497444152832,51.418018352310476,8.218622232303153,474.3287048339844,954
frame_000455.png,1763498374.18523,0.03180079184989871,-0.015198304468317304,-0.2664670143416914,0.9631993830182994,0.06942172117677156,-0.012330583319083661,-0.5402232512499442,0.010095696896314621,-0.07966190576553345,0.06790757179260254,0.268042653799057,0.5964377522468567,9.970677375793457,51.418018214770704,8.218622261141897,474.3277282714844,951
frame_000456.png,1763498374.445248,0.034101457484002784,-0.02659613874137096,-0.26321738076906903,0.9637667489919888,0.07986197714207521,-0.03331892019581164,-0.534553656886726,0.0009635239839553833,-0.0458473265171051,0.031944841146469116,0.4011014699935913,0.6381250023841858,9.794093132019043,51.418017827359094,8.218622534064467,474.318359375,965
frame_000457.png,1763498374.685342,0.024626019616850327,-0.025284407313338975,-0.26297878694314236,0.9641558045889457,0.06086173008057862,-0.035811628703508465,-0.5336468534202928,-0.08276647329330444,0.06544807553291321,-0.02620081976056099,0.48942068219184875,0.6195656061172485,9.79166316986084,51.418017622013586,8.21862264748841,474.3208312988281,954
frame_000458.png,1763498374.937441,0.024472585663424896,-0.019356917171026763,-0.26339830636145223,0.9641824176547189,0.05743794976216017,-0.024437555415293067,-0.5340545210962847,0.006416507065296173,-0.0021484731696546078,0.0038688350468873978,0.3461037278175354,0.5998887419700623,9.79166316986084,51.41801744541302,8.218622677454649,474.3320617675781,980
frame_000459.png,1763498375.185359,0.025283423324467934,-0.024692779800486255,-0.26380274079234206,0.9639290062453608,0.06184660912929423,-0.034271208935038426,-0.5353271018950465,0.033801525831222534,0.032648228108882904,-0.009224725887179375,0.4272802174091339,0.7129310369491577,9.747176170349121,51.41801723843596,8.218622679133949,474.3452453613281,979
frame_000460.png,1763498375.689544,0.03537276529678491,-0.024643076131177527,-0.26380723489642616,0.9636115550834544,0.08129652880646868,-0.02883351808116771,-0.535616067875026,0.038423120975494385,0.02606555074453354,0.004416853189468384,0.5178833603858948,0.8037964701652527,9.875515937805176,51.41801684268215,8.218622921578326,474.3553466796875,962
frame_000461.png,1763498375.937276,0.030036229032722173,-0.035271063668336225,-0.2638038584632376,0.9634631810677075,0.07666605781485679,-0.05214101880829107,-0.5365153847556755,-0.04900553822517395,-0.09520429372787476,0.01532311737537384,0.576982855796814,0.6755540370941162,9.603808403015137,51.418016727764154,8.218623148566099,474.3551940917969,962
frame_000462.png,1763498376.193225,0.021830604632158183,-0.04336405422067871,-0.26295419255001445,0.9635860501913207,0.06509204487858888,-0.07215168312437895,-0.5351594161858829,-0.10950708389282227,0.001442931592464447,-0.0402001217007637,0.6452215313911438,0.5330507755279541,9.818598747253418,51.418016576375564,8.218623380952936,474.3506774902344,954
frame_000463.png,1763498376.437251,0.01890594077053809,-0.041477838104870254,-0.26498802420889966,0.9631736610682369,0.05857828696797341,-0.06993802760649839,-0.5390047818001688,0.015362441539764404,0.04164600372314453,-0.035767048597335815,0.5748654007911682,0.4907694160938263,9.819552421569824,51.41801629188827,8.218623708969199,474.3395690917969,966
frame_000464.png,1763498376.693282,0.026700385866762544,-0.038141247602554766,-0.2646257438951495,0.9632266349586817,0.07181152401650497,-0.05938100332722558,-0.5383611022073308,0.04039021581411362,0.006430193781852722,0.01840876042842865,0.5637167692184448,0.5972800254821777,9.802355766296387,51.41801621293958,8.218623743176472,474.3322448730469,958
frame_000465.png,1763498376.941252,0.023400573726630854,-0.03831076293103035,-0.26245179782223044,0.9639002813635786,0.06539167441953549,-0.061611436835749836,-0.5336891691989872,0.06169634684920311,-0.03758878633379936,0.045322541147470474,0.6191310286521912,0.6659708619117737,9.719437599182129,51.41801611770193,8.218623746922342,474.3358459472656,963
frame_000466.png,1763498377.185204,0.028124115745544073,-0.035779934364895113,-0.26064455148756704,0.9643615754426449,0.0730682216591358,-0.05437558413595172,-0.5299275370923674,-0.0016958527266979218,0.10868221521377563,-0.01970885694026947,0.5007515549659729,0.7282783389091492,9.802392959594727,51.41801608678272,8.21862369121956,474.33221435546875,957
frame_000467.png,1763498377.445276,0.022003980422808718,-0.031495319502134037,-0.25948983604651643,0.9649812924008232,0.05891816285891025,-0.0493852415378341,-0.5268404503427532,-0.008238300681114197,0.04734422266483307,0.01771588623523712,0.5465276837348938,0.6166023015975952,9.847440719604492,51.41801606197972,8.218623363314627,474.33636474609375,962
frame_000468.png,1763498377.689208,0.03245083720028521,-0.028424663397729314,-0.26107458275601814,0.9643542108138986,0.0775634734680271,-0.03788777400749204,-0.5302447582262182,0.08644896745681763,0.06394141912460327,-0.0017672143876552582,0.5164510607719421,0.8826732635498047,9.701456069946289,51.418016124075386,8.218623107653956,474.3353271484375,954
frame_000469.png,1763498378.189202,0.03620201208337192,-0.0331845675604769,-0.2600834682236709,0.9643364497693149,0.08728311750705363,-0.045186461924441465,-0.5288417173822826,0.03028005361557007,-0.008295930922031403,-0.0026134923100471497,0.40308457612991333,0.8462390303611755,9.829178810119629,51.418016346614465,8.218622813058955,474.3243408203125,962
frame_000470.png,1763498378.689202,0.041216588475351354,-0.020051870262965385,-0.25783294956784913,0.9651016969472977,0.09003173424037453,-0.01745108462649124,-0.522904957184293,0.06524676084518433,0.007971793413162231,0.034910060465335846,0.24227920174598694,0.8916582465171814,9.841833114624023,51.418016780935396,8.218622248072249,474.3280029296875,962
frame_000471.png,1763498378.945318,0.046327346919504984,-0.020386252940431667,-0.259430443243739,0.9644345611480365,0.10011585728839476,-0.015285560758948555,-0.526320166719519,0.04390138387680054,0.07102370262145996,-0.006155763752758503,0.25175634026527405,0.9504622220993042,9.839814186096191,51.41801700003698,8.218622072833899,474.3204345703125,961
frame_000472.png,1763498379.189241,0.04741374955636588,-0.015623824126372856,-0.25881012923466973,0.9646373149936757,0.09972814223965967,-0.0056003594849533215,-0.524528834304868,-0.06754153966903687,0.15237975120544434,0.03955844044685364,0.336833655834198,1.074723243713379,9.711512565612793,51.418017255379304,8.218622004515593,474.31414794921875,962
frame_000473.png,1763498379.445225,0.05102203618794528,-0.010718436542010388,-0.25650374809517046,0.9651361013631498,0.1041749436262855,0.005485214427676477,-0.5192432492500568,0.04607490450143814,0.01826029270887375,0.0444769561290741,0.30806663632392883,1.1472692489624023,9.870058059692383,51.41801758544794,8.218621638236327,474.328125,962
frame_000474.png,1763498379.941234,0.05482662687493016,-0.04663687389815231,-0.2543378957097628,0.9644331380580278,0.13009304034499386,-0.06210723556595035,-0.5197408699951502,0.0040746331214904785,-0.05143415927886963,0.00904829055070877,0.401812344789505,1.0581550598144531,9.886768341064453,51.418017886624824,8.218621777571071,474.314697265625,965
frame_000475.png,1763498380.185241,0.050824337403191096,-0.04281024556722152,-0.2561043863046273,0.9643623348708363,0.12043705365620004,-0.056566667326377905,-0.5225653431259403,-0.06692683696746826,0.10728520154953003,0.01839262992143631,0.33489319682121277,0.889757513999939,9.732876777648926,51.418017980179016,8.218621791917034,474.3101806640625,968
frame_000476.png,1763498380.439502,0.04812369989781882,-0.017557857754160494,-0.2584383367792379,0.9646685737713292,0.10210353269445133,-0.009001130819172351,-0.5239739204308153,-0.05802066624164581,0.26122260093688965,0.006169252097606659,0.17897869646549225,0.8282490968704224,9.754541397094727,51.41801817261213,8.218621098989004,474.3623962402344,958
frame_000477.png,1763498380.693273,0.044769930419849224,0.008192591646851573,-0.256798523767641,0.9653926936553177,0.08238861893894195,0.03882159102284442,-0.5183672985231035,-0.03485000133514404,-0.047860220074653625,-0.019686995074152946,0.0457390733063221,0.9998675584793091,9.713288307189941,51.41801826687744,8.21862068367549,474.38433837890625,960
frame_000478.png,1763498380.937254,0.04528979533472567,-0.006027362637824345,-0.2616985817257014,0.9640676105237264,0.09061009649580999,0.01208327425477904,-0.529582514066442,0.0528828501701355,-0.1229468584060669,-0.06633996963500977,0.06220776215195656,0.9558571577072144,9.340849876403809,51.418018297170576,8.218620229243433,474.40325927734375,958
frame_000479.png,1763498381.193337,0.09431198337360389,-0.13949233749787188,-0.20649335149015097,0.9638504206368755,0.24855758382622561,-0.2320262043415552,-0.4512093611186336,0.5425534248352051,-0.2628631591796875,1.1355066299438477,2.3763511180877686,3.3333706855773926,8.943541526794434,51.41801832297727,8.218619819701644,474.4052734375,930
frame_000480.png,1763498381.693287,-0.03397243525209868,0.03853373397743961,0.189340832719523,0.9805667106596447,-0.052260911067373655,0.0885502089740455,0.3791755812828878,-0.24816107749938965,-0.8612356185913086,1.5895147323608398,0.025048179551959038,0.46764156222343445,10.328871726989746,51.41801616084673,8.218619011254225,474.4267883300781,964
frame_000481.png,1763498381.945336,-0.0443897004356379,-0.05794389423606051,0.3809586326755254,0.92170634141574,-0.12665226980458952,-0.07305820439531663,0.788505103406087,-0.24560868740081787,-0.22402119636535645,1.4923057556152344,1.2019294500350952,0.15169915556907654,9.313045501708984,51.41801610702569,8.218619835328239,474.4052734375,959
frame_000482.png,1763498382.185287,-0.056633146589975134,-0.03656704675878424,0.5696964410449591,0.8190857725900058,-0.1348487942743261,0.004624325104837253,1.2151232916037935,0.28958773612976074,-0.02245745062828064,1.6034584045410156,0.38577547669410706,-0.32081139087677,9.972620964050293,51.41801695802699,8.21862093127114,474.4051208496094,963
frame_000483.png,1763498382.441241,-0.02516465752746612,-0.022398402522118582,0.6924576530489449,0.7206715273340064,-0.06734190351819927,0.0025671402912495556,1.5307840987914054,0.22805404663085938,-0.3053433895111084,1.5817108154296875,0.36608022451400757,-0.22729521989822388,9.894488334655762,51.41802109408573,8.218621284771721,474.4373779296875,959
frame_000484.png,1763498382.941239,-0.0044374138034538714,-0.03612523458915411,0.8656226339955633,0.49937233834003925,-0.06705073559939714,-0.028401452239413764,2.0960325182406,0.06423068046569824,-0.06019747257232666,0.4139745235443115,0.2882571816444397,-0.4226492941379547,9.77237319946289,51.418027150195414,8.218618674845679,474.4462585449219,922
frame_000485.png,1763498383.193232,0.011231686054325285,-0.026271268320415382,0.8779467412204922,0.4779050002558372,-0.03543723071980619,-0.044847016945337374,2.145406720344167,0.10967636108398438,-0.07579976320266724,0.08240973949432373,0.3297785818576813,-0.16540740430355072,9.807252883911133,51.41802959125039,8.218616271051637,474.43658447265625,948
frame_000486.png,1763498383.437235,0.012579306697295147,-0.012972228017344383,0.8798740223492074,0.4748633352221541,-0.01088762988182417,-0.034463303003678745,2.1519865861474043,0.09243971109390259,0.13514244556427002,-0.02444155514240265,0.405305415391922,-0.226734459400177,9.758990287780762,51.418033634473204,8.218610592373711,474.4385986328125,914
frame_000487.png,1763498383.689275,0.00935867843197621,-0.01336436403427632,0.8816688317503846,0.4715865562459115,-0.01474581469788831,-0.02911153072074283,2.1594867253780126,-0.02081093192100525,-0.04628235101699829,0.05786490440368652,0.3017902076244354,-0.45727798342704773,9.655678749084473,51.41803552588226,8.218607747072472,474.4452209472656,910
frame_000488.png,1763498383.949238,0.01673941660106405,-0.017634514898849426,0.8833167627775882,0.4681456102669982,-0.015497841158824362,-0.04609978277488641,2.167254484930689,-0.06684370338916779,-0.04995277523994446,-0.020569778978824615,0.41815385222435,-0.5306978821754456,9.716185569763184,51.41803745487651,8.21860508392365,474.44561767578125,960
frame_000489.png,1763498384.185229,0.012514485071241064,-0.023023059130441732,0.882675553217828,0.46925173858311836,-0.02893056383816683,-0.04371360168619672,2.1649735492041957,-0.0361160933971405,-0.004284337162971497,-0.005967527627944946,0.4392717480659485,-0.7468699216842651,9.822580337524414,51.41803939406758,8.21860237899262,474.4485778808594,934
frame_000490.png,1763498384.437224,0.002772526309687286,-0.030430781187465304,0.8815157287081061,0.4711648338897962,-0.05108878419032472,-0.03357018403227956,2.16072946274209,-0.10308325290679932,0.08051520586013794,-0.045502230525016785,0.504929780960083,-0.6940264105796814,9.692988395690918,51.41804338686542,8.218597830863477,474.4430236816406,959
frame_000491.png,1763498384.693219,0.007894385537570348,-0.03817104145621802,0.8804146103974754,0.47260000430574867,-0.05986142545306629,-0.050000765133455895,2.1577967324216947,0.08287400007247925,-0.16600477695465088,0.0015785768628120422,0.6030797958374023,-0.6781790852546692,9.606033325195312,51.41804544155441,8.218595611637712,474.4465637207031,964
frame_000492.png,1763498384.941212,0.018455669807511087,-0.04408248607720456,0.8800850725204338,0.47240489815402215,-0.06035821082862015,-0.07420275895914415,2.1585726260935707,-0.1374673843383789,-0.045510828495025635,0.004298150539398193,0.4626408517360687,-0.6004687547683716,9.865478515625,51.418047589858475,8.218593597976154,474.42047119140625,955
frame_000493.png,1763498385.189312,0.01100508277078235,-0.04459679727019192,0.877355379319847,0.47763746943155244,-0.067924026450209,-0.061952562547092076,2.146621778811003,0.06573039293289185,0.11058300733566284,-0.022660866379737854,0.4317482113838196,-0.6928067803382874,10.092660903930664,51.41804972131529,8.218591599864885,474.4004211425781,958
frame_000494.png,1763498385.445463,0.0031808727709791706,-0.040925976311332324,0.8800186493869953,0.47316183620667024,-0.06914410304279876,-0.044342204661517476,2.156467537535221,-0.05069509148597717,0.014225602149963379,0.032888591289520264,0.29497113823890686,-0.6563841700553894,9.866805076599121,51.41805366082703,8.21858789556603,474.3956298828125,910
frame_000495.png,1763498385.689432,-0.005273982474840597,-0.03859000079370806,0.8817840464202116,0.4700424368356488,-0.07310576877205655,-0.026980121946949924,2.163092769803821,0.04876968264579773,0.08377909660339355,0.03305225074291229,0.3406999707221985,-0.577099084854126,9.805383682250977,51.41805546358787,8.218586125009706,474.4170227050781,963
frame_000496.png,1763498385.941228,-0.008538632027454585,-0.030886056098161477,0.8825020154189545,0.4692156605264624,-0.06257381291593474,-0.013914171449263038,2.1646772948921402,0.059364259243011475,-0.02208104357123375,0.01608874276280403,0.25340649485588074,-0.4425813853740692,9.812187194824219,51.41805724375178,8.218584304704946,474.42022705078125,958
frame_000497.png,1763498386.193222,-0.0032466888937661585,-0.027110752954252137,0.8839611978447088,0.46676232366208414,-0.05099242723010874,-0.01956991121134559,2.1704454521730625,-0.022493857890367508,0.036834925413131714,0.018848121166229248,0.41397735476493835,-0.23977068066596985,9.987761497497559,51.41805886769113,8.218582331647706,474.42193603515625,960
frame_000498.png,1763498386.441232,0.03700061778444288,-0.048337645751758605,0.8839736395237988,0.4635569338428626,-0.051491013753854654,-0.11045409826502016,2.1784847630372783,-0.0072645992040634155,-0.8960933685302734,0.004944458603858948,-0.07955417037010193,-0.46390900015830994,9.881197929382324,51.41806217782414,8.21857817769771,474.4214782714844,928
frame_000499.png,1763498386.69066,0.08608478266440574,-0.07084274535271583,0.88006450924234,0.4615811685896116,-0.04634175536463975,-0.2186579035068616,2.1805929947510183,0.047097742557525635,0.1264253854751587,0.009620794095098972,0.6768344044685364,-0.5404837727546692,9.63515567779541,51.41806360179652,8.218576228316797,474.3822937011719,958
frame_000500.png,1763498386.945214,0.03449034183446536,-0.04535986822090437,0.8831325747119994,0.4656498192393925,-0.04827291801914509,-0.1033465852533188,2.173639165555183,-0.07539546489715576,0.47119951248168945,-0.045000508427619934,0.039779167622327805,-0.724875271320343,9.863627433776855,51.41806456876991,8.218574707982683,474.3885192871094,963
frame_000501.png,1763498387.437241,0.02477445731151098,-0.03871823455088913,0.8832685637295628,0.4666087964294048,-0.045438085072144196,-0.0799827872921287,2.17138907969811,-0.060917943716049194,0.07884380221366882,-0.025864839553833008,0.5206596851348877,-0.5455306172370911,9.7002592086792,51.41806559719076,8.218572625256964,474.4287414550781,960
frame_000502.png,1763498387.685592,8.394993861058824e-05,-0.03578887733465208,0.884667237404623,0.46484731716382466,-0.06332210621992948,-0.033427487694755835,2.175053964532188,-0.029583439230918884,0.05557483434677124,0.030744969844818115,0.299072265625,-0.8267829418182373,9.955928802490234,51.4180657348896,8.21857240199383,474.4447937011719,955
frame_000503.png,1763498387.941379,0.005007628876525038,-0.03828564382081733,0.8850261902428022,0.46393725407060377,-0.063225534833713,-0.04440262755840268,2.1773461716285776,0.02788001298904419,-0.07712793350219727,-0.02989719808101654,0.5748466849327087,-0.7925800681114197,9.761120796203613,51.41806588245185,8.218572211364076,474.4499206542969,968
frame_000504.png,1763498388.189407,0.0057362584894534285,-0.03548972592695215,0.8844504308358888,0.4652472569359035,-0.05752557048445106,-0.04318328794694252,2.174327407544654,0.013489410281181335,0.033227503299713135,-0.020613446831703186,0.6594403386116028,-0.6817644238471985,9.841889381408691,51.418065999756394,8.218572100001657,474.4415588378906,968
frame_000505.png,1763498388.693244,0.020913060455837598,-0.042063171891421516,0.882167420010719,0.4685872133812817,-0.05480150787673293,-0.07639245042753036,2.1671330720481805,0.04878050088882446,-0.016040191054344177,0.0008908510208129883,0.878895103931427,-0.500103771686554,9.371635437011719,51.41806646698614,8.218571603175219,474.45147705078125,973
frame_000506.png,1763498389.19327,0.016350180180855257,-0.0366088379305899,0.8850977307840483,0.4636749632602063,-0.04976146529412194,-0.06293375286151234,2.1780399337429945,0.015682697296142578,0.1134880781173706,0.02187618985772133,0.4566926956176758,-0.566143810749054,9.903347969055176,51.4180668096469,8.218571178442165,474.4315490722656,973
frame_000507.png,1763498389.445514,0.017155623558018803,-0.033450779735226616,0.8847162106076548,0.46461161910080634,-0.04334291550357102,-0.0614776769402143,2.175791284709465,0.010610461235046387,-0.10685700178146362,-0.055027153342962265,0.624462902545929,-0.3206276595592499,9.833720207214355,51.41806683885314,8.21857086907299,474.43212890625,958
frame_000508.png,1763498389.693281,0.025506470951455754,-0.03309238106905772,0.8857124146799372,0.46235033549962706,-0.03514308797932855,-0.07585606978800649,2.1807267141985647,0.04051065444946289,-0.047666341066360474,0.006936237215995789,0.749954104423523,-0.502714216709137,9.747681617736816,51.41806680763752,8.218570674665898,474.4189147949219,966
frame_000509.png,1763498390.441583,0.008824433253617389,-0.03447570087487905,0.884541985552406,0.46510109785072035,-0.05286662572985718,-0.04769862100452885,2.174690338070171,-0.08159103989601135,0.053924739360809326,-0.04934777319431305,0.5926993489265442,-0.5754985809326172,9.725549697875977,51.41806636337261,8.218570617516884,474.4424743652344,953
frame_000510.png,1763498390.693246,0.010853003642804785,-0.0320156590012147,0.8856711118646761,0.4630808692863868,-0.04673189066381296,-0.04889554271289371,2.1792017499865945,0.035711586475372314,0.03458407521247864,-0.01521378755569458,0.5163623094558716,-0.4855484962463379,9.759214401245117,51.418066245958066,8.218570658272764,474.4414978027344,949
frame_000511.png,1763498391.189231,0.009994525039994493,-0.026555192462988184,0.8862116972131866,0.4624108118816016,-0.03786678201471585,-0.04228594700964227,2.180548871033031,0.02504853904247284,-0.07067394256591797,0.03721019625663757,0.5512813329696655,-0.39308202266693115,9.840394020080566,51.41806600634537,8.218570711751683,474.435546875,919
frame_000512.png,1763498391.441254,0.014305497172431583,-0.027729388997489078,0.8845154712303253,0.4654662338888517,-0.03579112450229389,-0.051143348207878477,2.1736731370047426,-0.009610146284103394,0.012494266033172607,-0.0443744957447052,0.5149189233779907,-0.3754875659942627,9.938115119934082,51.41806579766342,8.218570578214239,474.42364501953125,956
frame_000513.png,1763498391.693245,0.012631725415938651,-0.02375493739954336,0.8837616813925786,0.46716317595067625,-0.030219813264447292,-0.044536455304092254,2.169723886330528,0.009488299489021301,-0.00820934772491455,-0.008068792521953583,0.45931074023246765,-0.35498127341270447,9.85953426361084,51.418065708138265,8.218570550085524,474.4187316894531,968
frame_000514.png,1763498391.937224,0.012145894341862792,-0.022666603606703514,0.8840674069638417,0.46665139266459077,-0.02877193606429217,-0.04264330586801737,2.1708554440666243,0.020221635699272156,0.016784250736236572,0.01436862163245678,0.509064257144928,-0.3192199170589447,9.773663520812988,51.41806557662555,8.218570441707653,474.4239501953125,955
frame_000515.png,1763498392.193232,0.011215024894230732,-0.017385009247571845,0.8853331811232765,0.46449665560929854,-0.020378993805247124,-0.03601641077244995,2.1756028263758704,-0.03573761135339737,0.01442687213420868,-0.013341918587684631,0.36320924758911133,-0.30176684260368347,9.768671989440918,51.41806543340982,8.218570370751216,474.4317626953125,926
frame_000516.png,1763498392.441253,0.010958768803758234,-0.021181046754184883,0.8843815191497051,0.46615512142543575,-0.027271545298928022,-0.03914076522188408,2.1719470160399794,-0.0423884242773056,0.013088978826999664,-0.05363301932811737,0.48286619782447815,-0.44847697019577026,9.747942924499512,51.41806513979906,8.218570389121544,474.4329528808594,734
frame_000517.png,1763498392.689232,0.004006940247563365,-0.035158852269754674,0.8842829105397898,0.46560877747762036,-0.05852923393041313,-0.03983761446340648,2.1734547359174807,-0.12348216772079468,-0.006620071828365326,0.02929309383034706,0.5914095640182495,-1.257407307624817,9.267810821533203,51.41806500570799,8.218570472965506,474.4386291503906,840
frame_000518.png,1763498392.93731,0.0004699294130494299,-0.03053586558794568,0.88256124474443,0.46920463483889835,-0.05350733761639573,-0.02948889601434843,2.165106112615551,0.10270845890045166,-0.030211392790079117,-0.01723061501979828,0.47411835193634033,-0.5416234135627747,9.684427261352539,51.41806489164349,8.218570571193402,474.44256591796875,732
frame_000519.png,1763498393.193242,0.017889194278537385,-0.02827770151087401,0.8813715853439215,0.47123717687982686,-0.03304821349355027,-0.058217944556770186,2.160570380358318,0.1533139944076538,-0.1644303798675537,-0.00488319993019104,0.5649475455284119,-0.7129567265510559,9.868338584899902,51.41806473391158,8.218570637434285,474.4402160644531,701
frame_000520.png,1763498393.445217,0.04262296583724899,-0.03283224647395116,0.8807719143440361,0.4704744002360302,-0.01783076207464295,-0.10617506073794976,2.1613365005712413,0.10103040933609009,-0.1676846742630005,0.05784517526626587,0.7541212439537048,-0.37968772649765015,9.912264823913574,51.418064454924306,8.218570723054553,474.4216613769531,636
frame_000521.png,1763498394.19752,0.03613027816464604,-0.05088182011027511,0.8824157442702408,0.4663133041700696,-0.056482030184268776,-0.11144815922031297,2.172447478598938,-0.24755704402923584,0.26514220237731934,-0.054118216037750244,0.9166144728660583,-0.937216579914093,9.81037425994873,51.41806394156214,8.21857261822668,474.35247802734375,890
frame_000522.png,1763498394.437311,-0.0038075253328969916,-0.05124998977556226,0.8810783556421813,0.47017004638504356,-0.09411063049437969,-0.04149487060881815,2.1631700371942353,-0.05549107491970062,0.252549409866333,-0.05215981602668762,0.6924048662185669,-0.9457961916923523,9.73315715789795,51.418062946228694,8.21857562339203,474.42059326171875,675
frame_000523.png,1763498394.93748,-0.02292783901305754,-0.05329150453516268,0.882247389155996,0.4671978960462029,-0.11571938636635236,-0.00933944114719542,2.1681125292958545,-0.11269587278366089,-0.10096382349729538,0.05218544602394104,0.9311743974685669,-1.0404525995254517,9.603116989135742,51.41806206573339,8.218578413437339,474.4599914550781,708
frame_000524.png,1763498396.193221,-0.030633786989532643,-0.037069885605649305,0.8816673852945092,0.4694145464126645,-0.09428351556210324,0.019216517352431427,2.162199039634097,-0.022138889878988266,-0.3763575553894043,-0.04132697358727455,-0.10257595032453537,-0.6783274412155151,10.139653205871582,51.4180648746076,8.218579063410814,474.4299621582031,945
frame_000525.png,1763498396.437219,0.045119173211564285,-0.07114137006341559,0.8810983540866784,0.46536959086295204,-0.08437051696113358,-0.14624365242201615,2.1759192431685075,0.09602797031402588,-0.5228652954101562,0.04011321812868118,0.9299103021621704,-0.7953920364379883,9.423150062561035,51.4180664312402,8.218577553681452,474.4298400878906,985
frame_000526.png,1763498396.945542,0.03751696794964633,-0.054500241538209426,0.8813341334440563,0.46783794845497134,-0.06142323530577585,-0.11739398675094703,2.1691917628191435,-0.10573005676269531,0.06913065910339355,-0.032257065176963806,0.891345202922821,-0.6962425708770752,9.89717960357666,51.41806757170857,8.218576199506558,474.41217041015625,993
frame_000527.png,1763498397.193234,0.02625647704262124,-0.060320402051597555,0.880712219107123,0.46906079949730484,-0.08214543993637366,-0.10301879657027314,2.167069151526048,0.004230499267578125,-0.01579684019088745,0.0031037498265504837,0.8510393500328064,-0.6625490784645081,9.794953346252441,51.41806775860034,8.218576011934829,474.42236328125,988
frame_000528.png,1763498397.694311,0.004871459123235401,-0.05576351983821616,0.9581239355364359,0.2808295263917864,-0.10439630613117735,-0.04066621654543742,2.5734819201824193,-0.2522237300872803,0.1360337734222412,1.5711994171142578,0.32271942496299744,-0.885529637336731,9.7415132522583,51.4180684938803,8.218575991694065,474.445068359375,967
frame_000529.png,1763498398.193228,-0.040005626661613766,-0.06488850884104395,0.9966588022248728,-0.02933024383600039,-0.12778977370221226,0.08364782407897045,-3.0881075580998516,0.08551329374313354,0.311922550201416,0.6676735877990723,-0.008860340341925621,-1.1694823503494263,9.69880199432373,51.41807030890792,8.21857426316205,474.50701904296875,967
frame_000530.png,1763498398.689212,-0.0646585550814181,-0.022482669143334192,0.9935695325633482,-0.09018528042216395,-0.033313705818718314,0.1329319108338887,-2.962768530654668,0.0484505295753479,-0.598963737487793,0.10109555721282959,-0.41779693961143494,-0.6041674613952637,9.744933128356934,51.41806943691351,8.218569723112735,474.55694580078125,931
frame_000531.png,1763498399.189222,-0.0483884683562353,-0.03586483261359452,0.9937366884114404,-0.09412578826655497,-0.06254389228333802,0.10310498543966755,-2.955946266662276,-0.07496333122253418,0.033626943826675415,0.010734539479017258,-0.7827352285385132,-1.0569108724594116,9.860581398010254,51.41806807640557,8.218564937176055,474.5154113769531,719
frame_000532.png,1763498399.441225,-0.05340008865537876,-0.044676251881325485,0.993194007508418,-0.0933709082038003,-0.07937639423055703,0.1146673411986335,-2.9586804768860153,-0.017382681369781494,0.03948923945426941,0.022272445261478424,-0.3623310327529907,-1.0291976928710938,9.592462539672852,51.41806708342867,8.218559203440714,474.51873779296875,675
frame_000533.png,1763498399.693221,-0.0508873460524831,-0.04863351743392647,0.9931133886938374,-0.09365391711392394,-0.08771138226706508,0.1104074188658674,-2.9583921131565223,-0.09015065431594849,-0.04704597592353821,0.08898498862981796,-0.5118399858474731,-1.1480157375335693,9.843029022216797,51.41806677464143,8.218555948874961,474.506591796875,964
frame_000534.png,1763498399.94526,-0.047644298814418444,-0.05626151003371765,0.9928803982937858,-0.09355842005496612,-0.10356484918087311,0.10533232396187703,-2.959153178155242,0.020358890295028687,-0.025090783834457397,0.03046489506959915,-0.6916151642799377,-1.039772629737854,9.91639518737793,51.41806650264167,8.218552419086674,474.5032043457031,961
frame_000535.png,1763498400.197221,-0.03577093805247648,-0.05279288371963611,0.9935670613818767,-0.09358336367321328,-0.09869503709530297,0.0810514360792078,-2.9577733507849353,-0.006300210952758789,-0.12938249111175537,0.006028551608324051,-0.4701083302497864,-0.9755901098251343,9.75405502319336,51.41806618835178,8.218548556131045,474.50457763671875,973
frame_000536.png,1763498400.437226,-0.02432344939180495,-0.05349303140558543,0.9938116332619716,-0.0942618851598979,-0.10208980878610635,0.05846386134620078,-2.9554484984169895,-0.004475846886634827,-0.08739233016967773,-0.0053545087575912476,-0.529851496219635,-1.0339488983154297,9.773214340209961,51.41806547013914,8.218540346997859,474.4932861328125,989
frame_000537.png,1763498400.689292,-0.01846996399169543,-0.05314382987215792,0.9938411527444572,-0.09546914102595255,-0.10239756630176107,0.04687677839214104,-2.9524613908059765,-0.0348237007856369,-0.011098802089691162,0.023360401391983032,-0.6379807591438293,-0.9240865707397461,9.806486129760742,51.41806512572365,8.218536140498742,474.4875183105469,990
frame_000538.png,1763498400.941228,-0.017235115387516483,-0.05276030297611761,0.9939044833400079,-0.0952532373417268,-0.10186998998985837,0.04432580986479701,-2.952761499692424,0.020620107650756836,0.018402498215436935,0.020585209131240845,-0.47693732380867004,-0.9224919080734253,9.794466972351074,51.418064702731606,8.21853196147376,474.48486328125,995
frame_000539.png,1763498401.938033,-0.02357573280409657,-0.04697041064873208,0.9941779480238297,-0.09406472776427234,-0.089215291205006,0.05574232778098918,-2.955411971064278,-0.020386874675750732,-0.04108130931854248,0.07942357659339905,-0.635810136795044,-0.888256311416626,9.784485816955566,51.418062422644574,8.21851278514504,474.47064208984375,992
frame_000540.png,1763498402.189199,-0.023828900481351778,-0.04898982574373558,0.9940532972519427,-0.09428797748381886,-0.09318748780477053,0.056642981650196114,-2.9550962751019214,0.005429595708847046,0.04412177950143814,-0.03660450130701065,-0.5613469481468201,-0.6666893362998962,9.688895225524902,51.418061963151544,8.218509213203891,474.47113037109375,998
frame_000541.png,1763498402.441205,-0.028774493291833615,-0.03970919500674871,0.9941986971453067,-0.09572961382084985,-0.07366991646503585,0.06486329236833069,-2.9519992501983627,0.07044196128845215,0.020771794021129608,0.09805770218372345,-0.5589789152145386,-0.6849339008331299,9.960060119628906,51.41806092351357,8.218502412168272,474.4719543457031,997
frame_000542.png,1763498402.693921,-0.029546101502986238,-0.03784059801210649,0.9939917882039124,-0.09836382470832432,-0.0696227031450149,0.06622986420616175,-2.9466254845989215,0.04700407385826111,0.03471196070313454,0.053385794162750244,-0.6808018088340759,-0.8274091482162476,9.790167808532715,51.41806039316822,8.218499007976646,474.4659729003906,995
frame_000543.png,1763498402.945207,-0.03662658451864612,-0.030199007790839276,0.9942762166760865,-0.09571477517726999,-0.05323070245713867,0.0786960694991551,-2.9517486449359795,0.029111385345458984,0.05713170766830444,-0.042425185441970825,-0.597773015499115,-0.5632004141807556,9.888787269592285,51.41805976106147,8.218495688824857,474.4665832519531,989
frame_000544.png,1763498403.197206,-0.03247542092957857,-0.029791294310449586,0.9943871886613712,-0.09618703054408864,-0.05315728485045644,0.07037543434823522,-2.950604450820448,0.019901905208826065,-0.06653574109077454,0.019068405032157898,-0.5238718390464783,-0.5934528708457947,9.852094650268555,51.41805916309896,8.218492395329122,474.4625244140625,998
frame_000545.png,1763498403.437219,-0.031728327322104816,-0.029644686710837042,0.9944168864444604,-0.09617464192427673,-0.05300580693905652,0.06885890660831237,-2.9505892736373256,0.0007794667035341263,0.03217204660177231,0.02921542525291443,-0.48014476895332336,-0.6513291597366333,9.845272064208984,51.41805799751401,8.218485644271722,474.45379638671875,997
frame_000546.png,1763498403.941208,-0.02597659622841831,-0.03167220160622325,0.994752553515315,-0.09375204194342066,-0.058271014860728367,0.05765116815311182,-2.955335234738548,-0.021260768175125122,0.03524409979581833,-0.027637064456939697,-0.4253269135951996,-0.6214091181755066,9.691997528076172,51.4180568300186,8.218478608048231,474.4630432128906,989
frame_000547.png,1763498404.193217,-0.02540241879755373,-0.033432195607371415,0.9947243851554607,-0.09359702448900255,-0.06189581774729886,0.056825697174209704,-2.9557179181489053,-0.00245039165019989,-0.038100436329841614,-0.015071548521518707,-0.450671523809433,-0.7800342440605164,9.879534721374512,51.41805632567768,8.21847507576164,474.4591979980469,991
frame_000548.png,1763498404.445204,-0.02281506427456649,-0.029484020470396236,0.9947727278166943,-0.09506516381504587,-0.05441959648820525,0.051019544966762344,-2.952430785216273,0.007659211754798889,-0.016178160905838013,0.07632716000080109,-0.4396788775920868,-0.5555629730224609,9.812710762023926,51.41805540061165,8.218467990563024,474.4474182128906,990
frame_000549.png,1763498404.937212,-0.020003973775068108,-0.035995283189231835,0.9946237039807423,-0.095015094069111,-0.06792823555453625,0.04664996166475116,-2.952698623654977,0.015552699565887451,-0.07840931415557861,0.0036636516451835632,-0.2952672839164734,-0.9734966158866882,9.778654098510742,51.41805450888344,8.218460736122235,474.4557189941406,1005
frame_000550.png,1763498405.189207,-0.007192114615059786,-0.04140874858896902,0.9941618712417721,-0.0993768725444589,-0.08101366967680923,0.022532302686751913,-2.943246907098603,-0.03708714246749878,-0.09538692235946655,0.0923256203532219,-0.50807124376297,-1.1281695365905762,9.5579195022583,51.418054105971265,8.218456998338146,474.46173095703125,996
frame_000551.png,1763498405.693225,-0.03189607692398661,-0.044732212782556624,0.9936349829975921,-0.09834220853636573,-0.08293265230658367,0.07224707912812069,-2.947289707267659,0.13166630268096924,0.21232914924621582,-0.019695039838552475,-0.7305108904838562,-0.7410882115364075,9.82919692993164,51.41805318602495,8.218446357816434,474.4868469238281,1002
frame_000552.png,1763498406.437198,-0.04597838534535102,-0.03589487629230418,0.9935262508493773,-0.0974840233585732,-0.06270563841373246,0.0985191135616828,-2.949072713272684,0.08381485939025879,0.013723701238632202,-0.02811547741293907,-0.9118947386741638,-0.7294781804084778,9.913722038269043,51.418051897796246,8.21843452224133,474.47967529296875,996
frame_000553.png,1763498406.941211,-0.052959022579672936,-0.03998885315310169,0.9930747255409257,-0.09694752726460108,-0.06965696660625117,0.11317965141797748,-2.9509098750060496,-0.06550711393356323,-0.007969826459884644,0.03462529182434082,-1.0042297840118408,-0.7067334651947021,9.889591217041016,51.418051069099555,8.21842860776754,474.48583984375,994
frame_000554.png,1763498407.193201,-0.05101949649859866,-0.04348859790521983,0.9929433283358903,-0.09782279664021068,-0.07692239212938684,0.11004928704704695,-2.9494294071955878,0.03468259423971176,-0.006013764999806881,-0.08662095665931702,-0.7865414023399353,-0.8529482483863831,9.690857887268066,51.418050730269854,8.218425581144091,474.4805908203125,996
frame_000555.png,1763498407.445203,-0.050446798362463956,-0.0461855372410755,0.9931934474250718,-0.09428039391427713,-0.08281680813449309,0.1091321355515195,-2.9568328730192577,-0.015537688508629799,-0.02276773750782013,-0.0607939250767231,-0.8584635853767395,-0.9870973825454712,9.59887409210205,51.41805001078505,8.218419227324242,474.49798583984375,1001
frame_000556.png,1763498407.937202,-0.042077679041866115,-0.04461326412591972,0.993296084685371,-0.09798986549226815,-0.08081478885032793,0.09246619114237707,-2.948667579537922,0.0003535449504852295,0.006035923957824707,0.0351923406124115,-0.6396478414535522,-0.8242957592010498,9.712390899658203,51.418049328455666,8.218412456759532,474.48712158203125,992
frame_000557.png,1763498408.441202,-0.03605995611385385,-0.03806613251139242,0.993910895368299,-0.09691120259742031,-0.06894972420279356,0.0791414253021614,-2.9499282063496772,0.034819185733795166,0.07700198888778687,-0.0488019734621048,-0.46228277683258057,-0.6650502681732178,9.770130157470703,51.41804806663984,8.218401979230714,474.4768981933594,1000
frame_000558.png,1763498408.693195,-0.03315686837795483,-0.03383349342677737,0.994556650401952,-0.09280617405731566,-0.06134293117243222,0.07229564306512457,-2.957722374756732,0.0722653865814209,-0.10221976041793823,-0.021179914474487305,-0.3924978971481323,-0.816592276096344,9.694876670837402,51.41804753421559,8.218398373011638,474.4846496582031,993
frame_000559.png,1763498408.945242,-0.01698579934439882,-0.02666291193596677,0.9951827336249174,-0.09280031488396659,-0.04997469456550715,0.038766310808054184,-2.9566003613918546,-0.028258979320526123,-0.10936319828033447,-0.038689613342285156,-0.3822207748889923,-0.5734290480613708,9.711474418640137,51.41804697162689,8.2183946788626,474.4726867675781,999
frame_000560.png,1763498409.197201,-0.016895722387685632,-0.03540299674177425,0.9946783791588236,-0.09526848597871032,-0.06731555778444012,0.04036816233842293,-2.9519782335512237,-0.0028333663940429688,0.11880064010620117,0.03517162799835205,-0.6242309808731079,-0.6497789025306702,9.75270938873291,51.41804648478943,8.218390772220227,474.45672607421875,994
frame_000561.png,1763498409.437203,-0.029862574141127557,-0.03386083372252313,0.9945876395226296,-0.0935793669250061,-0.06193958936501909,0.06578668765498076,-2.9560065823702066,0.0022482462227344513,0.0036312341690063477,0.029175303876399994,-0.6452051997184753,-0.8538852334022522,9.870076179504395,51.4180454979371,8.218383492499227,474.4635925292969,1005
frame_000562.png,1763498409.689218,-0.02778373714439908,-0.03665056093203772,0.9946200425933959,-0.09282117864565961,-0.06793205903707435,0.06211235013006764,-2.9575963807934884,-0.024451717734336853,-0.022663384675979614,0.05368129909038544,-0.5122442245483398,-0.6906139254570007,9.809065818786621,51.418044997262804,8.218379971119184,474.4691162109375,1002
frame_000563.png,1763498409.942057,-0.02183067229680565,-0.03208239106750159,0.99478050663594,-0.09437099950516446,-0.05981843047819808,0.049508972196267646,-2.953907983671024,0.09847790002822876,0.01866864413022995,-0.006061837077140808,-0.4594842493534088,-0.5154691934585571,9.711586952209473,51.418044542085156,8.218376449693581,474.46722412109375,993
frame_000564.png,1763498410.445219,-0.023296363483558843,-0.034202713323030084,0.994695149342355,-0.09417544119660173,-0.06378677593787585,0.052812217345969234,-2.954485354136784,-0.08026313781738281,-0.07704675197601318,-0.03568582236766815,-0.5139673948287964,-0.6809373497962952,9.799102783203125,51.41804302413514,8.218365834468068,474.4627685546875,1001
frame_000565.png,1763498410.697196,-0.014927151014730813,-0.029460154588224135,0.9950249068759504,-0.09399316012736057,-0.055884860460543744,0.03525118048641194,-2.9542107274768465,0.007984533905982971,0.002420276403427124,0.02298659458756447,-0.18256638944149017,-0.6059998869895935,9.735980033874512,51.41804254308053,8.218362232393613,474.4562683105469,995
frame_000566.png,1763498411.693226,-0.017171601047786964,-0.025620865212271318,0.9952610979752854,-0.09221742915663825,-0.04788640025021988,0.03891565542174189,-2.9577392792117765,0.009356144815683365,-0.07009908556938171,0.041983187198638916,-0.31811827421188354,-0.46095097064971924,9.977126121520996,51.418040404421035,8.218344433039114,474.4261169433594,999
frame_000567.png,1763498411.945221,-0.010721250289560029,-0.024400148473870308,0.9950739584930084,-0.0954856254927216,-0.04654498344641362,0.02599952988497559,-2.9508670533748385,0.06536495685577393,0.0133795365691185,-0.01130916178226471,-0.3245883285999298,-0.5413658022880554,9.818262100219727,51.418039906975004,8.21834076956365,474.4293518066406,993
frame_000568.png,1763498412.197223,-0.011064984771070626,-0.019947804588378366,0.9949666881446191,-0.09757530777121949,-0.037556899077351734,0.025914309216040203,-2.9465667125156396,0.00173293799161911,0.05747881531715393,0.0035610273480415344,-0.43008577823638916,-0.4201854467391968,9.824636459350586,51.41803939655025,8.218337213227068,474.433349609375,999
frame_000569.png,1763498412.437249,-0.01887872034000859,-0.024977577664514413,0.9946087434501143,-0.09885930398764471,-0.046010935381931864,0.04250521033792195,-2.944431277638513,-0.026797562837600708,0.057646870613098145,0.03520520031452179,-0.5655258297920227,-0.48579034209251404,9.760111808776855,51.41803839445492,8.218330517145423,474.4342346191406,1002
frame_000570.png,1763498412.689806,-0.025183983520448542,-0.01995332059984468,0.9949571908099857,-0.09501484319085839,-0.034977672943988326,0.0539318351887672,-2.9521207908930793,0.1152341365814209,-0.035023607313632965,-0.006884366273880005,-0.3507358431816101,-0.5270599722862244,9.729568481445312,51.41803789552277,8.218327389868383,474.439697265625,1002
frame_000571.png,1763498412.942081,-0.030650547991344455,-0.01410369594769984,0.9950218039332985,-0.09377227397141165,-0.02236582637940819,0.06368403642297561,-2.954377289907715,-0.07046294212341309,0.01682738959789276,0.02072542905807495,-0.48651349544525146,-0.1769307404756546,9.95305061340332,51.418037400255464,8.218324295483459,474.4330139160156,991
frame_000572.png,1763498413.193211,-0.023039353289779727,-0.02305348143809865,0.9947814025677105,-0.09668343342574523,-0.04147567036247507,0.05031724956454035,-2.9488638272091268,-0.0023956745862960815,-0.040339648723602295,0.019804492592811584,-0.3249773681163788,-0.4469126760959625,9.86889934539795,51.418036957999924,8.218321049148111,474.4365234375,997
frame_000573.png,1763498413.445207,-0.021421574306479032,-0.02159147709512599,0.9947651113115121,-0.09755663784939196,-0.038829612742175626,0.04684878879885602,-2.946987650823387,0.04592500627040863,0.07502800226211548,0.003544803708791733,-0.3763333857059479,-0.3477480411529541,9.768821716308594,51.418036142801405,8.218314413160646,474.4338684082031,999
frame_000574.png,1763498413.937206,-0.023843144591701084,-0.014558693035590495,0.994550606739273,-0.10044221994569166,-0.024202055181547874,0.050372342269823026,-2.9408997766284344,-0.03599034249782562,0.015066683292388916,0.022122621536254883,-0.4271499812602997,-0.33373311161994934,9.934002876281738,51.41803524699948,8.218307635148207,474.4271240234375,995
frame_000575.png,1763498414.189207,-0.02389418667805055,-0.019823676961631082,0.9943522704298151,-0.1014872009949397,-0.03462646284989824,0.05156502497145355,-2.939062839699886,-0.035218745470047,-0.05387964844703674,-0.005281269550323486,-0.38883891701698303,-0.4482947289943695,9.823664665222168,51.418034841836636,8.218304237142021,474.4328918457031,997
frame_000576.png,1763498414.441208,-0.019758182721240258,-0.019981122560697243,0.994925410797588,-0.0966115723193618,-0.03598302805457318,0.043190077874938414,-2.9487682230782672,0.02898770570755005,-0.02057652547955513,-0.06359925866127014,-0.23126757144927979,-0.4918301999568939,9.583434104919434,51.418034042860164,8.218297489600394,474.4394226074219,1002
frame_000577.png,1763498414.693195,-0.020997512979736892,-0.019900086911789863,0.9950770771331865,-0.09478766561976036,-0.03566822393626333,0.04557663046676316,-2.952465596755401,0.010696843266487122,-0.01985292136669159,-0.005793556571006775,-0.4271271824836731,-0.5097277760505676,9.800393104553223,51.41803360559539,8.218294076867696,474.4365539550781,1001
frame_000578.png,1763498414.937205,-0.01880085307506869,-0.015042023849391194,0.9954225186904113,-0.09248932222803719,-0.026493107234874604,0.04022288331592684,-2.9568283064008942,0.016528785228729248,0.011643731966614723,-0.047255128622055054,-0.3567497134208679,-0.323069304227829,9.831552505493164,51.41803317193324,8.21829062358968,474.4337158203125,995
frame_000579.png,1763498415.18921,-0.018735590923690988,-0.020030541098367362,0.995366715260569,-0.0921566991999613,-0.036460961146136776,0.04100095096108246,-2.9576953562891584,-0.07444968819618225,-0.03873911499977112,-0.02193262055516243,-0.45407989621162415,-0.48528623580932617,9.823945045471191,51.4180327477978,8.218287156812627,474.4265441894531,997
frame_000580.png,1763498415.445258,-0.015758536749229085,-0.021873331940957592,0.9953200611442324,-0.09279656110635451,-0.04065396951492483,0.03543653158162578,-2.956384851554378,0.10991191864013672,0.023874297738075256,-0.01582235097885132,-0.4448291063308716,-0.46668416261672974,9.936993598937988,51.41803201017312,8.218280076474596,474.4235534667969,993
frame_000581.png,1763498415.941242,-0.02724691281321127,-0.022694377022867557,0.9947200405574258,-0.09630478652240677,-0.03998037001153954,0.05861080584233394,-2.949734456431346,-0.06947997212409973,0.01781940460205078,-0.031348615884780884,-0.47696128487586975,-0.42786961793899536,9.762541770935059,51.418031293952055,8.21827351110541,474.4220886230469,995
frame_000582.png,1763498416.193268,-0.02405376812529184,-0.02251423072294746,0.994697247494924,-0.09742644137989635,-0.04016837318888895,0.052263185700258494,-2.9473738896797324,0.05835670232772827,0.04971931129693985,-0.05583944916725159,-0.4422098994255066,-0.5032142400741577,9.762298583984375,51.41803091354697,8.218270199352737,474.4348449707031,990
frame_000583.png,1763498416.437237,-0.027475618729083974,-0.01495830301089903,0.9949466523179166,-0.09540701540169316,-0.024565843501730855,0.05755958207107397,-2.951101312406946,0.007027227431535721,-0.002857290208339691,0.02436291240155697,-0.4798737168312073,-0.2901471257209778,9.791047096252441,51.41803013308151,8.218263725034577,474.4169616699219,989
frame_000584.png,1763498416.693259,-0.02527853693842722,-0.014123366005632198,0.9950636508892791,-0.09492026539060285,-0.023343317116806227,0.05301352214997019,-2.9520048172583437,0.007159322500228882,-0.00466286763548851,-0.009444762952625751,-0.3777060806751251,-0.25450554490089417,9.819327354431152,51.41802966056021,8.218260450899189,474.4142761230469,988
frame_000585.png,1763498417.193218,-0.02747321984787452,-0.009654078801005132,0.9949478872377511,-0.09607664978978957,-0.013954302407343952,0.05655404906768984,-2.949455296175242,-0.004456020891666412,-0.004773333668708801,0.044427208602428436,-0.5188150405883789,-0.1893191784620285,9.810991287231445,51.418028762233504,8.218253892060476,474.404541015625,999
frame_000586.png,1763498417.437194,-0.02539710444908911,-0.00841017213428198,0.9950457917120624,-0.09575034457582285,-0.011889910515508776,0.05217678884340577,-2.950039509979241,0.04294806718826294,0.004111114889383316,0.04298889636993408,-0.5084835886955261,-0.15148083865642548,9.921143531799316,51.418027807227936,8.218247435844633,474.40679931640625,996
frame_000587.png,1763498418.189258,-0.029923081897460742,-0.010648784819091955,0.9949775173706468,-0.09492603688440208,-0.01553974795571815,0.0616062432925884,-2.951836858936637,0.0319938063621521,0.01307070255279541,-0.039747729897499084,-0.4146479368209839,-0.2857331931591034,9.777924537658691,51.41802634561055,8.218237677659882,474.4159240722656,996
frame_000588.png,1763498418.445206,-0.03366248548117312,-0.011119586490059147,0.9948936902697523,-0.09449728529938901,-0.015801993941455008,0.06913779730119637,-2.9527427428994253,-0.012019261717796326,-0.019611477851867676,-0.02006877213716507,-0.5688045024871826,-0.17287194728851318,9.888432502746582,51.418025518741935,8.218231112825295,474.4318542480469,995
frame_000589.png,1763498418.689184,-0.031028532812749605,-0.008618835377815997,0.9949931233710225,-0.09461305550818738,-0.011302918382800418,0.06341976679524843,-2.952342985816257,-0.012749746441841125,-0.06179991364479065,0.07129010558128357,-0.39017248153686523,-0.1299816519021988,9.870450019836426,51.41802504275885,8.21822777926538,474.4364318847656,1001
frame_000590.png,1763498418.941199,-0.023982403477967457,-0.010637195754921693,0.9948959212300055,-0.09743613451789886,-0.016513533512960372,0.04981348377685954,-2.9467546846735413,-0.02299167402088642,-0.033464252948760986,0.017751261591911316,-0.2900574505329132,-0.32217326760292053,9.825121879577637,51.41802464404303,8.218224296686534,474.4280090332031,995
frame_000591.png,1763498419.193234,-0.020434408308626,-0.013971522495246032,0.9946350403445732,-0.10044086835044033,-0.023712853104000318,0.04346986980001712,-2.9408252270525663,-0.0037699565291404724,-0.03625556826591492,-0.003556393086910248,-0.4346992075443268,-0.2810940444469452,9.890432357788086,51.41802420916746,8.218220761940664,474.43603515625,1000
frame_000592.png,1763498420.197251,-0.0012758245682998291,-0.007326227687222083,0.9951767859209801,-0.09781545595422832,-0.014332796537662623,0.003972589038729552,-2.9456714632406715,-0.050906360149383545,-0.24192273616790771,-0.03456026315689087,-0.01984858512878418,-0.3608050048351288,9.500273704528809,51.418022001158754,8.218202903851553,474.4376525878906,992
frame_000593.png,1763498420.441231,0.0392561753983135,-0.001338973680708683,0.9945641975502342,-0.09643244678964558,-0.010265846245463112,-0.07790611498492155,-2.9478778445818805,-0.010569334030151367,-0.3607594966888428,-0.03446348011493683,-0.2658355236053467,-0.049354828894138336,10.013799667358398,51.418021233130744,8.218195686259516,474.4049377441406,999
frame_000594.png,1763498420.689906,0.06902459016528358,-0.001700338170176314,0.992943227316844,-0.09641816285447423,-0.01684616928293183,-0.13717692844076598,-2.946835525534812,0.006536006927490234,-0.17832958698272705,0.01116998866200447,0.1115044504404068,-0.2265358567237854,9.913947105407715,51.41802089561626,8.218192420316786,474.3829040527344,1004
frame_000595.png,1763498421.452617,0.031088344261414547,-0.0032649028842372937,0.9947612672836321,-0.09732870271663178,-0.01257108086663425,-0.0612537209413914,-2.94614583660233,0.048843979835510254,0.21664631366729736,0.04004719853401184,-0.11975187063217163,-0.20512443780899048,9.93088150024414,51.41802037822528,8.218186898483461,474.38690185546875,999
frame_000596.png,1763498421.697213,0.01195898964399573,-0.001236914498767201,0.9810948326493053,-0.19315377800615097,-0.007048829976748425,-0.0229900016062352,-2.752732276507896,-0.3153083324432373,0.1505233645439148,0.8791356086730957,-0.5090829133987427,0.02469857968389988,8.662413597106934,51.41802043122466,8.218186747859768,474.3968811035156,1006
frame_000597.png,1763498421.945361,-0.01898905608018691,-0.03350426495789551,0.9730260556454955,-0.22745807308992944,-0.05667015125519203,0.05221905261118351,-2.683793127786535,0.36597609519958496,0.488924503326416,0.06346876174211502,0.04977041482925415,-0.3246890902519226,9.785663604736328,51.418020953721296,8.218185766515663,474.4014587402344,1004
frame_000598.png,1763498422.193229,-0.05285673247533863,0.0069329768925207435,0.9723178537674115,-0.22749965034824296,0.03772852229940997,0.09979816677714218,-2.680024401355197,0.13381612300872803,-0.2904376983642578,-0.004075467586517334,-0.3265393078327179,0.27378517389297485,10.189485549926758,51.418020869190855,8.218186292748483,474.43194580078125,1004
frame_000599.png,1763498422.701185,-0.006578747746432195,-0.0036300887444250148,0.9733336148339655,-0.229271055233848,-0.004050377124528524,0.014471686332496157,-2.6789512163580023,0.008681163191795349,0.15181469917297363,0.045376479625701904,-0.2433481514453888,-0.06539008021354675,9.852225303649902,51.418020522834006,8.218186661454707,474.40887451171875,999
frame_000600.png,1763498423.189257,-0.0110499240852766,-0.00982412540930572,0.9727831534546455,-0.23124515582491117,-0.014008213399058703,0.026044867241235076,-2.6750084493776525,0.08978527784347534,0.11527085304260254,0.001944035291671753,-0.35518571734428406,-0.19292205572128296,9.791476249694824,51.41802047478318,8.218186688113795,474.4338684082031,990
frame_000601.png,1763498423.441214,-0.015604484257668142,0.0009340492073614176,0.973459069886447,-0.22832666703419432,0.008948491893816175,0.029958597972014403,-2.68068407635389,-0.034571073949337006,0.004715397953987122,-0.05773274600505829,-0.26880696415901184,-0.05808383598923683,9.769195556640625,51.41802050642119,8.218187128326408,474.44049072265625,994
frame_000602.png,1763498423.693201,-0.01864770810883671,-0.008589156739649394,0.9737416601811746,-0.2267281821838634,-0.00827810724682271,0.04022175246981742,-2.684226878660725,-0.07760491967201233,0.07095640897750854,-0.07368135452270508,-0.3939073979854584,-0.15513643622398376,9.773177146911621,51.41802052381148,8.218187424559321,474.44952392578125,1000
frame_000603.png,1763498423.945213,-0.0323956880006237,-0.0144899240234503,0.9736393719690057,-0.22531519001736455,-0.013650979117249261,0.06966938140250051,-2.687243774952685,0.01207771897315979,0.14860272407531738,-0.006815165281295776,-0.3627951145172119,-0.1409045159816742,9.85910415649414,51.41802062012963,8.218187829327904,474.4577331542969,998
frame_000604.png,1763498424.197241,-0.03433071436581531,-0.011028172113585309,0.9736955090040256,-0.22498185974953094,-0.006044231620057364,0.07187948229414189,-2.6876606180725644,0.061612844467163086,-0.08669906854629517,0.05699583888053894,-0.4514285624027252,-0.24049323797225952,9.848113059997559,51.41802069809343,8.21818819474315,474.4643859863281,1001
frame_000605.png,1763498424.449227,-0.024137504113308193,-0.00279294726440212,0.9739984814491636,-0.22524772690413916,0.005439552731365059,0.048296768555757916,-2.686930131809916,-0.05854988098144531,-0.09488725662231445,0.028221487998962402,-0.2818470001220703,-0.044074900448322296,9.855814933776855,51.41802077523907,8.21818847833694,474.4493408203125,999
frame_000606.png,1763498424.689231,-0.01556836120625997,-0.016724804283625383,0.9737255133542772,-0.22657566439045307,-0.025537032224403556,0.03790656568732618,-2.684834310856854,-0.060295820236206055,-0.05104249715805054,0.0075986552983522415,-0.3189588189125061,-0.42225733399391174,9.74964427947998,51.418020866236304,8.218188368082997,474.44976806640625,998
frame_000607.png,1763498424.941209,-0.017181809105186765,-0.022096708417174236,0.9734480136484854,-0.22719041713245203,-0.03525356103147333,0.043505239165074636,-2.683793459188171,-0.004240900278091431,0.00907907634973526,0.034324951469898224,-0.44390562176704407,-0.3006584644317627,9.797102928161621,51.41802096923838,8.218188253563111,474.4608154296875,997
frame_000608.png,1763498425.193228,-0.02032856031691725,-0.022184844549856603,0.9734471960378488,-0.22692540367660535,-0.034013909793994476,0.04966658651100272,-2.6843873518866967,0.013923346996307373,0.030870486050844193,0.03743484616279602,-0.3474074900150299,-0.33178097009658813,9.8312349319458,51.41802112034895,8.218188201903349,474.4551086425781,1000
frame_000609.png,1763498425.441234,-0.02135133040953366,-0.02250416292068385,0.9733120410391046,-0.22737931768143416,-0.034149913637525946,0.051820165636129796,-2.683481584250424,0.007565557956695557,-0.013561874628067017,-0.0499102845788002,-0.3714670240879059,-0.3969419300556183,9.91463851928711,51.418021337254885,8.2181880986554,474.4574279785156,994
frame_000610.png,1763498425.69323,-0.020398127193862123,-0.02039086702387419,0.9734999505484195,-0.22686113644964048,-0.03048722086742414,0.04898653181342905,-2.6844385519669673,-0.013957425951957703,0.048788830637931824,-0.046614885330200195,-0.2998739778995514,-0.31313130259513855,9.816299438476562,51.418021370844826,8.218187965300023,474.4609069824219,992
frame_000611.png,1763498425.949228,-0.01919106612806526,-0.01883353220151556,0.9732962128843902,-0.22797254885311655,-0.02794428049653687,0.04596041976499174,-2.682075817270951,0.005792394280433655,-0.03368598222732544,0.042818211019039154,-0.383743017911911,-0.2574252784252167,9.834056854248047,51.41802140135331,8.218187848938237,474.4578857421875,1000
frame_000612.png,1763498426.197225,-0.01685572773050336,-0.017766137254040137,0.9732895187952407,-0.2282712452611469,-0.02691362507703816,0.040933432829249404,-2.6813995615625514,0.0735839307308197,0.015112318098545074,0.010277070105075836,-0.3678816854953766,-0.3958618640899658,9.784092903137207,51.4180213879593,8.21818767729546,474.4577941894531,1001
frame_000613.png,1763498426.44924,-0.020499688290367548,-0.015228379347883568,0.9735383304741811,-0.22709244448016938,-0.020363921954161927,0.0468480991301053,-2.683735458058167,-0.08241736888885498,-0.0069505563005805016,-0.06818033754825592,-0.35612204670906067,-0.29037755727767944,9.886618614196777,51.418021297454985,8.218187490185258,474.4439392089844,997
frame_000614.png,1763498426.697236,-0.014246178829096418,-0.02318653256629622,0.9735555604467362,-0.22682372411095575,-0.03872202925846977,0.03826674315335317,-2.684530829573918,0.02903582900762558,-0.07020696997642517,0.012873563915491104,-0.3235301971435547,-0.5212175250053406,9.780130386352539,51.41802125795027,8.218187279530877,474.4503479003906,990
frame_000615.png,1763498427.449246,-0.018965896927553075,-0.020869939747162034,0.9732342044504583,-0.2280787663426098,-0.032011234890866214,0.04645320453245576,-2.681941993265824,0.06072676181793213,0.02360459789633751,0.06472249329090118,-0.42683395743370056,-0.3405440151691437,9.80992603302002,51.41802122676784,8.218186884726814,474.44097900390625,998
frame_000616.png,1763498427.689293,-0.018596814287000125,-0.018608732475472897,0.9733561525120794,-0.2277842706178645,-0.027785044054624168,0.04469507968400686,-2.6824486767273688,-0.014586091041564941,-0.007017865777015686,0.03448841720819473,-0.300394743680954,-0.2953639626502991,9.94753646850586,51.418021195776774,8.218186893155528,474.43719482421875,1001
frame_000617.png,1763498428.197233,-0.011600369923513586,-0.017369443102216123,0.973942279447229,-0.22583217257311242,-0.028611357941218444,0.030446043096289722,-2.686332713811268,-0.03519940376281738,0.009549200534820557,0.05045464634895325,-0.21282905340194702,-0.2918448746204376,9.799439430236816,51.41802109131808,8.218186828031346,474.4346618652344,1001
frame_000618.png,1763498428.441278,-0.015629617337594787,-0.015911892904846417,0.9740470779736364,-0.22524390472793251,-0.023976177739679225,0.037624956561409025,-2.6875419942951977,0.08076488971710205,-0.004665091633796692,-0.007154971361160278,-0.3127104341983795,-0.24841485917568207,9.793214797973633,51.41802094878194,8.218186718255772,474.4362487792969,1006
frame_000619.png,1763498428.693338,-0.016473745862321743,-0.009086518910416189,0.9740219671508873,-0.2256706856879513,-0.010272565830567636,0.036200608810564666,-2.686433746112575,0.005407169461250305,0.030468851327896118,0.03921854496002197,-0.27864131331443787,-0.09133985638618469,9.831720352172852,51.41802084986285,8.218186737934897,474.4333190917969,1011
frame_000620.png,1763498429.189206,-0.013791279583334298,-0.012109478277293004,0.9738000933330372,-0.22666393486365283,-0.017342396281484682,0.03235510755983354,-2.684492639309857,-0.06213843822479248,-0.021315939724445343,-0.05414986610412598,-0.06664144992828369,-0.1681172400712967,9.720222473144531,51.41802067506839,8.218186737680986,474.4344177246094,992
frame_000621.png,1763498429.697248,-0.00671118749462532,-0.0059837773668986825,0.9739951741982574,-0.22639027145471943,-0.008618825643157586,0.01578332172822907,-2.6849016212558445,0.11915981769561768,-0.08378422260284424,0.00583939254283905,-0.1666717529296875,-0.09827554225921631,9.87015151977539,51.4180204079242,8.218186602036276,474.4324035644531,1053
frame_000622.png,1763498429.945266,-0.0083470273828991,0.00041053401752650244,0.9737632453880691,-0.22740998334942278,0.004596530279360322,0.016070029540056808,-2.6827051087768794,0.008933648467063904,0.08655118942260742,-0.0484670028090477,0.019506579264998436,-0.10654770582914352,9.745756149291992,51.41802026818498,8.21818654891754,474.4208068847656,1105
frame_000623.png,1763498430.189248,-0.012525648091106794,-0.0010291107281260089,0.9732417702781939,-0.22943954684573048,0.0037457767347018204,0.024855764515939363,-2.6785052020091697,-0.03315117955207825,-0.03787893056869507,0.060676366090774536,-0.1533823162317276,-0.14572516083717346,9.928096771240234,51.418020180341074,8.218186475399914,474.4124755859375,1126
frame_000624.png,1763498430.441255,-0.006791194932223354,-0.003586694806787469,0.9728845876381763,-0.2311635663936926,-0.0038395605999043923,0.014872872401567643,-2.675060246786653,0.01542748138308525,-0.020086094737052917,0.03060773015022278,-0.0011985525488853455,-0.1291424185037613,9.913591384887695,51.418020075364005,8.218186222954294,474.4081726074219,0
frame_000625.png,1763498430.697226,-0.009866385426950508,-0.006435446036749193,0.9719344053489493,-0.23495691343712222,-0.007875334700932142,0.02220488864848707,-2.66729806705867,-0.08025231957435608,-0.008494466543197632,0.010736554861068726,-0.08146944642066956,-0.04907779023051262,9.71130657196045,51.41802006716699,8.218186003127459,474.4189147949219,1120
frame_000626.png,1763498430.949234,-0.004507945152950298,-0.006858760648351653,0.9722143133455845,-0.23394863701000762,-0.011228156240208002,0.01197485920507026,-2.669369562549538,0.017363516613841057,-0.03575634956359863,-0.06880833208560944,-0.1167956069111824,0.047561872750520706,9.884918212890625,51.4180200473415,8.218185777977986,474.4283447265625,1060
frame_000627.png,1763498431.441242,-0.008206577343649869,0.0010251775763989183,0.9735963143785361,-0.22812675802669502,0.0057412203018924165,0.01551266819842749,-2.6812255478840017,0.05444934964179993,0.07023689150810242,-0.005673766136169434,-0.1842515915632248,-0.06368633359670639,9.739774703979492,51.418019825936476,8.218185551171402,474.41400146484375,1094
frame_000628.png,1763498431.693243,-0.009550073598310744,0.002727357968013767,0.9739223216887729,-0.22666422066380779,0.009643393200742588,0.01736654370170237,-2.6841831761370676,0.0057598501443862915,-0.014322400093078613,0.02635858952999115,-0.09363619983196259,0.01672457717359066,9.899048805236816,51.4180197443685,8.218185549871114,474.4121398925781,1140
frame_000629.png,1763498432.18922,-0.004137407279394733,-0.00667132432429785,0.9736069307778792,-0.22809629465215453,-0.011103952884637064,0.011100053463318757,-2.6813958742228876,0.050801873207092285,-0.026803039014339447,0.0034694261848926544,-0.09673790633678436,-0.17286522686481476,9.853870391845703,51.41801967384807,8.21818546294626,474.41259765625,1183
frame_000630.png,1763498432.693322,-0.012552051067179857,0.0008157126839110149,0.9731905160572588,-0.2296562650637477,0.007355196901891001,0.024058727942486143,-2.6780178451711314,-0.07707303762435913,-0.05970713496208191,0.017443783581256866,-0.13062302768230438,-0.10729684680700302,9.863029479980469,51.41801952520337,8.218185537362999,474.4122314453125,1188
frame_000631.png,1763498432.949238,-0.003920332306260245,-0.003649913495419819,0.9732471560322197,-0.2296982420509151,-0.005303803591583297,0.00930779635896381,-2.6780753188102344,0.006464898586273193,-0.02276638150215149,-0.056029513478279114,-0.0477324016392231,-0.09809701889753342,9.795551300048828,51.41801951251854,8.218185498820242,474.41754150390625,1210
frame_000632.png,1763498433.197238,-0.005267229852406938,0.0024296414828410464,0.9731087811718996,-0.23027299697986067,0.007154771922871086,0.009132340530436643,-2.67683560189292,0.04241210222244263,0.05046810209751129,0.018326975405216217,-0.09160227328538895,-0.08599408715963364,9.786691665649414,51.418019513466355,8.218185478738329,474.4149169921875,1187
frame_000633.png,1763498433.441236,-0.007204175286300239,-0.0020419384388319513,0.9730953044538061,-0.23028126019242343,-0.0006561017671344848,0.014961696796617036,-2.676850890797924,-0.07589134573936462,0.011765152215957642,-0.013623150065541267,-0.04794297739863396,-0.09481452405452728,9.792223930358887,51.418019572220985,8.218185503145573,474.40814208984375,1139
frame_000634.png,1763498433.693222,-0.008738507911211444,-0.006745300989064424,0.9729023701323718,-0.23095263060823962,-0.009090641078362053,0.020120477678643677,-2.675541842854773,0.004239670932292938,0.01513824611902237,0.05888671800494194,-0.1505850851535797,-0.0700245276093483,9.876787185668945,51.4180196186764,8.218185489915118,474.41436767578125,1134
frame_000635.png,1763498434.69728,-0.011916959372497588,0.0005815066474805993,0.9737455193337681,-0.22732644260345838,0.006552330676773929,0.02294580138960904,-2.6828215170795517,-0.0385860800743103,0.04144732654094696,-0.013090059161186218,-0.10873430967330933,0.0366363525390625,9.859197616577148,51.418019661120596,8.218185671576592,474.4166564941406,1136
frame_000636.png,1763498434.945247,-0.008425285971877767,-0.008273702178359633,0.9738046506022006,-0.22707941975018775,-0.01229033004373547,0.020168107514254865,-2.6835286675758727,-0.03679943084716797,-0.004245184361934662,0.05925846844911575,-0.09513148665428162,-0.1405194252729416,9.872618675231934,51.418019702786125,8.218185683260108,474.414306640625,1164
frame_000637.png,1763498435.197264,-0.004547145136829541,-0.009578936228036981,0.9737677881813288,-0.22729685909023578,-0.016590424126856053,0.013210635412927826,-2.68307403086884,-0.025631040334701538,-0.034317582845687866,-0.050250452011823654,-0.09805919975042343,-0.1655154675245285,9.93690013885498,51.418019811645465,8.218185621622082,474.410400390625,1161
frame_000638.png,1763498436.190502,0.021145123367277058,-0.035859351690440945,0.8671252756737031,-0.4963474054953126,-0.08327602100096905,-0.0010735497156331385,-2.101783187668598,-0.1320587396621704,0.33462095260620117,1.6109905242919922,-0.39417317509651184,-0.0051143839955329895,10.021257400512695,51.41802062825235,8.218184148182916,474.3494567871094,1139
frame_000639.png,1763498436.44924,-0.0029744322737230364,0.05587295941588699,-0.7841360841890307,0.618061458619977,-0.09161881837878987,0.06444572686105686,-1.8095308891647557,-0.13694024085998535,0.050898730754852295,1.5166730880737305,-0.4942607283592224,0.10712014883756638,10.092455863952637,51.41802050480277,8.218182179864282,474.43975830078125,1138
frame_000640.png,1763498437.193223,0.026587404013274935,0.026611249282330694,-0.32216197659013424,0.9459368965205904,0.03323559935557088,0.06752733478617925,-0.6553840696565972,-0.06765490770339966,0.07109105587005615,0.8660035133361816,-0.19944089651107788,0.1347108781337738,9.847347259521484,51.41801702820705,8.218185965376106,474.4176330566406,1142
frame_000641.png,1763498437.950649,0.038819288837282355,0.01352738127040687,-0.23312308759403758,0.9715779427306671,0.06924836157241136,0.04439974184611192,-0.46944353246890924,-0.09026247262954712,-0.11242544651031494,-0.004210442304611206,-0.2913372814655304,0.2942497432231903,9.907553672790527,51.418013025056396,8.218200304988242,474.4043884277344,1151
frame_000642.png,1763498438.18922,0.03355883421797936,0.002113740933135779,-0.23547403109349788,0.971298778659675,0.06425277690673997,0.01991193168876058,-0.4750468133293102,0.0380672812461853,-0.07695209980010986,-0.04340158402919769,-0.2732638418674469,0.2215547263622284,9.678932189941406,51.41801208612806,8.218204187254253,474.40704345703125,1144
frame_000643.png,1763498438.445223,0.02280271059531908,-0.0005145036980574063,-0.23219499460017437,0.9724017976937701,0.04460256091831854,0.009588888829190742,-0.4685778530862763,-0.10511869192123413,-0.003088774159550667,0.03401994705200195,-0.36477354168891907,0.2578067183494568,9.63005256652832,51.41801001640791,8.218211734399027,474.40484619140625,1127
frame_000644.png,1763498439.189233,0.032217485088801304,0.00889884856354558,-0.23023019061703667,0.972562030657808,0.05863331000059859,0.03214977801830425,-0.4639500965084777,-0.015222162008285522,0.015057600103318691,0.011824920773506165,-0.2450120449066162,0.49032723903656006,9.882936477661133,51.41800697594741,8.218221922244664,474.4053649902344,1144
frame_000645.png,1763498439.693236,0.024164503709724682,0.010707693308891493,-0.22823365573065826,0.9732475638070125,0.042182310185223025,0.03187817781811131,-0.460017479649419,-0.012210549786686897,-0.018770352005958557,-0.02430105209350586,-0.10053574293851852,0.506030261516571,9.854880332946777,51.41800390848387,8.218231605517401,474.38446044921875,1149
frame_000646.png,1763498440.19723,0.0314038206522469,0.0006279985467463783,-0.23240306320866885,0.9721122475709759,0.06080925221636608,0.015818318055765352,-0.4688501496155183,0.02245977520942688,-0.06613147258758545,-0.05507231131196022,-0.048867009580135345,0.6060010194778442,9.818150520324707,51.418001763504954,8.21823815830574,474.39263916015625,1139
frame_000647.png,1763498440.445262,0.028097340952940034,-0.002129735536107637,-0.2327987880674801,0.9721166225984581,0.055650327557510613,0.008941470355204114,-0.4698504223976606,-0.03402841091156006,-0.025005929172039032,0.01673620566725731,-0.030197246000170708,0.5745564103126526,9.76846694946289,51.417999779271994,8.21824499038516,474.3802490234375,1148
frame_000648.png,1763498440.697751,0.028953680546405635,-0.0020903584270763743,-0.23323866362655704,0.9719861318836606,0.05729415033120675,0.00944277704040317,-0.47074542926006624,0.06286971271038055,-0.034551024436950684,0.04819578304886818,-0.08078660815954208,0.5653727650642395,9.732746124267578,51.41799870695037,8.218248366158685,474.3894958496094,1138
frame_000649.png,1763498440.945234,0.03166819612264688,-0.0037110220879297082,-0.23287768968709338,0.9719831970334685,0.06333446783646748,0.0075356017909825575,-0.4700762946385408,-0.009486541152000427,0.007835043594241142,-0.008750341832637787,-0.09728406369686127,0.6005640029907227,9.849085807800293,51.41799778165697,8.218251821912412,474.3817138671875,1150
frame_000650.png,1763498441.197247,0.03367457707157832,-0.0017006094559021364,-0.23201611469327524,0.9721273853303207,0.06631471769914116,0.01231998268068713,-0.46816244691471903,-0.03593919426202774,0.014661699533462524,0.05697837471961975,-0.15960046648979187,0.6198261380195618,9.846991539001465,51.41799680869009,8.218255174288013,474.3887939453125,1143
frame_000651.png,1763498441.44925,0.029719862760786274,-0.00520416630193808,-0.22907266860220182,0.9729416009761571,0.060252462542352565,0.003489323839738224,-0.46235905582625264,-0.01731933280825615,-0.06324505805969238,0.007974863052368164,-0.19434060156345367,0.515902578830719,9.824150085449219,51.4179948155799,8.218261768874571,474.3916015625,1139
frame_000652.png,1763498441.941249,0.038949387326337945,0.007196050472829046,-0.23131017476472682,0.9720734360812494,0.0724948882165221,0.032014426640402056,-0.4660607328152541,0.033401042222976685,-0.03569343686103821,-0.02458946406841278,-0.17144405841827393,0.6552731990814209,9.724895477294922,51.41799301207183,8.218268015090144,474.39788818359375,1139
frame_000653.png,1763498442.193218,0.03947452796320618,0.00048791956567519984,-0.2339876227135119,0.9714377571380777,0.07655493937076248,0.019422289962432383,-0.4719860084467137,-0.0037665963172912598,-0.03719058632850647,-0.0627211406826973,-0.09898576885461807,0.7230411171913147,9.729120254516602,51.41799212768742,8.218271093545226,474.39306640625,1139
frame_000654.png,1763498442.697218,0.042719369448228746,0.0065616897777396686,-0.23484517999632196,0.9710714397683116,0.08001353522683924,0.032814503841329466,-0.473256918805899,0.050211966037750244,-0.0015319772064685822,-0.047247447073459625,-0.2200266569852829,0.8548466563224792,9.859216690063477,51.41798946943344,8.2182803933964,474.38897705078125,1155
frame_000655.png,1763498442.949203,0.044043669723037485,0.0006295856481117711,-0.23464211784175337,0.9710833307775273,0.0853687808354746,0.021893509117526844,-0.47323469939525054,0.012827369384467602,-0.06800606846809387,0.02467365376651287,-0.13552822172641754,0.7528607249259949,9.883871078491211,51.41798856626782,8.218283561944078,474.38958740234375,1145
frame_000656.png,1763498443.189212,0.04038818431024866,-0.00042291597953376985,-0.23469920104417696,0.9712285522673954,0.07874512562763952,0.018137647482904726,-0.4734980926215108,-0.033317387104034424,-0.004718877375125885,0.06340675055980682,-0.02043161541223526,0.682398796081543,9.719344139099121,51.41798768603536,8.218286815821154,474.3830261230469,1154
frame_000657.png,1763498443.442167,0.03999308477757105,0.0016494392861424042,-0.2352353827328359,0.9711138693431124,0.07699436416537647,0.022020943640164808,-0.47446152529690966,0.00430123507976532,0.014457464218139648,-0.043435391038656235,-0.10091841965913773,0.7051166296005249,9.77199935913086,51.417985770372155,8.2182931598947,474.38348388671875,1161
frame_000658.png,1763498443.6932,0.04350384987220606,-0.002224633184206613,-0.23474737056756143,0.9710798824324949,0.0856516622719274,0.016104931849376163,-0.4736861044975337,0.0002466142177581787,-0.003611113876104355,0.01887192577123642,-0.10365336388349533,0.8158597946166992,9.77237319946289,51.417984827668626,8.218296289668686,474.37750244140625,0
frame_000659.png,1763498444.941206,0.04919124123949122,-0.0036095639202502697,-0.23191335905775215,0.9714851448808541,0.09741748974541264,0.015803594353967082,-0.4678991141445927,-0.045931100845336914,-0.056476593017578125,0.04784350097179413,-0.09495098888874054,0.823090136051178,9.820281028747559,51.41797935229154,8.21831497261427,474.3917541503906,0
frame_000660.png,1763498445.193207,0.039354103732068164,-0.003623011365652649,-0.229278799768374,0.9725581526494258,0.07829436578181206,0.010999166639260576,-0.4626108932310838,0.003533263923600316,0.061430931091308594,0.043252378702163696,0.13914206624031067,0.5443816184997559,9.742915153503418,51.417978299685885,8.218318069574877,474.4095153808594,939
frame_000661.png,1763498445.445205,0.04273846162297548,-0.0031375678785088294,-0.2316255312137471,0.9718606859297575,0.08463407815796815,0.013700508614786071,-0.4673543965018128,0.0018097981810569763,-0.0010134577751159668,0.021252529695630074,0.014518367126584053,0.8531609177589417,9.862170219421387,51.41797622324354,8.218324310676623,474.41693115234375,1083
frame_000662.png,1763498445.697211,0.04104751545286238,-0.005583353928939208,-0.23184316366809335,0.9718707090423195,0.08247089237097983,0.008180666649013759,-0.4680161082852056,-0.02808208204805851,0.017381608486175537,-0.04735850915312767,0.05818817764520645,0.6158599257469177,9.740409851074219,51.4179751348802,8.218327438948178,474.4228820800781,1128
frame_000663.png,1763498445.949208,0.04154516959474677,-0.0052586200097714565,-0.23436091700610698,0.9712472941424307,0.0832658448022755,0.009258419444780232,-0.47315989780750256,0.022275835275650024,-0.008397474884986877,-0.019839860498905182,-0.06077679991722107,0.688591718673706,9.991612434387207,51.417974071924405,8.2183307073985,474.4189147949219,1114
frame_000664.png,1763498446.18921,0.03522278312804831,-0.008321823646600663,-0.23424913624675275,0.9715026736800879,0.0724000541041993,0.00033246520889531445,-0.47319618572079386,-0.08886939287185669,-0.057627081871032715,0.04557475447654724,-0.01636354625225067,0.6422799229621887,9.759849548339844,51.41797300133068,8.218333961589478,474.4148254394531,1168
frame_000665.png,1763498446.945239,0.03667145879127844,-0.0021446790855701166,-0.23318125524447522,0.9717392174160465,0.07233950872198745,0.012934416682521876,-0.4705515515483044,-0.03279519081115723,0.059171319007873535,-0.08550086617469788,-0.27095362544059753,0.5891758799552917,9.934096336364746,51.41796878877836,8.218346441607567,474.3835754394531,1200
frame_000666.png,1763498447.197314,0.030602331278106295,0.014210191132808395,-0.23369859369774656,0.9717234869508967,0.05290336101144488,0.04193248398898547,-0.47092402459102506,-0.05338481068611145,0.18146514892578125,0.015999548137187958,-0.4053264558315277,0.3498176038265228,9.713045120239258,51.41796776927343,8.218349031736468,474.39068603515625,1199
frame_000667.png,1763498448.44522,0.03310757113227159,0.017585046180867207,-0.23553812670985474,0.9711418257651921,0.05611930834298549,0.04977188522096096,-0.4744881968945338,0.026972562074661255,-0.07765346765518188,0.041361063718795776,-0.405754029750824,0.5465639233589172,9.780784606933594,51.41796086500715,8.21836757059382,474.4117736816406,1214
frame_000668.png,1763498449.19723,0.039909310858206475,0.012404144758614911,-0.23627290108841947,0.9707875670355963,0.07175308574524923,0.04295576543169651,-0.47593997038881025,-0.015062153339385986,-0.02497757226228714,0.05109582096338272,-0.251766562461853,0.5306727886199951,9.85573959350586,51.417957726647536,8.218376786664274,474.41619873046875,1187
frame_000669.png,1763498449.449573,0.03196564737295459,0.009824124727477589,-0.23650345563145417,0.971054993002841,0.057499219470220304,0.034206173035929065,-0.476819920925878,-0.0817125141620636,-0.02954050898551941,-0.07027053833007812,-0.28980395197868347,0.3936392664909363,9.843104362487793,51.41795562296663,8.218383173485535,474.4203796386719,1237
frame_000670.png,1763498449.701296,0.028599930872938936,0.011634190941403928,-0.23684656005227359,0.9710563302644223,0.05008690193082159,0.03615037334732093,-0.4775644882214927,-0.012395747005939484,-0.012638717889785767,0.023404784500598907,-0.18810798227787018,0.39169296622276306,9.707680702209473,51.41795453326949,8.218386415349492,474.4163513183594,1237
frame_000671.png,1763498450.197261,0.024613971006651365,0.005359618125297025,-0.23985680129323078,0.9704813969356725,0.04523029424782739,0.02221230257234066,-0.48409110628933816,-0.00955742597579956,-0.08943259716033936,0.00658281147480011,-0.19345390796661377,0.34297776222229004,9.768858909606934,51.41795229904054,8.218392823655588,474.4247131347656,1155
frame_000672.png,1763498450.441249,0.025194023484840684,0.001269785795818068,-0.24046341326907297,0.9703303539020435,0.04830629547416425,0.014581221848602088,-0.48549195344421225,-0.03580009937286377,0.04239679127931595,-0.049999482929706573,-0.24035510420799255,0.40127846598625183,9.893871307373047,51.417949939095436,8.218399227791014,474.4235534667969,1208
frame_000673.png,1763498450.697448,0.017417667856986913,0.010709484545637811,-0.2387813038964237,0.9708580847357219,0.028721839349477307,0.029116920214795464,-0.4819059454188518,-0.05724862217903137,0.0692959725856781,0.02846604213118553,-0.28630855679512024,0.1519097238779068,9.850655555725098,51.41794874312146,8.21840233418415,474.42828369140625,1264
frame_000674.png,1763498451.201297,0.016371876022240692,0.008984402806791416,-0.23908697384635766,0.9708185521088422,0.02750438646264934,0.025275745642747392,-0.48258915059458496,-0.006872773170471191,0.013344064354896545,0.046640682965517044,-0.12204791605472565,0.31111928820610046,9.83269214630127,51.41794649196928,8.218408439743824,474.4308776855469,1264
frame_000675.png,1763498451.69328,0.017822685422532358,0.011014168578336111,-0.23980485182497516,0.9705950097832047,0.029332060492600724,0.02993299670740041,-0.48399906755797223,0.07753407955169678,-0.0010582907125353813,0.03103639930486679,-0.19064746797084808,0.29888302087783813,9.848431587219238,51.41794316391295,8.218417455801942,474.43060302734375,1233
frame_000676.png,1763498451.949231,0.01849384005656886,0.009781071071566018,-0.23921686990699031,0.9707407468941216,0.031243042631695802,0.027841442260592923,-0.48279132808307096,-0.011970281600952148,0.01212523877620697,-0.034251779317855835,-0.1617612987756729,0.21771526336669922,9.900395393371582,51.41794215165759,8.21842050776092,474.42071533203125,1253
frame_000677.png,1763498452.19333,0.020617921455832043,0.01165260959775494,-0.23846045025233242,0.9708633949582497,0.03450201906760072,0.03246500448717605,-0.48113814158648843,0.019492536783218384,-0.002692893147468567,-0.02024134248495102,-0.17538982629776,0.2837734520435333,9.827627182006836,51.41794112839958,8.21842358931139,474.4158935546875,1261
frame_000678.png,1763498452.945305,0.01821231142417859,0.00415998079323963,-0.23651108181675876,0.9714491826391409,0.03342779135425153,0.016698022794743448,-0.47735281088077414,0.024066194891929626,0.020064862444996834,-0.03511181101202965,-0.11220167577266693,0.3095482587814331,9.880693435668945,51.41793696342532,8.218436185895623,474.4031677246094,1263
frame_000679.png,1763498453.449477,0.01839942899046217,-0.0003651596437717037,-0.23447813765631198,0.9719471851044619,0.035946658127516705,0.007918778671780605,-0.4733027767692413,0.03986749053001404,-0.022732436656951904,0.04109115153551102,-0.03419434279203415,0.2674439251422882,9.813010215759277,51.417934055167684,8.21844599885076,474.39813232421875,1305
frame_000680.png,1763498453.701317,0.019746843991831717,0.001901892314823568,-0.23529577851478778,0.9717213291737015,0.037493790813473794,0.012989281975406133,-0.4748975241213031,-0.04169836640357971,0.04093387722969055,-0.04425664246082306,-0.04719967767596245,0.3394607603549957,9.705792427062988,51.417933100733535,8.218449193876827,474.39703369140625,1308
frame_000681.png,1763498454.201227,0.021816835884511703,0.0030706296053236797,-0.23829409991241782,0.9709431079382281,0.04091928036888073,0.01636118978542066,-0.4810022895351819,0.044636279344558716,0.015712633728981018,0.03133365139365196,-0.1466856747865677,0.18137535452842712,9.90826416015625,51.41793123014446,8.218455406268788,474.3974609375,1268
frame_000682.png,1763498454.445231,0.018218810708827422,0.0043671469058114715,-0.23798895385220392,0.9710871540745416,0.033316504817340664,0.017154353250553908,-0.4803898065193586,-0.08124148845672607,0.02895887941122055,-0.009571954607963562,-0.20663908123970032,0.23529189825057983,9.736653327941895,51.417929312628935,8.21846148598034,474.3974609375,1281
frame_000683.png,1763498454.941211,0.014944888738493993,0.01500376069802267,-0.23735389525141032,0.9711923938512353,0.021922475799094447,0.036245467279082504,-0.47899424725879775,0.011017343029379845,0.02527889609336853,-0.0020317770540714264,-0.3362763822078705,0.08343473821878433,9.7920560836792,51.41792740898551,8.218467288072784,474.3970031738281,1283
frame_000684.png,1763498455.193229,0.01438688818878861,0.019277005109048177,-0.23739510917927834,0.9711153261379554,0.018809671714445444,0.044285618182431846,-0.47909172040594405,-0.012205332517623901,0.035095229744911194,0.005667179822921753,-0.3797662854194641,0.09518880397081375,9.80865478515625,51.41792641944313,8.218470030589263,474.41485595703125,1288
frame_000685.png,1763498455.44527,0.01933781032168552,0.019729956506394773,-0.2401027213656885,0.9703542966880752,0.028090120903673948,0.047594184312539,-0.4844635836456011,0.04000437259674072,-0.0233592689037323,-0.039796918630599976,-0.3705703914165497,0.0751887857913971,9.850188255310059,51.41792455836358,8.218475574879866,474.4027404785156,1299
frame_000686.png,1763498455.693224,0.021277216287533745,0.020891363297014066,-0.24137693505322938,0.9699731987178588,0.03123667655648342,0.05082165802471208,-0.4869963113946331,0.03128974884748459,0.0054788291454315186,0.002105873078107834,-0.309603750705719,0.10177076607942581,9.902731895446777,51.417923685526596,8.218478415108065,474.3942565917969,1284
frame_000687.png,1763498456.193251,-0.0038138209368908447,-0.027662275547564043,-0.24062698106906438,0.970215908580652,0.005921285327398708,-0.05554072672315122,-0.48638142294135567,0.04452037811279297,-0.3472249507904053,-0.0031163208186626434,-0.32172495126724243,0.15861256420612335,9.83254337310791,51.41792170993903,8.218484020106942,474.39642333984375,1285
frame_000688.png,1763498456.449269,0.0014227642868299556,-0.056411550169922615,-0.2381473453737006,0.9695883428758154,0.02980857560451084,-0.10892960027875921,-0.4833236808964818,0.014899641275405884,-0.1044350266456604,0.017028197646141052,-0.052215710282325745,0.34185829758644104,9.786691665649414,51.417920083853815,8.218489091487406,474.3511047363281,1290
frame_000689.png,1763498456.693248,-0.012710862109475946,-0.03303840757156998,-0.23994882754548416,0.9701399165940531,-0.008829474683979007,-0.07026146423434183,-0.484625987310937,-0.01610010862350464,0.1402515172958374,-0.027544856071472168,-0.6818509101867676,-0.4067511260509491,10.30730152130127,51.4179196225326,8.218490751766153,474.3565673828125,1273
frame_000690.png,1763498456.949238,0.014891876274014108,-0.03272474776314314,-0.23797109386321277,0.9706065533419935,0.04456916252970823,-0.05646804168699616,-0.4821287386495257,0.21747899055480957,0.11226534843444824,-0.014854801818728447,-0.14705170691013336,0.4899750053882599,9.852972984313965,51.41791954817126,8.218491950434325,474.3625183105469,1290
frame_000691.png,1763498457.193229,0.04627934461124691,-0.014794900559028474,-0.23640017919030726,0.9704402549660605,0.09697188184253502,-0.006834296625737781,-0.47822568876176064,0.10910746455192566,0.4362518787384033,-0.013971865177154541,-0.10144712775945663,0.6786311864852905,9.931611061096191,51.417919758486335,8.21849283751353,474.3404846191406,1284
frame_000692.png,1763498457.445243,0.05375734224014299,0.02075287681357993,-0.23390064183165155,0.9705513670125749,0.09498631320742638,0.06547799764635852,-0.4698630411663694,-0.15545427799224854,0.14858031272888184,0.04380686581134796,-0.5827096104621887,0.6455708742141724,10.057930946350098,51.4179205972851,8.21849347323174,474.3438415527344,1276
frame_000693.png,1763498457.701404,0.03644014053353629,0.013262714614487301,-0.2325695491270481,0.971806370311387,0.06476087249403195,0.04274032656491967,-0.4684130535169619,0.048250555992126465,-0.25060105323791504,-0.03294672816991806,-0.26549220085144043,0.5797048807144165,9.87663745880127,51.4179208419605,8.218493701109972,474.3510437011719,1279
frame_000694.png,1763498457.941357,0.03994909674199058,-0.0024043775053139947,-0.23406310318871876,0.9713973195165706,0.07882780537377797,0.01403046769963714,-0.4723423751363107,0.043024420738220215,-0.00824524462223053,-0.011377029120922089,-0.08892157673835754,0.629439651966095,9.736577987670898,51.41792103897483,8.218493901602848,474.33746337890625,1287
frame_000695.png,1763498458.193443,0.04039293086390682,0.003069666810234168,-0.2365792287697177,0.9707673546203659,0.07707232333968245,0.025074749033986363,-0.47712049416279667,-0.010316282510757446,0.02459722012281418,0.0010828226804733276,-0.27036339044570923,0.5146256685256958,9.86811351776123,51.41792119162515,8.21849415527764,474.33551025390625,1283
frame_000696.png,1763498458.445252,0.03699953366661854,0.0003724661824506434,-0.2392949242686575,0.9702416374268078,0.07169228250766907,0.018431409169918662,-0.48295600542064177,-0.004941386170685291,-0.01670190691947937,-0.004344115033745766,-0.24693001806735992,0.4599953591823578,9.78852367401123,51.41792135959031,8.218494384394718,474.35296630859375,1276
frame_000697.png,1763498458.69346,0.03676805148640498,0.0032749142599035885,-0.23563532294862127,0.9711402472894337,0.06994713356229769,0.023690721469313482,-0.47524629683436515,-0.021924123167991638,0.05026032030582428,0.06778132915496826,-0.22085639834403992,0.5070846080780029,9.76171875,51.41792138228426,8.21849438713872,474.3551940917969,1276
frame_000698.png,1763498458.945359,0.03194641430525308,0.007147557319759893,-0.23248529477652483,0.9720488294062548,0.05884180335706695,0.02875365450391653,-0.4686745459263113,-0.027106642723083496,-0.013834774494171143,-0.026225268840789795,-0.22575370967388153,0.5465931296348572,9.815253257751465,51.417921360847785,8.218494292695436,474.3604736328125,1275
frame_000699.png,1763498459.19737,0.030738959357367115,0.004010741645685334,-0.2346036539742721,0.9715967043331291,0.0578964953522709,0.022218419104450448,-0.4732103453579579,0.034225523471832275,0.014722734689712524,-0.031103014945983887,-0.20623047649860382,0.4939856231212616,9.805831909179688,51.41792136257258,8.218494217082362,474.36376953125,1276
frame_000700.png,1763498459.449428,0.036399551902677914,0.00449883336383854,-0.23811126154105627,0.9705451356052305,0.06858942600692085,0.026069881036812334,-0.4802770934880785,0.04214590787887573,0.049786075949668884,0.006391897797584534,-0.3520565330982208,0.5163652300834656,9.850655555725098,51.41792150563521,8.2184940314839,474.3530578613281,1272
frame_000701.png,1763498459.693407,0.035176630746048716,0.010085623737550764,-0.23694802547483473,0.9708328991473032,0.06360638818436008,0.03626092284596024,-0.4776196204378818,-0.036034613847732544,0.030518651008605957,0.020141929388046265,-0.4004729688167572,0.5318422317504883,9.925273895263672,51.417921555605496,8.218493800522875,474.3457336425781,1276
frame_000702.png,1763498460.201328,0.03309792925231699,0.018415799055465653,-0.2358382160390095,0.9710539229517045,0.05569575774220104,0.05139961029954307,-0.4750785335985229,-0.049359023571014404,-0.012865222990512848,0.035914480686187744,-0.3934669494628906,0.6388522386550903,9.965461730957031,51.41792165130854,8.21849313013244,474.354248046875,1272
frame_000703.png,1763498460.441278,0.033615815710697786,0.01900492356603374,-0.23543275275675074,0.9711231686782745,0.056449930936114175,0.05276525242602732,-0.4741992338735994,0.08245587348937988,0.024292871356010437,-0.029612161219120026,-0.3112051486968994,0.5350385308265686,9.762578964233398,51.417921689403094,8.21849236181922,474.36688232421875,1279
frame_000704.png,1763498460.69728,0.04721318991876632,0.014432691467159751,-0.2368596787868693,0.9702886707983812,0.08499387071476314,0.05039488417543058,-0.47671650904951623,0.009398682042956352,0.03171389922499657,0.04378202557563782,-0.17267757654190063,0.7918872833251953,9.856487274169922,51.41792175867476,8.21849211106892,474.3711242675781,1280
frame_000705.png,1763498460.941381,0.036304713372356884,0.0120659500124382,-0.23299789521363584,0.9717244267091694,0.06503247176792856,0.040378371663161716,-0.46935605234093924,-0.11716055870056152,-0.12168645858764648,0.00426793098449707,-0.2855342924594879,0.6243414282798767,9.85216999053955,51.41792180235428,8.218492052979041,474.3678894042969,1290
frame_000706.png,1763498461.197311,0.03050042473909731,0.0030032473562672394,-0.23417070704169993,0.9717122951571838,0.057912815152621686,0.02012255478271942,-0.4723744889678831,0.0785786509513855,-0.005711674690246582,-0.07410243153572083,-0.14339463412761688,0.5180767178535461,9.728466033935547,51.41792174901196,8.218492033254757,474.3722229003906,1287
frame_000707.png,1763498461.441362,0.040382170842077035,0.010911018381652957,-0.23939528167885443,0.9700206848649459,0.0732445094720552,0.040513511235978,-0.48243339641600047,-0.0461580753326416,0.040910184383392334,-0.024373192340135574,-0.4855467677116394,0.5799636244773865,9.824617385864258,51.41792180558277,8.218492019315748,474.3614807128906,1281
frame_000708.png,1763498461.945204,0.028508519094313046,0.023951988517721904,-0.23493424034868884,0.9712978272892823,0.04422009180548093,0.05996020532591739,-0.4733109479074908,0.05338671803474426,-0.018641650676727295,0.027625568211078644,-0.363435298204422,0.44312405586242676,9.793477058410645,51.4179217939991,8.218491720568348,474.37933349609375,1288
frame_000709.png,1763498462.193211,0.04045380228609908,0.01792298329872326,-0.23679843171942438,0.9705507504945282,0.07019644693784148,0.05397532788734066,-0.47672066198394936,0.015837013721466064,-0.05675479769706726,-0.011469215154647827,-0.3567061722278595,0.6317282319068909,9.736577987670898,51.41792179244058,8.218491545471208,474.3808898925781,1272
frame_000710.png,1763498462.44521,0.03870922016684895,0.014208707209399703,-0.2379836070373487,0.9703934829207195,0.06848944849928718,0.04601663198557335,-0.4794189965388867,-0.06464272737503052,-0.05183306336402893,0.02890356257557869,-0.330531507730484,0.5567183494567871,9.832000732421875,51.41792187009369,8.218491461652858,474.3726501464844,1240
frame_000711.png,1763498462.697236,0.029845054094109733,0.0153831844985683,-0.23762332665781488,0.9707768976489274,0.050705896576906176,0.04406530157786726,-0.4789951433966711,-0.02061229944229126,-0.034617602825164795,0.04563119262456894,-0.421997994184494,0.4727538228034973,9.917853355407715,51.41792182747718,8.218491428877494,474.37554931640625,1269
frame_000712.png,1763498462.941203,0.02713388553268901,0.014529959659018,-0.23771798615730066,0.9708464304850298,0.04583238846982871,0.04112473520335254,-0.4793209264437784,0.01565905660390854,0.004146557301282883,0.04604225605726242,-0.3500477373600006,0.46408599615097046,9.838580131530762,51.417921761221585,8.21849136829013,474.376708984375,1258
frame_000713.png,1763498463.193225,0.02921758432568956,0.014550431952358582,-0.2393724204294563,0.9703790300876842,0.04980330723800906,0.0422391949021262,-0.48264953093243956,-0.005925297737121582,-0.03474581241607666,-0.010327538475394249,-0.34993207454681396,0.5446409583091736,9.811178207397461,51.417921737785235,8.218491404656282,474.37884521484375,0
frame_000714.png,1763498463.449236,0.0314154590730806,0.015149899233362327,-0.24026804377928732,0.9700797991005281,0.0537500033976123,0.04450417373349795,-0.4843887882390777,0.05100569128990173,0.06139525771141052,-0.008021563291549683,-0.5253677368164062,0.6285961866378784,9.898357391357422,51.417921706556506,8.218491336992853,474.392333984375,0
frame_000715.png,1763498463.697225,0.033936420569969976,0.01875708480171925,-0.24124947930204158,0.9696881869266702,0.05687502194024126,0.05277583059612579,-0.48617893229121034,0.016203291714191437,-0.04002290591597557,0.04755784571170807,-0.37770840525627136,0.5535640716552734,9.712447166442871,51.41792172794549,8.218491358944732,474.3874206542969,1266
frame_000716.png,1763498463.941337,0.03822238731412451,0.016598265865475255,-0.24117379108577372,0.9695868961426736,0.06624704272313224,0.050645045580274106,-0.4859039099618002,0.04193592071533203,0.0501384437084198,0.059181272983551025,-0.38740140199661255,0.5908172726631165,9.745532035827637,51.41792178219272,8.21849136878014,474.3921203613281,1257
frame_000717.png,1763498464.193233,0.04027838343231849,0.016177189649308515,-0.2384346316466308,0.9701880625913024,0.07058975923095981,0.05061896949566178,-0.48018286686149037,-0.005087731406092644,0.004495903849601746,0.024560585618019104,-0.2933744192123413,0.5402472019195557,9.66222095489502,51.41792178237157,8.21849137550202,474.3912048339844,1259
frame_000718.png,1763498464.445235,0.041536143354720556,0.016927834692616356,-0.23958286793640318,0.9698392890573178,0.07262030999476887,0.05276173130306581,-0.48245251092490177,-0.06643331050872803,0.00425458699464798,-0.027137186378240585,-0.32022345066070557,0.7216905951499939,9.890114784240723,51.41792179924531,8.218491520372446,474.3863220214844,1264
frame_000719.png,1763498464.701247,0.035919022007017895,0.013790519929524597,-0.2390722236082537,0.9702392062358323,0.06320930303250685,0.0439488336377072,-0.48179573017399124,0.031042158603668213,-0.0553072988986969,-0.006617121398448944,-0.2258661538362503,0.5070875287055969,9.68347454071045,51.417921758150754,8.218491695280305,474.3829040527344,1258
frame_000720.png,1763498464.945263,0.0405557520604376,0.0068643728833935646,-0.23914104847412349,0.9701132255022745,0.07551637581327186,0.03272136672569426,-0.4821433047440098,0.0070063285529613495,-0.011362772434949875,0.022198036313056946,-0.10385459661483765,0.6503198146820068,9.703866958618164,51.417921657990696,8.218491873728995,474.37384033203125,1265
frame_000721.png,1763498465.193353,0.035189239582826694,0.0010800011211690673,-0.23841620436231836,0.970524736682495,0.06785320971536513,0.018876826536648877,-0.48113327687074653,-0.043404676020145416,-0.10585331916809082,0.02253766357898712,-0.050260644406080246,0.6008934378623962,9.819552421569824,51.41792155780692,8.218492120220114,474.3673400878906,1256
frame_000722.png,1763498465.449292,0.028080766348685754,-0.000944283034681283,-0.23646574050199082,0.9712335107787756,0.05502390757699809,0.011446289705623901,-0.477330871594236,-0.020053312182426453,0.00013130903244018555,-0.022813763469457626,-0.12694253027439117,0.38255956768989563,9.841290473937988,51.41792134348506,8.218492731994939,474.3480224609375,1252
frame_000723.png,1763498465.693228,0.032218105176339426,0.002174866801378078,-0.23697982809256327,0.9709777673718702,0.06158594701999444,0.01949481147741082,-0.47816592617799825,0.0035829097032546997,-0.0035770833492279053,0.007383190095424652,-0.11855119466781616,0.5242807269096375,9.880525588989258,51.4179212327131,8.218492926198735,474.3547668457031,1261
frame_000724.png,1763498465.949256,0.02969316191107014,0.005610161461316876,-0.23604143258730034,0.9712730225463054,0.055076803949005215,0.024918208520388094,-0.4761158389779739,-0.04181864857673645,-0.0324011966586113,0.011151827871799469,-0.24015094339847565,0.5648009181022644,9.818018913269043,51.41792117896342,8.21849313069193,474.3492736816406,1257
frame_000725.png,1763498466.445412,0.028736860491606238,-0.0013058924374637303,-0.23724115335841078,0.9710247796257306,0.05646150023098008,0.011099251912263991,-0.4789386658004993,0.015076353214681149,-0.007566273212432861,-0.008578687906265259,-0.03129320964217186,0.5890461802482605,9.859515190124512,51.41792094515133,8.218493404625042,474.3514709472656,1255
frame_000726.png,1763498466.697431,0.026811107782962626,-0.0014854668421981165,-0.23738084695368292,0.9710454630897893,0.052801941407520314,0.009844134264647754,-0.47925381585447036,0.0012250840663909912,0.007037408649921417,0.024425148963928223,-0.20858830213546753,0.5047907829284668,9.874974250793457,51.417920929533985,8.21849353385557,474.34454345703125,1257
frame_000727.png,1763498467.193392,0.031263682515650065,0.004473473059588633,-0.23358137338315077,0.9718242187776486,0.058725449941339304,0.023302195482345155,-0.47107399978087794,-0.010098539292812347,0.02872045338153839,0.03435896337032318,-0.13310380280017853,0.5662010312080383,9.85228157043457,51.41792090682028,8.218493535534694,474.3458251953125,1249
frame_000728.png,1763498467.449385,0.03197101613717089,0.0019644078932037215,-0.23426068802017244,0.9716459876298061,0.06125777226266633,0.018797629575921345,-0.4725875292748756,0.03733062744140625,0.0037426799535751343,-0.030222542583942413,-0.06800823658704758,0.5297048687934875,9.858375549316406,51.417920968929224,8.218493515076647,474.3419494628906,1253
frame_000729.png,1763498467.701508,0.032220065967224876,0.0003421626057701644,-0.23540561791346756,0.9713629318275417,0.062482137085357034,0.015834958970537202,-0.4750285915310077,-0.03184114396572113,-0.024759527295827866,0.0072279637679457664,-0.0759686678647995,0.4934645891189575,9.789682388305664,51.417921009351126,8.21849347509923,474.3392639160156,1255
frame_000730.png,1763498467.941225,0.02760898514565894,0.0032691348586640777,-0.23619174460908396,0.9713086617934691,0.05212280296185149,0.019393922477621606,-0.4765720880524101,-0.021327286958694458,0.017759189009666443,0.0019685178995132446,-0.12336205691099167,0.37483686208724976,9.815028190612793,51.41792104104948,8.21849350023731,474.33929443359375,1250
frame_000731.png,1763498468.193248,0.030405823844103938,0.005004102029269468,-0.23636614917839607,0.9711753128873377,0.05674007290457726,0.02409586734978689,-0.4767959734998141,-0.009802311658859253,0.06984367966651917,0.03257139027118683,-0.25285741686820984,0.46484944224357605,9.798018455505371,51.4179210438162,8.218493406397558,474.346435546875,1258
frame_000732.png,1763498469.201258,0.02274165227547529,0.0008130218959786882,-0.23512899797331188,0.9716977465031214,0.04383102845055888,0.012274775149894978,-0.4745588369961195,0.013291962444782257,-0.008659947663545609,-0.012136250734329224,-0.030778303742408752,0.4448927938938141,9.76302719116211,51.417921004023384,8.218492817328666,474.3554992675781,1250
frame_000733.png,1763498469.693265,0.031061710940925347,0.008558900107486458,-0.23769145029325725,0.9708062060987561,0.056298502343446855,0.031389427320763254,-0.4793473192479278,-0.029698610305786133,-0.028608590364456177,0.035948753356933594,-0.22767314314842224,0.42939767241477966,9.808935165405273,51.41792110245335,8.218492719502379,474.36529541015625,1254
frame_000734.png,1763498469.941308,0.02497555409886815,0.0059129000937649424,-0.2391699276610207,0.9706384522635386,0.04568451209194466,0.023427522294152778,-0.4826488427724305,0.05082261562347412,-0.03340883553028107,0.010525725781917572,-0.17417220771312714,0.25576433539390564,9.74201774597168,51.41792105100376,8.218492584036355,474.3722839355469,1264
frame_000735.png,1763498470.201316,0.024422495577055548,0.011903062149301471,-0.239606630845285,0.9704898357408127,0.04173686177559392,0.03481421764268917,-0.48337689410745255,-0.03037242591381073,0.01770642399787903,0.002201128751039505,-0.23967838287353516,0.2983342409133911,9.816636085510254,51.41792104478358,8.218492463502342,474.3785095214844,1255
frame_000736.png,1763498470.701253,0.022282319798386806,0.005226536890027053,-0.23751362085539557,0.9711145459958361,0.04081472638175307,0.020737327181057183,-0.47931570621130637,-0.040104880928993225,-0.036951273679733276,-0.0008416846394538879,-0.12642870843410492,0.4158880412578583,9.771943092346191,51.41792091939007,8.218492179585695,474.3812561035156,1250
frame_000737.png,1763498470.941217,0.021804573804694968,0.0072108302823955485,-0.2373233532913536,0.9711591993439497,0.03895022693533793,0.024357605933418267,-0.4788735634720772,0.03046683967113495,0.03214031457901001,-0.0011644363403320312,-0.16435159742832184,0.3665638864040375,9.76463508605957,51.417920864824445,8.218492108346513,474.3824157714844,1250
frame_000738.png,1763498471.201254,0.02711575810183368,0.012854255205021065,-0.23776313980521013,0.9708595125638184,0.04658887749872377,0.037862653333018303,-0.47946292265230345,0.0026543214917182922,0.015973836183547974,-0.022894345223903656,-0.1600305289030075,0.4250103235244751,9.839459419250488,51.41792085623203,8.218492028788788,474.3821105957031,1255
frame_000739.png,1763498471.94923,0.02513313778089956,0.016391541131924037,-0.2371061703162641,0.9710202401405243,0.04108739169431978,0.04376545066663161,-0.47809250371367606,-0.0247533917427063,0.04434970021247864,0.0023992210626602173,-0.24035246670246124,0.35419443249702454,9.838767051696777,51.41792092879353,8.218492027508056,474.3707580566406,1257
frame_000740.png,1763498472.201225,0.023116905964769254,0.015162080372004132,-0.23595259181393746,0.9713712443724564,0.03779492401777502,0.04037597489909304,-0.47581992776695026,0.04862561821937561,-0.0405217707157135,0.029451929032802582,-0.23321883380413055,0.2767011523246765,9.823308944702148,51.41792090752259,8.218492002976648,474.37933349609375,1252
frame_000741.png,1763498472.441255,0.025561822588880997,0.0049867727109045405,-0.23543801556978552,0.9715403574470932,0.04734939560931513,0.02172786103344367,-0.4749883351034319,0.019819334149360657,-0.02167847752571106,0.016078341752290726,-0.2646322250366211,0.4355093836784363,9.631117820739746,51.41792082370905,8.218492062689178,474.37933349609375,1265
frame_000742.png,1763498473.201227,0.030722050853759664,0.006130368421364545,-0.23595731857595212,0.9712583168162855,0.05683548690475412,0.026409597972870208,-0.47589490739223056,-0.008390873670578003,0.04860494285821915,0.007741604000329971,-0.1731625497341156,0.43130484223365784,9.75865364074707,51.41792091576437,8.218492259033221,474.3750305175781,1255
frame_000743.png,1763498473.445215,0.03144586318073869,0.014635897568235344,-0.24092810880582363,0.9699229838386343,0.054025226524522456,0.04355754359434805,-0.4857658774467451,0.008923403918743134,0.05871903896331787,-0.07621067762374878,-0.22491198778152466,0.4979979693889618,9.7899808883667,51.41792103331748,8.218492374359759,474.3609313964844,1259
frame_000744.png,1763498473.94524,0.03302498233455619,0.001413677793382331,-0.2451643075705602,0.9689178573802562,0.06335755159253227,0.018933700391363835,-0.4950548647274666,-0.153744637966156,-0.11412858963012695,-0.008682146668434143,-0.19670280814170837,0.6225656867027283,9.854599952697754,51.417921050874185,8.218492507684324,474.3608093261719,1262
frame_000745.png,1763498474.193239,0.018202982699523838,0.006214050952502682,-0.24233143792425105,0.9700028408129358,0.032314836027127,0.02087912106419741,-0.4892914347165161,0.04829859733581543,0.04923522472381592,0.06280636787414551,-0.16943489015102386,0.41256144642829895,9.825645446777344,51.41792090729565,8.218492580473821,474.35784912109375,1258
frame_000746.png,1763498474.693232,0.03320933129241359,-0.005026019375115281,-0.2352743616004411,0.9713484720829372,0.06693176576434172,0.005862609539755568,-0.4750787363141074,0.0013146698474884033,-0.02478960156440735,0.046788036823272705,-0.0821647047996521,0.5970125198364258,9.834393501281738,51.41792065878892,8.218493019184699,474.3465881347656,1239
frame_000747.png,1763498474.94523,0.03273955396229813,-0.005768080811607914,-0.23402025404088952,0.9716631986180901,0.06637261765683093,0.00411418537476026,-0.47255108767095955,-0.01119140163064003,0.021718516945838928,-0.01485685259103775,-0.008197946473956108,0.5211719870567322,9.867852210998535,51.41792064823821,8.218493207159419,474.3445739746094,1251
frame_000748.png,1763498475.19723,0.03357591112789036,-0.00033429431074584947,-0.23311409011861337,0.9718695218121705,0.06547279871062987,0.0150048180769745,-0.4703366681211462,0.06801137328147888,-0.027561187744140625,0.05874652415513992,-0.0584695041179657,0.631553590297699,9.789271354675293,51.41792068661596,8.218493376106425,474.342529296875,1234
frame_000749.png,1763498475.449289,0.03362452649519145,0.0016117796509710904,-0.2296819720109897,0.9726833940792213,0.0647280002488465,0.018582467137090497,-0.4631678409435229,0.007129259407520294,-0.0016227439045906067,0.01904986798763275,-0.002123880432918668,0.43887102603912354,9.879871368408203,51.4179207519837,8.218493735801541,474.3282165527344,1236
frame_000750.png,1763498475.701236,0.03227852916205572,-0.004311846384799904,-0.22694876090552776,0.9733620931900593,0.06484122495829633,0.006257209580116171,-0.4579314806572921,0.026358366012573242,-0.06112834811210632,0.04035741090774536,0.019742164760828018,0.4300524890422821,9.896320343017578,51.41792074695102,8.218493924495942,474.322509765625,1227
frame_000751.png,1763498475.941228,0.046827366805245206,-0.006343677246874533,-0.22569884837862805,0.973050350864556,0.09413690081028012,0.008792444065323464,-0.455424742758789,0.04366740584373474,0.03768472373485565,0.005765959620475769,0.05576540529727936,0.7352107763290405,10.1847562789917,51.417920713037155,8.218494079710327,474.3219909667969,1236
frame_000752.png,1763498476.193256,0.04473891262797858,-0.006425665810543009,-0.22705664329093772,0.9728321649972359,0.0900894467932068,0.00781442541894265,-0.4582334269024861,-0.05605486035346985,-0.051201701164245605,-0.06471400707960129,0.012218154035508633,0.665557324886322,9.991312980651855,51.4179206763886,8.21849425679067,474.3198547363281,1230
frame_000753.png,1763498476.453332,0.03148715643075819,-0.008832893965451019,-0.22898260048822988,0.9728810346788285,0.06535844497666425,-0.0027666916472869714,-0.46240699347809416,-0.11290967464447021,-0.03308689594268799,0.025575675070285797,0.012436214834451675,0.641033947467804,9.664875984191895,51.417920360556685,8.218494402762353,474.37030029296875,1240
frame_000754.png,1763498476.701283,0.022505245156996746,-0.0057814009876842164,-0.23092510772705693,0.9726940340951465,0.04646831499180033,-0.0008530162777055154,-0.46620478263944093,0.03148770332336426,0.04563894867897034,-0.05211085081100464,-0.04827600345015526,0.6686660051345825,9.500123977661133,51.41792018653693,8.218494428220417,474.3927001953125,1236
frame_000755.png,1763498476.945238,0.024805429204530726,-0.01674670087488547,-0.23142155921208848,0.972393079275882,0.05603412273621589,-0.021089293094210388,-0.4678815770551415,-0.15276765823364258,-0.7258267402648926,0.16342216730117798,-1.5536850690841675,1.0958194732666016,9.24424934387207,51.417920115639454,8.21849441841959,474.3990783691406,1238
frame_000756.png,1763498477.205218,0.019101960209386055,-0.017958200772254147,-0.27806825706255794,0.9602034485229541,0.04670101584038829,-0.023866020622188674,-0.5643214353624689,-0.08960515260696411,0.4516944885253906,-1.0890817642211914,0.3117625415325165,0.3914867639541626,9.944826126098633,51.4179201118265,8.218494400870467,474.3985900878906,1219
frame_000757.png,1763498477.693436,0.08029485411677403,-0.0013297040950955338,-0.5515207839733146,0.8302865728980843,0.1357240252497383,0.0864682007799921,-1.1667796355917266,0.14792537689208984,0.040134575217962265,-1.5668668746948242,-0.4537639021873474,0.9553104639053345,9.85431957244873,51.417923153087095,8.218493611332635,474.3861389160156,1217
frame_000758.png,1763498477.941765,0.08885045012368555,0.02794784020673542,-0.7304455331089981,0.6765898601824512,0.08062872539295834,0.16841428392619184,-1.64050168484076,0.0073188841342926025,0.2499685287475586,-1.0314407348632812,-0.32291510701179504,0.4751826226711273,9.826523780822754,51.41792421988072,8.21849416850289,474.3995056152344,1188
frame_000759.png,1763498478.197547,0.10509655272289802,0.05023569061452414,-0.7824446072971277,0.6117283110220486,0.0513165325797334,0.22789315016319517,-1.8086089060921633,-0.03289315104484558,0.0174788236618042,-0.41143798828125,-0.6784793138504028,0.5071985125541687,10.039594650268555,51.417924653385974,8.218494837822847,474.4356689453125,1198
frame_000760.png,1763498478.445552,0.0765920929270446,0.04532282120862457,-0.796298368388714,0.5983213197607268,0.01978323314444622,0.17714049327337847,-1.8510705112107022,-0.13523292541503906,-0.5274858474731445,-0.11341792345046997,-0.6968314051628113,0.28912198543548584,9.844374656677246,51.41792284744206,8.218493861808367,474.46142578125,1200
frame_000761.png,1763498478.701323,0.03856001914950519,0.02361305164594794,-0.8044279703793407,0.5923269276223482,0.0077216973480128785,0.09013279761320134,-1.8718509262187375,0.05537727475166321,-0.050894856452941895,-0.05209052562713623,-0.4348691999912262,0.2953309416770935,9.86344051361084,51.41792110493763,8.218492577311686,474.4437255859375,1167
frame_000762.png,1763498478.953406,0.050140548897569415,0.02539327867629967,-0.8063232341123915,0.5887987337663452,0.018208036979918487,0.11098977495480283,-1.879129905801323,-0.030979380011558533,0.05099368095397949,-0.021490124985575676,-0.6309478878974915,0.18628054857254028,9.882451057434082,51.41791906369125,8.218491375244714,474.4380798339844,1166
frame_000763.png,1763498479.205228,0.04557438639556051,0.02374892829249077,-0.8058654456653661,0.5898642616671969,0.015569509938252504,0.10164587635100053,-1.8770854626690232,0.008334368467330933,-0.13808071613311768,-0.008466437458992004,-0.6295967698097229,0.2578832507133484,9.993088722229004,51.417916821371676,8.218490040549316,474.45135498046875,1191
frame_000764.png,1763498479.453223,0.033626026155219015,0.008715174893381994,-0.8060074768140331,0.5908851693954266,0.025745704679517936,0.06454980921868038,-1.8755654546650409,0.12029838562011719,-0.06914006173610687,-0.006750583648681641,-0.40011605620384216,0.1406686156988144,9.780653953552246,51.41791185282464,8.218487368712871,474.4205627441406,1176
frame_000765.png,1763498479.693223,0.029139730638679914,0.004831381299719062,-0.8040377681746621,0.5938440882940155,0.02688012690356558,0.05262134386143928,-1.8685843234724853,-0.06710994243621826,-0.023509293794631958,-0.008035629987716675,-0.42936205863952637,0.31495025753974915,9.789756774902344,51.41790921637566,8.21848606962538,474.41937255859375,1198
frame_000766.png,1763498479.949263,0.023604731765300247,0.004024996495928052,-0.8030802266741924,0.5953895914159261,0.02166469112498829,0.04271886047497322,-1.8652037603113063,0.00621083565056324,-0.06976580619812012,0.007969766855239868,-0.4536295533180237,0.2525346875190735,9.893721580505371,51.41790660232193,8.218484812565828,474.4207458496094,1195
frame_000767.png,1763498480.201271,0.023105453838969604,-0.004826720754377751,-0.8029471614966356,0.5955826530500617,0.035298300826731896,0.03136063506808965,-1.8646441986392435,0.07481932640075684,0.006613671779632568,-0.032678063958883286,-0.2918904423713684,0.21830318868160248,9.744447708129883,51.417903974616635,8.218483511223726,474.4085693359375,1202
frame_000768.png,1763498480.69332,0.02606313644843602,-0.0020080719678848167,-0.8028304151698604,0.5956341201137086,0.034305906890483816,0.039466649804183275,-1.8642988137205092,-0.025078624486923218,-0.04329781234264374,0.013649867847561836,-0.4547101855278015,0.19471649825572968,9.787644386291504,51.41789634569482,8.21848010132403,474.4073486328125,1177
frame_000769.png,1763498480.953253,0.02273120204908212,-0.0015555309500114823,-0.8039620556769445,0.5942439615247,0.0295390183139329,0.03470828633079455,-1.8680455908242553,-0.04563513398170471,0.010078485123813152,-0.022164970636367798,-0.4177519679069519,0.10878607630729675,9.869216918945312,51.41789387495552,8.218478974061236,474.4147644042969,1154
frame_000770.png,1763498481.453222,0.016838271634748173,-0.0013792706932007084,-0.8071234028836193,0.5901409854757385,0.022109411912298198,0.025555979580792598,-1.878634473735778,-0.027163326740264893,-0.023206178098917007,-0.003463469445705414,-0.294160932302475,0.21605868637561798,9.901348114013672,51.41788688106336,8.218475226549616,474.42132568359375,1127
frame_000771.png,1763498481.693355,0.020129297775925082,0.0033567999855729715,-0.8071376715140822,0.5900104426937972,0.018347416834350882,0.036463402793001996,-1.878810112554642,-0.004857459105551243,0.023569196462631226,0.0036423224955797195,-0.4122880697250366,0.0468626394867897,9.73220443725586,51.41788466535145,8.218473913267019,474.4346008300781,1182
frame_000772.png,1763498482.201266,0.02107374914873031,0.006438189586173679,-0.8048539425744161,0.5930637216472503,0.014645723982804412,0.04157106602384237,-1.8712130560255433,-0.04886603355407715,-0.018155470490455627,0.04473906755447388,-0.33759915828704834,0.16563229262828827,9.787943840026855,51.41788034108801,8.218471468030065,474.4300537109375,1145
frame_000773.png,1763498482.445231,0.01922678394019439,0.011685718011548012,-0.8050903188175997,0.5927253607869731,0.003980296871272412,0.044826449021620286,-1.8722537419919885,0.08815217018127441,0.06142127513885498,-0.03318855166435242,-0.3839959502220154,-0.039962656795978546,9.77670955657959,51.417876168281744,8.21846885191048,474.44219970703125,1181
frame_000774.png,1763498482.949217,-0.025900682581447024,-0.030702791282862872,-0.8074085837372456,0.5886237101550292,0.019147338692936406,-0.07804886532561627,-1.8824531306093581,-0.06147304177284241,-0.34744787216186523,-0.034200191497802734,-0.3099466562271118,-0.003262049052864313,9.807103157043457,51.41787210960124,8.218466569839782,474.4013366699219,1160
frame_000775.png,1763498483.445564,-0.025324273477367095,-0.012209637982032175,-0.8103627585225488,0.5852536249464132,-0.009869054841843488,-0.05536344418431431,-1.8903628804492367,-0.14879685640335083,0.5681591033935547,-0.05788978934288025,-0.4912963807582855,-0.35898545384407043,9.817309379577637,51.417868210249374,8.21846367083643,474.3857727050781,1153
frame_000776.png,1763498483.697459,0.008132878311449309,0.004877256918179234,-0.8108203281439309,0.5852183046726185,0.0016101486198203637,0.018898251051777913,-1.8912140240793913,-0.006553173065185547,-0.09861940145492554,0.0021260231733322144,-0.5272807478904724,-0.059438787400722504,10.02234172821045,51.4178677263272,8.218463198285553,474.4167785644531,1154
frame_000777.png,1763498483.94526,-0.004103201706327197,0.000799659573997298,-0.8098916264231854,0.5865646407088739,-0.006108998779344739,-0.005708224344784018,-1.8879413663224764,0.015092257410287857,-0.03098037838935852,0.05837669223546982,-0.16490447521209717,-0.13752417266368866,11.306259155273438,51.417867340348074,8.218462815333357,474.407958984375,1152
frame_000778.png,1763498484.197278,0.006997200558757394,-0.0022808495402381096,-0.8093785236083797,0.5872412131579618,0.011910957381373476,0.008648057809254761,-1.8862094002572196,0.23766446113586426,0.2900710105895996,-0.005115903913974762,0.1898314505815506,-0.6031107902526855,10.520764350891113,51.41786701396438,8.21846240401892,474.40948486328125,1132
frame_000779.png,1763498484.45362,0.011667167224992935,0.012883624702787944,-0.8087184321899817,0.5879391013188695,-0.007123465643226894,0.034027045762992356,-1.8844767951050923,-0.15470457077026367,-0.03376643359661102,0.018510982394218445,-0.1780204325914383,-0.17375455796718597,8.941681861877441,51.417866631087655,8.21846189026882,474.62042236328125,1138
frame_000780.png,1763498484.69732,-0.0005743976784855861,0.013304281922716288,-0.8098628801110054,0.5864680567329604,-0.022227243333234507,0.014675232757788252,-1.8882446407399889,0.041363298892974854,-0.0710020661354065,-0.003177829086780548,-0.13011308014392853,-0.11965519189834595,8.97555160522461,51.417866506210935,8.218461578237648,474.7158203125,1102
frame_000781.png,1763498484.953274,0.0014170790116804547,0.00573013888325833,-0.8099416044478545,0.5864808221757033,-0.0076203599626661804,0.00901685780709244,-1.8881875620681838,0.034074872732162476,0.009813815355300903,-0.01555391401052475,-0.1975182443857193,-0.0659717246890068,9.258520126342773,51.41786632167568,8.218461307994572,474.77001953125,1085
frame_000782.png,1763498485.193574,0.0035725770601467925,0.009634649338210595,-0.8089216949397584,0.5878265915055795,-0.01138915494845688,0.01710771082741561,-1.8848740878637327,-0.004186421632766724,0.0195503830909729,0.017770275473594666,-0.25545239448547363,-0.13146373629570007,9.636893272399902,51.417866181758086,8.218461206817645,474.7750244140625,1096
frame_000783.png,1763498485.701448,0.006808278026679712,0.008165356484318063,-0.8064832247782293,0.5911613844417642,-0.005121976978635548,0.0206370757427854,-1.8765666219370192,-0.05687075853347778,0.01634812355041504,-0.03183169662952423,-0.20200462639331818,0.03696565330028534,9.914469718933105,51.417865959268234,8.218460820085154,474.78106689453125,1080
frame_000784.png,1763498486.201355,0.01262914930354389,0.0027033951816091794,-0.8083723344612452,0.5885298336703401,0.010497679127289354,0.023602358547856896,-1.882868935094573,0.04464221000671387,-0.01381390355527401,0.02831162139773369,-0.20967361330986023,0.021950123831629753,9.905964851379395,51.417865950039555,8.218460832130061,474.7794189453125,1070
frame_000785.png,1763498486.701417,0.010473207234275037,0.005440818266538752,-0.8083496547579452,0.5885843568083761,0.003533534426381366,0.02333890668771189,-1.8828367277107572,0.009097322821617126,-0.03560107946395874,-0.05285271257162094,-0.1536666303873062,-0.003791339695453644,9.808056831359863,51.417865899594695,8.218461205006538,474.7735595703125,1106
frame_000786.png,1763498486.953287,0.01141365018295958,-0.0006058556320098034,-0.8086314064139237,0.5882045648322476,0.014409717821960205,0.01774706948642525,-1.8836958996858753,0.07190141081809998,-0.030766040086746216,0.03880499303340912,-0.10867524147033691,-0.006431308574974537,9.804243087768555,51.41786589695785,8.218461345874204,474.76800537109375,1105
frame_000787.png,1763498487.201391,0.00803497578914802,-0.0001646917638083764,-0.8081410510271239,0.5889341675310291,0.009731281803398214,0.012793151306536596,-1.8820045325666774,-0.04301941394805908,0.017887365072965622,-0.01828274317085743,-0.05987301468849182,0.0126735158264637,9.857684135437012,51.41786584908171,8.218461375172149,474.7607421875,1092
frame_000788.png,1763498487.953462,0.003738313466329364,0.004717022832402915,-0.8056327496339057,0.5923847123494478,-0.0031715558020802737,0.01161226091454266,-1.873553236912996,0.03186456859111786,-0.05886131525039673,0.02012355625629425,-0.05725209787487984,-0.0035922625102102757,9.738615989685059,51.41786589747037,8.218461492032194,474.7706298828125,744
frame_000789.png,1763498488.697291,0.015999373156812245,-0.0036359836170370974,-0.8035065012032444,0.5950698296887912,0.02489282363965995,0.021385502425853724,-1.8664220155222688,0.04942783713340759,-0.05775776505470276,0.03197629749774933,-0.11609670519828796,0.20850682258605957,9.922470092773438,51.417865925308355,8.218462294425883,474.7502746582031,1100
frame_000790.png,1763498488.945284,0.01865682926303876,-0.009200263029956794,-0.8040850958356802,0.5941501801202745,0.03698065789461621,0.019071836980417072,-1.8685027750486711,0.06094014644622803,0.0008388832211494446,0.030969470739364624,-0.1084265485405922,0.2970161437988281,9.809122085571289,51.4178659051871,8.218462642872206,474.7484436035156,1070
frame_000791.png,1763498489.197372,0.024383638752956727,-0.0093799324853068,-0.8046127676936149,0.5932248722804513,0.04405604279590173,0.028113658881422914,-1.8703523068816452,0.016507655382156372,0.030562251806259155,0.0077989473938941956,-0.1627306491136551,0.26703357696533203,9.797981262207031,51.417865919581644,8.218462980816453,474.74871826171875,0
frame_000792.png,1763498489.445548,0.02403061393713292,-0.012158785707947099,-0.8052765227320121,0.5922874432744222,0.048081146488166165,0.02430197825823977,-1.8726850258963161,0.038895733654499054,-0.047850340604782104,0.016873560845851898,-0.14654541015625,0.3242042660713196,9.828991889953613,51.417865838288506,8.218463497595165,474.7516174316406,1083
frame_000793.png,1763498489.949226,0.021736337660081224,-0.015072383907529876,-0.808667554682169,0.5876709460853342,0.04995308996495081,0.017440621979524444,-1.884293965319804,-0.0036050938069820404,-0.04598453640937805,-0.02612350881099701,-0.13150827586650848,0.31143295764923096,9.808972358703613,51.41786579910288,8.218463964593926,474.74871826171875,1062
frame_000794.png,1763498490.193308,0.019129783736329717,-0.013801402770310901,-0.8106301292898864,0.5850832130075473,0.04478060721433984,0.014864967412336203,-1.8908927994298084,-0.0012497901916503906,0.05280411243438721,-0.050591275095939636,-0.09464272111654282,0.3532823324203491,9.81128978729248,51.4178658078337,8.218464105863184,474.750732421875,1061
frame_000795.png,1763498490.453222,0.020645348285251292,-0.011735013885225427,-0.8118074351832365,0.5834421541374175,0.04316576213691677,0.019827990120616076,-1.8948381602149846,-0.007948897778987885,0.0034456253051757812,-0.04780718684196472,-0.10517428070306778,0.30768197774887085,9.918620109558105,51.41786588476238,8.218464234179782,474.7590637207031,1068
frame_000796.png,1763498490.693251,0.023125429985493197,-0.013401903598730558,-0.8127723872553455,0.5819679114720698,0.04873297987266244,0.02199423940710277,-1.898251978372353,0.016841858625411987,-0.008241146802902222,0.01567213237285614,-0.14376673102378845,0.4090181291103363,9.826430320739746,51.41786591389998,8.21846423647373,474.7633056640625,1077
frame_000797.png,1763498490.953358,0.014368143829891478,-0.006928306569461541,-0.8129126535096963,0.582167134742925,0.028000471291289655,0.015293823285069678,-1.8984132299157923,-0.07372426986694336,0.009432435035705566,-0.026820184662938118,-0.12825907766819,0.22609630227088928,9.806803703308105,51.41786597368494,8.218464194122433,474.7626037597656,1033
frame_000798.png,1763498491.193318,0.016230971620175137,-0.008688774498286807,-0.8137250153307671,0.5809583979795158,0.033009974652725926,0.016320186701604036,-1.9012698907964862,0.0484900176525116,0.005422547459602356,0.030835414305329323,-0.08047687262296677,0.2994198203086853,9.830842018127441,51.41786604183148,8.218464092981861,474.770263671875,1055
frame_000799.png,1763498491.449543,0.02078603048849794,-0.005829319328657778,-0.8124399612017649,0.5826450629801739,0.033712357117720464,0.026985230352635677,-1.896844548523517,-0.04454907774925232,0.023041367530822754,-0.00026801228523254395,-0.173247829079628,0.31444090604782104,9.902395248413086,51.417866159072844,8.218464034634266,474.7630615234375,1052
frame_000800.png,1763498491.693227,0.01800938527413823,-0.004267464253515497,-0.8120751140283728,0.5832593419455001,0.027951160347164192,0.024274254236600266,-1.8955363433910568,0.03141871839761734,0.008834779262542725,0.0017539933323860168,-0.10385722666978836,0.24095937609672546,9.788373947143555,51.417866213927745,8.2184639517159,474.76336669921875,1043
frame_000801.png,1763498492.197201,0.019291985910814366,-0.007299530590821037,-0.812477845627419,0.5826270560979796,0.0343572016987005,0.022844801271124288,-1.8969804277780005,-0.010521195828914642,-0.006497517228126526,-0.0018529221415519714,-0.12002670019865036,0.3025098443031311,9.79757022857666,51.4178662883495,8.218463831138958,474.7712097167969,1029
frame_000802.png,1763498492.449208,0.019689023102388428,-0.004321875410264933,-0.8123057546450685,0.5828833714669835,0.02998956202288399,0.026951977826948314,-1.8963514438318754,0.013191938400268555,0.006258532404899597,-0.005424089729785919,-0.12977488338947296,0.24036210775375366,9.821346282958984,51.417866388932254,8.218463816934438,474.7702941894531,1045
frame_000803.png,1763498492.701208,0.016999411550591766,-0.004390186251067645,-0.8122954640011655,0.5829818397126497,0.026963044145852037,0.022500190509479694,-1.8962802389998783,-0.007889153435826302,-0.020537838339805603,0.004147689789533615,-0.1521175354719162,0.21017128229141235,9.75865364074707,51.41786641190637,8.218463781683523,474.77239990234375,1064
frame_000804.png,1763498492.953203,0.017562814302472543,-0.005213749144435078,-0.8118244717746209,0.5836140774531521,0.028976453524728944,0.0224320913465752,-1.8946817740631208,0.02591794729232788,0.036214493215084076,0.05555140972137451,-0.13361112773418427,0.1624821126461029,9.83043098449707,51.41786644075424,8.218463704789805,474.7721862792969,1079
frame_000805.png,1763498493.193208,0.017475912293632927,-0.004462748384128464,-0.8111390668810573,0.5845751367837095,0.02768272948429015,0.023135230644663215,-1.8923253260174024,-0.009173169732093811,-0.037848278880119324,0.03266044706106186,-0.13610592484474182,0.1959180384874344,9.758503913879395,51.41786650476872,8.218463672669309,474.77239990234375,1074
frame_000806.png,1763498493.445209,0.013787437387045383,0.002733063115140473,-0.8105090631369338,0.5855574228965057,0.011720422315679066,0.025553197511555048,-1.8901651067052523,-0.038579463958740234,0.0017014741897583008,-0.031168341636657715,-0.23961412906646729,0.08935245871543884,9.860319137573242,51.41786656531847,8.218463411088672,474.77789306640625,1075
frame_000807.png,1763498493.697203,0.013024416694689876,-0.0012021024746944543,-0.8107531850498224,0.5852419947773501,0.01719827735361789,0.01971340974472693,-1.8909426921752843,0.057687968015670776,0.027552038431167603,-0.024793677031993866,-0.12413967400789261,0.127117320895195,9.810729026794434,51.417866615152626,8.218463377769835,474.78173828125,892
frame_000808.png,1763498493.949208,0.015859139900968437,0.0011372839702494429,-0.8101690882938793,0.5859805821354809,0.016750414655813988,0.02703331501326596,-1.8890040923875573,-0.026276499032974243,0.034337759017944336,-0.0069463253021240234,-0.1399255245923996,0.10230608284473419,9.83215045928955,51.4178666908039,8.218463347992502,474.773193359375,1052
frame_000809.png,1763498494.693238,-0.011863675654131552,-0.01729060673586628,-0.8098104208364764,0.5863167833375809,0.014103951643852745,-0.03950047340875666,-1.888543680005769,-0.0008443295955657959,-0.5486369132995605,-0.005319446325302124,-0.21605022251605988,0.023221107199788094,9.817963600158691,51.417866743321724,8.218463116314608,474.7899169921875,826
frame_000810.png,1763498494.945196,-0.04229761489429131,-0.04319033329283179,-0.808737586738081,0.5850547176814943,0.020513529813117472,-0.11923508537003631,-1.8902771827633387,0.008853338658809662,-0.04980051517486572,-0.02335277386009693,0.14511576294898987,0.036439940333366394,9.751307487487793,51.41786681357159,8.21846309361198,474.7601013183594,1084
frame_000811.png,1763498495.197198,-0.030250289350171686,-0.03276669058293398,-0.808973470079806,0.586151165391241,0.01762055069935982,-0.08746731675760464,-1.8883221399761627,0.007739052176475525,0.11939013004302979,0.018975645303726196,-0.03178635984659195,0.1926051676273346,9.780840873718262,51.41786712340567,8.218463200716185,474.7405090332031,1092
frame_000812.png,1763498495.701204,0.003205583711435784,-0.008088784997628702,-0.8097845615014834,0.5866628160572147,0.016862494894942622,-0.004299127613228611,-1.8877104130732147,-0.02948904037475586,1.1518478393554688,-0.03993118181824684,0.8748518228530884,0.12331240624189377,9.549583435058594,51.417870518085444,8.218464766710765,474.7374267578125,1073
frame_000813.png,1763498495.953207,0.07679415476365282,0.05211095846838681,-0.8060663642813618,0.5845033123737363,0.005864040661921874,0.18578738524587524,-1.8862588852275364,-0.08275803923606873,0.5289163589477539,-0.030898600816726685,-0.9631190299987793,0.0763549879193306,10.299189567565918,51.41787215675682,8.218465575963256,474.7828063964844,1043
frame_000814.png,1763498496.697675,0.03508342702562606,0.014585789803712116,-0.8108843671032088,0.5839717039990617,0.017369085374457183,0.07400010121167837,-1.8926843739105577,-0.004494965076446533,-0.04979151487350464,-0.0018073096871376038,-0.42258912324905396,-0.05250777304172516,9.962733268737793,51.417875594231674,8.21846741104648,474.7737121582031,1099
frame_000815.png,1763498497.453224,0.012546677134812277,0.0052994596030928685,-0.8112049918998065,0.5846032481415281,0.006073939048293133,0.0265551377364292,-1.8925964116380631,-0.012298017740249634,0.0008749514818191528,0.06258949637413025,-0.21163831651210785,-0.06569553911685944,9.812243461608887,51.41787621480136,8.21846736321953,474.7810974121094,1102
frame_000816.png,1763498497.6932,0.011524641391125436,0.0071977711575635225,-0.81030473447526,0.5858511858980466,0.0018393506664766632,0.027113910575385772,-1.889574301925429,0.01761489361524582,0.03965088725090027,0.04997044801712036,-0.1595313996076584,-0.09266480058431625,9.76259708404541,51.41787633773696,8.21846727962453,474.77337646484375,1120
frame_000817.png,1763498497.945201,0.012965152239474687,0.010871577051576703,-0.8087740382149524,0.5878760658074943,-0.002342830321953429,0.03376044977240146,-1.884562530048342,-0.030118942260742188,0.007085949182510376,0.010956350713968277,-0.18564969301223755,-0.08362545818090439,9.944265365600586,51.41787648258724,8.218467183153587,474.775634765625,1104
frame_000818.png,1763498498.197201,0.01597850834127532,0.012393272197917778,-0.8088227706827603,0.5877047045076964,-0.001267668503362008,0.040425741524033595,-1.8848832042352366,0.03514683246612549,-0.007077087182551622,0.0013506561517715454,-0.21906809508800507,-0.040175385773181915,9.945293426513672,51.41787658446653,8.218467077693608,474.7789611816406,772
frame_000819.png,1763498498.449207,0.016073083438210154,0.009852062855074922,-0.8090762805991701,0.5874011959624368,0.00294263930935985,0.03759178126815035,-1.8855915102646494,-0.02008180320262909,-0.015894614160060883,-0.010617695748806,-0.19256369769573212,0.014650306664407253,9.759438514709473,51.417876772515186,8.218467048284138,474.7860107421875,810
frame_000820.png,1763498498.701212,0.016525039324141597,0.0069276345034500605,-0.8088738239834267,0.587709169428171,0.008221764213255258,0.034883286293327875,-1.8847669662383657,0.07404744625091553,-0.028338834643363953,0.014079362154006958,-0.24551059305667877,0.05709724873304367,9.75861644744873,51.4178768253133,8.218467104325496,474.7843933105469,755
frame_000821.png,1763498498.953205,0.015390074372074385,0.0031156815141883797,-0.8087827822684139,0.5878978221134071,0.013061461746271801,0.02856174225165045,-1.8843115167159876,0.042347103357315063,-0.009886808693408966,-0.008260570466518402,-0.15103894472122192,0.052888549864292145,9.822131156921387,51.41787681330857,8.218467196191584,474.7843322753906,848
frame_000822.png,1763498499.193209,0.020319802970972203,0.0001165689553909513,-0.8093934288173941,0.5869151296449266,0.023678430739015686,0.03303627110968833,-1.8864152104301506,0.03122599422931671,0.025797516107559204,0.039055634289979935,-0.15739203989505768,0.18564064800739288,9.807944297790527,51.41787678875206,8.218467305302708,474.7842102050781,1091
frame_000823.png,1763498499.697222,0.017023980795063683,-0.0014568189385609474,-0.8096901168608589,0.5866088785675834,0.022341309249666704,0.025862014996205787,-1.8873617782553176,0.036263346672058105,0.030351750552654266,-0.037519849836826324,-0.22115547955036163,0.03563765436410904,9.878039360046387,51.41787662326198,8.21846764980761,474.7790222167969,1136
frame_000824.png,1763498499.949201,0.018574452604912382,-0.0005294295742344934,-0.8093790630236142,0.5869925397769294,0.02267492328426074,0.029450260608430073,-1.8863302307417047,-0.02461184561252594,0.053042635321617126,0.01939743384718895,-0.24588005244731903,0.12212838232517242,9.832505226135254,51.41787655635919,8.218467705740464,474.7753601074219,1123
frame_000825.png,1763498500.453204,0.02219024949518556,-0.00026377211114250916,-0.8101203824828012,0.585843399841233,0.026447284174566963,0.035652040730855844,-1.8889242558166488,0.0035374462604522705,-0.0017824918031692505,-0.005967818200588226,-0.22676950693130493,0.17687320709228516,9.767308235168457,51.417876374920624,8.218467827745478,474.78106689453125,1140
frame_000826.png,1763498500.945208,0.01764324130500985,0.0008526043505208558,-0.8087713884537268,0.5878578317252443,0.019373978066862363,0.029545416157487018,-1.8842631298114192,0.023120850324630737,-0.028320640325546265,-0.040237314999103546,-0.23597940802574158,0.13679547607898712,9.815645217895508,51.417876224102145,8.21846782368805,474.7849426269531,1138
frame_000827.png,1763498501.445233,0.020973133664512516,-0.003908786036578215,-0.8088448005156137,0.5876350378720346,0.030990593635778402,0.029338349563460802,-1.884541551990152,-0.02854779362678528,0.0023477375507354736,0.026015102863311768,-0.22340814769268036,0.22763283550739288,9.923909187316895,51.41787593184573,8.218467694938152,474.7877502441406,1156
frame_000828.png,1763498501.697228,0.013215776264125088,-0.0002565168968984372,-0.8087222797252515,0.5880421343176101,0.015961990970124042,0.021075660138831092,-1.8840252093053045,-0.02980571985244751,-0.034396588802337646,0.015116554684937,-0.12642550468444824,0.148755744099617,9.777924537658691,51.41787586906712,8.218467584713503,474.7896423339844,1160
frame_000829.png,1763498502.445239,0.011080773564829562,-0.0023044868653269643,-0.8102336118833562,0.585997781541828,0.01672368842296282,0.015255773755540747,-1.8891507086195802,-0.06418120861053467,0.009284277446568012,0.00902915932238102,-0.08171314001083374,0.11162405461072922,9.838823318481445,51.41787561759167,8.218467237469929,474.790771484375,1167
frame_000830.png,1763498503.453238,0.0146702722601857,0.004555173454460934,-0.8099555684803112,0.5862900396513211,0.009827414447790934,0.02910995413737403,-1.8883356255287933,-0.03665575385093689,-0.006853505969047546,0.022780682891607285,-0.18407373130321503,-0.03289692848920822,9.811552047729492,51.41787564215449,8.218466779277259,474.81365966796875,1181
frame_000831.png,1763498503.693276,0.013794570347486296,0.007992534938364382,-0.8108455264607767,0.5850430423761431,0.003181018729043603,0.031727808109909286,-1.8914925308627908,0.03383268415927887,-0.028053194284439087,0.007602140307426453,-0.28614088892936707,-0.03107328712940216,9.828673362731934,51.41787563869667,8.218466626130354,474.8224792480469,1162
frame_000832.png,1763498503.945225,0.009999356033228381,0.004522485631229745,-0.8100747846710801,0.5862238507965534,0.0043976498140589635,0.021504487649691935,-1.888678442692189,-0.001704588532447815,0.016018450260162354,0.030815064907073975,-0.1745074987411499,0.04786287993192673,9.829794883728027,51.417875663491216,8.218466504526843,474.8238830566406,1165
frame_000833.png,1763498504.193211,0.007187533600663541,0.01145186417369353,-0.8089215077974918,0.5877611661128347,-0.010081556697772812,0.02509285632625879,-1.88500880174375,0.014922156929969788,0.045239344239234924,-0.004093519411981106,-0.3792230486869812,-0.08343108743429184,9.676165580749512,51.41787565375175,8.218466313471787,474.81890869140625,1183
frame_000834.png,1763498504.445213,0.017349415844653143,0.004617910871601229,-0.8110837407872028,0.5846544604291231,0.012803356417943087,0.03354971606537915,-1.8922373541771866,0.10661333799362183,0.010638445615768433,-0.05392959713935852,-0.3400615155696869,0.1261976957321167,9.882058143615723,51.41787577030327,8.21846626896841,474.8146057128906,1178
frame_000835.png,1763498504.701208,0.022800766905770674,0.005654473424783124,-0.8120532956106111,0.5831102786323893,0.01742472535686685,0.04363908847505375,-1.895712105944299,-0.09550642967224121,-0.03521183133125305,-0.04255055636167526,-0.49324727058410645,-0.0005489319446496665,9.915984153747559,51.41787589471436,8.218466364062342,474.8069763183594,1200
frame_000836.png,1763498504.949255,0.01679941221248807,0.01716837743371243,-0.8113297274788531,0.5840951120106198,-0.00824284618467558,0.04733332837658348,-1.893842798851091,-0.08754956722259521,0.07642710208892822,0.01826724410057068,-0.2628331184387207,-0.27690207958221436,9.850057601928711,51.41787602289805,8.218466325675845,474.81011962890625,1195
frame_000837.png,1763498505.201245,0.018794882198740443,0.023846516786061728,-0.8104187255493194,0.5850637446631985,-0.01668814239588545,0.058400104407679385,-1.8914971628445378,0.03477706015110016,0.040493398904800415,0.011065244674682617,-0.5133785605430603,-0.1394985169172287,9.769214630126953,51.41787620392555,8.218466188155968,474.8155822753906,1205
frame_000838.png,1763498505.445216,0.02453890076912409,0.0216920420744856,-0.8108333414752913,0.5843599832395229,-0.006512037733992761,0.06519200833823248,-1.892849520356704,-0.014049322344362736,-0.019032247364521027,0.023431487381458282,-0.411613404750824,-0.19140712916851044,9.846113204956055,51.41787650779309,8.21846595333077,474.8144836425781,1202
frame_000839.png,1763498505.697205,0.012641635269138295,0.027664676836786983,-0.809252863979979,0.5866725294859475,-0.02998894925925145,0.05294550387372548,-1.8878283939529021,-0.09544730186462402,-0.12175488471984863,-0.010777086019515991,-0.4874498248100281,-0.23407691717147827,9.945741653442383,51.41787662289542,8.218465764456024,474.8085632324219,1202
frame_000840.png,1763498506.201204,0.025280315290356088,0.01837259656307203,-0.8051821624942127,0.5922035448690715,0.0003563065542905402,0.06251185680654839,-1.8732816263350474,0.14291608333587646,0.08900851011276245,0.014143876731395721,-0.714417040348053,0.20331890881061554,9.903984069824219,51.41787675727518,8.218465415320383,474.81103515625,1217
frame_000841.png,1763498506.705204,0.037679249852208156,0.014838500109679473,-0.8036207296200774,0.5937624238447263,0.020961682689701427,0.0782606030434359,-1.8681066306116594,-0.10985565185546875,0.02724236249923706,-0.02002749592065811,-0.4757048189640045,0.028453266248106956,9.853309631347656,51.41787695660429,8.218466257978143,474.813232421875,1228
frame_000842.png,1763498506.945205,0.041036099558522915,0.021852858283109677,-0.8059343844391302,0.5901764643702777,0.013269730242640415,0.09206891061398852,-1.8768432700814044,0.04140979051589966,0.027568269520998,-0.09398624300956726,-0.7502812147140503,0.031165286898612976,9.913086891174316,51.417877015209356,8.218466471237662,474.8170471191406,1239
frame_000843.png,1763498507.449207,0.03089578830446017,0.017253820108084978,-0.8098857428093468,0.5855192905027778,0.008253397863673944,0.07030691353016971,-1.8893559558174846,0.03860113024711609,0.05702665448188782,-0.04188467562198639,-0.6058526635169983,-0.1821291744709015,9.773383140563965,51.41787713775237,8.218467015470235,474.822509765625,1232
frame_000844.png,1763498507.953199,0.03473514385289886,0.01753147772330984,-0.8109435503121417,0.5838293203304322,0.01216093603984022,0.07688298328219623,-1.8931601001839324,0.017517268657684326,-0.03575772047042847,0.011899754405021667,-0.5796990394592285,0.15422607958316803,9.86846923828125,51.417877256495615,8.218467063152175,474.8247375488281,1217
frame_000845.png,1763498508.445206,0.02710644436154223,0.018758376783531493,-0.8095908073219134,0.5860683310624913,0.0014022850372820662,0.06592538078536325,-1.8883638258967455,0.033961862325668335,-0.009858205914497375,0.06600624322891235,-0.452413409948349,0.047753285616636276,9.77874755859375,51.41787727482137,8.218466646819802,474.81640625,1219
frame_000846.png,1763498508.697198,0.027374945175275073,0.015050191167762387,-0.8086722901292248,0.5874293415378736,0.007835480102923243,0.061996273529538654,-1.8848833626874528,0.05651742219924927,-0.028541430830955505,0.002753809094429016,-0.47687891125679016,0.19081248342990875,9.826299667358398,51.41787716288487,8.218466566984368,474.81402587890625,1238
frame_000847.png,1763498508.949241,0.024306184223542197,0.008513099446274442,-0.8081883980693527,0.5883606460092331,0.014859847678134221,0.049325496654934936,-1.8826833140507349,0.034267961978912354,-0.09804615378379822,-0.00926615297794342,-0.5333568453788757,-0.05994676053524017,9.576350212097168,51.41787703700333,8.218466580535273,474.810546875,1251
frame_000848.png,1763498509.201202,0.03124628638082337,0.01114484497856821,-0.8087957520843332,0.5871532112048348,0.018703900323946535,0.06367420853643359,-1.8851228935453064,0.0719449520111084,0.14160287380218506,-0.01633606106042862,-0.4044058620929718,0.19975954294204712,9.7732515335083,51.41787689281718,8.218466641092771,474.80902099609375,1257
frame_000849.png,1763498509.453423,0.03830688556713596,0.012040302536584706,-0.8082967781207422,0.5874044025308301,0.025616010472367483,0.076145279510376,-1.8837491751059257,0.07199427485466003,0.05360803008079529,0.041792139410972595,-0.604152262210846,0.033677831292152405,9.828468322753906,51.417876714437604,8.218466927864137,474.8226013183594,1270
frame_000850.png,1763498509.949225,0.03039560562234801,0.013255541741899194,-0.8087217571290901,0.5872559214839953,0.014290365487865848,0.06477725833520746,-1.885002260369392,0.07166692614555359,0.03080958127975464,-0.0013745538890361786,-0.539462685585022,0.13782645761966705,9.775120735168457,51.41787661309668,8.218467048539381,474.82196044921875,1276
frame_000851.png,1763498510.201231,0.03835321529569905,0.012984843213861156,-0.8089866690635045,0.5864307239569981,0.024048113251420908,0.07736104287691734,-1.8861826830366029,-0.026007354259490967,0.024391300976276398,0.022105108946561813,-0.6631238460540771,0.17067767679691315,9.912226676940918,51.41787654839427,8.218467024280416,474.8288269042969,1272
frame_000852.png,1763498510.445234,0.03500747343605244,0.013737409842198097,-0.8090378316244111,0.5865522545987893,0.018890446661712645,0.07282451086152217,-1.8862883815339695,0.01026490330696106,-0.011508159339427948,0.005557551980018616,-0.5842061638832092,0.17064569890499115,9.81985092163086,51.41787643987809,8.218466933686722,474.82940673828125,1271
frame_000853.png,1763498510.705259,0.028025265897682228,0.010828957785868159,-0.8102189774825977,0.5853567516239051,0.015288314892016649,0.05812353302900779,-1.8898559846965322,-0.035550426691770554,-0.036119282245635986,-0.025454245507717133,-0.4676736891269684,0.09893380850553513,9.73173713684082,51.41787636300495,8.218466847478224,474.83038330078125,1267
frame_000854.png,1763498510.95327,0.027968579565838106,0.015854003998773084,-0.8095672462482713,0.5861461276134707,0.007132207378142672,0.06391392371572927,-1.8880283169427674,-0.037056952714920044,0.11428582668304443,0.050550930202007294,-0.3345351219177246,0.21140524744987488,9.637679100036621,51.41787623266132,8.21846675936328,474.8277893066406,1264
frame_000855.png,1763498511.45323,0.02597718256906708,-0.004374943546798817,-0.8116754882311175,0.5835143080161044,0.03745266800789807,0.03707289195259896,-1.894300498254522,-0.08187276124954224,-0.013048291206359863,0.07555213570594788,-0.4288223087787628,0.349233478307724,9.862151145935059,51.41787581868796,8.218466646103419,474.7956237792969,1262
frame_000856.png,1763498511.949235,0.024370221146797346,0.014530013381422378,-0.8076800527112481,0.5889379453599056,0.005242284429125991,0.0565113090606813,-1.8813692765794747,0.019711613655090332,0.07516872882843018,0.022999048233032227,-0.5637033581733704,0.316888689994812,9.967835426330566,51.417875551009864,8.218466158446105,474.81756591796875,1259
frame_000857.png,1763498512.205368,0.019360902064926577,0.01497662055058989,-0.8065038869294999,0.5907218776003845,-0.0012851277803440642,0.04894285767028921,-1.8772788242122138,0.08695763349533081,-0.07671570777893066,-0.0376993864774704,-0.18853937089443207,-0.02173548936843872,9.672203063964844,51.41787549745667,8.218466031357424,474.822509765625,1265
frame_000858.png,1763498512.453344,0.03211166412743013,0.00034906678484834146,-0.8079151413615716,0.588423184058938,0.037286114514332565,0.05232166629158494,-1.88165111798136,0.026815831661224365,-0.04150742292404175,-0.03413142263889313,-0.39777371287345886,0.3353242576122284,9.785757064819336,51.417875308649926,8.218466246833943,474.820068359375,1255
frame_000859.png,1763498512.701448,0.034268839665581835,-0.003753039709471039,-0.8087125855580121,0.5871929114703178,0.04639213709591139,0.05104192741689044,-1.8843720814464127,0.03947603702545166,0.010459497570991516,-0.06153097003698349,-0.45107340812683105,0.23188060522079468,9.822654724121094,51.41787520036027,8.218466436766633,474.8150329589844,1270
frame_000860.png,1763498513.205246,0.02680324675178139,0.006203950382482193,-0.8083450357965576,0.5880658126998006,0.02152354438171214,0.05065085992400748,-1.883165999475876,-0.07090359926223755,-0.019451290369033813,0.017925962805747986,-0.5333866477012634,0.20909065008163452,9.745306968688965,51.417874969999914,8.21846670681364,474.8072509765625,1267
frame_000861.png,1763498513.457208,0.027386547686153544,0.000699428293485333,-0.8084051487745519,0.5879886080875127,0.031111785828508175,0.04511666842638879,-1.8832048885394486,0.08089673519134521,0.010843388736248016,-0.0334414467215538,-0.5257521271705627,0.29969844222068787,9.756821632385254,51.41787479274767,8.218466631651106,474.81268310546875,1273
frame_000862.png,1763498513.945205,0.021735510356141345,0.01516316977108074,-0.8115720718243218,0.5836509385812974,0.0007609606077044273,0.053004678800323696,-1.8946319977730735,-0.2428576946258545,-0.03553546965122223,0.0438041090965271,-0.4203980565071106,-0.14268463850021362,9.749138832092285,51.417874792097095,8.218466442352264,474.8181457519531,1270
frame_000863.png,1763498514.197225,0.008962738134147682,0.028945726096864324,-0.809195188998221,0.5867580083543789,-0.03637834547940695,0.04849248529628364,-1.8877103565299114,-0.07406681776046753,-0.05732947587966919,0.01282145082950592,-0.43015003204345703,-0.23949848115444183,9.740989685058594,51.41787484520103,8.218465943302268,474.82794189453125,1264
frame_000864.png,1763498514.449374,0.012934066338140636,0.015543279487226799,-0.8118789506483476,0.5834755229526599,-0.010153054870436417,0.03915003894461284,-1.8954942456028852,0.11083143949508667,-0.02083686739206314,0.0011074244976043701,-0.37350037693977356,0.0530044250190258,9.807476997375488,51.41787501959498,8.218465084430619,474.81585693359375,1265
frame_000865.png,1763498514.701204,0.013303885414990772,0.023093230928586242,-0.8084457716448757,0.5879669579386799,-0.021722205521643664,0.048686284974923506,-1.8845186425348228,-0.18351614475250244,0.06388503313064575,0.037595272064208984,-0.5229775309562683,-0.023928849026560783,9.794392585754395,51.417875107719034,8.218464723354444,474.81005859375,1267
frame_000866.png,1763498514.953213,0.01514882955824133,0.024972433478453026,-0.8100466010866222,0.5856375966390736,-0.022749117919558734,0.05381808353350769,-1.8902552825596473,0.2057332992553711,-0.03231746703386307,-0.015115320682525635,-0.39448216557502747,-0.19359438121318817,9.797757148742676,51.41787519401466,8.218464458343064,474.827392578125,1261
frame_000867.png,1763498515.205203,0.020802821050335523,0.01203313531237465,-0.8113813182841638,0.5840229470066686,0.004777209216107122,0.04783153154788194,-1.893710877569965,-0.10974693298339844,0.015944577753543854,-0.04020446538925171,-0.36755749583244324,-0.0561974011361599,9.900245666503906,51.41787534105352,8.218464437957286,474.8165588378906,1258
frame_000868.png,1763498515.445204,0.01833797432581026,0.026106736327408366,-0.8114814207946972,0.5835066929530258,-0.021009284422955285,0.060265234589141896,-1.895413874194326,-0.08348989486694336,0.04869145154953003,0.014467328786849976,-0.41990506649017334,-0.29433852434158325,9.83215045928955,51.4178755426766,8.218464373112347,474.8260192871094,1268
frame_000869.png,1763498515.697209,0.013389331718060202,0.027033778304649026,-0.8124819244339905,0.5822053100880804,-0.0283822840570389,0.053260775890601124,-1.898819518435365,0.026684582233428955,-0.002838440239429474,-0.003063976764678955,-0.31575196981430054,-0.3112404942512512,9.754185676574707,51.41787562954224,8.218464275774023,474.8376159667969,1263
frame_000870.png,1763498515.949196,0.009762189650729768,0.02830874886780815,-0.8103635381649889,0.5851617301255125,-0.03450404012758224,0.04897181001855335,-1.8916312356034324,-0.09786820411682129,-0.007950425148010254,0.09576287865638733,-0.4763380289077759,-0.3004043698310852,9.742839813232422,51.41787571873444,8.218464158073632,474.8377685546875,1266
frame_000871.png,1763498516.453204,0.010568197771819032,0.026909385687934138,-0.8072145742712225,0.5895496834380312,-0.031024260735921814,0.04880982459558145,-1.8807370811215647,0.02210146188735962,-0.013872742652893066,0.014425218105316162,-0.44850561022758484,-0.1969662457704544,9.811196327209473,51.417875832711935,8.218463818216316,474.84014892578125,1028
frame_000872.png,1763498516.945194,0.02775800943586643,0.01478220115054221,-0.8104596570339433,0.5849496762643142,0.008529988104941807,0.06232752750468779,-1.8909768081510308,0.21686971187591553,0.011303842067718506,-0.02024027705192566,-0.4779835045337677,-0.15021051466464996,9.714970588684082,51.417875934977474,8.218464138155262,474.8392333984375,1196
frame_000873.png,1763498517.201201,0.028264343401017362,0.015211207730759915,-0.8094734171221206,0.5862785455942577,0.008532794906961017,0.06363742237144815,-1.887659990583599,-0.17407822608947754,0.008790940046310425,0.05273449420928955,-0.39292314648628235,-0.20165152847766876,9.750914573669434,51.41787601151712,8.218464547960473,474.8243408203125,1217
frame_000874.png,1763498517.453411,0.020144215893785275,0.027078982472442583,-0.8094548754374796,0.5862113474718619,-0.020264289474020442,0.06440419560601733,-1.8886715305555306,-0.08379256725311279,-0.03366822004318237,-0.033589087426662445,-0.6271569132804871,-0.2713598906993866,9.8211030960083,51.417876093997855,8.218464793253302,474.8405456542969,1238
frame_000875.png,1763498517.701234,0.018292313336770685,0.022288913104066162,-0.8106232882429699,0.584857658053294,-0.014762501488566603,0.05575691875411376,-1.8919952887396867,0.04190284013748169,0.02565707266330719,-0.00525503046810627,-0.40934816002845764,-0.2516345679759979,9.764372825622559,51.417876117087175,8.218464856930295,474.83660888671875,917
frame_000876.png,1763498517.953201,0.01890146741122403,0.025607424349089237,-0.8103130505253342,0.5851322538505588,-0.019417247674223027,0.0606368229441513,-1.8913636946196841,-0.08065420389175415,0.03169086575508118,-0.039848506450653076,-0.4768999516963959,-0.25200286507606506,9.850768089294434,51.41787615090774,8.218464860719509,474.8284912109375,1254
frame_000877.png,1763498518.205239,0.011551687068681907,0.032059305339049285,-0.808614923257437,0.5873505472479058,-0.03834778315332469,0.05637168544508656,-1.886267714122203,-0.05694350600242615,0.010470781475305557,-0.04032780975103378,-0.3688600957393646,-0.356285035610199,9.7677001953125,51.417876169876386,8.21846481231232,474.83355712890625,1249
frame_000878.png,1763498518.445222,0.011217247727394245,0.02935266466699755,-0.8075216862476735,0.5890002722156271,-0.034246164515568944,0.05271821232795575,-1.882132962134956,0.06614053249359131,-0.02963166870176792,-0.026356764137744904,-0.40375807881355286,-0.22147820889949799,9.666239738464355,51.41787618131633,8.218464659145758,474.8350830078125,1255
frame_000879.png,1763498518.949495,0.02062360250259151,0.015264924330171674,-0.8090407399107258,0.587192243025838,-0.00048048514270692755,0.051320083991626284,-1.8859556730666922,0.013792753219604492,0.021594971418380737,-0.04669151455163956,-0.29819199442863464,-0.08272882550954819,9.833159446716309,51.41787609834059,8.218464833552968,474.82489013671875,1233
frame_000880.png,1763498519.197338,0.021746317397896134,0.016743429060775954,-0.8097210480733958,0.5861728239775693,-0.0016232572908206862,0.05487352218437197,-1.8884380655803499,-0.006416521966457367,-0.04061431437730789,0.031053345650434494,-0.4563416540622711,-0.055794574320316315,9.969480514526367,51.41787603444098,8.218465031853881,474.81463623046875,1255
frame_000881.png,1763498519.445448,0.021086323928202647,0.013822857192567895,-0.8095562276072064,0.586500647829666,0.0023565167811773475,0.050376664119138014,-1.8876095266076738,0.013996466994285583,-0.031071260571479797,0.022530317306518555,-0.419583797454834,-0.008870384655892849,9.816617012023926,51.41787595794311,8.21846546921213,474.81005859375,1264
frame_000882.png,1763498519.701274,0.02198146675454375,0.016499178142651432,-0.8082628967835468,0.588179974092119,-0.0008144602672606336,0.05497026036150201,-1.8834522386297505,-0.017656732350587845,-0.00344984233379364,0.03427397459745407,-0.563370406627655,0.046782322227954865,9.776971817016602,51.4178758863581,8.218465636092436,474.806640625,1264
frame_000883.png,1763498519.945288,0.028501579071200465,0.014809857563462196,-0.8087458617891448,0.5872805625493931,0.00954142302103454,0.063538895702051,-1.8851504888025512,0.08917117118835449,0.07498708367347717,-0.008682332932949066,-0.4863213002681732,0.15256059169769287,9.820374488830566,51.417875856222395,8.218465861361231,474.8070068359375,1236
frame_000884.png,1763498520.445433,0.028763750658397105,0.0069832503354038,-0.8092164858376174,0.5867644841939842,0.022488792441024086,0.05477463460448984,-1.8862264853053825,-0.004302963614463806,-0.0020099133253097534,-0.07494188845157623,-0.5036605000495911,0.11557792872190475,9.887591361999512,51.41787568392597,8.218466719427777,474.8001403808594,921
frame_000885.png,1763498520.705343,0.03163985078179642,0.006593033779210842,-0.8098037280278488,0.5858100151246048,0.02644084313056489,0.0590028975886827,-1.8882982957517738,0.02313070558011532,0.07183629274368286,0.020098239183425903,-0.43793001770973206,0.08236651867628098,9.684988021850586,51.417875618013795,8.218466904756381,474.7985534667969,983
frame_000886.png,1763498521.205333,0.03236641022110936,0.018203291047828144,-0.8100939544193586,0.5851229278516041,0.00840689312931535,0.07380898984601889,-1.8902228253263418,-0.10775452852249146,0.0013818219304084778,-0.02522600255906582,-0.6607388257980347,-0.13340230286121368,9.73898983001709,51.41787561644461,8.218467049719468,474.7915344238281,1246
frame_000887.png,1763498521.449462,0.028899607291773096,0.028674164347959295,-0.8085027558671989,0.5870825314659531,-0.012474076630109453,0.08048589578492861,-1.8859908078387708,-0.042807698249816895,-0.053502410650253296,0.005612596869468689,-0.5662857294082642,-0.004219896160066128,9.83215045928955,51.41787562385771,8.218466855422568,474.7937316894531,0
frame_000888.png,1763498521.953239,0.029376320325424338,0.008611840484797906,-0.8090292993641595,0.5869705791416979,0.020587291390587657,0.057674370404771115,-1.8856949862370878,0.04962360858917236,-0.017254583537578583,-0.07479440420866013,-0.5812417268753052,0.1362709403038025,9.9137601852417,51.41787551651777,8.218466874670357,474.7601318359375,1236
frame_000889.png,1763498522.949324,0.03795958457414732,0.0018100529394118512,-0.8080087026833421,0.5879436452886424,0.041807568773721174,0.06351446281764332,-1.8821846142475702,5.918741226196289e-05,0.0293118953704834,-0.0347253754734993,-0.4756201207637787,0.21525143086910248,9.748559951782227,51.41787522051571,8.218467439759317,474.76214599609375,1244
frame_000890.png,1763498523.205442,0.03482726120573426,0.006105405743996653,-0.8085034294064859,0.5874282854404956,0.03111233040574363,0.0635316261150087,-1.8839407077594366,-0.03325086832046509,-0.009363502264022827,-0.04076595604419708,-0.5001499056816101,0.24144011735916138,9.82149600982666,51.41787516674868,8.218467675818461,474.7659912109375,1238
frame_000891.png,1763498523.453375,0.035596135443233826,0.004036174252215023,-0.8085668804322201,0.5873127142392038,0.03536114728482436,0.06234508572998791,-1.8840884164741019,0.008591845631599426,0.006337322294712067,0.006556287407875061,-0.5102418065071106,0.27684980630874634,9.740166664123535,51.41787512774914,8.218467850695642,474.7702331542969,1248
frame_000892.png,1763498524.197355,0.033591916513966175,0.00013021795076504673,-0.80906339448045,0.5867605899342385,0.03927859630290401,0.05453582251399507,-1.8855975960468545,0.09036755561828613,-0.04446491599082947,-0.0071424394845962524,-0.4484822452068329,0.38667356967926025,9.877217292785645,51.417874967242426,8.218467965911966,474.7649230957031,1257
frame_000893.png,1763498524.445269,0.03208053586623932,-0.007590880499905709,-0.8089153447739106,0.5870001556567733,0.05001037565344657,0.04300243158093587,-1.8850313611307552,0.015751861035823822,0.0016395151615142822,0.025005623698234558,-0.44506511092185974,0.31566494703292847,9.753157615661621,51.41787472893764,8.218468127873113,474.75433349609375,869
frame_000894.png,1763498524.697344,0.0326506464175032,-0.0010638838941207244,-0.8084322099989689,0.5876820273547267,0.040160711593318604,0.051564064766736924,-1.8833990870398125,-0.025698870420455933,0.06625282764434814,-0.024533309042453766,-0.5713086724281311,0.20897002518177032,9.717774391174316,51.417874675299345,8.21846816231802,474.75738525390625,0
frame_000895.png,1763498525.201364,0.03524707719844495,-0.0012491259415278286,-0.8078009992025151,0.5883992088036545,0.0435776718799936,0.05550377266228636,-1.8813213281709118,0.005154311656951904,0.021110624074935913,-0.016886742785573006,-0.4732211232185364,0.3947280943393707,9.88645076751709,51.417874698351625,8.218468190571805,474.7638854980469,887
frame_000896.png,1763498525.445412,0.03802588566599963,0.0002824800270901481,-0.8082126403429685,0.5876617055876602,0.04433534021155255,0.06183741042079085,-1.8828379275741796,0.028862185776233673,-0.018239038065075874,0.0015202928334474564,-0.5378096103668213,0.3004671633243561,9.751718521118164,51.41787478157803,8.218468290234705,474.767822265625,1238
frame_000897.png,1763498525.705249,0.0364045341011203,0.003724307594731315,-0.8088280334298118,0.586905487934713,0.03678936453197835,0.06330392065597425,-1.8849927733580443,-0.02142155170440674,0.013138771057128906,-0.03010644018650055,-0.5287212133407593,0.27789393067359924,9.864094734191895,51.41787488027321,8.218468343439488,474.7682189941406,0
frame_000898.png,1763498525.945255,0.03806486815874958,0.005088079312447402,-0.8093339211162601,0.5860919564296597,0.036474566722091026,0.06763008567136367,-1.8868362750320236,-0.01649072766304016,0.024724766612052917,-0.0422494113445282,-0.45641231536865234,0.3549549877643585,9.804916381835938,51.41787496303476,8.21846834713995,474.7710266113281,921
frame_000899.png,1763498526.205246,0.0381456740393798,0.004421896859031847,-0.8088647532076989,0.5867394356939866,0.03770308416683751,0.06694838517097035,-1.8852072045013744,0.043156594038009644,-0.0045354366302490234,0.017984069883823395,-0.3673466145992279,0.2772884666919708,9.887628555297852,51.417875066576094,8.21846834890405,474.781005859375,0
frame_000900.png,1763498526.449224,0.03369828035169521,0.00020063610984827346,-0.8090902133856848,0.5867174892995755,0.039287126013587303,0.05479274386646594,-1.8856936415933512,-0.04737165570259094,-0.02238127589225769,0.02458333969116211,-0.48406073451042175,0.5232946872711182,9.802971839904785,51.41787510021166,8.218468275737886,474.7757568359375,971
frame_000901.png,1763498526.697211,0.03245626585900618,0.002684611994756905,-0.809228992577509,0.5865899941500169,0.0337909486093115,0.055707444244178686,-1.8861984017110718,0.07302409410476685,0.031212611123919487,0.014678782783448696,-0.46917781233787537,0.3470272123813629,9.786691665649414,51.417875099909196,8.218468172282064,474.7843322753906,0
frame_000902.png,1763498527.197493,0.03244311318360786,0.002304587018058191,-0.809445874657132,0.5862930233988651,0.03437067183591487,0.055252323104081846,-1.886925929461968,0.04336690902709961,0.011282593011856079,-0.005688078701496124,-0.4718203842639923,0.29644107818603516,9.732335090637207,51.41787514418386,8.218468083953354,474.7794494628906,895
frame_000903.png,1763498527.453244,0.03824444517411265,-0.001489422097235262,-0.809996659480874,0.5851842066093089,0.04727630055571011,0.060249016570567505,-1.8888949031946844,0.03670033812522888,0.03473629057407379,0.04627709090709686,-0.45065051317214966,0.44484078884124756,9.801813125610352,51.417875232649656,8.218468082776107,474.77117919921875,1213
frame_000904.png,1763498527.705236,0.039093397559088056,0.0010654723656482068,-0.8099226225006866,0.5852315068394177,0.0441378900419964,0.06461730790294268,-1.888729489600747,-0.004573658108711243,-0.013036247342824936,0.035946451127529144,-0.4668348729610443,0.37906885147094727,9.782840728759766,51.41787525774685,8.21846808856109,474.77044677734375,1250
frame_000905.png,1763498527.953241,0.03180401625506324,0.002868534303640516,-0.8097861348069191,0.5858555213834437,0.03267434697015596,0.05489756647868508,-1.8880870222982216,0.0006630923599004745,-0.06942826509475708,0.03100382164120674,-0.4044368267059326,0.2542724609375,9.87106704711914,51.417875299531296,8.218468076076736,474.7658996582031,1242
frame_000906.png,1763498528.453232,0.03419764649500811,-0.011671631647137574,-0.8146696915404502,0.5787983998546331,0.05869009596399002,0.04222107169623447,-1.9049164918365566,-0.002428632229566574,-0.021021604537963867,-0.010641641914844513,-0.20169971883296967,0.1039704754948616,10.003986358642578,51.41787519322871,8.21846792128843,474.7658386230469,1265
frame_000907.png,1763498528.945223,0.004413865689152764,0.02746733887509042,-0.8130256548064841,0.5815628493217965,-0.03957003744453969,0.03913512866013844,-1.9005164613500172,-0.1629352569580078,-0.07455796003341675,0.011473730206489563,-0.3812207579612732,-0.48109689354896545,9.7971773147583,51.41787507204555,8.218466989085481,474.82000732421875,1245
frame_000908.png,1763498529.205257,-0.007660434470077668,0.025281912776129224,-0.8125617125942993,0.5822762281391276,-0.050035302967880495,0.016993780041476166,-1.8984663501130996,0.010396260768175125,-0.055711328983306885,-0.032246075570583344,-0.20726321637630463,-0.2585824429988861,9.70394229888916,51.417875041807186,8.218466293060327,474.8370056152344,1250
frame_000909.png,1763498529.445246,-0.0038576695058357585,0.01963007418326279,-0.8122478313431232,0.5829693294264601,-0.036399840751107006,0.01662146031883102,-1.896850930282303,0.04717785120010376,0.03452908992767334,-0.009672343730926514,-0.2769269049167633,-0.053007494658231735,9.575882911682129,51.41787505514123,8.218465125341933,474.8500671386719,1264
frame_000910.png,1763498529.705224,0.006983480578645635,0.019992915477044328,-0.810653851684111,0.5851425869644516,-0.02425900807164455,0.03472676278269169,-1.8915784377956473,0.10915064811706543,0.057375311851501465,0.028861455619335175,-0.4090619385242462,-0.1688496619462967,9.866020202636719,51.41787507868479,8.218464796240406,474.84832763671875,1251
frame_000911.png,1763498529.95724,0.019089169373353723,0.01755859569231727,-0.8091085774558644,0.5870865432091733,-0.00600764235599237,0.05153005384687985,-1.88634902811767,0.06610056757926941,0.06485527753829956,0.04419417679309845,-0.5697256922721863,-0.0904516950249672,9.990826606750488,51.41787517849973,8.218464657650213,474.84246826171875,1261
frame_000912.png,1763498530.197203,0.016762072984621165,0.019605452303222602,-0.8085700693401429,0.5878342471449927,-0.012013531721326706,0.05017718657199737,-1.8846521931527613,0.03286220505833626,-0.01390354335308075,0.015964053571224213,-0.44457677006721497,-0.37311601638793945,9.712969779968262,51.4178752996024,8.218464597186145,474.8400573730469,1259
frame_000913.png,1763498530.45326,0.021086513686691684,0.024026927225576235,-0.8102007093230159,0.5852801690823976,-0.014278445205477773,0.0623339435450021,-1.8908484009248643,-0.10351455211639404,0.007680937647819519,-0.013784278184175491,-0.5629848837852478,-0.06552223861217499,9.849833488464355,51.41787554620217,8.218464575160912,474.8469543457031,1274
frame_000914.png,1763498530.697256,0.018674826493436356,0.026529791998841205,-0.8091625777618654,0.5866884554358569,-0.02106245070995381,0.06138993990289149,-1.8875491537505906,0.07831147313117981,-0.007367163896560669,-0.0019680969417095184,-0.33120736479759216,-0.22591638565063477,9.7753267288208,51.41787566835014,8.218464495253514,474.8505554199219,1273
frame_000915.png,1763498531.197207,0.009388320062605269,0.02187456132706714,-0.8086630787143174,0.587790258627542,-0.0243643688071999,0.040910694711820315,-1.8850297944957368,0.110809326171875,-0.023754000663757324,-0.04848094284534454,-0.35225632786750793,-0.31187573075294495,9.765176773071289,51.41787580319288,8.218464429867316,474.8420104980469,1265
frame_000916.png,1763498531.449228,0.02091952833717608,0.020685888804120048,-0.8090819599307825,0.5869589844725924,-0.008930571082038435,0.058167558312571054,-1.886629315046497,-0.01019250974059105,0.07600617408752441,-0.017591387033462524,-0.5695749521255493,-0.036883220076560974,9.819570541381836,51.4178758426822,8.218464439573587,474.8223571777344,1267
frame_000917.png,1763498531.70125,0.018495658852357197,0.02188556359289103,-0.8084500423982528,0.5878668740931928,-0.013662386053394295,0.05566597232294352,-1.8845370743646612,-0.015010982751846313,-0.014215171337127686,0.012880846858024597,-0.5575618147850037,-0.021316127851605415,9.87022590637207,51.417875844696724,8.218464452337482,474.8191223144531,1259
frame_000918.png,1763498531.94929,0.01312642415859653,0.020522898647987613,-0.8080178387995671,0.5886541257831885,-0.017731079275557123,0.045390132021584026,-1.8827768683525983,0.014149904251098633,-0.036795616149902344,-0.04491168633103371,-0.561907172203064,-0.14209671318531036,9.814355850219727,51.4178758700827,8.21846452839957,474.8125305175781,1249
frame_000919.png,1763498532.201257,0.026294396103677592,0.0165539914446611,-0.8096687171298572,0.5860641079285476,0.00402164916010127,0.06202265762879452,-1.8883835686732762,0.1115039587020874,0.13059377670288086,-0.08344756066799164,-0.32618096470832825,-0.13468824326992035,9.918601036071777,51.41787589358147,8.218464646180385,474.813720703125,1241
frame_000920.png,1763498532.445421,0.03271205183947057,0.016464691692412794,-0.8101824245320224,0.5850327123942205,0.011627098286591576,0.07233328480081896,-1.890362556781132,-0.11750674247741699,-0.07765144109725952,0.03681909292936325,-0.5311932563781738,0.11180315911769867,9.898637771606445,51.41787596145199,8.218465113653481,474.8119201660156,1265
frame_000921.png,1763498532.9455,0.014918202588696982,0.018997217187758313,-0.808189139427028,0.5884274533728382,-0.013164731459131362,0.04648716864577346,-1.8832487545675078,0.10614073276519775,-0.012883692979812622,-0.04129573702812195,-0.36898624897003174,-0.2344793826341629,9.740092277526855,51.417875857713874,8.218465102218518,474.8155822753906,1281
frame_000922.png,1763498533.205255,0.01798858486539972,0.019811962940157492,-0.8080899319171966,0.5884509825576459,-0.010864027391203672,0.05241352166499466,-1.8830725929004,-0.03241449594497681,-0.001927882432937622,0.00988350436091423,-0.42168256640434265,-0.14000043272972107,9.779364585876465,51.41787579965081,8.218465168465404,474.80706787109375,1283
frame_000923.png,1763498533.449319,0.01563375232887552,0.020096979934172563,-0.8085072833515061,0.587935089914875,-0.014131229284484388,0.04893096773008239,-1.8844594776746062,-0.01569211110472679,-0.030310332775115967,1.0654330253601074e-06,-0.4472094178199768,-0.12179221957921982,9.909255027770996,51.41787566219778,8.218465297492392,474.80511474609375,1279
frame_000924.png,1763498533.697305,0.010216987110468565,0.016125673928911517,-0.8086295720989681,0.5880083255718093,-0.0140733754881081,0.035495029760094436,-1.8843888587766364,0.10021251440048218,0.012416929006576538,-0.04972086846828461,-0.35715770721435547,-0.26256558299064636,9.818617820739746,51.417875573875094,8.218465359906563,474.7982177734375,1274
frame_000925.png,1763498534.209421,0.01916658117975397,0.02039817600678747,-0.8089602464950101,0.5871966247963353,-0.010509604440942507,0.05499319936849608,-1.886130701394924,0.003414411097764969,-0.011161627247929573,-0.008129723370075226,-0.485742449760437,-0.12844891846179962,9.888936996459961,51.41787547173044,8.21846560822922,474.7905578613281,1275
frame_000926.png,1763498534.445589,0.022203038367616643,0.008496763250050218,-0.8089425414100766,0.5874068392507233,0.012350980106222256,0.04592021495637428,-1.8851968676898574,0.2168809175491333,-0.0007130764424800873,0.03448018431663513,-0.2548168897628784,-0.03164207935333252,9.923423767089844,51.41787542181357,8.218465831650438,474.793212890625,1266
frame_000927.png,1763498534.705229,0.011560677605622292,0.014754773106150445,-0.8068920696832994,0.5904014187703877,-0.010166932178999374,0.0360867479495612,-1.8784068188197418,-0.13567471504211426,-0.038931116461753845,-0.010257676243782043,-0.3666187822818756,-0.04338380694389343,9.713082313537598,51.41787539150028,8.218465948063276,474.78802490234375,1300
frame_000928.png,1763498534.957238,0.014409185574916966,0.0179520842582347,-0.8066637119583389,0.5905622353752795,-0.011955649742601679,0.044465031072043346,-1.877959800693629,0.13763320446014404,0.10176104307174683,0.022593095898628235,-0.3022277057170868,-0.04588364437222481,9.859310150146484,51.417875369289995,8.218466041903369,474.79876708984375,1329
frame_000929.png,1763498535.197409,0.03042607980361129,0.003123895286103197,-0.8090832340574766,0.5868976191067062,0.030706820939939625,0.05292598106429316,-1.8856575432214064,0.15964734554290771,-0.07001382112503052,-0.008416473865509033,-0.41378575563430786,0.11139405518770218,9.741848945617676,51.417875378458184,8.218466308348074,474.79931640625,1347
frame_000930.png,1763498535.445629,0.035446224570450574,-0.009979078819629304,-0.8097702494457252,0.585590408273753,0.05776795792638353,0.04573523302928905,-1.8880738305579814,0.05487367510795593,-0.009413465857505798,-0.014380272477865219,-0.22047467529773712,0.3773982524871826,9.94192886352539,51.41787527341172,8.218467098427602,474.78240966796875,1354
frame_000931.png,1763498535.94943,0.021376716382962242,0.004360463310467919,-0.8084988822697112,0.5880931726563638,0.018107402547588216,0.03970525178848994,-1.8834884890110208,0.10730409622192383,-0.04025006294250488,0.018223688006401062,-0.40055355429649353,0.06030842289328575,9.570181846618652,51.417875174072584,8.218467218100304,474.8078918457031,1367
frame_000932.png,1763498536.201551,0.029089975943998026,0.005784454726949692,-0.8075633473738871,0.589034594367234,0.02496612249055298,0.05382446972769675,-1.8805515143648768,-0.1159091591835022,0.11638873815536499,-0.0031685568392276764,-0.5073217749595642,0.0483793206512928,9.684016227722168,51.41787507678934,8.218467192950001,474.816162109375,1381
frame_000933.png,1763498536.69753,0.020552905815459824,0.005810725633297303,-0.8080761648782022,0.5886906872763422,0.014820028027229286,0.04006878768103703,-1.8820870133820444,0.051703035831451416,0.01910548284649849,-0.005272965878248215,-0.43147599697113037,0.1555170714855194,9.848673820495605,51.41787498572168,8.218467081410225,474.8155822753906,1302
frame_000934.png,1763498536.949517,0.014461453760075705,0.009548582572653074,-0.8077067267947553,0.589329733185507,0.0016211929196573345,0.034622670989552205,-1.8808875804206404,-0.019014758989214897,0.003928471356630325,-0.01797550916671753,-0.33108994364738464,-0.0062911552377045155,10.011650085449219,51.417874953925455,8.218467086328394,474.8033447265625,1344
frame_000935.png,1763498537.197504,0.02449514463979326,0.010734982913005507,-0.8087581246875489,0.5875330150577175,0.01143526350186423,0.052259392109728076,-1.8847605669128285,0.1405125856399536,0.14499163627624512,-0.03425499051809311,-0.3277747333049774,-0.08956849575042725,9.747793197631836,51.41787494042277,8.218467186572543,474.8028564453125,1385
frame_000936.png,1763498537.457279,0.03105807188559621,0.0007049890167930716,-0.8076189108249536,0.5888858922059097,0.03549422242078461,0.05101861839121007,-1.880623793682399,0.0024191290140151978,-0.16189944744110107,0.05270009487867355,-0.414090096950531,0.20683300495147705,9.794916152954102,51.41787487691278,8.218467571572175,474.7956848144531,1408
frame_000937.png,1763498537.697316,0.018722372955679793,-0.0001874415102103714,-0.8079062550640764,0.5890135148236656,0.022370286384259027,0.03003554908792154,-1.8813258992115793,-0.024298496544361115,-0.005984421819448471,-0.02779487706720829,-0.23032361268997192,0.2490924447774887,9.758017539978027,51.417874802651596,8.218467622117315,474.79669189453125,1431
frame_000938.png,1763498537.95333,0.021336686598176762,-0.0041895713769545114,-0.8077422360250478,0.5891346819174237,0.031927899933763854,0.02953693691742147,-1.8808011274921241,0.095156729221344,-0.02373724803328514,-0.015848606824874878,-0.13316865265369415,0.21747781336307526,9.642613410949707,51.41787473942422,8.218467715125145,474.8012390136719,1364
frame_000939.png,1763498538.205234,0.022506176985469032,-0.0028204933928546376,-0.8075703759129577,0.5893348833747446,0.03110482504692757,0.03303222006080601,-1.8802327295641974,-0.1098145842552185,-0.028572916984558105,-0.034588560461997986,-0.3097439408302307,0.31277936697006226,9.764989852905273,51.417874669943636,8.21846778680087,474.7973327636719,1399
frame_000940.png,1763498538.697217,-0.024401757748400588,-0.0051865331196082574,0.9021323479887804,-0.4307376008723147,0.01167763545066857,0.048514328329057894,-2.250392294510396,0.30703210830688477,-0.15804600715637207,-1.5422849655151367,-0.5225073099136353,0.16414102911949158,9.936190605163574,51.417874597372716,8.218469166322896,474.81512451171875,1385
frame_000941.png,1763498538.957222,-0.0174517764839641,0.026661814427755705,0.9706343019678197,-0.2384400029198477,0.06012983424681861,0.02116567983720415,-2.6591881822317043,0.04929482936859131,-0.08912605047225952,-1.597665786743164,-0.35931137204170227,0.3646096885204315,10.023967742919922,51.41787460143877,8.218471560843634,474.7915344238281,1338
frame_000942.png,1763498539.201228,-0.012890422430941439,0.009824399355930566,0.9961866209359042,-0.08572942584172838,0.02179204769559948,0.02400035653210788,-2.969638941854678,-0.2575709819793701,0.002011369913816452,-1.518117904663086,-0.37225911021232605,-0.11197628080844879,9.823458671569824,51.41787417752303,8.218473690562725,474.7749938964844,1334
frame_000943.png,1763498539.453267,-0.018311545642874245,-0.020844307174452903,0.990121777975075,0.13743750192019052,-0.046348383398837525,0.030536486784959536,2.8650301401034275,-0.07635468244552612,0.0789448618888855,-1.587808609008789,-0.21820184588432312,-0.4553486406803131,9.79669189453125,51.41787278143621,8.21847715418714,474.81732177734375,1346
frame_000944.png,1763498539.705243,-0.013887179561982306,-0.016003240548798803,0.9404559781923612,0.33925447029921285,-0.03953816661294122,0.015262812868287248,2.4488804003301023,0.10532557964324951,-0.0538199357688427,-1.603529930114746,0.053818479180336,-0.32657405734062195,9.809383392333984,51.41787172029476,8.218478177551933,474.8177490234375,1350
frame_000945.png,1763498539.953229,-0.003910941118220956,-0.0060249371137491145,0.8757862679091952,0.48264564393976306,-0.014328809748381527,0.0010344779304614705,2.134210840090812,0.07169044017791748,-0.03175210952758789,-1.5580453872680664,0.08521413058042526,0.08477789908647537,10.005014419555664,51.41787046297815,8.218478428174402,474.798583984375,1333
frame_000946.png,1763498540.197338,0.015722728602262436,-0.00816017541192965,0.8057694810571463,0.5919643154274109,0.0054675248234474704,-0.03500600410971214,1.8742786273348044,0.009976252913475037,-0.10328549146652222,-0.3121826648712158,0.5865829586982727,0.0478828139603138,9.750933647155762,51.417869337194276,8.218477767600044,474.7980041503906,1341
frame_000947.png,1763498540.457229,0.012538164887070297,-0.018786822572137443,0.7976609505326474,0.6026830491346683,-0.014872029121340924,-0.042660346519602536,1.8478061483657782,-0.13442587852478027,-0.008974187076091766,-0.032602399587631226,0.332833856344223,-0.3508976399898529,9.841440200805664,51.41786900705097,8.218476775443428,474.7541198730469,1342
frame_000948.png,1763498540.701242,-0.0003767598720621895,-0.02953246722088592,0.7943643153745583,0.6067231872043094,-0.047423468413506406,-0.03524479244748313,1.8378986024625226,-0.029936015605926514,0.09676700830459595,-0.019940584897994995,0.4246440827846527,-0.4316845238208771,9.801775932312012,51.41786916450211,8.218476586677784,474.7654724121094,1347
frame_000949.png,1763498541.201224,-0.021683233014422182,0.006978112938998875,0.7934596333206593,0.6081964761789546,-0.015316327357536765,0.042910835325786684,1.8332931344368413,0.1028394103050232,0.13045847415924072,0.0021966397762298584,0.4116460978984833,-0.2114078849554062,10.007575035095215,51.41786945746427,8.218476047605138,474.7803039550781,1348
frame_000950.png,1763498541.453236,-0.032105576373827265,0.028022441637121514,0.7933967675440974,0.6072112844644572,0.005495999300468494,0.08507860785077533,1.83534443582595,0.09007352590560913,0.27712178230285645,0.061389729380607605,0.48901939392089844,-0.07267704606056213,10.00009822845459,51.417870317970106,8.218475040362435,474.8045654296875,1335
frame_000951.png,1763498541.697224,-0.07244960357746283,0.060861369184415065,0.7908110282872396,0.6047022955320623,0.008796081446359091,0.1893228731717322,1.8367912752319862,-0.04508107900619507,0.33397531509399414,0.03173438459634781,0.2462693750858307,0.08539988100528717,10.431696891784668,51.41787123415038,8.21847428863782,474.8384094238281,1354
frame_000952.png,1763498542.197645,-0.11894720685038458,0.08778633422309691,0.7856713767781928,0.6007209079244882,-0.005192653015729573,0.2967115146054727,1.8352624639748731,-0.005786776542663574,0.2068406343460083,-0.051203519105911255,0.32753029465675354,-0.3474419414997101,10.366013526916504,51.41787517688119,8.218472342894508,474.9541015625,1343
frame_000953.png,1763498542.697434,-0.1475240387622779,0.09979954528960484,0.7785260674678243,0.6018088326207408,-0.02366688784640655,0.3573822820649446,1.821185953037289,0.04565870761871338,0.04050219804048538,-0.061534687876701355,-0.1479032188653946,-0.23106808960437775,10.710095405578613,51.41788848051523,8.21846695801439,475.1875,1348
frame_000954.png,1763498542.949563,-0.14848061897283965,0.10177091472189229,0.7780739412855286,0.6018281553720427,-0.021755769810758396,0.36136884932377716,1.8208930830396601,-0.10032808780670166,-0.0026392024010419846,0.005114048719406128,-0.07955088466405869,-0.23236075043678284,10.675740242004395,51.417895284218915,8.218464217538092,475.26507568359375,1338
frame_000955.png,1763498543.205472,-0.15207686767800796,0.08949415621152972,0.7776138882217,0.6034733326054776,-0.047275828957820745,0.35173685344289907,1.8132488100377306,-0.04864439368247986,-0.06469458341598511,-0.028061717748641968,-0.1748606115579605,-0.3121201694011688,10.735461235046387,51.417903330769136,8.218460968534528,475.3641052246094,1338
frame_000956.png,1763498543.4533,-0.14769164160666995,0.0847262259296586,0.7800055990430232,0.6021626948763745,-0.04846953850327657,0.33888801786830247,1.8184351528134162,0.0051593780517578125,-0.0728653073310852,0.061898767948150635,-0.2506047487258911,-0.34211239218711853,10.688282012939453,51.417923089144594,8.218452788303642,475.5779113769531,1336
frame_000957.png,1763498543.705437,-0.12197756568475149,0.06365682065613411,0.7892597619236373,0.5984465814605495,-0.047266251504945046,0.27207883785638887,1.837616466842256,-0.021502334624528885,-0.2097996473312378,-0.017239898443222046,-0.41529807448387146,-0.4639738202095032,10.19909381866455,51.417934699927585,8.218447988913871,475.6854553222656,1344
frame_000958.png,1763498544.202134,-0.0818496862811814,0.0455945137986222,0.7927144447053159,0.6023500463374115,-0.026781358883104497,0.18576107889645763,1.8395375804632996,0.026580750942230225,-0.3105006217956543,-0.038109347224235535,-0.5216416120529175,-0.22290843725204468,9.887422561645508,51.41796049766644,8.218436740283803,475.9249572753906,1348
frame_000959.png,1763498544.457255,-0.049192147930039905,0.019131603059084235,0.7956828074210563,0.6034094665490134,-0.029074487028942813,0.10154549777430333,1.8424621967984962,-0.08490699529647827,-0.36684465408325195,-0.03596878796815872,-1.0029646158218384,-0.23413357138633728,10.103165626525879,51.41798856816117,8.21842425416476,476.16546630859375,1352
frame_000960.png,1763498544.705385,-0.011289752484584586,-0.009767321084076403,0.796227743967964,0.6048127980320553,-0.029215108294573806,0.0061636657402388126,1.842271770251714,0.04687359929084778,-0.2730433940887451,-0.003887750208377838,-0.608510434627533,-0.27233976125717163,9.465188980102539,51.418002928436565,8.218417800042955,476.29986572265625,1342
frame_000961.png,1763498544.953248,0.003540543930725008,-0.016791005638553933,0.7961997378041648,0.6047904630522045,-0.022464867121585335,-0.02595095313782864,1.8426550249234472,0.03912520408630371,-0.18225347995758057,-0.019129082560539246,-0.8232197761535645,-0.23027513921260834,9.88254451751709,51.41801726756941,8.218411437626425,476.4194030761719,1347
frame_000962.png,1763498545.205514,0.02869645709832204,-0.03398931451700744,0.796068184213803,0.6035699511499946,-0.019549873222213618,-0.08682758898150747,1.8449992479263178,0.028137266635894775,-0.19449472427368164,-0.0337338000535965,-0.5039093494415283,-0.20937395095825195,9.69719409942627,51.418031257792855,8.218405047920646,476.5498046875,1349
frame_000963.png,1763498545.449223,0.055304003768872866,-0.054685646939133616,0.7939388990577595,0.6030024641317261,-0.020381006811792297,-0.15437965280676588,1.8440527962399857,0.0238894522190094,-0.2630530595779419,0.03134938329458237,-0.6242713332176208,-0.16868595778942108,9.635584831237793,51.418057995169306,8.218392877777845,476.79132080078125,1339
frame_000964.png,1763498545.953225,0.09608210104684117,-0.07650566403193201,0.7904505437119622,0.6000858698344105,-0.005808028669089335,-0.24619579238801173,1.843623751692251,0.011271975934505463,-0.25765252113342285,-0.02864605188369751,-0.6032743453979492,-0.18106956779956818,10.125521659851074,51.41808204410658,8.218381913183052,476.9720458984375,1344
frame_000965.png,1763498546.197311,0.12249608847588069,-0.09488825356135679,0.786714374435919,0.5975545336620629,-0.003050174762571566,-0.31113640876461757,1.8428916639585167,-0.0015449821949005127,-0.1765754222869873,-0.010967690497636795,-0.16282440721988678,-0.19859041273593903,10.227336883544922,51.418092699225156,8.218377071443582,477.055908203125,1350
frame_000966.png,1763498546.453223,0.13018646260960362,-0.10069364343762313,0.7868344832934943,0.5948140642458911,-0.003790308437604525,-0.33065052784396864,1.847617995710822,0.014766424894332886,-0.07404118776321411,0.03327566385269165,-0.2700406610965729,-0.04577474296092987,10.32900333404541,51.418110874240746,8.21836901064461,477.1794128417969,1351
frame_000967.png,1763498546.701531,0.1331665814919633,-0.10562442850385871,0.7861905354057154,0.5941503039765713,-0.008320497303477769,-0.34150141806115347,1.8487067975911506,-0.022114306688308716,-0.008383683860301971,0.04379458725452423,0.0804753378033638,-0.14127324521541595,10.115147590637207,51.418118083425185,8.218365996772281,477.2318420410156,1349
frame_000968.png,1763498546.953309,0.1389529210417285,-0.11534090810461686,0.7831078862248224,0.5950887321938335,-0.016334114128822772,-0.36281395444249864,1.8449664848055691,0.02383577823638916,-0.12564802169799805,-0.0115203857421875,0.2089049071073532,-0.22082018852233887,10.194252014160156,51.41812406983344,8.218363432046749,477.271240234375,1348
frame_000969.png,1763498547.197271,0.14382696945505427,-0.1157848926760825,0.7819132336086697,0.5954152807856017,-0.01051020303565225,-0.3712715179735211,1.8419441738017241,0.03078503906726837,0.025875091552734375,0.007878214120864868,0.4403144121170044,-0.13113091886043549,10.108549118041992,51.41812882714647,8.218361555409874,477.3022155761719,1342
frame_000970.png,1763498547.705227,0.11861314351554295,-0.09496473514515656,0.7818214363972253,0.6047047733017747,-0.005282955463932283,-0.305027969540798,1.8257147703625682,-0.11560100317001343,0.23777306079864502,-0.6935992240905762,0.596413791179657,-0.8712489008903503,9.558106422424316,51.41813578344799,8.21835884000915,477.3563232421875,1354
frame_000971.png,1763498547.957234,0.09254506285431038,-0.05454735737824943,0.6472858134505559,0.7546396973721919,0.07057506975423132,-0.2035358142932016,1.4107324451203498,-0.018577545881271362,0.33271336555480957,-1.5547685623168945,0.6247199177742004,-0.010251695290207863,10.004378318786621,51.41813554769356,8.21835834361471,477.3660888671875,1348
frame_000972.png,1763498548.197269,0.07134130906228581,-0.02263264420787875,0.5002063618499947,0.8626655067882517,0.10123621980488266,-0.1106451777285704,1.0453141864802644,-0.21945977210998535,0.19538342952728271,-1.5360593795776367,0.6689417362213135,0.4554981589317322,9.862318992614746,51.41813419788333,8.21835730976942,477.3599853515625,1346
frame_000973.png,1763498548.957243,0.04182960840859909,-0.010096460131537135,-0.05687797001281421,0.9974533782991649,0.08470597112768953,-0.015383736885747382,-0.11457495075172161,-0.08416301012039185,-0.004979223012924194,-1.560652732849121,-0.07378746569156647,0.8921477794647217,10.046024322509766,51.41812951646926,8.21835220009141,477.39300537109375,1353
frame_000974.png,1763498549.197225,0.03725338320800464,-0.00988028018061468,-0.21199295711441968,0.9765109070752841,0.07702237397481895,-0.003501500140118087,-0.4276851412049737,0.04190608859062195,-0.022272493690252304,-0.8421010971069336,-0.0269157737493515,0.8362738490104675,9.715250968933105,51.418129038316096,8.218351411956267,477.40985107421875,1353
frame_000975.png,1763498549.453232,0.03939985143158526,-0.007092197268171135,-0.26124001700223703,0.9644433658653832,0.07978991850157681,0.0069056453922210805,-0.5287718390223076,-0.07114601135253906,0.04986545443534851,-0.1333160400390625,0.018281595781445503,0.9533372521400452,9.828636169433594,51.41812802365873,8.2183516980423,477.4226379394531,1369
frame_000976.png,1763498549.701265,0.05300078414261841,0.010337067770846631,-0.2632656740456707,0.9632109046202951,0.09692145613447312,0.04783837146431906,-0.5312884565942279,0.6169157028198242,0.5675930976867676,0.02206990122795105,0.38032618165016174,-0.20828163623809814,8.830445289611816,51.41812695633005,8.218352344561273,477.4325256347656,1373
frame_000977.png,1763498549.957231,0.06409866963792282,0.020476201171070695,-0.2594066504548001,0.963421130885176,0.1134273469883085,0.07277387065767603,-0.5219024694951333,-0.21801507472991943,-0.0871308445930481,0.08986398577690125,-0.11237465590238571,0.966374933719635,10.260608673095703,51.41812590531577,8.21835330302759,477.4185791015625,1385
frame_000978.png,1763498550.20126,0.013345208925025272,-0.016730438376846655,-0.26235303556239675,0.9647346176859529,0.03454564036629,-0.02528124696175907,-0.5314810033880731,-0.2806222438812256,-0.6526412963867188,-0.011577010154724121,0.2778249979019165,0.9190666079521179,9.604668617248535,51.41812465777973,8.218354291479717,477.42718505859375,1385
frame_000979.png,1763498550.449274,-0.01352915399248159,-0.04547242916717964,-0.2644497019506126,0.9632318388197703,-0.0020221833100433,-0.09489892067887118,-0.5357887677815941,0.016091108322143555,0.1124144196510315,-0.03986738622188568,0.041267648339271545,0.7372295260429382,9.655117988586426,51.41812240964711,8.218356720391816,477.4228210449219,1377
frame_000980.png,1763498550.949265,0.02560704229897289,-0.019915288926939893,-0.2643176780571681,0.9638899448163791,0.05994707470494021,-0.024858065549224873,-0.5360267293237809,0.1130753755569458,0.004153139889240265,-0.014961495995521545,-0.21724680066108704,0.8578794598579407,9.642725944519043,51.41812151027267,8.218358573686805,477.4364013671875,1363
frame_000981.png,1763498551.197205,0.04021617058526598,-0.005849908920481664,-0.26313900647523586,0.9639016036195316,0.0806990428606819,0.00988757427268369,-0.5326007371631482,0.09102654457092285,0.24524497985839844,0.03200012445449829,-0.267488032579422,0.8068654537200928,9.740690231323242,51.41812147218625,8.218359151490054,477.4311828613281,1373
frame_000982.png,1763498551.457271,0.054927255340397156,0.008405793301419216,-0.25955218394821594,0.9641291423183183,0.10182803865340738,0.04473643944784499,-0.5236686930611981,0.08682286739349365,0.0741422176361084,0.04624807834625244,-0.26542022824287415,0.9111458659172058,9.803196907043457,51.418121850815986,8.21835999043651,477.42816162109375,1368
frame_000983.png,1763498551.697221,0.05880915637880807,0.000539434847673106,-0.2591028776507299,0.9640575143263854,0.11341045044705289,0.03152055499441677,-0.5233273890860329,0.020908869802951813,-0.12291216850280762,-0.03220363333821297,-0.1862744241952896,1.0075592994689941,9.707138061523438,51.41812204755373,8.218360287641614,477.4217224121094,1354
frame_000984.png,1763498551.953296,0.05865560631684118,-0.0081389381159128,-0.26160316139422174,0.9633571837498788,0.11755471511101194,0.015008138497573023,-0.5294355354009498,0.022035539150238037,0.004227623343467712,0.03683774545788765,-0.195895254611969,0.9593619108200073,9.773905754089355,51.418122200969776,8.218360611367444,477.4184265136719,1371
frame_000985.png,1763498552.449221,0.05028493582600329,-0.007198171411002509,-0.2609321288616148,0.964019727850555,0.10088655833234077,0.012363867218642407,-0.5280499555559925,0.03347685933113098,-0.012637097388505936,-0.06231169402599335,-0.09644394367933273,0.7770446538925171,9.687810897827148,51.41812236960902,8.218361520108875,477.390869140625,1385
frame_000986.png,1763498552.701281,0.04965462442387625,-0.009794001888275495,-0.25992568943096633,0.9643013697875645,0.10102966847484972,0.006924341433353077,-0.5262312711515078,-0.015430361032485962,-0.1027144193649292,0.06998065114021301,-0.3586168587207794,0.8259196281433105,9.942115783691406,51.41812239357813,8.218361695308698,477.3839111328125,1392
frame_000987.png,1763498552.953229,0.04182603379391516,-0.007018667573649849,-0.26136781296254485,0.9643071023018223,0.0844384180148204,0.00832775223191912,-0.5290139247693517,-0.06899720430374146,0.06578940153121948,-0.006449081003665924,-0.16354244947433472,0.8253728747367859,9.79633617401123,51.41812242299312,8.21836185044225,477.3780212402344,1392
frame_000988.png,1763498553.205254,0.04925419076426541,-0.0020447780901331164,-0.26125628444667515,0.9640098533790188,0.0962026092774972,0.021795286835923966,-0.52825665507314,0.004923790693283081,0.03052416443824768,-0.06368134915828705,-0.11450685560703278,0.9458744525909424,9.73046588897705,51.41812250156187,8.218361839448722,477.3768005371094,1407
frame_000989.png,1763498553.709269,0.054305996879220525,-0.004353835402611373,-0.26127740238505276,0.9637250758505562,0.10717363720294987,0.019987389676098047,-0.5284237935160788,0.015574932098388672,-0.014745637774467468,-0.02205638214945793,-0.18811120092868805,1.0005322694778442,9.72119426727295,51.41812292957094,8.218361738281086,477.3884582519531,1403
frame_000990.png,1763498553.957222,0.05321161137130411,-0.0007992306603158207,-0.2628314470298774,0.9633729890846026,0.10316425941893813,0.026434533737130565,-0.5313196534495948,-0.03524485230445862,0.021968090906739235,-0.006205787882208824,-0.26671814918518066,0.9105255007743835,9.745569229125977,51.418123145333055,8.21836178294602,477.38543701171875,1409
frame_000991.png,1763498554.201238,0.04767312962107322,0.00015906219583729166,-0.26212132785056463,0.963856657858007,0.09197576060232882,0.025301613867380113,-0.5298934242701098,0.0037330985069274902,-0.0211443230509758,0.07850894331932068,-0.10671389102935791,0.8315552473068237,9.799102783203125,51.418123312546776,8.218361714889744,477.3873596191406,1419
frame_000992.png,1763498554.697226,0.05295263488741513,-0.00413503770599084,-0.25987653200669636,0.9641800184788226,0.10447080173638847,0.019549698028413706,-0.5255273976556027,-0.00877438485622406,-0.01110367476940155,-0.012370385229587555,0.041019849479198456,0.8336989879608154,9.756391525268555,51.41812374423359,8.218361577089388,477.3813781738281,1402
frame_000993.png,1763498554.949243,0.04822900868688493,-0.008130443373141432,-0.26022916850572037,0.9643073361073522,0.09740499880413817,0.009420836628487682,-0.5267058020890376,-0.08251994848251343,-0.013980649411678314,-0.008311614394187927,0.13336141407489777,0.8509891033172607,9.838468551635742,51.418123905340224,8.218361656936615,477.3739013671875,1185
frame_000994.png,1763498555.201222,0.045546736834731975,-0.005017997290381622,-0.2607249615343803,0.9643250535477118,0.09059317892688647,0.014072845911848153,-0.5274761922868276,0.010740049183368683,-0.02423235774040222,0.050047799944877625,-0.38719579577445984,0.8796007633209229,9.750316619873047,51.41812399963345,8.218361643386542,477.3841247558594,1443
frame_000995.png,1763498555.449216,0.04726249415034499,-0.007174671311100045,-0.26101065346072705,0.9641515542269641,0.09503028571278525,0.010837300107019405,-0.528241642748995,-0.04867216944694519,0.006030075252056122,0.022153377532958984,-0.1599779576063156,0.8751917481422424,9.79753303527832,51.41812417972833,8.218361569987861,477.3898620605469,1444
frame_000996.png,1763498555.705466,0.05502652044677659,0.0010953517731579925,-0.26151461088275546,0.9636290731120842,0.10572462216900101,0.030896419121098296,-0.5283699075036353,0.1423267126083374,0.049711912870407104,-0.06013202667236328,-0.6413511633872986,0.9276941418647766,9.521414756774902,51.418124326413114,8.218361431229992,477.38836669921875,1444
frame_000997.png,1763498555.957202,0.05233415962642051,0.01103558253297731,-0.26084033668677387,0.9638992013750631,0.09538969326662648,0.048595221990462796,-0.5262398190852243,-0.09254169464111328,0.09747129678726196,-0.03312481939792633,-0.5473454594612122,0.5857803821563721,9.856749534606934,51.418124530089685,8.218361103650224,477.3829650878906,1428
frame_000998.png,1763498556.201203,0.043978685990888056,0.023295846831138497,-0.2624729631337851,0.9636550847282993,0.07276390192513531,0.06803723387448812,-0.5293658907191398,-0.011161282658576965,0.06554991006851196,-0.04288332164287567,-0.29107558727264404,0.688118577003479,9.965144157409668,51.41812473291253,8.218360630094363,477.3779602050781,1407
frame_000999.png,1763498556.457425,0.055727580786641515,0.024016286190638985,-0.26278564682238775,0.9629441097807375,0.09511755652072262,0.07561353099328401,-0.5292216292235561,0.08521521091461182,-0.0527055561542511,-0.015281334519386292,-0.5293585062026978,0.8971350193023682,9.971312522888184,51.41812515388887,8.218359637568867,477.3663635253906,0
frame_001000.png,1763498556.7013,0.04755981903053299,0.018544080492913728,-0.2607680413833727,0.9640509370803676,0.08227238219271438,0.0605961149623157,-0.5258457855431156,-0.12057000398635864,0.012737315148115158,-0.008080713450908661,-0.40866005420684814,0.6068620085716248,9.736410140991211,51.41812525865928,8.218359227613284,477.3660888671875,1438
frame_001001.png,1763498556.949302,0.047783615014318916,0.023179825391882975,-0.262213630443277,0.9635473179043786,0.08020840906999323,0.06978537616691119,-0.5285975217863402,0.03986096382141113,-0.0021499507129192352,-0.004505880177021027,-0.44571173191070557,0.7492940425872803,9.85953426361084,51.41812526322938,8.218358840823246,477.3785095214844,1443
frame_001002.png,1763498557.205228,0.045983877093020396,0.019981692795490568,-0.26141485424778077,0.9639234870979813,0.07843675970969043,0.06260426913284438,-0.5272003112143475,-0.006891556084156036,-0.08652698993682861,-0.048317886888980865,-0.5019408464431763,0.7350437045097351,9.801065444946289,51.41812530720146,8.21835851831884,477.38092041015625,1457
frame_001003.png,1763498557.449311,0.04752241835793959,0.01976708876633723,-0.26135907048075824,0.963868413338953,0.08152989631664677,0.06298821801035745,-0.5270086749322429,-0.00473158061504364,0.07034912705421448,-0.022158697247505188,-0.43707892298698425,0.6430824995040894,9.781327247619629,51.41812520818511,8.218358048890318,477.3900146484375,1453
frame_001004.png,1763498557.701509,0.045133258052747316,0.019785765650724138,-0.26197585852986394,0.9638154190729155,0.07685581486627807,0.061826681696159666,-0.5284206644726617,-0.052279844880104065,-0.03023633360862732,-0.014357002452015877,-0.4429762661457062,0.6118761897087097,9.801421165466309,51.41812514677044,8.218357871240327,477.39385986328125,1466
frame_001005.png,1763498557.953421,0.04095621509622854,0.012829698919852603,-0.26083762318731724,0.9644281837444448,0.07244607157168591,0.04612884768469095,-0.5266059674153624,0.044850245118141174,-0.01550370454788208,0.07089735567569733,-0.4885917901992798,0.7197489738464355,9.918488502502441,51.418125019779104,8.218357729662419,477.3931884765625,1422
frame_001006.png,1763498558.201564,0.04508435262778692,0.01961542084054445,-0.2617292480948174,0.9638881870347323,0.07686530846007568,0.0614526034882266,-0.5279200200393024,0.04562315344810486,0.09439116716384888,-0.0028547942638397217,-0.4223916828632355,0.6459248661994934,9.769980430603027,51.41812486285127,8.218357608477122,477.3952941894531,1458
frame_001007.png,1763498558.4496,0.045451694284302735,0.01869915746750859,-0.26080298240378347,0.9641401813875322,0.07810889710489768,0.05980072912414543,-0.5260241580294531,-0.022409051656723022,-0.009463608264923096,0.06399369239807129,-0.2279955893754959,0.7677453756332397,9.889217376708984,51.41812463436718,8.21835751701624,477.3983459472656,1458
frame_001008.png,1763498558.705303,0.019635335418523213,-0.0006076159428138834,-0.25801772733817757,0.9659404416345295,0.03825754725860723,0.008958807454973797,-0.5218714896330592,-0.05128663778305054,-0.16130781173706055,0.03287321329116821,0.419759601354599,-0.13726365566253662,9.775737762451172,51.418124451521926,8.218357631184118,477.3983459472656,1460
frame_001009.png,1763498559.201493,0.045212051198877695,-0.008786381851264884,-0.2649974268876531,0.9631485003172028,0.09188006739892973,0.0070370315361143534,-0.5366629392028182,0.023540794849395752,-0.18003487586975098,-0.01228315569460392,-0.3420078456401825,0.43879568576812744,9.964620590209961,51.41812434659945,8.218358090774837,477.3769836425781,1449
frame_001010.png,1763498559.453546,0.042934794413090595,-0.025422963261905684,-0.2644273476502455,0.9631139362413701,0.09632933951824599,-0.026267173283902816,-0.5371703326747366,0.02363096922636032,-0.05562368035316467,0.0407363623380661,-0.16593429446220398,0.5754979848861694,9.851290702819824,51.418124228003585,8.218358152171302,477.3651123046875,1507
frame_001011.png,1763498559.705523,0.04080954369195319,-0.015841586172399127,-0.2641655989457066,0.9634833478710741,0.08712190332037638,-0.008965373960321979,-0.5355938238175801,-0.07132500410079956,0.15296649932861328,0.023493856191635132,-0.1051151379942894,0.5590016841888428,9.89119815826416,51.41812414712656,8.218357823781114,477.36016845703125,1521
frame_001012.png,1763498559.961337,0.034209403269412256,0.006536375538033354,-0.26407796738867645,0.9638723046455072,0.06256498680865968,0.030673171618891434,-0.5338681643800434,-0.1371668577194214,0.19279944896697998,0.012712463736534119,-0.15465979278087616,0.605615496635437,9.887385368347168,51.41812410537874,8.218357195928716,477.3658752441406,1507
frame_001013.png,1763498560.449203,0.027837867357912972,0.020969509737459296,-0.26827191287734076,0.9627125809728811,0.042426324864410496,0.05533969935223725,-0.5423616485141839,0.15236759185791016,-0.01336236298084259,-0.03497517108917236,-0.26034826040267944,0.47167494893074036,9.813570976257324,51.41812383793088,8.218354819139885,477.4199523925781,1510
frame_001014.png,1763498561.205214,0.010569378329268454,0.03496296743692931,-0.2564247079662436,0.9658738262807228,0.002493281873282613,0.07302501531560394,-0.5189060374640946,-0.024853423237800598,-0.3862752914428711,-0.16210615634918213,-0.1649053543806076,-0.10362707823514938,9.67068862915039,51.41812282301164,8.218354174125416,477.4082946777344,1478
frame_001015.png,1763498561.457411,0.04066679998187997,0.01538228292289715,-0.2677676353769796,0.9625019949049117,0.07019630695665512,0.051412107533116286,-0.5408711515566037,0.15634632110595703,-0.018258994445204735,-0.0419575572013855,-0.7417553067207336,0.8746076226234436,9.738746643066406,51.418120767417015,8.21835526697376,477.40191650390625,1486
frame_001016.png,1763498561.697621,0.04785369132888696,0.03548210408534521,-0.2667151032385603,0.9619324811130564,0.07352685612519336,0.09392743067479656,-0.5374937423120043,-0.014719069004058838,0.2158207893371582,0.033082738518714905,-0.5936684012413025,0.6268438100814819,9.757195472717285,51.41811976905116,8.218356121212235,477.4017333984375,1484
frame_001017.png,1763498561.961248,0.04960037326357769,0.04790347770675358,-0.2682179108605676,0.9608872005023821,0.07017662685156853,0.1189473832537071,-0.5402337956431096,0.0797957181930542,0.0015709521248936653,-0.07480321824550629,-0.7486596703529358,0.5912600159645081,9.800785064697266,51.41811882651228,8.218357055843123,477.41522216796875,1517
frame_001018.png,1763498562.201556,0.04941681095852796,0.047191090746762254,-0.269845363137213,0.96047616302653,0.06999891377409101,0.1175924539393846,-0.5436559413500194,-0.034434497356414795,0.047491371631622314,0.01980038732290268,-0.627955973148346,0.4863855540752411,9.646688461303711,51.41811777739182,8.218357988198946,477.4399108886719,1510
frame_001019.png,1763498562.705582,0.04694919778640222,0.056350024828921236,-0.2623409789187366,0.9621837965321138,0.061365597205941584,0.13346746105096025,-0.5282607537903596,0.09087449312210083,-0.08621782064437866,-0.013528555631637573,-0.7383112907409668,0.709184467792511,9.836299896240234,51.41811449928291,8.218362237861657,477.4444580078125,1490
frame_001020.png,1763498562.953257,0.05236185439851653,0.051499382195088726,-0.26557885882319143,0.9612876362377933,0.0739795967729526,0.12716630489919528,-0.5343883103749166,0.01384221576154232,0.07053133845329285,-0.019869424402713776,-0.6678131818771362,0.8048654198646545,9.905740737915039,51.41811339360791,8.218364166615782,477.4405517578125,1483
frame_001021.png,1763498563.449431,0.051066418889379066,0.05234430644917467,-0.2672312015654942,0.9608536721863696,0.07079860736661149,0.1282346816179657,-0.537978772094513,0.0031073614954948425,0.019543485715985298,-0.009242355823516846,-0.6866816282272339,0.6977110505104065,9.805925369262695,51.41810984823976,8.218372005240367,477.4328308105469,1484
frame_001022.png,1763498563.701239,0.047706545445308134,0.04779443475860381,-0.26614622487491024,0.9615643319677649,0.06681589938982196,0.11757941517296103,-0.5361151347501157,0.01978248357772827,-0.09448492527008057,0.020850740373134613,-0.49814051389694214,0.7902575731277466,9.746354103088379,51.418108453361036,8.218375148046295,477.4333190917969,1494
frame_001023.png,1763498564.205379,0.04325690272450666,0.010976052795394872,-0.265201788461736,0.9631595807696729,0.07765832822676925,0.044101290968297256,-0.5356614825440631,0.06791484355926514,-0.0541481077671051,-0.010422278195619583,-0.45035669207572937,0.8590383529663086,9.855067253112793,51.41810539452245,8.218382395479805,477.4185791015625,1497
frame_001024.png,1763498564.453503,0.04972905455459145,0.005132967336060113,-0.2661594197904373,0.9626317245116386,0.09320556986937423,0.03636203945015994,-0.5378085132059065,0.04417450726032257,-0.0318274199962616,0.08065272867679596,-0.6718506813049316,1.0097789764404297,9.896750450134277,51.41810248804653,8.21839029773578,477.3962097167969,1486
frame_001025.png,1763498564.713471,0.0480743992591751,0.0029927923660386596,-0.2634390005068286,0.9634727750910693,0.09123047094968915,0.03110130507446979,-0.532385735949127,-0.0018031895160675049,-0.002216041088104248,-0.025841057300567627,-0.47736257314682007,0.8211683630943298,9.724428176879883,51.41810107553376,8.21839412263522,477.39288330078125,1484
frame_001026.png,1763498564.949272,0.04874424047851667,0.005874985981021731,-0.2623577162738594,0.9637208684424451,0.09105669477552163,0.036908927820634534,-0.5299042321445453,0.01519051194190979,0.022496655583381653,-0.002326466143131256,-0.6099753975868225,0.7340728640556335,9.810261726379395,51.41809980231985,8.218397882550638,477.39501953125,1490
frame_001027.png,1763498565.205304,0.05891395803189165,0.010526983166787733,-0.2651505207157559,0.9623479254087817,0.1081630333665535,0.051526170964920924,-0.5349177623596296,0.06299376487731934,0.059606969356536865,0.07916894555091858,-0.5741772651672363,0.8665525317192078,9.655959129333496,51.41809856937608,8.218401386640554,477.3992919921875,1486
frame_001028.png,1763498565.449333,0.05201996422725339,0.019098983345870835,-0.26588220167809007,0.9624114541025376,0.09028295968116387,0.06446917522647908,-0.5361736534661148,-0.10663503408432007,0.10706239938735962,-0.015462297946214676,-0.6373124718666077,0.7774301767349243,9.872824668884277,51.418096185966824,8.218408041815698,477.4046325683594,1479
frame_001029.png,1763498565.70923,0.046146564115741424,0.01982077959771494,-0.2649269024601626,0.9629596916119149,0.07860750972912324,0.06266516168525899,-0.5344855323207319,0.011689295992255211,-0.05658814311027527,0.04761895537376404,-0.7163820862770081,0.7149860262870789,9.839683532714844,51.41809496438002,8.218411217646718,477.4172058105469,1495
frame_001030.png,1763498565.957276,0.04594009779273483,0.016647236340245807,-0.26490420191796105,0.9630358979514907,0.07987601280240404,0.0564331713223359,-0.5346106532490392,0.05918503552675247,-0.0011804141104221344,0.026444492861628532,-0.5624959468841553,0.7489517331123352,9.646838188171387,51.41809372417683,8.218414297298892,477.4150695800781,1483
frame_001031.png,1763498566.201257,0.04515332132885162,0.01910235852245796,-0.26731894097349423,0.9623600476270108,0.07691312399359242,0.06094509048643699,-0.5395417247311856,-0.011846840381622314,0.037737950682640076,-0.04757994785904884,-0.5108031630516052,0.5943524241447449,9.916507720947266,51.418092540766004,8.218417462535728,477.407958984375,1486
frame_001032.png,1763498566.453228,0.04520309302933501,0.02276020304843599,-0.26695846033985315,0.9623782177453677,0.07509681994409903,0.06799492501656182,-0.5386267697478597,-0.02841208130121231,-0.0211156215518713,-0.01945333182811737,-0.562508225440979,0.6560559272766113,9.76685905456543,51.418090148892475,8.218423474318413,477.4073791503906,1484
frame_001033.png,1763498566.701253,0.0399901115480411,0.021640351885700192,-0.2658721466765122,0.9629353497355165,0.06568602117645203,0.06298266507929658,-0.5367181942459393,0.01234106719493866,-0.01737092435359955,-0.06300222873687744,-0.3626549243927002,0.5661280155181885,9.766036987304688,51.41808893512076,8.218426441434268,477.40020751953125,1501
frame_001034.png,1763498566.957236,0.04443755575375278,0.01239295576297249,-0.27003760404096433,0.9617439423723472,0.07895427466817592,0.047855586480763074,-0.5455714988032968,0.021478354930877686,-0.06861984729766846,-0.04986708611249924,-0.25656166672706604,0.7168610692024231,9.851141929626465,51.418087727581714,8.218429491590307,477.39178466796875,1489
frame_001035.png,1763498567.209253,0.04188203953094259,0.005671225711842185,-0.27164843981654485,0.961468073889555,0.07757703244574995,0.033666145540342154,-0.5494091871228789,0.02869085781276226,-0.015393435955047607,0.04649648070335388,-0.22112247347831726,0.6374421715736389,9.885497093200684,51.418086509074456,8.2184325704428,477.3752746582031,1483
frame_001036.png,1763498567.453424,0.03951789290617606,0.00359090468370179,-0.2714047826445269,0.9616469651080305,0.07415307755447434,0.028360857252381657,-0.5490970700531491,-0.042125046253204346,-0.018056295812129974,0.026428192853927612,-0.16907338798046112,0.7114976048469543,9.92908763885498,51.418084014147745,8.218438758383314,477.3636474609375,1482
frame_001037.png,1763498567.701494,0.03241573960527974,0.005519342810243255,-0.2679381822151302,0.962874803487991,0.05952538289451583,0.028003360778333736,-0.5419718468084794,-0.06263810396194458,-0.08517837524414062,0.01644381880760193,-0.2427722066640854,0.6334619522094727,9.844767570495605,51.41808268610232,8.218441863092334,477.3706970214844,1489
frame_001038.png,1763498567.953556,0.035386911146258436,-2.408955784284993e-06,-0.2688205205179257,0.9625400221612581,0.06818908974841906,0.019021965430268205,-0.5440375452835314,0.03635436296463013,0.048971593379974365,-0.05338507890701294,-0.16616283357143402,0.7010464072227478,9.768597602844238,51.4180813200483,8.218444930643425,477.3786926269531,1502
frame_001039.png,1763498568.209574,0.03951421893990079,0.0016900845990483581,-0.2701667239138062,0.9620008895033824,0.07520583379735947,0.0246050625462422,-0.5466461299923279,-0.019233182072639465,-0.0364338755607605,-0.03870772942900658,-0.291470468044281,0.7507449984550476,9.819402694702148,51.41808015958774,8.218448044789032,477.37554931640625,1485
frame_001040.png,1763498568.453531,0.03759287939161707,0.0012072635220167403,-0.2720321284019778,0.9615528269684019,0.07171830089572796,0.022776606559035413,-0.5505915617033779,0.029743298888206482,0.026175767183303833,-0.006404094398021698,-0.26739367842674255,0.6841242909431458,9.826149940490723,51.41807795799085,8.218454320204932,477.3670349121094,1484
frame_001041.png,1763498568.701576,0.04362224702702964,0.006388609596932064,-0.271266453204393,0.9614940439740849,0.08055815642582395,0.03595947388469734,-0.5485164271110015,0.04950249195098877,0.0666932612657547,0.008994519710540771,-0.4017188847064972,0.6660900115966797,9.763083457946777,51.41807687215075,8.218457261571187,477.3658142089844,1482
frame_001042.png,1763498568.949682,0.042543299347142405,0.007119314238439238,-0.2657765415796519,0.9630691631401108,0.078291566216142,0.036334800394047795,-0.5371091447466868,-0.04807354509830475,-0.013940215110778809,0.032365381717681885,-0.3017650842666626,0.6599473357200623,9.94626522064209,51.418075718867016,8.218460094375304,477.375,1480
frame_001043.png,1763498569.209266,0.03841507551647467,0.004825188518609588,-0.2622153525940093,0.9642323933538133,0.07164396868741592,0.029455510505401156,-0.529986438651069,-0.019000310450792313,-0.030484691262245178,-0.0015352219343185425,-0.10368191450834274,0.7790131568908691,9.778111457824707,51.418074593872596,8.218462993372285,477.37548828125,1483
frame_001044.png,1763498569.70134,0.04460402559947781,0.001996768793112103,-0.26278877488305497,0.9638197723693839,0.08506522770506053,0.02729531416897392,-0.531204936569196,-0.014417149126529694,-0.024667322635650635,-0.03860954940319061,-0.25819897651672363,0.8496666550636292,9.757643699645996,51.41807137151601,8.218471846134198,477.37091064453125,1502
frame_001045.png,1763498569.953471,0.04749987707957298,0.004132840894929324,-0.26106849288607153,0.9641420659455524,0.08960326428708656,0.03277660252664226,-0.5274041627912264,-0.012320280075073242,0.029408633708953857,0.08753257989883423,-0.09807292371988297,0.8290330171585083,10.000733375549316,51.41807035380646,8.21847475143018,477.3665771484375,1508
frame_001046.png,1763498570.213234,0.03612439472521569,-0.0007946642888446155,-0.25547141970621146,0.966141164803414,0.07027644436936392,0.01692279276556641,-0.5164209860363635,-0.0445307195186615,-0.07349485158920288,-0.026175975799560547,0.15112613141536713,0.7067381739616394,9.92923641204834,51.41806929260803,8.218477785511041,477.3594665527344,1502
frame_001047.png,1763498570.705289,0.04108441202890602,-0.007434593672616768,-0.26709607232051075,0.9627650212051322,0.08317907335163309,0.007631510779560453,-0.54092295361165,-0.009196460247039795,-0.03716118633747101,-0.027478337287902832,-0.08475340157747269,0.6460229754447937,9.840542793273926,51.41806574196962,8.218486886406097,477.3699645996094,1484
frame_001048.png,1763498570.953264,0.031692547676119315,-0.00850088791288615,-0.27187428218232745,0.9617732019630894,0.06563156503269134,0.0008809250388737978,-0.5509557971076511,-0.08649545907974243,-0.0760945975780487,-0.008138805627822876,-0.049653299152851105,0.5877938270568848,9.814075469970703,51.418064573282585,8.218489948566454,477.3795166015625,1492
frame_001049.png,1763498571.209509,0.02663499322364483,-0.003136879288992176,-0.27936983653734765,0.9598089557601546,0.0529084659290871,0.008860533674935016,-0.5662504375750268,0.06205114722251892,0.04582631587982178,-0.012751340866088867,-0.19188377261161804,0.3290320634841919,9.87069320678711,51.41806342714297,8.218492896303674,477.3822021484375,1467
frame_001050.png,1763498571.705357,0.01875731150329693,0.008039453836213297,-0.27609516714192633,0.9609136220951681,0.031624806721687757,0.025810913310360076,-0.5591694320363061,-0.33523035049438477,0.08227407932281494,0.09818375110626221,-0.44163978099823,0.3397449254989624,10.010397911071777,51.41805991287512,8.21850082876178,477.3836975097656,1465
frame_001051.png,1763498572.213475,0.019017932991354406,0.021561023429974936,-0.26334351710768994,0.9642736294697374,0.025357562692458337,0.051620874122131705,-0.5325439592100761,0.24156498908996582,0.21922481060028076,0.017100542783737183,-0.4633406400680542,0.6749792695045471,9.604313850402832,51.41805718592473,8.218505148168642,477.4279479980469,0
frame_001052.png,1763498572.457406,0.02712591544569762,0.037419814440893734,-0.26244002498193963,0.9638408455164789,0.03277755271658726,0.08647909364453497,-0.530263599418524,-0.1102745532989502,0.08345699310302734,-0.03472849726676941,-0.6151857972145081,0.46456730365753174,9.762933731079102,51.418055094587515,8.218509350024965,477.445556640625,1405
frame_001053.png,1763498572.705582,0.026442612045273463,0.03718349561857216,-0.2651140985818194,0.9631369013047709,0.03134024054440885,0.08575126555186238,-0.5358731611154206,-0.0014241039752960205,-0.018117785453796387,-0.01317150890827179,-0.39082905650138855,0.5406408905982971,9.731474876403809,51.41805421251545,8.218511675144848,477.4591369628906,1424
frame_001054.png,1763498572.949213,0.03417988447099322,0.030692415065111507,-0.26547072121791365,0.963023887206886,0.04970519838326411,0.0773396520154679,-0.5360428270874905,0.08912193775177002,-0.039419740438461304,-0.04744979739189148,-0.3871467113494873,0.5316371917724609,9.874170303344727,51.41805328524104,8.218514141860458,477.459228515625,0
frame_001055.png,1763498573.453536,0.042447104565370625,0.028511706590496927,-0.2650668953466472,0.9628732351107302,0.06687770677932771,0.07748647963190881,-0.5346734981364938,0.08947265148162842,-0.08366608619689941,-0.025836899876594543,-0.5668056011199951,0.6332352757453918,9.837777137756348,51.418050573174625,8.218522741303495,477.43890380859375,1473
frame_001056.png,1763498573.701299,0.04628861750853869,0.017614963815036033,-0.265191184720483,0.9629230044429772,0.08002424925560846,0.058507748877921255,-0.5351373892138268,0.014191985130310059,0.006115332245826721,-0.019120454788208008,-0.31651630997657776,0.6528128385543823,9.78100872039795,51.41804962699617,8.218525900168196,477.4227294921875,1469
frame_001057.png,1763498573.957263,0.04040400235533151,0.02252365929001168,-0.26410986982428747,0.9633826747597529,0.06613844424678197,0.06478530715082834,-0.5330047941044694,-0.057165831327438354,0.0019088387489318848,0.047294195741415024,-0.3545279800891876,0.505043089389801,9.879740715026855,51.41804865165525,8.218529185611603,477.4150390625,1467
frame_001058.png,1763498574.453229,0.04247367132508431,0.0031979936718207753,-0.266213540517705,0.9629725390298894,0.08021844417443368,0.028777264742597872,-0.5382721749238105,-0.01541689783334732,-0.1253269910812378,-0.017122585326433182,-0.28654393553733826,0.7972705960273743,9.829010009765625,51.41804530525357,8.218539252915948,477.4015808105469,1469
frame_001059.png,1763498574.701343,0.03947195190124023,0.002661805150332608,-0.26643657819784433,0.9630402014478273,0.07470275154552386,0.02616337913614889,-0.5388435580400457,0.026265710592269897,0.04237563908100128,0.0013543181121349335,-0.3571629822254181,0.5863580703735352,9.909348487854004,51.41804409801912,8.21854262530346,477.4105224609375,1456
frame_001060.png,1763498574.953253,0.03930681713719003,-0.0032496141973143303,-0.26795773369862785,0.9626230140014354,0.07750286832171108,0.014809365771173612,-0.5424042278731678,-0.03438656032085419,-0.03426307439804077,-0.041638925671577454,-0.2433393895626068,0.7383860945701599,9.847945213317871,51.41804300538133,8.21854616221044,477.4024658203125,1451
frame_001061.png,1763498575.709258,0.04477017180690598,0.007357415444402008,-0.26264002731977204,0.9638266006932099,0.08258916303464799,0.03770835947373408,-0.5305175193394643,-0.014953645877540112,5.2303075790405273e-05,0.014861762523651123,-0.3014613389968872,0.7086318731307983,9.777457237243652,51.41803871638219,8.218559182963345,477.41790771484375,1457
frame_001062.png,1763498575.949267,0.046768693620403375,0.00397485067334434,-0.2636440572422544,0.9634774003265506,0.08818553198609419,0.032325563292110206,-0.5327727428100175,0.0615997314453125,-0.024728477001190186,-0.032799649983644485,-0.24587713181972504,0.7402716279029846,9.747401237487793,51.41803764791866,8.218562260648708,477.423583984375,1453
frame_001063.png,1763498576.709238,0.04685772502862871,-0.0024782450609203725,-0.26545467914131354,0.9629808021079869,0.09170891135498288,0.020105554420815845,-0.5370356260882304,0.015167385339736938,0.006033658981323242,0.004001341760158539,-0.07472119480371475,0.7641285061836243,9.756354331970215,51.41803343770966,8.218575037810673,477.3952331542969,1458
frame_001064.png,1763498576.953225,0.045169014666673814,-0.005039875074622828,-0.2645868572900856,0.9632902754220194,0.08981846640876963,0.014193006482766064,-0.5354807771520683,-0.04354873299598694,-0.07497191429138184,0.05366052687168121,-0.15698549151420593,0.814350426197052,9.902301788330078,51.418032352022855,8.218578260564273,477.3836975097656,1472
frame_001065.png,1763498577.205227,0.04375955703233936,-0.0075993147556782225,-0.26625844378194236,0.962877870084465,0.08843552812127796,0.008668387658002796,-0.5391807036453712,0.036368370056152344,0.030808061361312866,-0.03833445906639099,-0.1853562891483307,0.719550371170044,9.915647506713867,51.418031221187775,8.218581408668475,477.3823547363281,1418
frame_001066.png,1763498577.45322,0.047691107759776974,-0.006604174769419842,-0.2678988515101898,0.9622432896496507,0.09547223207353753,0.012843493378609414,-0.5424551493016696,-0.0002293512225151062,0.003799140453338623,-0.017424218356609344,-0.11210361868143082,0.7582288384437561,9.699213027954102,51.418029015422476,8.218587454769164,477.37628173828125,1465
frame_001067.png,1763498577.709295,0.038891217851305115,0.0012626181234040431,-0.2673956770539798,0.9628008261641451,0.07430213737442311,0.023232076384900983,-0.540935677817553,-0.1085163950920105,0.07537877559661865,-0.01939532533288002,-0.04146020859479904,0.6435813307762146,9.756858825683594,51.41802791637973,8.21859036377704,477.3876647949219,1471
frame_001068.png,1763498577.957478,0.04308345859631608,0.007410570675688041,-0.2670844388920349,0.9626810487068742,0.07913027130609668,0.0372905166185111,-0.539786681796259,0.07083851099014282,-0.027138948440551758,-0.004985049366950989,-0.19268666207790375,0.8446268439292908,9.868637084960938,51.418026788513956,8.218593248988721,477.3885192871094,1456
frame_001069.png,1763498578.205298,0.045371659542543206,-0.008587200225538176,-0.2652481291341452,0.9630737783230722,0.09208066298224327,0.007529352026949463,-0.537163191940962,-0.027685463428497314,-0.15746301412582397,-0.010840237140655518,0.11335130780935287,0.9174742698669434,9.825814247131348,51.41802563254621,8.218596125311645,477.38897705078125,1459
frame_001070.png,1763498578.457306,0.039245117380137015,-0.012951280622088354,-0.2645750560540289,0.9634791771523008,0.08257139954519237,-0.004190032392566479,-0.5361687709514198,-0.00574183464050293,-0.015428423881530762,-0.011496186256408691,-0.006266735959798098,0.8090115189552307,9.891104698181152,51.41802331065237,8.218602317626061,477.3599548339844,1458
frame_001071.png,1763498578.709219,0.04010793657404136,-0.010952295807711376,-0.26473103453006525,0.9634255965028926,0.0831767260543026,0.00013218684136845213,-0.536319665690475,0.022534281015396118,0.05459895730018616,-0.01165568083524704,-0.030403442680835724,0.9015253186225891,9.633360862731934,51.4180221540157,8.218605300760792,477.35809326171875,1475
frame_001072.png,1763498578.953216,0.04332691687082022,-0.005323445630534145,-0.26386167815866785,0.9635722360053652,0.08642092621421377,0.012605911033803208,-0.5340241612173638,-0.014868773519992828,0.031056344509124756,-0.01831759512424469,-0.11492465436458588,0.9418264627456665,9.903853416442871,51.41802112800167,8.21860843923861,477.3477478027344,1463
frame_001073.png,1763498579.453248,0.029049848182062545,-0.07665311480988608,-0.26323908698876936,0.9612416914553076,0.09720721882054809,-0.13245721386788317,-0.5410517920973767,0.060619235038757324,-0.22367382049560547,0.04832294210791588,0.06361205875873566,0.8262268900871277,9.846038818359375,51.418018174145246,8.218616818519926,477.3155212402344,1461
frame_001074.png,1763498579.709245,0.04092109765677068,-0.06759355560268535,-0.26299933560165917,0.961554951357767,0.11518245614830744,-0.10867920492680654,-0.5402415313458743,0.23108649253845215,0.6931743621826172,-0.007049262523651123,0.41020843386650085,0.5631309151649475,8.81657600402832,51.418017490553694,8.218618854681635,477.3084411621094,1466
frame_001075.png,1763498579.953272,0.04349851441531837,-0.048844088182830404,-0.2604558363592978,0.9632678192484305,0.10974490949983848,-0.07150190298046027,-0.5320755372603574,-0.16105329990386963,-0.09174805879592896,-0.008327081799507141,-0.09999323636293411,0.9627954363822937,10.08344554901123,51.418017114468526,8.21862028419117,477.31292724609375,1465
frame_001076.png,1763498580.205234,0.02306018049325149,-0.04165140710770935,-0.2637536973346064,0.9634144360055498,0.06660816306046911,-0.06814344347405596,-0.5367153062907088,-0.1333521604537964,0.3135240077972412,-0.03317776322364807,0.5214588046073914,0.6824303269386292,10.19023323059082,51.41801683521413,8.218621087085081,477.3095397949219,1462
frame_001077.png,1763498580.457261,0.04177380864121392,0.01435050906981496,-0.2653613582157507,0.9631367303591617,0.07300702975687291,0.04983393784997925,-0.5358748720055764,0.06317013502120972,0.33607006072998047,0.038661614060401917,-0.6456923484802246,0.7317504286766052,10.356629371643066,51.4180167730963,8.21862116376185,477.3427429199219,1467
frame_001078.png,1763498580.957242,0.04572183170051708,-0.008545235692889012,-0.2586591607233616,0.964848139152887,0.09278530834448104,0.007163092971075428,-0.5235154694488723,-0.028645917773246765,0.0630955696105957,0.03462424874305725,0.08709574490785599,0.9624110460281372,9.701512336730957,51.4180168514116,8.218621115151931,477.34765625,1437
frame_001079.png,1763498581.449374,0.045804559810639765,-0.013353609827269979,-0.26097832073825444,0.9641648922823187,0.09544129444733189,-0.0018421704002372144,-0.5287754794144645,0.05524422228336334,-0.018632709980010986,0.02676091343164444,0.030845332890748978,0.7780879139900208,9.751531600952148,51.41801685563669,8.21862183127581,477.3444519042969,1422
frame_001080.png,1763498581.705486,0.04385109003296201,-0.018419003865502576,-0.26167524386271745,0.9639833447466357,0.09433030016718828,-0.01256206694161716,-0.530722372144429,-0.029441699385643005,-0.01926499605178833,0.007122848182916641,0.20736543834209442,0.6942110061645508,9.76590633392334,51.418016791016946,8.218622148712187,477.3421630859375,1428
frame_001081.png,1763498581.94942,0.03509124338232044,-0.019608247253676582,-0.2620135488320727,0.9642266442626156,0.0780409790115314,-0.019426048258130452,-0.5314137851530197,-0.02728867530822754,-0.08740514516830444,0.006988028064370155,0.004656886216253042,0.6188903450965881,9.747288703918457,51.4180166600768,8.21862236064703,477.34991455078125,1442
frame_001082.png,1763498582.209231,0.03548974953717031,-0.027398904274404765,-0.26294499030381346,0.9637684938803915,0.0829600716718758,-0.0341553381927897,-0.5341131014778345,-0.05039280652999878,-0.01389753445982933,-0.038165658712387085,0.16983260214328766,0.7473138570785522,9.76721477508545,51.41801655835259,8.218622579779815,477.3477478027344,1444
frame_001083.png,1763498582.705237,0.030089533670943497,-0.010787391140710942,-0.2621883397782465,0.9644871832430792,0.06374255821736492,-0.005030372451191656,-0.5310165530553551,0.007844481617212296,-0.005030274391174316,-0.03184127062559128,0.016388189047574997,0.6578047871589661,9.864113807678223,51.41801626513248,8.218622363824982,477.3475341796875,1423
frame_001084.png,1763498582.949426,0.03174934544497364,-0.0064894041306158634,-0.2626880671828642,0.9643364796882758,0.06468915049509256,0.0041644221461806154,-0.5317654987785256,-0.006024852395057678,0.0036787092685699463,-0.04674816131591797,0.12232610583305359,0.7137114405632019,9.76340103149414,51.41801627748626,8.218622130783825,477.3447570800781,1409
frame_001085.png,1763498583.205271,0.03292414861446445,-0.005996064615686361,-0.26398902942481883,0.9639449361817712,0.06669047788722696,0.005823508743755601,-0.5344237716516126,0.05223214626312256,0.019408967345952988,0.0047352127730846405,-0.11930904537439346,0.5815296769142151,9.87744140625,51.41801626142413,8.218621738692528,477.3509216308594,1367
frame_001086.png,1763498583.453277,0.036357694896704144,-0.0036524433100154096,-0.26189251249121714,0.9644050443567282,0.07210784190097329,0.011999034553382887,-0.5298951750122166,0.06110644340515137,0.016253560781478882,0.05652674287557602,0.06226551905274391,0.7279290556907654,9.840057373046875,51.41801642930547,8.218621218680074,477.35504150390625,0
frame_001087.png,1763498583.705545,0.04376875518410063,-0.005919021539514107,-0.2610385834434795,0.9643174369508573,0.08762193325440246,0.011435285566532687,-0.5282228480414354,0.002246677875518799,-0.08248698711395264,-0.006007641553878784,-0.06577662378549576,0.8506117463111877,9.82839298248291,51.4180165637747,8.218621061399466,477.359375,1406
frame_001088.png,1763498583.961257,0.04913338408480078,-0.009422293072806485,-0.2626157557603632,0.9636026648925576,0.09980754256960139,0.007647782711385938,-0.5317647719082105,0.06566944718360901,0.0242670476436615,0.019284185022115707,0.11203819513320923,1.0670291185379028,9.660109519958496,51.418016766583136,8.218621006009679,477.35693359375,1393
frame_001089.png,1763498584.201245,0.048583118210774844,-0.004828811662438231,-0.26073638953854017,0.9641747239858828,0.09636474898795794,0.01602382307774054,-0.5274420662870102,-0.05816775560379028,0.01836022362112999,0.003770175389945507,0.03970104083418846,0.9379000067710876,9.810224533081055,51.41801695216429,8.218621012036921,477.3561096191406,1373
frame_001090.png,1763498584.701287,0.04778894048119934,-0.015359066303633673,-0.26200748559143633,0.9637595103261074,0.1003317613711625,-0.004562788002720273,-0.5311180325419843,-0.00257883220911026,0.02333827316761017,-0.02818301133811474,0.19814909994602203,0.9751520156860352,9.724241256713867,51.418017393371976,8.218621228047699,477.3568420410156,1371
frame_001091.png,1763498584.957586,0.05076849978675312,-0.009838457337120615,-0.2621480648614345,0.9636410930818762,0.1031895403889664,0.007656319185894654,-0.5308274535313874,-0.056231528520584106,0.016219018027186394,0.003066733479499817,-0.24044738709926605,0.962039589881897,9.933741569519043,51.418017498336475,8.218621343570108,477.3575744628906,1359
frame_001092.png,1763498585.705222,0.055067260243173884,0.000935322777652388,-0.263855031835083,0.9629887040853176,0.10581236559989214,0.030865858704996498,-0.5332304311010476,0.033751875162124634,-0.008799530565738678,0.012350670993328094,-0.16209425032138824,0.9666517972946167,9.825589179992676,51.41801796724535,8.218621369665945,477.34942626953125,1377
frame_001093.png,1763498585.949226,0.05261094230691568,0.000974345588265657,-0.26410956287290915,0.9630562175695321,0.10103613178523731,0.029671158549536964,-0.5338206809791709,0.04188678041100502,0.05612415075302124,-0.031209468841552734,-0.06973195821046829,0.7572603225708008,9.88901138305664,51.41801806961109,8.21862130647953,477.3417053222656,1350
frame_001094.png,1763498586.457286,0.045813242401563814,-0.002179541232711733,-0.26411684337947383,0.963399548195832,0.08956179827420807,0.020001893543820974,-0.5342569255439504,-0.023068487644195557,-0.05838605761528015,-0.05308195948600769,-0.047654055058956146,0.6884678602218628,9.820094108581543,51.41801814054991,8.21862102045982,477.3451232910156,1380
frame_001095.png,1763498586.70923,0.03922217703119734,-0.003945240156329902,-0.2677363451925612,0.9626854654413206,0.0777149895607578,0.013406755565852769,-0.5419967749934579,-0.021090462803840637,-0.007689658552408218,-0.016005754470825195,-0.09505116939544678,0.5159919857978821,9.749979972839355,51.41801809966855,8.218621035415511,477.3472900390625,1322
frame_001096.png,1763498586.953239,0.04279426189804308,-0.006913590732273855,-0.2725972410207218,0.9611511835292504,0.08614360166780191,0.010041352362321686,-0.5522833710827033,-0.03224187344312668,-0.023530930280685425,-0.05234479904174805,-0.25467056035995483,0.713908851146698,9.77839183807373,51.41801803641727,8.218620995641242,477.3514099121094,1354
frame_001097.png,1763498587.205228,0.030605136361259624,-0.00168598330291972,-0.27178591955931375,0.9618694802403854,0.05983380460530502,0.013393098886298877,-0.5503613650072539,-0.16809391975402832,0.09789174795150757,0.07354915142059326,-0.13143934309482574,0.5231276154518127,9.6954927444458,51.418017973679724,8.218620908629722,477.34832763671875,1354
frame_001098.png,1763498587.461232,0.03878505475664302,0.016705212919589173,-0.2658869552921184,0.9630788038339969,0.06596250589035275,0.052826319462453225,-0.5369969934727867,0.08232662081718445,0.05889862775802612,0.02707657217979431,-0.3146783411502838,0.7112253904342651,9.841235160827637,51.41801777420572,8.218620350863715,477.35882568359375,1371
frame_001099.png,1763498587.705267,0.03904177339876145,0.008359396807935385,-0.26398044551278693,0.9637012943862625,0.07094309002921054,0.036732712488615635,-0.533426612279012,-0.014697924256324768,-0.12171804904937744,-0.028434738516807556,-0.11443383991718292,0.5391478538513184,9.824187278747559,51.418017743494886,8.218620089552335,477.3563232421875,1310
frame_001100.png,1763498587.949305,0.03828479158235408,0.0012076348758334858,-0.2651432539780054,0.9634479078919924,0.07321453520092179,0.022630826721739567,-0.5362800328071875,0.023878023028373718,-0.016142502427101135,0.06261605769395828,-0.09636114537715912,0.7498325705528259,9.761420249938965,51.418017665868966,8.218619893538314,477.3464050292969,1365
frame_001101.png,1763498588.205228,0.03142074524507013,0.007775635449275534,-0.2626454283564338,0.964349342938061,0.056574918707630664,0.03150710063857531,-0.5309195872637806,0.030843138694763184,0.04918873310089111,-0.02920050173997879,-0.23592567443847656,0.5877681374549866,9.923311233520508,51.41801758615165,8.218619774629726,477.3398132324219,1370
frame_001102.png,1763498588.449335,0.03558825292437667,0.005296936793795827,-0.26306132009704947,0.9641079610620331,0.06591028966712337,0.028941463551953567,-0.5317869872807813,0.05553311109542847,-0.0301341712474823,0.015189450234174728,-0.2336960732936859,0.6408394575119019,9.859010696411133,51.41801751893939,8.218619597795575,477.3416748046875,1372
frame_001103.png,1763498588.709224,0.03640914256397749,-0.00022272634644531774,-0.2643594791266867,0.963736681115022,0.07036591912064656,0.018822016148384232,-0.5347806727193667,0.012345725670456886,-0.01024143397808075,-0.0336693599820137,-0.18713541328907013,0.6670807003974915,9.826468467712402,51.41801750286276,8.218619508329274,477.3325500488281,1371
frame_001104.png,1763498589.20121,0.03604975094874757,0.010783033293622443,-0.26111009582171946,0.9645753778266861,0.06400822914339856,0.03963838384154245,-0.5274582362112383,-0.01847437024116516,-0.050200194120407104,0.04584755003452301,-0.1218528226017952,0.4627232253551483,9.898637771606445,51.41801757661074,8.218619355582902,477.3321228027344,1350
frame_001105.png,1763498589.458091,0.029334113326038004,0.0008937739403285995,-0.26300652490901627,0.9643475923228106,0.056144174393211,0.017154785300904484,-0.5320274779372538,-0.008937055245041847,-0.06050008535385132,-0.023817121982574463,-0.06605904549360275,0.4477882981300354,9.780616760253906,51.4180174758643,8.218619306772863,477.34381103515625,1347
frame_001106.png,1763498589.70922,0.029083903175636427,-0.002585468143069398,-0.2655851431177844,0.963645149256539,0.05746120903715631,0.01046574855989353,-0.5375558655871452,-0.06494754552841187,0.0011396333575248718,-0.02104892209172249,-0.03344177082180977,0.46103450655937195,9.748055458068848,51.41801739200603,8.21861937511679,477.3458251953125,1337
frame_001107.png,1763498589.96123,0.029895857827850612,0.0037576297379779302,-0.265732093583118,0.9635759297239747,0.055660431542003966,0.023132163853513833,-0.53753293578351,-0.0141792893409729,0.03621411323547363,-0.01633712463080883,-0.0833621621131897,0.43707892298698425,9.829477310180664,51.41801731068969,8.218619423886214,477.3486633300781,1330
frame_001108.png,1763498590.20568,0.025578114064884593,0.004059345564317452,-0.26306285328345475,0.9644310327943832,0.047229182205662454,0.021288829035476166,-0.5320711465909698,-0.019452959299087524,0.004757687449455261,0.013930916786193848,0.028528107330203056,0.3026704788208008,9.822617530822754,51.41801723924166,8.218619506443943,477.3509521484375,1343
frame_001109.png,1763498590.457223,0.02247767524414804,-0.002725169244555359,-0.26004029244958143,0.965332260867181,0.04483009845980419,0.006428859196245909,-0.5261218531241841,-0.023426085710525513,-0.07746672630310059,0.05141831189393997,0.057354483753442764,0.42810267210006714,9.811795234680176,51.41801692365507,8.218619714378958,477.3565368652344,1304
frame_001110.png,1763498590.705207,0.02692669379356286,-0.05177097121091418,-0.26558978106625153,0.9623184441204516,0.07969855946506546,-0.08544133033954457,-0.5419804559806947,0.6280965805053711,-0.7218260765075684,-0.1814337968826294,0.38469192385673523,-0.30219557881355286,8.518671989440918,51.41801679141616,8.218619928003296,477.3531188964844,1306
frame_001111.png,1763498590.957249,0.023237373375437718,-0.03964775334019593,-0.2610145276215151,0.9642403727827429,0.06569331853952123,-0.06437379632207288,-0.5308339460769921,-0.3188600540161133,0.6992125511169434,0.6079463958740234,-0.05026911199092865,1.0943381786346436,9.352663040161133,51.418016722094805,8.21861994547643,477.29852294921875,1320
frame_001112.png,1763498591.20521,0.012360780785770038,-0.004479730269199737,-0.10551509162880324,0.9943307842733456,0.025530047879564866,-0.0063002112679947245,-0.21152251075644146,-0.1794506311416626,-0.03428375720977783,1.6308984756469727,-0.3051150441169739,0.7133632898330688,9.867721557617188,51.41801661013197,8.218619629222363,477.3244934082031,1284
frame_001113.png,1763498591.457209,-0.01963716811036486,-0.012622378121622254,0.12768644074808774,0.9915398277670167,-0.04218644316007466,-0.020017717905948248,0.2565644482824395,-0.11652016639709473,0.01131148636341095,1.5847692489624023,0.06827858090400696,0.5218092799186707,9.817420959472656,51.41801467725107,8.218619951166787,477.3642578125,1287
frame_001114.png,1763498591.705208,-0.04134680449306688,-0.009379854438760049,0.2791883817397725,0.9592999049256947,-0.08466768198230407,0.005090929921146232,0.5662052670006316,-0.24472546577453613,0.0017722994089126587,1.5594673156738281,0.0419045090675354,0.40132227540016174,9.884712219238281,51.41801431147564,8.218620635506557,477.38458251953125,1278
frame_001115.png,1763498591.953202,-0.041838806080792885,-0.009137058679682074,0.4545645682282922,0.8896836976003574,-0.08286781677688444,0.021780415354907715,0.943800937601114,0.2673933506011963,-0.19919264316558838,1.595841407775879,0.2237197905778885,-0.0032980458345264196,9.926358222961426,51.41801461240319,8.218621370307865,477.41497802734375,1275
frame_001116.png,1763498592.205206,-0.014098273302078265,-0.006324367606034302,0.6280955878861793,0.7779827591548534,-0.029886416111808655,0.007869709826923211,1.3582819249725664,0.004567394033074379,-0.027404949069023132,1.611642837524414,0.3305940330028534,0.3070400357246399,9.827608108520508,51.41801579695881,8.218621970930577,477.406494140625,1261
frame_001117.png,1763498592.457212,-0.017080485032434308,-0.004605447825411987,0.7691036426238287,0.6388792012455423,-0.028918907881611805,0.02039008970979758,1.754956845329805,0.05746844410896301,-0.08487319946289062,1.5751008987426758,-0.06207107752561569,-0.198663130402565,9.917348861694336,51.418020117352334,8.218621835260098,477.4176330566406,1273
frame_001118.png,1763498592.709207,-0.009915990557576852,-0.008922440563825622,0.852329420516688,0.522835176807504,-0.025582098381408357,0.007573521792521891,2.0410395214000596,0.01650860160589218,0.0032861530780792236,0.6328921318054199,0.2215149998664856,-0.24335312843322754,9.69166088104248,51.418022953091764,8.218620808029401,477.409423828125,1295
frame_001119.png,1763498592.95321,-0.007995530481821644,0.0010679794124140928,0.8751867086547817,0.4837180541454902,-0.0058664982824651645,0.015028931613848735,2.131716869533861,0.14087951183319092,-0.02067705988883972,0.19147062301635742,0.16756604611873627,-0.08340925723314285,9.663118362426758,51.418025459556084,8.218618715482659,477.41876220703125,1305
frame_001120.png,1763498593.205357,0.005288767403857245,0.007615092578939024,0.8810220279103825,0.47298438202655196,0.018422220593393625,-0.002115403029249418,2.1561771543715964,0.028516914695501328,-0.15712451934814453,0.060084521770477295,0.28647851943969727,0.057359445840120316,9.827010154724121,51.41802761062803,8.218616244588778,477.4183044433594,1239
frame_001121.png,1763498593.709316,0.013891743803602547,-0.007130259597792514,0.8814940211996481,0.47193693375432855,0.0005417556702376892,-0.03122611828026964,2.1584807004247533,0.00715995579957962,-0.023574501276016235,-0.009412549436092377,0.23627206683158875,0.023159591481089592,9.860225677490234,51.41803382760028,8.218608297526682,477.4107360839844,1297
frame_001122.png,1763498593.961251,0.018268138852605573,-0.010193187438346215,0.881021433992781,0.4726135915079174,-0.0006938990263803434,-0.04183632475719762,2.156864115714812,-0.06157548725605011,-0.05909627676010132,-0.010931417346000671,0.3318706154823303,0.046080201864242554,9.877739906311035,51.418035863821466,8.218605678301419,477.41119384765625,1291
frame_001123.png,1763498594.205273,0.018145879581447866,-0.013189113908980196,0.8821869080933247,0.4703647877097641,-0.006206328405792184,-0.04443812856775422,2.162054035787707,-0.002024449408054352,0.009217672049999237,0.03023695945739746,0.3310776650905609,-0.08612098544836044,9.708148002624512,51.41803787982215,8.218603158105346,477.4073791503906,1301
frame_001124.png,1763498594.453227,0.020979520581396082,-0.0036869411404680964,0.8833956757210286,0.4681435103668412,0.013139965585824673,-0.04052956569811386,2.166708507926488,0.06353932619094849,-0.047376714646816254,0.027967095375061035,0.3162189722061157,0.06446484476327896,9.751176834106445,51.41804177612606,8.218598219608968,477.4002380371094,0
frame_001125.png,1763498594.705255,0.019791491382988947,-0.001979910152347835,0.8841917144125437,0.4667005345924005,0.014982893704672122,-0.03685533861245442,2.1699948496451498,-0.02240760624408722,0.038049936294555664,0.012728624045848846,0.3926544487476349,-0.07614777237176895,9.676520347595215,51.4180436136586,8.218595864816782,477.4029541015625,1299
frame_001126.png,1763498595.201232,0.013250287872808613,-0.009500525010651644,0.8813472024425084,0.47218775782793615,-0.004235501370546144,-0.03233390529087289,2.1579767145207542,-0.07349503040313721,-0.0036872997879981995,-0.0656248927116394,0.3133161664009094,-0.041211213916540146,9.86172103881836,51.418047305555184,8.218591576307896,477.3935241699219,1153
frame_001127.png,1763498595.453246,0.01391352420979607,-0.010467530580114511,0.8801440291861719,0.4743873233293117,-0.005228192366461961,-0.034429940068441064,2.152983404466936,0.0844341516494751,0.0073977187275886536,0.0018646325916051865,0.29486918449401855,-0.12178199738264084,9.89918041229248,51.418050919413716,8.218587477866315,477.4021301269531,1325
frame_001128.png,1763498595.709254,0.010109336955104856,-0.0023960160213306004,0.8798860832174227,0.475071090442111,0.0053899765552309934,-0.02006803264172082,2.1513906495560637,0.04154375195503235,-0.013228338211774826,-0.02469794452190399,0.23117119073867798,0.011912437155842781,9.937517166137695,51.41805271891738,8.218585516433565,477.4063720703125,1282
frame_001129.png,1763498595.96123,0.011126925877074922,-0.0012995344647531268,0.8796521665479057,0.4754856134714032,0.008297001894081729,-0.02081297138781705,2.1504065570550503,0.012690410017967224,0.015326788648962975,-0.02035960555076599,0.2632262408733368,-0.026169553399086,9.770466804504395,51.418054494656694,8.218583601959853,477.4080505371094,1075
frame_001130.png,1763498596.201236,0.00962313053287091,-0.0036208274295642553,0.8801505072123714,0.4745833642483457,0.002760785828872005,-0.020377785662115268,2.1525262502418814,0.028314322233200073,0.05593422055244446,0.02237459272146225,0.26991593837738037,-0.022682689130306244,9.767943382263184,51.4180562326546,8.218581662519416,477.41192626953125,1306
frame_001131.png,1763498596.709232,0.030050641620799463,-0.010966861679588946,0.8814736671091287,0.4711484490861284,0.009000805533673484,-0.06335411096629147,2.1595756898840723,-0.08743512630462646,-0.38883161544799805,-0.003255873918533325,0.06621519476175308,-0.11173371970653534,9.730876922607422,51.418061595687966,8.218576162224752,477.42034912109375,1288
frame_001132.png,1763498596.953234,0.060736872965780994,-0.043274636830132565,0.8780483696722481,0.47272550024878685,-0.018777395704145786,-0.14811483687244317,2.1552263239011333,-0.09786850214004517,-0.18992245197296143,-0.05183796584606171,0.40642520785331726,-0.1663282811641693,9.948956489562988,51.41806334399089,8.218574442047512,477.3972473144531,1241
frame_001133.png,1763498597.461335,0.07306252062594752,-0.015233112276281276,0.8819654460428309,0.4653673520527966,0.0415710863276675,-0.14354770507634643,2.167562120493578,0.04522824287414551,0.09039384126663208,0.08318361639976501,0.4805717468261719,0.17130999267101288,10.168606758117676,51.41806684426549,8.21857094079856,477.3594665527344,1293
frame_001134.png,1763498597.709299,0.046754595955906565,-0.01758893741865582,0.882715498630001,0.4672451021850002,0.0127023708426596,-0.09914103150124243,2.1672965019087087,-0.1900392770767212,0.1730889081954956,-0.039923861622810364,0.36186107993125916,0.0369211882352829,9.903759956359863,51.41806720766191,8.218570633645665,477.37335205078125,950
frame_001135.png,1763498597.953321,0.025959859144626323,-0.022984176302920566,0.8813791456992354,0.4711354527939427,-0.016091631924118065,-0.0674694541771437,2.1603377416150003,-0.06505811214447021,0.1921689510345459,-0.011289834976196289,0.3736020028591156,-0.0848575234413147,9.883964538574219,51.41806732657182,8.218570787373142,477.39959716796875,0
frame_001136.png,1763498598.201273,0.004990128207214299,-0.00956230390230175,0.8876245279392809,0.46044148202038054,-0.012382395302200365,-0.01766540193131648,2.1846567326062187,-0.1448439359664917,0.235695481300354,-0.020005732774734497,0.1635604053735733,0.4588177502155304,10.877520561218262,51.41806730472896,8.218571103262583,477.4179992675781,1279
frame_001137.png,1763498599.209252,0.01573509869472283,-0.0038302488458741247,0.8818904316042508,0.4711761905144552,0.008076348866103294,-0.031367853851370045,2.160078256666709,-0.0045357346534729,0.01409158669412136,-0.05450623482465744,0.289038747549057,-0.09753727912902832,9.791794776916504,51.41806666766713,8.21857107654039,477.42901611328125,1304
frame_001138.png,1763498599.705261,0.013111847238878266,-0.010321353073884302,0.8804027353639738,0.4739330888388582,-0.005748756631479773,-0.03287659607362278,2.1540332421907147,-0.02832445502281189,0.03764055669307709,-0.01022578775882721,0.28663039207458496,-0.0867905393242836,9.857739448547363,51.41806649983055,8.218570758386436,477.4356994628906,1299
frame_001139.png,1763498599.953259,0.01744907479892445,-0.005938962572622524,0.8807450051015504,0.4732319669051241,0.006057538685241672,-0.036365399485163256,2.155388026181795,0.08529824018478394,0.08250385522842407,0.022232860326766968,0.4489617943763733,-0.0673578530550003,9.792093276977539,51.418066408556165,8.218570725575004,477.4415588378906,1300
frame_001140.png,1763498600.46126,0.009566777448174345,-0.007867402151458038,0.881881121132139,0.4713091012736396,-0.004859861240493812,-0.024291866331349693,2.160020717419111,0.008265599608421326,-0.035916104912757874,-0.022361330687999725,0.35959410667419434,-0.11600586771965027,9.822654724121094,51.418066313026856,8.218570765008964,477.43682861328125,1291
frame_001141.png,1763498600.961319,0.013436101329266186,-0.01368730278151324,0.8817606223634488,0.47130704829533404,-0.011480733511546309,-0.03660486871638089,2.1600618459582632,-0.09191727638244629,-0.014834105968475342,-0.0354507751762867,0.48286503553390503,-0.08805166929960251,9.936564445495605,51.41806628324297,8.218570952960556,477.4350280761719,1303
frame_001142.png,1763498601.201341,0.010970143799485126,-0.015859261342420525,0.8829064781856861,0.46915273691244735,-0.017722469431763546,-0.03425875475757689,2.1650363912508284,0.052927643060684204,0.032155364751815796,0.042914628982543945,0.5227596163749695,-0.16323724389076233,9.627192497253418,51.418066350331685,8.21857105160373,477.43182373046875,1308
frame_001143.png,1763498601.457498,0.007212478768409563,-0.0071418753476862945,0.8828870988282986,0.46947560585091463,-0.005839910484406733,-0.01944270635030307,2.1642011028778305,0.0270908921957016,0.022501394152641296,-0.052490949630737305,0.33889269828796387,-0.16707903146743774,9.9009370803833,51.418066462229355,8.21857114034085,477.43572998046875,1292
frame_001144.png,1763498601.701485,0.009960572011542337,-0.014539160379603198,0.8805436439830511,0.47363729884977274,-0.016177972765663382,-0.031319133893309176,2.1548466838740192,0.004586577415466309,-0.08974802494049072,0.020713835954666138,0.40386906266212463,-0.16304214298725128,9.963891983032227,51.41806651073256,8.218571120938032,477.43658447265625,1303
frame_001145.png,1763498601.957265,0.009408751682713063,-0.01728006894870905,0.879599877839794,0.47530719488886386,-0.021468323974839713,-0.03298453661925036,2.1511112456171357,0.032380130141973495,0.06731536984443665,0.03378056734800339,0.3965628147125244,-0.16698907315731049,10.047706604003906,51.418066566810076,8.218571108548534,477.4361877441406,1292
frame_001146.png,1763498602.461236,0.017768269387361237,-0.018411235731837932,0.8789810324455316,0.47616978022843076,-0.015463844890983533,-0.048789045386863704,2.1490276129055528,-0.11680907011032104,0.09593707323074341,-0.024930216372013092,0.5644153952598572,-0.11578930914402008,9.74413013458252,51.41806689393872,8.218570882160115,477.4365234375,1305
frame_001147.png,1763498602.701505,0.017064700570515897,-0.02130096836610359,0.8779319060566614,0.478006938306153,-0.021115834582187087,-0.050348580947832754,2.144950262300625,0.12320917844772339,-0.11525386571884155,-0.027669504284858704,0.40833762288093567,-0.12000683695077896,9.891460418701172,51.41806698447357,8.218570762999502,477.4397277832031,1301
frame_001148.png,1763498603.205286,0.013869211324139968,-0.009853379281745279,0.8811020526977678,0.47262006794650224,-0.0042563684980499485,-0.033760603607350476,2.156986269014233,0.04857170581817627,0.0896681547164917,0.011152053251862526,0.39259660243988037,-0.23046571016311646,9.910507202148438,51.41806704974589,8.218570425043584,477.41986083984375,1289
frame_001149.png,1763498603.705431,0.01956332639589712,0.0005948724340903823,0.8815611896755576,0.47166385407929035,0.019515936822508583,-0.03393789339266732,2.1587029579957915,-0.007689900696277618,0.0011746445670723915,0.02979220822453499,0.45450514554977417,0.0737810805439949,9.735812187194824,51.41806679179959,8.218569916464398,477.4380798339844,1309
frame_001150.png,1763498604.209227,0.019556543761676308,-0.0051427797700851945,0.881168473609024,0.4723697857927377,0.009419955328102322,-0.03933394905239146,2.1572331339586954,0.016494207084178925,-0.04397965967655182,-0.05010586231946945,0.3757936656475067,-0.0557468943297863,9.750129699707031,51.4180666659199,8.218569696045721,477.437744140625,1298
frame_001151.png,1763498604.453422,0.02347071027452883,-0.005424427578944806,0.8808913483440648,0.47270512347257815,0.012646791672176094,-0.046495351259034035,2.1562711446173255,0.018691156059503555,-0.018697232007980347,0.04392455518245697,0.40794041752815247,0.029397504404187202,9.784822463989258,51.41806661353239,8.218569622384877,477.4339294433594,1297
frame_001152.png,1763498604.705411,0.015212165666155002,-0.00956348347332922,0.8820292379114975,0.4708519441064928,-0.002546827610062302,-0.03584879728891035,2.160953501601958,-0.032113395631313324,0.05253279209136963,-0.055575884878635406,0.3722555935382843,-0.05546388775110245,9.82919692993164,51.41806663216351,8.218569720728548,477.4287109375,1298
frame_001153.png,1763498605.209248,0.01661046037189764,-0.004285194910364077,0.8821027733531969,0.47074454532518206,0.00808318393601313,-0.0333449095102938,2.1610318527901526,-0.0203570406883955,0.008433682844042778,-0.043664176017045975,0.3473239541053772,0.07566425949335098,9.866189002990723,51.418066513853596,8.218569857992787,477.42474365234375,1291
frame_001154.png,1763498605.45336,0.012930194922083388,-0.009720165366500954,0.8816688129218289,0.4715913832604853,-0.004946944917860828,-0.03197363924629888,2.159342630859451,-0.008034497499465942,0.05526289343833923,-0.0017434656620025635,0.36228516697883606,-0.11788084357976913,9.7578125,51.41806634598663,8.218569948999308,477.4259948730469,1308
frame_001155.png,1763498605.955219,0.015407437460210527,0.004295448207588189,0.8808149358635883,0.47319045716838853,0.02215600717795159,-0.023079120652746598,2.15538183610371,-0.07988095283508301,-0.025543421506881714,-0.033534932881593704,0.3886975646018982,0.11409329622983932,9.826094627380371,51.41806615537703,8.21856986889911,477.423583984375,1292
frame_001156.png,1763498606.213401,0.0163632724889851,-0.0030096892531085474,0.8798463548983304,0.47496692185474576,0.010253215461978046,-0.03165862513020437,2.1514280117221234,-0.008802641183137894,-0.001124279573559761,-0.03749287128448486,0.3482690751552582,0.1887402981519699,9.922245979309082,51.41806609491736,8.218569778070034,477.42523193359375,1288
frame_001157.png,1763498606.453234,0.020500567197154745,-0.00541116726541843,0.8802707374192063,0.473997758282534,0.009916452584750608,-0.04123354436969245,2.153495184030239,0.03165513277053833,-0.01146593689918518,0.06870132684707642,0.47062236070632935,0.01349092647433281,9.907198905944824,51.41806608377589,8.218569584992027,477.4280090332031,1321
frame_001158.png,1763498606.953215,0.017433773494478104,-0.006426440716999372,0.8844625834977932,0.4662410350814944,0.004892127352367035,-0.03683991392937281,2.171246658395677,0.06194755434989929,0.17235088348388672,-0.053499817848205566,0.38892245292663574,0.014986397698521614,9.714895248413086,51.41806611796945,8.218569489498643,477.4394836425781,1289
frame_001159.png,1763498607.209276,0.011067032121855442,0.012005965616369005,0.8820680055572907,0.4708390501666316,0.03160806809863503,-0.00821808751183694,2.160837226630973,0.09904837608337402,-0.022764593362808228,0.01251932978630066,0.1418938785791397,0.03939349949359894,9.88988971710205,51.41806608148056,8.21856948865493,477.4347839355469,1309
frame_001160.png,1763498607.462294,0.026298453127433896,0.002739537226547413,0.880823059615015,0.4727066997085321,0.029721820153046228,-0.043752530483111854,2.15584747505154,-0.10301071405410767,-0.09054136276245117,0.010788336396217346,0.5681602358818054,0.009580534882843494,9.82871150970459,51.41806600976712,8.2185695795567,477.4125061035156,1295
frame_001161.png,1763498607.701242,0.008930478160176522,-0.006104819234878922,0.8799223871618539,0.4749942845059555,-0.002260207201924403,-0.02151742419924526,2.1516387264249226,-0.10445046424865723,0.10978257656097412,-0.018059000372886658,0.29278650879859924,0.029455387964844704,9.962209701538086,51.41806606179043,8.218569787201867,477.4088439941406,1314
frame_001162.png,1763498607.961208,0.003135932391748268,-0.008866952996362976,0.877803921223514,0.47892778052355395,-0.01256468367948933,-0.013999184986432631,2.1427665501911357,0.06740278005599976,-0.08169436454772949,-0.013676255941390991,0.38235339522361755,-0.166209414601326,9.88476848602295,51.418066126292686,8.218570019912356,477.4208068847656,1319
frame_001163.png,1763498608.205262,0.014227061185469597,-0.011778282778357829,0.8772710022310766,0.4796399185110642,-0.0070224348077867855,-0.036268596463365645,2.1410448883726922,-0.02844107151031494,-0.08917009830474854,0.01636175811290741,0.49425840377807617,-0.1385250836610794,9.777009010314941,51.418066231274594,8.218570274217138,477.4153137207031,1316
frame_001164.png,1763498608.453271,0.02232862813252442,-0.018051843457620943,0.8762505436819575,0.4809995301562932,-0.010172178355565942,-0.056526900026075765,2.1378387422594853,-6.408989429473877e-05,0.00779116153717041,-0.03878703713417053,0.5761831998825073,-0.12256881594657898,9.823813438415527,51.41806651009267,8.218570589604584,477.4050598144531,1316
frame_001165.png,1763498608.961289,0.004567415647109037,-0.004162104759742281,0.8752110617023132,0.4837017811339805,-0.0028671171866458487,-0.012021629924662273,2.1318302345723583,0.11772036552429199,0.06144154071807861,0.031312085688114166,0.3161976635456085,-0.22532203793525696,10.007649421691895,51.41806671619738,8.218571079117996,477.4046936035156,972
frame_001166.png,1763498609.201328,0.009643833041039492,-0.0064856974829700645,0.8752592373253266,0.4835144255232966,-0.0020280135386251882,-0.023155633712133222,2.132211070795706,-0.06684267520904541,-0.06812283396720886,-0.005193116143345833,0.5000190734863281,-0.22383281588554382,9.847627639770508,51.418066862904475,8.218571365682282,477.4042663574219,1321
frame_001167.png,1763498609.457244,0.014007129231557927,-0.026855961691584197,0.874551711494578,0.48398539396785006,-0.03346429129216173,-0.05051718787135489,2.1315236779152102,-0.12383604049682617,-0.18987953662872314,0.019154762849211693,0.44154515862464905,-0.26807886362075806,9.817683219909668,51.41806731879879,8.218571970572638,477.3973083496094,1341
frame_001168.png,1763498609.709255,0.018865120057726243,-0.0386143307726403,0.8762843028751274,0.47987379719968115,-0.04971130156603766,-0.07018002289809473,2.141304615048143,0.07200396060943604,0.04271215200424194,0.03466898202896118,0.6059624552726746,-0.2504671812057495,9.71893310546875,51.41806756890596,8.21857225744103,477.3973388671875,1349
frame_001169.png,1763498609.957377,0.023034454264421033,-0.025378089054321852,0.883749390985375,0.46670373948112964,-0.023405931279483063,-0.06444606931637502,2.1706066300410565,0.4615449905395508,-0.6238021850585938,0.7235026359558105,-1.1349653005599976,-0.2711353003978729,9.362009048461914,51.41806776586362,8.218572514613813,477.3999328613281,1346
frame_001170.png,1763498610.205354,0.04265500384448746,-0.02733917985017119,0.9332858262721074,0.35554280525941817,-0.02080299018303316,-0.09922184437413727,2.4146576733604395,-0.3623783588409424,0.3271617889404297,1.5195932388305664,0.641013503074646,0.36629518866539,9.55371379852295,51.41806788193892,8.218572722054288,477.39678955078125,1316
frame_001171.png,1763498610.961271,-0.08825529544684459,-0.012094172902199139,0.9935880875109957,-0.06962360349510638,-0.011932770864989964,0.17800139294497583,-3.0027404028934166,0.31470298767089844,0.37042737007141113,0.3168675899505615,-0.5074041485786438,-0.5156666040420532,9.950732231140137,51.41807030675574,8.218571199022945,477.4393615722656,1356
frame_001172.png,1763498611.205254,-0.09307858341462494,0.004542808480797073,0.9915345508553439,-0.09041556647350531,0.02629088868894186,0.1848100094355661,-2.957284132540666,-0.0656878650188446,-0.5782136917114258,0.05873292684555054,-1.403882622718811,-0.24298951029777527,10.684263229370117,51.41806966723647,8.21857008625615,477.46258544921875,1352
frame_001173.png,1763498611.457282,-0.020849004584188,-0.004477722110755507,0.9948381952056643,-0.09920803582615706,-0.004776748351964493,0.042383912791847056,-2.942905547498566,-0.12244606018066406,-0.1741929054260254,0.09849873185157776,-0.060334909707307816,-0.44194528460502625,9.537489891052246,51.418068345240165,8.218566055761432,477.4169921875,1369
frame_001174.png,1763498611.709255,-0.02752992107237504,-0.010717222623726824,0.9943123874232745,-0.1023236082319729,-0.0157047364921193,0.05697074587246098,-2.93694428228422,0.10590481758117676,0.22271299362182617,0.008042186498641968,0.03359568864107132,-0.37179064750671387,9.445655822753906,51.418067789791415,8.21856331360959,477.4232482910156,1371
frame_001175.png,1763498611.953266,-0.037249893732280596,-0.008925046136022597,0.9940464831015186,-0.10200185489443916,-0.010174210318715482,0.07594999152287824,-2.937469467397843,-0.005052432417869568,-0.035852909088134766,-0.009232372045516968,-0.5569391846656799,-0.3667192757129669,9.785663604736328,51.41806723701222,8.218560560148209,477.4470520019531,1369
frame_001176.png,1763498612.453278,-0.03955469472735168,-0.016695203761078865,0.9940637319744511,-0.09996996083538713,-0.025371740725638227,0.08206991153559061,-2.9421745009074916,-0.0308922678232193,0.10252416133880615,-0.006195724010467529,-0.3069106638431549,-0.5729150176048279,9.766448020935059,51.4180659227281,8.21855176486801,477.4464111328125,1376
frame_001177.png,1763498612.701253,-0.04099082643941439,-0.023198630258450034,0.9938425626002579,-0.1002922552647909,-0.03803994733756299,0.08623699028097946,-2.9420877952501163,-0.03180387616157532,-0.03232894837856293,0.046601779758930206,-0.4495792090892792,-0.508036196231842,9.754335403442383,51.4180656131056,8.21854862966496,477.45562744140625,1383
frame_001178.png,1763498612.953228,-0.04228638667649173,-0.023203491576510776,0.9936702920461528,-0.10145348779326654,-0.03769064064637519,0.08886250766457333,-2.9397742425441855,0.011840775609016418,0.018013715744018555,-0.0024101287126541138,-0.5574789047241211,-0.413718581199646,9.938714027404785,51.41806529074338,8.218545285153636,477.4503173828125,1371
frame_001179.png,1763498613.209234,-0.043017270765375634,-0.01833185429049247,0.9937195725228405,-0.10166055635886376,-0.02780157034234356,0.08934026101925165,-2.9389386811077385,0.015476115047931671,-0.04012016952037811,0.04792391508817673,-0.5759203433990479,-0.37670662999153137,9.83342170715332,51.41806493369765,8.218541855951688,477.445556640625,1354
frame_001180.png,1763498613.709225,-0.03828061111162681,-0.013384779581674446,0.9945496368341095,-0.09605447601028923,-0.019330788168490615,0.07879678709645972,-2.94979017636691,0.0533137321472168,0.06852121651172638,-0.04501122236251831,-0.7002835869789124,-0.3962392210960388,9.821795463562012,51.41806366892243,8.218531096728832,477.4371643066406,1386
frame_001181.png,1763498614.209259,-0.03521311565617816,-0.027810108791702818,0.9944210267358445,-0.09546442227556366,-0.04874450821645183,0.07541454171862018,-2.952018487691506,-0.026799824088811874,-0.08702176809310913,0.038977496325969696,-0.8778951168060303,-1.0871931314468384,9.963536262512207,51.41806273118951,8.21852377974695,477.4286804199219,1380
frame_001182.png,1763498614.453316,-0.029526404899507176,-0.035334891165382125,0.9939308615812784,-0.09990535159008508,-0.06452550039679737,0.06580217572217163,-2.943359281601406,-0.07932782173156738,-0.006339689716696739,0.05331072211265564,-0.9397750496864319,-0.7199674248695374,10.08890438079834,51.41806230878847,8.218516336291906,477.42254638671875,1392
frame_001183.png,1763498614.709216,-0.04109090222386816,-0.048659212687742856,0.9929182451482037,-0.10028547864396485,-0.08887574662555774,0.0914870069562038,-2.9443448804479817,-0.029975831508636475,0.1456282138824463,0.032573625445365906,-0.7262923121452332,-0.5893878936767578,9.813047409057617,51.418062241008776,8.218512777032375,477.4410705566406,1400
frame_001184.png,1763498614.953201,-0.045963622205811,-0.04655860852628759,0.9928259741999207,-0.10008109891380988,-0.08377132649733433,0.10075742543329004,-2.944889190386274,0.13441526889801025,-0.10996758937835693,0.002282969653606415,-0.8417680859565735,-0.6619859337806702,9.59807014465332,51.418062079129925,8.218509381938594,477.4801940917969,1399
frame_001185.png,1763498615.201247,-0.04117861688316644,-0.03282547733030134,0.9933886204207174,-0.10200910924153359,-0.0570705610315859,0.08862570735638785,-2.9394652698411323,0.10114216804504395,0.10116851329803467,-0.025226004421710968,-0.8452869057655334,-0.4508613646030426,9.647006034851074,51.41806185964727,8.218506009899976,477.4903564453125,1404
frame_001186.png,1763498615.457229,-0.0471720253141847,-0.026155492944105248,0.9935315689523425,-0.09992853302088173,-0.04276786053624247,0.09912339494812997,-2.943230345601387,0.07815772294998169,0.06082707643508911,-0.06603863835334778,-0.7977145314216614,-0.28432077169418335,9.686240196228027,51.41806124337682,8.218499214016258,477.478515625,1364
frame_001187.png,1763498615.705252,-0.04708283094571488,-0.021136597413467496,0.9937308442542531,-0.09917388999957406,-0.03283256506167922,0.09792414621159946,-2.9442612697832993,-0.03914043307304382,-0.040289461612701416,0.03792402148246765,-0.6435065865516663,-0.3655206263065338,9.8834228515625,51.41806078706852,8.218495797523104,477.4743957519531,1411
frame_001188.png,1763498615.953221,-0.04009745436490993,-0.029279423400390425,0.9935939823931351,-0.10151801648448884,-0.05024809790597375,0.08573093556409464,-2.9401099110113167,-0.13464343547821045,-0.09454143047332764,-0.052417248487472534,-0.7716554999351501,-0.4181176424026489,9.966639518737793,51.41806040433095,8.218492293375565,477.458740234375,1412
frame_001189.png,1763498616.205206,-0.034855402028310986,-0.029851635489114393,0.9940536608337727,-0.09874867184445893,-0.05263765386002357,0.07526293315932416,-2.945545822139883,0.10042619705200195,0.025545701384544373,-0.03913283348083496,-0.5895590782165527,-0.5768812298774719,9.758036613464355,51.41806002053204,8.218488762438128,477.4443054199219,1411
frame_001190.png,1763498616.457211,-0.035479944232410236,-0.024095849447750787,0.9944024316951052,-0.09656276422885729,-0.04119818401322916,0.0752873128129137,-2.9495388299454226,-0.02977902442216873,-0.005705773830413818,-0.045912809669971466,-0.7431396842002869,-0.47955071926116943,9.855945587158203,51.41805905459854,8.218481441856197,477.4368591308594,1409
frame_001191.png,1763498616.709211,-0.03331584406940284,-0.030744161934258878,0.9943617371941822,-0.09586233173187109,-0.05492485429568894,0.07221316105865236,-2.951359403828427,-0.05190873146057129,-0.020598798990249634,-0.041158005595207214,-0.7414025068283081,-0.5738799571990967,9.74807357788086,51.418058627912046,8.218477735110707,477.44171142578125,1431
frame_001192.png,1763498617.205225,-0.03107379438439575,-0.030724454958153454,0.9944231654344402,-0.09598434881494293,-0.05529599507672074,0.0677509553049384,-2.951017927274043,-0.015190333127975464,-0.03248903155326843,0.04781065136194229,-0.5914849042892456,-0.5963547825813293,9.762129783630371,51.41805781364384,8.218470403515953,477.4346618652344,1431
frame_001193.png,1763498617.457204,-0.030509478925972455,-0.028226279598142792,0.9946919666608971,-0.09412938062045177,-0.050540925650068326,0.0660569412659271,-2.9545614726892104,0.11147284507751465,-0.04862445592880249,-0.058175742626190186,-0.7535967230796814,-0.5168494582176208,10.01965045928955,51.41805703215754,8.21846314751964,477.4244079589844,1419
frame_001194.png,1763498617.713199,-0.030922817834625242,-0.031389516635655736,0.9945148178674004,-0.09486176587391706,-0.056727476324152315,0.06751300681166825,-2.953314298472175,-0.08285754919052124,0.003104090690612793,0.023289307951927185,-0.7283449769020081,-0.8203458786010742,9.582051277160645,51.41805658319189,8.218459550794831,477.4145812988281,1431
frame_001195.png,1763498617.96121,-0.041594807802524385,-0.034007520634600136,0.9940086775928914,-0.0951846068132324,-0.05996380036865036,0.08928375973690807,-2.953337660694881,-0.01881856471300125,0.08151990175247192,-0.00702996551990509,-0.7055161595344543,-0.796171247959137,9.651118278503418,51.418056175534616,8.218456073699203,477.423828125,1441
frame_001196.png,1763498618.213199,-0.041650040354245944,-0.040891173973744435,0.9937343156440268,-0.09531681877316521,-0.0736993724787991,0.09069767835746392,-2.953688104086147,0.014787565916776657,-0.056351423263549805,-0.06082223355770111,-0.6486608982086182,-0.6338971257209778,9.988191604614258,51.418055860413716,8.218452703514407,477.4214172363281,1445
frame_001197.png,1763498619.70556,-0.028068226040957073,-0.0393222617938968,0.9942443731693014,-0.09562458279913716,-0.07303525792212684,0.06337611822194601,-2.9521423495185686,-0.05509054660797119,-0.07095056772232056,-0.06703099608421326,-0.6031656861305237,-0.9798904657363892,9.682053565979004,51.41805266987823,8.218425358185614,477.45635986328125,1460
frame_001198.png,1763498619.961448,-0.027821390259789847,-0.036573984918696144,0.9945268907207567,-0.09383271020536257,-0.06770924719766058,0.062242094431210114,-2.9555600786274963,0.009291470050811768,0.01563122868537903,-0.018238157033920288,-0.8359770774841309,-0.638263463973999,9.865272521972656,51.41805222569958,8.21842170347469,477.4716796875,1471
frame_001199.png,1763498620.461604,-0.028942258293063496,-0.04091865575001543,0.9945333720791807,-0.09160448197180841,-0.07632310269782058,0.0651107434243734,-2.960381780348113,0.012942835688591003,-0.09847897291183472,-0.04247236251831055,-0.5182799696922302,-0.8309909701347351,9.923161506652832,51.41805100477031,8.218411096347927,477.4621887207031,1455
frame_001200.png,1763498620.717047,-0.02490619361296825,-0.03585548525790779,0.9947872666469875,-0.09215400052981254,-0.06690215819978038,0.05619074612394824,-2.958726975759667,0.03235018253326416,-0.0642065703868866,-0.0016608387231826782,-0.41765502095222473,-0.7184919118881226,9.803215026855469,51.41805065396405,8.218407565371017,477.4473571777344,1474
frame_001201.png,1763498620.953241,-0.021794806251882473,-0.04131088790790731,0.994110470925648,-0.09778940922558864,-0.0780549273991669,0.05143510105012558,-2.947494899527821,-0.08637925982475281,0.05853307247161865,0.062069982290267944,-0.7451841235160828,-0.3706440031528473,9.657697677612305,51.41805026390333,8.218403940505299,477.4472351074219,1445
frame_001202.png,1763498621.213241,-0.042930396192526775,-0.02993748855163938,0.9942147970078153,-0.09379587023255238,-0.051712617242572465,0.09110607845514943,-2.955823975769804,0.20541274547576904,0.18199145793914795,-0.04196961969137192,-0.6887032985687256,-0.2534053325653076,10.191710472106934,51.41804985745355,8.218400417272115,477.4559631347656,1471
frame_001203.png,1763498621.461236,-0.03865750044014719,-0.019804614482208875,0.9943826523099197,-0.09652209949032692,-0.03203407579472899,0.08079172490597743,-2.949359084685165,0.013927698135375977,-0.09560495615005493,0.0725896954536438,-0.49489742517471313,-0.28701475262641907,9.861740112304688,51.41804866405653,8.218393870937055,477.4591064453125,1461
frame_001204.png,1763498621.705347,-0.026344932627335723,-0.01539690079277014,0.9944713148588585,-0.10047728048535146,-0.025371230227291795,0.05552115753261812,-2.9409088587997885,-0.018333733081817627,-0.0797586441040039,0.026257753372192383,-0.39730873703956604,-0.04459112137556076,9.708203315734863,51.418047985916814,8.218390371285453,477.4555358886719,1462
frame_001205.png,1763498621.961417,-0.023255641185515104,-0.006279584733430197,0.9945402366826758,-0.10153550899952975,-0.007776921280531197,0.0475504603817364,-2.938296766556252,0.07353794574737549,0.008256868459284306,0.05204033851623535,-0.5019530653953552,0.14676153659820557,9.97744369506836,51.41804726239027,8.218386889574257,477.4532165527344,1463
frame_001206.png,1763498622.217329,-0.019990870690063445,-0.005249614397044416,0.9943994814950456,-0.10364592534258188,-0.006301783897417382,0.04085739162007589,-2.93401208384324,-0.05753004550933838,0.04439501464366913,-0.0003865063190460205,-0.49560481309890747,-0.06560394167900085,9.943535804748535,51.41804646703846,8.218383424851321,477.4599304199219,1467
frame_001207.png,1763498622.709505,-0.032866278529704564,0.012675871006187006,0.9945291167654736,-0.09834106942437322,0.03174539752315655,0.06292133485961389,-2.943470227066701,0.15938138961791992,0.07052391767501831,-0.03809928894042969,-0.7823835611343384,0.15032958984375,9.65743637084961,51.418043912851154,8.218373586907434,477.4724426269531,1456
frame_001208.png,1763498622.953274,-0.029876247784974663,0.008274185432914128,0.9947811215252298,-0.09720837376851028,0.022309636370376976,0.057864299883773895,-2.9461288000758366,-0.2904806137084961,-0.188820481300354,0.07401961088180542,-0.8554436564445496,0.19461601972579956,10.027425765991211,51.41804316868795,8.218370504012306,477.4691162109375,1460
frame_001209.png,1763498623.213481,-0.04288207278657224,-3.0494562102043872e-05,0.9945753079244275,-0.09476858008137082,0.008096689305346912,0.08540848038388793,-2.951249359493726,0.2032489776611328,0.489926815032959,-0.055781275033950806,-0.2919231653213501,-0.4759320616722107,9.987350463867188,51.41804209444512,8.218364263888613,477.4938049316406,1467
frame_001210.png,1763498623.465357,-0.06303304096602179,-0.002181787032668887,0.9936479512522324,-0.09319777102571283,0.007472533775225059,0.1260051517028474,-2.954081331079285,-0.3315908908843994,-0.26291024684906006,0.05340909957885742,-0.605246365070343,-0.18981947004795074,9.867328643798828,51.418041732587014,8.218360928088735,477.5387878417969,1461
frame_001211.png,1763498623.709497,-0.002470218652516925,-0.04830061831617275,0.9935188827082336,-0.10286485304644816,-0.09562313630866418,0.014845835089757252,-2.935966439547778,-0.1657717227935791,-0.2711191177368164,0.09723234176635742,-0.3064310848712921,-0.5420252680778503,9.374363899230957,51.41804163447077,8.218357118766496,477.5469665527344,1459
frame_001212.png,1763498623.957221,-0.016776535413621393,-0.029885029396628463,0.9938698197611721,-0.10511048589638196,-0.055949994163644365,0.039640224989367104,-2.9319677629437173,0.25894296169281006,0.2913939952850342,0.076022207736969,-0.46034640073776245,-0.15202641487121582,9.238043785095215,51.41804143741355,8.218353304648646,477.5531005859375,1466
frame_001213.png,1763498624.461233,-0.034396747513762,-0.005809206336043541,0.9942648528845821,-0.1010965835259536,-0.004608174730631128,0.06962978683529049,-2.93909020153014,-0.11493057012557983,-0.2551238536834717,-0.014444448053836823,-0.7004179358482361,-0.47229820489883423,10.257039070129395,51.418040154119765,8.218342875294253,477.4892883300781,1453
frame_001214.png,1763498624.713239,-0.02072409174777567,-0.022297852361969506,0.9940932232635287,-0.10417284321166269,-0.04006735684527173,0.045865098353257756,-2.933690287411127,-0.13193273544311523,0.06302505731582642,0.011869847774505615,-0.6210662126541138,-0.2917981445789337,10.095314979553223,51.41803985047413,8.218339370197247,477.46417236328125,1435
frame_001215.png,1763498624.961224,-0.03539161310318451,-0.024362704799184478,0.9932823912646219,-0.10744293155185543,-0.04092125164296616,0.07561496875965434,-2.927639487107711,0.18589305877685547,0.15555095672607422,-0.024935126304626465,-0.8597732186317444,-0.40930142998695374,9.896283149719238,51.41803948932754,8.218335875434606,477.4755859375,1462
frame_001216.png,1763498625.21326,-0.045772862019159984,-0.018620026022762824,0.9932181394758021,-0.10524194577122159,-0.027480365757383468,0.09498686137435558,-2.9317655678064765,-0.06351760029792786,0.13359153270721436,-0.06004304438829422,-0.7149088978767395,-0.4127752184867859,9.745400428771973,51.41803914906153,8.218332544214606,477.4808044433594,1463
frame_001217.png,1763498625.457417,-0.05393269503099669,-0.019864943100034043,0.9935775546955385,-0.09746943750509714,-0.02914549903256765,0.11127457221891109,-2.947642832578076,0.037188440561294556,0.028455734252929688,-0.12755924463272095,-0.7640420198440552,-0.35289010405540466,9.766654014587402,51.41803831141943,8.218326064287586,477.49884033203125,1465
frame_001218.png,1763498625.70941,-0.04411666087598688,-0.019535206263723574,0.9943331320492845,-0.09472971264839343,-0.030623734556226013,0.09156232840661321,-2.9530298920636966,-0.025938212871551514,-0.173567533493042,-0.0006229802966117859,-0.7032637596130371,-0.415645033121109,9.652501106262207,51.418037932611846,8.218322661208465,477.5013732910156,1462
frame_001219.png,1763498625.953283,-0.02891543234976082,-0.01830127137580504,0.9946873361843264,-0.09708792135268127,-0.03085590093145093,0.061115331591761926,-2.947939375834483,-0.016618452966213226,-0.04647672176361084,-0.04197189211845398,-0.34970661997795105,-0.19629187881946564,9.853571891784668,51.41803763862627,8.21831905274153,477.4867858886719,1467
frame_001220.png,1763498626.209237,-0.024089064401346387,-0.022604982613637484,0.9943410809382994,-0.1009680469047469,-0.04015576522628405,0.05249436065584997,-2.9402553873909607,-0.029717683792114258,-0.06714016199111938,0.057747483253479004,-0.5038871169090271,-0.37786611914634705,10.017724990844727,51.41803736521987,8.218315386940354,477.48114013671875,1476
frame_001221.png,1763498626.453276,-0.016515483112485012,-0.02646574965868374,0.9938246608052873,-0.10648636761492432,-0.049143411341649255,0.03847296227682804,-2.9290567072313634,-0.0595601350069046,-0.024712979793548584,0.0518549382686615,-0.7855284810066223,-0.30990663170814514,9.877889633178711,51.41803669975051,8.218308114144191,477.4771423339844,1469
frame_001222.png,1763498626.961239,-0.02849968190662211,-0.009991352542712207,0.9936130479812494,-0.1087246608962294,-0.013681945247453324,0.058841873919708826,-2.924015458300187,-0.08749902248382568,-0.007257416844367981,-0.04026179015636444,-0.6886746287345886,-0.30091986060142517,9.908862113952637,51.41803581937904,8.21830147064689,477.48175048828125,1198
frame_001223.png,1763498627.709226,-0.049736954082613444,-0.014914426495777174,0.9932620242491533,-0.10360669121905466,-0.01942401662771121,0.1020712708498352,-2.934717534306723,-0.0764119029045105,-0.17569279670715332,-0.014984458684921265,-0.6303812861442566,-0.5345642566680908,9.865198135375977,51.41803401293712,8.21828870209257,477.4906311035156,0
frame_001224.png,1763498627.961229,-0.02866188411732527,-0.014521393122482807,0.9943416429940907,-0.10125375325606362,-0.023117826923112827,0.05997605144465106,-2.939325855370163,0.0305480994284153,-0.12118357419967651,0.017357513308525085,-0.43719282746315,-0.24654245376586914,9.76383113861084,51.41803368010783,8.218285228903694,477.4771728515625,1456
frame_001225.png,1763498628.213233,-0.02203489729689731,-0.030160301063662687,0.9945267228674588,-0.09757774871033473,-0.05578810124155459,0.0497350382987246,-2.947377151243174,-0.1228034496307373,0.003047853708267212,-0.028882429003715515,-0.4719454050064087,-0.5395117998123169,9.744522094726562,51.41803337910658,8.218281466337805,477.4593200683594,1446
frame_001226.png,1763498628.453233,-0.024894005276066087,-0.02839585847809982,0.9947097034850544,-0.09553308073794158,-0.05183636532450146,0.05497779630650479,-2.9515232581940376,0.1853036880493164,-0.04383768141269684,-0.006654873490333557,-0.6066786050796509,-0.4277726411819458,9.603266716003418,51.41803280906845,8.218273808392555,477.4569091796875,1442
frame_001227.png,1763498628.713272,-0.014352078103387978,-0.020546698945208428,0.995028582774336,-0.09638449293670402,-0.03815190167380113,0.03252795801762241,-2.9490837192517,-0.13751643896102905,-0.05900915712118149,0.02536461129784584,-0.32350215315818787,-0.4275699555873871,9.70528793334961,51.41803250257596,8.218270017224498,477.44293212890625,1467
frame_001228.png,1763498628.953273,-0.018760264785941907,-0.0257346964894188,0.9950627171183897,-0.09399982373774125,-0.04774895889235536,0.042185905553602215,-2.954226713111226,0.12001115083694458,0.013770006597042084,-0.054962098598480225,-0.49059009552001953,-0.680040717124939,10.1282320022583,51.41803216644315,8.21826634748121,477.4373779296875,1454
frame_001229.png,1763498629.213228,-0.013952818327536415,-0.01485082653328014,0.9954370402147146,-0.0932194764014798,-0.026980639659825077,0.030551829601605077,-2.9552559398829694,0.006000906229019165,-0.030686259269714355,-0.0166492760181427,-0.17767111957073212,-0.19206514954566956,9.863665580749512,51.418031382274606,8.21825911308241,477.4202880859375,1450
frame_001230.png,1763498629.453267,-0.013256314377836118,-0.018136359209148425,0.9952934591002276,-0.09426702963420576,-0.033624005420704824,0.029811582953636877,-2.9532317175427316,-0.0183180570602417,0.02839912474155426,0.037311751395463943,-0.3715704381465912,-0.31006374955177307,9.675137519836426,51.41803096048788,8.218255541765275,477.4326477050781,1444
frame_001231.png,1763498629.965456,-0.014960521346285376,-0.008518157083554427,0.99547110932195,-0.09349275001984517,-0.014169209082414149,0.03138345687543229,-2.954528197272879,0.0074967145919799805,-0.1541292667388916,0.02636195719242096,-0.43269214034080505,-0.11569110304117203,9.539770126342773,51.4180300137611,8.218248691652613,477.4149169921875,1473
frame_001232.png,1763498630.213225,-0.019979504006952024,-0.0036403826531616504,0.9949660419916687,-0.09813328852743006,-0.003325536249174306,0.04048339865979759,-2.945036332451735,0.08063419163227081,0.08872812986373901,0.03185552358627319,-0.145044207572937,-0.11419638246297836,9.571434020996094,51.41802945589749,8.218245328046377,477.40948486328125,1520
frame_001233.png,1763498630.461373,-0.021063047832278272,-0.011413785704224222,0.9944990995127349,-0.1019686941186987,-0.018425522994119776,0.04423648792547529,-2.9376489546824835,-0.14678549766540527,-0.17418420314788818,-0.0715390294790268,-0.41855981945991516,-0.055085957050323486,10.060342788696289,51.41802840264951,8.218238645308372,477.3857421875,1569
frame_001234.png,1763498630.713234,-0.012178407470670357,-0.00882185374854947,0.9953219968266372,-0.09543575808339859,-0.015242372864559223,0.025929619795622444,-2.9506061459554047,0.16107052564620972,0.06869381666183472,-0.027037441730499268,-0.11090733110904694,-0.01656901277601719,9.682838439941406,51.418027832933404,8.218235206218857,477.3843994140625,0
frame_001235.png,1763498630.96125,-0.02914364979336323,0.02099033903899053,0.9952023986327355,-0.09100680798379754,0.04717058099173203,0.05421368573554301,-2.9579296564487976,0.1469860076904297,0.10186541080474854,-0.01862630993127823,-0.29284432530403137,0.3705797493457794,10.114269256591797,51.418027022574464,8.218231822592555,477.38287353515625,0
frame_001236.png,1763498631.217275,-0.031678022288720624,0.0068115841037754395,0.995425548357004,-0.08987815587800145,0.019293296811233894,0.06188128622063164,-2.9609014664075954,-0.11650896072387695,0.028701603412628174,-0.039358608424663544,-0.43175753951072693,0.13414420187473297,9.799589157104492,51.418026277433455,8.218228493052775,477.3690490722656,1604
frame_001237.png,1763498631.461294,-0.03155491898615713,0.005936172428663502,0.9957560148085163,-0.08624968357818057,0.017299109139874123,0.06185745521251259,-2.9682541521350507,0.049870580434799194,-0.09927833080291748,-0.07050859928131104,-0.4184798002243042,0.03729904443025589,9.984210014343262,51.41802491346159,8.218221658053746,477.38818359375,1596
frame_001238.png,1763498631.705467,-0.012690562291041804,0.015857911911770026,0.9964587827761382,-0.08159271099082789,0.03368948047597046,0.022705415318590827,-2.9778093212722303,-9.820610284805298e-05,-0.12699496746063232,-0.055511876940727234,-0.13744999468326569,0.1179213672876358,9.811570167541504,51.41802422856567,8.218218060450848,477.39300537109375,1588
frame_001239.png,1763498632.205462,-0.013850137187664039,0.01095614273640447,0.9969300869879403,-0.07627934382544338,0.02396833713037933,0.02594669343963626,-2.9885507867445558,0.01126309484243393,0.03926360607147217,-0.009130895137786865,-0.276531457901001,-0.29965463280677795,9.640856742858887,51.41802316423162,8.218210689125975,477.3986511230469,1584
frame_001240.png,1763498632.709205,-0.007210551424189782,-0.018224150326675504,0.9963936095484943,-0.08255702964589114,-0.03513882646859157,0.017379032978972277,-2.976564005978973,-0.1157224178314209,-0.46919727325439453,0.04687049984931946,-0.9358065128326416,-0.22216163575649261,10.091389656066895,51.41802249253673,8.218199890138417,477.4183349609375,0
frame_001241.png,1763498632.961255,0.04040474975094423,-0.015916444307378548,0.9950915057242639,-0.08892141605704994,-0.03898969694587747,-0.07766026047369524,-2.961831086909596,0.04483669996261597,-0.343372106552124,0.054477959871292114,0.05646434798836708,-0.31631216406822205,9.897422790527344,51.41802238262292,8.218196278752426,477.4109802246094,1525
frame_001242.png,1763498633.213479,0.06743139437919159,-0.012485787529990999,0.9933417653941543,-0.09257023973966294,-0.037625891119922074,-0.13203652802255217,-2.9532600492306065,-0.0013568401336669922,-0.09678798913955688,0.01012573391199112,-0.03174459561705589,-0.23028098046779633,9.85048770904541,51.41802228163747,8.218192791245686,477.3836364746094,1509
frame_001243.png,1763498633.457517,0.043943468627121965,0.0008010416628478779,0.9945120976521559,-0.0949421798821804,-0.006776964526570424,-0.08766898625587698,-2.950940106606889,-0.054759517312049866,0.011476337909698486,0.033310920000076294,-0.9065055847167969,0.8354607224464417,10.4951753616333,51.41802198325391,8.218187824314219,477.3578186035156,1494
frame_001244.png,1763498633.709457,0.04917374318952386,-8.518668488752256e-05,0.9943171302257504,-0.0944212913679304,-0.00950116616319575,-0.09792895292334478,-2.9517729838675115,0.07785499095916748,0.003995425999164581,0.007855325937271118,0.01977286860346794,-0.10528074204921722,9.964900970458984,51.41802179249123,8.218186346742018,477.3551330566406,1454
frame_001245.png,1763498633.957237,0.03941877026960497,0.0014496829168230939,0.9950692493313853,-0.09100136265433718,-0.0043026166008566895,-0.07879416575206837,-2.9590258380428773,-0.04998117685317993,0.10568946599960327,-0.016376115381717682,0.1716417819261551,-0.146331325173378,9.934975624084473,51.418021684570384,8.218185452937782,477.3478698730469,1433
frame_001246.png,1763498634.209223,0.027348310237238178,-0.0013123369566468536,0.9918650494430448,-0.1243144054091338,-0.009416740800050586,-0.05395155101011419,-2.8919708983492987,0.16434192657470703,0.10841143131256104,1.0234737396240234,0.24006682634353638,-0.19280961155891418,10.199336051940918,51.41802164728746,8.218185221327696,477.35406494140625,1450
frame_001247.png,1763498634.46134,0.02489264289883699,-0.03237516945119057,0.9608741101964193,-0.27395829807975713,-0.07596343557988418,-0.030103045870033915,-2.58496017068345,-0.12931281328201294,0.44942235946655273,0.20567941665649414,0.9511456489562988,-1.6747019290924072,9.514162063598633,51.41802230355347,8.218183627954255,477.39141845703125,1440
frame_001248.png,1763498634.709353,-0.06204854291318944,0.004967920363740819,0.960199784459621,-0.27228968400089465,0.04364143110992557,0.11671739354961366,-2.586399085756752,0.6625604629516602,0.3838207721710205,-0.058648109436035156,-1.1817256212234497,-0.011802840046584606,10.836211204528809,51.41802227604762,8.218184026182788,477.40966796875,0
frame_001249.png,1763498634.961335,-0.038680167345017565,0.015877505394622474,0.9604859390854676,-0.27516996619491796,0.051922481966609584,0.06561255542476681,-2.5818542402496205,-0.36449623107910156,-0.5767626762390137,-0.04874101281166077,-0.23135343194007874,0.03639306500554085,10.14142894744873,51.41802209239164,8.218184625915478,477.4029541015625,1390
frame_001250.png,1763498635.213244,0.01664225132198236,-0.0029534291899282607,0.9619033964829647,-0.2728665764828891,-0.014771421609371185,-0.030409378448498368,-2.588544137309275,-0.015518621541559696,0.08826690912246704,-0.0691441148519516,0.25056034326553345,-0.2243976593017578,9.524292945861816,51.41802199421534,8.218184392362504,477.3918151855469,0
frame_001251.png,1763498635.713234,-0.004370401547403613,-0.0031460399324640194,0.9611845069188801,-0.27585384840920224,-0.0036368603999898286,0.010137392588215534,-2.5826469561877285,-0.10532212257385254,0.060065776109695435,0.03768195956945419,0.020041437819600105,-0.012588562443852425,9.798691749572754,51.41802193681053,8.21818413879997,477.4018859863281,1484
frame_001252.png,1763498635.953219,-0.00480512320589453,-0.0043069492513825745,0.9615606389234453,-0.2745168458442173,-0.00564502136382681,0.011605755462331323,-2.5854391059182196,0.10231590270996094,-0.05229455232620239,-0.00467543862760067,-0.06514780968427658,-0.12138114124536514,9.992901802062988,51.41802194429883,8.21818402517691,477.41766357421875,1488
frame_001253.png,1763498636.213476,0.003812800369027003,-0.0019156319494415981,0.9611219494460146,-0.2760912733149545,-0.0057878197766736365,-0.006271394828130282,-2.582119429593406,0.0040481239557266235,-0.03653605282306671,0.04738930985331535,0.06038141995668411,-0.14456580579280853,9.722708702087402,51.418021952736005,8.21818393245446,477.4076843261719,1483
frame_001254.png,1763498636.461442,0.000838785660737593,-0.003926559565759567,0.9609337630459662,-0.27674931184541485,-0.008010680964741312,0.0005613104222401257,-2.580770979408342,-0.02029486373066902,0.08181953430175781,0.00048673897981643677,0.09864536672830582,-0.09127852320671082,9.742746353149414,51.418021958614034,8.218183649253131,477.4029846191406,1452
frame_001255.png,1763498636.709203,0.0012264672589146972,0.0009625462225899764,0.960953410812793,-0.27670582127973314,0.0011711880491813592,-0.0028898440997669936,-2.580864882427729,0.040316224098205566,-0.07878333330154419,0.02645103633403778,0.012357832863926888,-0.06915520876646042,9.906657218933105,51.41802194493755,8.218183544437306,477.406005859375,1469
frame_001256.png,1763498636.96127,0.0060636563211096855,0.0030260360968832893,0.9604889496066693,-0.2782356067455008,0.0024389174514496425,-0.013332446739592007,-2.577682226742859,-0.01482553780078888,0.020779043436050415,0.048252999782562256,0.1461823731660843,-0.07366137206554413,9.78385066986084,51.41802196153257,8.21818348447259,477.3891906738281,1465
frame_001257.png,1763498637.213219,-0.0010920261574073194,-0.010866887859014993,0.9603456738779437,-0.27859810640248334,-0.020265525177271385,0.00815252425953028,-2.5769724322226297,-0.09867709875106812,0.07564198970794678,-0.006057355552911758,-0.03860192745923996,-0.18168611824512482,9.767419815063477,51.41802197475642,8.218183408324066,477.3906555175781,1439
frame_001258.png,1763498637.453272,0.0012026418124695523,-0.012753929322148085,0.9603515010769932,-0.27849754993299775,-0.025169322481981823,0.004793976759425742,-2.577146567884459,0.08735042810440063,-0.04255630075931549,-0.025060296058654785,0.1121392473578453,-0.15651993453502655,9.772579193115234,51.41802208588873,8.218183396908934,477.4107666015625,1483
frame_001259.png,1763498637.705234,-0.003433953998279966,-0.0034919431511506315,0.9601538057141066,-0.2794292104732152,-0.0047867039706173935,0.008545853854887464,-2.575206949909477,0.02767220139503479,0.04613006114959717,0.025883711874485016,-0.028170110657811165,-0.04770297557115555,9.87959098815918,51.41802207645713,8.218183486456311,477.40179443359375,1473
frame_001260.png,1763498637.957229,-0.005919568930236467,-0.00011726669648756541,0.960630106571412,-0.2777674266374653,0.0030634322139368275,0.011438427429456104,-2.578626400561278,0.09015560150146484,-0.06072632968425751,-0.002761624753475189,0.012083075009286404,-0.1480223685503006,9.777793884277344,51.41802206718985,8.218183588144706,477.40289306640625,1467
frame_001261.png,1763498638.461261,-0.0034613942112181302,-0.006656726741597946,0.9614787877946035,-0.27477672274088705,-0.010899177551384627,0.010314524228756757,-2.584917818567399,0.04940897226333618,0.004841208457946777,-0.01814010739326477,0.046872131526470184,-0.24186068773269653,9.836562156677246,51.41802214480566,8.218183931318661,477.3962097167969,1455
frame_001262.png,1763498638.71324,-0.006044847350933764,0.0006285535654113726,0.9611984734363715,-0.2757907891944697,0.004542860232318474,0.011274136357863049,-2.582731845906763,0.030368298292160034,0.07422304153442383,0.0061092376708984375,0.06265097111463547,-0.048825737088918686,9.970377922058105,51.418022223930855,8.218184001811625,477.3880615234375,1471
frame_001263.png,1763498638.961248,-0.0057181511386861705,-0.002634428258687293,0.9601102382805383,-0.2795508770943008,-0.0018618001970682153,0.012453346252392247,-2.5749400959105193,-0.08416491746902466,0.003408670425415039,0.01546718180179596,0.03677114099264145,-0.19251681864261627,10.004154205322266,51.41802230974384,8.218183950857268,477.3799133300781,1451
frame_001264.png,1763498639.213291,0.0016542891243269918,-0.01135915463225456,0.9600214858864424,-0.27969086429470813,-0.022737518069039977,0.0031778026955276337,-2.5746461769942397,-0.020801395177841187,-0.018271178007125854,-0.027646929025650024,0.05415719747543335,-0.2544669806957245,9.821776390075684,51.41802242961891,8.218183819901535,477.38531494140625,1462
frame_001265.png,1763498639.457419,-0.00025387812359741374,-0.015283214900997487,0.9607816935621045,-0.27688426499915547,-0.02923241061232032,0.008951325895332133,-2.58055600052153,0.026748500764369965,0.04894149303436279,-0.03311328589916229,0.008010189048945904,-0.2132195383310318,9.751849174499512,51.41802263260981,8.218183634031469,477.3927001953125,1461
frame_001266.png,1763498639.713239,-0.001306844572103577,-0.016687663743743232,0.9610232648129302,-0.2759603205613749,-0.031360486140977493,0.011722350613227104,-2.582518665664637,0.007784835994243622,0.00548398494720459,0.06425997614860535,-0.004893274512141943,-0.1511819064617157,9.794112205505371,51.418022665681015,8.21818359763694,477.3938293457031,1467
frame_001267.png,1763498639.953268,-0.0008180163080095883,-0.013995322988075253,0.9610273575259918,-0.2760975912071473,-0.02645230057628221,0.009300556115117153,-2.582196213717602,0.08874034881591797,-0.05115661025047302,0.026492951437830925,-0.1316421777009964,-0.1957942098379135,9.906376838684082,51.41802263875469,8.218183624448761,477.38873291015625,1467
frame_001268.png,1763498640.205241,0.004865315473938842,-0.002821783174108835,0.9606912579361121,-0.27756201680018816,-0.008122913673432642,-0.007781770966801669,-2.579040947287291,-0.02034616470336914,0.04613816738128662,-0.06577285379171371,0.041449546813964844,-0.12043645977973938,9.889945983886719,51.41802256960683,8.218183677400523,477.37603759765625,1463
frame_001269.png,1763498640.461217,-0.004411858807357927,0.0017626972605354382,0.9615553277155708,-0.27457017343847256,0.005812788501333674,0.007516595277674044,-2.5852790268914787,0.01256793737411499,0.09002542495727539,-0.06526356935501099,0.09163951128721237,-0.09091855585575104,9.918021202087402,51.41802236432763,8.2181841313894,477.369384765625,1463
frame_001270.png,1763498640.709231,-0.011573722950306628,-0.0014782295208629818,0.9611908256309305,-0.27563755277081414,0.0035395329735113,0.023066069076026853,-2.5830070192009713,-0.09012746810913086,-0.022294512018561363,-0.014576926827430725,-0.026042811572551727,-0.14682097733020782,9.895123481750488,51.41802231495947,8.218184422618007,477.367431640625,1463
frame_001271.png,1763498640.957249,-0.006908588680323053,-0.008151772616195175,0.9609833554612371,-0.27639972961658554,-0.011850523055297553,0.017785310575719807,-2.5815734634294425,-0.0032915621995925903,-0.05944225192070007,0.02585945650935173,0.05070647597312927,-0.2768206000328064,9.821552276611328,51.41802228738759,8.218184563613585,477.3729248046875,1457
frame_001272.png,1763498641.20922,-0.008942094377486078,-0.003079806436800261,0.9614678268060189,-0.2747547483800182,-0.0010086839261706324,0.01888857813433041,-2.584907368938857,0.021448463201522827,0.005340712144970894,-0.07266592979431152,-0.022852979600429535,-0.23764768242835999,9.932040214538574,51.41802231196031,8.218184646993171,477.3757019042969,1457
frame_001273.png,1763498641.461224,0.004980983271168834,-0.0020197549760964354,0.9610671487303557,-0.2762626395783425,-0.006634645483785011,-0.008458253951720276,-2.5817498433019335,-0.1549903154373169,-0.06155461072921753,0.03533655405044556,0.22097556293010712,0.009695279411971569,9.792243003845215,51.41802230906099,8.21818461747433,477.3681640625,1451
frame_001274.png,1763498641.709266,0.0032909191412846908,-0.012783289438638176,0.9598752094189119,-0.28011665374506667,-0.026387479320046706,0.0008438812231288869,-2.5737216862474215,-0.0018933117389678955,0.13167405128479004,0.05156873166561127,-0.1285400390625,-0.31304222345352173,9.68085765838623,51.4180223779282,8.218184433121301,477.3681945800781,1474
frame_001275.png,1763498641.957213,-0.007604834455947096,-0.012681112852629439,0.9595360186579999,-0.2811974124483917,-0.02006513172155789,0.02172772694340401,-2.5716632939774917,-0.006369315087795258,0.026298224925994873,0.014634229242801666,-0.3341817259788513,-0.08971700817346573,9.962003707885742,51.4180224548927,8.218184347036894,477.3780517578125,1521
frame_001276.png,1763498642.461276,-0.02394613373559063,-0.0007340071244391354,0.9617040725356679,-0.27304087749084266,0.011677626109167092,0.04647574599136915,-2.588053048322521,0.016643375158309937,-0.00011166930198669434,-0.04223421961069107,-0.3800384998321533,-0.14441949129104614,9.915666580200195,51.41802258720689,8.218185010775802,477.3810729980469,1666
frame_001277.png,1763498642.709249,-0.0259035017426565,-0.00158160798083903,0.9620063306055927,-0.27179096193292807,0.011052079111312403,0.050720142573518555,-2.5906148785242604,-0.011335194110870361,0.02399134635925293,0.004470575600862503,-0.38150641322135925,-0.15698139369487762,9.897591590881348,51.418022645868476,8.218185330446138,477.383544921875,1741
frame_001278.png,1763498643.20924,-0.0028642200408285873,-0.01815749061400926,0.9623931171200508,-0.2710379860796491,-0.03340681467256157,0.015356354225672575,-2.5928115801420613,-0.061761438846588135,-0.09624260663986206,0.006512820720672607,0.283179372549057,-0.2945225238800049,9.734110832214355,51.41802285595024,8.218185686559751,477.39935302734375,1845
frame_001279.png,1763498643.713292,-0.03764561554338084,-0.0014087965728904685,0.9674585462740326,-0.25020948056361036,0.016157132805948105,0.07361259765041417,-2.6348373071282314,-0.09597450494766235,0.04365763068199158,-0.03789329528808594,-0.2298487275838852,-0.035898126661777496,10.035351753234863,51.41802301267166,8.218186093393577,477.3870544433594,1977
frame_001280.png,1763498644.209259,-0.013726032906028699,-0.011712137602483439,0.9696673665665277,-0.24376139987573578,-0.01603106744143917,0.032334940807524505,-2.649285285573014,-0.024360522627830505,-0.1678452491760254,0.03528269752860069,-0.11061325669288635,-0.17819304764270782,9.77455997467041,51.41802295517791,8.218185843918983,477.41241455078125,2127
frame_001281.png,1763498644.705242,0.021356928792818315,-0.007896522344142383,0.9724303119359483,-0.2320793290139418,-0.0252914762747353,-0.03788006900788216,-2.6725601270024213,-0.09029558300971985,0.039529114961624146,-0.3480565547943115,0.084102101624012,0.027418851852416992,9.6984281539917,51.41802253003116,8.218183942585433,477.4033508300781,2226
frame_001282.png,1763498645.20522,0.04608476283829778,0.00306997626525589,0.9669567547239224,-0.2507217668525191,-0.0172437053150801,-0.090788033351246,-2.633404406247686,-0.04163435101509094,-0.49652528762817383,1.3734197616577148,0.9713353514671326,-0.1335906833410263,9.996153831481934,51.41802208025898,8.218184066747463,477.41552734375,2254
frame_001283.png,1763498645.457304,0.06027394263692373,-0.009852142474903137,0.9280798079641012,-0.36733888601259207,-0.06295604332087995,-0.10483181451391864,-2.3845186121830446,-0.13569241762161255,0.17780768871307373,1.603398323059082,0.27214935421943665,-0.003492924617603421,9.737138748168945,51.4180221232484,8.218182746860853,477.3826904296875,2342
frame_001284.png,1763498645.709421,-0.02855142722150016,0.04145132655414337,-0.8327256042507403,0.551393390924988,-0.10069153048155528,-0.0018390349930510748,-1.971754771023029,-0.02057744562625885,0.14053666591644287,1.6161251068115234,-0.3601951599121094,-0.10619497299194336,10.057912826538086,51.418022152610895,8.218181472578125,477.4127502441406,2430
frame_001285.png,1763498645.957492,-0.01205755742977735,0.04135313109252147,-0.709472481366674,0.7034154761171285,-0.07577712961025285,0.04107940714447891,-1.5809276136616937,0.17013072967529297,-0.06131342053413391,1.55609130859375,-0.22321568429470062,-0.17290319502353668,9.918339729309082,51.41802170172388,8.218180778873018,477.43756103515625,2486
frame_001286.png,1763498646.453286,0.011804533322345876,0.03390734002258096,-0.38529803478681035,0.9220934712246132,-0.004370336188538136,0.07168939129705895,-0.791757040279267,-0.023800402879714966,0.07583397626876831,1.4167814254760742,-0.28779250383377075,0.08644473552703857,9.78170108795166,51.41801814937783,8.218183900681746,477.4239807128906,2644
frame_001287.png,1763498646.70927,0.01716354994192077,0.03575001430677772,-0.27371633169107973,0.9609925695841958,0.013458884474119642,0.07818652048840435,-0.5544312890057991,0.10477787256240845,-0.075711190700531,0.5877203941345215,-0.24673521518707275,0.01009646337479353,9.895964622497559,51.41801673957806,8.218186832068913,477.41693115234375,2682
frame_001288.png,1763498646.961532,0.03202563215295706,0.02736326232807456,-0.24136160706355966,0.9695205956531632,0.04902494211266727,0.06857173456602851,-0.4862974507228944,0.10196399688720703,0.013924233615398407,0.11695849895477295,-0.15720146894454956,0.23411312699317932,9.884001731872559,51.41801586532294,8.218190158083729,477.40478515625,0
frame_001289.png,1763498647.459154,0.033687334665384455,0.021476659722853755,-0.22531725014759577,0.9734660001028371,0.05602916398395684,0.05702517268145483,-0.45330847454851514,-0.03476744890213013,-0.09794247150421143,0.05469319224357605,-0.38203561305999756,0.3012843430042267,10.009705543518066,51.41801378911953,8.218201005560875,477.4201965332031,0
frame_001290.png,1763498647.957251,0.03987860725125736,0.00683783193281426,-0.225586106743128,0.9733826838313062,0.07465513268185024,0.03130888872180266,-0.45429943775687787,0.0008665621280670166,-0.054659873247146606,-0.01695592701435089,-0.17058947682380676,0.49181675910949707,9.571770668029785,51.418012046622486,8.218208513702379,477.4466552734375,2978
frame_001291.png,1763498648.457237,0.03307906931443396,0.002769699962655278,-0.23470581533569435,0.9714995029247389,0.0630279613027147,0.02091074801206447,-0.47343889163971686,0.009490281343460083,-0.0069976747035980225,-0.03041592240333557,-0.20646120607852936,0.5027965903282166,9.764822006225586,51.41800912350813,8.218219495308904,477.431640625,0
frame_001292.png,1763498648.705258,0.034245001749642234,0.0062846625025060904,-0.23541159134701098,0.9712719318151146,0.06363191152535863,0.028335364852694642,-0.4746760925064826,-0.029851913452148438,0.1152721643447876,0.0358162522315979,-0.21914316713809967,0.6365776658058167,9.714241027832031,51.41800807948556,8.218222936840306,477.41766357421875,2906
frame_001293.png,1763498649.205212,0.040272139296937765,0.0011002276319487655,-0.2345246120097172,0.9712750128863079,0.07781026240133986,0.02102841264083192,-0.47303252225763354,-0.002278164029121399,0.04917845129966736,-0.07713761925697327,-0.5020529627799988,0.39370644092559814,9.793906211853027,51.418005915724706,8.21822986953863,477.405029296875,0
frame_001294.png,1763498649.465255,0.037074307748577985,0.014089233322222061,-0.2363260433152727,0.9708640432420512,0.0654415138619125,0.04489578968781183,-0.4760793303355034,-0.10568475723266602,0.17126679420471191,0.0051953792572021484,-0.4804169535636902,0.8144123554229736,9.694726943969727,51.418004049826756,8.218236438190095,477.3896179199219,0
frame_001295.png,1763498649.957251,0.047031442451073636,0.020281952288402523,-0.2311250536011046,0.9715749561563579,0.08226032521912605,0.061189339505401924,-0.4645732818378405,0.05537170171737671,-0.11244451999664307,0.0382503867149353,-0.38305842876434326,0.9467810392379761,9.64934253692627,51.41800211725561,8.218242586578251,477.396240234375,0
frame_001296.png,1763498650.457252,0.05774722742635865,0.0029134958428045908,-0.22950059906167203,0.9715895451768077,0.11116211286368859,0.032173040901543194,-0.46212923563066377,0.0368887260556221,-0.02765834331512451,0.002368014305830002,-0.3596431612968445,0.9109799861907959,9.901628494262695,51.41799938549014,8.218252573034723,477.3625793457031,0
frame_001297.png,1763498650.70526,0.05446479822616678,0.007564768677594221,-0.23204013121242784,0.971150728535976,0.10253777573302594,0.039979748701305454,-0.4670202490802663,-0.07326376438140869,0.03311365842819214,-0.008085548877716064,-0.5615899562835693,0.9129122495651245,9.833645820617676,51.41799851873025,8.218255902189208,477.3564758300781,0
frame_001298.png,1763498650.961199,0.05270173295770728,0.018744885257852957,-0.2318450166559879,0.9711431639422219,0.09398220253653922,0.06088280824453266,-0.46583147678199827,0.07614117860794067,0.0559459924697876,-0.015005125664174557,-0.665926456451416,0.7748939394950867,9.747045516967773,51.41799766908561,8.21825902942734,477.3731689453125,0
frame_001299.png,1763498651.457208,0.05965447212749074,0.008829045519221949,-0.2355277975205993,0.969994870350099,0.11191787821913482,0.0452442651758943,-0.4738720918698827,-0.03928697109222412,-0.023413360118865967,0.04349584877490997,-0.4998677670955658,0.9361534714698792,9.77069091796875,51.417995260431404,8.218268305081391,477.3779296875,2917
frame_001300.png,1763498651.957223,0.04911049129176347,0.03211818931667673,-0.23088035898080544,0.9712110179549005,0.08094380666086426,0.08516729678283731,-0.46333318287419406,0.08354640007019043,0.008939981460571289,-0.027695510536432266,-0.5481229424476624,0.8170782923698425,9.900376319885254,51.41799332896163,8.218273985571068,477.3910217285156,2935
frame_001301.png,1763498652.2132,0.0586099782481092,0.01951992711818875,-0.23243833820419055,0.9706473416374926,0.1051212346633637,0.06518649876065014,-0.4666519298272625,0.07400903105735779,-0.06981545686721802,-0.007804471999406815,-0.42134085297584534,1.0484551191329956,9.768915176391602,51.41799235430645,8.218276901681888,477.38232421875,2903
frame_001302.png,1763498652.461526,0.05645363195151826,0.011072094896722343,-0.2318986883969878,0.9710372775922854,0.1048127742365892,0.047703971196227116,-0.4663464996787405,-0.03594415262341499,-0.010341480374336243,-0.032196640968322754,-0.3963741362094879,1.0387959480285645,9.809682846069336,51.4179904105645,8.218283101783777,477.37615966796875,0
frame_001303.png,1763498652.957217,0.058017162412059925,0.006588769683708534,-0.23104983383724978,0.9711882264852097,0.10995402917042765,0.039617945677614015,-0.4649443575229383,-0.10715726017951965,-0.14780032634735107,-0.012197194620966911,-0.2651272714138031,1.0135173797607422,9.711848258972168,51.41798846026414,8.218289677868713,477.3726806640625,0
frame_001304.png,1763498653.205212,0.05120885849767918,-0.0006879735487626944,-0.23347529245699924,0.9710131138743079,0.09996202447458924,0.0225778619182638,-0.4708020377845459,0.09685975313186646,0.07519197463989258,0.004320800304412842,-0.057304318994283676,0.864176332950592,9.75394344329834,51.417987449305016,8.218293045588455,477.37579345703125,0
frame_001305.png,1763498653.457209,0.06004207668470921,-0.0037618933737982776,-0.23610133603474626,0.9698644009902825,0.11854539755825343,0.021056532084401752,-0.47633579522683556,0.0760686993598938,0.025675296783447266,0.0019237697124481201,-0.26724180579185486,0.8117884397506714,9.746410369873047,51.41798545032055,8.218299630650218,477.37030029296875,0
frame_001306.png,1763498653.961204,0.04679605246820571,0.015230345299370228,-0.22925292710712403,0.9721220404189335,0.08420898027813936,0.05108999555358724,-0.4610388022511933,0.030486881732940674,0.006818754598498344,-0.027092725038528442,-0.3315598666667938,0.4455207288265228,9.743326187133789,51.41798324193776,8.218305704300809,477.3890075683594,0
frame_001307.png,1763498654.465196,0.04235996815627247,0.01240663047842247,-0.23463503955639708,0.971080896130873,0.07659675017623449,0.04398813377134661,-0.47247141686965444,-0.08308964967727661,0.16316866874694824,-0.011465117335319519,-0.2191859483718872,0.9159672260284424,9.612631797790527,51.41797988289767,8.218314673208633,477.4127197265625,0
frame_001308.png,1763498654.705211,0.04671884603965037,0.02118351044731565,-0.23636798260715244,0.9703086030269322,0.08089892605634079,0.06323690161007907,-0.4753336685312589,0.04613882303237915,-0.09848755598068237,-0.03994791954755783,-0.5279303193092346,0.7737046480178833,9.856674194335938,51.417978804555624,8.21831761288285,477.4178466796875,0
frame_001309.png,1763498654.957218,0.04730787316294285,0.010249787094462328,-0.23757285397301986,0.9701628966603657,0.08711078575574972,0.042378743094652366,-0.4784596254077711,-0.03687460720539093,-0.11001861095428467,-0.029682893306016922,-0.287920743227005,0.8012765049934387,9.558835983276367,51.41797761661352,8.218320645786823,477.4209289550781,0
frame_001310.png,1763498655.209206,0.03467059775233772,0.0035641125038024437,-0.23615792620432388,0.9710894297871998,0.06571823470636899,0.023299724979901473,-0.47634963550307063,-0.057530879974365234,0.07131701707839966,-0.03987046331167221,-0.02073868364095688,0.7074905037879944,9.789308547973633,51.417976417087495,8.218323767857415,477.3998718261719,0
frame_001311.png,1763498655.713207,0.03812871862835749,-0.004190584522413035,-0.23756095125527862,0.9706149773498279,0.0760848220508362,0.00998106685336105,-0.4796886480268269,0.10343420505523682,-0.049266695976257324,-0.03656919300556183,0.00992659293115139,0.7346780300140381,9.84680461883545,51.41797276405235,8.218333465101377,477.3870544433594,0
frame_001312.png,1763498655.96524,0.04402552078258765,-0.008194616572536104,-0.24069064977264196,0.9695682610786486,0.08943667121835686,0.005302606976031127,-0.4864154961528283,-0.009372945874929428,0.002031102776527405,-0.04531286656856537,-0.1349157691001892,0.8101645708084106,9.790841102600098,51.41797165123926,8.218336915911642,477.37908935546875,0
frame_001313.png,1763498656.205195,0.039099094231684096,-0.0082681127194062,-0.24218441682048367,0.9694068327547745,0.07989598558646943,0.0029080568398658626,-0.48951624085335094,0.0024335086345672607,-0.014718174934387207,0.0023465901613235474,-0.09052222222089767,0.6162968277931213,9.749699592590332,51.41797057694133,8.218340274863609,477.3757629394531,0
frame_001314.png,1763498656.457211,0.03653133488238242,-0.009604162561833213,-0.24274758537148716,0.9693538215891603,0.07555825597236604,-0.0008838768138484862,-0.4907851299352346,-0.04711832106113434,0.051788121461868286,0.0004825964570045471,0.041160114109516144,0.6078445315361023,9.768204689025879,51.417968392540395,8.218346738171252,477.3681335449219,0
frame_001315.png,1763498657.213208,0.0336432660841938,-0.005725350162292991,-0.237251428580015,0.9708486548630787,0.06809514693432127,0.004846947851904622,-0.4791906278518426,-0.03488706052303314,0.010594382882118225,-0.015774518251419067,0.030018065124750137,0.6832680106163025,9.82145881652832,51.41796497485408,8.21835593824263,477.3714294433594,2411
frame_001316.png,1763498657.46521,0.029969792067082352,-0.004906986430983178,-0.23605118397457261,0.9712659633652486,0.06057155483170822,0.00461684839715385,-0.47668468326982283,0.02778591215610504,0.024537742137908936,-0.030342482030391693,0.02245991863310337,0.6100396513938904,9.827159881591797,51.41796276235349,8.218361846634044,477.3701171875,0
frame_001317.png,1763498657.957244,0.03505221998659711,-0.004163996900318247,-0.23430327838355475,0.971522504496187,0.07011919605693398,0.00833496322722611,-0.4730119147709123,0.0020321309566497803,0.01463257521390915,0.030536234378814697,0.04724808782339096,0.6542825102806091,9.934283256530762,51.417960697053545,8.218367930826671,477.364990234375,2326
frame_001318.png,1763498658.209199,0.03235271354135763,-0.010692470993371153,-0.2358514298692449,0.9711915753440201,0.06793831537157134,-0.005508035849830499,-0.4766584489763171,0.03277195245027542,0.0020568668842315674,-0.0001176595687866211,0.09592392295598984,0.5692087411880493,9.8330659866333,51.41795972299084,8.218371088896367,477.356689453125,0
frame_001319.png,1763498658.46121,0.03464562473933676,-0.007788610250479472,-0.238960970490806,0.9703796539596651,0.07102092975272566,0.0014420868824012024,-0.4828507460796911,0.04096633195877075,0.0335058867931366,-0.006727567873895168,-0.03189953416585922,0.5053561925888062,9.781588554382324,51.417957770175406,8.218377232494793,477.3381652832031,0
frame_001320.png,1763498658.965203,0.034117900391737746,0.00011797165467540042,-0.23467915686748209,0.9714739565667809,0.0662912136467892,0.0162434472713353,-0.47351965601358065,0.0849761962890625,0.025377213954925537,-0.007126547396183014,-0.11939263343811035,0.5583451390266418,9.789663314819336,51.41795586844198,8.218383243954323,477.3450927734375,2190
frame_001321.png,1763498659.209203,0.0381891194183663,-0.00488522008554758,-0.2339519695348879,0.9714855643464355,0.07656363462013764,0.008377095799727547,-0.4723172003143863,-0.01129312813282013,0.008945077657699585,0.000626683235168457,-0.016054218634963036,0.5992310047149658,9.738055229187012,51.417954888884424,8.218386149720311,477.35980224609375,2126
frame_001322.png,1763498659.465206,0.03346580166282588,-0.002638158077199234,-0.23544715597190513,0.9713072207009302,0.0663057639047124,0.010634132093451766,-0.4752778216061792,-0.027911633253097534,0.035023391246795654,-0.014089062809944153,-0.005992105696350336,0.431466668844223,9.736559867858887,51.417953017022235,8.2183918675856,477.36053466796875,2090
frame_001323.png,1763498659.713199,0.03116896611207246,0.00702953307837925,-0.23580722833224776,0.9712744371610259,0.05728635973965184,0.02835874753850536,-0.4755336328974457,0.012841755524277687,0.0722838044166565,0.017982278019189835,-0.03178570047020912,0.4868773818016052,9.763531684875488,51.41795201338602,8.218394676109515,477.3703918457031,2059
frame_001324.png,1763498660.465385,0.028655077656619805,-0.007140609393443622,-0.2379030939576848,0.9708398509060824,0.059070877694228516,-0.0002305130556450363,-0.4806333377431636,0.016249671578407288,-0.013621797785162926,0.0019409358501434326,0.219036266207695,0.65461665391922,9.938620567321777,51.417947910232535,8.218406756000238,477.34564208984375,1911
frame_001325.png,1763498660.713396,0.027657060329227524,-0.008181393724187006,-0.2308402171872681,0.9725641089098499,0.05760585756310231,-0.003145141352930762,-0.46617036314142596,0.02702637016773224,-0.019264452159404755,0.026427358388900757,0.27614301443099976,0.5653494000434875,9.953742027282715,51.41794681984196,8.218409947700755,477.3293151855469,1862
frame_001326.png,1763498660.961347,0.026890162346833373,-0.014474363500598955,-0.22729803411511768,0.9733462979112912,0.058968537638038054,-0.01595365092145912,-0.45929273651960034,0.03677818179130554,-0.06502646207809448,0.037709563970565796,0.30615130066871643,0.4573066234588623,10.032715797424316,51.417945640304865,8.218413066648713,477.34136962890625,1801
frame_001327.png,1763498661.205571,0.03483671908660107,-0.02095635979094047,-0.22372148892178126,0.973804872334399,0.07732673364625403,-0.0252300418482838,-0.4526180271584969,0.10802018642425537,0.04280248284339905,0.005661763250827789,0.4591805040836334,0.5135608315467834,9.787775993347168,51.417944578250385,8.218416364272123,477.3430480957031,1801
